time,child_frame_id,pose.pose.position.x,pose.pose.position.y,pose.pose.position.z,pose.pose.orientation.x,pose.pose.orientation.y,pose.pose.orientation.z,pose.pose.orientation.w,pose.covariance,twist.twist.linear.x,twist.twist.linear.y,twist.twist.linear.z,twist.twist.angular.x,twist.twist.angular.y,twist.twist.angular.z,twist.covariance
0.45874619483947754,,4.8443558003291844,-5.165224246387981,0.0,-0.0,0.0,0.9845922636395005,-0.17486587540524992,[ 0.00441259 -0.00192318 -0.00046821 -0.00192318  0.0023311   0.00056875
 -0.00046821  0.00056875  0.0007829   0.          0.          0.
  0.          0.          0.          0.          0.          0.
  0.          0.          0.          0.          0.          0.
  0.          0.          0.          0.          0.          0.
  0.          0.          0.          0.          0.          0.        ],0.0,0.0,0.0,0.0,0.0,0.0,[0. 0. 0. 0. 0. 0. 0. 0. 0. 0. 0. 0. 0. 0. 0. 0. 0. 0. 0. 0. 0. 0. 0. 0.
 0. 0. 0. 0. 0. 0. 0. 0. 0. 0. 0. 0.]
0.49602842330932617,,4.842980200894347,-5.1670700198271415,0.0,-0.0,0.0,0.9847108632523377,-0.1741967731986902,[ 0.00428601 -0.00174241 -0.0003914  -0.00174241  0.00229799  0.0005613
 -0.0003914   0.0005613   0.00078662  0.          0.          0.
  0.          0.          0.          0.          0.          0.
  0.          0.          0.          0.          0.          0.
  0.          0.          0.          0.          0.          0.
  0.          0.          0.          0.          0.          0.        ],0.0,0.0,0.0,0.0,0.0,0.0,[0. 0. 0. 0. 0. 0. 0. 0. 0. 0. 0. 0. 0. 0. 0. 0. 0. 0. 0. 0. 0. 0. 0. 0.
 0. 0. 0. 0. 0. 0. 0. 0. 0. 0. 0. 0.]
0.5160658359527588,,4.8454041576575575,-5.168605805507275,0.0,-0.0,0.0,0.9847442711793274,-0.17400781700686715,[ 0.00451928 -0.00197756 -0.00047482 -0.00197756  0.002363    0.00055472
 -0.00047482  0.00055472  0.00076143  0.          0.          0.
  0.          0.          0.          0.          0.          0.
  0.          0.          0.          0.          0.          0.
  0.          0.          0.          0.          0.          0.
  0.          0.          0.          0.          0.          0.        ],0.0,0.0,0.0,0.0,0.0,0.0,[0. 0. 0. 0. 0. 0. 0. 0. 0. 0. 0. 0. 0. 0. 0. 0. 0. 0. 0. 0. 0. 0. 0. 0.
 0. 0. 0. 0. 0. 0. 0. 0. 0. 0. 0. 0.]
0.5500473976135254,,4.848596512796866,-5.1695286072445015,0.0,-0.0,0.0,0.9847661702171486,-0.1738838405253627,[ 0.00421706 -0.00164168 -0.00035078 -0.00164168  0.00198253  0.0004657
 -0.00035078  0.0004657   0.00072696  0.          0.          0.
  0.          0.          0.          0.          0.          0.
  0.          0.          0.          0.          0.          0.
  0.          0.          0.          0.          0.          0.
  0.          0.          0.          0.          0.          0.        ],0.0,0.0,0.0,0.0,0.0,0.0,[0. 0. 0. 0. 0. 0. 0. 0. 0. 0. 0. 0. 0. 0. 0. 0. 0. 0. 0. 0. 0. 0. 0. 0.
 0. 0. 0. 0. 0. 0. 0. 0. 0. 0. 0. 0.]
0.565526008605957,,4.844089023453583,-5.170033659003545,0.0,-0.0,0.0,0.9848556683520409,-0.17337621669322156,[ 0.00425709 -0.00158498 -0.00040093 -0.00158498  0.00188235  0.00043845
 -0.00040093  0.00043845  0.00075085  0.          0.          0.
  0.          0.          0.          0.          0.          0.
  0.          0.          0.          0.          0.          0.
  0.          0.          0.          0.          0.          0.
  0.          0.          0.          0.          0.          0.        ],0.0,0.0,0.0,0.0,0.0,0.0,[0. 0. 0. 0. 0. 0. 0. 0. 0. 0. 0. 0. 0. 0. 0. 0. 0. 0. 0. 0. 0. 0. 0. 0.
 0. 0. 0. 0. 0. 0. 0. 0. 0. 0. 0. 0.]
0.5861670970916748,,4.843850320459537,-5.1699164562044775,0.0,-0.0,0.0,0.9847785792811868,-0.17381354892219222,[ 0.00410355 -0.0015494  -0.00036093 -0.0015494   0.00187811  0.00043395
 -0.00036093  0.00043395  0.00077057  0.          0.          0.
  0.          0.          0.          0.          0.          0.
  0.          0.          0.          0.          0.          0.
  0.          0.          0.          0.          0.          0.
  0.          0.          0.          0.          0.          0.        ],0.0,0.0,0.0,0.0,0.0,0.0,[0. 0. 0. 0. 0. 0. 0. 0. 0. 0. 0. 0. 0. 0. 0. 0. 0. 0. 0. 0. 0. 0. 0. 0.
 0. 0. 0. 0. 0. 0. 0. 0. 0. 0. 0. 0.]
0.6146044731140137,,4.840509325671191,-5.1696894195648,0.0,-0.0,0.0,0.9846230630380479,-0.17469236884756084,[ 0.00397272 -0.00134714 -0.00030877 -0.00134714  0.00179956  0.00035645
 -0.00030877  0.00035645  0.00072784  0.          0.          0.
  0.          0.          0.          0.          0.          0.
  0.          0.          0.          0.          0.          0.
  0.          0.          0.          0.          0.          0.
  0.          0.          0.          0.          0.          0.        ],0.0,0.0,0.0,0.0,0.0,0.0,[0. 0. 0. 0. 0. 0. 0. 0. 0. 0. 0. 0. 0. 0. 0. 0. 0. 0. 0. 0. 0. 0. 0. 0.
 0. 0. 0. 0. 0. 0. 0. 0. 0. 0. 0. 0.]
0.6342637538909912,,4.841318913905957,-5.167815825821653,0.0,-0.0,0.0,0.98475072289201,-0.17397130155190424,[ 0.00406707 -0.001408   -0.00035904 -0.001408    0.00177272  0.00044409
 -0.00035904  0.00044409  0.00074373  0.          0.          0.
  0.          0.          0.          0.          0.          0.
  0.          0.          0.          0.          0.          0.
  0.          0.          0.          0.          0.          0.
  0.          0.          0.          0.          0.          0.        ],0.0,0.0,0.0,0.0,0.0,0.0,[0. 0. 0. 0. 0. 0. 0. 0. 0. 0. 0. 0. 0. 0. 0. 0. 0. 0. 0. 0. 0. 0. 0. 0.
 0. 0. 0. 0. 0. 0. 0. 0. 0. 0. 0. 0.]
0.6547684669494629,,4.842655186245346,-5.167714963670229,0.0,-0.0,0.0,0.9845928419268771,-0.1748626192939919,[ 0.00404233 -0.00148193 -0.00037554 -0.00148193  0.00179933  0.00041861
 -0.00037554  0.00041861  0.00075489  0.          0.          0.
  0.          0.          0.          0.          0.          0.
  0.          0.          0.          0.          0.          0.
  0.          0.          0.          0.          0.          0.
  0.          0.          0.          0.          0.          0.        ],0.0,0.0,0.0,0.0,0.0,0.0,[0. 0. 0. 0. 0. 0. 0. 0. 0. 0. 0. 0. 0. 0. 0. 0. 0. 0. 0. 0. 0. 0. 0. 0.
 0. 0. 0. 0. 0. 0. 0. 0. 0. 0. 0. 0.]
0.6738920211791992,,4.84024330125412,-5.166533033019349,0.0,-0.0,0.0,0.9846877928480976,-0.1743271367743476,[ 0.00400326 -0.00135095 -0.00042359 -0.00135095  0.00177397  0.00042514
 -0.00042359  0.00042514  0.00077694  0.          0.          0.
  0.          0.          0.          0.          0.          0.
  0.          0.          0.          0.          0.          0.
  0.          0.          0.          0.          0.          0.
  0.          0.          0.          0.          0.          0.        ],0.0,0.0,0.0,0.0,0.0,0.0,[0. 0. 0. 0. 0. 0. 0. 0. 0. 0. 0. 0. 0. 0. 0. 0. 0. 0. 0. 0. 0. 0. 0. 0.
 0. 0. 0. 0. 0. 0. 0. 0. 0. 0. 0. 0.]
0.6926636695861816,,4.845068657606438,-5.167195695168336,0.0,-0.0,0.0,0.9845546258332096,-0.1750776649102582,[ 0.00404416 -0.00136393 -0.00030147 -0.00136393  0.001848    0.00041426
 -0.00030147  0.00041426  0.0007623   0.          0.          0.
  0.          0.          0.          0.          0.          0.
  0.          0.          0.          0.          0.          0.
  0.          0.          0.          0.          0.          0.
  0.          0.          0.          0.          0.          0.        ],0.0,0.0,0.0,0.0,0.0,0.0,[0. 0. 0. 0. 0. 0. 0. 0. 0. 0. 0. 0. 0. 0. 0. 0. 0. 0. 0. 0. 0. 0. 0. 0.
 0. 0. 0. 0. 0. 0. 0. 0. 0. 0. 0. 0.]
0.7084181308746338,,4.851044917849529,-5.174514011958447,0.0,-0.0,0.0,0.9846269368921752,-0.17467053313691044,[ 0.00400351 -0.00145093 -0.00029309 -0.00145093  0.00204019  0.00047444
 -0.00029309  0.00047444  0.00076358  0.          0.          0.
  0.          0.          0.          0.          0.          0.
  0.          0.          0.          0.          0.          0.
  0.          0.          0.          0.          0.          0.
  0.          0.          0.          0.          0.          0.        ],0.0,0.0,0.0,0.0,0.0,0.0,[0. 0. 0. 0. 0. 0. 0. 0. 0. 0. 0. 0. 0. 0. 0. 0. 0. 0. 0. 0. 0. 0. 0. 0.
 0. 0. 0. 0. 0. 0. 0. 0. 0. 0. 0. 0.]
0.7365999221801758,,4.853085558776398,-5.17683824635187,0.0,-0.0,0.0,0.9849048538429241,-0.17309658828714192,[ 0.00374816 -0.00159029 -0.00038825 -0.00159029  0.00208932  0.00048649
 -0.00038825  0.00048649  0.00072697  0.          0.          0.
  0.          0.          0.          0.          0.          0.
  0.          0.          0.          0.          0.          0.
  0.          0.          0.          0.          0.          0.
  0.          0.          0.          0.          0.          0.        ],0.0,0.0,0.0,0.0,0.0,0.0,[0. 0. 0. 0. 0. 0. 0. 0. 0. 0. 0. 0. 0. 0. 0. 0. 0. 0. 0. 0. 0. 0. 0. 0.
 0. 0. 0. 0. 0. 0. 0. 0. 0. 0. 0. 0.]
0.7606003284454346,,4.851250784008501,-5.173805552459738,0.0,-0.0,0.0,0.984809478154676,-0.17363839361360958,[ 0.00431131 -0.0018051  -0.00041092 -0.0018051   0.00213866  0.00047361
 -0.00041092  0.00047361  0.0007073   0.          0.          0.
  0.          0.          0.          0.          0.          0.
  0.          0.          0.          0.          0.          0.
  0.          0.          0.          0.          0.          0.
  0.          0.          0.          0.          0.          0.        ],0.0,0.0,0.0,0.0,0.0,0.0,[0. 0. 0. 0. 0. 0. 0. 0. 0. 0. 0. 0. 0. 0. 0. 0. 0. 0. 0. 0. 0. 0. 0. 0.
 0. 0. 0. 0. 0. 0. 0. 0. 0. 0. 0. 0.]
0.7755496501922607,,4.848211874293306,-5.175764980625736,0.0,-0.0,0.0,0.98487939742547,-0.17324137071393497,[ 0.00442929 -0.00173506 -0.00038487 -0.00173506  0.00189599  0.00044913
 -0.00038487  0.00044913  0.00074515  0.          0.          0.
  0.          0.          0.          0.          0.          0.
  0.          0.          0.          0.          0.          0.
  0.          0.          0.          0.          0.          0.
  0.          0.          0.          0.          0.          0.        ],0.0,0.0,0.0,0.0,0.0,0.0,[0. 0. 0. 0. 0. 0. 0. 0. 0. 0. 0. 0. 0. 0. 0. 0. 0. 0. 0. 0. 0. 0. 0. 0.
 0. 0. 0. 0. 0. 0. 0. 0. 0. 0. 0. 0.]
0.8009369373321533,,4.852931922222428,-5.178296156194825,0.0,-0.0,0.0,0.984877537304067,-0.17325194519507145,[ 0.00427926 -0.00156772 -0.00038714 -0.00156772  0.00184179  0.00041169
 -0.00038714  0.00041169  0.00077017  0.          0.          0.
  0.          0.          0.          0.          0.          0.
  0.          0.          0.          0.          0.          0.
  0.          0.          0.          0.          0.          0.
  0.          0.          0.          0.          0.          0.        ],0.0,0.0,0.0,0.0,0.0,0.0,[0. 0. 0. 0. 0. 0. 0. 0. 0. 0. 0. 0. 0. 0. 0. 0. 0. 0. 0. 0. 0. 0. 0. 0.
 0. 0. 0. 0. 0. 0. 0. 0. 0. 0. 0. 0.]
0.8171706199645996,,4.850375551750804,-5.176446542045445,0.0,-0.0,0.0,0.9847760407933426,-0.17382793066532456,[ 0.00407362 -0.00155682 -0.00044845 -0.00155682  0.00188336  0.00042889
 -0.00044845  0.00042889  0.00076424  0.          0.          0.
  0.          0.          0.          0.          0.          0.
  0.          0.          0.          0.          0.          0.
  0.          0.          0.          0.          0.          0.
  0.          0.          0.          0.          0.          0.        ],0.0,0.0,0.0,0.0,0.0,0.0,[0. 0. 0. 0. 0. 0. 0. 0. 0. 0. 0. 0. 0. 0. 0. 0. 0. 0. 0. 0. 0. 0. 0. 0.
 0. 0. 0. 0. 0. 0. 0. 0. 0. 0. 0. 0.]
0.8323178291320801,,4.855348108896686,-5.176838001022859,0.0,-0.0,0.0,0.9848339110431037,-0.17349976270745737,[ 0.00387565 -0.00164244 -0.00032525 -0.00164244  0.00198636  0.00042398
 -0.00032525  0.00042398  0.00071555  0.          0.          0.
  0.          0.          0.          0.          0.          0.
  0.          0.          0.          0.          0.          0.
  0.          0.          0.          0.          0.          0.
  0.          0.          0.          0.          0.          0.        ],0.0,0.0,0.0,0.0,0.0,0.0,[0. 0. 0. 0. 0. 0. 0. 0. 0. 0. 0. 0. 0. 0. 0. 0. 0. 0. 0. 0. 0. 0. 0. 0.
 0. 0. 0. 0. 0. 0. 0. 0. 0. 0. 0. 0.]
0.8546509742736816,,4.8590406362569265,-5.176443568765905,0.0,-0.0,0.0,0.9849023474950706,-0.17311084858754297,[ 0.00398839 -0.00165482 -0.00038667 -0.00165482  0.00201032  0.00046256
 -0.00038667  0.00046256  0.00070681  0.          0.          0.
  0.          0.          0.          0.          0.          0.
  0.          0.          0.          0.          0.          0.
  0.          0.          0.          0.          0.          0.
  0.          0.          0.          0.          0.          0.        ],0.0,0.0,0.0,0.0,0.0,0.0,[0. 0. 0. 0. 0. 0. 0. 0. 0. 0. 0. 0. 0. 0. 0. 0. 0. 0. 0. 0. 0. 0. 0. 0.
 0. 0. 0. 0. 0. 0. 0. 0. 0. 0. 0. 0.]
0.8838856220245361,,4.854624445522278,-5.176779945940778,0.0,-0.0,0.0,0.9848963238832399,-0.17314511601913654,[ 0.00423684 -0.00177594 -0.0004104  -0.00177594  0.00196959  0.00043775
 -0.0004104   0.00043775  0.00072211  0.          0.          0.
  0.          0.          0.          0.          0.          0.
  0.          0.          0.          0.          0.          0.
  0.          0.          0.          0.          0.          0.
  0.          0.          0.          0.          0.          0.        ],0.0,0.0,0.0,0.0,0.0,0.0,[0. 0. 0. 0. 0. 0. 0. 0. 0. 0. 0. 0. 0. 0. 0. 0. 0. 0. 0. 0. 0. 0. 0. 0.
 0. 0. 0. 0. 0. 0. 0. 0. 0. 0. 0. 0.]
0.9014863967895508,,4.854063225125277,-5.17757191417866,0.0,-0.0,0.0,0.9848317736535506,-0.1735118947000514,[ 0.0043877  -0.00175045 -0.00041883 -0.00175045  0.00202925  0.00041977
 -0.00041883  0.00041977  0.00069716  0.          0.          0.
  0.          0.          0.          0.          0.          0.
  0.          0.          0.          0.          0.          0.
  0.          0.          0.          0.          0.          0.
  0.          0.          0.          0.          0.          0.        ],0.0,0.0,0.0,0.0,0.0,0.0,[0. 0. 0. 0. 0. 0. 0. 0. 0. 0. 0. 0. 0. 0. 0. 0. 0. 0. 0. 0. 0. 0. 0. 0.
 0. 0. 0. 0. 0. 0. 0. 0. 0. 0. 0. 0.]
0.9275085926055908,,4.847937894520318,-5.172626814981699,0.0,-0.0,0.0,0.9847738642920959,-0.17384026060499508,[ 0.00402192 -0.00154944 -0.00044145 -0.00154944  0.00187316  0.00048192
 -0.00044145  0.00048192  0.00079676  0.          0.          0.
  0.          0.          0.          0.          0.          0.
  0.          0.          0.          0.          0.          0.
  0.          0.          0.          0.          0.          0.
  0.          0.          0.          0.          0.          0.        ],0.0,0.0,0.0,0.0,0.0,0.0,[0. 0. 0. 0. 0. 0. 0. 0. 0. 0. 0. 0. 0. 0. 0. 0. 0. 0. 0. 0. 0. 0. 0. 0.
 0. 0. 0. 0. 0. 0. 0. 0. 0. 0. 0. 0.]
0.9611325263977051,,4.845646553362407,-5.1716363628620625,0.0,-0.0,0.0,0.9847622276350732,-0.17390616729491915,[ 0.00420172 -0.00142011 -0.00036059 -0.00142011  0.00173862  0.00040963
 -0.00036059  0.00040963  0.0007166   0.          0.          0.
  0.          0.          0.          0.          0.          0.
  0.          0.          0.          0.          0.          0.
  0.          0.          0.          0.          0.          0.
  0.          0.          0.          0.          0.          0.        ],0.0,0.0,0.0,0.0,0.0,0.0,[0. 0. 0. 0. 0. 0. 0. 0. 0. 0. 0. 0. 0. 0. 0. 0. 0. 0. 0. 0. 0. 0. 0. 0.
 0. 0. 0. 0. 0. 0. 0. 0. 0. 0. 0. 0.]
0.9959988594055176,,4.842151376508091,-5.171206335252271,0.0,-0.0,0.0,0.9846468041595742,-0.17455850325417327,[ 0.00406674 -0.0014282  -0.00030893 -0.0014282   0.00169286  0.00039498
 -0.00030893  0.00039498  0.00073421  0.          0.          0.
  0.          0.          0.          0.          0.          0.
  0.          0.          0.          0.          0.          0.
  0.          0.          0.          0.          0.          0.
  0.          0.          0.          0.          0.          0.        ],0.0,0.0,0.0,0.0,0.0,0.0,[0. 0. 0. 0. 0. 0. 0. 0. 0. 0. 0. 0. 0. 0. 0. 0. 0. 0. 0. 0. 0. 0. 0. 0.
 0. 0. 0. 0. 0. 0. 0. 0. 0. 0. 0. 0.]
1.033719778060913,,4.843591104194934,-5.1710590363128865,0.0,-0.0,0.0,0.9848007310235415,-0.1736879966362046,[ 0.00402118 -0.00140806 -0.00037514 -0.00140806  0.00174006  0.00037261
 -0.00037514  0.00037261  0.00076576  0.          0.          0.
  0.          0.          0.          0.          0.          0.
  0.          0.          0.          0.          0.          0.
  0.          0.          0.          0.          0.          0.
  0.          0.          0.          0.          0.          0.        ],0.0,0.0,0.0,0.0,0.0,0.0,[0. 0. 0. 0. 0. 0. 0. 0. 0. 0. 0. 0. 0. 0. 0. 0. 0. 0. 0. 0. 0. 0. 0. 0.
 0. 0. 0. 0. 0. 0. 0. 0. 0. 0. 0. 0.]
1.0703434944152832,,4.841777188119637,-5.1690022311320405,0.0,-0.0,0.0,0.9847230524449287,-0.17412785527750052,[ 0.00399614 -0.00144158 -0.0004552  -0.00144158  0.00171407  0.00044167
 -0.0004552   0.00044167  0.00072699  0.          0.          0.
  0.          0.          0.          0.          0.          0.
  0.          0.          0.          0.          0.          0.
  0.          0.          0.          0.          0.          0.
  0.          0.          0.          0.          0.          0.        ],0.0,0.0,0.0,0.0,0.0,0.0,[0. 0. 0. 0. 0. 0. 0. 0. 0. 0. 0. 0. 0. 0. 0. 0. 0. 0. 0. 0. 0. 0. 0. 0.
 0. 0. 0. 0. 0. 0. 0. 0. 0. 0. 0. 0.]
1.0996150970458984,,4.843849171736383,-5.171181848496603,0.0,-0.0,0.0,0.9846913703788405,-0.174306927864159,[ 0.00366363 -0.00127778 -0.0003097  -0.00127778  0.00156936  0.00035613
 -0.0003097   0.00035613  0.00068237  0.          0.          0.
  0.          0.          0.          0.          0.          0.
  0.          0.          0.          0.          0.          0.
  0.          0.          0.          0.          0.          0.
  0.          0.          0.          0.          0.          0.        ],0.0,0.0,0.0,0.0,0.0,0.0,[0. 0. 0. 0. 0. 0. 0. 0. 0. 0. 0. 0. 0. 0. 0. 0. 0. 0. 0. 0. 0. 0. 0. 0.
 0. 0. 0. 0. 0. 0. 0. 0. 0. 0. 0. 0.]
1.162541389465332,,4.847547640850657,-5.175461050401906,0.0,-0.0,0.0,0.9848752706347121,-0.17326482993441747,[ 0.00407926 -0.00124667 -0.0002904  -0.00124667  0.00157109  0.00039463
 -0.0002904   0.00039463  0.00071727  0.          0.          0.
  0.          0.          0.          0.          0.          0.
  0.          0.          0.          0.          0.          0.
  0.          0.          0.          0.          0.          0.
  0.          0.          0.          0.          0.          0.        ],0.0,0.0,0.0,0.0,0.0,0.0,[0. 0. 0. 0. 0. 0. 0. 0. 0. 0. 0. 0. 0. 0. 0. 0. 0. 0. 0. 0. 0. 0. 0. 0.
 0. 0. 0. 0. 0. 0. 0. 0. 0. 0. 0. 0.]
1.239006757736206,,4.846518908486786,-5.1737882161425155,0.0,-0.0,0.0,0.9848172032680514,-0.17359457407215637,[ 0.00394518 -0.00128599 -0.0003487  -0.00128599  0.00154031  0.00039309
 -0.0003487   0.00039309  0.00074934  0.          0.          0.
  0.          0.          0.          0.          0.          0.
  0.          0.          0.          0.          0.          0.
  0.          0.          0.          0.          0.          0.
  0.          0.          0.          0.          0.          0.        ],0.0,0.0,0.0,0.0,0.0,0.0,[0. 0. 0. 0. 0. 0. 0. 0. 0. 0. 0. 0. 0. 0. 0. 0. 0. 0. 0. 0. 0. 0. 0. 0.
 0. 0. 0. 0. 0. 0. 0. 0. 0. 0. 0. 0.]
1.256990909576416,,4.8486270531786095,-5.17289899636689,0.0,-0.0,0.0,0.9848084542845591,-0.17364420050683385,[ 0.00342219 -0.0011149  -0.00030255 -0.0011149   0.00149924  0.00039325
 -0.00030255  0.00039325  0.00071911  0.          0.          0.
  0.          0.          0.          0.          0.          0.
  0.          0.          0.          0.          0.          0.
  0.          0.          0.          0.          0.          0.
  0.          0.          0.          0.          0.          0.        ],0.0,0.0,0.0,0.0,0.0,0.0,[0. 0. 0. 0. 0. 0. 0. 0. 0. 0. 0. 0. 0. 0. 0. 0. 0. 0. 0. 0. 0. 0. 0. 0.
 0. 0. 0. 0. 0. 0. 0. 0. 0. 0. 0. 0.]
1.2718899250030518,,4.8453004374364195,-5.171033699455671,0.0,-0.0,0.0,0.9845691242654313,-0.17499611293740724,[ 0.00377068 -0.00129606 -0.00036106 -0.00129606  0.00175789  0.0005197
 -0.00036106  0.0005197   0.0007611   0.          0.          0.
  0.          0.          0.          0.          0.          0.
  0.          0.          0.          0.          0.          0.
  0.          0.          0.          0.          0.          0.
  0.          0.          0.          0.          0.          0.        ],0.0,0.0,0.0,0.0,0.0,0.0,[0. 0. 0. 0. 0. 0. 0. 0. 0. 0. 0. 0. 0. 0. 0. 0. 0. 0. 0. 0. 0. 0. 0. 0.
 0. 0. 0. 0. 0. 0. 0. 0. 0. 0. 0. 0.]
1.2921373844146729,,4.848435801364426,-5.172389536491466,0.0,-0.0,0.0,0.9848889200709285,-0.17318722563029904,[ 0.00407296 -0.00138409 -0.00037581 -0.00138409  0.00162931  0.00040518
 -0.00037581  0.00040518  0.00072552  0.          0.          0.
  0.          0.          0.          0.          0.          0.
  0.          0.          0.          0.          0.          0.
  0.          0.          0.          0.          0.          0.
  0.          0.          0.          0.          0.          0.        ],0.0,0.0,0.0,0.0,0.0,0.0,[0. 0. 0. 0. 0. 0. 0. 0. 0. 0. 0. 0. 0. 0. 0. 0. 0. 0. 0. 0. 0. 0. 0. 0.
 0. 0. 0. 0. 0. 0. 0. 0. 0. 0. 0. 0.]
1.3210952281951904,,4.8483681018130085,-5.171495792780192,0.0,-0.0,0.0,0.9847956121917587,-0.17371701761157218,[ 0.00407997 -0.00161238 -0.00038567 -0.00161238  0.00185866  0.00043956
 -0.00038567  0.00043956  0.00071571  0.          0.          0.
  0.          0.          0.          0.          0.          0.
  0.          0.          0.          0.          0.          0.
  0.          0.          0.          0.          0.          0.
  0.          0.          0.          0.          0.          0.        ],0.0,0.0,0.0,0.0,0.0,0.0,[0. 0. 0. 0. 0. 0. 0. 0. 0. 0. 0. 0. 0. 0. 0. 0. 0. 0. 0. 0. 0. 0. 0. 0.
 0. 0. 0. 0. 0. 0. 0. 0. 0. 0. 0. 0.]
1.3436248302459717,,4.847721227821275,-5.1718655405476825,0.0,-0.0,0.0,0.9847493105894487,-0.1739792955888877,[ 0.00403933 -0.0014075  -0.00041987 -0.0014075   0.00178333  0.00046309
 -0.00041987  0.00046309  0.00075469  0.          0.          0.
  0.          0.          0.          0.          0.          0.
  0.          0.          0.          0.          0.          0.
  0.          0.          0.          0.          0.          0.
  0.          0.          0.          0.          0.          0.        ],0.0,0.0,0.0,0.0,0.0,0.0,[0. 0. 0. 0. 0. 0. 0. 0. 0. 0. 0. 0. 0. 0. 0. 0. 0. 0. 0. 0. 0. 0. 0. 0.
 0. 0. 0. 0. 0. 0. 0. 0. 0. 0. 0. 0.]
1.3659799098968506,,4.848228807233941,-5.172028116824873,0.0,-0.0,0.0,0.9847040151935728,-0.17423547991627908,[ 0.00440304 -0.00153614 -0.00035694 -0.00153614  0.00175631  0.00040142
 -0.00035694  0.00040142  0.00073004  0.          0.          0.
  0.          0.          0.          0.          0.          0.
  0.          0.          0.          0.          0.          0.
  0.          0.          0.          0.          0.          0.
  0.          0.          0.          0.          0.          0.        ],0.0,0.0,0.0,0.0,0.0,0.0,[0. 0. 0. 0. 0. 0. 0. 0. 0. 0. 0. 0. 0. 0. 0. 0. 0. 0. 0. 0. 0. 0. 0. 0.
 0. 0. 0. 0. 0. 0. 0. 0. 0. 0. 0. 0.]
1.3894145488739014,,4.848256713896905,-5.174798819594855,0.0,-0.0,0.0,0.984809955087719,-0.1736356886130413,[ 0.0045101  -0.00157494 -0.00034709 -0.00157494  0.00176769  0.00041352
 -0.00034709  0.00041352  0.00073468  0.          0.          0.
  0.          0.          0.          0.          0.          0.
  0.          0.          0.          0.          0.          0.
  0.          0.          0.          0.          0.          0.
  0.          0.          0.          0.          0.          0.        ],0.0,0.0,0.0,0.0,0.0,0.0,[0. 0. 0. 0. 0. 0. 0. 0. 0. 0. 0. 0. 0. 0. 0. 0. 0. 0. 0. 0. 0. 0. 0. 0.
 0. 0. 0. 0. 0. 0. 0. 0. 0. 0. 0. 0.]
1.4087738990783691,,4.84647976630093,-5.17022170386872,0.0,-0.0,0.0,0.9846626229459119,-0.1744692493629664,[ 0.0041115  -0.001485   -0.00036458 -0.001485    0.00188612  0.00040592
 -0.00036458  0.00040592  0.00078471  0.          0.          0.
  0.          0.          0.          0.          0.          0.
  0.          0.          0.          0.          0.          0.
  0.          0.          0.          0.          0.          0.
  0.          0.          0.          0.          0.          0.        ],0.0,0.0,0.0,0.0,0.0,0.0,[0. 0. 0. 0. 0. 0. 0. 0. 0. 0. 0. 0. 0. 0. 0. 0. 0. 0. 0. 0. 0. 0. 0. 0.
 0. 0. 0. 0. 0. 0. 0. 0. 0. 0. 0. 0.]
1.4330041408538818,,4.844344755819991,-5.168185837410228,0.0,-0.0,0.0,0.9846354999000937,-0.17462225613160728,[ 0.00455506 -0.00153768 -0.00039802 -0.00153768  0.00198538  0.00046784
 -0.00039802  0.00046784  0.00078846  0.          0.          0.
  0.          0.          0.          0.          0.          0.
  0.          0.          0.          0.          0.          0.
  0.          0.          0.          0.          0.          0.
  0.          0.          0.          0.          0.          0.        ],0.0,0.0,0.0,0.0,0.0,0.0,[0. 0. 0. 0. 0. 0. 0. 0. 0. 0. 0. 0. 0. 0. 0. 0. 0. 0. 0. 0. 0. 0. 0. 0.
 0. 0. 0. 0. 0. 0. 0. 0. 0. 0. 0. 0.]
1.4589133262634277,,4.847746052816029,-5.170062067284895,0.0,-0.0,0.0,0.9846154111392128,-0.17473549195043067,[ 0.00446585 -0.00163205 -0.00039698 -0.00163205  0.00204843  0.00050832
 -0.00039698  0.00050832  0.00072989  0.          0.          0.
  0.          0.          0.          0.          0.          0.
  0.          0.          0.          0.          0.          0.
  0.          0.          0.          0.          0.          0.
  0.          0.          0.          0.          0.          0.        ],0.0,0.0,0.0,0.0,0.0,0.0,[0. 0. 0. 0. 0. 0. 0. 0. 0. 0. 0. 0. 0. 0. 0. 0. 0. 0. 0. 0. 0. 0. 0. 0.
 0. 0. 0. 0. 0. 0. 0. 0. 0. 0. 0. 0.]
1.4770772457122803,,4.846310947543705,-5.171107412815477,0.0,-0.0,0.0,0.9845837950258516,-0.17491355171195846,[ 0.00443895 -0.00170511 -0.00044494 -0.00170511  0.00201054  0.00053114
 -0.00044494  0.00053114  0.00077971  0.          0.          0.
  0.          0.          0.          0.          0.          0.
  0.          0.          0.          0.          0.          0.
  0.          0.          0.          0.          0.          0.
  0.          0.          0.          0.          0.          0.        ],0.0,0.0,0.0,0.0,0.0,0.0,[0. 0. 0. 0. 0. 0. 0. 0. 0. 0. 0. 0. 0. 0. 0. 0. 0. 0. 0. 0. 0. 0. 0. 0.
 0. 0. 0. 0. 0. 0. 0. 0. 0. 0. 0. 0.]
1.492549180984497,,4.848791767674819,-5.172666647089728,0.0,-0.0,0.0,0.9848183419470515,-0.1735881141226563,[ 0.00426003 -0.00177376 -0.0004585  -0.00177376  0.00216046  0.00053978
 -0.0004585   0.00053978  0.00080425  0.          0.          0.
  0.          0.          0.          0.          0.          0.
  0.          0.          0.          0.          0.          0.
  0.          0.          0.          0.          0.          0.
  0.          0.          0.          0.          0.          0.        ],0.0,0.0,0.0,0.0,0.0,0.0,[0. 0. 0. 0. 0. 0. 0. 0. 0. 0. 0. 0. 0. 0. 0. 0. 0. 0. 0. 0. 0. 0. 0. 0.
 0. 0. 0. 0. 0. 0. 0. 0. 0. 0. 0. 0.]
1.5246617794036865,,4.847185484230295,-5.1747605427705885,0.0,-0.0,0.0,0.9846950887145528,-0.1742859210075183,[ 0.00450958 -0.00180297 -0.00040247 -0.00180297  0.00201266  0.00046326
 -0.00040247  0.00046326  0.00072966  0.          0.          0.
  0.          0.          0.          0.          0.          0.
  0.          0.          0.          0.          0.          0.
  0.          0.          0.          0.          0.          0.
  0.          0.          0.          0.          0.          0.        ],0.0,0.0,0.0,0.0,0.0,0.0,[0. 0. 0. 0. 0. 0. 0. 0. 0. 0. 0. 0. 0. 0. 0. 0. 0. 0. 0. 0. 0. 0. 0. 0.
 0. 0. 0. 0. 0. 0. 0. 0. 0. 0. 0. 0.]
1.540414571762085,,4.851325603099978,-5.17570054475401,0.0,-0.0,0.0,0.984824421060623,-0.17355362192304943,[ 0.00415923 -0.00165516 -0.00034595 -0.00165516  0.00202445  0.0004341
 -0.00034595  0.0004341   0.00070151  0.          0.          0.
  0.          0.          0.          0.          0.          0.
  0.          0.          0.          0.          0.          0.
  0.          0.          0.          0.          0.          0.
  0.          0.          0.          0.          0.          0.        ],0.0,0.0,0.0,0.0,0.0,0.0,[0. 0. 0. 0. 0. 0. 0. 0. 0. 0. 0. 0. 0. 0. 0. 0. 0. 0. 0. 0. 0. 0. 0. 0.
 0. 0. 0. 0. 0. 0. 0. 0. 0. 0. 0. 0.]
1.561823844909668,,4.850357624461909,-5.1713237012722235,0.0,-0.0,0.0,0.9847824459174641,-0.17379164022707463,[ 0.00433192 -0.0017094  -0.00039475 -0.0017094   0.00204953  0.0004599
 -0.00039475  0.0004599   0.00077889  0.          0.          0.
  0.          0.          0.          0.          0.          0.
  0.          0.          0.          0.          0.          0.
  0.          0.          0.          0.          0.          0.
  0.          0.          0.          0.          0.          0.        ],0.0,0.0,0.0,0.0,0.0,0.0,[0. 0. 0. 0. 0. 0. 0. 0. 0. 0. 0. 0. 0. 0. 0. 0. 0. 0. 0. 0. 0. 0. 0. 0.
 0. 0. 0. 0. 0. 0. 0. 0. 0. 0. 0. 0.]
1.5887212753295898,,4.847596469078301,-5.167564090406373,0.0,-0.0,0.0,0.9847129159885717,-0.17418516895902536,[ 0.00415704 -0.0015764  -0.00034608 -0.0015764   0.00192416  0.00042753
 -0.00034608  0.00042753  0.00072343  0.          0.          0.
  0.          0.          0.          0.          0.          0.
  0.          0.          0.          0.          0.          0.
  0.          0.          0.          0.          0.          0.
  0.          0.          0.          0.          0.          0.        ],0.0,0.0,0.0,0.0,0.0,0.0,[0. 0. 0. 0. 0. 0. 0. 0. 0. 0. 0. 0. 0. 0. 0. 0. 0. 0. 0. 0. 0. 0. 0. 0.
 0. 0. 0. 0. 0. 0. 0. 0. 0. 0. 0. 0.]
1.6031832695007324,,4.849042024462665,-5.167583232560879,0.0,-0.0,0.0,0.9847664204786348,-0.1738824231994041,[ 0.00389261 -0.00148045 -0.00033349 -0.00148045  0.00186787  0.00042717
 -0.00033349  0.00042717  0.00074605  0.          0.          0.
  0.          0.          0.          0.          0.          0.
  0.          0.          0.          0.          0.          0.
  0.          0.          0.          0.          0.          0.
  0.          0.          0.          0.          0.          0.        ],0.0,0.0,0.0,0.0,0.0,0.0,[0. 0. 0. 0. 0. 0. 0. 0. 0. 0. 0. 0. 0. 0. 0. 0. 0. 0. 0. 0. 0. 0. 0. 0.
 0. 0. 0. 0. 0. 0. 0. 0. 0. 0. 0. 0.]
1.6186001300811768,,4.845519022690103,-5.165823766090413,0.0,-0.0,0.0,0.984679246315159,-0.1743754050209216,[ 0.00426636 -0.00156927 -0.00045553 -0.00156927  0.00189872  0.00044105
 -0.00045553  0.00044105  0.00074001  0.          0.          0.
  0.          0.          0.          0.          0.          0.
  0.          0.          0.          0.          0.          0.
  0.          0.          0.          0.          0.          0.
  0.          0.          0.          0.          0.          0.        ],0.0,0.0,0.0,0.0,0.0,0.0,[0. 0. 0. 0. 0. 0. 0. 0. 0. 0. 0. 0. 0. 0. 0. 0. 0. 0. 0. 0. 0. 0. 0. 0.
 0. 0. 0. 0. 0. 0. 0. 0. 0. 0. 0. 0.]
1.6382839679718018,,4.844894313182919,-5.167644135647057,0.0,-0.0,0.0,0.9846830566446397,-0.17435388712893418,[ 0.00457169 -0.00157229 -0.00036158 -0.00157229  0.00195934  0.00041597
 -0.00036158  0.00041597  0.00076048  0.          0.          0.
  0.          0.          0.          0.          0.          0.
  0.          0.          0.          0.          0.          0.
  0.          0.          0.          0.          0.          0.
  0.          0.          0.          0.          0.          0.        ],0.0,0.0,0.0,0.0,0.0,0.0,[0. 0. 0. 0. 0. 0. 0. 0. 0. 0. 0. 0. 0. 0. 0. 0. 0. 0. 0. 0. 0. 0. 0. 0.
 0. 0. 0. 0. 0. 0. 0. 0. 0. 0. 0. 0.]
1.6548078060150146,,4.839784026627323,-5.165463198723732,0.0,-0.0,0.0,0.9845766788185774,-0.1749536039256692,[ 0.0038555  -0.00128967 -0.00033764 -0.00128967  0.00174294  0.0004376
 -0.00033764  0.0004376   0.00072839  0.          0.          0.
  0.          0.          0.          0.          0.          0.
  0.          0.          0.          0.          0.          0.
  0.          0.          0.          0.          0.          0.
  0.          0.          0.          0.          0.          0.        ],0.0,0.0,0.0,0.0,0.0,0.0,[0. 0. 0. 0. 0. 0. 0. 0. 0. 0. 0. 0. 0. 0. 0. 0. 0. 0. 0. 0. 0. 0. 0. 0.
 0. 0. 0. 0. 0. 0. 0. 0. 0. 0. 0. 0.]
1.6828808784484863,,4.835940630416293,-5.166991191275236,0.0,-0.0,0.0,0.9847293680821468,-0.1740921354815769,[ 0.00385177 -0.00115792 -0.00032742 -0.00115792  0.00156771  0.00038343
 -0.00032742  0.00038343  0.00075944  0.          0.          0.
  0.          0.          0.          0.          0.          0.
  0.          0.          0.          0.          0.          0.
  0.          0.          0.          0.          0.          0.
  0.          0.          0.          0.          0.          0.        ],0.0,0.0,0.0,0.0,0.0,0.0,[0. 0. 0. 0. 0. 0. 0. 0. 0. 0. 0. 0. 0. 0. 0. 0. 0. 0. 0. 0. 0. 0. 0. 0.
 0. 0. 0. 0. 0. 0. 0. 0. 0. 0. 0. 0.]
1.7015764713287354,,4.83713550011826,-5.16673092916374,0.0,-0.0,0.0,0.9847326672182265,-0.17407347331881898,[ 0.00344527 -0.00112079 -0.00026876 -0.00112079  0.00166859  0.00040387
 -0.00026876  0.00040387  0.00071543  0.          0.          0.
  0.          0.          0.          0.          0.          0.
  0.          0.          0.          0.          0.          0.
  0.          0.          0.          0.          0.          0.
  0.          0.          0.          0.          0.          0.        ],0.0,0.0,0.0,0.0,0.0,0.0,[0. 0. 0. 0. 0. 0. 0. 0. 0. 0. 0. 0. 0. 0. 0. 0. 0. 0. 0. 0. 0. 0. 0. 0.
 0. 0. 0. 0. 0. 0. 0. 0. 0. 0. 0. 0.]
1.7193098068237305,,4.83598232409131,-5.164928104709881,0.0,-0.0,0.0,0.984583922937026,-0.17491283170178365,[ 0.00388897 -0.00141432 -0.00028679 -0.00141432  0.0019931   0.00043533
 -0.00028679  0.00043533  0.00071196  0.          0.          0.
  0.          0.          0.          0.          0.          0.
  0.          0.          0.          0.          0.          0.
  0.          0.          0.          0.          0.          0.
  0.          0.          0.          0.          0.          0.        ],0.0,0.0,0.0,0.0,0.0,0.0,[0. 0. 0. 0. 0. 0. 0. 0. 0. 0. 0. 0. 0. 0. 0. 0. 0. 0. 0. 0. 0. 0. 0. 0.
 0. 0. 0. 0. 0. 0. 0. 0. 0. 0. 0. 0.]
1.739501953125,,4.843176754964063,-5.165476115211337,0.0,-0.0,0.0,0.984596470049092,-0.17484218932187814,[ 0.00439642 -0.00147393 -0.00028488 -0.00147393  0.00198119  0.0004656
 -0.00028488  0.0004656   0.0008146   0.          0.          0.
  0.          0.          0.          0.          0.          0.
  0.          0.          0.          0.          0.          0.
  0.          0.          0.          0.          0.          0.
  0.          0.          0.          0.          0.          0.        ],0.0,0.0,0.0,0.0,0.0,0.0,[0. 0. 0. 0. 0. 0. 0. 0. 0. 0. 0. 0. 0. 0. 0. 0. 0. 0. 0. 0. 0. 0. 0. 0.
 0. 0. 0. 0. 0. 0. 0. 0. 0. 0. 0. 0.]
1.772413969039917,,4.846667680901416,-5.168955315832947,0.0,-0.0,0.0,0.9845718856904934,-0.17498057580161852,[ 0.00417058 -0.00143436 -0.00034476 -0.00143436  0.0019772   0.00048047
 -0.00034476  0.00048047  0.00075844  0.          0.          0.
  0.          0.          0.          0.          0.          0.
  0.          0.          0.          0.          0.          0.
  0.          0.          0.          0.          0.          0.
  0.          0.          0.          0.          0.          0.        ],0.0,0.0,0.0,0.0,0.0,0.0,[0. 0. 0. 0. 0. 0. 0. 0. 0. 0. 0. 0. 0. 0. 0. 0. 0. 0. 0. 0. 0. 0. 0. 0.
 0. 0. 0. 0. 0. 0. 0. 0. 0. 0. 0. 0.]
1.8008654117584229,,4.846699854671669,-5.169325929427966,0.0,-0.0,0.0,0.9847781038899647,-0.17381624233335013,[ 0.00399499 -0.00139023 -0.00023995 -0.00139023  0.00175274  0.00038468
 -0.00023995  0.00038468  0.00071192  0.          0.          0.
  0.          0.          0.          0.          0.          0.
  0.          0.          0.          0.          0.          0.
  0.          0.          0.          0.          0.          0.
  0.          0.          0.          0.          0.          0.        ],0.0,0.0,0.0,0.0,0.0,0.0,[0. 0. 0. 0. 0. 0. 0. 0. 0. 0. 0. 0. 0. 0. 0. 0. 0. 0. 0. 0. 0. 0. 0. 0.
 0. 0. 0. 0. 0. 0. 0. 0. 0. 0. 0. 0.]
1.8150830268859863,,4.844781825996255,-5.169029438659137,0.0,-0.0,0.0,0.9848848136011943,-0.17321057686452296,[ 0.00423586 -0.00166348 -0.00029372 -0.00166348  0.00194848  0.00038431
 -0.00029372  0.00038431  0.00071901  0.          0.          0.
  0.          0.          0.          0.          0.          0.
  0.          0.          0.          0.          0.          0.
  0.          0.          0.          0.          0.          0.
  0.          0.          0.          0.          0.          0.        ],0.0,0.0,0.0,0.0,0.0,0.0,[0. 0. 0. 0. 0. 0. 0. 0. 0. 0. 0. 0. 0. 0. 0. 0. 0. 0. 0. 0. 0. 0. 0. 0.
 0. 0. 0. 0. 0. 0. 0. 0. 0. 0. 0. 0.]
1.8342273235321045,,4.851569026385054,-5.1737871207143415,0.0,-0.0,0.0,0.9849114859147124,-0.17305884812188344,[ 0.00433688 -0.00155273 -0.00033257 -0.00155273  0.00189648  0.00043518
 -0.00033257  0.00043518  0.00079021  0.          0.          0.
  0.          0.          0.          0.          0.          0.
  0.          0.          0.          0.          0.          0.
  0.          0.          0.          0.          0.          0.
  0.          0.          0.          0.          0.          0.        ],0.0,0.0,0.0,0.0,0.0,0.0,[0. 0. 0. 0. 0. 0. 0. 0. 0. 0. 0. 0. 0. 0. 0. 0. 0. 0. 0. 0. 0. 0. 0. 0.
 0. 0. 0. 0. 0. 0. 0. 0. 0. 0. 0. 0.]
1.851846694946289,,4.851584990246647,-5.178176071429931,0.0,-0.0,0.0,0.9848457827177689,-0.1734323622137034,[ 0.00424309 -0.00154505 -0.00044177 -0.00154505  0.00192861  0.00044894
 -0.00044177  0.00044894  0.00074056  0.          0.          0.
  0.          0.          0.          0.          0.          0.
  0.          0.          0.          0.          0.          0.
  0.          0.          0.          0.          0.          0.
  0.          0.          0.          0.          0.          0.        ],0.0,0.0,0.0,0.0,0.0,0.0,[0. 0. 0. 0. 0. 0. 0. 0. 0. 0. 0. 0. 0. 0. 0. 0. 0. 0. 0. 0. 0. 0. 0. 0.
 0. 0. 0. 0. 0. 0. 0. 0. 0. 0. 0. 0.]
1.9119524955749512,,4.858240187131696,-5.181131772898909,0.0,-0.0,0.0,0.9849603803697087,-0.17278034929342734,[ 0.0041219  -0.00151322 -0.00035477 -0.00151322  0.00184487  0.00045232
 -0.00035477  0.00045232  0.00075679  0.          0.          0.
  0.          0.          0.          0.          0.          0.
  0.          0.          0.          0.          0.          0.
  0.          0.          0.          0.          0.          0.
  0.          0.          0.          0.          0.          0.        ],0.0,0.0,0.0,0.0,0.0,0.0,[0. 0. 0. 0. 0. 0. 0. 0. 0. 0. 0. 0. 0. 0. 0. 0. 0. 0. 0. 0. 0. 0. 0. 0.
 0. 0. 0. 0. 0. 0. 0. 0. 0. 0. 0. 0.]
1.9303107261657715,,4.8565308725964185,-5.179858185191105,0.0,-0.0,0.0,0.9848557797257134,-0.17337558403897926,[ 0.00404344 -0.00142285 -0.00034793 -0.00142285  0.00182125  0.00040173
 -0.00034793  0.00040173  0.00074382  0.          0.          0.
  0.          0.          0.          0.          0.          0.
  0.          0.          0.          0.          0.          0.
  0.          0.          0.          0.          0.          0.
  0.          0.          0.          0.          0.          0.        ],0.0,0.0,0.0,0.0,0.0,0.0,[0. 0. 0. 0. 0. 0. 0. 0. 0. 0. 0. 0. 0. 0. 0. 0. 0. 0. 0. 0. 0. 0. 0. 0.
 0. 0. 0. 0. 0. 0. 0. 0. 0. 0. 0. 0.]
1.9463450908660889,,4.854227483861071,-5.179679138655914,0.0,-0.0,0.0,0.9848957661248231,-0.1731482886701392,[ 0.0043385  -0.00151444 -0.00040233 -0.00151444  0.00183461  0.00042757
 -0.00040233  0.00042757  0.00071955  0.          0.          0.
  0.          0.          0.          0.          0.          0.
  0.          0.          0.          0.          0.          0.
  0.          0.          0.          0.          0.          0.
  0.          0.          0.          0.          0.          0.        ],0.0,0.0,0.0,0.0,0.0,0.0,[0. 0. 0. 0. 0. 0. 0. 0. 0. 0. 0. 0. 0. 0. 0. 0. 0. 0. 0. 0. 0. 0. 0. 0.
 0. 0. 0. 0. 0. 0. 0. 0. 0. 0. 0. 0.]
1.9748122692108154,,4.846404798621054,-5.174077359263651,0.0,-0.0,0.0,0.9848870912204924,-0.17319762569745958,[ 0.00417908 -0.00149016 -0.00034799 -0.00149016  0.0018123   0.0004377
 -0.00034799  0.0004377   0.00073187  0.          0.          0.
  0.          0.          0.          0.          0.          0.
  0.          0.          0.          0.          0.          0.
  0.          0.          0.          0.          0.          0.
  0.          0.          0.          0.          0.          0.        ],0.0,0.0,0.0,0.0,0.0,0.0,[0. 0. 0. 0. 0. 0. 0. 0. 0. 0. 0. 0. 0. 0. 0. 0. 0. 0. 0. 0. 0. 0. 0. 0.
 0. 0. 0. 0. 0. 0. 0. 0. 0. 0. 0. 0.]
1.9938700199127197,,4.848177582568284,-5.174923617219376,0.0,-0.0,0.0,0.9847255010565196,-0.174114007388798,[ 0.00389607 -0.00149707 -0.00037052 -0.00149707  0.00186803  0.00040683
 -0.00037052  0.00040683  0.00069449  0.          0.          0.
  0.          0.          0.          0.          0.          0.
  0.          0.          0.          0.          0.          0.
  0.          0.          0.          0.          0.          0.
  0.          0.          0.          0.          0.          0.        ],0.0,0.0,0.0,0.0,0.0,0.0,[0. 0. 0. 0. 0. 0. 0. 0. 0. 0. 0. 0. 0. 0. 0. 0. 0. 0. 0. 0. 0. 0. 0. 0.
 0. 0. 0. 0. 0. 0. 0. 0. 0. 0. 0. 0.]
2.012866735458374,,4.843724408444926,-5.170924910216459,0.0,-0.0,0.0,0.9847372652517342,-0.17404746026453688,[ 0.00388346 -0.00147042 -0.0002849  -0.00147042  0.00174629  0.00037652
 -0.0002849   0.00037652  0.00071841  0.          0.          0.
  0.          0.          0.          0.          0.          0.
  0.          0.          0.          0.          0.          0.
  0.          0.          0.          0.          0.          0.
  0.          0.          0.          0.          0.          0.        ],0.0,0.0,0.0,0.0,0.0,0.0,[0. 0. 0. 0. 0. 0. 0. 0. 0. 0. 0. 0. 0. 0. 0. 0. 0. 0. 0. 0. 0. 0. 0. 0.
 0. 0. 0. 0. 0. 0. 0. 0. 0. 0. 0. 0.]
2.0325236320495605,,4.842544655715122,-5.169900098806673,0.0,-0.0,0.0,0.9847448420398999,-0.17400458636430433,[ 0.00418319 -0.00144254 -0.00035701 -0.00144254  0.00181032  0.0004158
 -0.00035701  0.0004158   0.00074086  0.          0.          0.
  0.          0.          0.          0.          0.          0.
  0.          0.          0.          0.          0.          0.
  0.          0.          0.          0.          0.          0.
  0.          0.          0.          0.          0.          0.        ],0.0,0.0,0.0,0.0,0.0,0.0,[0. 0. 0. 0. 0. 0. 0. 0. 0. 0. 0. 0. 0. 0. 0. 0. 0. 0. 0. 0. 0. 0. 0. 0.
 0. 0. 0. 0. 0. 0. 0. 0. 0. 0. 0. 0.]
2.04939866065979,,4.8415220296663,-5.169602461200734,0.0,-0.0,0.0,0.9846544885448596,-0.17451515174465787,[ 0.00393561 -0.00147843 -0.00036792 -0.00147843  0.00188731  0.00049149
 -0.00036792  0.00049149  0.00075258  0.          0.          0.
  0.          0.          0.          0.          0.          0.
  0.          0.          0.          0.          0.          0.
  0.          0.          0.          0.          0.          0.
  0.          0.          0.          0.          0.          0.        ],0.0,0.0,0.0,0.0,0.0,0.0,[0. 0. 0. 0. 0. 0. 0. 0. 0. 0. 0. 0. 0. 0. 0. 0. 0. 0. 0. 0. 0. 0. 0. 0.
 0. 0. 0. 0. 0. 0. 0. 0. 0. 0. 0. 0.]
2.0724284648895264,,4.844304361933897,-5.170732725990119,0.0,-0.0,0.0,0.9847640625084316,-0.17389577680866686,[ 0.00415227 -0.00155925 -0.0003596  -0.00155925  0.00191092  0.00047483
 -0.0003596   0.00047483  0.00075921  0.          0.          0.
  0.          0.          0.          0.          0.          0.
  0.          0.          0.          0.          0.          0.
  0.          0.          0.          0.          0.          0.
  0.          0.          0.          0.          0.          0.        ],0.0,0.0,0.0,0.0,0.0,0.0,[0. 0. 0. 0. 0. 0. 0. 0. 0. 0. 0. 0. 0. 0. 0. 0. 0. 0. 0. 0. 0. 0. 0. 0.
 0. 0. 0. 0. 0. 0. 0. 0. 0. 0. 0. 0.]
2.093766212463379,,4.846794571020974,-5.172996276481727,0.0,-0.0,0.0,0.9847405441566813,-0.17402890763894122,[ 0.00418096 -0.00150381 -0.0004061  -0.00150381  0.00187261  0.00046429
 -0.0004061   0.00046429  0.00078334  0.          0.          0.
  0.          0.          0.          0.          0.          0.
  0.          0.          0.          0.          0.          0.
  0.          0.          0.          0.          0.          0.
  0.          0.          0.          0.          0.          0.        ],0.0,0.0,0.0,0.0,0.0,0.0,[0. 0. 0. 0. 0. 0. 0. 0. 0. 0. 0. 0. 0. 0. 0. 0. 0. 0. 0. 0. 0. 0. 0. 0.
 0. 0. 0. 0. 0. 0. 0. 0. 0. 0. 0. 0.]
2.1105587482452393,,4.846279202515552,-5.170176532118462,0.0,-0.0,0.0,0.9848622462415723,-0.17333884714052034,[ 0.00386659 -0.00134318 -0.00033608 -0.00134318  0.00179717  0.0004541
 -0.00033608  0.0004541   0.00070077  0.          0.          0.
  0.          0.          0.          0.          0.          0.
  0.          0.          0.          0.          0.          0.
  0.          0.          0.          0.          0.          0.
  0.          0.          0.          0.          0.          0.        ],0.0,0.0,0.0,0.0,0.0,0.0,[0. 0. 0. 0. 0. 0. 0. 0. 0. 0. 0. 0. 0. 0. 0. 0. 0. 0. 0. 0. 0. 0. 0. 0.
 0. 0. 0. 0. 0. 0. 0. 0. 0. 0. 0. 0.]
2.132840394973755,,4.845132441075723,-5.1680774901034,0.0,-0.0,0.0,0.9847426473251758,-0.1740170064648981,[ 0.00372669 -0.00133839 -0.00023001 -0.00133839  0.00191523  0.00045807
 -0.00023001  0.00045807  0.00078746  0.          0.          0.
  0.          0.          0.          0.          0.          0.
  0.          0.          0.          0.          0.          0.
  0.          0.          0.          0.          0.          0.
  0.          0.          0.          0.          0.          0.        ],0.0,0.0,0.0,0.0,0.0,0.0,[0. 0. 0. 0. 0. 0. 0. 0. 0. 0. 0. 0. 0. 0. 0. 0. 0. 0. 0. 0. 0. 0. 0. 0.
 0. 0. 0. 0. 0. 0. 0. 0. 0. 0. 0. 0.]
2.155334711074829,,4.84474866394222,-5.169026250107048,0.0,-0.0,0.0,0.9847293815554077,-0.17409205927182408,[ 0.00405974 -0.00146536 -0.00031731 -0.00146536  0.00206317  0.0004997
 -0.00031731  0.0004997   0.00080851  0.          0.          0.
  0.          0.          0.          0.          0.          0.
  0.          0.          0.          0.          0.          0.
  0.          0.          0.          0.          0.          0.
  0.          0.          0.          0.          0.          0.        ],0.0,0.0,0.0,0.0,0.0,0.0,[0. 0. 0. 0. 0. 0. 0. 0. 0. 0. 0. 0. 0. 0. 0. 0. 0. 0. 0. 0. 0. 0. 0. 0.
 0. 0. 0. 0. 0. 0. 0. 0. 0. 0. 0. 0.]
2.19549298286438,,4.844264488973931,-5.167099014862102,0.0,-0.0,0.0,0.9845354462894725,-0.17518548741145532,[ 0.00445429 -0.00168195 -0.00048866 -0.00168195  0.00199906  0.00046808
 -0.00048866  0.00046808  0.0007566   0.          0.          0.
  0.          0.          0.          0.          0.          0.
  0.          0.          0.          0.          0.          0.
  0.          0.          0.          0.          0.          0.
  0.          0.          0.          0.          0.          0.        ],0.0,0.0,0.0,0.0,0.0,0.0,[0. 0. 0. 0. 0. 0. 0. 0. 0. 0. 0. 0. 0. 0. 0. 0. 0. 0. 0. 0. 0. 0. 0. 0.
 0. 0. 0. 0. 0. 0. 0. 0. 0. 0. 0. 0.]
2.2236835956573486,,4.848050288032128,-5.168604593675759,0.0,-0.0,0.0,0.9846686802846611,-0.17443505973990348,[ 0.00482912 -0.00194486 -0.00044807 -0.00194486  0.00214413  0.00046993
 -0.00044807  0.00046993  0.00072404  0.          0.          0.
  0.          0.          0.          0.          0.          0.
  0.          0.          0.          0.          0.          0.
  0.          0.          0.          0.          0.          0.
  0.          0.          0.          0.          0.          0.        ],0.0,0.0,0.0,0.0,0.0,0.0,[0. 0. 0. 0. 0. 0. 0. 0. 0. 0. 0. 0. 0. 0. 0. 0. 0. 0. 0. 0. 0. 0. 0. 0.
 0. 0. 0. 0. 0. 0. 0. 0. 0. 0. 0. 0.]
2.251645088195801,,4.845748937858195,-5.169269661736557,0.0,-0.0,0.0,0.9847090632359607,-0.17420694814202076,[ 0.00478344 -0.00203181 -0.00039183 -0.00203181  0.00221594  0.00048797
 -0.00039183  0.00048797  0.00074464  0.          0.          0.
  0.          0.          0.          0.          0.          0.
  0.          0.          0.          0.          0.          0.
  0.          0.          0.          0.          0.          0.
  0.          0.          0.          0.          0.          0.        ],0.0,0.0,0.0,0.0,0.0,0.0,[0. 0. 0. 0. 0. 0. 0. 0. 0. 0. 0. 0. 0. 0. 0. 0. 0. 0. 0. 0. 0. 0. 0. 0.
 0. 0. 0. 0. 0. 0. 0. 0. 0. 0. 0. 0.]
2.2816312313079834,,4.8406875728665035,-5.167833662098295,0.0,-0.0,0.0,0.9847694061626362,-0.17386551321664914,[ 0.00475127 -0.00175779 -0.00042285 -0.00175779  0.00195884  0.00048872
 -0.00042285  0.00048872  0.00077743  0.          0.          0.
  0.          0.          0.          0.          0.          0.
  0.          0.          0.          0.          0.          0.
  0.          0.          0.          0.          0.          0.
  0.          0.          0.          0.          0.          0.        ],0.0,0.0,0.0,0.0,0.0,0.0,[0. 0. 0. 0. 0. 0. 0. 0. 0. 0. 0. 0. 0. 0. 0. 0. 0. 0. 0. 0. 0. 0. 0. 0.
 0. 0. 0. 0. 0. 0. 0. 0. 0. 0. 0. 0.]
2.296011447906494,,4.845009404954416,-5.168727206255389,0.0,-0.0,0.0,0.9846122157781599,-0.17475349650413952,[ 0.00454248 -0.00173947 -0.0003296  -0.00173947  0.00194275  0.0004375
 -0.0003296   0.0004375   0.00078706  0.          0.          0.
  0.          0.          0.          0.          0.          0.
  0.          0.          0.          0.          0.          0.
  0.          0.          0.          0.          0.          0.
  0.          0.          0.          0.          0.          0.        ],0.0,0.0,0.0,0.0,0.0,0.0,[0. 0. 0. 0. 0. 0. 0. 0. 0. 0. 0. 0. 0. 0. 0. 0. 0. 0. 0. 0. 0. 0. 0. 0.
 0. 0. 0. 0. 0. 0. 0. 0. 0. 0. 0. 0.]
2.3225855827331543,,4.849283039727162,-5.171670638058404,0.0,-0.0,0.0,0.9848081602279376,-0.17364586821593214,[ 0.0044087  -0.00159112 -0.000395   -0.00159112  0.00188991  0.00043059
 -0.000395    0.00043059  0.0007736   0.          0.          0.
  0.          0.          0.          0.          0.          0.
  0.          0.          0.          0.          0.          0.
  0.          0.          0.          0.          0.          0.
  0.          0.          0.          0.          0.          0.        ],0.0,0.0,0.0,0.0,0.0,0.0,[0. 0. 0. 0. 0. 0. 0. 0. 0. 0. 0. 0. 0. 0. 0. 0. 0. 0. 0. 0. 0. 0. 0. 0.
 0. 0. 0. 0. 0. 0. 0. 0. 0. 0. 0. 0.]
2.3383374214172363,,4.850895744609604,-5.1762757524319705,0.0,-0.0,0.0,0.9849390617480153,-0.1729018352792689,[ 0.0047783  -0.00184291 -0.00041773 -0.00184291  0.00189253  0.00041054
 -0.00041773  0.00041054  0.00069304  0.          0.          0.
  0.          0.          0.          0.          0.          0.
  0.          0.          0.          0.          0.          0.
  0.          0.          0.          0.          0.          0.
  0.          0.          0.          0.          0.          0.        ],0.0,0.0,0.0,0.0,0.0,0.0,[0. 0. 0. 0. 0. 0. 0. 0. 0. 0. 0. 0. 0. 0. 0. 0. 0. 0. 0. 0. 0. 0. 0. 0.
 0. 0. 0. 0. 0. 0. 0. 0. 0. 0. 0. 0.]
2.3657596111297607,,4.854616835118891,-5.175924577330307,0.0,-0.0,0.0,0.9848381222258386,-0.1734758571406532,[ 0.00468746 -0.00171188 -0.00040843 -0.00171188  0.00197713  0.00049164
 -0.00040843  0.00049164  0.00080548  0.          0.          0.
  0.          0.          0.          0.          0.          0.
  0.          0.          0.          0.          0.          0.
  0.          0.          0.          0.          0.          0.
  0.          0.          0.          0.          0.          0.        ],0.0,0.0,0.0,0.0,0.0,0.0,[0. 0. 0. 0. 0. 0. 0. 0. 0. 0. 0. 0. 0. 0. 0. 0. 0. 0. 0. 0. 0. 0. 0. 0.
 0. 0. 0. 0. 0. 0. 0. 0. 0. 0. 0. 0.]
2.3924500942230225,,4.849373171270542,-5.172600676797596,0.0,-0.0,0.0,0.984859145818305,-0.17335646194485654,[ 0.00432629 -0.00163331 -0.00036074 -0.00163331  0.0018873   0.00042004
 -0.00036074  0.00042004  0.00072175  0.          0.          0.
  0.          0.          0.          0.          0.          0.
  0.          0.          0.          0.          0.          0.
  0.          0.          0.          0.          0.          0.
  0.          0.          0.          0.          0.          0.        ],0.0,0.0,0.0,0.0,0.0,0.0,[0. 0. 0. 0. 0. 0. 0. 0. 0. 0. 0. 0. 0. 0. 0. 0. 0. 0. 0. 0. 0. 0. 0. 0.
 0. 0. 0. 0. 0. 0. 0. 0. 0. 0. 0. 0.]
2.4091269969940186,,4.843219508834926,-5.171236298152472,0.0,-0.0,0.0,0.9849695817678819,-0.1727278871288706,[ 0.0039474  -0.00127666 -0.00029831 -0.00127666  0.00156805  0.00039612
 -0.00029831  0.00039612  0.00069154  0.          0.          0.
  0.          0.          0.          0.          0.          0.
  0.          0.          0.          0.          0.          0.
  0.          0.          0.          0.          0.          0.
  0.          0.          0.          0.          0.          0.        ],0.0,0.0,0.0,0.0,0.0,0.0,[0. 0. 0. 0. 0. 0. 0. 0. 0. 0. 0. 0. 0. 0. 0. 0. 0. 0. 0. 0. 0. 0. 0. 0.
 0. 0. 0. 0. 0. 0. 0. 0. 0. 0. 0. 0.]
2.4278342723846436,,4.840750091796043,-5.1697295455642,0.0,-0.0,0.0,0.9847474604902856,-0.17398976710695774,[ 0.00385173 -0.00129812 -0.00033975 -0.00129812  0.00155854  0.00033295
 -0.00033975  0.00033295  0.00066743  0.          0.          0.
  0.          0.          0.          0.          0.          0.
  0.          0.          0.          0.          0.          0.
  0.          0.          0.          0.          0.          0.
  0.          0.          0.          0.          0.          0.        ],0.0,0.0,0.0,0.0,0.0,0.0,[0. 0. 0. 0. 0. 0. 0. 0. 0. 0. 0. 0. 0. 0. 0. 0. 0. 0. 0. 0. 0. 0. 0. 0.
 0. 0. 0. 0. 0. 0. 0. 0. 0. 0. 0. 0.]
2.454403877258301,,4.842761181475996,-5.1705880485800275,0.0,-0.0,0.0,0.9847801448924212,-0.17380467837679747,[ 0.00389815 -0.00132108 -0.0002772  -0.00132108  0.00172805  0.00039568
 -0.0002772   0.00039568  0.00068551  0.          0.          0.
  0.          0.          0.          0.          0.          0.
  0.          0.          0.          0.          0.          0.
  0.          0.          0.          0.          0.          0.
  0.          0.          0.          0.          0.          0.        ],0.0,0.0,0.0,0.0,0.0,0.0,[0. 0. 0. 0. 0. 0. 0. 0. 0. 0. 0. 0. 0. 0. 0. 0. 0. 0. 0. 0. 0. 0. 0. 0.
 0. 0. 0. 0. 0. 0. 0. 0. 0. 0. 0. 0.]
2.472118616104126,,4.840673284410983,-5.1681827681216905,0.0,-0.0,0.0,0.9848181987058885,-0.17358892677152307,[ 0.00384576 -0.00128077 -0.00025613 -0.00128077  0.00191073  0.00043495
 -0.00025613  0.00043495  0.00079632  0.          0.          0.
  0.          0.          0.          0.          0.          0.
  0.          0.          0.          0.          0.          0.
  0.          0.          0.          0.          0.          0.
  0.          0.          0.          0.          0.          0.        ],0.0,0.0,0.0,0.0,0.0,0.0,[0. 0. 0. 0. 0. 0. 0. 0. 0. 0. 0. 0. 0. 0. 0. 0. 0. 0. 0. 0. 0. 0. 0. 0.
 0. 0. 0. 0. 0. 0. 0. 0. 0. 0. 0. 0.]
2.492738962173462,,4.840355201724274,-5.166642525019361,0.0,-0.0,0.0,0.9847033976721289,-0.17423896984591347,[ 0.00433681 -0.00149867 -0.00038326 -0.00149867  0.00188711  0.0004737
 -0.00038326  0.0004737   0.0008049   0.          0.          0.
  0.          0.          0.          0.          0.          0.
  0.          0.          0.          0.          0.          0.
  0.          0.          0.          0.          0.          0.
  0.          0.          0.          0.          0.          0.        ],0.0,0.0,0.0,0.0,0.0,0.0,[0. 0. 0. 0. 0. 0. 0. 0. 0. 0. 0. 0. 0. 0. 0. 0. 0. 0. 0. 0. 0. 0. 0. 0.
 0. 0. 0. 0. 0. 0. 0. 0. 0. 0. 0. 0.]
2.509540557861328,,4.83924114185263,-5.16734594112549,0.0,-0.0,0.0,0.9847125140315507,-0.17418744130867522,[ 0.00452287 -0.00166181 -0.00042826 -0.00166181  0.00192041  0.0004772
 -0.00042826  0.0004772   0.00077828  0.          0.          0.
  0.          0.          0.          0.          0.          0.
  0.          0.          0.          0.          0.          0.
  0.          0.          0.          0.          0.          0.
  0.          0.          0.          0.          0.          0.        ],0.0,0.0,0.0,0.0,0.0,0.0,[0. 0. 0. 0. 0. 0. 0. 0. 0. 0. 0. 0. 0. 0. 0. 0. 0. 0. 0. 0. 0. 0. 0. 0.
 0. 0. 0. 0. 0. 0. 0. 0. 0. 0. 0. 0.]
2.5251708030700684,,4.839579034519593,-5.167663139847617,0.0,-0.0,0.0,0.9847827832403953,-0.17378972879114757,[ 0.00452418 -0.00175578 -0.00038168 -0.00175578  0.0020151   0.00044905
 -0.00038168  0.00044905  0.00076994  0.          0.          0.
  0.          0.          0.          0.          0.          0.
  0.          0.          0.          0.          0.          0.
  0.          0.          0.          0.          0.          0.
  0.          0.          0.          0.          0.          0.        ],0.0,0.0,0.0,0.0,0.0,0.0,[0. 0. 0. 0. 0. 0. 0. 0. 0. 0. 0. 0. 0. 0. 0. 0. 0. 0. 0. 0. 0. 0. 0. 0.
 0. 0. 0. 0. 0. 0. 0. 0. 0. 0. 0. 0.]
2.5381882190704346,,4.844072270251708,-5.169260750749471,0.0,-0.0,0.0,0.9846259925742818,-0.17467585622263404,[ 0.00426571 -0.00162349 -0.0004007  -0.00162349  0.00194646  0.00043788
 -0.0004007   0.00043788  0.00076334  0.          0.          0.
  0.          0.          0.          0.          0.          0.
  0.          0.          0.          0.          0.          0.
  0.          0.          0.          0.          0.          0.
  0.          0.          0.          0.          0.          0.        ],0.0,0.0,0.0,0.0,0.0,0.0,[0. 0. 0. 0. 0. 0. 0. 0. 0. 0. 0. 0. 0. 0. 0. 0. 0. 0. 0. 0. 0. 0. 0. 0.
 0. 0. 0. 0. 0. 0. 0. 0. 0. 0. 0. 0.]
2.558058977127075,,4.844713036182954,-5.1692187303490025,0.0,-0.0,0.0,0.9848019196103809,-0.173681257283879,[ 0.00461156 -0.00189253 -0.00042012 -0.00189253  0.00217683  0.00050803
 -0.00042012  0.00050803  0.00082153  0.          0.          0.
  0.          0.          0.          0.          0.          0.
  0.          0.          0.          0.          0.          0.
  0.          0.          0.          0.          0.          0.
  0.          0.          0.          0.          0.          0.        ],0.0,0.0,0.0,0.0,0.0,0.0,[0. 0. 0. 0. 0. 0. 0. 0. 0. 0. 0. 0. 0. 0. 0. 0. 0. 0. 0. 0. 0. 0. 0. 0.
 0. 0. 0. 0. 0. 0. 0. 0. 0. 0. 0. 0.]
2.574113130569458,,4.847731085506456,-5.170309786332357,0.0,-0.0,0.0,0.9848711252969959,-0.17328839129101778,[ 0.00419441 -0.00165067 -0.00031097 -0.00165067  0.00209566  0.00046527
 -0.00031097  0.00046527  0.00074677  0.          0.          0.
  0.          0.          0.          0.          0.          0.
  0.          0.          0.          0.          0.          0.
  0.          0.          0.          0.          0.          0.
  0.          0.          0.          0.          0.          0.        ],0.0,0.0,0.0,0.0,0.0,0.0,[0. 0. 0. 0. 0. 0. 0. 0. 0. 0. 0. 0. 0. 0. 0. 0. 0. 0. 0. 0. 0. 0. 0. 0.
 0. 0. 0. 0. 0. 0. 0. 0. 0. 0. 0. 0.]
2.599093437194824,,4.845873337728191,-5.169412187237968,0.0,-0.0,0.0,0.9847553231688204,-0.17394526004083033,[ 0.00384683 -0.00133294 -0.00027848 -0.00133294  0.00174493  0.00039747
 -0.00027848  0.00039747  0.00068881  0.          0.          0.
  0.          0.          0.          0.          0.          0.
  0.          0.          0.          0.          0.          0.
  0.          0.          0.          0.          0.          0.
  0.          0.          0.          0.          0.          0.        ],0.0,0.0,0.0,0.0,0.0,0.0,[0. 0. 0. 0. 0. 0. 0. 0. 0. 0. 0. 0. 0. 0. 0. 0. 0. 0. 0. 0. 0. 0. 0. 0.
 0. 0. 0. 0. 0. 0. 0. 0. 0. 0. 0. 0.]
2.621522903442383,,4.8465592307896435,-5.171731197462164,0.0,-0.0,0.0,0.9847964866495658,-0.17371206026834088,[ 0.00356104 -0.00116071 -0.00028187 -0.00116071  0.00163236  0.00032912
 -0.00028187  0.00032912  0.00068145  0.          0.          0.
  0.          0.          0.          0.          0.          0.
  0.          0.          0.          0.          0.          0.
  0.          0.          0.          0.          0.          0.
  0.          0.          0.          0.          0.          0.        ],0.0,0.0,0.0,0.0,0.0,0.0,[0. 0. 0. 0. 0. 0. 0. 0. 0. 0. 0. 0. 0. 0. 0. 0. 0. 0. 0. 0. 0. 0. 0. 0.
 0. 0. 0. 0. 0. 0. 0. 0. 0. 0. 0. 0.]
2.6494953632354736,,4.846799721295253,-5.173327739234673,0.0,-0.0,0.0,0.9849177781756305,-0.17302303382376397,[ 0.00370152 -0.00125647 -0.00025727 -0.00125647  0.00175208  0.00038101
 -0.00025727  0.00038101  0.00066481  0.          0.          0.
  0.          0.          0.          0.          0.          0.
  0.          0.          0.          0.          0.          0.
  0.          0.          0.          0.          0.          0.
  0.          0.          0.          0.          0.          0.        ],0.0,0.0,0.0,0.0,0.0,0.0,[0. 0. 0. 0. 0. 0. 0. 0. 0. 0. 0. 0. 0. 0. 0. 0. 0. 0. 0. 0. 0. 0. 0. 0.
 0. 0. 0. 0. 0. 0. 0. 0. 0. 0. 0. 0.]
2.6711623668670654,,4.849142439251777,-5.171334290357909,0.0,-0.0,0.0,0.9847686244089284,-0.17386994098965713,[ 0.00409591 -0.00157497 -0.00038959 -0.00157497  0.00194009  0.00048705
 -0.00038959  0.00048705  0.00078402  0.          0.          0.
  0.          0.          0.          0.          0.          0.
  0.          0.          0.          0.          0.          0.
  0.          0.          0.          0.          0.          0.
  0.          0.          0.          0.          0.          0.        ],0.0,0.0,0.0,0.0,0.0,0.0,[0. 0. 0. 0. 0. 0. 0. 0. 0. 0. 0. 0. 0. 0. 0. 0. 0. 0. 0. 0. 0. 0. 0. 0.
 0. 0. 0. 0. 0. 0. 0. 0. 0. 0. 0. 0.]
2.687601089477539,,4.843036319326841,-5.170382083032269,0.0,-0.0,0.0,0.9847701777335168,-0.1738611430041159,[ 0.00411858 -0.00156977 -0.00040847 -0.00156977  0.00203061  0.0005052
 -0.00040847  0.0005052   0.00073149  0.          0.          0.
  0.          0.          0.          0.          0.          0.
  0.          0.          0.          0.          0.          0.
  0.          0.          0.          0.          0.          0.
  0.          0.          0.          0.          0.          0.        ],0.0,0.0,0.0,0.0,0.0,0.0,[0. 0. 0. 0. 0. 0. 0. 0. 0. 0. 0. 0. 0. 0. 0. 0. 0. 0. 0. 0. 0. 0. 0. 0.
 0. 0. 0. 0. 0. 0. 0. 0. 0. 0. 0. 0.]
2.701965808868408,,4.845190126070065,-5.170578979258717,0.0,-0.0,0.0,0.9846971183583818,-0.17427445336795344,[ 0.00408681 -0.0015935  -0.00042035 -0.0015935   0.00203568  0.00045624
 -0.00042035  0.00045624  0.00070171  0.          0.          0.
  0.          0.          0.          0.          0.          0.
  0.          0.          0.          0.          0.          0.
  0.          0.          0.          0.          0.          0.
  0.          0.          0.          0.          0.          0.        ],0.0,0.0,0.0,0.0,0.0,0.0,[0. 0. 0. 0. 0. 0. 0. 0. 0. 0. 0. 0. 0. 0. 0. 0. 0. 0. 0. 0. 0. 0. 0. 0.
 0. 0. 0. 0. 0. 0. 0. 0. 0. 0. 0. 0.]
2.7204320430755615,,4.848149874243194,-5.168399248462826,0.0,-0.0,0.0,0.9848182298669358,-0.17358874998615315,[ 0.00399608 -0.00145911 -0.00032413 -0.00145911  0.00185002  0.00045618
 -0.00032413  0.00045618  0.00073017  0.          0.          0.
  0.          0.          0.          0.          0.          0.
  0.          0.          0.          0.          0.          0.
  0.          0.          0.          0.          0.          0.
  0.          0.          0.          0.          0.          0.        ],0.0,0.0,0.0,0.0,0.0,0.0,[0. 0. 0. 0. 0. 0. 0. 0. 0. 0. 0. 0. 0. 0. 0. 0. 0. 0. 0. 0. 0. 0. 0. 0.
 0. 0. 0. 0. 0. 0. 0. 0. 0. 0. 0. 0.]
2.7358694076538086,,4.847280378845733,-5.1690429539960085,0.0,-0.0,0.0,0.984792794376227,-0.1737329909506605,[ 0.00424141 -0.00161817 -0.00037738 -0.00161817  0.0017455   0.00038935
 -0.00037738  0.00038935  0.0006918   0.          0.          0.
  0.          0.          0.          0.          0.          0.
  0.          0.          0.          0.          0.          0.
  0.          0.          0.          0.          0.          0.
  0.          0.          0.          0.          0.          0.        ],0.0,0.0,0.0,0.0,0.0,0.0,[0. 0. 0. 0. 0. 0. 0. 0. 0. 0. 0. 0. 0. 0. 0. 0. 0. 0. 0. 0. 0. 0. 0. 0.
 0. 0. 0. 0. 0. 0. 0. 0. 0. 0. 0. 0.]
2.75578236579895,,4.847935108445221,-5.172081409034105,0.0,-0.0,0.0,0.9847899113046822,-0.17374933263905265,[ 0.00425812 -0.0016664  -0.00032851 -0.0016664   0.00183754  0.00039909
 -0.00032851  0.00039909  0.00073112  0.          0.          0.
  0.          0.          0.          0.          0.          0.
  0.          0.          0.          0.          0.          0.
  0.          0.          0.          0.          0.          0.
  0.          0.          0.          0.          0.          0.        ],0.0,0.0,0.0,0.0,0.0,0.0,[0. 0. 0. 0. 0. 0. 0. 0. 0. 0. 0. 0. 0. 0. 0. 0. 0. 0. 0. 0. 0. 0. 0. 0.
 0. 0. 0. 0. 0. 0. 0. 0. 0. 0. 0. 0.]
2.7712349891662598,,4.846925297024475,-5.172328843722614,0.0,-0.0,0.0,0.9847999065097763,-0.1736926715159155,[ 0.00417493 -0.00150975 -0.00038538 -0.00150975  0.00182577  0.0004887
 -0.00038538  0.0004887   0.00076557  0.          0.          0.
  0.          0.          0.          0.          0.          0.
  0.          0.          0.          0.          0.          0.
  0.          0.          0.          0.          0.          0.
  0.          0.          0.          0.          0.          0.        ],0.0,0.0,0.0,0.0,0.0,0.0,[0. 0. 0. 0. 0. 0. 0. 0. 0. 0. 0. 0. 0. 0. 0. 0. 0. 0. 0. 0. 0. 0. 0. 0.
 0. 0. 0. 0. 0. 0. 0. 0. 0. 0. 0. 0.]
2.791893243789673,,4.8467654695022855,-5.169650946150835,0.0,-0.0,0.0,0.9847116123017543,-0.17419253887029612,[ 0.00394196 -0.00138534 -0.00032267 -0.00138534  0.00181271  0.00042483
 -0.00032267  0.00042483  0.00070355  0.          0.          0.
  0.          0.          0.          0.          0.          0.
  0.          0.          0.          0.          0.          0.
  0.          0.          0.          0.          0.          0.
  0.          0.          0.          0.          0.          0.        ],0.0,0.0,0.0,0.0,0.0,0.0,[0. 0. 0. 0. 0. 0. 0. 0. 0. 0. 0. 0. 0. 0. 0. 0. 0. 0. 0. 0. 0. 0. 0. 0.
 0. 0. 0. 0. 0. 0. 0. 0. 0. 0. 0. 0.]
2.820460557937622,,4.847059527281115,-5.173202178599821,0.0,-0.0,0.0,0.9847832411230335,-0.17378713417055128,[ 0.00379989 -0.00138434 -0.00030075 -0.00138434  0.00177481  0.00042573
 -0.00030075  0.00042573  0.00071272  0.          0.          0.
  0.          0.          0.          0.          0.          0.
  0.          0.          0.          0.          0.          0.
  0.          0.          0.          0.          0.          0.
  0.          0.          0.          0.          0.          0.        ],0.0,0.0,0.0,0.0,0.0,0.0,[0. 0. 0. 0. 0. 0. 0. 0. 0. 0. 0. 0. 0. 0. 0. 0. 0. 0. 0. 0. 0. 0. 0. 0.
 0. 0. 0. 0. 0. 0. 0. 0. 0. 0. 0. 0.]
2.8423514366149902,,4.849776220561872,-5.1723713555488295,0.0,-0.0,0.0,0.9847903948694771,-0.1737465918308024,[ 0.00393391 -0.00143543 -0.00026818 -0.00143543  0.0017561   0.00036633
 -0.00026818  0.00036633  0.00072999  0.          0.          0.
  0.          0.          0.          0.          0.          0.
  0.          0.          0.          0.          0.          0.
  0.          0.          0.          0.          0.          0.
  0.          0.          0.          0.          0.          0.        ],0.0,0.0,0.0,0.0,0.0,0.0,[0. 0. 0. 0. 0. 0. 0. 0. 0. 0. 0. 0. 0. 0. 0. 0. 0. 0. 0. 0. 0. 0. 0. 0.
 0. 0. 0. 0. 0. 0. 0. 0. 0. 0. 0. 0.]
2.878957748413086,,4.84629040866978,-5.170701192192396,0.0,-0.0,0.0,0.984725400553658,-0.17411457579547376,[ 0.00433399 -0.00161743 -0.00029684 -0.00161743  0.00175706  0.00036485
 -0.00029684  0.00036485  0.00072661  0.          0.          0.
  0.          0.          0.          0.          0.          0.
  0.          0.          0.          0.          0.          0.
  0.          0.          0.          0.          0.          0.
  0.          0.          0.          0.          0.          0.        ],0.0,0.0,0.0,0.0,0.0,0.0,[0. 0. 0. 0. 0. 0. 0. 0. 0. 0. 0. 0. 0. 0. 0. 0. 0. 0. 0. 0. 0. 0. 0. 0.
 0. 0. 0. 0. 0. 0. 0. 0. 0. 0. 0. 0.]
2.8941290378570557,,4.84459618646226,-5.170454867721894,0.0,-0.0,0.0,0.9848501680842815,-0.17340745781067946,[ 0.00430033 -0.00168211 -0.00033411 -0.00168211  0.00197174  0.00044508
 -0.00033411  0.00044508  0.00072876  0.          0.          0.
  0.          0.          0.          0.          0.          0.
  0.          0.          0.          0.          0.          0.
  0.          0.          0.          0.          0.          0.
  0.          0.          0.          0.          0.          0.        ],0.0,0.0,0.0,0.0,0.0,0.0,[0. 0. 0. 0. 0. 0. 0. 0. 0. 0. 0. 0. 0. 0. 0. 0. 0. 0. 0. 0. 0. 0. 0. 0.
 0. 0. 0. 0. 0. 0. 0. 0. 0. 0. 0. 0.]
2.909496307373047,,4.846382395422219,-5.173478834026027,0.0,-0.0,0.0,0.9847641449385148,-0.1738953100101198,[ 0.00429843 -0.00161476 -0.00030154 -0.00161476  0.00189148  0.00041497
 -0.00030154  0.00041497  0.00071525  0.          0.          0.
  0.          0.          0.          0.          0.          0.
  0.          0.          0.          0.          0.          0.
  0.          0.          0.          0.          0.          0.
  0.          0.          0.          0.          0.          0.        ],0.0,0.0,0.0,0.0,0.0,0.0,[0. 0. 0. 0. 0. 0. 0. 0. 0. 0. 0. 0. 0. 0. 0. 0. 0. 0. 0. 0. 0. 0. 0. 0.
 0. 0. 0. 0. 0. 0. 0. 0. 0. 0. 0. 0.]
2.9291787147521973,,4.847950194031891,-5.17371216132688,0.0,-0.0,0.0,0.9848773048407251,-0.1732532666637757,[ 0.00475103 -0.00165172 -0.00042948 -0.00165172  0.00186931  0.0004353
 -0.00042948  0.0004353   0.00077162  0.          0.          0.
  0.          0.          0.          0.          0.          0.
  0.          0.          0.          0.          0.          0.
  0.          0.          0.          0.          0.          0.
  0.          0.          0.          0.          0.          0.        ],0.0,0.0,0.0,0.0,0.0,0.0,[0. 0. 0. 0. 0. 0. 0. 0. 0. 0. 0. 0. 0. 0. 0. 0. 0. 0. 0. 0. 0. 0. 0. 0.
 0. 0. 0. 0. 0. 0. 0. 0. 0. 0. 0. 0.]
2.9437687397003174,,4.846215408550029,-5.170003009632348,0.0,-0.0,0.0,0.9847058129635812,-0.17422531938766148,[ 0.00450181 -0.00141303 -0.00035773 -0.00141303  0.00157756  0.00036386
 -0.00035773  0.00036386  0.00082086  0.          0.          0.
  0.          0.          0.          0.          0.          0.
  0.          0.          0.          0.          0.          0.
  0.          0.          0.          0.          0.          0.
  0.          0.          0.          0.          0.          0.        ],0.0,0.0,0.0,0.0,0.0,0.0,[0. 0. 0. 0. 0. 0. 0. 0. 0. 0. 0. 0. 0. 0. 0. 0. 0. 0. 0. 0. 0. 0. 0. 0.
 0. 0. 0. 0. 0. 0. 0. 0. 0. 0. 0. 0.]
2.976597785949707,,4.8408444640091295,-5.1663617678438385,0.0,-0.0,0.0,0.9847459967359822,-0.173998051461667,[ 0.00410032 -0.00127165 -0.00031589 -0.00127165  0.00169568  0.00042796
 -0.00031589  0.00042796  0.00077251  0.          0.          0.
  0.          0.          0.          0.          0.          0.
  0.          0.          0.          0.          0.          0.
  0.          0.          0.          0.          0.          0.
  0.          0.          0.          0.          0.          0.        ],0.0,0.0,0.0,0.0,0.0,0.0,[0. 0. 0. 0. 0. 0. 0. 0. 0. 0. 0. 0. 0. 0. 0. 0. 0. 0. 0. 0. 0. 0. 0. 0.
 0. 0. 0. 0. 0. 0. 0. 0. 0. 0. 0. 0.]
3.005108118057251,,4.841370761197847,-5.164311512850892,0.0,-0.0,0.0,0.9847061941179579,-0.17422316512371894,[ 0.00415334 -0.00139893 -0.00037771 -0.00139893  0.00179663  0.00044342
 -0.00037771  0.00044342  0.0007653   0.          0.          0.
  0.          0.          0.          0.          0.          0.
  0.          0.          0.          0.          0.          0.
  0.          0.          0.          0.          0.          0.
  0.          0.          0.          0.          0.          0.        ],0.0,0.0,0.0,0.0,0.0,0.0,[0. 0. 0. 0. 0. 0. 0. 0. 0. 0. 0. 0. 0. 0. 0. 0. 0. 0. 0. 0. 0. 0. 0. 0.
 0. 0. 0. 0. 0. 0. 0. 0. 0. 0. 0. 0.]
3.017845392227173,,4.840365266845298,-5.164663797459463,0.0,-0.0,0.0,0.9846856574761877,-0.1743391980040286,[ 0.00421008 -0.00156052 -0.00033462 -0.00156052  0.00188149  0.00047111
 -0.00033462  0.00047111  0.00073953  0.          0.          0.
  0.          0.          0.          0.          0.          0.
  0.          0.          0.          0.          0.          0.
  0.          0.          0.          0.          0.          0.
  0.          0.          0.          0.          0.          0.        ],0.0,0.0,0.0,0.0,0.0,0.0,[0. 0. 0. 0. 0. 0. 0. 0. 0. 0. 0. 0. 0. 0. 0. 0. 0. 0. 0. 0. 0. 0. 0. 0.
 0. 0. 0. 0. 0. 0. 0. 0. 0. 0. 0. 0.]
3.041041135787964,,4.834892873949778,-5.1647198918922275,0.0,-0.0,0.0,0.9847359354628685,-0.17405498386449358,[ 0.00428971 -0.00164317 -0.00045311 -0.00164317  0.00199915  0.00047841
 -0.00045311  0.00047841  0.00073684  0.          0.          0.
  0.          0.          0.          0.          0.          0.
  0.          0.          0.          0.          0.          0.
  0.          0.          0.          0.          0.          0.
  0.          0.          0.          0.          0.          0.        ],0.0,0.0,0.0,0.0,0.0,0.0,[0. 0. 0. 0. 0. 0. 0. 0. 0. 0. 0. 0. 0. 0. 0. 0. 0. 0. 0. 0. 0. 0. 0. 0.
 0. 0. 0. 0. 0. 0. 0. 0. 0. 0. 0. 0.]
3.064412832260132,,4.839520172876234,-5.166361903277964,0.0,-0.0,0.0,0.9846728326048422,-0.17441161867821903,[ 0.00417639 -0.00160116 -0.00040726 -0.00160116  0.00212929  0.00046943
 -0.00040726  0.00046943  0.00074941  0.          0.          0.
  0.          0.          0.          0.          0.          0.
  0.          0.          0.          0.          0.          0.
  0.          0.          0.          0.          0.          0.
  0.          0.          0.          0.          0.          0.        ],0.0,0.0,0.0,0.0,0.0,0.0,[0. 0. 0. 0. 0. 0. 0. 0. 0. 0. 0. 0. 0. 0. 0. 0. 0. 0. 0. 0. 0. 0. 0. 0.
 0. 0. 0. 0. 0. 0. 0. 0. 0. 0. 0. 0.]
3.086494207382202,,4.83847583551445,-5.166979471203367,0.0,-0.0,0.0,0.9847942318676459,-0.1737248424383031,[ 0.00433499 -0.00181029 -0.00046661 -0.00181029  0.00216192  0.00052193
 -0.00046661  0.00052193  0.00074068  0.          0.          0.
  0.          0.          0.          0.          0.          0.
  0.          0.          0.          0.          0.          0.
  0.          0.          0.          0.          0.          0.
  0.          0.          0.          0.          0.          0.        ],0.0,0.0,0.0,0.0,0.0,0.0,[0. 0. 0. 0. 0. 0. 0. 0. 0. 0. 0. 0. 0. 0. 0. 0. 0. 0. 0. 0. 0. 0. 0. 0.
 0. 0. 0. 0. 0. 0. 0. 0. 0. 0. 0. 0.]
3.101320266723633,,4.842417752597337,-5.168740484770953,0.0,-0.0,0.0,0.9847850524117039,-0.17377686999850578,[ 0.00422263 -0.00183337 -0.0003984  -0.00183337  0.00227428  0.00056916
 -0.0003984   0.00056916  0.00079247  0.          0.          0.
  0.          0.          0.          0.          0.          0.
  0.          0.          0.          0.          0.          0.
  0.          0.          0.          0.          0.          0.
  0.          0.          0.          0.          0.          0.        ],0.0,0.0,0.0,0.0,0.0,0.0,[0. 0. 0. 0. 0. 0. 0. 0. 0. 0. 0. 0. 0. 0. 0. 0. 0. 0. 0. 0. 0. 0. 0. 0.
 0. 0. 0. 0. 0. 0. 0. 0. 0. 0. 0. 0.]
3.1217989921569824,,4.840014840852448,-5.170945215828312,0.0,-0.0,0.0,0.9846588562437053,-0.17449050639171804,[ 0.00455046 -0.00210299 -0.00050391 -0.00210299  0.00240866  0.00051911
 -0.00050391  0.00051911  0.00075018  0.          0.          0.
  0.          0.          0.          0.          0.          0.
  0.          0.          0.          0.          0.          0.
  0.          0.          0.          0.          0.          0.
  0.          0.          0.          0.          0.          0.        ],0.0,0.0,0.0,0.0,0.0,0.0,[0. 0. 0. 0. 0. 0. 0. 0. 0. 0. 0. 0. 0. 0. 0. 0. 0. 0. 0. 0. 0. 0. 0. 0.
 0. 0. 0. 0. 0. 0. 0. 0. 0. 0. 0. 0.]
3.1383581161499023,,4.843075302343184,-5.1702480660203305,0.0,-0.0,0.0,0.9848035298136313,-0.17367212691336575,[ 0.00427466 -0.00184914 -0.00037119 -0.00184914  0.00227196  0.00051145
 -0.00037119  0.00051145  0.00075306  0.          0.          0.
  0.          0.          0.          0.          0.          0.
  0.          0.          0.          0.          0.          0.
  0.          0.          0.          0.          0.          0.
  0.          0.          0.          0.          0.          0.        ],0.0,0.0,0.0,0.0,0.0,0.0,[0. 0. 0. 0. 0. 0. 0. 0. 0. 0. 0. 0. 0. 0. 0. 0. 0. 0. 0. 0. 0. 0. 0. 0.
 0. 0. 0. 0. 0. 0. 0. 0. 0. 0. 0. 0.]
3.1620960235595703,,4.842838225349638,-5.1715234021151,0.0,-0.0,0.0,0.9847613792960599,-0.1739109710366821,[ 0.00396889 -0.00165561 -0.00036164 -0.00165561  0.00213673  0.00043476
 -0.00036164  0.00043476  0.00068699  0.          0.          0.
  0.          0.          0.          0.          0.          0.
  0.          0.          0.          0.          0.          0.
  0.          0.          0.          0.          0.          0.
  0.          0.          0.          0.          0.          0.        ],0.0,0.0,0.0,0.0,0.0,0.0,[0. 0. 0. 0. 0. 0. 0. 0. 0. 0. 0. 0. 0. 0. 0. 0. 0. 0. 0. 0. 0. 0. 0. 0.
 0. 0. 0. 0. 0. 0. 0. 0. 0. 0. 0. 0.]
3.178662061691284,,4.839272394418689,-5.16938203737631,0.0,-0.0,0.0,0.9847711628332724,-0.173855563189691,[ 0.00431083 -0.00152437 -0.00029312 -0.00152437  0.00189818  0.00041541
 -0.00029312  0.00041541  0.00076144  0.          0.          0.
  0.          0.          0.          0.          0.          0.
  0.          0.          0.          0.          0.          0.
  0.          0.          0.          0.          0.          0.
  0.          0.          0.          0.          0.          0.        ],0.0,0.0,0.0,0.0,0.0,0.0,[0. 0. 0. 0. 0. 0. 0. 0. 0. 0. 0. 0. 0. 0. 0. 0. 0. 0. 0. 0. 0. 0. 0. 0.
 0. 0. 0. 0. 0. 0. 0. 0. 0. 0. 0. 0.]
3.215351104736328,,4.841199272342684,-5.170310607649876,0.0,-0.0,0.0,0.9848002669774093,-0.17369062772994825,[ 0.00440502 -0.00162312 -0.00032843 -0.00162312  0.00191329  0.00043354
 -0.00032843  0.00043354  0.00073529  0.          0.          0.
  0.          0.          0.          0.          0.          0.
  0.          0.          0.          0.          0.          0.
  0.          0.          0.          0.          0.          0.
  0.          0.          0.          0.          0.          0.        ],0.0,0.0,0.0,0.0,0.0,0.0,[0. 0. 0. 0. 0. 0. 0. 0. 0. 0. 0. 0. 0. 0. 0. 0. 0. 0. 0. 0. 0. 0. 0. 0.
 0. 0. 0. 0. 0. 0. 0. 0. 0. 0. 0. 0.]
3.2373359203338623,,4.8405687492951985,-5.164680160508345,0.0,-0.0,0.0,0.9846326934067116,-0.17463808025354802,[ 0.00387525 -0.00124609 -0.00027215 -0.00124609  0.00171087  0.00045006
 -0.00027215  0.00045006  0.00074344  0.          0.          0.
  0.          0.          0.          0.          0.          0.
  0.          0.          0.          0.          0.          0.
  0.          0.          0.          0.          0.          0.
  0.          0.          0.          0.          0.          0.        ],0.0,0.0,0.0,0.0,0.0,0.0,[0. 0. 0. 0. 0. 0. 0. 0. 0. 0. 0. 0. 0. 0. 0. 0. 0. 0. 0. 0. 0. 0. 0. 0.
 0. 0. 0. 0. 0. 0. 0. 0. 0. 0. 0. 0.]
3.261442184448242,,4.839339214118661,-5.1655357778602395,0.0,-0.0,0.0,0.9845540799437911,-0.1750807347084053,[ 0.00435843 -0.00165282 -0.00039723 -0.00165282  0.00202751  0.00045652
 -0.00039723  0.00045652  0.0007342   0.          0.          0.
  0.          0.          0.          0.          0.          0.
  0.          0.          0.          0.          0.          0.
  0.          0.          0.          0.          0.          0.
  0.          0.          0.          0.          0.          0.        ],0.0,0.0,0.0,0.0,0.0,0.0,[0. 0. 0. 0. 0. 0. 0. 0. 0. 0. 0. 0. 0. 0. 0. 0. 0. 0. 0. 0. 0. 0. 0. 0.
 0. 0. 0. 0. 0. 0. 0. 0. 0. 0. 0. 0.]
3.2834036350250244,,4.838869664075182,-5.167445828707765,0.0,-0.0,0.0,0.984517914170023,-0.17528398865357653,[ 0.00467799 -0.00188548 -0.00044169 -0.00188548  0.00217295  0.00051307
 -0.00044169  0.00051307  0.00075488  0.          0.          0.
  0.          0.          0.          0.          0.          0.
  0.          0.          0.          0.          0.          0.
  0.          0.          0.          0.          0.          0.
  0.          0.          0.          0.          0.          0.        ],0.0,0.0,0.0,0.0,0.0,0.0,[0. 0. 0. 0. 0. 0. 0. 0. 0. 0. 0. 0. 0. 0. 0. 0. 0. 0. 0. 0. 0. 0. 0. 0.
 0. 0. 0. 0. 0. 0. 0. 0. 0. 0. 0. 0.]
3.301424741744995,,4.838474754452463,-5.1676271208751805,0.0,-0.0,0.0,0.9846788132757036,-0.17437785033068856,[ 0.00514144 -0.00220724 -0.00047308 -0.00220724  0.00240267  0.00052571
 -0.00047308  0.00052571  0.00077749  0.          0.          0.
  0.          0.          0.          0.          0.          0.
  0.          0.          0.          0.          0.          0.
  0.          0.          0.          0.          0.          0.
  0.          0.          0.          0.          0.          0.        ],0.0,0.0,0.0,0.0,0.0,0.0,[0. 0. 0. 0. 0. 0. 0. 0. 0. 0. 0. 0. 0. 0. 0. 0. 0. 0. 0. 0. 0. 0. 0. 0.
 0. 0. 0. 0. 0. 0. 0. 0. 0. 0. 0. 0.]
3.327293872833252,,4.84313339931204,-5.170719662469219,0.0,-0.0,0.0,0.9847774832391665,-0.1738197586729807,[ 0.00447022 -0.00195344 -0.00039922 -0.00195344  0.00232322  0.00053809
 -0.00039922  0.00053809  0.00076417  0.          0.          0.
  0.          0.          0.          0.          0.          0.
  0.          0.          0.          0.          0.          0.
  0.          0.          0.          0.          0.          0.
  0.          0.          0.          0.          0.          0.        ],0.0,0.0,0.0,0.0,0.0,0.0,[0. 0. 0. 0. 0. 0. 0. 0. 0. 0. 0. 0. 0. 0. 0. 0. 0. 0. 0. 0. 0. 0. 0. 0.
 0. 0. 0. 0. 0. 0. 0. 0. 0. 0. 0. 0.]
3.3423633575439453,,4.844748770855335,-5.168114284822647,0.0,-0.0,0.0,0.9848999783742594,-0.1731243269976332,[ 0.00422789 -0.0016996  -0.00039764 -0.0016996   0.00216157  0.00048097
 -0.00039764  0.00048097  0.00078239  0.          0.          0.
  0.          0.          0.          0.          0.          0.
  0.          0.          0.          0.          0.          0.
  0.          0.          0.          0.          0.          0.
  0.          0.          0.          0.          0.          0.        ],0.0,0.0,0.0,0.0,0.0,0.0,[0. 0. 0. 0. 0. 0. 0. 0. 0. 0. 0. 0. 0. 0. 0. 0. 0. 0. 0. 0. 0. 0. 0. 0.
 0. 0. 0. 0. 0. 0. 0. 0. 0. 0. 0. 0.]
3.361248016357422,,4.849034156888358,-5.172485684413776,0.0,-0.0,0.0,0.9846806498724077,-0.17436747909760286,[ 0.00430214 -0.0017508  -0.00040604 -0.0017508   0.00216809  0.00052077
 -0.00040604  0.00052077  0.00078099  0.          0.          0.
  0.          0.          0.          0.          0.          0.
  0.          0.          0.          0.          0.          0.
  0.          0.          0.          0.          0.          0.
  0.          0.          0.          0.          0.          0.        ],0.0,0.0,0.0,0.0,0.0,0.0,[0. 0. 0. 0. 0. 0. 0. 0. 0. 0. 0. 0. 0. 0. 0. 0. 0. 0. 0. 0. 0. 0. 0. 0.
 0. 0. 0. 0. 0. 0. 0. 0. 0. 0. 0. 0.]
3.3782973289489746,,4.850956523728769,-5.17416516435225,0.0,-0.0,0.0,0.9847928982731632,-0.17373240201742207,[ 0.00436951 -0.00183022 -0.000348   -0.00183022  0.0021572   0.0004632
 -0.000348    0.0004632   0.00073668  0.          0.          0.
  0.          0.          0.          0.          0.          0.
  0.          0.          0.          0.          0.          0.
  0.          0.          0.          0.          0.          0.
  0.          0.          0.          0.          0.          0.        ],0.0,0.0,0.0,0.0,0.0,0.0,[0. 0. 0. 0. 0. 0. 0. 0. 0. 0. 0. 0. 0. 0. 0. 0. 0. 0. 0. 0. 0. 0. 0. 0.
 0. 0. 0. 0. 0. 0. 0. 0. 0. 0. 0. 0.]
3.4015417098999023,,4.846797663970492,-5.169855272992812,0.0,-0.0,0.0,0.9846003338173956,-0.1748204297176764,[ 0.00448268 -0.00176662 -0.00041059 -0.00176662  0.00208006  0.00047829
 -0.00041059  0.00047829  0.00074434  0.          0.          0.
  0.          0.          0.          0.          0.          0.
  0.          0.          0.          0.          0.          0.
  0.          0.          0.          0.          0.          0.
  0.          0.          0.          0.          0.          0.        ],0.0,0.0,0.0,0.0,0.0,0.0,[0. 0. 0. 0. 0. 0. 0. 0. 0. 0. 0. 0. 0. 0. 0. 0. 0. 0. 0. 0. 0. 0. 0. 0.
 0. 0. 0. 0. 0. 0. 0. 0. 0. 0. 0. 0.]
3.4210636615753174,,4.848293634283755,-5.170462037991564,0.0,-0.0,0.0,0.9848888778420551,-0.17318746577918806,[ 0.00433637 -0.00171707 -0.00047012 -0.00171707  0.00200114  0.0004932
 -0.00047012  0.0004932   0.00077424  0.          0.          0.
  0.          0.          0.          0.          0.          0.
  0.          0.          0.          0.          0.          0.
  0.          0.          0.          0.          0.          0.
  0.          0.          0.          0.          0.          0.        ],0.0,0.0,0.0,0.0,0.0,0.0,[0. 0. 0. 0. 0. 0. 0. 0. 0. 0. 0. 0. 0. 0. 0. 0. 0. 0. 0. 0. 0. 0. 0. 0.
 0. 0. 0. 0. 0. 0. 0. 0. 0. 0. 0. 0.]
3.4480628967285156,,4.845792990374358,-5.1674675961642835,0.0,-0.0,0.0,0.9848437409462503,-0.17344395613279529,[ 0.00402358 -0.00143966 -0.00030462 -0.00143966  0.00180625  0.0004021
 -0.00030462  0.0004021   0.0007322   0.          0.          0.
  0.          0.          0.          0.          0.          0.
  0.          0.          0.          0.          0.          0.
  0.          0.          0.          0.          0.          0.
  0.          0.          0.          0.          0.          0.        ],0.0,0.0,0.0,0.0,0.0,0.0,[0. 0. 0. 0. 0. 0. 0. 0. 0. 0. 0. 0. 0. 0. 0. 0. 0. 0. 0. 0. 0. 0. 0. 0.
 0. 0. 0. 0. 0. 0. 0. 0. 0. 0. 0. 0.]
3.4844677448272705,,4.845328041043359,-5.1673956780608705,0.0,-0.0,0.0,0.984683760998247,-0.17434990916644388,[ 0.00432668 -0.00158447 -0.00032577 -0.00158447  0.00184357  0.00039099
 -0.00032577  0.00039099  0.00069986  0.          0.          0.
  0.          0.          0.          0.          0.          0.
  0.          0.          0.          0.          0.          0.
  0.          0.          0.          0.          0.          0.
  0.          0.          0.          0.          0.          0.        ],0.0,0.0,0.0,0.0,0.0,0.0,[0. 0. 0. 0. 0. 0. 0. 0. 0. 0. 0. 0. 0. 0. 0. 0. 0. 0. 0. 0. 0. 0. 0. 0.
 0. 0. 0. 0. 0. 0. 0. 0. 0. 0. 0. 0.]
3.502620220184326,,4.836627802930314,-5.165574157591061,0.0,-0.0,0.0,0.9846477092552868,-0.17455339772779052,[ 0.00433508 -0.00161589 -0.00036977 -0.00161589  0.00190306  0.00041122
 -0.00036977  0.00041122  0.00075214  0.          0.          0.
  0.          0.          0.          0.          0.          0.
  0.          0.          0.          0.          0.          0.
  0.          0.          0.          0.          0.          0.
  0.          0.          0.          0.          0.          0.        ],0.0,0.0,0.0,0.0,0.0,0.0,[0. 0. 0. 0. 0. 0. 0. 0. 0. 0. 0. 0. 0. 0. 0. 0. 0. 0. 0. 0. 0. 0. 0. 0.
 0. 0. 0. 0. 0. 0. 0. 0. 0. 0. 0. 0.]
3.530217409133911,,4.842080674285462,-5.165863549526864,0.0,-0.0,0.0,0.984690374085016,-0.17431255601450849,[ 0.00389461 -0.00134567 -0.00037783 -0.00134567  0.00166084  0.00038317
 -0.00037783  0.00038317  0.00073024  0.          0.          0.
  0.          0.          0.          0.          0.          0.
  0.          0.          0.          0.          0.          0.
  0.          0.          0.          0.          0.          0.
  0.          0.          0.          0.          0.          0.        ],0.0,0.0,0.0,0.0,0.0,0.0,[0. 0. 0. 0. 0. 0. 0. 0. 0. 0. 0. 0. 0. 0. 0. 0. 0. 0. 0. 0. 0. 0. 0. 0.
 0. 0. 0. 0. 0. 0. 0. 0. 0. 0. 0. 0.]
3.5446298122406006,,4.843367150601692,-5.167124162661899,0.0,-0.0,0.0,0.9847459821007317,-0.17399813429018524,[ 0.00439597 -0.00152469 -0.00035309 -0.00152469  0.0017396   0.00040265
 -0.00035309  0.00040265  0.00069511  0.          0.          0.
  0.          0.          0.          0.          0.          0.
  0.          0.          0.          0.          0.          0.
  0.          0.          0.          0.          0.          0.
  0.          0.          0.          0.          0.          0.        ],0.0,0.0,0.0,0.0,0.0,0.0,[0. 0. 0. 0. 0. 0. 0. 0. 0. 0. 0. 0. 0. 0. 0. 0. 0. 0. 0. 0. 0. 0. 0. 0.
 0. 0. 0. 0. 0. 0. 0. 0. 0. 0. 0. 0.]
3.566004991531372,,4.8448006075299,-5.16857800848661,0.0,-0.0,0.0,0.9846273674732547,-0.1746681059114349,[ 0.00413373 -0.0015403  -0.00033709 -0.0015403   0.00188577  0.00041651
 -0.00033709  0.00041651  0.00073968  0.          0.          0.
  0.          0.          0.          0.          0.          0.
  0.          0.          0.          0.          0.          0.
  0.          0.          0.          0.          0.          0.
  0.          0.          0.          0.          0.          0.        ],0.0,0.0,0.0,0.0,0.0,0.0,[0. 0. 0. 0. 0. 0. 0. 0. 0. 0. 0. 0. 0. 0. 0. 0. 0. 0. 0. 0. 0. 0. 0. 0.
 0. 0. 0. 0. 0. 0. 0. 0. 0. 0. 0. 0.]
3.592829704284668,,4.846212120584937,-5.1703609975401195,0.0,-0.0,0.0,0.9847857007466249,-0.17377319587605883,[ 0.00404271 -0.00150151 -0.00041828 -0.00150151  0.00176497  0.0004399
 -0.00041828  0.0004399   0.00071551  0.          0.          0.
  0.          0.          0.          0.          0.          0.
  0.          0.          0.          0.          0.          0.
  0.          0.          0.          0.          0.          0.
  0.          0.          0.          0.          0.          0.        ],0.0,0.0,0.0,0.0,0.0,0.0,[0. 0. 0. 0. 0. 0. 0. 0. 0. 0. 0. 0. 0. 0. 0. 0. 0. 0. 0. 0. 0. 0. 0. 0.
 0. 0. 0. 0. 0. 0. 0. 0. 0. 0. 0. 0.]
3.613572835922241,,4.845523256814651,-5.168897873804425,0.0,-0.0,0.0,0.9846395117279256,-0.17459963328767972,[ 0.00441283 -0.00162427 -0.00050213 -0.00162427  0.00188916  0.00051902
 -0.00050213  0.00051902  0.00080107  0.          0.          0.
  0.          0.          0.          0.          0.          0.
  0.          0.          0.          0.          0.          0.
  0.          0.          0.          0.          0.          0.
  0.          0.          0.          0.          0.          0.        ],0.0,0.0,0.0,0.0,0.0,0.0,[0. 0. 0. 0. 0. 0. 0. 0. 0. 0. 0. 0. 0. 0. 0. 0. 0. 0. 0. 0. 0. 0. 0. 0.
 0. 0. 0. 0. 0. 0. 0. 0. 0. 0. 0. 0.]
3.636490821838379,,4.84108429885787,-5.167105981492505,0.0,-0.0,0.0,0.9846561862801821,-0.17450557246164702,[ 0.00417245 -0.00146942 -0.00029482 -0.00146942  0.00169488  0.00041017
 -0.00029482  0.00041017  0.00074056  0.          0.          0.
  0.          0.          0.          0.          0.          0.
  0.          0.          0.          0.          0.          0.
  0.          0.          0.          0.          0.          0.
  0.          0.          0.          0.          0.          0.        ],0.0,0.0,0.0,0.0,0.0,0.0,[0. 0. 0. 0. 0. 0. 0. 0. 0. 0. 0. 0. 0. 0. 0. 0. 0. 0. 0. 0. 0. 0. 0. 0.
 0. 0. 0. 0. 0. 0. 0. 0. 0. 0. 0. 0.]
3.6512796878814697,,4.840726048508025,-5.168551898899634,0.0,-0.0,0.0,0.9848894894454729,-0.17318398765427404,[ 0.00441053 -0.0015133  -0.00035876 -0.0015133   0.00166426  0.00038666
 -0.00035876  0.00038666  0.00068328  0.          0.          0.
  0.          0.          0.          0.          0.          0.
  0.          0.          0.          0.          0.          0.
  0.          0.          0.          0.          0.          0.
  0.          0.          0.          0.          0.          0.        ],0.0,0.0,0.0,0.0,0.0,0.0,[0. 0. 0. 0. 0. 0. 0. 0. 0. 0. 0. 0. 0. 0. 0. 0. 0. 0. 0. 0. 0. 0. 0. 0.
 0. 0. 0. 0. 0. 0. 0. 0. 0. 0. 0. 0.]
3.677555799484253,,4.839326203451305,-5.168619181836202,0.0,-0.0,0.0,0.984635619893131,-0.1746215795303367,[ 0.00440681 -0.00148537 -0.000379   -0.00148537  0.0016822   0.00036509
 -0.000379    0.00036509  0.00069552  0.          0.          0.
  0.          0.          0.          0.          0.          0.
  0.          0.          0.          0.          0.          0.
  0.          0.          0.          0.          0.          0.
  0.          0.          0.          0.          0.          0.        ],0.0,0.0,0.0,0.0,0.0,0.0,[0. 0. 0. 0. 0. 0. 0. 0. 0. 0. 0. 0. 0. 0. 0. 0. 0. 0. 0. 0. 0. 0. 0. 0.
 0. 0. 0. 0. 0. 0. 0. 0. 0. 0. 0. 0.]
3.7059316635131836,,4.842273555650338,-5.169290505312935,0.0,-0.0,0.0,0.9846950560980109,-0.1742861052870689,[ 0.00455885 -0.00154572 -0.00038678 -0.00154572  0.00173173  0.00038787
 -0.00038678  0.00038787  0.00070807  0.          0.          0.
  0.          0.          0.          0.          0.          0.
  0.          0.          0.          0.          0.          0.
  0.          0.          0.          0.          0.          0.
  0.          0.          0.          0.          0.          0.        ],0.0,0.0,0.0,0.0,0.0,0.0,[0. 0. 0. 0. 0. 0. 0. 0. 0. 0. 0. 0. 0. 0. 0. 0. 0. 0. 0. 0. 0. 0. 0. 0.
 0. 0. 0. 0. 0. 0. 0. 0. 0. 0. 0. 0.]
3.7366230487823486,,4.845397824313818,-5.168582656900832,0.0,-0.0,0.0,0.9845243746862534,-0.17524769798385836,[ 0.00415032 -0.00132154 -0.00035749 -0.00132154  0.00165356  0.00042447
 -0.00035749  0.00042447  0.00073137  0.          0.          0.
  0.          0.          0.          0.          0.          0.
  0.          0.          0.          0.          0.          0.
  0.          0.          0.          0.          0.          0.
  0.          0.          0.          0.          0.          0.        ],0.0,0.0,0.0,0.0,0.0,0.0,[0. 0. 0. 0. 0. 0. 0. 0. 0. 0. 0. 0. 0. 0. 0. 0. 0. 0. 0. 0. 0. 0. 0. 0.
 0. 0. 0. 0. 0. 0. 0. 0. 0. 0. 0. 0.]
3.752150774002075,,4.843995358161493,-5.168718452797458,0.0,-0.0,0.0,0.9847325933089205,-0.174073891422833,[ 0.00382096 -0.00129261 -0.00027683 -0.00129261  0.00151987  0.000344
 -0.00027683  0.000344    0.00072067  0.          0.          0.
  0.          0.          0.          0.          0.          0.
  0.          0.          0.          0.          0.          0.
  0.          0.          0.          0.          0.          0.
  0.          0.          0.          0.          0.          0.        ],0.0,0.0,0.0,0.0,0.0,0.0,[0. 0. 0. 0. 0. 0. 0. 0. 0. 0. 0. 0. 0. 0. 0. 0. 0. 0. 0. 0. 0. 0. 0. 0.
 0. 0. 0. 0. 0. 0. 0. 0. 0. 0. 0. 0.]
3.7760579586029053,,4.842491508095432,-5.169496570794307,0.0,-0.0,0.0,0.9847269328202228,-0.17410590965982842,[ 0.0038234  -0.0012559  -0.00032242 -0.0012559   0.00156794  0.00037618
 -0.00032242  0.00037618  0.00073686  0.          0.          0.
  0.          0.          0.          0.          0.          0.
  0.          0.          0.          0.          0.          0.
  0.          0.          0.          0.          0.          0.
  0.          0.          0.          0.          0.          0.        ],0.0,0.0,0.0,0.0,0.0,0.0,[0. 0. 0. 0. 0. 0. 0. 0. 0. 0. 0. 0. 0. 0. 0. 0. 0. 0. 0. 0. 0. 0. 0. 0.
 0. 0. 0. 0. 0. 0. 0. 0. 0. 0. 0. 0.]
3.8019752502441406,,4.839770857254949,-5.169830288221333,0.0,-0.0,0.0,0.984847359229174,-0.1734234096635238,[ 0.00438948 -0.00159958 -0.00030459 -0.00159958  0.0017865   0.00036999
 -0.00030459  0.00036999  0.00071288  0.          0.          0.
  0.          0.          0.          0.          0.          0.
  0.          0.          0.          0.          0.          0.
  0.          0.          0.          0.          0.          0.
  0.          0.          0.          0.          0.          0.        ],0.0,0.0,0.0,0.0,0.0,0.0,[0. 0. 0. 0. 0. 0. 0. 0. 0. 0. 0. 0. 0. 0. 0. 0. 0. 0. 0. 0. 0. 0. 0. 0.
 0. 0. 0. 0. 0. 0. 0. 0. 0. 0. 0. 0.]
3.816852331161499,,4.842422736279037,-5.1712047026975805,0.0,-0.0,0.0,0.9845734208553267,-0.1749719375935457,[ 0.00439182 -0.00158472 -0.00034898 -0.00158472  0.00190464  0.00044608
 -0.00034898  0.00044608  0.00074944  0.          0.          0.
  0.          0.          0.          0.          0.          0.
  0.          0.          0.          0.          0.          0.
  0.          0.          0.          0.          0.          0.
  0.          0.          0.          0.          0.          0.        ],0.0,0.0,0.0,0.0,0.0,0.0,[0. 0. 0. 0. 0. 0. 0. 0. 0. 0. 0. 0. 0. 0. 0. 0. 0. 0. 0. 0. 0. 0. 0. 0.
 0. 0. 0. 0. 0. 0. 0. 0. 0. 0. 0. 0.]
3.840017080307007,,4.844350911305831,-5.170409916417748,0.0,-0.0,0.0,0.9847121883478364,-0.17418928244646772,[ 0.00459599 -0.00178978 -0.00040367 -0.00178978  0.00206284  0.00050865
 -0.00040367  0.00050865  0.00080137  0.          0.          0.
  0.          0.          0.          0.          0.          0.
  0.          0.          0.          0.          0.          0.
  0.          0.          0.          0.          0.          0.
  0.          0.          0.          0.          0.          0.        ],0.0,0.0,0.0,0.0,0.0,0.0,[0. 0. 0. 0. 0. 0. 0. 0. 0. 0. 0. 0. 0. 0. 0. 0. 0. 0. 0. 0. 0. 0. 0. 0.
 0. 0. 0. 0. 0. 0. 0. 0. 0. 0. 0. 0.]
3.857994794845581,,4.840320500087405,-5.169858714155083,0.0,-0.0,0.0,0.9847131452248119,-0.17418387302347632,[ 0.00430339 -0.00164498 -0.00044253 -0.00164498  0.00187073  0.00043824
 -0.00044253  0.00043824  0.00072258  0.          0.          0.
  0.          0.          0.          0.          0.          0.
  0.          0.          0.          0.          0.          0.
  0.          0.          0.          0.          0.          0.
  0.          0.          0.          0.          0.          0.        ],0.0,0.0,0.0,0.0,0.0,0.0,[0. 0. 0. 0. 0. 0. 0. 0. 0. 0. 0. 0. 0. 0. 0. 0. 0. 0. 0. 0. 0. 0. 0. 0.
 0. 0. 0. 0. 0. 0. 0. 0. 0. 0. 0. 0.]
3.8736701011657715,,4.839516887879434,-5.167049596702058,0.0,-0.0,0.0,0.9847078054747582,-0.17421405751857602,[ 0.00431106 -0.00150086 -0.00030815 -0.00150086  0.00169209  0.00036918
 -0.00030815  0.00036918  0.00073636  0.          0.          0.
  0.          0.          0.          0.          0.          0.
  0.          0.          0.          0.          0.          0.
  0.          0.          0.          0.          0.          0.
  0.          0.          0.          0.          0.          0.        ],0.0,0.0,0.0,0.0,0.0,0.0,[0. 0. 0. 0. 0. 0. 0. 0. 0. 0. 0. 0. 0. 0. 0. 0. 0. 0. 0. 0. 0. 0. 0. 0.
 0. 0. 0. 0. 0. 0. 0. 0. 0. 0. 0. 0.]
3.8953397274017334,,4.845452473644461,-5.172182428855621,0.0,-0.0,0.0,0.9849080891025986,-0.17307817892578958,[ 0.0043513  -0.00157075 -0.0003294  -0.00157075  0.00173986  0.00034196
 -0.0003294   0.00034196  0.00069526  0.          0.          0.
  0.          0.          0.          0.          0.          0.
  0.          0.          0.          0.          0.          0.
  0.          0.          0.          0.          0.          0.
  0.          0.          0.          0.          0.          0.        ],0.0,0.0,0.0,0.0,0.0,0.0,[0. 0. 0. 0. 0. 0. 0. 0. 0. 0. 0. 0. 0. 0. 0. 0. 0. 0. 0. 0. 0. 0. 0. 0.
 0. 0. 0. 0. 0. 0. 0. 0. 0. 0. 0. 0.]
3.915339469909668,,4.844751579336529,-5.1741135915339935,0.0,-0.0,0.0,0.9848838028188814,-0.17321632412973864,[ 0.00445637 -0.00169063 -0.00036007 -0.00169063  0.001867    0.00042535
 -0.00036007  0.00042535  0.00079482  0.          0.          0.
  0.          0.          0.          0.          0.          0.
  0.          0.          0.          0.          0.          0.
  0.          0.          0.          0.          0.          0.
  0.          0.          0.          0.          0.          0.        ],0.0,0.0,0.0,0.0,0.0,0.0,[0. 0. 0. 0. 0. 0. 0. 0. 0. 0. 0. 0. 0. 0. 0. 0. 0. 0. 0. 0. 0. 0. 0. 0.
 0. 0. 0. 0. 0. 0. 0. 0. 0. 0. 0. 0.]
3.937343120574951,,4.845219647111255,-5.173324292237638,0.0,-0.0,0.0,0.9848407596593488,-0.1734608835259315,[ 0.00424243 -0.00149188 -0.00036571 -0.00149188  0.001932    0.00049096
 -0.00036571  0.00049096  0.00079131  0.          0.          0.
  0.          0.          0.          0.          0.          0.
  0.          0.          0.          0.          0.          0.
  0.          0.          0.          0.          0.          0.
  0.          0.          0.          0.          0.          0.        ],0.0,0.0,0.0,0.0,0.0,0.0,[0. 0. 0. 0. 0. 0. 0. 0. 0. 0. 0. 0. 0. 0. 0. 0. 0. 0. 0. 0. 0. 0. 0. 0.
 0. 0. 0. 0. 0. 0. 0. 0. 0. 0. 0. 0.]
3.957282543182373,,4.844646251961737,-5.1704757692521905,0.0,-0.0,0.0,0.9847418656070914,-0.1740214300615447,[ 0.00436441 -0.00156613 -0.00041177 -0.00156613  0.00201229  0.00050912
 -0.00041177  0.00050912  0.00076651  0.          0.          0.
  0.          0.          0.          0.          0.          0.
  0.          0.          0.          0.          0.          0.
  0.          0.          0.          0.          0.          0.
  0.          0.          0.          0.          0.          0.        ],0.0,0.0,0.0,0.0,0.0,0.0,[0. 0. 0. 0. 0. 0. 0. 0. 0. 0. 0. 0. 0. 0. 0. 0. 0. 0. 0. 0. 0. 0. 0. 0.
 0. 0. 0. 0. 0. 0. 0. 0. 0. 0. 0. 0.]
3.979492425918579,,4.845962313939009,-5.170161922811614,0.0,-0.0,0.0,0.984711474471088,-0.17419331802619686,[ 0.00420361 -0.00146003 -0.00039085 -0.00146003  0.00190325  0.0004466
 -0.00039085  0.0004466   0.00073149  0.          0.          0.
  0.          0.          0.          0.          0.          0.
  0.          0.          0.          0.          0.          0.
  0.          0.          0.          0.          0.          0.
  0.          0.          0.          0.          0.          0.        ],0.0,0.0,0.0,0.0,0.0,0.0,[0. 0. 0. 0. 0. 0. 0. 0. 0. 0. 0. 0. 0. 0. 0. 0. 0. 0. 0. 0. 0. 0. 0. 0.
 0. 0. 0. 0. 0. 0. 0. 0. 0. 0. 0. 0.]
4.013207197189331,,4.849034853638011,-5.171460364463451,0.0,-0.0,0.0,0.9847070783511956,-0.1742181673794451,[ 0.00417613 -0.00151328 -0.00030641 -0.00151328  0.00187717  0.00044522
 -0.00030641  0.00044522  0.00070258  0.          0.          0.
  0.          0.          0.          0.          0.          0.
  0.          0.          0.          0.          0.          0.
  0.          0.          0.          0.          0.          0.
  0.          0.          0.          0.          0.          0.        ],0.0,0.0,0.0,0.0,0.0,0.0,[0. 0. 0. 0. 0. 0. 0. 0. 0. 0. 0. 0. 0. 0. 0. 0. 0. 0. 0. 0. 0. 0. 0. 0.
 0. 0. 0. 0. 0. 0. 0. 0. 0. 0. 0. 0.]
4.028949499130249,,4.844560062789238,-5.170592144453201,0.0,-0.0,0.0,0.9848121533512938,-0.1736232202546301,[ 0.00425171 -0.00140474 -0.00038456 -0.00140474  0.00167836  0.00041506
 -0.00038456  0.00041506  0.000761    0.          0.          0.
  0.          0.          0.          0.          0.          0.
  0.          0.          0.          0.          0.          0.
  0.          0.          0.          0.          0.          0.
  0.          0.          0.          0.          0.          0.        ],0.0,0.0,0.0,0.0,0.0,0.0,[0. 0. 0. 0. 0. 0. 0. 0. 0. 0. 0. 0. 0. 0. 0. 0. 0. 0. 0. 0. 0. 0. 0. 0.
 0. 0. 0. 0. 0. 0. 0. 0. 0. 0. 0. 0.]
4.059917688369751,,4.845377106383375,-5.16850003351925,0.0,-0.0,0.0,0.9848249517613521,-0.17355061045196726,[ 0.00437461 -0.00136519 -0.00025503 -0.00136519  0.0017412   0.00039168
 -0.00025503  0.00039168  0.00079462  0.          0.          0.
  0.          0.          0.          0.          0.          0.
  0.          0.          0.          0.          0.          0.
  0.          0.          0.          0.          0.          0.
  0.          0.          0.          0.          0.          0.        ],0.0,0.0,0.0,0.0,0.0,0.0,[0. 0. 0. 0. 0. 0. 0. 0. 0. 0. 0. 0. 0. 0. 0. 0. 0. 0. 0. 0. 0. 0. 0. 0.
 0. 0. 0. 0. 0. 0. 0. 0. 0. 0. 0. 0.]
4.09479546546936,,4.843588175752768,-5.1663658920307425,0.0,-0.0,0.0,0.9846524019920663,-0.1745269241442542,[ 0.00387638 -0.0013755  -0.00038575 -0.0013755   0.00182024  0.00044896
 -0.00038575  0.00044896  0.00077876  0.          0.          0.
  0.          0.          0.          0.          0.          0.
  0.          0.          0.          0.          0.          0.
  0.          0.          0.          0.          0.          0.
  0.          0.          0.          0.          0.          0.        ],0.0,0.0,0.0,0.0,0.0,0.0,[0. 0. 0. 0. 0. 0. 0. 0. 0. 0. 0. 0. 0. 0. 0. 0. 0. 0. 0. 0. 0. 0. 0. 0.
 0. 0. 0. 0. 0. 0. 0. 0. 0. 0. 0. 0.]
4.135046720504761,,4.838172099573598,-5.165029776055977,0.0,-0.0,0.0,0.9847211071301661,-0.17413885600962184,[ 0.00406447 -0.0014083  -0.00041301 -0.0014083   0.00175443  0.00044473
 -0.00041301  0.00044473  0.00079306  0.          0.          0.
  0.          0.          0.          0.          0.          0.
  0.          0.          0.          0.          0.          0.
  0.          0.          0.          0.          0.          0.
  0.          0.          0.          0.          0.          0.        ],0.0,0.0,0.0,0.0,0.0,0.0,[0. 0. 0. 0. 0. 0. 0. 0. 0. 0. 0. 0. 0. 0. 0. 0. 0. 0. 0. 0. 0. 0. 0. 0.
 0. 0. 0. 0. 0. 0. 0. 0. 0. 0. 0. 0.]
4.162423849105835,,4.845027452982479,-5.166020863634563,0.0,-0.0,0.0,0.984841145687469,-0.17345869180007462,[ 0.00413202 -0.00145956 -0.00026348 -0.00145956  0.00184649  0.0003837
 -0.00026348  0.0003837   0.0007207   0.          0.          0.
  0.          0.          0.          0.          0.          0.
  0.          0.          0.          0.          0.          0.
  0.          0.          0.          0.          0.          0.
  0.          0.          0.          0.          0.          0.        ],0.0,0.0,0.0,0.0,0.0,0.0,[0. 0. 0. 0. 0. 0. 0. 0. 0. 0. 0. 0. 0. 0. 0. 0. 0. 0. 0. 0. 0. 0. 0. 0.
 0. 0. 0. 0. 0. 0. 0. 0. 0. 0. 0. 0.]
4.223355770111084,,4.840615585106923,-5.163213557077347,0.0,-0.0,0.0,0.9847239613988652,-0.17412271490798165,[ 0.00403571 -0.00136876 -0.00033337 -0.00136876  0.0017269   0.00039633
 -0.00033337  0.00039633  0.00075263  0.          0.          0.
  0.          0.          0.          0.          0.          0.
  0.          0.          0.          0.          0.          0.
  0.          0.          0.          0.          0.          0.
  0.          0.          0.          0.          0.          0.        ],0.15976190476190477,0.0,0.0,0.0,0.0,0.0,[0. 0. 0. 0. 0. 0. 0. 0. 0. 0. 0. 0. 0. 0. 0. 0. 0. 0. 0. 0. 0. 0. 0. 0.
 0. 0. 0. 0. 0. 0. 0. 0. 0. 0. 0. 0.]
4.246834993362427,,4.836547252048201,-5.163081192166114,0.0,-0.0,0.0,0.9846852887467893,-0.17434128061263146,[ 0.00402561 -0.00135491 -0.00025907 -0.00135491  0.00174986  0.00040577
 -0.00025907  0.00040577  0.00077595  0.          0.          0.
  0.          0.          0.          0.          0.          0.
  0.          0.          0.          0.          0.          0.
  0.          0.          0.          0.          0.          0.
  0.          0.          0.          0.          0.          0.        ],0.16380952380952382,0.0,0.0,0.0,0.0,0.0,[0. 0. 0. 0. 0. 0. 0. 0. 0. 0. 0. 0. 0. 0. 0. 0. 0. 0. 0. 0. 0. 0. 0. 0.
 0. 0. 0. 0. 0. 0. 0. 0. 0. 0. 0. 0.]
4.26435923576355,,4.833726695210953,-5.166210646388117,0.0,-0.0,0.0,0.9849458072642909,-0.1728634048967401,[ 0.00377324 -0.00112523 -0.00024116 -0.00112523  0.00153278  0.00032565
 -0.00024116  0.00032565  0.00069172  0.          0.          0.
  0.          0.          0.          0.          0.          0.
  0.          0.          0.          0.          0.          0.
  0.          0.          0.          0.          0.          0.
  0.          0.          0.          0.          0.          0.        ],0.2642857142857143,0.0,0.0,0.0,0.0,0.0,[0. 0. 0. 0. 0. 0. 0. 0. 0. 0. 0. 0. 0. 0. 0. 0. 0. 0. 0. 0. 0. 0. 0. 0.
 0. 0. 0. 0. 0. 0. 0. 0. 0. 0. 0. 0.]
4.31035852432251,,4.834544000737804,-5.165088477615736,0.0,-0.0,0.0,0.9850055463393063,-0.1725226758452486,[ 0.00379047 -0.00141748 -0.00030891 -0.00141748  0.00171742  0.00034272
 -0.00030891  0.00034272  0.00070439  0.          0.          0.
  0.          0.          0.          0.          0.          0.
  0.          0.          0.          0.          0.          0.
  0.          0.          0.          0.          0.          0.
  0.          0.          0.          0.          0.          0.        ],0.3130952380952381,0.0,0.0,0.0,0.0,0.0,[0. 0. 0. 0. 0. 0. 0. 0. 0. 0. 0. 0. 0. 0. 0. 0. 0. 0. 0. 0. 0. 0. 0. 0.
 0. 0. 0. 0. 0. 0. 0. 0. 0. 0. 0. 0.]
4.347089052200317,,4.799424820493343,-5.166296536492136,0.0,-0.0,0.0,0.989062969066266,-0.14749387520104848,[ 0.00454442 -0.00133752 -0.00038334 -0.00133752  0.00157501  0.00030952
 -0.00038334  0.00030952  0.00086415  0.          0.          0.
  0.          0.          0.          0.          0.          0.
  0.          0.          0.          0.          0.          0.
  0.          0.          0.          0.          0.          0.
  0.          0.          0.          0.          0.          0.        ],0.36,0.0,0.0,0.0,0.0,0.0,[0. 0. 0. 0. 0. 0. 0. 0. 0. 0. 0. 0. 0. 0. 0. 0. 0. 0. 0. 0. 0. 0. 0. 0.
 0. 0. 0. 0. 0. 0. 0. 0. 0. 0. 0. 0.]
4.3627588748931885,,4.771569243912788,-5.168033978507278,0.0,-0.0,0.0,0.9893215661160166,-0.14574923264893042,[ 0.00449123 -0.00137004 -0.00037268 -0.00137004  0.00169486  0.00034583
 -0.00037268  0.00034583  0.00072577  0.          0.          0.
  0.          0.          0.          0.          0.          0.
  0.          0.          0.          0.          0.          0.
  0.          0.          0.          0.          0.          0.
  0.          0.          0.          0.          0.          0.        ],0.4745238095238095,0.0,0.0,0.0,0.0,0.0,[0. 0. 0. 0. 0. 0. 0. 0. 0. 0. 0. 0. 0. 0. 0. 0. 0. 0. 0. 0. 0. 0. 0. 0.
 0. 0. 0. 0. 0. 0. 0. 0. 0. 0. 0. 0.]
4.384971618652344,,4.760179391115003,-5.162538003950652,0.0,-0.0,0.0,0.9893409968463871,-0.1456172790536794,[ 0.00434201 -0.00139058 -0.00028506 -0.00139058  0.00169805  0.00038493
 -0.00028506  0.00038493  0.00079391  0.          0.          0.
  0.          0.          0.          0.          0.          0.
  0.          0.          0.          0.          0.          0.
  0.          0.          0.          0.          0.          0.
  0.          0.          0.          0.          0.          0.        ],0.5064285714285715,0.0,0.0,0.0,0.0,0.0,[0. 0. 0. 0. 0. 0. 0. 0. 0. 0. 0. 0. 0. 0. 0. 0. 0. 0. 0. 0. 0. 0. 0. 0.
 0. 0. 0. 0. 0. 0. 0. 0. 0. 0. 0. 0.]
4.407557725906372,,4.754731331901937,-5.161614006783605,0.0,-0.0,0.0,0.989381820881749,-0.14533964534398328,[ 0.0045138  -0.00149883 -0.00050865 -0.00149883  0.00160714  0.00041534
 -0.00050865  0.00041534  0.00081897  0.          0.          0.
  0.          0.          0.          0.          0.          0.
  0.          0.          0.          0.          0.          0.
  0.          0.          0.          0.          0.          0.
  0.          0.          0.          0.          0.          0.        ],0.5369047619047619,0.0,0.0,0.0,0.0,0.0,[0. 0. 0. 0. 0. 0. 0. 0. 0. 0. 0. 0. 0. 0. 0. 0. 0. 0. 0. 0. 0. 0. 0. 0.
 0. 0. 0. 0. 0. 0. 0. 0. 0. 0. 0. 0.]
4.4330854415893555,,4.720896257902976,-5.16843629374886,0.0,-0.0,0.0,0.9911475374875467,-0.1327650516226773,[ 0.00418876 -0.0013965  -0.00034136 -0.0013965   0.00173126  0.00051883
 -0.00034136  0.00051883  0.00092324  0.          0.          0.
  0.          0.          0.          0.          0.          0.
  0.          0.          0.          0.          0.          0.
  0.          0.          0.          0.          0.          0.
  0.          0.          0.          0.          0.          0.        ],0.6028571428571429,0.0,0.0,0.0,0.0,0.0,[0. 0. 0. 0. 0. 0. 0. 0. 0. 0. 0. 0. 0. 0. 0. 0. 0. 0. 0. 0. 0. 0. 0. 0.
 0. 0. 0. 0. 0. 0. 0. 0. 0. 0. 0. 0.]
4.455962181091309,,4.701452709770879,-5.171929648743662,0.0,-0.0,0.0,0.9911471355828589,-0.13276805197747632,[ 0.00425968 -0.00140811 -0.00036456 -0.00140811  0.00178025  0.00048118
 -0.00036456  0.00048118  0.00082911  0.          0.          0.
  0.          0.          0.          0.          0.          0.
  0.          0.          0.          0.          0.          0.
  0.          0.          0.          0.          0.          0.
  0.          0.          0.          0.          0.          0.        ],0.6221428571428571,0.0,0.0,0.0,0.0,0.0,[0. 0. 0. 0. 0. 0. 0. 0. 0. 0. 0. 0. 0. 0. 0. 0. 0. 0. 0. 0. 0. 0. 0. 0.
 0. 0. 0. 0. 0. 0. 0. 0. 0. 0. 0. 0.]
4.496804714202881,,4.676105042438594,-5.162580552590653,0.0,-0.0,0.0,0.9929524062823871,-0.11851379184726614,[ 0.0045286  -0.00148888 -0.00025283 -0.00148888  0.00192629  0.00027857
 -0.00025283  0.00027857  0.00112963  0.          0.          0.
  0.          0.          0.          0.          0.          0.
  0.          0.          0.          0.          0.          0.
  0.          0.          0.          0.          0.          0.
  0.          0.          0.          0.          0.          0.        ],0.6916666666666667,0.0,0.0,0.0,0.0,0.0,[0. 0. 0. 0. 0. 0. 0. 0. 0. 0. 0. 0. 0. 0. 0. 0. 0. 0. 0. 0. 0. 0. 0. 0.
 0. 0. 0. 0. 0. 0. 0. 0. 0. 0. 0. 0.]
4.521578311920166,,4.626673896990276,-5.162142006406705,0.0,-0.0,0.0,0.9948180013788788,-0.10167174697295828,[ 0.00443053 -0.00144836 -0.0001796  -0.00144836  0.00174069  0.0003801
 -0.0001796   0.0003801   0.00080231  0.          0.          0.
  0.          0.          0.          0.          0.          0.
  0.          0.          0.          0.          0.          0.
  0.          0.          0.          0.          0.          0.
  0.          0.          0.          0.          0.          0.        ],0.7502380952380953,0.0,0.0,0.0,0.0,0.0,[0. 0. 0. 0. 0. 0. 0. 0. 0. 0. 0. 0. 0. 0. 0. 0. 0. 0. 0. 0. 0. 0. 0. 0.
 0. 0. 0. 0. 0. 0. 0. 0. 0. 0. 0. 0.]
4.556663990020752,,4.596828022565298,-5.156422675268146,0.0,-0.0,0.0,0.9952766062786716,-0.09707974554153932,[ 0.00513374 -0.00184648 -0.00029603 -0.00184648  0.00173804  0.00040365
 -0.00029603  0.00040365  0.00073347  0.          0.          0.
  0.          0.          0.          0.          0.          0.
  0.          0.          0.          0.          0.          0.
  0.          0.          0.          0.          0.          0.
  0.          0.          0.          0.          0.          0.        ],0.8085714285714286,0.0,0.0,0.0,0.0,0.0,[0. 0. 0. 0. 0. 0. 0. 0. 0. 0. 0. 0. 0. 0. 0. 0. 0. 0. 0. 0. 0. 0. 0. 0.
 0. 0. 0. 0. 0. 0. 0. 0. 0. 0. 0. 0.]
4.600257396697998,,4.571322859712564,-5.150258393075094,0.0,-0.0,0.0,0.997642916133543,-0.06861932591158759,[ 0.00442485 -0.00135514 -0.00014088 -0.00135514  0.00159372  0.00028311
 -0.00014088  0.00028311  0.00091108  0.          0.          0.
  0.          0.          0.          0.          0.          0.
  0.          0.          0.          0.          0.          0.
  0.          0.          0.          0.          0.          0.
  0.          0.          0.          0.          0.          0.        ],0.8292857142857143,0.0,0.0,0.0,0.0,0.0,[0. 0. 0. 0. 0. 0. 0. 0. 0. 0. 0. 0. 0. 0. 0. 0. 0. 0. 0. 0. 0. 0. 0. 0.
 0. 0. 0. 0. 0. 0. 0. 0. 0. 0. 0. 0.]
4.630232572555542,,4.545222750015762,-5.138953583489387,0.0,-0.0,0.0,0.9979311918880012,-0.06429102781098953,[ 0.00420893 -0.00124378 -0.00012148 -0.00124378  0.00157882  0.00031014
 -0.00012148  0.00031014  0.0007088   0.          0.          0.
  0.          0.          0.          0.          0.          0.
  0.          0.          0.          0.          0.          0.
  0.          0.          0.          0.          0.          0.
  0.          0.          0.          0.          0.          0.        ],0.8616666666666667,0.0,0.0,0.0,0.0,0.0,[0. 0. 0. 0. 0. 0. 0. 0. 0. 0. 0. 0. 0. 0. 0. 0. 0. 0. 0. 0. 0. 0. 0. 0.
 0. 0. 0. 0. 0. 0. 0. 0. 0. 0. 0. 0.]
4.663659334182739,,4.506087736983668,-5.142353710600941,0.0,-0.0,0.0,0.9986644859752294,-0.05166473121802521,[ 4.07527452e-03 -1.03534927e-03 -7.26019302e-05 -1.03534927e-03
  1.49328591e-03  4.40346263e-04 -7.26019302e-05  4.40346263e-04
  8.89220909e-04  0.00000000e+00  0.00000000e+00  0.00000000e+00
  0.00000000e+00  0.00000000e+00  0.00000000e+00  0.00000000e+00
  0.00000000e+00  0.00000000e+00  0.00000000e+00  0.00000000e+00
  0.00000000e+00  0.00000000e+00  0.00000000e+00  0.00000000e+00
  0.00000000e+00  0.00000000e+00  0.00000000e+00  0.00000000e+00
  0.00000000e+00  0.00000000e+00  0.00000000e+00  0.00000000e+00
  0.00000000e+00  0.00000000e+00  0.00000000e+00  0.00000000e+00],0.8814285714285715,0.0,0.0,0.0,0.0,0.0,[0. 0. 0. 0. 0. 0. 0. 0. 0. 0. 0. 0. 0. 0. 0. 0. 0. 0. 0. 0. 0. 0. 0. 0.
 0. 0. 0. 0. 0. 0. 0. 0. 0. 0. 0. 0.]
4.6874847412109375,,4.458973255358017,-5.1290806141667185,0.0,-0.0,0.0,0.9995879378828118,-0.028704606584796993,[ 0.00476047 -0.00104851  0.00015737 -0.00104851  0.00173851  0.00052432
  0.00015737  0.00052432  0.0011995   0.          0.          0.
  0.          0.          0.          0.          0.          0.
  0.          0.          0.          0.          0.          0.
  0.          0.          0.          0.          0.          0.
  0.          0.          0.          0.          0.          0.        ],0.9261904761904762,0.0,0.0,0.0,0.0,0.0,[0. 0. 0. 0. 0. 0. 0. 0. 0. 0. 0. 0. 0. 0. 0. 0. 0. 0. 0. 0. 0. 0. 0. 0.
 0. 0. 0. 0. 0. 0. 0. 0. 0. 0. 0. 0.]
4.713299036026001,,4.4445889871671955,-5.111960731340915,0.0,-0.0,0.0,0.9995128240244777,-0.031210809195107662,[ 0.00521186 -0.001252    0.00023968 -0.001252    0.00190796  0.00048251
  0.00023968  0.00048251  0.00116446  0.          0.          0.
  0.          0.          0.          0.          0.          0.
  0.          0.          0.          0.          0.          0.
  0.          0.          0.          0.          0.          0.
  0.          0.          0.          0.          0.          0.        ],0.9480952380952381,0.0,0.0,0.0,0.0,0.0,[0. 0. 0. 0. 0. 0. 0. 0. 0. 0. 0. 0. 0. 0. 0. 0. 0. 0. 0. 0. 0. 0. 0. 0.
 0. 0. 0. 0. 0. 0. 0. 0. 0. 0. 0. 0.]
4.741938829421997,,4.403790775774406,-5.121367562055251,0.0,-0.0,0.0,0.999976441478774,-0.006864145063170434,[ 0.00566872 -0.00139952  0.0003083  -0.00139952  0.00222308  0.00066606
  0.0003083   0.00066606  0.00136288  0.          0.          0.
  0.          0.          0.          0.          0.          0.
  0.          0.          0.          0.          0.          0.
  0.          0.          0.          0.          0.          0.
  0.          0.          0.          0.          0.          0.        ],0.9638095238095238,0.0,0.0,0.0,0.0,0.0,[0. 0. 0. 0. 0. 0. 0. 0. 0. 0. 0. 0. 0. 0. 0. 0. 0. 0. 0. 0. 0. 0. 0. 0.
 0. 0. 0. 0. 0. 0. 0. 0. 0. 0. 0. 0.]
4.75887393951416,,4.355913611995616,-5.11578408604654,0.0,0.0,0.0,0.999799249604066,0.02003647901071079,[ 0.00584647 -0.00122075  0.0004345  -0.00122075  0.00189166  0.00067653
  0.0004345   0.00067653  0.0013826   0.          0.          0.
  0.          0.          0.          0.          0.          0.
  0.          0.          0.          0.          0.          0.
  0.          0.          0.          0.          0.          0.
  0.          0.          0.          0.          0.          0.        ],0.9783333333333334,0.0,0.0,0.0,0.0,0.0,[0. 0. 0. 0. 0. 0. 0. 0. 0. 0. 0. 0. 0. 0. 0. 0. 0. 0. 0. 0. 0. 0. 0. 0.
 0. 0. 0. 0. 0. 0. 0. 0. 0. 0. 0. 0.]
4.779672384262085,,4.3254672789094375,-5.110301343721906,0.0,0.0,0.0,0.9996305808115807,0.027179071108149776,[ 0.00645198 -0.00142008  0.00035611 -0.00142008  0.0019638   0.00075195
  0.00035611  0.00075195  0.00152549  0.          0.          0.
  0.          0.          0.          0.          0.          0.
  0.          0.          0.          0.          0.          0.
  0.          0.          0.          0.          0.          0.
  0.          0.          0.          0.          0.          0.        ],0.9890476190476191,0.0,0.0,0.0,0.0,0.0,[0. 0. 0. 0. 0. 0. 0. 0. 0. 0. 0. 0. 0. 0. 0. 0. 0. 0. 0. 0. 0. 0. 0. 0.
 0. 0. 0. 0. 0. 0. 0. 0. 0. 0. 0. 0.]
4.799633264541626,,4.304974835641657,-5.105846591801752,0.0,0.0,0.0,0.9995829720372222,0.028877015310343722,[ 0.00569207 -0.00126361  0.00033413 -0.00126361  0.00205192  0.0007911
  0.00033413  0.0007911   0.00147243  0.          0.          0.
  0.          0.          0.          0.          0.          0.
  0.          0.          0.          0.          0.          0.
  0.          0.          0.          0.          0.          0.
  0.          0.          0.          0.          0.          0.        ],0.9957142857142857,0.0,0.0,0.0,0.0,0.0,[0. 0. 0. 0. 0. 0. 0. 0. 0. 0. 0. 0. 0. 0. 0. 0. 0. 0. 0. 0. 0. 0. 0. 0.
 0. 0. 0. 0. 0. 0. 0. 0. 0. 0. 0. 0.]
4.822850227355957,,4.273491931960797,-5.096298350596,0.0,0.0,0.0,0.9986202893810661,0.052512071340559,[ 0.00636346 -0.00132353  0.00041352 -0.00132353  0.00225443  0.00090743
  0.00041352  0.00090743  0.00171468  0.          0.          0.
  0.          0.          0.          0.          0.          0.
  0.          0.          0.          0.          0.          0.
  0.          0.          0.          0.          0.          0.
  0.          0.          0.          0.          0.          0.        ],0.9959523809523809,0.0,0.0,0.0,0.0,0.0,[0. 0. 0. 0. 0. 0. 0. 0. 0. 0. 0. 0. 0. 0. 0. 0. 0. 0. 0. 0. 0. 0. 0. 0.
 0. 0. 0. 0. 0. 0. 0. 0. 0. 0. 0. 0.]
4.847213506698608,,4.254186703724825,-5.084376133070143,0.0,0.0,0.0,0.9982428788913054,0.05925499761875479,[ 0.00638535 -0.00131307  0.00042547 -0.00131307  0.00244208  0.0009433
  0.00042547  0.0009433   0.00160271  0.          0.          0.
  0.          0.          0.          0.          0.          0.
  0.          0.          0.          0.          0.          0.
  0.          0.          0.          0.          0.          0.
  0.          0.          0.          0.          0.          0.        ],0.9983333333333333,0.0,0.0,0.0,0.0,0.0,[0. 0. 0. 0. 0. 0. 0. 0. 0. 0. 0. 0. 0. 0. 0. 0. 0. 0. 0. 0. 0. 0. 0. 0.
 0. 0. 0. 0. 0. 0. 0. 0. 0. 0. 0. 0.]
4.867785930633545,,4.240597330274509,-5.074665573581351,0.0,0.0,0.0,0.9978665864643121,0.06528610585768894,[ 0.00664712 -0.00109988  0.000496   -0.00109988  0.00219109  0.00091984
  0.000496    0.00091984  0.0019033   0.          0.          0.
  0.          0.          0.          0.          0.          0.
  0.          0.          0.          0.          0.          0.
  0.          0.          0.          0.          0.          0.
  0.          0.          0.          0.          0.          0.        ],1.004047619047619,0.0,0.0,0.0,0.0,0.0,[0. 0. 0. 0. 0. 0. 0. 0. 0. 0. 0. 0. 0. 0. 0. 0. 0. 0. 0. 0. 0. 0. 0. 0.
 0. 0. 0. 0. 0. 0. 0. 0. 0. 0. 0. 0.]
4.893679857254028,,4.2175145679159,-5.064798528366835,0.0,0.0,0.0,0.9958700962880326,0.09078959917999783,[ 0.00626218 -0.00104959  0.00030457 -0.00104959  0.00216601  0.00092671
  0.00030457  0.00092671  0.00169742  0.          0.          0.
  0.          0.          0.          0.          0.          0.
  0.          0.          0.          0.          0.          0.
  0.          0.          0.          0.          0.          0.
  0.          0.          0.          0.          0.          0.        ],1.0047619047619047,0.0,0.0,0.0,0.0,0.0,[0. 0. 0. 0. 0. 0. 0. 0. 0. 0. 0. 0. 0. 0. 0. 0. 0. 0. 0. 0. 0. 0. 0. 0.
 0. 0. 0. 0. 0. 0. 0. 0. 0. 0. 0. 0.]
4.925724983215332,,4.1878787908583766,-5.054029888388729,0.0,0.0,0.0,0.995178040476799,0.09808500269031253,[ 0.00607088 -0.00129684  0.00017581 -0.00129684  0.00202893  0.00086833
  0.00017581  0.00086833  0.00173157  0.          0.          0.
  0.          0.          0.          0.          0.          0.
  0.          0.          0.          0.          0.          0.
  0.          0.          0.          0.          0.          0.
  0.          0.          0.          0.          0.          0.        ],1.01,0.0,0.0,0.0,0.0,0.0,[0. 0. 0. 0. 0. 0. 0. 0. 0. 0. 0. 0. 0. 0. 0. 0. 0. 0. 0. 0. 0. 0. 0. 0.
 0. 0. 0. 0. 0. 0. 0. 0. 0. 0. 0. 0.]
4.942004680633545,,4.148284452022013,-5.034784457881936,0.0,0.0,0.0,0.9926427480133108,0.12108003475628347,[ 0.00607495 -0.00122934  0.00023723 -0.00122934  0.00195298  0.00083038
  0.00023723  0.00083038  0.00164227  0.          0.          0.
  0.          0.          0.          0.          0.          0.
  0.          0.          0.          0.          0.          0.
  0.          0.          0.          0.          0.          0.
  0.          0.          0.          0.          0.          0.        ],1.0135714285714286,0.0,0.0,0.0,0.0,0.0,[0. 0. 0. 0. 0. 0. 0. 0. 0. 0. 0. 0. 0. 0. 0. 0. 0. 0. 0. 0. 0. 0. 0. 0.
 0. 0. 0. 0. 0. 0. 0. 0. 0. 0. 0. 0.]
4.968081712722778,,4.133226535960512,-5.02602440813001,0.0,0.0,0.0,0.9915845155621257,0.12946099218461327,[ 0.00600717 -0.00106364  0.00025969 -0.00106364  0.00183001  0.00080376
  0.00025969  0.00080376  0.00171668  0.          0.          0.
  0.          0.          0.          0.          0.          0.
  0.          0.          0.          0.          0.          0.
  0.          0.          0.          0.          0.          0.
  0.          0.          0.          0.          0.          0.        ],1.0173809523809523,0.0,0.0,0.0,0.0,0.0,[0. 0. 0. 0. 0. 0. 0. 0. 0. 0. 0. 0. 0. 0. 0. 0. 0. 0. 0. 0. 0. 0. 0. 0.
 0. 0. 0. 0. 0. 0. 0. 0. 0. 0. 0. 0.]
4.994439125061035,,4.114297867389007,-5.013953184697359,0.0,0.0,0.0,0.988045699820887,0.15416126318065027,[ 0.00565704 -0.00087403  0.00040078 -0.00087403  0.00180644  0.0008067
  0.00040078  0.0008067   0.00185727  0.          0.          0.
  0.          0.          0.          0.          0.          0.
  0.          0.          0.          0.          0.          0.
  0.          0.          0.          0.          0.          0.
  0.          0.          0.          0.          0.          0.        ],1.0219047619047619,0.0,0.0,0.0,0.0,0.0,[0. 0. 0. 0. 0. 0. 0. 0. 0. 0. 0. 0. 0. 0. 0. 0. 0. 0. 0. 0. 0. 0. 0. 0.
 0. 0. 0. 0. 0. 0. 0. 0. 0. 0. 0. 0.]
5.0236451625823975,,4.081718721776498,-4.996627678361824,0.0,0.0,0.0,0.9868392405300579,0.16170440114622253,[ 0.0054042  -0.00084499  0.00029409 -0.00084499  0.00187878  0.00087973
  0.00029409  0.00087973  0.00184328  0.          0.          0.
  0.          0.          0.          0.          0.          0.
  0.          0.          0.          0.          0.          0.
  0.          0.          0.          0.          0.          0.
  0.          0.          0.          0.          0.          0.        ],1.0319047619047619,0.0,0.0,0.0,0.0,0.0,[0. 0. 0. 0. 0. 0. 0. 0. 0. 0. 0. 0. 0. 0. 0. 0. 0. 0. 0. 0. 0. 0. 0. 0.
 0. 0. 0. 0. 0. 0. 0. 0. 0. 0. 0. 0.]
5.042746305465698,,4.058065201059803,-4.981446106800203,0.0,0.0,0.0,0.9828380648378663,0.18447042664274957,[ 0.00557557 -0.00120615  0.00014691 -0.00120615  0.00202459  0.00088887
  0.00014691  0.00088887  0.00196504  0.          0.          0.
  0.          0.          0.          0.          0.          0.
  0.          0.          0.          0.          0.          0.
  0.          0.          0.          0.          0.          0.
  0.          0.          0.          0.          0.          0.        ],1.0309523809523808,0.0,0.0,0.0,0.0,0.0,[0. 0. 0. 0. 0. 0. 0. 0. 0. 0. 0. 0. 0. 0. 0. 0. 0. 0. 0. 0. 0. 0. 0. 0.
 0. 0. 0. 0. 0. 0. 0. 0. 0. 0. 0. 0.]
5.065302848815918,,4.044182093187276,-4.970453000847818,0.0,0.0,0.0,0.9813681548401503,0.19213678634149894,[ 0.0055629  -0.001157    0.00015608 -0.001157    0.00198882  0.00094382
  0.00015608  0.00094382  0.00201728  0.          0.          0.
  0.          0.          0.          0.          0.          0.
  0.          0.          0.          0.          0.          0.
  0.          0.          0.          0.          0.          0.
  0.          0.          0.          0.          0.          0.        ],1.0357142857142858,0.0,0.0,0.0,0.0,0.0,[0. 0. 0. 0. 0. 0. 0. 0. 0. 0. 0. 0. 0. 0. 0. 0. 0. 0. 0. 0. 0. 0. 0. 0.
 0. 0. 0. 0. 0. 0. 0. 0. 0. 0. 0. 0.]
5.086034536361694,,4.028855359910636,-4.954339026036325,0.0,0.0,0.0,0.9765432765586204,0.21532122284659697,[ 0.005374   -0.00110463  0.00016123 -0.00110463  0.00218127  0.0010146
  0.00016123  0.0010146   0.00214539  0.          0.          0.
  0.          0.          0.          0.          0.          0.
  0.          0.          0.          0.          0.          0.
  0.          0.          0.          0.          0.          0.
  0.          0.          0.          0.          0.          0.        ],1.0385714285714285,0.0,0.0,0.0,0.0,0.0,[0. 0. 0. 0. 0. 0. 0. 0. 0. 0. 0. 0. 0. 0. 0. 0. 0. 0. 0. 0. 0. 0. 0. 0.
 0. 0. 0. 0. 0. 0. 0. 0. 0. 0. 0. 0.]
5.139793395996094,,4.013770060342672,-4.942309360673592,0.0,0.0,0.0,0.974862906593256,0.2228055505335281,[ 0.00560298 -0.00102941  0.00017616 -0.00102941  0.00211109  0.00099553
  0.00017616  0.00099553  0.00191088  0.          0.          0.
  0.          0.          0.          0.          0.          0.
  0.          0.          0.          0.          0.          0.
  0.          0.          0.          0.          0.          0.
  0.          0.          0.          0.          0.          0.        ],1.0338095238095237,0.0,0.0,0.0,0.0,0.0,[0. 0. 0. 0. 0. 0. 0. 0. 0. 0. 0. 0. 0. 0. 0. 0. 0. 0. 0. 0. 0. 0. 0. 0.
 0. 0. 0. 0. 0. 0. 0. 0. 0. 0. 0. 0.]
5.165868759155273,,3.971850465811805,-4.912778098617875,0.0,0.0,0.0,0.9676030876876921,0.25247626561172926,[ 4.76367186e-03 -1.04299140e-03 -5.11827905e-05 -1.04299140e-03
  2.04485526e-03  1.07644558e-03 -5.11827905e-05  1.07644558e-03
  2.08046044e-03  0.00000000e+00  0.00000000e+00  0.00000000e+00
  0.00000000e+00  0.00000000e+00  0.00000000e+00  0.00000000e+00
  0.00000000e+00  0.00000000e+00  0.00000000e+00  0.00000000e+00
  0.00000000e+00  0.00000000e+00  0.00000000e+00  0.00000000e+00
  0.00000000e+00  0.00000000e+00  0.00000000e+00  0.00000000e+00
  0.00000000e+00  0.00000000e+00  0.00000000e+00  0.00000000e+00
  0.00000000e+00  0.00000000e+00  0.00000000e+00  0.00000000e+00],1.0364285714285715,0.0,0.0,0.0,0.0,0.0,[0. 0. 0. 0. 0. 0. 0. 0. 0. 0. 0. 0. 0. 0. 0. 0. 0. 0. 0. 0. 0. 0. 0. 0.
 0. 0. 0. 0. 0. 0. 0. 0. 0. 0. 0. 0.]
5.1981117725372314,,3.958512775425775,-4.898623942924551,0.0,0.0,0.0,0.9614027308458017,0.27514503288672115,[ 5.17150501e-03 -1.14369044e-03 -5.33669731e-05 -1.14369044e-03
  1.95090818e-03  9.52369082e-04 -5.33669731e-05  9.52369082e-04
  2.06799311e-03  0.00000000e+00  0.00000000e+00  0.00000000e+00
  0.00000000e+00  0.00000000e+00  0.00000000e+00  0.00000000e+00
  0.00000000e+00  0.00000000e+00  0.00000000e+00  0.00000000e+00
  0.00000000e+00  0.00000000e+00  0.00000000e+00  0.00000000e+00
  0.00000000e+00  0.00000000e+00  0.00000000e+00  0.00000000e+00
  0.00000000e+00  0.00000000e+00  0.00000000e+00  0.00000000e+00
  0.00000000e+00  0.00000000e+00  0.00000000e+00  0.00000000e+00],1.0338095238095237,0.0,0.0,0.0,0.0,0.0,[0. 0. 0. 0. 0. 0. 0. 0. 0. 0. 0. 0. 0. 0. 0. 0. 0. 0. 0. 0. 0. 0. 0. 0.
 0. 0. 0. 0. 0. 0. 0. 0. 0. 0. 0. 0.]
5.220946550369263,,3.946446219877213,-4.882952469107524,0.0,0.0,0.0,0.9594858307904834,0.28175688192535026,[ 0.00532497 -0.00092939  0.00011209 -0.00092939  0.00180498  0.00093907
  0.00011209  0.00093907  0.00196824  0.          0.          0.
  0.          0.          0.          0.          0.          0.
  0.          0.          0.          0.          0.          0.
  0.          0.          0.          0.          0.          0.
  0.          0.          0.          0.          0.          0.        ],1.0292857142857144,0.0,0.0,0.0,0.0,0.0,[0. 0. 0. 0. 0. 0. 0. 0. 0. 0. 0. 0. 0. 0. 0. 0. 0. 0. 0. 0. 0. 0. 0. 0.
 0. 0. 0. 0. 0. 0. 0. 0. 0. 0. 0. 0.]
5.2420973777771,,3.9158999064634807,-4.857071238433085,0.0,0.0,0.0,0.9530192579145174,0.30290971269350664,[ 0.00482369 -0.00091047 -0.00015137 -0.00091047  0.00183353  0.0009534
 -0.00015137  0.0009534   0.00209321  0.          0.          0.
  0.          0.          0.          0.          0.          0.
  0.          0.          0.          0.          0.          0.
  0.          0.          0.          0.          0.          0.
  0.          0.          0.          0.          0.          0.        ],1.025,0.0,0.0,0.0,0.0,0.0,[0. 0. 0. 0. 0. 0. 0. 0. 0. 0. 0. 0. 0. 0. 0. 0. 0. 0. 0. 0. 0. 0. 0. 0.
 0. 0. 0. 0. 0. 0. 0. 0. 0. 0. 0. 0.]
5.262672424316406,,3.913498341693932,-4.855299830583212,0.0,0.0,0.0,0.9501301453431029,0.3118536626533256,[ 0.00473172 -0.00095752 -0.00010321 -0.00095752  0.00184089  0.00087845
 -0.00010321  0.00087845  0.00192621  0.          0.          0.
  0.          0.          0.          0.          0.          0.
  0.          0.          0.          0.          0.          0.
  0.          0.          0.          0.          0.          0.
  0.          0.          0.          0.          0.          0.        ],1.0257142857142858,0.0,0.0,0.0,0.0,0.0,[0. 0. 0. 0. 0. 0. 0. 0. 0. 0. 0. 0. 0. 0. 0. 0. 0. 0. 0. 0. 0. 0. 0. 0.
 0. 0. 0. 0. 0. 0. 0. 0. 0. 0. 0. 0.]
5.284770250320435,,3.9001843696328926,-4.835222213335162,0.0,0.0,0.0,0.9426408865475758,0.333808566410151,[ 0.00487649 -0.00089041 -0.00011333 -0.00089041  0.00158285  0.00060904
 -0.00011333  0.00060904  0.00167747  0.          0.          0.
  0.          0.          0.          0.          0.          0.
  0.          0.          0.          0.          0.          0.
  0.          0.          0.          0.          0.          0.
  0.          0.          0.          0.          0.          0.        ],1.0292857142857144,0.0,0.0,0.0,0.0,0.0,[0. 0. 0. 0. 0. 0. 0. 0. 0. 0. 0. 0. 0. 0. 0. 0. 0. 0. 0. 0. 0. 0. 0. 0.
 0. 0. 0. 0. 0. 0. 0. 0. 0. 0. 0. 0.]
5.305871486663818,,3.8833554355254414,-4.819687680558217,0.0,0.0,0.0,0.9436709555743908,0.3308853692826507,[ 0.00520688 -0.00098701 -0.00018942 -0.00098701  0.00152409  0.00068633
 -0.00018942  0.00068633  0.00184425  0.          0.          0.
  0.          0.          0.          0.          0.          0.
  0.          0.          0.          0.          0.          0.
  0.          0.          0.          0.          0.          0.
  0.          0.          0.          0.          0.          0.        ],1.0309523809523808,0.0,0.0,0.0,0.0,0.0,[0. 0. 0. 0. 0. 0. 0. 0. 0. 0. 0. 0. 0. 0. 0. 0. 0. 0. 0. 0. 0. 0. 0. 0.
 0. 0. 0. 0. 0. 0. 0. 0. 0. 0. 0. 0.]
5.329793691635132,,3.880862708270139,-4.817649311795693,0.0,0.0,0.0,0.9406976319311334,0.3392461720921221,[ 0.00460413 -0.00077272 -0.00010959 -0.00077272  0.00132509  0.0005906
 -0.00010959  0.0005906   0.00165387  0.          0.          0.
  0.          0.          0.          0.          0.          0.
  0.          0.          0.          0.          0.          0.
  0.          0.          0.          0.          0.          0.
  0.          0.          0.          0.          0.          0.        ],1.0319047619047619,0.0,0.0,0.0,0.0,0.0,[0. 0. 0. 0. 0. 0. 0. 0. 0. 0. 0. 0. 0. 0. 0. 0. 0. 0. 0. 0. 0. 0. 0. 0.
 0. 0. 0. 0. 0. 0. 0. 0. 0. 0. 0. 0.]
5.368252754211426,,3.8649013392472846,-4.801291499778868,0.0,0.0,0.0,0.9326870898466848,0.36068655704547986,[ 4.86392207e-03 -7.60597044e-04  2.18030202e-05 -7.60597044e-04
  1.20481599e-03  3.48225313e-04  2.18030202e-05  3.48225313e-04
  1.29275331e-03  0.00000000e+00  0.00000000e+00  0.00000000e+00
  0.00000000e+00  0.00000000e+00  0.00000000e+00  0.00000000e+00
  0.00000000e+00  0.00000000e+00  0.00000000e+00  0.00000000e+00
  0.00000000e+00  0.00000000e+00  0.00000000e+00  0.00000000e+00
  0.00000000e+00  0.00000000e+00  0.00000000e+00  0.00000000e+00
  0.00000000e+00  0.00000000e+00  0.00000000e+00  0.00000000e+00
  0.00000000e+00  0.00000000e+00  0.00000000e+00  0.00000000e+00],1.0335714285714286,0.0,0.0,0.0,0.0,0.0,[0. 0. 0. 0. 0. 0. 0. 0. 0. 0. 0. 0. 0. 0. 0. 0. 0. 0. 0. 0. 0. 0. 0. 0.
 0. 0. 0. 0. 0. 0. 0. 0. 0. 0. 0. 0.]
5.412142515182495,,3.8368924994584983,-4.768704965213139,0.0,0.0,0.0,0.9246194272821908,0.3808922612660351,[ 0.00456301 -0.00067701 -0.00015611 -0.00067701  0.00101665  0.0002303
 -0.00015611  0.0002303   0.00124935  0.          0.          0.
  0.          0.          0.          0.          0.          0.
  0.          0.          0.          0.          0.          0.
  0.          0.          0.          0.          0.          0.
  0.          0.          0.          0.          0.          0.        ],1.0402380952380952,0.0,0.0,0.0,0.0,0.0,[0. 0. 0. 0. 0. 0. 0. 0. 0. 0. 0. 0. 0. 0. 0. 0. 0. 0. 0. 0. 0. 0. 0. 0.
 0. 0. 0. 0. 0. 0. 0. 0. 0. 0. 0. 0.]
5.430536985397339,,3.8184192306937854,-4.74005064795387,0.0,0.0,0.0,0.92532715508126,0.3791696929729772,[ 4.40211056e-03 -5.49746879e-04 -9.79545799e-05 -5.49746879e-04
  8.94214656e-04  2.50368537e-04 -9.79545799e-05  2.50368537e-04
  1.23481795e-03  0.00000000e+00  0.00000000e+00  0.00000000e+00
  0.00000000e+00  0.00000000e+00  0.00000000e+00  0.00000000e+00
  0.00000000e+00  0.00000000e+00  0.00000000e+00  0.00000000e+00
  0.00000000e+00  0.00000000e+00  0.00000000e+00  0.00000000e+00
  0.00000000e+00  0.00000000e+00  0.00000000e+00  0.00000000e+00
  0.00000000e+00  0.00000000e+00  0.00000000e+00  0.00000000e+00
  0.00000000e+00  0.00000000e+00  0.00000000e+00  0.00000000e+00],1.0452380952380953,0.0,0.0,0.0,0.0,0.0,[0. 0. 0. 0. 0. 0. 0. 0. 0. 0. 0. 0. 0. 0. 0. 0. 0. 0. 0. 0. 0. 0. 0. 0.
 0. 0. 0. 0. 0. 0. 0. 0. 0. 0. 0. 0.]
5.449676036834717,,3.8167972034202866,-4.7344606247409295,0.0,0.0,0.0,0.9254691479757235,0.37882298787836033,[ 0.00431522 -0.00067403 -0.00014412 -0.00067403  0.00102206  0.00034624
 -0.00014412  0.00034624  0.00133381  0.          0.          0.
  0.          0.          0.          0.          0.          0.
  0.          0.          0.          0.          0.          0.
  0.          0.          0.          0.          0.          0.
  0.          0.          0.          0.          0.          0.        ],1.0504761904761906,0.0,0.0,0.0,0.0,0.0,[0. 0. 0. 0. 0. 0. 0. 0. 0. 0. 0. 0. 0. 0. 0. 0. 0. 0. 0. 0. 0. 0. 0. 0.
 0. 0. 0. 0. 0. 0. 0. 0. 0. 0. 0. 0.]
5.466160774230957,,3.8132193455942587,-4.724938778091052,0.0,0.0,0.0,0.9264332858258258,0.3764589843714236,[ 0.00491341 -0.00083801 -0.00030621 -0.00083801  0.00108715  0.00041697
 -0.00030621  0.00041697  0.00139091  0.          0.          0.
  0.          0.          0.          0.          0.          0.
  0.          0.          0.          0.          0.          0.
  0.          0.          0.          0.          0.          0.
  0.          0.          0.          0.          0.          0.        ],1.0483333333333333,0.0,0.0,0.0,0.0,0.0,[0. 0. 0. 0. 0. 0. 0. 0. 0. 0. 0. 0. 0. 0. 0. 0. 0. 0. 0. 0. 0. 0. 0. 0.
 0. 0. 0. 0. 0. 0. 0. 0. 0. 0. 0. 0.]
5.4925291538238525,,3.797614122537882,-4.705238909910256,0.0,0.0,0.0,0.9227557045572196,0.3853854041178899,[ 0.00492867 -0.00089177 -0.00022581 -0.00089177  0.00117278  0.00029844
 -0.00022581  0.00029844  0.00167005  0.          0.          0.
  0.          0.          0.          0.          0.          0.
  0.          0.          0.          0.          0.          0.
  0.          0.          0.          0.          0.          0.
  0.          0.          0.          0.          0.          0.        ],1.0526190476190476,0.0,0.0,0.0,0.0,0.0,[0. 0. 0. 0. 0. 0. 0. 0. 0. 0. 0. 0. 0. 0. 0. 0. 0. 0. 0. 0. 0. 0. 0. 0.
 0. 0. 0. 0. 0. 0. 0. 0. 0. 0. 0. 0.]
5.507653713226318,,3.7724547241269475,-4.679178398157232,0.0,0.0,0.0,0.923564263373392,0.38344367437677684,[ 0.00468835 -0.00084184 -0.00040616 -0.00084184  0.00121831  0.00056107
 -0.00040616  0.00056107  0.00185042  0.          0.          0.
  0.          0.          0.          0.          0.          0.
  0.          0.          0.          0.          0.          0.
  0.          0.          0.          0.          0.          0.
  0.          0.          0.          0.          0.          0.        ],1.0523809523809524,0.0,0.0,0.0,0.0,0.0,[0. 0. 0. 0. 0. 0. 0. 0. 0. 0. 0. 0. 0. 0. 0. 0. 0. 0. 0. 0. 0. 0. 0. 0.
 0. 0. 0. 0. 0. 0. 0. 0. 0. 0. 0. 0.]
5.5325212478637695,,3.7533371417076475,-4.661692013574727,0.0,0.0,0.0,0.9247169690711634,0.38065539154442696,[ 0.00505291 -0.00093607 -0.00056051 -0.00093607  0.0013292   0.00063809
 -0.00056051  0.00063809  0.0018905   0.          0.          0.
  0.          0.          0.          0.          0.          0.
  0.          0.          0.          0.          0.          0.
  0.          0.          0.          0.          0.          0.
  0.          0.          0.          0.          0.          0.        ],1.0533333333333332,0.0,0.0,0.0,0.0,0.0,[0. 0. 0. 0. 0. 0. 0. 0. 0. 0. 0. 0. 0. 0. 0. 0. 0. 0. 0. 0. 0. 0. 0. 0.
 0. 0. 0. 0. 0. 0. 0. 0. 0. 0. 0. 0.]
5.551717758178711,,3.7330702800719315,-4.640596760317452,0.0,0.0,0.0,0.9268556494497062,0.375417907248926,[ 0.00513497 -0.001103   -0.00087693 -0.001103    0.00153836  0.0010348
 -0.00087693  0.0010348   0.00232698  0.          0.          0.
  0.          0.          0.          0.          0.          0.
  0.          0.          0.          0.          0.          0.
  0.          0.          0.          0.          0.          0.
  0.          0.          0.          0.          0.          0.        ],1.0473809523809523,0.0,0.0,0.0,0.0,0.0,[0. 0. 0. 0. 0. 0. 0. 0. 0. 0. 0. 0. 0. 0. 0. 0. 0. 0. 0. 0. 0. 0. 0. 0.
 0. 0. 0. 0. 0. 0. 0. 0. 0. 0. 0. 0.]
5.56725811958313,,3.7223514837275506,-4.622848304796399,0.0,0.0,0.0,0.9287593527525659,0.37068324034765143,[ 0.00553456 -0.00134102 -0.00111155 -0.00134102  0.00191789  0.00123746
 -0.00111155  0.00123746  0.00244723  0.          0.          0.
  0.          0.          0.          0.          0.          0.
  0.          0.          0.          0.          0.          0.
  0.          0.          0.          0.          0.          0.
  0.          0.          0.          0.          0.          0.        ],1.041904761904762,0.0,0.0,0.0,0.0,0.0,[0. 0. 0. 0. 0. 0. 0. 0. 0. 0. 0. 0. 0. 0. 0. 0. 0. 0. 0. 0. 0. 0. 0. 0.
 0. 0. 0. 0. 0. 0. 0. 0. 0. 0. 0. 0.]
5.591913938522339,,3.6866877091828445,-4.5888874024629684,0.0,0.0,0.0,0.9257896020995249,0.3780391681352653,[ 0.00555919 -0.00160302 -0.00108773 -0.00160302  0.00224607  0.00135438
 -0.00108773  0.00135438  0.00292507  0.          0.          0.
  0.          0.          0.          0.          0.          0.
  0.          0.          0.          0.          0.          0.
  0.          0.          0.          0.          0.          0.
  0.          0.          0.          0.          0.          0.        ],1.0445238095238096,0.0,0.0,0.0,0.0,0.0,[0. 0. 0. 0. 0. 0. 0. 0. 0. 0. 0. 0. 0. 0. 0. 0. 0. 0. 0. 0. 0. 0. 0. 0.
 0. 0. 0. 0. 0. 0. 0. 0. 0. 0. 0. 0.]
5.61396336555481,,3.663984164959181,-4.555384861012953,0.0,0.0,0.0,0.9285605923713205,0.37118085389069094,[ 0.00537644 -0.0015045  -0.00129048 -0.0015045   0.00249741  0.00160878
 -0.00129048  0.00160878  0.00301064  0.          0.          0.
  0.          0.          0.          0.          0.          0.
  0.          0.          0.          0.          0.          0.
  0.          0.          0.          0.          0.          0.
  0.          0.          0.          0.          0.          0.        ],1.049047619047619,0.0,0.0,0.0,0.0,0.0,[0. 0. 0. 0. 0. 0. 0. 0. 0. 0. 0. 0. 0. 0. 0. 0. 0. 0. 0. 0. 0. 0. 0. 0.
 0. 0. 0. 0. 0. 0. 0. 0. 0. 0. 0. 0.]
5.636231899261475,,3.6403623115181087,-4.52299626316076,0.0,0.0,0.0,0.9329910293778814,0.35989962364581773,[ 0.00559309 -0.00170574 -0.00164312 -0.00170574  0.00269496  0.00200311
 -0.00164312  0.00200311  0.00354844  0.          0.          0.
  0.          0.          0.          0.          0.          0.
  0.          0.          0.          0.          0.          0.
  0.          0.          0.          0.          0.          0.
  0.          0.          0.          0.          0.          0.        ],1.0445238095238096,0.0,0.0,0.0,0.0,0.0,[0. 0. 0. 0. 0. 0. 0. 0. 0. 0. 0. 0. 0. 0. 0. 0. 0. 0. 0. 0. 0. 0. 0. 0.
 0. 0. 0. 0. 0. 0. 0. 0. 0. 0. 0. 0.]
5.65560245513916,,3.621673162104399,-4.497962137340352,0.0,0.0,0.0,0.9345070139904675,0.3559447159358038,[ 0.00585302 -0.00176159 -0.00188009 -0.00176159  0.00272248  0.00208586
 -0.00188009  0.00208586  0.00360223  0.          0.          0.
  0.          0.          0.          0.          0.          0.
  0.          0.          0.          0.          0.          0.
  0.          0.          0.          0.          0.          0.
  0.          0.          0.          0.          0.          0.        ],1.0433333333333332,0.0,0.0,0.0,0.0,0.0,[0. 0. 0. 0. 0. 0. 0. 0. 0. 0. 0. 0. 0. 0. 0. 0. 0. 0. 0. 0. 0. 0. 0. 0.
 0. 0. 0. 0. 0. 0. 0. 0. 0. 0. 0. 0.]
5.683547019958496,,3.6092258842949683,-4.475022421801578,0.0,0.0,0.0,0.9372485518351692,0.34866194527490124,[ 0.00566042 -0.00157774 -0.00170235 -0.00157774  0.0028359   0.00215523
 -0.00170235  0.00215523  0.00361767  0.          0.          0.
  0.          0.          0.          0.          0.          0.
  0.          0.          0.          0.          0.          0.
  0.          0.          0.          0.          0.          0.
  0.          0.          0.          0.          0.          0.        ],1.0447619047619048,0.0,0.0,0.0,0.0,0.0,[0. 0. 0. 0. 0. 0. 0. 0. 0. 0. 0. 0. 0. 0. 0. 0. 0. 0. 0. 0. 0. 0. 0. 0.
 0. 0. 0. 0. 0. 0. 0. 0. 0. 0. 0. 0.]
5.7018938064575195,,3.5674446501431283,-4.431656194815776,0.0,0.0,0.0,0.935776287040494,0.352594300312281,[ 0.00593198 -0.00171769 -0.00208146 -0.00171769  0.00279282  0.00220804
 -0.00208146  0.00220804  0.00381535  0.          0.          0.
  0.          0.          0.          0.          0.          0.
  0.          0.          0.          0.          0.          0.
  0.          0.          0.          0.          0.          0.
  0.          0.          0.          0.          0.          0.        ],1.0409523809523809,0.0,0.0,0.0,0.0,0.0,[0. 0. 0. 0. 0. 0. 0. 0. 0. 0. 0. 0. 0. 0. 0. 0. 0. 0. 0. 0. 0. 0. 0. 0.
 0. 0. 0. 0. 0. 0. 0. 0. 0. 0. 0. 0.]
5.715617895126343,,3.5434957228900785,-4.40873844192741,0.0,0.0,0.0,0.9379989792671412,0.3466380170924726,[ 0.00568606 -0.00152075 -0.00193086 -0.00152075  0.00294169  0.0023001
 -0.00193086  0.0023001   0.00391095  0.          0.          0.
  0.          0.          0.          0.          0.          0.
  0.          0.          0.          0.          0.          0.
  0.          0.          0.          0.          0.          0.
  0.          0.          0.          0.          0.          0.        ],1.0383333333333333,0.0,0.0,0.0,0.0,0.0,[0. 0. 0. 0. 0. 0. 0. 0. 0. 0. 0. 0. 0. 0. 0. 0. 0. 0. 0. 0. 0. 0. 0. 0.
 0. 0. 0. 0. 0. 0. 0. 0. 0. 0. 0. 0.]
5.745116233825684,,3.5245898278810697,-4.3835789716466715,0.0,0.0,0.0,0.9408641113195769,0.3387841850364666,[ 0.00609538 -0.00154619 -0.00205925 -0.00154619  0.00330021  0.00250137
 -0.00205925  0.00250137  0.00409256  0.          0.          0.
  0.          0.          0.          0.          0.          0.
  0.          0.          0.          0.          0.          0.
  0.          0.          0.          0.          0.          0.
  0.          0.          0.          0.          0.          0.        ],1.0411904761904762,0.0,0.0,0.0,0.0,0.0,[0. 0. 0. 0. 0. 0. 0. 0. 0. 0. 0. 0. 0. 0. 0. 0. 0. 0. 0. 0. 0. 0. 0. 0.
 0. 0. 0. 0. 0. 0. 0. 0. 0. 0. 0. 0.]
5.772874593734741,,3.5053040750031683,-4.363844805483666,0.0,0.0,0.0,0.9425667979247799,0.33401771128164304,[ 0.00603584 -0.00165167 -0.00239788 -0.00165167  0.00338108  0.00270636
 -0.00239788  0.00270636  0.00449914  0.          0.          0.
  0.          0.          0.          0.          0.          0.
  0.          0.          0.          0.          0.          0.
  0.          0.          0.          0.          0.          0.
  0.          0.          0.          0.          0.          0.        ],1.0409523809523809,0.0,0.0,0.0,0.0,0.0,[0. 0. 0. 0. 0. 0. 0. 0. 0. 0. 0. 0. 0. 0. 0. 0. 0. 0. 0. 0. 0. 0. 0. 0.
 0. 0. 0. 0. 0. 0. 0. 0. 0. 0. 0. 0.]
5.807933807373047,,3.479029996468016,-4.32694342369407,0.0,0.0,0.0,0.9401498210513553,0.3407613739511929,[ 0.00544648 -0.00140922 -0.00203213 -0.00140922  0.00344196  0.00253667
 -0.00203213  0.00253667  0.00392663  0.          0.          0.
  0.          0.          0.          0.          0.          0.
  0.          0.          0.          0.          0.          0.
  0.          0.          0.          0.          0.          0.
  0.          0.          0.          0.          0.          0.        ],1.0385714285714285,0.0,0.0,0.0,0.0,0.0,[0. 0. 0. 0. 0. 0. 0. 0. 0. 0. 0. 0. 0. 0. 0. 0. 0. 0. 0. 0. 0. 0. 0. 0.
 0. 0. 0. 0. 0. 0. 0. 0. 0. 0. 0. 0.]
5.823382377624512,,3.4454272706628433,-4.293137444207901,0.0,0.0,0.0,0.9432519282766318,0.3320780025873675,[ 0.00522323 -0.00139755 -0.00201352 -0.00139755  0.00313157  0.00231315
 -0.00201352  0.00231315  0.0039038   0.          0.          0.
  0.          0.          0.          0.          0.          0.
  0.          0.          0.          0.          0.          0.
  0.          0.          0.          0.          0.          0.
  0.          0.          0.          0.          0.          0.        ],1.042142857142857,0.0,0.0,0.0,0.0,0.0,[0. 0. 0. 0. 0. 0. 0. 0. 0. 0. 0. 0. 0. 0. 0. 0. 0. 0. 0. 0. 0. 0. 0. 0.
 0. 0. 0. 0. 0. 0. 0. 0. 0. 0. 0. 0.]
5.842754125595093,,3.4345922455543687,-4.278341123476394,0.0,0.0,0.0,0.9449352007205718,0.32725749256384146,[ 0.00531452 -0.00143462 -0.00195993 -0.00143462  0.00334271  0.00244256
 -0.00195993  0.00244256  0.00409692  0.          0.          0.
  0.          0.          0.          0.          0.          0.
  0.          0.          0.          0.          0.          0.
  0.          0.          0.          0.          0.          0.
  0.          0.          0.          0.          0.          0.        ],1.035952380952381,0.0,0.0,0.0,0.0,0.0,[0. 0. 0. 0. 0. 0. 0. 0. 0. 0. 0. 0. 0. 0. 0. 0. 0. 0. 0. 0. 0. 0. 0. 0.
 0. 0. 0. 0. 0. 0. 0. 0. 0. 0. 0. 0.]
5.862704753875732,,3.41440006132385,-4.259278518810652,0.0,0.0,0.0,0.9400655153455522,0.340993880968708,[ 0.0046276  -0.00098689 -0.00158769 -0.00098689  0.0028388   0.00190447
 -0.00158769  0.00190447  0.0035471   0.          0.          0.
  0.          0.          0.          0.          0.          0.
  0.          0.          0.          0.          0.          0.
  0.          0.          0.          0.          0.          0.
  0.          0.          0.          0.          0.          0.        ],1.033095238095238,0.0,0.0,0.0,0.0,0.0,[0. 0. 0. 0. 0. 0. 0. 0. 0. 0. 0. 0. 0. 0. 0. 0. 0. 0. 0. 0. 0. 0. 0. 0.
 0. 0. 0. 0. 0. 0. 0. 0. 0. 0. 0. 0.]
5.882500886917114,,3.4016423833729275,-4.243113747794785,0.0,0.0,0.0,0.9411178192935743,0.3380787633201874,[ 0.00422489 -0.00074287 -0.00133903 -0.00074287  0.00237927  0.00156186
 -0.00133903  0.00156186  0.00313214  0.          0.          0.
  0.          0.          0.          0.          0.          0.
  0.          0.          0.          0.          0.          0.
  0.          0.          0.          0.          0.          0.
  0.          0.          0.          0.          0.          0.        ],1.0314285714285714,0.0,0.0,0.0,0.0,0.0,[0. 0. 0. 0. 0. 0. 0. 0. 0. 0. 0. 0. 0. 0. 0. 0. 0. 0. 0. 0. 0. 0. 0. 0.
 0. 0. 0. 0. 0. 0. 0. 0. 0. 0. 0. 0.]
5.910146474838257,,3.3928147257340204,-4.22952302793411,0.0,0.0,0.0,0.9416734627043949,0.336527992354744,[ 0.00450183 -0.00091164 -0.00138735 -0.00091164  0.0025279   0.00148021
 -0.00138735  0.00148021  0.00292814  0.          0.          0.
  0.          0.          0.          0.          0.          0.
  0.          0.          0.          0.          0.          0.
  0.          0.          0.          0.          0.          0.
  0.          0.          0.          0.          0.          0.        ],1.0292857142857144,0.0,0.0,0.0,0.0,0.0,[0. 0. 0. 0. 0. 0. 0. 0. 0. 0. 0. 0. 0. 0. 0. 0. 0. 0. 0. 0. 0. 0. 0. 0.
 0. 0. 0. 0. 0. 0. 0. 0. 0. 0. 0. 0.]
5.926886081695557,,3.3858233964310793,-4.220561590457877,0.0,0.0,0.0,0.9423359589608077,0.33466840372137746,[ 0.00442755 -0.0008638  -0.00128055 -0.0008638   0.0025683   0.00147363
 -0.00128055  0.00147363  0.00281182  0.          0.          0.
  0.          0.          0.          0.          0.          0.
  0.          0.          0.          0.          0.          0.
  0.          0.          0.          0.          0.          0.
  0.          0.          0.          0.          0.          0.        ],1.0295238095238095,0.0,0.0,0.0,0.0,0.0,[0. 0. 0. 0. 0. 0. 0. 0. 0. 0. 0. 0. 0. 0. 0. 0. 0. 0. 0. 0. 0. 0. 0. 0.
 0. 0. 0. 0. 0. 0. 0. 0. 0. 0. 0. 0.]
5.949402570724487,,3.3842288406498624,-4.215741321161835,0.0,0.0,0.0,0.9417795726566797,0.33623092737968335,[ 0.00503162 -0.00108176 -0.00148422 -0.00108176  0.00273922  0.00156366
 -0.00148422  0.00156366  0.00296031  0.          0.          0.
  0.          0.          0.          0.          0.          0.
  0.          0.          0.          0.          0.          0.
  0.          0.          0.          0.          0.          0.
  0.          0.          0.          0.          0.          0.        ],1.032857142857143,0.0,0.0,0.0,0.0,0.0,[0. 0. 0. 0. 0. 0. 0. 0. 0. 0. 0. 0. 0. 0. 0. 0. 0. 0. 0. 0. 0. 0. 0. 0.
 0. 0. 0. 0. 0. 0. 0. 0. 0. 0. 0. 0.]
5.968921661376953,,3.3799372130016394,-4.2134824730956595,0.0,0.0,0.0,0.9343041518853146,0.3564768600763071,[ 0.00482321 -0.00113184 -0.00138422 -0.00113184  0.00262087  0.00160133
 -0.00138422  0.00160133  0.00327906  0.          0.          0.
  0.          0.          0.          0.          0.          0.
  0.          0.          0.          0.          0.          0.
  0.          0.          0.          0.          0.          0.
  0.          0.          0.          0.          0.          0.        ],1.0302380952380952,0.0,0.0,0.0,0.0,0.0,[0. 0. 0. 0. 0. 0. 0. 0. 0. 0. 0. 0. 0. 0. 0. 0. 0. 0. 0. 0. 0. 0. 0. 0.
 0. 0. 0. 0. 0. 0. 0. 0. 0. 0. 0. 0.]
5.9871790409088135,,3.3701776895440996,-4.203739331658894,0.0,0.0,0.0,0.9346292125801596,0.3556237266997111,[ 0.00488599 -0.00123106 -0.00160711 -0.00123106  0.00263046  0.00158172
 -0.00160711  0.00158172  0.00324231  0.          0.          0.
  0.          0.          0.          0.          0.          0.
  0.          0.          0.          0.          0.          0.
  0.          0.          0.          0.          0.          0.
  0.          0.          0.          0.          0.          0.        ],1.0278571428571428,0.0,0.0,0.0,0.0,0.0,[0. 0. 0. 0. 0. 0. 0. 0. 0. 0. 0. 0. 0. 0. 0. 0. 0. 0. 0. 0. 0. 0. 0. 0.
 0. 0. 0. 0. 0. 0. 0. 0. 0. 0. 0. 0.]
6.018956899642944,,3.3696535396148035,-4.199411340397502,0.0,0.0,0.0,0.9327476115259562,0.3605300170479898,[ 0.00531005 -0.00115729 -0.00165023 -0.00115729  0.00268263  0.00155031
 -0.00165023  0.00155031  0.00307213  0.          0.          0.
  0.          0.          0.          0.          0.          0.
  0.          0.          0.          0.          0.          0.
  0.          0.          0.          0.          0.          0.
  0.          0.          0.          0.          0.          0.        ],1.0276190476190477,0.0,0.0,0.0,0.0,0.0,[0. 0. 0. 0. 0. 0. 0. 0. 0. 0. 0. 0. 0. 0. 0. 0. 0. 0. 0. 0. 0. 0. 0. 0.
 0. 0. 0. 0. 0. 0. 0. 0. 0. 0. 0. 0.]
6.045850992202759,,3.331132604541262,-4.169062006568901,0.0,0.0,0.0,0.9320789430609485,0.3622552192893638,[ 0.00485004 -0.00113465 -0.00186352 -0.00113465  0.00252088  0.00161057
 -0.00186352  0.00161057  0.00257553  0.          0.          0.
  0.          0.          0.          0.          0.          0.
  0.          0.          0.          0.          0.          0.
  0.          0.          0.          0.          0.          0.
  0.          0.          0.          0.          0.          0.        ],1.0273809523809523,0.0,0.0,0.0,0.0,0.0,[0. 0. 0. 0. 0. 0. 0. 0. 0. 0. 0. 0. 0. 0. 0. 0. 0. 0. 0. 0. 0. 0. 0. 0.
 0. 0. 0. 0. 0. 0. 0. 0. 0. 0. 0. 0.]
6.093301773071289,,3.3014476635214254,-4.138037413928857,0.0,0.0,0.0,0.9352470010709802,0.35399582905415405,[ 0.00440021 -0.00110122 -0.0017198  -0.00110122  0.00237762  0.0015101
 -0.0017198   0.0015101   0.00230694  0.          0.          0.
  0.          0.          0.          0.          0.          0.
  0.          0.          0.          0.          0.          0.
  0.          0.          0.          0.          0.          0.
  0.          0.          0.          0.          0.          0.        ],1.023095238095238,0.0,0.0,0.0,0.0,0.0,[0. 0. 0. 0. 0. 0. 0. 0. 0. 0. 0. 0. 0. 0. 0. 0. 0. 0. 0. 0. 0. 0. 0. 0.
 0. 0. 0. 0. 0. 0. 0. 0. 0. 0. 0. 0.]
6.119587421417236,,3.281586796238315,-4.112591584949419,0.0,0.0,0.0,0.9378422179194552,0.3470619170809686,[ 0.00428496 -0.00112551 -0.00157999 -0.00112551  0.00232591  0.00136009
 -0.00157999  0.00136009  0.0022184   0.          0.          0.
  0.          0.          0.          0.          0.          0.
  0.          0.          0.          0.          0.          0.
  0.          0.          0.          0.          0.          0.
  0.          0.          0.          0.          0.          0.        ],1.0307142857142857,0.0,0.0,0.0,0.0,0.0,[0. 0. 0. 0. 0. 0. 0. 0. 0. 0. 0. 0. 0. 0. 0. 0. 0. 0. 0. 0. 0. 0. 0. 0.
 0. 0. 0. 0. 0. 0. 0. 0. 0. 0. 0. 0.]
6.157961368560791,,3.2586502462408236,-4.09117733538032,0.0,0.0,0.0,0.930119892888231,0.3672560208540978,[ 0.00435091 -0.00118239 -0.00189319 -0.00118239  0.00244831  0.00162866
 -0.00189319  0.00162866  0.00269365  0.          0.          0.
  0.          0.          0.          0.          0.          0.
  0.          0.          0.          0.          0.          0.
  0.          0.          0.          0.          0.          0.
  0.          0.          0.          0.          0.          0.        ],1.0247619047619048,0.0,0.0,0.0,0.0,0.0,[0. 0. 0. 0. 0. 0. 0. 0. 0. 0. 0. 0. 0. 0. 0. 0. 0. 0. 0. 0. 0. 0. 0. 0.
 0. 0. 0. 0. 0. 0. 0. 0. 0. 0. 0. 0.]
6.181012153625488,,3.232185133218124,-4.068322944411596,0.0,0.0,0.0,0.9330268253091001,0.359806813795434,[ 0.00495737 -0.00179684 -0.00234076 -0.00179684  0.00277071  0.00189668
 -0.00234076  0.00189668  0.00310546  0.          0.          0.
  0.          0.          0.          0.          0.          0.
  0.          0.          0.          0.          0.          0.
  0.          0.          0.          0.          0.          0.
  0.          0.          0.          0.          0.          0.        ],1.0254761904761904,0.0,0.0,0.0,0.0,0.0,[0. 0. 0. 0. 0. 0. 0. 0. 0. 0. 0. 0. 0. 0. 0. 0. 0. 0. 0. 0. 0. 0. 0. 0.
 0. 0. 0. 0. 0. 0. 0. 0. 0. 0. 0. 0.]
6.220859050750732,,3.227474951334135,-4.061103554793991,0.0,0.0,0.0,0.9337345301280309,0.3579662375791681,[ 0.00535147 -0.00220274 -0.00253958 -0.00220274  0.00318653  0.00203611
 -0.00253958  0.00203611  0.00308679  0.          0.          0.
  0.          0.          0.          0.          0.          0.
  0.          0.          0.          0.          0.          0.
  0.          0.          0.          0.          0.          0.
  0.          0.          0.          0.          0.          0.        ],1.0188095238095238,0.0,0.0,0.0,0.0,0.0,[0. 0. 0. 0. 0. 0. 0. 0. 0. 0. 0. 0. 0. 0. 0. 0. 0. 0. 0. 0. 0. 0. 0. 0.
 0. 0. 0. 0. 0. 0. 0. 0. 0. 0. 0. 0.]
6.245039224624634,,3.1948865723530084,-4.030331198127254,0.0,0.0,0.0,0.9439061016000551,0.3302139781447577,[ 0.00487066 -0.00176691 -0.00224776 -0.00176691  0.00303253  0.00196782
 -0.00224776  0.00196782  0.00272916  0.          0.          0.
  0.          0.          0.          0.          0.          0.
  0.          0.          0.          0.          0.          0.
  0.          0.          0.          0.          0.          0.
  0.          0.          0.          0.          0.          0.        ],1.016904761904762,0.0,0.0,0.0,0.0,0.0,[0. 0. 0. 0. 0. 0. 0. 0. 0. 0. 0. 0. 0. 0. 0. 0. 0. 0. 0. 0. 0. 0. 0. 0.
 0. 0. 0. 0. 0. 0. 0. 0. 0. 0. 0. 0.]
6.267127990722656,,3.173278289960335,-4.015801593106684,0.0,0.0,0.0,0.9470233409990354,0.32116474215427937,[ 0.0048071  -0.00147176 -0.0019995  -0.00147176  0.00253676  0.00154291
 -0.0019995   0.00154291  0.00228497  0.          0.          0.
  0.          0.          0.          0.          0.          0.
  0.          0.          0.          0.          0.          0.
  0.          0.          0.          0.          0.          0.
  0.          0.          0.          0.          0.          0.        ],1.0135714285714286,0.0,0.0,0.0,0.0,0.0,[0. 0. 0. 0. 0. 0. 0. 0. 0. 0. 0. 0. 0. 0. 0. 0. 0. 0. 0. 0. 0. 0. 0. 0.
 0. 0. 0. 0. 0. 0. 0. 0. 0. 0. 0. 0.]
6.292466640472412,,3.1555817628476093,-4.005350108748373,0.0,0.0,0.0,0.9492185071055599,0.31461758655277383,[ 0.00459894 -0.0012592  -0.00190126 -0.0012592   0.00237027  0.00134272
 -0.00190126  0.00134272  0.0021958   0.          0.          0.
  0.          0.          0.          0.          0.          0.
  0.          0.          0.          0.          0.          0.
  0.          0.          0.          0.          0.          0.
  0.          0.          0.          0.          0.          0.        ],1.0147619047619048,0.0,0.0,0.0,0.0,0.0,[0. 0. 0. 0. 0. 0. 0. 0. 0. 0. 0. 0. 0. 0. 0. 0. 0. 0. 0. 0. 0. 0. 0. 0.
 0. 0. 0. 0. 0. 0. 0. 0. 0. 0. 0. 0.]
6.313117504119873,,3.1465122297590216,-4.0022689988903295,0.0,0.0,0.0,0.9502284222286852,0.311554081322623,[ 0.00480933 -0.0014479  -0.00209495 -0.0014479   0.00238358  0.00153356
 -0.00209495  0.00153356  0.00239848  0.          0.          0.
  0.          0.          0.          0.          0.          0.
  0.          0.          0.          0.          0.          0.
  0.          0.          0.          0.          0.          0.
  0.          0.          0.          0.          0.          0.        ],1.015,0.0,0.0,0.0,0.0,0.0,[0. 0. 0. 0. 0. 0. 0. 0. 0. 0. 0. 0. 0. 0. 0. 0. 0. 0. 0. 0. 0. 0. 0. 0.
 0. 0. 0. 0. 0. 0. 0. 0. 0. 0. 0. 0.]
6.3277928829193115,,3.134456505935647,-3.9967568356146628,0.0,0.0,0.0,0.9509610942894604,0.3093105189737201,[ 0.00483025 -0.00154865 -0.00210623 -0.00154865  0.00235186  0.00141596
 -0.00210623  0.00141596  0.00230637  0.          0.          0.
  0.          0.          0.          0.          0.          0.
  0.          0.          0.          0.          0.          0.
  0.          0.          0.          0.          0.          0.
  0.          0.          0.          0.          0.          0.        ],1.0166666666666666,0.0,0.0,0.0,0.0,0.0,[0. 0. 0. 0. 0. 0. 0. 0. 0. 0. 0. 0. 0. 0. 0. 0. 0. 0. 0. 0. 0. 0. 0. 0.
 0. 0. 0. 0. 0. 0. 0. 0. 0. 0. 0. 0.]
6.3452231884002686,,3.118072953686298,-3.991004659262048,0.0,0.0,0.0,0.9525547251840532,0.30436736935738207,[ 0.00561265 -0.00176212 -0.00245621 -0.00176212  0.00235151  0.00149116
 -0.00245621  0.00149116  0.00255531  0.          0.          0.
  0.          0.          0.          0.          0.          0.
  0.          0.          0.          0.          0.          0.
  0.          0.          0.          0.          0.          0.
  0.          0.          0.          0.          0.          0.        ],1.0188095238095238,0.0,0.0,0.0,0.0,0.0,[0. 0. 0. 0. 0. 0. 0. 0. 0. 0. 0. 0. 0. 0. 0. 0. 0. 0. 0. 0. 0. 0. 0. 0.
 0. 0. 0. 0. 0. 0. 0. 0. 0. 0. 0. 0.]
6.370357036590576,,3.1073363049255964,-3.985550018228605,0.0,0.0,0.0,0.9538755990488761,0.30020216777889486,[ 0.00542983 -0.00170343 -0.00243065 -0.00170343  0.00234542  0.0015528
 -0.00243065  0.0015528   0.00272319  0.          0.          0.
  0.          0.          0.          0.          0.          0.
  0.          0.          0.          0.          0.          0.
  0.          0.          0.          0.          0.          0.
  0.          0.          0.          0.          0.          0.        ],1.0192857142857144,0.0,0.0,0.0,0.0,0.0,[0. 0. 0. 0. 0. 0. 0. 0. 0. 0. 0. 0. 0. 0. 0. 0. 0. 0. 0. 0. 0. 0. 0. 0.
 0. 0. 0. 0. 0. 0. 0. 0. 0. 0. 0. 0.]
6.398258924484253,,3.078747009950092,-3.971894037025935,0.0,0.0,0.0,0.9538650194718321,0.3002357817249659,[ 0.00550105 -0.0015406  -0.00237522 -0.0015406   0.00224645  0.00150846
 -0.00237522  0.00150846  0.00253354  0.          0.          0.
  0.          0.          0.          0.          0.          0.
  0.          0.          0.          0.          0.          0.
  0.          0.          0.          0.          0.          0.
  0.          0.          0.          0.          0.          0.        ],1.0183333333333333,0.0,0.0,0.0,0.0,0.0,[0. 0. 0. 0. 0. 0. 0. 0. 0. 0. 0. 0. 0. 0. 0. 0. 0. 0. 0. 0. 0. 0. 0. 0.
 0. 0. 0. 0. 0. 0. 0. 0. 0. 0. 0. 0.]
6.414367914199829,,3.0505275872818043,-3.960506817831281,0.0,0.0,0.0,0.9549124222492551,0.2968876316623182,[ 0.00581002 -0.00146911 -0.00246183 -0.00146911  0.00221343  0.00136039
 -0.00246183  0.00136039  0.00250739  0.          0.          0.
  0.          0.          0.          0.          0.          0.
  0.          0.          0.          0.          0.          0.
  0.          0.          0.          0.          0.          0.
  0.          0.          0.          0.          0.          0.        ],1.0197619047619049,0.0,0.0,0.0,0.0,0.0,[0. 0. 0. 0. 0. 0. 0. 0. 0. 0. 0. 0. 0. 0. 0. 0. 0. 0. 0. 0. 0. 0. 0. 0.
 0. 0. 0. 0. 0. 0. 0. 0. 0. 0. 0. 0.]
6.431565523147583,,3.0334990909645527,-3.946351042942172,0.0,0.0,0.0,0.9561846895032616,0.2927641363957531,[ 0.00556993 -0.00168506 -0.0025971  -0.00168506  0.00237498  0.00156013
 -0.0025971   0.00156013  0.00261212  0.          0.          0.
  0.          0.          0.          0.          0.          0.
  0.          0.          0.          0.          0.          0.
  0.          0.          0.          0.          0.          0.
  0.          0.          0.          0.          0.          0.        ],1.019047619047619,0.0,0.0,0.0,0.0,0.0,[0. 0. 0. 0. 0. 0. 0. 0. 0. 0. 0. 0. 0. 0. 0. 0. 0. 0. 0. 0. 0. 0. 0. 0.
 0. 0. 0. 0. 0. 0. 0. 0. 0. 0. 0. 0.]
6.447766304016113,,3.0165963772875473,-3.9347411105617005,0.0,0.0,0.0,0.9579378255132565,0.2869758220668316,[ 0.00530344 -0.00150182 -0.00239647 -0.00150182  0.0024319   0.00147251
 -0.00239647  0.00147251  0.00245311  0.          0.          0.
  0.          0.          0.          0.          0.          0.
  0.          0.          0.          0.          0.          0.
  0.          0.          0.          0.          0.          0.
  0.          0.          0.          0.          0.          0.        ],1.0207142857142857,0.0,0.0,0.0,0.0,0.0,[0. 0. 0. 0. 0. 0. 0. 0. 0. 0. 0. 0. 0. 0. 0. 0. 0. 0. 0. 0. 0. 0. 0. 0.
 0. 0. 0. 0. 0. 0. 0. 0. 0. 0. 0. 0.]
6.465761661529541,,3.0014113751546865,-3.9217228265468425,0.0,0.0,0.0,0.9587382089960804,0.2842904265201133,[ 0.00546314 -0.00154793 -0.00258266 -0.00154793  0.00260794  0.00155138
 -0.00258266  0.00155138  0.00267897  0.          0.          0.
  0.          0.          0.          0.          0.          0.
  0.          0.          0.          0.          0.          0.
  0.          0.          0.          0.          0.          0.
  0.          0.          0.          0.          0.          0.        ],1.023095238095238,0.0,0.0,0.0,0.0,0.0,[0. 0. 0. 0. 0. 0. 0. 0. 0. 0. 0. 0. 0. 0. 0. 0. 0. 0. 0. 0. 0. 0. 0. 0.
 0. 0. 0. 0. 0. 0. 0. 0. 0. 0. 0. 0.]
6.486729383468628,,2.990676284129429,-3.9146793367694563,0.0,0.0,0.0,0.9596882526441526,0.28106664287462724,[ 0.00579512 -0.00190037 -0.00270296 -0.00190037  0.0027202   0.00170161
 -0.00270296  0.00170161  0.00274956  0.          0.          0.
  0.          0.          0.          0.          0.          0.
  0.          0.          0.          0.          0.          0.
  0.          0.          0.          0.          0.          0.
  0.          0.          0.          0.          0.          0.        ],1.0216666666666667,0.0,0.0,0.0,0.0,0.0,[0. 0. 0. 0. 0. 0. 0. 0. 0. 0. 0. 0. 0. 0. 0. 0. 0. 0. 0. 0. 0. 0. 0. 0.
 0. 0. 0. 0. 0. 0. 0. 0. 0. 0. 0. 0.]
6.511074781417847,,2.9705328491704477,-3.9005365273501624,0.0,0.0,0.0,0.9593963326043363,0.2820614773154067,[ 0.00596837 -0.00178515 -0.00241098 -0.00178515  0.0025812   0.00151333
 -0.00241098  0.00151333  0.00250442  0.          0.          0.
  0.          0.          0.          0.          0.          0.
  0.          0.          0.          0.          0.          0.
  0.          0.          0.          0.          0.          0.
  0.          0.          0.          0.          0.          0.        ],1.0207142857142857,0.0,0.0,0.0,0.0,0.0,[0. 0. 0. 0. 0. 0. 0. 0. 0. 0. 0. 0. 0. 0. 0. 0. 0. 0. 0. 0. 0. 0. 0. 0.
 0. 0. 0. 0. 0. 0. 0. 0. 0. 0. 0. 0.]
6.526612043380737,,2.9547028401833457,-3.8898228495752982,0.0,0.0,0.0,0.9608957200188021,0.2769104823757091,[ 0.00650024 -0.00202417 -0.00282148 -0.00202417  0.00255542  0.00163405
 -0.00282148  0.00163405  0.00266541  0.          0.          0.
  0.          0.          0.          0.          0.          0.
  0.          0.          0.          0.          0.          0.
  0.          0.          0.          0.          0.          0.
  0.          0.          0.          0.          0.          0.        ],1.0197619047619049,0.0,0.0,0.0,0.0,0.0,[0. 0. 0. 0. 0. 0. 0. 0. 0. 0. 0. 0. 0. 0. 0. 0. 0. 0. 0. 0. 0. 0. 0. 0.
 0. 0. 0. 0. 0. 0. 0. 0. 0. 0. 0. 0.]
6.547244310379028,,2.931042275195858,-3.870100893299822,0.0,0.0,0.0,0.9622056469386411,0.2723238751916385,[ 0.00642136 -0.0017795  -0.00276722 -0.0017795   0.00235493  0.00141423
 -0.00276722  0.00141423  0.00253945  0.          0.          0.
  0.          0.          0.          0.          0.          0.
  0.          0.          0.          0.          0.          0.
  0.          0.          0.          0.          0.          0.
  0.          0.          0.          0.          0.          0.        ],1.0135714285714286,0.0,0.0,0.0,0.0,0.0,[0. 0. 0. 0. 0. 0. 0. 0. 0. 0. 0. 0. 0. 0. 0. 0. 0. 0. 0. 0. 0. 0. 0. 0.
 0. 0. 0. 0. 0. 0. 0. 0. 0. 0. 0. 0.]
6.566750526428223,,2.9156240920324943,-3.8571293618000557,0.0,0.0,0.0,0.9629471697913051,0.2696900965755239,[ 0.00658904 -0.0019775  -0.0031275  -0.0019775   0.00232532  0.00157419
 -0.0031275   0.00157419  0.00283944  0.          0.          0.
  0.          0.          0.          0.          0.          0.
  0.          0.          0.          0.          0.          0.
  0.          0.          0.          0.          0.          0.
  0.          0.          0.          0.          0.          0.        ],1.0135714285714286,0.0,0.0,0.0,0.0,0.0,[0. 0. 0. 0. 0. 0. 0. 0. 0. 0. 0. 0. 0. 0. 0. 0. 0. 0. 0. 0. 0. 0. 0. 0.
 0. 0. 0. 0. 0. 0. 0. 0. 0. 0. 0. 0.]
6.581797361373901,,2.900212237352316,-3.848459314585651,0.0,0.0,0.0,0.9633315237351129,0.2683139492799165,[ 0.0068062  -0.00212973 -0.00324088 -0.00212973  0.00238332  0.0016276
 -0.00324088  0.0016276   0.00295147  0.          0.          0.
  0.          0.          0.          0.          0.          0.
  0.          0.          0.          0.          0.          0.
  0.          0.          0.          0.          0.          0.
  0.          0.          0.          0.          0.          0.        ],1.0157142857142858,0.0,0.0,0.0,0.0,0.0,[0. 0. 0. 0. 0. 0. 0. 0. 0. 0. 0. 0. 0. 0. 0. 0. 0. 0. 0. 0. 0. 0. 0. 0.
 0. 0. 0. 0. 0. 0. 0. 0. 0. 0. 0. 0.]
6.602794885635376,,2.8762978960427916,-3.8361392837425647,0.0,0.0,0.0,0.9650243167524732,0.2621603861692728,[ 0.00678861 -0.00204431 -0.00309794 -0.00204431  0.00244531  0.00157156
 -0.00309794  0.00157156  0.00282291  0.          0.          0.
  0.          0.          0.          0.          0.          0.
  0.          0.          0.          0.          0.          0.
  0.          0.          0.          0.          0.          0.
  0.          0.          0.          0.          0.          0.        ],1.0142857142857142,0.0,0.0,0.0,0.0,0.0,[0. 0. 0. 0. 0. 0. 0. 0. 0. 0. 0. 0. 0. 0. 0. 0. 0. 0. 0. 0. 0. 0. 0. 0.
 0. 0. 0. 0. 0. 0. 0. 0. 0. 0. 0. 0.]
6.625486850738525,,2.85363717890761,-3.8226014565428406,0.0,0.0,0.0,0.9655912042469935,0.2600646578849978,[ 0.00678305 -0.00197029 -0.00299395 -0.00197029  0.0024534   0.00154974
 -0.00299395  0.00154974  0.00284001  0.          0.          0.
  0.          0.          0.          0.          0.          0.
  0.          0.          0.          0.          0.          0.
  0.          0.          0.          0.          0.          0.
  0.          0.          0.          0.          0.          0.        ],1.016190476190476,0.0,0.0,0.0,0.0,0.0,[0. 0. 0. 0. 0. 0. 0. 0. 0. 0. 0. 0. 0. 0. 0. 0. 0. 0. 0. 0. 0. 0. 0. 0.
 0. 0. 0. 0. 0. 0. 0. 0. 0. 0. 0. 0.]
6.641548156738281,,2.83195282062702,-3.807399778802185,0.0,0.0,0.0,0.9663401603366895,0.2572677486986296,[ 0.00731363 -0.00190791 -0.00329782 -0.00190791  0.00246605  0.00161097
 -0.00329782  0.00161097  0.00320598  0.          0.          0.
  0.          0.          0.          0.          0.          0.
  0.          0.          0.          0.          0.          0.
  0.          0.          0.          0.          0.          0.
  0.          0.          0.          0.          0.          0.        ],1.020952380952381,0.0,0.0,0.0,0.0,0.0,[0. 0. 0. 0. 0. 0. 0. 0. 0. 0. 0. 0. 0. 0. 0. 0. 0. 0. 0. 0. 0. 0. 0. 0.
 0. 0. 0. 0. 0. 0. 0. 0. 0. 0. 0. 0.]
6.659325838088989,,2.83198759234944,-3.8052346670362183,0.0,0.0,0.0,0.9609650310042568,0.2766698559420377,[ 0.0074572  -0.00197072 -0.00340285 -0.00197072  0.00236915  0.00152429
 -0.00340285  0.00152429  0.00322601  0.          0.          0.
  0.          0.          0.          0.          0.          0.
  0.          0.          0.          0.          0.          0.
  0.          0.          0.          0.          0.          0.
  0.          0.          0.          0.          0.          0.        ],1.022857142857143,0.0,0.0,0.0,0.0,0.0,[0. 0. 0. 0. 0. 0. 0. 0. 0. 0. 0. 0. 0. 0. 0. 0. 0. 0. 0. 0. 0. 0. 0. 0.
 0. 0. 0. 0. 0. 0. 0. 0. 0. 0. 0. 0.]
6.682404279708862,,2.8241979656676492,-3.7961937380558535,0.0,0.0,0.0,0.9616707257405712,0.2742068840375878,[ 0.00759285 -0.00222543 -0.00359081 -0.00222543  0.00253853  0.00170123
 -0.00359081  0.00170123  0.00337348  0.          0.          0.
  0.          0.          0.          0.          0.          0.
  0.          0.          0.          0.          0.          0.
  0.          0.          0.          0.          0.          0.
  0.          0.          0.          0.          0.          0.        ],1.023095238095238,0.0,0.0,0.0,0.0,0.0,[0. 0. 0. 0. 0. 0. 0. 0. 0. 0. 0. 0. 0. 0. 0. 0. 0. 0. 0. 0. 0. 0. 0. 0.
 0. 0. 0. 0. 0. 0. 0. 0. 0. 0. 0. 0.]
6.716655015945435,,2.8171049560749646,-3.789855109738926,0.0,0.0,0.0,0.9613721918383289,0.27525171890465544,[ 0.00771618 -0.0024146  -0.0036677  -0.0024146   0.00274858  0.00177398
 -0.0036677   0.00177398  0.00322885  0.          0.          0.
  0.          0.          0.          0.          0.          0.
  0.          0.          0.          0.          0.          0.
  0.          0.          0.          0.          0.          0.
  0.          0.          0.          0.          0.          0.        ],1.0247619047619048,0.0,0.0,0.0,0.0,0.0,[0. 0. 0. 0. 0. 0. 0. 0. 0. 0. 0. 0. 0. 0. 0. 0. 0. 0. 0. 0. 0. 0. 0. 0.
 0. 0. 0. 0. 0. 0. 0. 0. 0. 0. 0. 0.]
6.739973545074463,,2.784195577811342,-3.771342278708538,0.0,0.0,0.0,0.962503458954474,0.27126940760187696,[ 0.00811322 -0.00250761 -0.00377743 -0.00250761  0.00280669  0.00182629
 -0.00377743  0.00182629  0.00334511  0.          0.          0.
  0.          0.          0.          0.          0.          0.
  0.          0.          0.          0.          0.          0.
  0.          0.          0.          0.          0.          0.
  0.          0.          0.          0.          0.          0.        ],1.0926190476190476,0.0,0.0,0.0,0.0,0.0,[0. 0. 0. 0. 0. 0. 0. 0. 0. 0. 0. 0. 0. 0. 0. 0. 0. 0. 0. 0. 0. 0. 0. 0.
 0. 0. 0. 0. 0. 0. 0. 0. 0. 0. 0. 0.]
6.759085178375244,,2.773117815812544,-3.7599636662757625,0.0,0.0,0.0,0.9627417484836005,0.27042249486080056,[ 0.00870231 -0.00262496 -0.00399892 -0.00262496  0.00288412  0.00185905
 -0.00399892  0.00185905  0.00336318  0.          0.          0.
  0.          0.          0.          0.          0.          0.
  0.          0.          0.          0.          0.          0.
  0.          0.          0.          0.          0.          0.
  0.          0.          0.          0.          0.          0.        ],1.1235714285714287,0.0,0.0,0.0,0.0,0.0,[0. 0. 0. 0. 0. 0. 0. 0. 0. 0. 0. 0. 0. 0. 0. 0. 0. 0. 0. 0. 0. 0. 0. 0.
 0. 0. 0. 0. 0. 0. 0. 0. 0. 0. 0. 0.]
6.774019718170166,,2.7628556486981246,-3.7485751231159603,0.0,0.0,0.0,0.9636526102281214,0.26715846758156175,[ 0.0089191  -0.00253633 -0.003714   -0.00253633  0.00269441  0.00169259
 -0.003714    0.00169259  0.00304896  0.          0.          0.
  0.          0.          0.          0.          0.          0.
  0.          0.          0.          0.          0.          0.
  0.          0.          0.          0.          0.          0.
  0.          0.          0.          0.          0.          0.        ],1.167857142857143,0.0,0.0,0.0,0.0,0.0,[0. 0. 0. 0. 0. 0. 0. 0. 0. 0. 0. 0. 0. 0. 0. 0. 0. 0. 0. 0. 0. 0. 0. 0.
 0. 0. 0. 0. 0. 0. 0. 0. 0. 0. 0. 0.]
6.803712606430054,,2.7477474245748836,-3.7351519500244788,0.0,0.0,0.0,0.9640082211151979,0.26587243110618236,[ 0.00859658 -0.00229204 -0.00383844 -0.00229204  0.00267483  0.00168596
 -0.00383844  0.00168596  0.00319178  0.          0.          0.
  0.          0.          0.          0.          0.          0.
  0.          0.          0.          0.          0.          0.
  0.          0.          0.          0.          0.          0.
  0.          0.          0.          0.          0.          0.        ],1.2107142857142856,0.0,0.0,0.0,0.0,0.0,[0. 0. 0. 0. 0. 0. 0. 0. 0. 0. 0. 0. 0. 0. 0. 0. 0. 0. 0. 0. 0. 0. 0. 0.
 0. 0. 0. 0. 0. 0. 0. 0. 0. 0. 0. 0.]
6.8321990966796875,,2.7272635297600707,-3.723033415284026,0.0,0.0,0.0,0.9645030840116185,0.26407158296961186,[ 0.00837552 -0.00232494 -0.00371854 -0.00232494  0.0026078   0.00168171
 -0.00371854  0.00168171  0.00311511  0.          0.          0.
  0.          0.          0.          0.          0.          0.
  0.          0.          0.          0.          0.          0.
  0.          0.          0.          0.          0.          0.
  0.          0.          0.          0.          0.          0.        ],1.2673809523809523,0.0,0.0,0.0,0.0,0.0,[0. 0. 0. 0. 0. 0. 0. 0. 0. 0. 0. 0. 0. 0. 0. 0. 0. 0. 0. 0. 0. 0. 0. 0.
 0. 0. 0. 0. 0. 0. 0. 0. 0. 0. 0. 0.]
6.8601155281066895,,2.6784927087190247,-3.6917307306284095,0.0,0.0,0.0,0.9672291097285582,0.25390519745310575,[ 0.00829922 -0.00196235 -0.00371332 -0.00196235  0.00230024  0.0014431
 -0.00371332  0.0014431   0.00308225  0.          0.          0.
  0.          0.          0.          0.          0.          0.
  0.          0.          0.          0.          0.          0.
  0.          0.          0.          0.          0.          0.
  0.          0.          0.          0.          0.          0.        ],1.4590476190476191,0.0,0.0,0.0,0.0,0.0,[0. 0. 0. 0. 0. 0. 0. 0. 0. 0. 0. 0. 0. 0. 0. 0. 0. 0. 0. 0. 0. 0. 0. 0.
 0. 0. 0. 0. 0. 0. 0. 0. 0. 0. 0. 0.]
6.8914477825164795,,2.6495765740116193,-3.6691852936151705,0.0,0.0,0.0,0.9683262733339035,0.2496882623818636,[ 0.00923978 -0.00223813 -0.00412619 -0.00223813  0.00242907  0.0015329
 -0.00412619  0.0015329   0.00333746  0.          0.          0.
  0.          0.          0.          0.          0.          0.
  0.          0.          0.          0.          0.          0.
  0.          0.          0.          0.          0.          0.
  0.          0.          0.          0.          0.          0.        ],1.572142857142857,0.0,0.0,0.0,0.0,0.0,[0. 0. 0. 0. 0. 0. 0. 0. 0. 0. 0. 0. 0. 0. 0. 0. 0. 0. 0. 0. 0. 0. 0. 0.
 0. 0. 0. 0. 0. 0. 0. 0. 0. 0. 0. 0.]
6.928890228271484,,2.6006040804115846,-3.637333894368015,0.0,0.0,0.0,0.9651445988088138,0.26171722027824973,[ 0.00951554 -0.00214142 -0.00417661 -0.00214142  0.00228491  0.0014602
 -0.00417661  0.0014602   0.00332601  0.          0.          0.
  0.          0.          0.          0.          0.          0.
  0.          0.          0.          0.          0.          0.
  0.          0.          0.          0.          0.          0.
  0.          0.          0.          0.          0.          0.        ],1.801904761904762,0.0,0.0,0.0,0.0,0.0,[0. 0. 0. 0. 0. 0. 0. 0. 0. 0. 0. 0. 0. 0. 0. 0. 0. 0. 0. 0. 0. 0. 0. 0.
 0. 0. 0. 0. 0. 0. 0. 0. 0. 0. 0. 0.]
6.958546876907349,,2.5766270703243603,-3.616428833310564,0.0,0.0,0.0,0.9658339067334245,0.2591618502095759,[ 0.010321   -0.00243806 -0.00456166 -0.00243806  0.00237834  0.00153981
 -0.00456166  0.00153981  0.00346879  0.          0.          0.
  0.          0.          0.          0.          0.          0.
  0.          0.          0.          0.          0.          0.
  0.          0.          0.          0.          0.          0.
  0.          0.          0.          0.          0.          0.        ],1.9064285714285714,0.0,0.0,0.0,0.0,0.0,[0. 0. 0. 0. 0. 0. 0. 0. 0. 0. 0. 0. 0. 0. 0. 0. 0. 0. 0. 0. 0. 0. 0. 0.
 0. 0. 0. 0. 0. 0. 0. 0. 0. 0. 0. 0.]
6.9840192794799805,,2.542963077661011,-3.5906102123263763,0.0,0.0,0.0,0.9675208473356449,0.2527912379235397,[ 0.00990828 -0.00226329 -0.0043515  -0.00226329  0.00233626  0.00152154
 -0.0043515   0.00152154  0.00330461  0.          0.          0.
  0.          0.          0.          0.          0.          0.
  0.          0.          0.          0.          0.          0.
  0.          0.          0.          0.          0.          0.
  0.          0.          0.          0.          0.          0.        ],2.0223809523809524,0.0,0.0,0.0,0.0,0.0,[0. 0. 0. 0. 0. 0. 0. 0. 0. 0. 0. 0. 0. 0. 0. 0. 0. 0. 0. 0. 0. 0. 0. 0.
 0. 0. 0. 0. 0. 0. 0. 0. 0. 0. 0. 0.]
7.0026938915252686,,2.474416492634689,-3.5469419702891956,0.0,0.0,0.0,0.9717721725674919,0.23592126784895162,[ 0.01006547 -0.00219796 -0.00454703 -0.00219796  0.00238221  0.00148076
 -0.00454703  0.00148076  0.00347558  0.          0.          0.
  0.          0.          0.          0.          0.          0.
  0.          0.          0.          0.          0.          0.
  0.          0.          0.          0.          0.          0.
  0.          0.          0.          0.          0.          0.        ],2.2792857142857144,0.0,0.0,0.0,0.0,0.0,[0. 0. 0. 0. 0. 0. 0. 0. 0. 0. 0. 0. 0. 0. 0. 0. 0. 0. 0. 0. 0. 0. 0. 0.
 0. 0. 0. 0. 0. 0. 0. 0. 0. 0. 0. 0.]
7.0187225341796875,,2.4604077154176545,-3.5278822952191713,0.0,0.0,0.0,0.9728879835897025,0.2312768284691804,[ 0.01079242 -0.00239279 -0.00481876 -0.00239279  0.00226337  0.00153024
 -0.00481876  0.00153024  0.00354764  0.          0.          0.
  0.          0.          0.          0.          0.          0.
  0.          0.          0.          0.          0.          0.
  0.          0.          0.          0.          0.          0.
  0.          0.          0.          0.          0.          0.        ],2.4252380952380954,0.0,0.0,0.0,0.0,0.0,[0. 0. 0. 0. 0. 0. 0. 0. 0. 0. 0. 0. 0. 0. 0. 0. 0. 0. 0. 0. 0. 0. 0. 0.
 0. 0. 0. 0. 0. 0. 0. 0. 0. 0. 0. 0.]
7.040355682373047,,2.4387462594702276,-3.5097077369715026,0.0,0.0,0.0,0.9751481176913593,0.22155394052690383,[ 0.01145634 -0.00235983 -0.00508083 -0.00235983  0.00221694  0.00147013
 -0.00508083  0.00147013  0.00368971  0.          0.          0.
  0.          0.          0.          0.          0.          0.
  0.          0.          0.          0.          0.          0.
  0.          0.          0.          0.          0.          0.
  0.          0.          0.          0.          0.          0.        ],2.584761904761905,0.0,0.0,0.0,0.0,0.0,[0. 0. 0. 0. 0. 0. 0. 0. 0. 0. 0. 0. 0. 0. 0. 0. 0. 0. 0. 0. 0. 0. 0. 0.
 0. 0. 0. 0. 0. 0. 0. 0. 0. 0. 0. 0.]
7.061991453170776,,2.3869934436600326,-3.4816710891113054,0.0,0.0,0.0,0.9824680329663831,0.18643112454514116,[ 0.01128033 -0.00197872 -0.00478354 -0.00197872  0.00202682  0.00116575
 -0.00478354  0.00116575  0.00332505  0.          0.          0.
  0.          0.          0.          0.          0.          0.
  0.          0.          0.          0.          0.          0.
  0.          0.          0.          0.          0.          0.
  0.          0.          0.          0.          0.          0.        ],2.7164285714285716,0.0,0.0,0.0,0.0,0.0,[0. 0. 0. 0. 0. 0. 0. 0. 0. 0. 0. 0. 0. 0. 0. 0. 0. 0. 0. 0. 0. 0. 0. 0.
 0. 0. 0. 0. 0. 0. 0. 0. 0. 0. 0. 0.]
7.08265233039856,,2.3536248439145817,-3.4701835969306383,0.0,0.0,0.0,0.9839313360732015,0.17854726515184888,[ 0.01157896 -0.00172224 -0.00485347 -0.00172224  0.00187942  0.00104109
 -0.00485347  0.00104109  0.00325465  0.          0.          0.
  0.          0.          0.          0.          0.          0.
  0.          0.          0.          0.          0.          0.
  0.          0.          0.          0.          0.          0.
  0.          0.          0.          0.          0.          0.        ],2.8388095238095237,0.0,0.0,0.0,0.0,0.0,[0. 0. 0. 0. 0. 0. 0. 0. 0. 0. 0. 0. 0. 0. 0. 0. 0. 0. 0. 0. 0. 0. 0. 0.
 0. 0. 0. 0. 0. 0. 0. 0. 0. 0. 0. 0.]
7.105561971664429,,2.312055108783081,-3.4548666452611494,0.0,0.0,0.0,0.9866573567995773,0.16281050418591414,[ 0.01188119 -0.00136328 -0.00481513 -0.00136328  0.00162835  0.00087123
 -0.00481513  0.00087123  0.00309525  0.          0.          0.
  0.          0.          0.          0.          0.          0.
  0.          0.          0.          0.          0.          0.
  0.          0.          0.          0.          0.          0.
  0.          0.          0.          0.          0.          0.        ],2.9392857142857145,0.0,0.0,0.0,0.0,0.0,[0. 0. 0. 0. 0. 0. 0. 0. 0. 0. 0. 0. 0. 0. 0. 0. 0. 0. 0. 0. 0. 0. 0. 0.
 0. 0. 0. 0. 0. 0. 0. 0. 0. 0. 0. 0.]
7.12799596786499,,2.2657720522592246,-3.440879596789155,0.0,0.0,0.0,0.9916992265721656,0.1285793296613753,[ 0.01267293 -0.00130532 -0.00528247 -0.00130532  0.00161005  0.00080667
 -0.00528247  0.00080667  0.0034632   0.          0.          0.
  0.          0.          0.          0.          0.          0.
  0.          0.          0.          0.          0.          0.
  0.          0.          0.          0.          0.          0.
  0.          0.          0.          0.          0.          0.        ],3.0464285714285713,0.0,0.0,0.0,0.0,0.0,[0. 0. 0. 0. 0. 0. 0. 0. 0. 0. 0. 0. 0. 0. 0. 0. 0. 0. 0. 0. 0. 0. 0. 0.
 0. 0. 0. 0. 0. 0. 0. 0. 0. 0. 0. 0.]
7.150617599487305,,2.2554281553073183,-3.4364507775686275,0.0,0.0,0.0,0.9934057181839632,0.11465199117069118,[ 0.0121037  -0.00100824 -0.00479866 -0.00100824  0.00152355  0.00057513
 -0.00479866  0.00057513  0.0029199   0.          0.          0.
  0.          0.          0.          0.          0.          0.
  0.          0.          0.          0.          0.          0.
  0.          0.          0.          0.          0.          0.
  0.          0.          0.          0.          0.          0.        ],3.1804761904761905,0.0,0.0,0.0,0.0,0.0,[0. 0. 0. 0. 0. 0. 0. 0. 0. 0. 0. 0. 0. 0. 0. 0. 0. 0. 0. 0. 0. 0. 0. 0.
 0. 0. 0. 0. 0. 0. 0. 0. 0. 0. 0. 0.]
7.1687352657318115,,2.227462416141963,-3.4303391569959567,0.0,0.0,0.0,0.9967044401334992,0.08111879571448181,[ 0.01214487 -0.00079562 -0.00456742 -0.00079562  0.00155174  0.00044907
 -0.00456742  0.00044907  0.00281081  0.          0.          0.
  0.          0.          0.          0.          0.          0.
  0.          0.          0.          0.          0.          0.
  0.          0.          0.          0.          0.          0.
  0.          0.          0.          0.          0.          0.        ],3.3273809523809526,0.0,0.0,0.0,0.0,0.0,[0. 0. 0. 0. 0. 0. 0. 0. 0. 0. 0. 0. 0. 0. 0. 0. 0. 0. 0. 0. 0. 0. 0. 0.
 0. 0. 0. 0. 0. 0. 0. 0. 0. 0. 0. 0.]
7.188710689544678,,2.220239804305475,-3.423003114463949,0.0,0.0,0.0,0.9979316129655704,0.06428449147294384,[ 0.01162949 -0.00079371 -0.00442528 -0.00079371  0.00159676  0.00051166
 -0.00442528  0.00051166  0.00263163  0.          0.          0.
  0.          0.          0.          0.          0.          0.
  0.          0.          0.          0.          0.          0.
  0.          0.          0.          0.          0.          0.
  0.          0.          0.          0.          0.          0.        ],3.478095238095238,0.0,0.0,0.0,0.0,0.0,[0. 0. 0. 0. 0. 0. 0. 0. 0. 0. 0. 0. 0. 0. 0. 0. 0. 0. 0. 0. 0. 0. 0. 0.
 0. 0. 0. 0. 0. 0. 0. 0. 0. 0. 0. 0.]
7.213778972625732,,2.1980409713781426,-3.4233435865036825,0.0,0.0,0.0,0.9995624278233396,0.029579602497516757,[ 0.01077333 -0.00055593 -0.00363152 -0.00055593  0.00164653  0.00027014
 -0.00363152  0.00027014  0.00210058  0.          0.          0.
  0.          0.          0.          0.          0.          0.
  0.          0.          0.          0.          0.          0.
  0.          0.          0.          0.          0.          0.
  0.          0.          0.          0.          0.          0.        ],3.5807142857142855,0.0,0.0,0.0,0.0,0.0,[0. 0. 0. 0. 0. 0. 0. 0. 0. 0. 0. 0. 0. 0. 0. 0. 0. 0. 0. 0. 0. 0. 0. 0.
 0. 0. 0. 0. 0. 0. 0. 0. 0. 0. 0. 0.]
7.233767032623291,,2.127282119147296,-3.429875922289793,0.0,0.0,0.0,0.9998592998404275,0.016774400812246917,[ 1.14676089e-02  5.77097357e-06 -4.02199978e-03  5.77097357e-06
  1.76621636e-03  1.25922738e-04 -4.02199978e-03  1.25922738e-04
  2.18044574e-03  0.00000000e+00  0.00000000e+00  0.00000000e+00
  0.00000000e+00  0.00000000e+00  0.00000000e+00  0.00000000e+00
  0.00000000e+00  0.00000000e+00  0.00000000e+00  0.00000000e+00
  0.00000000e+00  0.00000000e+00  0.00000000e+00  0.00000000e+00
  0.00000000e+00  0.00000000e+00  0.00000000e+00  0.00000000e+00
  0.00000000e+00  0.00000000e+00  0.00000000e+00  0.00000000e+00
  0.00000000e+00  0.00000000e+00  0.00000000e+00  0.00000000e+00],3.8154761904761907,0.0,0.0,0.0,0.0,0.0,[0. 0. 0. 0. 0. 0. 0. 0. 0. 0. 0. 0. 0. 0. 0. 0. 0. 0. 0. 0. 0. 0. 0. 0.
 0. 0. 0. 0. 0. 0. 0. 0. 0. 0. 0. 0.]
7.258275508880615,,2.1267750711278857,-3.4310658633373374,0.0,-0.0,0.0,0.9989982991145225,-0.04474816606623168,[ 0.0097804   0.00046828 -0.00300624  0.00046828  0.00183951 -0.00027206
 -0.00300624 -0.00027206  0.00184489  0.          0.          0.
  0.          0.          0.          0.          0.          0.
  0.          0.          0.          0.          0.          0.
  0.          0.          0.          0.          0.          0.
  0.          0.          0.          0.          0.          0.        ],3.975952380952381,0.0,0.0,0.0,0.0,0.0,[0. 0. 0. 0. 0. 0. 0. 0. 0. 0. 0. 0. 0. 0. 0. 0. 0. 0. 0. 0. 0. 0. 0. 0.
 0. 0. 0. 0. 0. 0. 0. 0. 0. 0. 0. 0.]
7.275949954986572,,2.11917869680415,-3.436980717868805,0.0,-0.0,0.0,0.9989017317747244,-0.04685435153170525,[ 0.00834242  0.00068581 -0.0025105   0.00068581  0.00190771 -0.00026875
 -0.0025105  -0.00026875  0.00171301  0.          0.          0.
  0.          0.          0.          0.          0.          0.
  0.          0.          0.          0.          0.          0.
  0.          0.          0.          0.          0.          0.
  0.          0.          0.          0.          0.          0.        ],4.092380952380952,0.0,0.0,0.0,0.0,0.0,[0. 0. 0. 0. 0. 0. 0. 0. 0. 0. 0. 0. 0. 0. 0. 0. 0. 0. 0. 0. 0. 0. 0. 0.
 0. 0. 0. 0. 0. 0. 0. 0. 0. 0. 0. 0.]
7.301937103271484,,2.0855724507539493,-3.444698386686887,0.0,-0.0,0.0,0.9959726979004458,-0.08965704120094063,[ 0.00740065  0.00094987 -0.00206065  0.00094987  0.00206429 -0.0004545
 -0.00206065 -0.0004545   0.00143729  0.          0.          0.
  0.          0.          0.          0.          0.          0.
  0.          0.          0.          0.          0.          0.
  0.          0.          0.          0.          0.          0.
  0.          0.          0.          0.          0.          0.        ],4.205238095238095,0.0,0.0,0.0,0.0,0.0,[0. 0. 0. 0. 0. 0. 0. 0. 0. 0. 0. 0. 0. 0. 0. 0. 0. 0. 0. 0. 0. 0. 0. 0.
 0. 0. 0. 0. 0. 0. 0. 0. 0. 0. 0. 0.]
7.3218207359313965,,2.0531129365310257,-3.456591327386648,0.0,-0.0,0.0,0.9915514267240867,-0.1297141787216349,[ 0.00700159  0.0009903  -0.00180162  0.0009903   0.00207209 -0.0006421
 -0.00180162 -0.0006421   0.00111921  0.          0.          0.
  0.          0.          0.          0.          0.          0.
  0.          0.          0.          0.          0.          0.
  0.          0.          0.          0.          0.          0.
  0.          0.          0.          0.          0.          0.        ],4.297857142857143,0.0,0.0,0.0,0.0,0.0,[0. 0. 0. 0. 0. 0. 0. 0. 0. 0. 0. 0. 0. 0. 0. 0. 0. 0. 0. 0. 0. 0. 0. 0.
 0. 0. 0. 0. 0. 0. 0. 0. 0. 0. 0. 0.]
7.338547706604004,,1.9918715070373212,-3.4834935173743626,0.0,-0.0,0.0,0.9840371543393285,-0.17796313910401948,[ 0.0063911   0.00106541 -0.00171902  0.00106541  0.00215659 -0.00073014
 -0.00171902 -0.00073014  0.0010876   0.          0.          0.
  0.          0.          0.          0.          0.          0.
  0.          0.          0.          0.          0.          0.
  0.          0.          0.          0.          0.          0.
  0.          0.          0.          0.          0.          0.        ],4.416428571428572,0.0,0.0,0.0,0.0,0.0,[0. 0. 0. 0. 0. 0. 0. 0. 0. 0. 0. 0. 0. 0. 0. 0. 0. 0. 0. 0. 0. 0. 0. 0.
 0. 0. 0. 0. 0. 0. 0. 0. 0. 0. 0. 0.]
7.359476089477539,,1.9207796185054065,-3.4995599308311154,0.0,-0.0,0.0,0.9758771225675438,-0.21832050212770018,[ 0.00637158  0.00146699 -0.00180916  0.00146699  0.00217431 -0.00063545
 -0.00180916 -0.00063545  0.00091862  0.          0.          0.
  0.          0.          0.          0.          0.          0.
  0.          0.          0.          0.          0.          0.
  0.          0.          0.          0.          0.          0.
  0.          0.          0.          0.          0.          0.        ],4.4469047619047615,0.0,0.0,0.0,0.0,0.0,[0. 0. 0. 0. 0. 0. 0. 0. 0. 0. 0. 0. 0. 0. 0. 0. 0. 0. 0. 0. 0. 0. 0. 0.
 0. 0. 0. 0. 0. 0. 0. 0. 0. 0. 0. 0.]
7.377109527587891,,1.8899906050073456,-3.511068914434607,0.0,-0.0,0.0,0.9748399942187835,-0.2229057775642482,[ 0.00648378  0.00176807 -0.00200624  0.00176807  0.00219168 -0.00073833
 -0.00200624 -0.00073833  0.00104056  0.          0.          0.
  0.          0.          0.          0.          0.          0.
  0.          0.          0.          0.          0.          0.
  0.          0.          0.          0.          0.          0.
  0.          0.          0.          0.          0.          0.        ],4.324285714285714,0.0,0.0,0.0,0.0,0.0,[0. 0. 0. 0. 0. 0. 0. 0. 0. 0. 0. 0. 0. 0. 0. 0. 0. 0. 0. 0. 0. 0. 0. 0.
 0. 0. 0. 0. 0. 0. 0. 0. 0. 0. 0. 0.]
7.399272918701172,,1.8200295461764882,-3.5450446436557432,0.0,-0.0,0.0,0.9624666021200633,-0.27140014702180926,[ 0.0067967   0.00163685 -0.00226687  0.00163685  0.00230261 -0.00084158
 -0.00226687 -0.00084158  0.00116224  0.          0.          0.
  0.          0.          0.          0.          0.          0.
  0.          0.          0.          0.          0.          0.
  0.          0.          0.          0.          0.          0.
  0.          0.          0.          0.          0.          0.        ],4.1902380952380955,0.0,0.0,0.0,0.0,0.0,[0. 0. 0. 0. 0. 0. 0. 0. 0. 0. 0. 0. 0. 0. 0. 0. 0. 0. 0. 0. 0. 0. 0. 0.
 0. 0. 0. 0. 0. 0. 0. 0. 0. 0. 0. 0.]
7.419187784194946,,1.7689020361056036,-3.573409602767253,0.0,-0.0,0.0,0.9478669941194428,-0.3186662226514951,[ 0.00620358  0.00163187 -0.00216935  0.00163187  0.00225732 -0.00082712
 -0.00216935 -0.00082712  0.00115092  0.          0.          0.
  0.          0.          0.          0.          0.          0.
  0.          0.          0.          0.          0.          0.
  0.          0.          0.          0.          0.          0.
  0.          0.          0.          0.          0.          0.        ],4.078809523809523,0.0,0.0,0.0,0.0,0.0,[0. 0. 0. 0. 0. 0. 0. 0. 0. 0. 0. 0. 0. 0. 0. 0. 0. 0. 0. 0. 0. 0. 0. 0.
 0. 0. 0. 0. 0. 0. 0. 0. 0. 0. 0. 0.]
7.4428346157073975,,1.70089453045474,-3.6072675285015467,0.0,-0.0,0.0,0.927781680738963,-0.3731235088883904,[ 0.00505829  0.00143187 -0.00150693  0.00143187  0.00193793 -0.00063914
 -0.00150693 -0.00063914  0.00074589  0.          0.          0.
  0.          0.          0.          0.          0.          0.
  0.          0.          0.          0.          0.          0.
  0.          0.          0.          0.          0.          0.
  0.          0.          0.          0.          0.          0.        ],4.009047619047619,0.0,0.0,0.0,0.0,0.0,[0. 0. 0. 0. 0. 0. 0. 0. 0. 0. 0. 0. 0. 0. 0. 0. 0. 0. 0. 0. 0. 0. 0. 0.
 0. 0. 0. 0. 0. 0. 0. 0. 0. 0. 0. 0.]
7.459065198898315,,1.6673756246483897,-3.657141001047826,0.0,-0.0,0.0,0.9065410705025658,-0.4221176228162738,[ 0.00447856  0.00096713 -0.00120188  0.00096713  0.00183075 -0.00063671
 -0.00120188 -0.00063671  0.00072481  0.          0.          0.
  0.          0.          0.          0.          0.          0.
  0.          0.          0.          0.          0.          0.
  0.          0.          0.          0.          0.          0.
  0.          0.          0.          0.          0.          0.        ],3.8707142857142856,0.0,0.0,0.0,0.0,0.0,[0. 0. 0. 0. 0. 0. 0. 0. 0. 0. 0. 0. 0. 0. 0. 0. 0. 0. 0. 0. 0. 0. 0. 0.
 0. 0. 0. 0. 0. 0. 0. 0. 0. 0. 0. 0.]
7.480471134185791,,1.6510744131820088,-3.6967668249555845,0.0,-0.0,0.0,0.9039985538655325,-0.4275355126875731,[ 0.00463328  0.00082375 -0.00140991  0.00082375  0.00149789 -0.0005697
 -0.00140991 -0.0005697   0.00083929  0.          0.          0.
  0.          0.          0.          0.          0.          0.
  0.          0.          0.          0.          0.          0.
  0.          0.          0.          0.          0.          0.
  0.          0.          0.          0.          0.          0.        ],3.7273809523809525,0.0,0.0,0.0,0.0,0.0,[0. 0. 0. 0. 0. 0. 0. 0. 0. 0. 0. 0. 0. 0. 0. 0. 0. 0. 0. 0. 0. 0. 0. 0.
 0. 0. 0. 0. 0. 0. 0. 0. 0. 0. 0. 0.]
7.495974063873291,,1.5765253515579214,-3.723485966959072,0.0,-0.0,0.0,0.8861726557711592,-0.4633551814358943,[ 0.00383385  0.00081779 -0.00116761  0.00081779  0.00160839 -0.00053141
 -0.00116761 -0.00053141  0.00071688  0.          0.          0.
  0.          0.          0.          0.          0.          0.
  0.          0.          0.          0.          0.          0.
  0.          0.          0.          0.          0.          0.
  0.          0.          0.          0.          0.          0.        ],3.597142857142857,0.0,0.0,0.0,0.0,0.0,[0. 0. 0. 0. 0. 0. 0. 0. 0. 0. 0. 0. 0. 0. 0. 0. 0. 0. 0. 0. 0. 0. 0. 0.
 0. 0. 0. 0. 0. 0. 0. 0. 0. 0. 0. 0.]
7.51306676864624,,1.5248106714407592,-3.7558574538900174,0.0,-0.0,0.0,0.8627386724621238,-0.5056500598618499,[ 0.00364601  0.00123472 -0.00125358  0.00123472  0.00212357 -0.00070661
 -0.00125358 -0.00070661  0.00075345  0.          0.          0.
  0.          0.          0.          0.          0.          0.
  0.          0.          0.          0.          0.          0.
  0.          0.          0.          0.          0.          0.
  0.          0.          0.          0.          0.          0.        ],3.511904761904762,0.0,0.0,0.0,0.0,0.0,[0. 0. 0. 0. 0. 0. 0. 0. 0. 0. 0. 0. 0. 0. 0. 0. 0. 0. 0. 0. 0. 0. 0. 0.
 0. 0. 0. 0. 0. 0. 0. 0. 0. 0. 0. 0.]
7.531265735626221,,1.5000471007030822,-3.7780208225186107,0.0,-0.0,0.0,0.8598449818366775,-0.5105551950673735,[ 0.00396655  0.00144589 -0.00138199  0.00144589  0.002283   -0.00081331
 -0.00138199 -0.00081331  0.0008343   0.          0.          0.
  0.          0.          0.          0.          0.          0.
  0.          0.          0.          0.          0.          0.
  0.          0.          0.          0.          0.          0.
  0.          0.          0.          0.          0.          0.        ],3.4378571428571427,0.0,0.0,0.0,0.0,0.0,[0. 0. 0. 0. 0. 0. 0. 0. 0. 0. 0. 0. 0. 0. 0. 0. 0. 0. 0. 0. 0. 0. 0. 0.
 0. 0. 0. 0. 0. 0. 0. 0. 0. 0. 0. 0.]
7.5657148361206055,,1.4755343274365225,-3.8107909149679173,0.0,-0.0,0.0,0.8148589368211157,-0.5796593077685902,[ 0.00386234  0.00134169 -0.001272    0.00134169  0.00232874 -0.00086222
 -0.001272   -0.00086222  0.00083306  0.          0.          0.
  0.          0.          0.          0.          0.          0.
  0.          0.          0.          0.          0.          0.
  0.          0.          0.          0.          0.          0.
  0.          0.          0.          0.          0.          0.        ],3.296666666666667,0.0,0.0,0.0,0.0,0.0,[0. 0. 0. 0. 0. 0. 0. 0. 0. 0. 0. 0. 0. 0. 0. 0. 0. 0. 0. 0. 0. 0. 0. 0.
 0. 0. 0. 0. 0. 0. 0. 0. 0. 0. 0. 0.]
7.597852468490601,,1.4646758911528572,-3.818512001197659,0.0,-0.0,0.0,0.8127633007627192,-0.5825940412785644,[ 0.00376237  0.00116792 -0.00120551  0.00116792  0.00247538 -0.00072611
 -0.00120551 -0.00072611  0.00080245  0.          0.          0.
  0.          0.          0.          0.          0.          0.
  0.          0.          0.          0.          0.          0.
  0.          0.          0.          0.          0.          0.
  0.          0.          0.          0.          0.          0.        ],3.1557142857142857,0.0,0.0,0.0,0.0,0.0,[0. 0. 0. 0. 0. 0. 0. 0. 0. 0. 0. 0. 0. 0. 0. 0. 0. 0. 0. 0. 0. 0. 0. 0.
 0. 0. 0. 0. 0. 0. 0. 0. 0. 0. 0. 0.]
7.618987798690796,,1.444598942822578,-3.8790289012633927,0.0,-0.0,0.0,0.7707901318689061,-0.6370891402413907,[ 0.00316067  0.00088964 -0.00095874  0.00088964  0.00210868 -0.00067216
 -0.00095874 -0.00067216  0.00062173  0.          0.          0.
  0.          0.          0.          0.          0.          0.
  0.          0.          0.          0.          0.          0.
  0.          0.          0.          0.          0.          0.
  0.          0.          0.          0.          0.          0.        ],3.0488095238095236,0.0,0.0,0.0,0.0,0.0,[0. 0. 0. 0. 0. 0. 0. 0. 0. 0. 0. 0. 0. 0. 0. 0. 0. 0. 0. 0. 0. 0. 0. 0.
 0. 0. 0. 0. 0. 0. 0. 0. 0. 0. 0. 0.]
7.646703243255615,,1.4358225923599965,-3.9344685961445136,0.0,-0.0,0.0,0.7504965653350172,-0.6608743491922972,[ 0.00306148  0.00091874 -0.00089327  0.00091874  0.00216445 -0.00067465
 -0.00089327 -0.00067465  0.00069138  0.          0.          0.
  0.          0.          0.          0.          0.          0.
  0.          0.          0.          0.          0.          0.
  0.          0.          0.          0.          0.          0.
  0.          0.          0.          0.          0.          0.        ],2.9388095238095238,0.0,0.0,0.0,0.0,0.0,[0. 0. 0. 0. 0. 0. 0. 0. 0. 0. 0. 0. 0. 0. 0. 0. 0. 0. 0. 0. 0. 0. 0. 0.
 0. 0. 0. 0. 0. 0. 0. 0. 0. 0. 0. 0.]
7.66300368309021,,1.4108881089129068,-4.011309234257614,0.0,-0.0,0.0,0.7173204299500028,-0.6967434253556636,[ 0.00338364  0.00062978 -0.00113259  0.00062978  0.00179929 -0.00057288
 -0.00113259 -0.00057288  0.00083557  0.          0.          0.
  0.          0.          0.          0.          0.          0.
  0.          0.          0.          0.          0.          0.
  0.          0.          0.          0.          0.          0.
  0.          0.          0.          0.          0.          0.        ],2.7735714285714286,0.0,0.0,0.0,0.0,0.0,[0. 0. 0. 0. 0. 0. 0. 0. 0. 0. 0. 0. 0. 0. 0. 0. 0. 0. 0. 0. 0. 0. 0. 0.
 0. 0. 0. 0. 0. 0. 0. 0. 0. 0. 0. 0.]
7.686813116073608,,1.403906373289931,-4.016188368250909,0.0,-0.0,0.0,0.7162019760235423,-0.6978930645449726,[ 0.003145    0.00087283 -0.00110761  0.00087283  0.00187949 -0.00062412
 -0.00110761 -0.00062412  0.00083773  0.          0.          0.
  0.          0.          0.          0.          0.          0.
  0.          0.          0.          0.          0.          0.
  0.          0.          0.          0.          0.          0.
  0.          0.          0.          0.          0.          0.        ],2.637142857142857,0.0,0.0,0.0,0.0,0.0,[0. 0. 0. 0. 0. 0. 0. 0. 0. 0. 0. 0. 0. 0. 0. 0. 0. 0. 0. 0. 0. 0. 0. 0.
 0. 0. 0. 0. 0. 0. 0. 0. 0. 0. 0. 0.]
7.7118120193481445,,1.3972773315165075,-4.033651040908713,0.0,-0.0,0.0,0.6887254571342841,-0.7250222373797727,[ 0.00349697  0.0009669  -0.00123652  0.0009669   0.00171477 -0.0006058
 -0.00123652 -0.0006058   0.00096539  0.          0.          0.
  0.          0.          0.          0.          0.          0.
  0.          0.          0.          0.          0.          0.
  0.          0.          0.          0.          0.          0.
  0.          0.          0.          0.          0.          0.        ],2.5169047619047618,0.0,0.0,0.0,0.0,0.0,[0. 0. 0. 0. 0. 0. 0. 0. 0. 0. 0. 0. 0. 0. 0. 0. 0. 0. 0. 0. 0. 0. 0. 0.
 0. 0. 0. 0. 0. 0. 0. 0. 0. 0. 0. 0.]
7.739867925643921,,1.371917823043665,-4.068651769291673,0.0,-0.0,0.0,0.6726273481998065,-0.739981385207558,[ 0.00352775  0.00067329 -0.00104627  0.00067329  0.00190817 -0.00064025
 -0.00104627 -0.00064025  0.00080541  0.          0.          0.
  0.          0.          0.          0.          0.          0.
  0.          0.          0.          0.          0.          0.
  0.          0.          0.          0.          0.          0.
  0.          0.          0.          0.          0.          0.        ],2.4076190476190478,0.0,0.0,0.0,0.0,0.0,[0. 0. 0. 0. 0. 0. 0. 0. 0. 0. 0. 0. 0. 0. 0. 0. 0. 0. 0. 0. 0. 0. 0. 0.
 0. 0. 0. 0. 0. 0. 0. 0. 0. 0. 0. 0.]
7.762748718261719,,1.3858462248763876,-4.134997885632022,0.0,-0.0,0.0,0.6325646746370807,-0.7745075418621076,[ 0.0031668   0.00068443 -0.00114593  0.00068443  0.00176313 -0.00061657
 -0.00114593 -0.00061657  0.00089181  0.          0.          0.
  0.          0.          0.          0.          0.          0.
  0.          0.          0.          0.          0.          0.
  0.          0.          0.          0.          0.          0.
  0.          0.          0.          0.          0.          0.        ],2.205238095238095,0.0,0.0,0.0,0.0,0.0,[0. 0. 0. 0. 0. 0. 0. 0. 0. 0. 0. 0. 0. 0. 0. 0. 0. 0. 0. 0. 0. 0. 0. 0.
 0. 0. 0. 0. 0. 0. 0. 0. 0. 0. 0. 0.]
7.780346632003784,,1.3946709388620222,-4.14305390581284,0.0,-0.0,0.0,0.6319356232822719,-0.7750208823166292,[ 0.00306822  0.0006834  -0.00100582  0.0006834   0.00190758 -0.00058493
 -0.00100582 -0.00058493  0.00085247  0.          0.          0.
  0.          0.          0.          0.          0.          0.
  0.          0.          0.          0.          0.          0.
  0.          0.          0.          0.          0.          0.
  0.          0.          0.          0.          0.          0.        ],2.105952380952381,0.0,0.0,0.0,0.0,0.0,[0. 0. 0. 0. 0. 0. 0. 0. 0. 0. 0. 0. 0. 0. 0. 0. 0. 0. 0. 0. 0. 0. 0. 0.
 0. 0. 0. 0. 0. 0. 0. 0. 0. 0. 0. 0.]
7.804070949554443,,1.3951493984607544,-4.148840442663609,0.0,-0.0,0.0,0.6039134971945304,-0.7970498653825067,[ 0.00279547  0.00042696 -0.00086537  0.00042696  0.00130953 -0.00040349
 -0.00086537 -0.00040349  0.00068977  0.          0.          0.
  0.          0.          0.          0.          0.          0.
  0.          0.          0.          0.          0.          0.
  0.          0.          0.          0.          0.          0.
  0.          0.          0.          0.          0.          0.        ],2.014047619047619,0.0,0.0,0.0,0.0,0.0,[0. 0. 0. 0. 0. 0. 0. 0. 0. 0. 0. 0. 0. 0. 0. 0. 0. 0. 0. 0. 0. 0. 0. 0.
 0. 0. 0. 0. 0. 0. 0. 0. 0. 0. 0. 0.]
7.827046632766724,,1.3705373098881826,-4.15671121276109,0.0,-0.0,0.0,0.5889068685686576,-0.8082009033357102,[ 0.00322471  0.00039642 -0.00120621  0.00039642  0.00124006 -0.00046122
 -0.00120621 -0.00046122  0.00113325  0.          0.          0.
  0.          0.          0.          0.          0.          0.
  0.          0.          0.          0.          0.          0.
  0.          0.          0.          0.          0.          0.
  0.          0.          0.          0.          0.          0.        ],1.9164285714285714,0.0,0.0,0.0,0.0,0.0,[0. 0. 0. 0. 0. 0. 0. 0. 0. 0. 0. 0. 0. 0. 0. 0. 0. 0. 0. 0. 0. 0. 0. 0.
 0. 0. 0. 0. 0. 0. 0. 0. 0. 0. 0. 0.]
7.850561618804932,,1.366717270109289,-4.198482872613031,0.0,-0.0,0.0,0.56854832683062,-0.8226498648016072,[ 0.00310202  0.00073317 -0.00115844  0.00073317  0.00139674 -0.00048358
 -0.00115844 -0.00048358  0.00101009  0.          0.          0.
  0.          0.          0.          0.          0.          0.
  0.          0.          0.          0.          0.          0.
  0.          0.          0.          0.          0.          0.
  0.          0.          0.          0.          0.          0.        ],1.8007142857142857,0.0,0.0,0.0,0.0,0.0,[0. 0. 0. 0. 0. 0. 0. 0. 0. 0. 0. 0. 0. 0. 0. 0. 0. 0. 0. 0. 0. 0. 0. 0.
 0. 0. 0. 0. 0. 0. 0. 0. 0. 0. 0. 0.]
7.872615098953247,,1.3791530099000326,-4.202980295366714,0.0,-0.0,0.0,0.5632950884843219,-0.8262557977342367,[ 0.00335637  0.00072265 -0.00107971  0.00072265  0.00162486 -0.00040331
 -0.00107971 -0.00040331  0.00098788  0.          0.          0.
  0.          0.          0.          0.          0.          0.
  0.          0.          0.          0.          0.          0.
  0.          0.          0.          0.          0.          0.
  0.          0.          0.          0.          0.          0.        ],1.6895238095238094,0.0,0.0,0.0,0.0,0.0,[0. 0. 0. 0. 0. 0. 0. 0. 0. 0. 0. 0. 0. 0. 0. 0. 0. 0. 0. 0. 0. 0. 0. 0.
 0. 0. 0. 0. 0. 0. 0. 0. 0. 0. 0. 0.]
7.899109125137329,,1.4054813354819844,-4.247266444528458,0.0,-0.0,0.0,0.559644016442854,-0.8287331143738076,[ 0.00402259  0.00061419 -0.00138139  0.00061419  0.00159857 -0.00057718
 -0.00138139 -0.00057718  0.00127268  0.          0.          0.
  0.          0.          0.          0.          0.          0.
  0.          0.          0.          0.          0.          0.
  0.          0.          0.          0.          0.          0.
  0.          0.          0.          0.          0.          0.        ],1.585,0.0,0.0,0.0,0.0,0.0,[0. 0. 0. 0. 0. 0. 0. 0. 0. 0. 0. 0. 0. 0. 0. 0. 0. 0. 0. 0. 0. 0. 0. 0.
 0. 0. 0. 0. 0. 0. 0. 0. 0. 0. 0. 0.]
7.919766187667847,,1.4106205324794523,-4.276315070591994,0.0,-0.0,0.0,0.5592201901800391,-0.8290191667838572,[ 0.00351056  0.00055561 -0.00127909  0.00055561  0.00151506 -0.00060105
 -0.00127909 -0.00060105  0.00127264  0.          0.          0.
  0.          0.          0.          0.          0.          0.
  0.          0.          0.          0.          0.          0.
  0.          0.          0.          0.          0.          0.
  0.          0.          0.          0.          0.          0.        ],1.4928571428571429,0.0,0.0,0.0,0.0,0.0,[0. 0. 0. 0. 0. 0. 0. 0. 0. 0. 0. 0. 0. 0. 0. 0. 0. 0. 0. 0. 0. 0. 0. 0.
 0. 0. 0. 0. 0. 0. 0. 0. 0. 0. 0. 0.]
7.946907043457031,,1.412122459347991,-4.319726940738461,0.0,-0.0,0.0,0.5551125541877623,-0.8317752413862406,[ 0.0033815   0.000509   -0.0012997   0.000509    0.00136836 -0.00050055
 -0.0012997  -0.00050055  0.00137975  0.          0.          0.
  0.          0.          0.          0.          0.          0.
  0.          0.          0.          0.          0.          0.
  0.          0.          0.          0.          0.          0.
  0.          0.          0.          0.          0.          0.        ],1.2588095238095238,0.0,0.0,0.0,0.0,0.0,[0. 0. 0. 0. 0. 0. 0. 0. 0. 0. 0. 0. 0. 0. 0. 0. 0. 0. 0. 0. 0. 0. 0. 0.
 0. 0. 0. 0. 0. 0. 0. 0. 0. 0. 0. 0.]
7.973608732223511,,1.4036737625256093,-4.3402893016568465,0.0,-0.0,0.0,0.5621376856787781,-0.8270436641071058,[ 0.00376898  0.00075645 -0.00170902  0.00075645  0.00156265 -0.00064169
 -0.00170902 -0.00064169  0.00180426  0.          0.          0.
  0.          0.          0.          0.          0.          0.
  0.          0.          0.          0.          0.          0.
  0.          0.          0.          0.          0.          0.
  0.          0.          0.          0.          0.          0.        ],1.1707142857142858,0.0,0.0,0.0,0.0,0.0,[0. 0. 0. 0. 0. 0. 0. 0. 0. 0. 0. 0. 0. 0. 0. 0. 0. 0. 0. 0. 0. 0. 0. 0.
 0. 0. 0. 0. 0. 0. 0. 0. 0. 0. 0. 0.]
7.991777420043945,,1.4336036426759304,-4.367256833954965,0.0,-0.0,0.0,0.5749454343310758,-0.8181917547505906,[ 0.00383342  0.0008064  -0.00152692  0.0008064   0.00137257 -0.00066232
 -0.00152692 -0.00066232  0.00146472  0.          0.          0.
  0.          0.          0.          0.          0.          0.
  0.          0.          0.          0.          0.          0.
  0.          0.          0.          0.          0.          0.
  0.          0.          0.          0.          0.          0.        ],1.091904761904762,0.0,0.0,0.0,0.0,0.0,[0. 0. 0. 0. 0. 0. 0. 0. 0. 0. 0. 0. 0. 0. 0. 0. 0. 0. 0. 0. 0. 0. 0. 0.
 0. 0. 0. 0. 0. 0. 0. 0. 0. 0. 0. 0.]
8.028776168823242,,1.410501899734859,-4.387445768553294,0.0,-0.0,0.0,0.588721610349834,-0.8083358618217419,[ 0.00456039  0.00112166 -0.00228275  0.00112166  0.00161003 -0.0009369
 -0.00228275 -0.0009369   0.00205226  0.          0.          0.
  0.          0.          0.          0.          0.          0.
  0.          0.          0.          0.          0.          0.
  0.          0.          0.          0.          0.          0.
  0.          0.          0.          0.          0.          0.        ],1.0288095238095238,0.0,0.0,0.0,0.0,0.0,[0. 0. 0. 0. 0. 0. 0. 0. 0. 0. 0. 0. 0. 0. 0. 0. 0. 0. 0. 0. 0. 0. 0. 0.
 0. 0. 0. 0. 0. 0. 0. 0. 0. 0. 0. 0.]
8.071542739868164,,1.419212321100442,-4.412827611939295,0.0,-0.0,0.0,0.6106801064966099,-0.7918773942532324,[ 0.00452182  0.00113886 -0.0018946   0.00113886  0.00190229 -0.00094928
 -0.0018946  -0.00094928  0.0017873   0.          0.          0.
  0.          0.          0.          0.          0.          0.
  0.          0.          0.          0.          0.          0.
  0.          0.          0.          0.          0.          0.
  0.          0.          0.          0.          0.          0.        ],0.940952380952381,0.0,0.0,0.0,0.0,0.0,[0. 0. 0. 0. 0. 0. 0. 0. 0. 0. 0. 0. 0. 0. 0. 0. 0. 0. 0. 0. 0. 0. 0. 0.
 0. 0. 0. 0. 0. 0. 0. 0. 0. 0. 0. 0.]
8.09461522102356,,1.4252911213285926,-4.43922369714179,0.0,-0.0,0.0,0.6356229407817441,-0.7719996613677803,[ 0.00390689  0.00105596 -0.00175073  0.00105596  0.00180499 -0.0008461
 -0.00175073 -0.0008461   0.00158354  0.          0.          0.
  0.          0.          0.          0.          0.          0.
  0.          0.          0.          0.          0.          0.
  0.          0.          0.          0.          0.          0.
  0.          0.          0.          0.          0.          0.        ],0.7357142857142858,0.0,0.0,0.0,0.0,0.0,[0. 0. 0. 0. 0. 0. 0. 0. 0. 0. 0. 0. 0. 0. 0. 0. 0. 0. 0. 0. 0. 0. 0. 0.
 0. 0. 0. 0. 0. 0. 0. 0. 0. 0. 0. 0.]
8.123896360397339,,1.4481679281785445,-4.443760147253721,0.0,-0.0,0.0,0.6471911563308588,-0.7623277557370752,[ 0.00470862  0.00133106 -0.00226302  0.00133106  0.00189142 -0.00101266
 -0.00226302 -0.00101266  0.00211902  0.          0.          0.
  0.          0.          0.          0.          0.          0.
  0.          0.          0.          0.          0.          0.
  0.          0.          0.          0.          0.          0.
  0.          0.          0.          0.          0.          0.        ],0.6707142857142857,0.0,0.0,0.0,0.0,0.0,[0. 0. 0. 0. 0. 0. 0. 0. 0. 0. 0. 0. 0. 0. 0. 0. 0. 0. 0. 0. 0. 0. 0. 0.
 0. 0. 0. 0. 0. 0. 0. 0. 0. 0. 0. 0.]
8.145265340805054,,1.4619388485042637,-4.4732388067122955,0.0,-0.0,0.0,0.6599282905903253,-0.7513285907501,[ 0.00411395  0.00106106 -0.00161952  0.00106106  0.00171482 -0.00088836
 -0.00161952 -0.00088836  0.00155192  0.          0.          0.
  0.          0.          0.          0.          0.          0.
  0.          0.          0.          0.          0.          0.
  0.          0.          0.          0.          0.          0.
  0.          0.          0.          0.          0.          0.        ],0.5164285714285715,0.0,0.0,0.0,0.0,0.0,[0. 0. 0. 0. 0. 0. 0. 0. 0. 0. 0. 0. 0. 0. 0. 0. 0. 0. 0. 0. 0. 0. 0. 0.
 0. 0. 0. 0. 0. 0. 0. 0. 0. 0. 0. 0.]
8.181954383850098,,1.438534603415082,-4.477846808137775,0.0,-0.0,0.0,0.6733616650716491,-0.7393132407930594,[ 0.00447927  0.00114992 -0.00230263  0.00114992  0.00169804 -0.00088273
 -0.00230263 -0.00088273  0.00226304  0.          0.          0.
  0.          0.          0.          0.          0.          0.
  0.          0.          0.          0.          0.          0.
  0.          0.          0.          0.          0.          0.
  0.          0.          0.          0.          0.          0.        ],0.0,0.0,0.0,0.0,0.0,0.0,[0. 0. 0. 0. 0. 0. 0. 0. 0. 0. 0. 0. 0. 0. 0. 0. 0. 0. 0. 0. 0. 0. 0. 0.
 0. 0. 0. 0. 0. 0. 0. 0. 0. 0. 0. 0.]
8.213054656982422,,1.4535217689851123,-4.481513450108857,0.0,-0.0,0.0,0.6855686907246878,-0.7280079465898963,[ 0.00408728  0.00104345 -0.00168573  0.00104345  0.00169871 -0.00084981
 -0.00168573 -0.00084981  0.00166124  0.          0.          0.
  0.          0.          0.          0.          0.          0.
  0.          0.          0.          0.          0.          0.
  0.          0.          0.          0.          0.          0.
  0.          0.          0.          0.          0.          0.        ],0.15166666666666667,0.0,0.0,0.0,0.0,0.0,[0. 0. 0. 0. 0. 0. 0. 0. 0. 0. 0. 0. 0. 0. 0. 0. 0. 0. 0. 0. 0. 0. 0. 0.
 0. 0. 0. 0. 0. 0. 0. 0. 0. 0. 0. 0.]
8.23501968383789,,1.461685424614212,-4.483359342557233,0.0,-0.0,0.0,0.6883134635533822,-0.7254133827626471,[ 0.00394063  0.00094566 -0.00155138  0.00094566  0.00158666 -0.00079685
 -0.00155138 -0.00079685  0.00157273  0.          0.          0.
  0.          0.          0.          0.          0.          0.
  0.          0.          0.          0.          0.          0.
  0.          0.          0.          0.          0.          0.
  0.          0.          0.          0.          0.          0.        ],0.18047619047619048,0.0,0.0,0.0,0.0,0.0,[0. 0. 0. 0. 0. 0. 0. 0. 0. 0. 0. 0. 0. 0. 0. 0. 0. 0. 0. 0. 0. 0. 0. 0.
 0. 0. 0. 0. 0. 0. 0. 0. 0. 0. 0. 0.]
8.261943340301514,,1.455233800224345,-4.488946577416862,0.0,-0.0,0.0,0.7098780684980733,-0.7043245898486328,[ 0.00376993  0.00097506 -0.00172716  0.00097506  0.00149062 -0.00084256
 -0.00172716 -0.00084256  0.00170158  0.          0.          0.
  0.          0.          0.          0.          0.          0.
  0.          0.          0.          0.          0.          0.
  0.          0.          0.          0.          0.          0.
  0.          0.          0.          0.          0.          0.        ],0.05785714285714286,0.0,0.0,0.0,0.0,0.0,[0. 0. 0. 0. 0. 0. 0. 0. 0. 0. 0. 0. 0. 0. 0. 0. 0. 0. 0. 0. 0. 0. 0. 0.
 0. 0. 0. 0. 0. 0. 0. 0. 0. 0. 0. 0.]
8.284810543060303,,1.4528614744506791,-4.487726405714709,0.0,-0.0,0.0,0.7106656080650564,-0.7035299521083118,[ 0.00420674  0.00095101 -0.00180756  0.00095101  0.00140407 -0.00073523
 -0.00180756 -0.00073523  0.00170104  0.          0.          0.
  0.          0.          0.          0.          0.          0.
  0.          0.          0.          0.          0.          0.
  0.          0.          0.          0.          0.          0.
  0.          0.          0.          0.          0.          0.        ],0.12404761904761905,0.0,0.0,0.0,0.0,0.0,[0. 0. 0. 0. 0. 0. 0. 0. 0. 0. 0. 0. 0. 0. 0. 0. 0. 0. 0. 0. 0. 0. 0. 0.
 0. 0. 0. 0. 0. 0. 0. 0. 0. 0. 0. 0.]
8.310165643692017,,1.465788206924076,-4.487252314084022,0.0,-0.0,0.0,0.715080138816371,-0.6990424844530978,[ 0.0039366   0.00087952 -0.00162163  0.00087952  0.00141705 -0.00070397
 -0.00162163 -0.00070397  0.00154599  0.          0.          0.
  0.          0.          0.          0.          0.          0.
  0.          0.          0.          0.          0.          0.
  0.          0.          0.          0.          0.          0.
  0.          0.          0.          0.          0.          0.        ],0.165,0.0,0.0,0.0,0.0,0.0,[0. 0. 0. 0. 0. 0. 0. 0. 0. 0. 0. 0. 0. 0. 0. 0. 0. 0. 0. 0. 0. 0. 0. 0.
 0. 0. 0. 0. 0. 0. 0. 0. 0. 0. 0. 0.]
8.336983442306519,,1.4613066731473128,-4.508714577585127,0.0,-0.0,0.0,0.7217297846762919,-0.6921749185799161,[ 0.00394128  0.00086953 -0.00159009  0.00086953  0.00174149 -0.00071833
 -0.00159009 -0.00071833  0.00202561  0.          0.          0.
  0.          0.          0.          0.          0.          0.
  0.          0.          0.          0.          0.          0.
  0.          0.          0.          0.          0.          0.
  0.          0.          0.          0.          0.          0.        ],0.21476190476190476,0.0,0.0,0.0,0.0,0.0,[0. 0. 0. 0. 0. 0. 0. 0. 0. 0. 0. 0. 0. 0. 0. 0. 0. 0. 0. 0. 0. 0. 0. 0.
 0. 0. 0. 0. 0. 0. 0. 0. 0. 0. 0. 0.]
8.358885049819946,,1.4589475812732637,-4.517548926538073,0.0,-0.0,0.0,0.7219918344911217,-0.6919015760410903,[ 0.00402138  0.00086406 -0.00164855  0.00086406  0.00154785 -0.00076749
 -0.00164855 -0.00076749  0.00184599  0.          0.          0.
  0.          0.          0.          0.          0.          0.
  0.          0.          0.          0.          0.          0.
  0.          0.          0.          0.          0.          0.
  0.          0.          0.          0.          0.          0.        ],0.0,0.0,0.0,0.0,0.0,0.0,[0. 0. 0. 0. 0. 0. 0. 0. 0. 0. 0. 0. 0. 0. 0. 0. 0. 0. 0. 0. 0. 0. 0. 0.
 0. 0. 0. 0. 0. 0. 0. 0. 0. 0. 0. 0.]
8.384235143661499,,1.450669149061785,-4.531066322317019,0.0,-0.0,0.0,0.7190995357993659,-0.6949070855971584,[ 0.00390676  0.00097898 -0.00164281  0.00097898  0.00159644 -0.00083289
 -0.00164281 -0.00083289  0.00181326  0.          0.          0.
  0.          0.          0.          0.          0.          0.
  0.          0.          0.          0.          0.          0.
  0.          0.          0.          0.          0.          0.
  0.          0.          0.          0.          0.          0.        ],0.0,0.0,0.0,0.0,0.0,0.0,[0. 0. 0. 0. 0. 0. 0. 0. 0. 0. 0. 0. 0. 0. 0. 0. 0. 0. 0. 0. 0. 0. 0. 0.
 0. 0. 0. 0. 0. 0. 0. 0. 0. 0. 0. 0.]
8.415182113647461,,1.44019358919923,-4.541765364389932,0.0,-0.0,0.0,0.7177737972615457,-0.696276364646066,[ 0.00397877  0.00100462 -0.00159519  0.00100462  0.00178615 -0.00086962
 -0.00159519 -0.00086962  0.00180769  0.          0.          0.
  0.          0.          0.          0.          0.          0.
  0.          0.          0.          0.          0.          0.
  0.          0.          0.          0.          0.          0.
  0.          0.          0.          0.          0.          0.        ],0.0,0.0,0.0,0.0,0.0,0.0,[0. 0. 0. 0. 0. 0. 0. 0. 0. 0. 0. 0. 0. 0. 0. 0. 0. 0. 0. 0. 0. 0. 0. 0.
 0. 0. 0. 0. 0. 0. 0. 0. 0. 0. 0. 0.]
8.437038660049438,,1.4198608322369735,-4.534133819835883,0.0,-0.0,0.0,0.7272511363569736,-0.6863714625969605,[ 0.00421021  0.00130223 -0.00202037  0.00130223  0.00177128 -0.00100637
 -0.00202037 -0.00100637  0.00190532  0.          0.          0.
  0.          0.          0.          0.          0.          0.
  0.          0.          0.          0.          0.          0.
  0.          0.          0.          0.          0.          0.
  0.          0.          0.          0.          0.          0.        ],0.0,0.0,0.0,0.0,0.0,0.0,[0. 0. 0. 0. 0. 0. 0. 0. 0. 0. 0. 0. 0. 0. 0. 0. 0. 0. 0. 0. 0. 0. 0. 0.
 0. 0. 0. 0. 0. 0. 0. 0. 0. 0. 0. 0.]
8.45304560661316,,1.4144093440075833,-4.530194864011418,0.0,-0.0,0.0,0.7269364379434923,-0.6867047511048888,[ 0.00411139  0.00133965 -0.00194452  0.00133965  0.00168538 -0.000955
 -0.00194452 -0.000955    0.00180768  0.          0.          0.
  0.          0.          0.          0.          0.          0.
  0.          0.          0.          0.          0.          0.
  0.          0.          0.          0.          0.          0.
  0.          0.          0.          0.          0.          0.        ],0.0,0.0,0.0,0.0,0.0,0.0,[0. 0. 0. 0. 0. 0. 0. 0. 0. 0. 0. 0. 0. 0. 0. 0. 0. 0. 0. 0. 0. 0. 0. 0.
 0. 0. 0. 0. 0. 0. 0. 0. 0. 0. 0. 0.]
8.476012468338013,,1.419387410414616,-4.529020774503501,0.0,-0.0,0.0,0.7287870059076637,-0.6847404617956668,[ 0.00399326  0.00144201 -0.00190641  0.00144201  0.00173271 -0.00101479
 -0.00190641 -0.00101479  0.00176806  0.          0.          0.
  0.          0.          0.          0.          0.          0.
  0.          0.          0.          0.          0.          0.
  0.          0.          0.          0.          0.          0.
  0.          0.          0.          0.          0.          0.        ],0.2357142857142857,0.0,0.0,0.0,0.0,0.0,[0. 0. 0. 0. 0. 0. 0. 0. 0. 0. 0. 0. 0. 0. 0. 0. 0. 0. 0. 0. 0. 0. 0. 0.
 0. 0. 0. 0. 0. 0. 0. 0. 0. 0. 0. 0.]
8.511830568313599,,1.4218653055991992,-4.529837031548778,0.0,-0.0,0.0,0.7293230915438631,-0.6841694440275025,[ 0.00354589  0.00136366 -0.00176371  0.00136366  0.00178844 -0.00095658
 -0.00176371 -0.00095658  0.00170844  0.          0.          0.
  0.          0.          0.          0.          0.          0.
  0.          0.          0.          0.          0.          0.
  0.          0.          0.          0.          0.          0.
  0.          0.          0.          0.          0.          0.        ],0.26595238095238094,0.0,0.0,0.0,0.0,0.0,[0. 0. 0. 0. 0. 0. 0. 0. 0. 0. 0. 0. 0. 0. 0. 0. 0. 0. 0. 0. 0. 0. 0. 0.
 0. 0. 0. 0. 0. 0. 0. 0. 0. 0. 0. 0.]
8.545640230178833,,1.421026799836933,-4.544885460926061,0.0,-0.0,0.0,0.7356342228112565,-0.677378985671152,[ 0.00386683  0.00142889 -0.00167453  0.00142889  0.00190313 -0.00088797
 -0.00167453 -0.00088797  0.00190479  0.          0.          0.
  0.          0.          0.          0.          0.          0.
  0.          0.          0.          0.          0.          0.
  0.          0.          0.          0.          0.          0.
  0.          0.          0.          0.          0.          0.        ],0.29333333333333333,0.0,0.0,0.0,0.0,0.0,[0. 0. 0. 0. 0. 0. 0. 0. 0. 0. 0. 0. 0. 0. 0. 0. 0. 0. 0. 0. 0. 0. 0. 0.
 0. 0. 0. 0. 0. 0. 0. 0. 0. 0. 0. 0.]
8.567051649093628,,1.4202339987265988,-4.562616358231055,0.0,-0.0,0.0,0.7363964157014519,-0.6765503077687973,[ 0.0036747   0.00120763 -0.0015704   0.00120763  0.00169385 -0.00085781
 -0.0015704  -0.00085781  0.0016152   0.          0.          0.
  0.          0.          0.          0.          0.          0.
  0.          0.          0.          0.          0.          0.
  0.          0.          0.          0.          0.          0.
  0.          0.          0.          0.          0.          0.        ],0.47928571428571426,0.0,0.0,0.0,0.0,0.0,[0. 0. 0. 0. 0. 0. 0. 0. 0. 0. 0. 0. 0. 0. 0. 0. 0. 0. 0. 0. 0. 0. 0. 0.
 0. 0. 0. 0. 0. 0. 0. 0. 0. 0. 0. 0.]
8.590315818786621,,1.417429616229733,-4.572595895491066,0.0,-0.0,0.0,0.7371108493371921,-0.6757718518770987,[ 0.00367318  0.00101375 -0.00147742  0.00101375  0.00143365 -0.00069117
 -0.00147742 -0.00069117  0.00147026  0.          0.          0.
  0.          0.          0.          0.          0.          0.
  0.          0.          0.          0.          0.          0.
  0.          0.          0.          0.          0.          0.
  0.          0.          0.          0.          0.          0.        ],0.5516666666666666,0.0,0.0,0.0,0.0,0.0,[0. 0. 0. 0. 0. 0. 0. 0. 0. 0. 0. 0. 0. 0. 0. 0. 0. 0. 0. 0. 0. 0. 0. 0.
 0. 0. 0. 0. 0. 0. 0. 0. 0. 0. 0. 0.]
8.615495920181274,,1.4130999073318964,-4.5814178848861635,0.0,-0.0,0.0,0.7363069992497177,-0.6766476208898368,[ 0.0029327   0.00090247 -0.00115279  0.00090247  0.00133364 -0.00066427
 -0.00115279 -0.00066427  0.00131166  0.          0.          0.
  0.          0.          0.          0.          0.          0.
  0.          0.          0.          0.          0.          0.
  0.          0.          0.          0.          0.          0.
  0.          0.          0.          0.          0.          0.        ],0.6438095238095238,0.0,0.0,0.0,0.0,0.0,[0. 0. 0. 0. 0. 0. 0. 0. 0. 0. 0. 0. 0. 0. 0. 0. 0. 0. 0. 0. 0. 0. 0. 0.
 0. 0. 0. 0. 0. 0. 0. 0. 0. 0. 0. 0.]
8.637745380401611,,1.4146307439788235,-4.586488679372582,0.0,-0.0,0.0,0.735802298241994,-0.6771964101365273,[ 0.00309109  0.00101049 -0.00130005  0.00101049  0.00148207 -0.00072162
 -0.00130005 -0.00072162  0.00138726  0.          0.          0.
  0.          0.          0.          0.          0.          0.
  0.          0.          0.          0.          0.          0.
  0.          0.          0.          0.          0.          0.
  0.          0.          0.          0.          0.          0.        ],0.7454761904761905,0.0,0.0,0.0,0.0,0.0,[0. 0. 0. 0. 0. 0. 0. 0. 0. 0. 0. 0. 0. 0. 0. 0. 0. 0. 0. 0. 0. 0. 0. 0.
 0. 0. 0. 0. 0. 0. 0. 0. 0. 0. 0. 0.]
8.669423341751099,,1.412817227989063,-4.62689392856155,0.0,-0.0,0.0,0.7465775271529992,-0.6652984262345079,[ 0.00362562  0.00115786 -0.0013904   0.00115786  0.00168828 -0.00090636
 -0.0013904  -0.00090636  0.00158837  0.          0.          0.
  0.          0.          0.          0.          0.          0.
  0.          0.          0.          0.          0.          0.
  0.          0.          0.          0.          0.          0.
  0.          0.          0.          0.          0.          0.        ],0.9854761904761905,0.0,0.0,0.0,0.0,0.0,[0. 0. 0. 0. 0. 0. 0. 0. 0. 0. 0. 0. 0. 0. 0. 0. 0. 0. 0. 0. 0. 0. 0. 0.
 0. 0. 0. 0. 0. 0. 0. 0. 0. 0. 0. 0.]
8.688839673995972,,1.3914736238666519,-4.627972613286063,0.0,-0.0,0.0,0.7522100121308783,-0.6589234383826879,[ 0.00319277  0.00112482 -0.00142996  0.00112482  0.00186094 -0.00081311
 -0.00142996 -0.00081311  0.00161259  0.          0.          0.
  0.          0.          0.          0.          0.          0.
  0.          0.          0.          0.          0.          0.
  0.          0.          0.          0.          0.          0.
  0.          0.          0.          0.          0.          0.        ],1.14,0.0,0.0,0.0,0.0,0.0,[0. 0. 0. 0. 0. 0. 0. 0. 0. 0. 0. 0. 0. 0. 0. 0. 0. 0. 0. 0. 0. 0. 0. 0.
 0. 0. 0. 0. 0. 0. 0. 0. 0. 0. 0. 0.]
8.71105670928955,,1.3753615312247922,-4.638536935007975,0.0,-0.0,0.0,0.7496912404063881,-0.6617877636054713,[ 0.0033335   0.00124109 -0.0014882   0.00124109  0.00196851 -0.00091454
 -0.0014882  -0.00091454  0.00158167  0.          0.          0.
  0.          0.          0.          0.          0.          0.
  0.          0.          0.          0.          0.          0.
  0.          0.          0.          0.          0.          0.
  0.          0.          0.          0.          0.          0.        ],1.3123809523809524,0.0,0.0,0.0,0.0,0.0,[0. 0. 0. 0. 0. 0. 0. 0. 0. 0. 0. 0. 0. 0. 0. 0. 0. 0. 0. 0. 0. 0. 0. 0.
 0. 0. 0. 0. 0. 0. 0. 0. 0. 0. 0. 0.]
8.73388934135437,,1.3665327286777542,-4.661853190665337,0.0,-0.0,0.0,0.7567927621943162,-0.6536548899000888,[ 0.00328301  0.00122794 -0.00155285  0.00122794  0.00190541 -0.00092186
 -0.00155285 -0.00092186  0.00194289  0.          0.          0.
  0.          0.          0.          0.          0.          0.
  0.          0.          0.          0.          0.          0.
  0.          0.          0.          0.          0.          0.
  0.          0.          0.          0.          0.          0.        ],1.48,0.0,0.0,0.0,0.0,0.0,[0. 0. 0. 0. 0. 0. 0. 0. 0. 0. 0. 0. 0. 0. 0. 0. 0. 0. 0. 0. 0. 0. 0. 0.
 0. 0. 0. 0. 0. 0. 0. 0. 0. 0. 0. 0.]
8.752924680709839,,1.370364355337086,-4.677597522115269,0.0,-0.0,0.0,0.7617388887248346,-0.64788414504775,[ 0.00314525  0.00112113 -0.00128799  0.00112113  0.00182287 -0.00081486
 -0.00128799 -0.00081486  0.00148296  0.          0.          0.
  0.          0.          0.          0.          0.          0.
  0.          0.          0.          0.          0.          0.
  0.          0.          0.          0.          0.          0.
  0.          0.          0.          0.          0.          0.        ],1.6002380952380952,0.0,0.0,0.0,0.0,0.0,[0. 0. 0. 0. 0. 0. 0. 0. 0. 0. 0. 0. 0. 0. 0. 0. 0. 0. 0. 0. 0. 0. 0. 0.
 0. 0. 0. 0. 0. 0. 0. 0. 0. 0. 0. 0.]
8.778294324874878,,1.3403903667728436,-4.718234038127589,0.0,-0.0,0.0,0.7730320962327836,-0.6343669113328252,[ 0.00287742  0.00120358 -0.00144856  0.00120358  0.00189865 -0.00086971
 -0.00144856 -0.00086971  0.00182403  0.          0.          0.
  0.          0.          0.          0.          0.          0.
  0.          0.          0.          0.          0.          0.
  0.          0.          0.          0.          0.          0.
  0.          0.          0.          0.          0.          0.        ],1.4961904761904763,0.0,0.0,0.0,0.0,0.0,[0. 0. 0. 0. 0. 0. 0. 0. 0. 0. 0. 0. 0. 0. 0. 0. 0. 0. 0. 0. 0. 0. 0. 0.
 0. 0. 0. 0. 0. 0. 0. 0. 0. 0. 0. 0.]
8.803876876831055,,1.3313133367199237,-4.723334782752654,0.0,-0.0,0.0,0.7754241352756123,-0.6314407418214862,[ 0.00281735  0.00116533 -0.0013694   0.00116533  0.00208294 -0.00094716
 -0.0013694  -0.00094716  0.00173655  0.          0.          0.
  0.          0.          0.          0.          0.          0.
  0.          0.          0.          0.          0.          0.
  0.          0.          0.          0.          0.          0.
  0.          0.          0.          0.          0.          0.        ],1.399047619047619,0.0,0.0,0.0,0.0,0.0,[0. 0. 0. 0. 0. 0. 0. 0. 0. 0. 0. 0. 0. 0. 0. 0. 0. 0. 0. 0. 0. 0. 0. 0.
 0. 0. 0. 0. 0. 0. 0. 0. 0. 0. 0. 0.]
8.833757400512695,,1.3356667094730004,-4.74343961113672,0.0,-0.0,0.0,0.7866831852961053,-0.6173569194334617,[ 0.00332553  0.00124318 -0.00166553  0.00124318  0.00208928 -0.00102788
 -0.00166553 -0.00102788  0.00239167  0.          0.          0.
  0.          0.          0.          0.          0.          0.
  0.          0.          0.          0.          0.          0.
  0.          0.          0.          0.          0.          0.
  0.          0.          0.          0.          0.          0.        ],1.3245238095238094,0.0,0.0,0.0,0.0,0.0,[0. 0. 0. 0. 0. 0. 0. 0. 0. 0. 0. 0. 0. 0. 0. 0. 0. 0. 0. 0. 0. 0. 0. 0.
 0. 0. 0. 0. 0. 0. 0. 0. 0. 0. 0. 0.]
8.857576131820679,,1.3158840246917867,-4.746370219199231,0.0,-0.0,0.0,0.7947409753215844,-0.6069487475437253,[ 0.0033053   0.00126256 -0.00172698  0.00126256  0.00202551 -0.00101869
 -0.00172698 -0.00101869  0.00224522  0.          0.          0.
  0.          0.          0.          0.          0.          0.
  0.          0.          0.          0.          0.          0.
  0.          0.          0.          0.          0.          0.
  0.          0.          0.          0.          0.          0.        ],1.2635714285714286,0.0,0.0,0.0,0.0,0.0,[0. 0. 0. 0. 0. 0. 0. 0. 0. 0. 0. 0. 0. 0. 0. 0. 0. 0. 0. 0. 0. 0. 0. 0.
 0. 0. 0. 0. 0. 0. 0. 0. 0. 0. 0. 0.]
8.881346702575684,,1.3184920367729782,-4.763556985904666,0.0,-0.0,0.0,0.8053446884403492,-0.5928068258724059,[ 0.00330534  0.0013143  -0.0016653   0.0013143   0.00191858 -0.00103637
 -0.0016653  -0.00103637  0.00229125  0.          0.          0.
  0.          0.          0.          0.          0.          0.
  0.          0.          0.          0.          0.          0.
  0.          0.          0.          0.          0.          0.
  0.          0.          0.          0.          0.          0.        ],1.2085714285714286,0.0,0.0,0.0,0.0,0.0,[0. 0. 0. 0. 0. 0. 0. 0. 0. 0. 0. 0. 0. 0. 0. 0. 0. 0. 0. 0. 0. 0. 0. 0.
 0. 0. 0. 0. 0. 0. 0. 0. 0. 0. 0. 0.]
8.900141716003418,,1.2920085199899192,-4.780307209656815,0.0,-0.0,0.0,0.8125226818305495,-0.5829295768022854,[ 0.00343619  0.00178056 -0.00217134  0.00178056  0.00266888 -0.00147876
 -0.00217134 -0.00147876  0.00274568  0.          0.          0.
  0.          0.          0.          0.          0.          0.
  0.          0.          0.          0.          0.          0.
  0.          0.          0.          0.          0.          0.
  0.          0.          0.          0.          0.          0.        ],1.1007142857142858,0.0,0.0,0.0,0.0,0.0,[0. 0. 0. 0. 0. 0. 0. 0. 0. 0. 0. 0. 0. 0. 0. 0. 0. 0. 0. 0. 0. 0. 0. 0.
 0. 0. 0. 0. 0. 0. 0. 0. 0. 0. 0. 0.]
8.91966700553894,,1.2849267303726768,-4.794802020124848,0.0,-0.0,0.0,0.820907999886346,-0.5710604659075945,[ 0.00350369  0.00175111 -0.00217187  0.00175111  0.00267268 -0.00167921
 -0.00217187 -0.00167921  0.00313315  0.          0.          0.
  0.          0.          0.          0.          0.          0.
  0.          0.          0.          0.          0.          0.
  0.          0.          0.          0.          0.          0.
  0.          0.          0.          0.          0.          0.        ],1.0457142857142858,0.0,0.0,0.0,0.0,0.0,[0. 0. 0. 0. 0. 0. 0. 0. 0. 0. 0. 0. 0. 0. 0. 0. 0. 0. 0. 0. 0. 0. 0. 0.
 0. 0. 0. 0. 0. 0. 0. 0. 0. 0. 0. 0.]
8.939444065093994,,1.257603511268812,-4.814225686999935,0.0,-0.0,0.0,0.8300855032837802,-0.5576361333684478,[ 0.00372048  0.00185536 -0.00261424  0.00185536  0.00278206 -0.00167695
 -0.00261424 -0.00167695  0.00379763  0.          0.          0.
  0.          0.          0.          0.          0.          0.
  0.          0.          0.          0.          0.          0.
  0.          0.          0.          0.          0.          0.
  0.          0.          0.          0.          0.          0.        ],0.9638095238095238,0.0,0.0,0.0,0.0,0.0,[0. 0. 0. 0. 0. 0. 0. 0. 0. 0. 0. 0. 0. 0. 0. 0. 0. 0. 0. 0. 0. 0. 0. 0.
 0. 0. 0. 0. 0. 0. 0. 0. 0. 0. 0. 0.]
8.975647211074829,,1.2505548691747448,-4.829972809075528,0.0,-0.0,0.0,0.8350496152199942,-0.550174645109114,[ 0.00368137  0.00170769 -0.00239234  0.00170769  0.00265874 -0.00164237
 -0.00239234 -0.00164237  0.00339276  0.          0.          0.
  0.          0.          0.          0.          0.          0.
  0.          0.          0.          0.          0.          0.
  0.          0.          0.          0.          0.          0.
  0.          0.          0.          0.          0.          0.        ],0.8576190476190476,0.0,0.0,0.0,0.0,0.0,[0. 0. 0. 0. 0. 0. 0. 0. 0. 0. 0. 0. 0. 0. 0. 0. 0. 0. 0. 0. 0. 0. 0. 0.
 0. 0. 0. 0. 0. 0. 0. 0. 0. 0. 0. 0.]
8.98929738998413,,1.2225710453806071,-4.855185822589416,0.0,-0.0,0.0,0.8444974817798543,-0.5355595235522236,[ 0.00346317  0.0018494  -0.00248891  0.0018494   0.00289128 -0.00168872
 -0.00248891 -0.00168872  0.00367713  0.          0.          0.
  0.          0.          0.          0.          0.          0.
  0.          0.          0.          0.          0.          0.
  0.          0.          0.          0.          0.          0.
  0.          0.          0.          0.          0.          0.        ],0.8142857142857143,0.0,0.0,0.0,0.0,0.0,[0. 0. 0. 0. 0. 0. 0. 0. 0. 0. 0. 0. 0. 0. 0. 0. 0. 0. 0. 0. 0. 0. 0. 0.
 0. 0. 0. 0. 0. 0. 0. 0. 0. 0. 0. 0.]
9.015424251556396,,1.1901912669833308,-4.858523743109137,0.0,-0.0,0.0,0.851183703896505,-0.5248678902552782,[ 0.0034564   0.00215045 -0.00245118  0.00215045  0.00339908 -0.00216773
 -0.00245118 -0.00216773  0.00358121  0.          0.          0.
  0.          0.          0.          0.          0.          0.
  0.          0.          0.          0.          0.          0.
  0.          0.          0.          0.          0.          0.
  0.          0.          0.          0.          0.          0.        ],0.7461904761904762,0.0,0.0,0.0,0.0,0.0,[0. 0. 0. 0. 0. 0. 0. 0. 0. 0. 0. 0. 0. 0. 0. 0. 0. 0. 0. 0. 0. 0. 0. 0.
 0. 0. 0. 0. 0. 0. 0. 0. 0. 0. 0. 0.]
9.038785457611084,,1.185158849881447,-4.8724512644200875,0.0,-0.0,0.0,0.8566009829057525,-0.5159794144003216,[ 0.00372735  0.00227363 -0.00297519  0.00227363  0.00356095 -0.00232717
 -0.00297519 -0.00232717  0.00470382  0.          0.          0.
  0.          0.          0.          0.          0.          0.
  0.          0.          0.          0.          0.          0.
  0.          0.          0.          0.          0.          0.
  0.          0.          0.          0.          0.          0.        ],0.665952380952381,0.0,0.0,0.0,0.0,0.0,[0. 0. 0. 0. 0. 0. 0. 0. 0. 0. 0. 0. 0. 0. 0. 0. 0. 0. 0. 0. 0. 0. 0. 0.
 0. 0. 0. 0. 0. 0. 0. 0. 0. 0. 0. 0.]
9.058753728866577,,1.167409603110994,-4.866891688858253,0.0,-0.0,0.0,0.865313776560537,-0.5012305538318081,[ 0.00342628  0.00226597 -0.00261644  0.00226597  0.00388215 -0.00233656
 -0.00261644 -0.00233656  0.00390865  0.          0.          0.
  0.          0.          0.          0.          0.          0.
  0.          0.          0.          0.          0.          0.
  0.          0.          0.          0.          0.          0.
  0.          0.          0.          0.          0.          0.        ],0.0,0.0,0.0,0.0,0.0,0.0,[0. 0. 0. 0. 0. 0. 0. 0. 0. 0. 0. 0. 0. 0. 0. 0. 0. 0. 0. 0. 0. 0. 0. 0.
 0. 0. 0. 0. 0. 0. 0. 0. 0. 0. 0. 0.]
9.08100175857544,,1.1586927390085695,-4.86707803675371,0.0,-0.0,0.0,0.8641767593489329,-0.5031883629429208,[ 0.00338749  0.00233288 -0.00259917  0.00233288  0.00391938 -0.00235461
 -0.00259917 -0.00235461  0.00388734  0.          0.          0.
  0.          0.          0.          0.          0.          0.
  0.          0.          0.          0.          0.          0.
  0.          0.          0.          0.          0.          0.
  0.          0.          0.          0.          0.          0.        ],0.0,0.0,0.0,0.0,0.0,0.0,[0. 0. 0. 0. 0. 0. 0. 0. 0. 0. 0. 0. 0. 0. 0. 0. 0. 0. 0. 0. 0. 0. 0. 0.
 0. 0. 0. 0. 0. 0. 0. 0. 0. 0. 0. 0.]
9.102009296417236,,1.1628116941359896,-4.880656288512315,0.0,-0.0,0.0,0.8714210471971758,-0.4905357871774266,[ 0.00358434  0.0023728  -0.00308848  0.0023728   0.00441741 -0.00264137
 -0.00308848 -0.00264137  0.00537106  0.          0.          0.
  0.          0.          0.          0.          0.          0.
  0.          0.          0.          0.          0.          0.
  0.          0.          0.          0.          0.          0.
  0.          0.          0.          0.          0.          0.        ],0.11285714285714285,0.0,0.0,0.0,0.0,0.0,[0. 0. 0. 0. 0. 0. 0. 0. 0. 0. 0. 0. 0. 0. 0. 0. 0. 0. 0. 0. 0. 0. 0. 0.
 0. 0. 0. 0. 0. 0. 0. 0. 0. 0. 0. 0.]
9.13471269607544,,1.1503867761711628,-4.880086118832289,0.0,-0.0,0.0,0.8795874422215184,-0.4757372504715256,[ 0.00350011  0.00238655 -0.00277632  0.00238655  0.00409273 -0.00248943
 -0.00277632 -0.00248943  0.00435993  0.          0.          0.
  0.          0.          0.          0.          0.          0.
  0.          0.          0.          0.          0.          0.
  0.          0.          0.          0.          0.          0.
  0.          0.          0.          0.          0.          0.        ],0.18071428571428572,0.0,0.0,0.0,0.0,0.0,[0. 0. 0. 0. 0. 0. 0. 0. 0. 0. 0. 0. 0. 0. 0. 0. 0. 0. 0. 0. 0. 0. 0. 0.
 0. 0. 0. 0. 0. 0. 0. 0. 0. 0. 0. 0.]
9.152467966079712,,1.1383991594544762,-4.8885858467003365,0.0,-0.0,0.0,0.8780796518211224,-0.47851449827324616,[ 0.0033976   0.00228102 -0.00278701  0.00228102  0.00384036 -0.00242098
 -0.00278701 -0.00242098  0.00429236  0.          0.          0.
  0.          0.          0.          0.          0.          0.
  0.          0.          0.          0.          0.          0.
  0.          0.          0.          0.          0.          0.
  0.          0.          0.          0.          0.          0.        ],0.22595238095238096,0.0,0.0,0.0,0.0,0.0,[0. 0. 0. 0. 0. 0. 0. 0. 0. 0. 0. 0. 0. 0. 0. 0. 0. 0. 0. 0. 0. 0. 0. 0.
 0. 0. 0. 0. 0. 0. 0. 0. 0. 0. 0. 0.]
9.168955326080322,,1.1325033437179721,-4.893138009549927,0.0,-0.0,0.0,0.8778225565359966,-0.47898596977010416,[ 0.00340915  0.00238137 -0.00278186  0.00238137  0.00407042 -0.00257613
 -0.00278186 -0.00257613  0.00426824  0.          0.          0.
  0.          0.          0.          0.          0.          0.
  0.          0.          0.          0.          0.          0.
  0.          0.          0.          0.          0.          0.
  0.          0.          0.          0.          0.          0.        ],0.0,0.0,0.0,0.0,0.0,0.0,[0. 0. 0. 0. 0. 0. 0. 0. 0. 0. 0. 0. 0. 0. 0. 0. 0. 0. 0. 0. 0. 0. 0. 0.
 0. 0. 0. 0. 0. 0. 0. 0. 0. 0. 0. 0.]
9.19948410987854,,1.127633152507141,-4.896674576669205,0.0,-0.0,0.0,0.877277799148242,-0.4799829821166754,[ 0.00343373  0.00227721 -0.00280479  0.00227721  0.00396578 -0.00263114
 -0.00280479 -0.00263114  0.00461833  0.          0.          0.
  0.          0.          0.          0.          0.          0.
  0.          0.          0.          0.          0.          0.
  0.          0.          0.          0.          0.          0.
  0.          0.          0.          0.          0.          0.        ],0.0,0.0,0.0,0.0,0.0,0.0,[0. 0. 0. 0. 0. 0. 0. 0. 0. 0. 0. 0. 0. 0. 0. 0. 0. 0. 0. 0. 0. 0. 0. 0.
 0. 0. 0. 0. 0. 0. 0. 0. 0. 0. 0. 0.]
9.216819047927856,,1.1237281683131857,-4.9025373581634595,0.0,-0.0,0.0,0.8767275366996837,-0.4809873453558885,[ 0.00350014  0.00236564 -0.00270463  0.00236564  0.00382798 -0.00253903
 -0.00270463 -0.00253903  0.00438787  0.          0.          0.
  0.          0.          0.          0.          0.          0.
  0.          0.          0.          0.          0.          0.
  0.          0.          0.          0.          0.          0.
  0.          0.          0.          0.          0.          0.        ],0.1488095238095238,0.0,0.0,0.0,0.0,0.0,[0. 0. 0. 0. 0. 0. 0. 0. 0. 0. 0. 0. 0. 0. 0. 0. 0. 0. 0. 0. 0. 0. 0. 0.
 0. 0. 0. 0. 0. 0. 0. 0. 0. 0. 0. 0.]
9.241880655288696,,1.1186643814827522,-4.912111795345661,0.0,-0.0,0.0,0.8758031339535969,-0.4826684892936952,[ 0.00329019  0.00223216 -0.00266911  0.00223216  0.00386602 -0.00252951
 -0.00266911 -0.00252951  0.0043288   0.          0.          0.
  0.          0.          0.          0.          0.          0.
  0.          0.          0.          0.          0.          0.
  0.          0.          0.          0.          0.          0.
  0.          0.          0.          0.          0.          0.        ],0.17595238095238094,0.0,0.0,0.0,0.0,0.0,[0. 0. 0. 0. 0. 0. 0. 0. 0. 0. 0. 0. 0. 0. 0. 0. 0. 0. 0. 0. 0. 0. 0. 0.
 0. 0. 0. 0. 0. 0. 0. 0. 0. 0. 0. 0.]
9.256437540054321,,1.119307926193668,-4.913591151919298,0.0,-0.0,0.0,0.8759134791393417,-0.48246821352500935,[ 0.00317683  0.00202551 -0.00251072  0.00202551  0.0036047  -0.00233574
 -0.00251072 -0.00233574  0.00424147  0.          0.          0.
  0.          0.          0.          0.          0.          0.
  0.          0.          0.          0.          0.          0.
  0.          0.          0.          0.          0.          0.
  0.          0.          0.          0.          0.          0.        ],0.0,0.0,0.0,0.0,0.0,0.0,[0. 0. 0. 0. 0. 0. 0. 0. 0. 0. 0. 0. 0. 0. 0. 0. 0. 0. 0. 0. 0. 0. 0. 0.
 0. 0. 0. 0. 0. 0. 0. 0. 0. 0. 0. 0.]
9.285543203353882,,1.1171479121263812,-4.9166066394030565,0.0,-0.0,0.0,0.8749068867184061,-0.48429117230516,[ 0.00298168  0.00190315 -0.00240204  0.00190315  0.00336752 -0.00223243
 -0.00240204 -0.00223243  0.00404382  0.          0.          0.
  0.          0.          0.          0.          0.          0.
  0.          0.          0.          0.          0.          0.
  0.          0.          0.          0.          0.          0.
  0.          0.          0.          0.          0.          0.        ],0.0,0.0,0.0,0.0,0.0,0.0,[0. 0. 0. 0. 0. 0. 0. 0. 0. 0. 0. 0. 0. 0. 0. 0. 0. 0. 0. 0. 0. 0. 0. 0.
 0. 0. 0. 0. 0. 0. 0. 0. 0. 0. 0. 0.]
9.303221225738525,,1.1130405793706108,-4.922915103690982,0.0,-0.0,0.0,0.8745522590112856,-0.4849312799338244,[ 0.00311087  0.00204254 -0.0025141   0.00204254  0.00378672 -0.00250425
 -0.0025141  -0.00250425  0.00438301  0.          0.          0.
  0.          0.          0.          0.          0.          0.
  0.          0.          0.          0.          0.          0.
  0.          0.          0.          0.          0.          0.
  0.          0.          0.          0.          0.          0.        ],0.0,0.0,0.0,0.0,0.0,0.0,[0. 0. 0. 0. 0. 0. 0. 0. 0. 0. 0. 0. 0. 0. 0. 0. 0. 0. 0. 0. 0. 0. 0. 0.
 0. 0. 0. 0. 0. 0. 0. 0. 0. 0. 0. 0.]
9.322677373886108,,1.08824635491235,-4.9233599310549465,0.0,-0.0,0.0,0.8775860044128327,-0.4794192370553351,[ 0.00295315  0.00209861 -0.00250279  0.00209861  0.00399693 -0.00264252
 -0.00250279 -0.00264252  0.00422117  0.          0.          0.
  0.          0.          0.          0.          0.          0.
  0.          0.          0.          0.          0.          0.
  0.          0.          0.          0.          0.          0.
  0.          0.          0.          0.          0.          0.        ],0.06738095238095237,0.0,0.0,0.0,0.0,0.0,[0. 0. 0. 0. 0. 0. 0. 0. 0. 0. 0. 0. 0. 0. 0. 0. 0. 0. 0. 0. 0. 0. 0. 0.
 0. 0. 0. 0. 0. 0. 0. 0. 0. 0. 0. 0.]
9.353665351867676,,1.0772952760134504,-4.927835791775287,0.0,-0.0,0.0,0.876581495543239,-0.48125344847718055,[ 0.00293585  0.00217237 -0.00253317  0.00217237  0.00418709 -0.00280621
 -0.00253317 -0.00280621  0.00427634  0.          0.          0.
  0.          0.          0.          0.          0.          0.
  0.          0.          0.          0.          0.          0.
  0.          0.          0.          0.          0.          0.
  0.          0.          0.          0.          0.          0.        ],0.0,0.0,0.0,0.0,0.0,0.0,[0. 0. 0. 0. 0. 0. 0. 0. 0. 0. 0. 0. 0. 0. 0. 0. 0. 0. 0. 0. 0. 0. 0. 0.
 0. 0. 0. 0. 0. 0. 0. 0. 0. 0. 0. 0.]
9.367431879043579,,1.0765090797381638,-4.927719809303085,0.0,-0.0,0.0,0.8771617528838197,-0.480195022129327,[ 0.00280103  0.0021719  -0.00238928  0.0021719   0.00430646 -0.0027716
 -0.00238928 -0.0027716   0.00416844  0.          0.          0.
  0.          0.          0.          0.          0.          0.
  0.          0.          0.          0.          0.          0.
  0.          0.          0.          0.          0.          0.
  0.          0.          0.          0.          0.          0.        ],0.0,0.0,0.0,0.0,0.0,0.0,[0. 0. 0. 0. 0. 0. 0. 0. 0. 0. 0. 0. 0. 0. 0. 0. 0. 0. 0. 0. 0. 0. 0. 0.
 0. 0. 0. 0. 0. 0. 0. 0. 0. 0. 0. 0.]
9.38272738456726,,1.0723670966077767,-4.929655180020629,0.0,-0.0,0.0,0.8759172667874741,-0.4824613370453232,[ 0.00267028  0.00193864 -0.00219939  0.00193864  0.00394868 -0.00247515
 -0.00219939 -0.00247515  0.00385578  0.          0.          0.
  0.          0.          0.          0.          0.          0.
  0.          0.          0.          0.          0.          0.
  0.          0.          0.          0.          0.          0.
  0.          0.          0.          0.          0.          0.        ],0.0,0.0,0.0,0.0,0.0,0.0,[0. 0. 0. 0. 0. 0. 0. 0. 0. 0. 0. 0. 0. 0. 0. 0. 0. 0. 0. 0. 0. 0. 0. 0.
 0. 0. 0. 0. 0. 0. 0. 0. 0. 0. 0. 0.]
9.399438381195068,,1.0642660962027466,-4.939340322405087,0.0,-0.0,0.0,0.8739579781523679,-0.4860014942608976,[ 0.0027468   0.00209468 -0.00227999  0.00209468  0.00426043 -0.00274604
 -0.00227999 -0.00274604  0.00421438  0.          0.          0.
  0.          0.          0.          0.          0.          0.
  0.          0.          0.          0.          0.          0.
  0.          0.          0.          0.          0.          0.
  0.          0.          0.          0.          0.          0.        ],0.0,0.0,0.0,0.0,0.0,0.0,[0. 0. 0. 0. 0. 0. 0. 0. 0. 0. 0. 0. 0. 0. 0. 0. 0. 0. 0. 0. 0. 0. 0. 0.
 0. 0. 0. 0. 0. 0. 0. 0. 0. 0. 0. 0.]
9.418815851211548,,1.0622671283942124,-4.944192503756114,0.0,-0.0,0.0,0.873525212942968,-0.4867789049999418,[ 0.00273853  0.00218045 -0.00240356  0.00218045  0.00479006 -0.00307895
 -0.00240356 -0.00307895  0.00440743  0.          0.          0.
  0.          0.          0.          0.          0.          0.
  0.          0.          0.          0.          0.          0.
  0.          0.          0.          0.          0.          0.
  0.          0.          0.          0.          0.          0.        ],0.0,0.0,0.0,0.0,0.0,0.0,[0. 0. 0. 0. 0. 0. 0. 0. 0. 0. 0. 0. 0. 0. 0. 0. 0. 0. 0. 0. 0. 0. 0. 0.
 0. 0. 0. 0. 0. 0. 0. 0. 0. 0. 0. 0.]
9.43915057182312,,1.0577474701970788,-4.951164365487377,0.0,-0.0,0.0,0.8719990404594621,-0.4895075826152006,[ 0.00297213  0.00235942 -0.00268946  0.00235942  0.00492386 -0.00326771
 -0.00268946 -0.00326771  0.00466123  0.          0.          0.
  0.          0.          0.          0.          0.          0.
  0.          0.          0.          0.          0.          0.
  0.          0.          0.          0.          0.          0.
  0.          0.          0.          0.          0.          0.        ],0.22428571428571428,0.0,0.0,0.0,0.0,0.0,[0. 0. 0. 0. 0. 0. 0. 0. 0. 0. 0. 0. 0. 0. 0. 0. 0. 0. 0. 0. 0. 0. 0. 0.
 0. 0. 0. 0. 0. 0. 0. 0. 0. 0. 0. 0.]
9.456694602966309,,1.0561633686316287,-4.954683224859655,0.0,-0.0,0.0,0.871684127144944,-0.49006814065347787,[ 0.00274011  0.00213796 -0.00239491  0.00213796  0.00470816 -0.00298632
 -0.00239491 -0.00298632  0.00427189  0.          0.          0.
  0.          0.          0.          0.          0.          0.
  0.          0.          0.          0.          0.          0.
  0.          0.          0.          0.          0.          0.
  0.          0.          0.          0.          0.          0.        ],0.18,0.0,0.0,0.0,0.0,0.0,[0. 0. 0. 0. 0. 0. 0. 0. 0. 0. 0. 0. 0. 0. 0. 0. 0. 0. 0. 0. 0. 0. 0. 0.
 0. 0. 0. 0. 0. 0. 0. 0. 0. 0. 0. 0.]
9.47795581817627,,1.0571058672484146,-4.957890019393983,0.0,-0.0,0.0,0.8709821288938492,-0.49131469665331423,[ 0.00278565  0.00231924 -0.00246831  0.00231924  0.00483882 -0.00308546
 -0.00246831 -0.00308546  0.00432981  0.          0.          0.
  0.          0.          0.          0.          0.          0.
  0.          0.          0.          0.          0.          0.
  0.          0.          0.          0.          0.          0.
  0.          0.          0.          0.          0.          0.        ],0.11738095238095238,0.0,0.0,0.0,0.0,0.0,[0. 0. 0. 0. 0. 0. 0. 0. 0. 0. 0. 0. 0. 0. 0. 0. 0. 0. 0. 0. 0. 0. 0. 0.
 0. 0. 0. 0. 0. 0. 0. 0. 0. 0. 0. 0.]
9.503118991851807,,1.055158826991052,-4.962767681154039,0.0,-0.0,0.0,0.8709470656099747,-0.4913768501927767,[ 0.00283317  0.00234812 -0.00252941  0.00234812  0.00476165 -0.00316648
 -0.00252941 -0.00316648  0.00439886  0.          0.          0.
  0.          0.          0.          0.          0.          0.
  0.          0.          0.          0.          0.          0.
  0.          0.          0.          0.          0.          0.
  0.          0.          0.          0.          0.          0.        ],0.13452380952380952,0.0,0.0,0.0,0.0,0.0,[0. 0. 0. 0. 0. 0. 0. 0. 0. 0. 0. 0. 0. 0. 0. 0. 0. 0. 0. 0. 0. 0. 0. 0.
 0. 0. 0. 0. 0. 0. 0. 0. 0. 0. 0. 0.]
9.518150806427002,,1.049919232030606,-4.966242765167886,0.0,-0.0,0.0,0.8691483972402353,-0.49455137607202165,[ 0.00262412  0.00195617 -0.00229765  0.00195617  0.00425412 -0.00278298
 -0.00229765 -0.00278298  0.00416857  0.          0.          0.
  0.          0.          0.          0.          0.          0.
  0.          0.          0.          0.          0.          0.
  0.          0.          0.          0.          0.          0.
  0.          0.          0.          0.          0.          0.        ],0.1773809523809524,0.0,0.0,0.0,0.0,0.0,[0. 0. 0. 0. 0. 0. 0. 0. 0. 0. 0. 0. 0. 0. 0. 0. 0. 0. 0. 0. 0. 0. 0. 0.
 0. 0. 0. 0. 0. 0. 0. 0. 0. 0. 0. 0.]
9.538169622421265,,1.05033720642808,-4.964924844247731,0.0,-0.0,0.0,0.8697267716807575,-0.4935335273532767,[ 0.0026903   0.00198882 -0.00229548  0.00198882  0.0040841  -0.00274676
 -0.00229548 -0.00274676  0.00418037  0.          0.          0.
  0.          0.          0.          0.          0.          0.
  0.          0.          0.          0.          0.          0.
  0.          0.          0.          0.          0.          0.
  0.          0.          0.          0.          0.          0.        ],0.19857142857142857,0.0,0.0,0.0,0.0,0.0,[0. 0. 0. 0. 0. 0. 0. 0. 0. 0. 0. 0. 0. 0. 0. 0. 0. 0. 0. 0. 0. 0. 0. 0.
 0. 0. 0. 0. 0. 0. 0. 0. 0. 0. 0. 0.]
9.556541442871094,,1.0490458408009804,-4.9685577182950125,0.0,-0.0,0.0,0.8695453108376197,-0.49385316886733394,[ 0.00249234  0.00187541 -0.00224103  0.00187541  0.00405267 -0.00259508
 -0.00224103 -0.00259508  0.0041258   0.          0.          0.
  0.          0.          0.          0.          0.          0.
  0.          0.          0.          0.          0.          0.
  0.          0.          0.          0.          0.          0.
  0.          0.          0.          0.          0.          0.        ],0.2219047619047619,0.0,0.0,0.0,0.0,0.0,[0. 0. 0. 0. 0. 0. 0. 0. 0. 0. 0. 0. 0. 0. 0. 0. 0. 0. 0. 0. 0. 0. 0. 0.
 0. 0. 0. 0. 0. 0. 0. 0. 0. 0. 0. 0.]
9.580163717269897,,1.0629485000616776,-4.970728853061796,0.0,-0.0,0.0,0.8781242166478601,-0.4784327122350458,[ 0.00299674  0.00188909 -0.00275677  0.00188909  0.00405866 -0.00258583
 -0.00275677 -0.00258583  0.00541376  0.          0.          0.
  0.          0.          0.          0.          0.          0.
  0.          0.          0.          0.          0.          0.
  0.          0.          0.          0.          0.          0.
  0.          0.          0.          0.          0.          0.        ],0.0,0.0,0.0,0.0,0.0,0.0,[0. 0. 0. 0. 0. 0. 0. 0. 0. 0. 0. 0. 0. 0. 0. 0. 0. 0. 0. 0. 0. 0. 0. 0.
 0. 0. 0. 0. 0. 0. 0. 0. 0. 0. 0. 0.]
9.59457802772522,,1.0717471999336368,-4.97180831019124,0.0,-0.0,0.0,0.8793188704908774,-0.47623347635235336,[ 0.0028998   0.00202763 -0.00273646  0.00202763  0.00447901 -0.00289526
 -0.00273646 -0.00289526  0.00530197  0.          0.          0.
  0.          0.          0.          0.          0.          0.
  0.          0.          0.          0.          0.          0.
  0.          0.          0.          0.          0.          0.
  0.          0.          0.          0.          0.          0.        ],-0.05761904761904762,0.0,0.0,0.0,0.0,0.0,[0. 0. 0. 0. 0. 0. 0. 0. 0. 0. 0. 0. 0. 0. 0. 0. 0. 0. 0. 0. 0. 0. 0. 0.
 0. 0. 0. 0. 0. 0. 0. 0. 0. 0. 0. 0.]
9.61079740524292,,1.0750051750665341,-4.9728910281197365,0.0,-0.0,0.0,0.881282905192347,-0.4725890826243627,[ 0.00278522  0.00195184 -0.00260185  0.00195184  0.00438658 -0.00270584
 -0.00260185 -0.00270584  0.00512179  0.          0.          0.
  0.          0.          0.          0.          0.          0.
  0.          0.          0.          0.          0.          0.
  0.          0.          0.          0.          0.          0.
  0.          0.          0.          0.          0.          0.        ],-0.05785714285714286,0.0,0.0,0.0,0.0,0.0,[0. 0. 0. 0. 0. 0. 0. 0. 0. 0. 0. 0. 0. 0. 0. 0. 0. 0. 0. 0. 0. 0. 0. 0.
 0. 0. 0. 0. 0. 0. 0. 0. 0. 0. 0. 0.]
9.632638931274414,,1.0788248374005716,-4.971129561562725,0.0,-0.0,0.0,0.881889743501618,-0.4714557034405782,[ 0.00285954  0.0020088  -0.00266875  0.0020088   0.00429014 -0.00268035
 -0.00266875 -0.00268035  0.00518149  0.          0.          0.
  0.          0.          0.          0.          0.          0.
  0.          0.          0.          0.          0.          0.
  0.          0.          0.          0.          0.          0.
  0.          0.          0.          0.          0.          0.        ],0.0,0.0,0.0,0.0,0.0,0.0,[0. 0. 0. 0. 0. 0. 0. 0. 0. 0. 0. 0. 0. 0. 0. 0. 0. 0. 0. 0. 0. 0. 0. 0.
 0. 0. 0. 0. 0. 0. 0. 0. 0. 0. 0. 0.]
9.65496301651001,,1.0779606843103444,-4.973705496443888,0.0,-0.0,0.0,0.8813642018914002,-0.4724374494304354,[ 0.00297414  0.00200787 -0.00285411  0.00200787  0.00415371 -0.00273926
 -0.00285411 -0.00273926  0.00541779  0.          0.          0.
  0.          0.          0.          0.          0.          0.
  0.          0.          0.          0.          0.          0.
  0.          0.          0.          0.          0.          0.
  0.          0.          0.          0.          0.          0.        ],0.09666666666666666,0.0,0.0,0.0,0.0,0.0,[0. 0. 0. 0. 0. 0. 0. 0. 0. 0. 0. 0. 0. 0. 0. 0. 0. 0. 0. 0. 0. 0. 0. 0.
 0. 0. 0. 0. 0. 0. 0. 0. 0. 0. 0. 0.]
9.690868854522705,,1.0751490444784126,-4.980665645451424,0.0,-0.0,0.0,0.8812814618132612,-0.4725917742240987,[ 0.00275179  0.0018584  -0.00252046  0.0018584   0.00398076 -0.00240011
 -0.00252046 -0.00240011  0.00486423  0.          0.          0.
  0.          0.          0.          0.          0.          0.
  0.          0.          0.          0.          0.          0.
  0.          0.          0.          0.          0.          0.
  0.          0.          0.          0.          0.          0.        ],0.1611904761904762,0.0,0.0,0.0,0.0,0.0,[0. 0. 0. 0. 0. 0. 0. 0. 0. 0. 0. 0. 0. 0. 0. 0. 0. 0. 0. 0. 0. 0. 0. 0.
 0. 0. 0. 0. 0. 0. 0. 0. 0. 0. 0. 0.]
9.72313141822815,,1.0743703875703314,-4.983326438509452,0.0,-0.0,0.0,0.881288120823815,-0.4725793563993552,[ 0.00282838  0.00199008 -0.00267274  0.00199008  0.00405044 -0.00270745
 -0.00267274 -0.00270745  0.00519292  0.          0.          0.
  0.          0.          0.          0.          0.          0.
  0.          0.          0.          0.          0.          0.
  0.          0.          0.          0.          0.          0.
  0.          0.          0.          0.          0.          0.        ],0.0,0.0,0.0,0.0,0.0,0.0,[0. 0. 0. 0. 0. 0. 0. 0. 0. 0. 0. 0. 0. 0. 0. 0. 0. 0. 0. 0. 0. 0. 0. 0.
 0. 0. 0. 0. 0. 0. 0. 0. 0. 0. 0. 0.]
9.745690822601318,,1.072110945378693,-4.988036111931427,0.0,-0.0,0.0,0.8806350354006204,-0.4737952452536308,[ 0.00274335  0.00209589 -0.00262798  0.00209589  0.00444743 -0.0028652
 -0.00262798 -0.0028652   0.00531636  0.          0.          0.
  0.          0.          0.          0.          0.          0.
  0.          0.          0.          0.          0.          0.
  0.          0.          0.          0.          0.          0.
  0.          0.          0.          0.          0.          0.        ],0.10833333333333334,0.0,0.0,0.0,0.0,0.0,[0. 0. 0. 0. 0. 0. 0. 0. 0. 0. 0. 0. 0. 0. 0. 0. 0. 0. 0. 0. 0. 0. 0. 0.
 0. 0. 0. 0. 0. 0. 0. 0. 0. 0. 0. 0.]
9.764505624771118,,1.0667809608637533,-4.996009025527411,0.0,-0.0,0.0,0.8796179805144211,-0.4756807840934206,[ 0.00274209  0.00208205 -0.0026922   0.00208205  0.00478312 -0.00315533
 -0.0026922  -0.00315533  0.00548709  0.          0.          0.
  0.          0.          0.          0.          0.          0.
  0.          0.          0.          0.          0.          0.
  0.          0.          0.          0.          0.          0.
  0.          0.          0.          0.          0.          0.        ],0.1619047619047619,0.0,0.0,0.0,0.0,0.0,[0. 0. 0. 0. 0. 0. 0. 0. 0. 0. 0. 0. 0. 0. 0. 0. 0. 0. 0. 0. 0. 0. 0. 0.
 0. 0. 0. 0. 0. 0. 0. 0. 0. 0. 0. 0.]
9.782106161117554,,1.0659655975638838,-5.0010094961426335,0.0,-0.0,0.0,0.8792076223141418,-0.4764388280406136,[ 0.00286102  0.00228465 -0.0027017   0.00228465  0.00518695 -0.00335389
 -0.0027017  -0.00335389  0.0055039   0.          0.          0.
  0.          0.          0.          0.          0.          0.
  0.          0.          0.          0.          0.          0.
  0.          0.          0.          0.          0.          0.
  0.          0.          0.          0.          0.          0.        ],0.14809523809523809,0.0,0.0,0.0,0.0,0.0,[0. 0. 0. 0. 0. 0. 0. 0. 0. 0. 0. 0. 0. 0. 0. 0. 0. 0. 0. 0. 0. 0. 0. 0.
 0. 0. 0. 0. 0. 0. 0. 0. 0. 0. 0. 0.]
9.804275512695312,,1.063571902905336,-5.00284085361928,0.0,-0.0,0.0,0.8783549583964363,-0.4780089612762449,[ 0.00294228  0.00252612 -0.00284674  0.00252612  0.00570429 -0.00354724
 -0.00284674 -0.00354724  0.00557991  0.          0.          0.
  0.          0.          0.          0.          0.          0.
  0.          0.          0.          0.          0.          0.
  0.          0.          0.          0.          0.          0.
  0.          0.          0.          0.          0.          0.        ],0.0,0.0,0.0,0.0,0.0,0.0,[0. 0. 0. 0. 0. 0. 0. 0. 0. 0. 0. 0. 0. 0. 0. 0. 0. 0. 0. 0. 0. 0. 0. 0.
 0. 0. 0. 0. 0. 0. 0. 0. 0. 0. 0. 0.]
9.82365870475769,,1.047046624222417,-5.00527952939638,0.0,-0.0,0.0,0.8844649739853785,-0.46660658995886867,[ 0.0030478   0.00267467 -0.00306913  0.00267467  0.00564639 -0.00368595
 -0.00306913 -0.00368595  0.00569321  0.          0.          0.
  0.          0.          0.          0.          0.          0.
  0.          0.          0.          0.          0.          0.
  0.          0.          0.          0.          0.          0.
  0.          0.          0.          0.          0.          0.        ],0.0,0.0,0.0,0.0,0.0,0.0,[0. 0. 0. 0. 0. 0. 0. 0. 0. 0. 0. 0. 0. 0. 0. 0. 0. 0. 0. 0. 0. 0. 0. 0.
 0. 0. 0. 0. 0. 0. 0. 0. 0. 0. 0. 0.]
9.846892833709717,,1.034809575078294,-5.011500895169297,0.0,-0.0,0.0,0.8818311982914286,-0.4715651998609557,[ 0.00277548  0.00228891 -0.00286075  0.00228891  0.00496873 -0.00341684
 -0.00286075 -0.00341684  0.00553836  0.          0.          0.
  0.          0.          0.          0.          0.          0.
  0.          0.          0.          0.          0.          0.
  0.          0.          0.          0.          0.          0.
  0.          0.          0.          0.          0.          0.        ],0.0,0.0,0.0,0.0,0.0,0.0,[0. 0. 0. 0. 0. 0. 0. 0. 0. 0. 0. 0. 0. 0. 0. 0. 0. 0. 0. 0. 0. 0. 0. 0.
 0. 0. 0. 0. 0. 0. 0. 0. 0. 0. 0. 0.]
9.862420320510864,,1.0268449921971792,-5.014228158793351,0.0,-0.0,0.0,0.880494958736004,-0.47405551113818156,[ 0.00273765  0.00228454 -0.0027016   0.00228454  0.00494754 -0.00332532
 -0.0027016  -0.00332532  0.00524532  0.          0.          0.
  0.          0.          0.          0.          0.          0.
  0.          0.          0.          0.          0.          0.
  0.          0.          0.          0.          0.          0.
  0.          0.          0.          0.          0.          0.        ],0.09428571428571429,0.0,0.0,0.0,0.0,0.0,[0. 0. 0. 0. 0. 0. 0. 0. 0. 0. 0. 0. 0. 0. 0. 0. 0. 0. 0. 0. 0. 0. 0. 0.
 0. 0. 0. 0. 0. 0. 0. 0. 0. 0. 0. 0.]
9.879764556884766,,1.025110151653228,-5.013543734802613,0.0,-0.0,0.0,0.8800545140913989,-0.4748726694887292,[ 0.00252342  0.00208058 -0.00254338  0.00208058  0.00493541 -0.0031628
 -0.00254338 -0.0031628   0.00511767  0.          0.          0.
  0.          0.          0.          0.          0.          0.
  0.          0.          0.          0.          0.          0.
  0.          0.          0.          0.          0.          0.
  0.          0.          0.          0.          0.          0.        ],0.11880952380952381,0.0,0.0,0.0,0.0,0.0,[0. 0. 0. 0. 0. 0. 0. 0. 0. 0. 0. 0. 0. 0. 0. 0. 0. 0. 0. 0. 0. 0. 0. 0.
 0. 0. 0. 0. 0. 0. 0. 0. 0. 0. 0. 0.]
9.909618854522705,,1.0258992184526974,-5.013822370136402,0.0,-0.0,0.0,0.8810724687791827,-0.47298129430174746,[ 0.00291479  0.0022387  -0.00274358  0.0022387   0.00517006 -0.00341713
 -0.00274358 -0.00341713  0.00549109  0.          0.          0.
  0.          0.          0.          0.          0.          0.
  0.          0.          0.          0.          0.          0.
  0.          0.          0.          0.          0.          0.
  0.          0.          0.          0.          0.          0.        ],0.0,0.0,0.0,0.0,0.0,0.0,[0. 0. 0. 0. 0. 0. 0. 0. 0. 0. 0. 0. 0. 0. 0. 0. 0. 0. 0. 0. 0. 0. 0. 0.
 0. 0. 0. 0. 0. 0. 0. 0. 0. 0. 0. 0.]
9.928781986236572,,1.0234532478850624,-5.013803129126184,0.0,-0.0,0.0,0.8806777512541418,-0.47371584145555845,[ 0.00273614  0.00209405 -0.00267693  0.00209405  0.00495776 -0.00319938
 -0.00267693 -0.00319938  0.00535139  0.          0.          0.
  0.          0.          0.          0.          0.          0.
  0.          0.          0.          0.          0.          0.
  0.          0.          0.          0.          0.          0.
  0.          0.          0.          0.          0.          0.        ],0.0,0.0,0.0,0.0,0.0,0.0,[0. 0. 0. 0. 0. 0. 0. 0. 0. 0. 0. 0. 0. 0. 0. 0. 0. 0. 0. 0. 0. 0. 0. 0.
 0. 0. 0. 0. 0. 0. 0. 0. 0. 0. 0. 0.]
9.951343774795532,,1.0189367406087304,-5.018702249488314,0.0,-0.0,0.0,0.8787953272799377,-0.4771988817578549,[ 0.00259172  0.00199753 -0.00252517  0.00199753  0.00506813 -0.00315497
 -0.00252517 -0.00315497  0.00527284  0.          0.          0.
  0.          0.          0.          0.          0.          0.
  0.          0.          0.          0.          0.          0.
  0.          0.          0.          0.          0.          0.
  0.          0.          0.          0.          0.          0.        ],0.0,0.0,0.0,0.0,0.0,0.0,[0. 0. 0. 0. 0. 0. 0. 0. 0. 0. 0. 0. 0. 0. 0. 0. 0. 0. 0. 0. 0. 0. 0. 0.
 0. 0. 0. 0. 0. 0. 0. 0. 0. 0. 0. 0.]
9.973075151443481,,1.019683330142321,-5.018164772295664,0.0,-0.0,0.0,0.8792937901533979,-0.47627978184851844,[ 0.00268258  0.00209776 -0.00263351  0.00209776  0.00496193 -0.00325209
 -0.00263351 -0.00325209  0.00541851  0.          0.          0.
  0.          0.          0.          0.          0.          0.
  0.          0.          0.          0.          0.          0.
  0.          0.          0.          0.          0.          0.
  0.          0.          0.          0.          0.          0.        ],0.0,0.0,0.0,0.0,0.0,0.0,[0. 0. 0. 0. 0. 0. 0. 0. 0. 0. 0. 0. 0. 0. 0. 0. 0. 0. 0. 0. 0. 0. 0. 0.
 0. 0. 0. 0. 0. 0. 0. 0. 0. 0. 0. 0.]
9.990003108978271,,1.0218777447893042,-5.017445992299405,0.0,-0.0,0.0,0.8798350532838052,-0.4752791590350703,[ 0.00259335  0.0019685  -0.00248156  0.0019685   0.00492071 -0.00315559
 -0.00248156 -0.00315559  0.00513375  0.          0.          0.
  0.          0.          0.          0.          0.          0.
  0.          0.          0.          0.          0.          0.
  0.          0.          0.          0.          0.          0.
  0.          0.          0.          0.          0.          0.        ],0.0,0.0,0.0,0.0,0.0,0.0,[0. 0. 0. 0. 0. 0. 0. 0. 0. 0. 0. 0. 0. 0. 0. 0. 0. 0. 0. 0. 0. 0. 0. 0.
 0. 0. 0. 0. 0. 0. 0. 0. 0. 0. 0. 0.]
10.006859540939331,,1.0221447268897534,-5.016187804453728,0.0,-0.0,0.0,0.8799634709995479,-0.47504135578539686,[ 0.00246793  0.00182151 -0.00235038  0.00182151  0.00457057 -0.00288828
 -0.00235038 -0.00288828  0.00500422  0.          0.          0.
  0.          0.          0.          0.          0.          0.
  0.          0.          0.          0.          0.          0.
  0.          0.          0.          0.          0.          0.
  0.          0.          0.          0.          0.          0.        ],0.0,0.0,0.0,0.0,0.0,0.0,[0. 0. 0. 0. 0. 0. 0. 0. 0. 0. 0. 0. 0. 0. 0. 0. 0. 0. 0. 0. 0. 0. 0. 0.
 0. 0. 0. 0. 0. 0. 0. 0. 0. 0. 0. 0.]
10.02060079574585,,1.0256938134955207,-5.0143300502155626,0.0,-0.0,0.0,0.881074092897538,-0.47297826887160527,[ 0.00250517  0.00196102 -0.00242284  0.00196102  0.00475886 -0.00312171
 -0.00242284 -0.00312171  0.00483739  0.          0.          0.
  0.          0.          0.          0.          0.          0.
  0.          0.          0.          0.          0.          0.
  0.          0.          0.          0.          0.          0.
  0.          0.          0.          0.          0.          0.        ],0.0,0.0,0.0,0.0,0.0,0.0,[0. 0. 0. 0. 0. 0. 0. 0. 0. 0. 0. 0. 0. 0. 0. 0. 0. 0. 0. 0. 0. 0. 0. 0.
 0. 0. 0. 0. 0. 0. 0. 0. 0. 0. 0. 0.]
10.038727283477783,,1.0223983811801942,-5.0149339463283615,0.0,-0.0,0.0,0.8800292913553066,-0.4749194103810424,[ 0.00266318  0.00203985 -0.00254386  0.00203985  0.00476489 -0.00305326
 -0.00254386 -0.00305326  0.00513501  0.          0.          0.
  0.          0.          0.          0.          0.          0.
  0.          0.          0.          0.          0.          0.
  0.          0.          0.          0.          0.          0.
  0.          0.          0.          0.          0.          0.        ],0.0,0.0,0.0,0.0,0.0,0.0,[0. 0. 0. 0. 0. 0. 0. 0. 0. 0. 0. 0. 0. 0. 0. 0. 0. 0. 0. 0. 0. 0. 0. 0.
 0. 0. 0. 0. 0. 0. 0. 0. 0. 0. 0. 0.]
10.054457187652588,,1.0238531657755316,-5.014774593100758,0.0,-0.0,0.0,0.8804899881960928,-0.47406474313794345,[ 0.00252575  0.00201479 -0.00241619  0.00201479  0.00484628 -0.00302252
 -0.00241619 -0.00302252  0.00478634  0.          0.          0.
  0.          0.          0.          0.          0.          0.
  0.          0.          0.          0.          0.          0.
  0.          0.          0.          0.          0.          0.
  0.          0.          0.          0.          0.          0.        ],0.0,0.0,0.0,0.0,0.0,0.0,[0. 0. 0. 0. 0. 0. 0. 0. 0. 0. 0. 0. 0. 0. 0. 0. 0. 0. 0. 0. 0. 0. 0. 0.
 0. 0. 0. 0. 0. 0. 0. 0. 0. 0. 0. 0.]
10.074496507644653,,1.0261049068421226,-5.013618407643262,0.0,-0.0,0.0,0.8805031313600601,-0.4740403312642594,[ 0.00267996  0.00211657 -0.00266501  0.00211657  0.00502285 -0.00333907
 -0.00266501 -0.00333907  0.0053922   0.          0.          0.
  0.          0.          0.          0.          0.          0.
  0.          0.          0.          0.          0.          0.
  0.          0.          0.          0.          0.          0.
  0.          0.          0.          0.          0.          0.        ],0.0,0.0,0.0,0.0,0.0,0.0,[0. 0. 0. 0. 0. 0. 0. 0. 0. 0. 0. 0. 0. 0. 0. 0. 0. 0. 0. 0. 0. 0. 0. 0.
 0. 0. 0. 0. 0. 0. 0. 0. 0. 0. 0. 0.]
10.096569776535034,,1.0251947081803916,-5.012822938287625,0.0,-0.0,0.0,0.8808104020996459,-0.4734691495261969,[ 0.00263032  0.00192753 -0.00258128  0.00192753  0.00471389 -0.0031271
 -0.00258128 -0.0031271   0.00545866  0.          0.          0.
  0.          0.          0.          0.          0.          0.
  0.          0.          0.          0.          0.          0.
  0.          0.          0.          0.          0.          0.
  0.          0.          0.          0.          0.          0.        ],0.0,0.0,0.0,0.0,0.0,0.0,[0. 0. 0. 0. 0. 0. 0. 0. 0. 0. 0. 0. 0. 0. 0. 0. 0. 0. 0. 0. 0. 0. 0. 0.
 0. 0. 0. 0. 0. 0. 0. 0. 0. 0. 0. 0.]
10.120474576950073,,1.0265942275106466,-5.01066976644583,0.0,-0.0,0.0,0.8808915144775271,-0.4733182224692904,[ 0.00257665  0.00178532 -0.0023316   0.00178532  0.00437882 -0.00274571
 -0.0023316  -0.00274571  0.00482816  0.          0.          0.
  0.          0.          0.          0.          0.          0.
  0.          0.          0.          0.          0.          0.
  0.          0.          0.          0.          0.          0.
  0.          0.          0.          0.          0.          0.        ],0.0,0.0,0.0,0.0,0.0,0.0,[0. 0. 0. 0. 0. 0. 0. 0. 0. 0. 0. 0. 0. 0. 0. 0. 0. 0. 0. 0. 0. 0. 0. 0.
 0. 0. 0. 0. 0. 0. 0. 0. 0. 0. 0. 0.]
10.144619226455688,,1.0258055356401041,-5.011729306512786,0.0,-0.0,0.0,0.8805637210161376,-0.4739277721659851,[ 0.00238474  0.00168785 -0.00222574  0.00168785  0.00439235 -0.00267784
 -0.00222574 -0.00267784  0.00465522  0.          0.          0.
  0.          0.          0.          0.          0.          0.
  0.          0.          0.          0.          0.          0.
  0.          0.          0.          0.          0.          0.
  0.          0.          0.          0.          0.          0.        ],0.0,0.0,0.0,0.0,0.0,0.0,[0. 0. 0. 0. 0. 0. 0. 0. 0. 0. 0. 0. 0. 0. 0. 0. 0. 0. 0. 0. 0. 0. 0. 0.
 0. 0. 0. 0. 0. 0. 0. 0. 0. 0. 0. 0.]
10.160061359405518,,1.024918920113818,-5.013014392048911,0.0,-0.0,0.0,0.8803321675643078,-0.4743577497538409,[ 0.00241735  0.0017022  -0.00232511  0.0017022   0.00427595 -0.0027906
 -0.00232511 -0.0027906   0.00493621  0.          0.          0.
  0.          0.          0.          0.          0.          0.
  0.          0.          0.          0.          0.          0.
  0.          0.          0.          0.          0.          0.
  0.          0.          0.          0.          0.          0.        ],0.0,0.0,0.0,0.0,0.0,0.0,[0. 0. 0. 0. 0. 0. 0. 0. 0. 0. 0. 0. 0. 0. 0. 0. 0. 0. 0. 0. 0. 0. 0. 0.
 0. 0. 0. 0. 0. 0. 0. 0. 0. 0. 0. 0.]
10.176121234893799,,1.0219837942736996,-5.0147094417136175,0.0,-0.0,0.0,0.8800281209992492,-0.4749215790533536,[ 0.00229056  0.00152952 -0.00212392  0.00152952  0.00407418 -0.00250086
 -0.00212392 -0.00250086  0.00464199  0.          0.          0.
  0.          0.          0.          0.          0.          0.
  0.          0.          0.          0.          0.          0.
  0.          0.          0.          0.          0.          0.
  0.          0.          0.          0.          0.          0.        ],0.1988095238095238,0.0,0.0,0.0,0.0,0.0,[0. 0. 0. 0. 0. 0. 0. 0. 0. 0. 0. 0. 0. 0. 0. 0. 0. 0. 0. 0. 0. 0. 0. 0.
 0. 0. 0. 0. 0. 0. 0. 0. 0. 0. 0. 0.]
10.198858976364136,,1.0207919610831062,-5.017098454161141,0.0,-0.0,0.0,0.8790468447852718,-0.47673540320922064,[ 0.00238543  0.00151439 -0.00211658  0.00151439  0.00383445 -0.0023756
 -0.00211658 -0.0023756   0.00451609  0.          0.          0.
  0.          0.          0.          0.          0.          0.
  0.          0.          0.          0.          0.          0.
  0.          0.          0.          0.          0.          0.
  0.          0.          0.          0.          0.          0.        ],0.1788095238095238,0.0,0.0,0.0,0.0,0.0,[0. 0. 0. 0. 0. 0. 0. 0. 0. 0. 0. 0. 0. 0. 0. 0. 0. 0. 0. 0. 0. 0. 0. 0.
 0. 0. 0. 0. 0. 0. 0. 0. 0. 0. 0. 0.]
10.214165210723877,,1.0217491827135492,-5.022001104820815,0.0,-0.0,0.0,0.8793635513379134,-0.4761509682636095,[ 0.00224709  0.00143431 -0.00211455  0.00143431  0.00355153 -0.00227367
 -0.00211455 -0.00227367  0.00435756  0.          0.          0.
  0.          0.          0.          0.          0.          0.
  0.          0.          0.          0.          0.          0.
  0.          0.          0.          0.          0.          0.
  0.          0.          0.          0.          0.          0.        ],0.18761904761904763,0.0,0.0,0.0,0.0,0.0,[0. 0. 0. 0. 0. 0. 0. 0. 0. 0. 0. 0. 0. 0. 0. 0. 0. 0. 0. 0. 0. 0. 0. 0.
 0. 0. 0. 0. 0. 0. 0. 0. 0. 0. 0. 0.]
10.232249021530151,,1.016302451866235,-5.024006525275254,0.0,-0.0,0.0,0.8780472529687161,-0.4785739457535183,[ 0.00229917  0.00148135 -0.00221532  0.00148135  0.00383586 -0.00247119
 -0.00221532 -0.00247119  0.00477927  0.          0.          0.
  0.          0.          0.          0.          0.          0.
  0.          0.          0.          0.          0.          0.
  0.          0.          0.          0.          0.          0.
  0.          0.          0.          0.          0.          0.        ],0.2342857142857143,0.0,0.0,0.0,0.0,0.0,[0. 0. 0. 0. 0. 0. 0. 0. 0. 0. 0. 0. 0. 0. 0. 0. 0. 0. 0. 0. 0. 0. 0. 0.
 0. 0. 0. 0. 0. 0. 0. 0. 0. 0. 0. 0.]
10.25251317024231,,1.0146591186071325,-5.028758580639533,0.0,-0.0,0.0,0.8773862601459897,-0.47978469182231476,[ 0.00226077  0.0015477  -0.00215195  0.0015477   0.00394858 -0.00252024
 -0.00215195 -0.00252024  0.00467095  0.          0.          0.
  0.          0.          0.          0.          0.          0.
  0.          0.          0.          0.          0.          0.
  0.          0.          0.          0.          0.          0.
  0.          0.          0.          0.          0.          0.        ],0.2842857142857143,0.0,0.0,0.0,0.0,0.0,[0. 0. 0. 0. 0. 0. 0. 0. 0. 0. 0. 0. 0. 0. 0. 0. 0. 0. 0. 0. 0. 0. 0. 0.
 0. 0. 0. 0. 0. 0. 0. 0. 0. 0. 0. 0.]
10.276710748672485,,1.011028963700167,-5.035063879457525,0.0,-0.0,0.0,0.8766460259184331,-0.48113589061866696,[ 0.00221653  0.00130875 -0.0019863   0.00130875  0.0035945  -0.00228288
 -0.0019863  -0.00228288  0.00452435  0.          0.          0.
  0.          0.          0.          0.          0.          0.
  0.          0.          0.          0.          0.          0.
  0.          0.          0.          0.          0.          0.
  0.          0.          0.          0.          0.          0.        ],0.3726190476190476,0.0,0.0,0.0,0.0,0.0,[0. 0. 0. 0. 0. 0. 0. 0. 0. 0. 0. 0. 0. 0. 0. 0. 0. 0. 0. 0. 0. 0. 0. 0.
 0. 0. 0. 0. 0. 0. 0. 0. 0. 0. 0. 0.]
10.296838521957397,,1.006424844487833,-5.038654157322857,0.0,-0.0,0.0,0.8754188446989477,-0.483365127358149,[ 0.00237964  0.00136887 -0.00215104  0.00136887  0.00374814 -0.00231087
 -0.00215104 -0.00231087  0.00484963  0.          0.          0.
  0.          0.          0.          0.          0.          0.
  0.          0.          0.          0.          0.          0.
  0.          0.          0.          0.          0.          0.
  0.          0.          0.          0.          0.          0.        ],0.5028571428571429,0.0,0.0,0.0,0.0,0.0,[0. 0. 0. 0. 0. 0. 0. 0. 0. 0. 0. 0. 0. 0. 0. 0. 0. 0. 0. 0. 0. 0. 0. 0.
 0. 0. 0. 0. 0. 0. 0. 0. 0. 0. 0. 0.]
10.328269004821777,,1.0057203909418353,-5.048475020877649,0.0,-0.0,0.0,0.8752883054230507,-0.48360147062394715,[ 0.00245229  0.00154275 -0.0023024   0.00154275  0.00400483 -0.00251178
 -0.0023024  -0.00251178  0.00496856  0.          0.          0.
  0.          0.          0.          0.          0.          0.
  0.          0.          0.          0.          0.          0.
  0.          0.          0.          0.          0.          0.
  0.          0.          0.          0.          0.          0.        ],0.6378571428571429,0.0,0.0,0.0,0.0,0.0,[0. 0. 0. 0. 0. 0. 0. 0. 0. 0. 0. 0. 0. 0. 0. 0. 0. 0. 0. 0. 0. 0. 0. 0.
 0. 0. 0. 0. 0. 0. 0. 0. 0. 0. 0. 0.]
10.348799228668213,,1.0029261923219004,-5.061247287631865,0.0,-0.0,0.0,0.8741510676996481,-0.48565410616977717,[ 0.00234985  0.00157199 -0.00223007  0.00157199  0.00418691 -0.00272788
 -0.00223007 -0.00272788  0.00487264  0.          0.          0.
  0.          0.          0.          0.          0.          0.
  0.          0.          0.          0.          0.          0.
  0.          0.          0.          0.          0.          0.
  0.          0.          0.          0.          0.          0.        ],0.7521428571428571,0.0,0.0,0.0,0.0,0.0,[0. 0. 0. 0. 0. 0. 0. 0. 0. 0. 0. 0. 0. 0. 0. 0. 0. 0. 0. 0. 0. 0. 0. 0.
 0. 0. 0. 0. 0. 0. 0. 0. 0. 0. 0. 0.]
10.36341905593872,,0.998734235936639,-5.071781623484057,0.0,-0.0,0.0,0.872583249521768,-0.4884654262627314,[ 0.00227772  0.00155539 -0.00219291  0.00155539  0.00426718 -0.0027654
 -0.00219291 -0.0027654   0.0049393   0.          0.          0.
  0.          0.          0.          0.          0.          0.
  0.          0.          0.          0.          0.          0.
  0.          0.          0.          0.          0.          0.
  0.          0.          0.          0.          0.          0.        ],0.8785714285714286,0.0,0.0,0.0,0.0,0.0,[0. 0. 0. 0. 0. 0. 0. 0. 0. 0. 0. 0. 0. 0. 0. 0. 0. 0. 0. 0. 0. 0. 0. 0.
 0. 0. 0. 0. 0. 0. 0. 0. 0. 0. 0. 0.]
10.379654884338379,,0.9919264376918563,-5.083695006920125,0.0,-0.0,0.0,0.8707464941214716,-0.4917321862306411,[ 0.00235606  0.00154518 -0.00229618  0.00154518  0.00433997 -0.00269816
 -0.00229618 -0.00269816  0.00519149  0.          0.          0.
  0.          0.          0.          0.          0.          0.
  0.          0.          0.          0.          0.          0.
  0.          0.          0.          0.          0.          0.
  0.          0.          0.          0.          0.          0.        ],1.0280952380952382,0.0,0.0,0.0,0.0,0.0,[0. 0. 0. 0. 0. 0. 0. 0. 0. 0. 0. 0. 0. 0. 0. 0. 0. 0. 0. 0. 0. 0. 0. 0.
 0. 0. 0. 0. 0. 0. 0. 0. 0. 0. 0. 0.]
10.399084329605103,,0.9638169056954475,-5.1072749166606455,0.0,-0.0,0.0,0.8717751882468755,-0.4899061350474443,[ 0.00215743  0.00147227 -0.00222994  0.00147227  0.00463688 -0.00308078
 -0.00222994 -0.00308078  0.00526095  0.          0.          0.
  0.          0.          0.          0.          0.          0.
  0.          0.          0.          0.          0.          0.
  0.          0.          0.          0.          0.          0.
  0.          0.          0.          0.          0.          0.        ],1.1569047619047619,0.0,0.0,0.0,0.0,0.0,[0. 0. 0. 0. 0. 0. 0. 0. 0. 0. 0. 0. 0. 0. 0. 0. 0. 0. 0. 0. 0. 0. 0. 0.
 0. 0. 0. 0. 0. 0. 0. 0. 0. 0. 0. 0.]
10.414521217346191,,0.9698295538398555,-5.124973967891003,0.0,-0.0,0.0,0.8809669111907147,-0.47317787499743846,[ 0.00260935  0.00155343 -0.00287545  0.00155343  0.0047048  -0.00308666
 -0.00287545 -0.00308666  0.00704568  0.          0.          0.
  0.          0.          0.          0.          0.          0.
  0.          0.          0.          0.          0.          0.
  0.          0.          0.          0.          0.          0.
  0.          0.          0.          0.          0.          0.        ],1.23,0.0,0.0,0.0,0.0,0.0,[0. 0. 0. 0. 0. 0. 0. 0. 0. 0. 0. 0. 0. 0. 0. 0. 0. 0. 0. 0. 0. 0. 0. 0.
 0. 0. 0. 0. 0. 0. 0. 0. 0. 0. 0. 0.]
10.43278193473816,,0.9717410695629897,-5.140207480049644,0.0,-0.0,0.0,0.8802254587498365,-0.47455573094067666,[ 0.0024544   0.00153054 -0.0028828   0.00153054  0.00483469 -0.00335266
 -0.0028828  -0.00335266  0.00740609  0.          0.          0.
  0.          0.          0.          0.          0.          0.
  0.          0.          0.          0.          0.          0.
  0.          0.          0.          0.          0.          0.
  0.          0.          0.          0.          0.          0.        ],1.253095238095238,0.0,0.0,0.0,0.0,0.0,[0. 0. 0. 0. 0. 0. 0. 0. 0. 0. 0. 0. 0. 0. 0. 0. 0. 0. 0. 0. 0. 0. 0. 0.
 0. 0. 0. 0. 0. 0. 0. 0. 0. 0. 0. 0.]
10.454720497131348,,0.9679897278420247,-5.157072526802584,0.0,-0.0,0.0,0.8793133429365334,-0.4762436823032705,[ 0.00231211  0.0014926  -0.00266484  0.0014926   0.00501444 -0.0032865
 -0.00266484 -0.0032865   0.007352    0.          0.          0.
  0.          0.          0.          0.          0.          0.
  0.          0.          0.          0.          0.          0.
  0.          0.          0.          0.          0.          0.
  0.          0.          0.          0.          0.          0.        ],1.2552380952380953,0.0,0.0,0.0,0.0,0.0,[0. 0. 0. 0. 0. 0. 0. 0. 0. 0. 0. 0. 0. 0. 0. 0. 0. 0. 0. 0. 0. 0. 0. 0.
 0. 0. 0. 0. 0. 0. 0. 0. 0. 0. 0. 0.]
10.48093557357788,,0.951915590036585,-5.168228855793798,0.0,-0.0,0.0,0.8865311924242723,-0.46266882849268975,[ 0.00231497  0.00140968 -0.00284486  0.00140968  0.00485555 -0.00346401
 -0.00284486 -0.00346401  0.00753741  0.          0.          0.
  0.          0.          0.          0.          0.          0.
  0.          0.          0.          0.          0.          0.
  0.          0.          0.          0.          0.          0.
  0.          0.          0.          0.          0.          0.        ],1.2421428571428572,0.0,0.0,0.0,0.0,0.0,[0. 0. 0. 0. 0. 0. 0. 0. 0. 0. 0. 0. 0. 0. 0. 0. 0. 0. 0. 0. 0. 0. 0. 0.
 0. 0. 0. 0. 0. 0. 0. 0. 0. 0. 0. 0.]
10.503110885620117,,0.9429632055982896,-5.182925974142581,0.0,-0.0,0.0,0.8841253754002945,-0.46724974111634177,[ 0.00225889  0.00137297 -0.0027507   0.00137297  0.00481041 -0.00332363
 -0.0027507  -0.00332363  0.00740377  0.          0.          0.
  0.          0.          0.          0.          0.          0.
  0.          0.          0.          0.          0.          0.
  0.          0.          0.          0.          0.          0.
  0.          0.          0.          0.          0.          0.        ],1.2588095238095238,0.0,0.0,0.0,0.0,0.0,[0. 0. 0. 0. 0. 0. 0. 0. 0. 0. 0. 0. 0. 0. 0. 0. 0. 0. 0. 0. 0. 0. 0. 0.
 0. 0. 0. 0. 0. 0. 0. 0. 0. 0. 0. 0.]
10.528116464614868,,0.9421194115137196,-5.18705063810287,0.0,-0.0,0.0,0.8845046864200362,-0.46653130623892053,[ 0.00234337  0.00154681 -0.00297743  0.00154681  0.00522206 -0.00385655
 -0.00297743 -0.00385655  0.00800929  0.          0.          0.
  0.          0.          0.          0.          0.          0.
  0.          0.          0.          0.          0.          0.
  0.          0.          0.          0.          0.          0.
  0.          0.          0.          0.          0.          0.        ],1.2826190476190475,0.0,0.0,0.0,0.0,0.0,[0. 0. 0. 0. 0. 0. 0. 0. 0. 0. 0. 0. 0. 0. 0. 0. 0. 0. 0. 0. 0. 0. 0. 0.
 0. 0. 0. 0. 0. 0. 0. 0. 0. 0. 0. 0.]
10.550638437271118,,0.9234818321387613,-5.201542021154351,0.0,-0.0,0.0,0.8901552018139328,-0.4556574554241338,[ 0.00242637  0.00168695 -0.00328302  0.00168695  0.00568032 -0.00450259
 -0.00328302 -0.00450259  0.00872214  0.          0.          0.
  0.          0.          0.          0.          0.          0.
  0.          0.          0.          0.          0.          0.
  0.          0.          0.          0.          0.          0.
  0.          0.          0.          0.          0.          0.        ],1.2897619047619047,0.0,0.0,0.0,0.0,0.0,[0. 0. 0. 0. 0. 0. 0. 0. 0. 0. 0. 0. 0. 0. 0. 0. 0. 0. 0. 0. 0. 0. 0. 0.
 0. 0. 0. 0. 0. 0. 0. 0. 0. 0. 0. 0.]
10.567383766174316,,0.8930995841942182,-5.224325064705615,0.0,-0.0,0.0,0.8927587636542902,-0.45053500409897473,[ 0.00230654  0.00147121 -0.00313526  0.00147121  0.00577965 -0.0047059
 -0.00313526 -0.0047059   0.00898426  0.          0.          0.
  0.          0.          0.          0.          0.          0.
  0.          0.          0.          0.          0.          0.
  0.          0.          0.          0.          0.          0.
  0.          0.          0.          0.          0.          0.        ],1.2942857142857143,0.0,0.0,0.0,0.0,0.0,[0. 0. 0. 0. 0. 0. 0. 0. 0. 0. 0. 0. 0. 0. 0. 0. 0. 0. 0. 0. 0. 0. 0. 0.
 0. 0. 0. 0. 0. 0. 0. 0. 0. 0. 0. 0.]
10.58684778213501,,0.8771609529878263,-5.246528878399438,0.0,-0.0,0.0,0.886118914434432,-0.4634579479106424,[ 0.00219967  0.00120838 -0.0029976   0.00120838  0.00542749 -0.0045455
 -0.0029976  -0.0045455   0.00901487  0.          0.          0.
  0.          0.          0.          0.          0.          0.
  0.          0.          0.          0.          0.          0.
  0.          0.          0.          0.          0.          0.
  0.          0.          0.          0.          0.          0.        ],1.3428571428571427,0.0,0.0,0.0,0.0,0.0,[0. 0. 0. 0. 0. 0. 0. 0. 0. 0. 0. 0. 0. 0. 0. 0. 0. 0. 0. 0. 0. 0. 0. 0.
 0. 0. 0. 0. 0. 0. 0. 0. 0. 0. 0. 0.]
10.602025508880615,,0.8704074093628308,-5.265589647219786,0.0,-0.0,0.0,0.8839717567495652,-0.46754030122449075,[ 0.00203218  0.00107349 -0.00266768  0.00107349  0.00523058 -0.00435291
 -0.00266768 -0.00435291  0.00891104  0.          0.          0.
  0.          0.          0.          0.          0.          0.
  0.          0.          0.          0.          0.          0.
  0.          0.          0.          0.          0.          0.
  0.          0.          0.          0.          0.          0.        ],1.375,0.0,0.0,0.0,0.0,0.0,[0. 0. 0. 0. 0. 0. 0. 0. 0. 0. 0. 0. 0. 0. 0. 0. 0. 0. 0. 0. 0. 0. 0. 0.
 0. 0. 0. 0. 0. 0. 0. 0. 0. 0. 0. 0.]
10.61569881439209,,0.8524169716816091,-5.282212046245646,0.0,-0.0,0.0,0.888451248034261,-0.4589710011170249,[ 0.00201224  0.00104273 -0.00282085  0.00104273  0.00525218 -0.00495664
 -0.00282085 -0.00495664  0.01002691  0.          0.          0.
  0.          0.          0.          0.          0.          0.
  0.          0.          0.          0.          0.          0.
  0.          0.          0.          0.          0.          0.
  0.          0.          0.          0.          0.          0.        ],1.3861904761904762,0.0,0.0,0.0,0.0,0.0,[0. 0. 0. 0. 0. 0. 0. 0. 0. 0. 0. 0. 0. 0. 0. 0. 0. 0. 0. 0. 0. 0. 0. 0.
 0. 0. 0. 0. 0. 0. 0. 0. 0. 0. 0. 0.]
10.636354207992554,,0.8412856476858914,-5.304415117236419,0.0,-0.0,0.0,0.8829155572098875,-0.469531808120338,[ 0.00187482  0.00081278 -0.00244541  0.00081278  0.00521722 -0.0045709
 -0.00244541 -0.0045709   0.00894336  0.          0.          0.
  0.          0.          0.          0.          0.          0.
  0.          0.          0.          0.          0.          0.
  0.          0.          0.          0.          0.          0.
  0.          0.          0.          0.          0.          0.        ],1.405,0.0,0.0,0.0,0.0,0.0,[0. 0. 0. 0. 0. 0. 0. 0. 0. 0. 0. 0. 0. 0. 0. 0. 0. 0. 0. 0. 0. 0. 0. 0.
 0. 0. 0. 0. 0. 0. 0. 0. 0. 0. 0. 0.]
10.65869951248169,,0.8180151401999234,-5.332604947443937,0.0,-0.0,0.0,0.883546628347282,-0.46834320272226626,[ 0.00180371  0.00063309 -0.00233198  0.00063309  0.00501766 -0.00475946
 -0.00233198 -0.00475946  0.00932352  0.          0.          0.
  0.          0.          0.          0.          0.          0.
  0.          0.          0.          0.          0.          0.
  0.          0.          0.          0.          0.          0.
  0.          0.          0.          0.          0.          0.        ],1.4242857142857144,0.0,0.0,0.0,0.0,0.0,[0. 0. 0. 0. 0. 0. 0. 0. 0. 0. 0. 0. 0. 0. 0. 0. 0. 0. 0. 0. 0. 0. 0. 0.
 0. 0. 0. 0. 0. 0. 0. 0. 0. 0. 0. 0.]
10.68166971206665,,0.7958035624211698,-5.356650268428643,0.0,-0.0,0.0,0.8853304967056389,-0.46496226901002047,[ 0.00167777  0.00037929 -0.00193295  0.00037929  0.00488474 -0.00505845
 -0.00193295 -0.00505845  0.00989774  0.          0.          0.
  0.          0.          0.          0.          0.          0.
  0.          0.          0.          0.          0.          0.
  0.          0.          0.          0.          0.          0.
  0.          0.          0.          0.          0.          0.        ],1.4538095238095239,0.0,0.0,0.0,0.0,0.0,[0. 0. 0. 0. 0. 0. 0. 0. 0. 0. 0. 0. 0. 0. 0. 0. 0. 0. 0. 0. 0. 0. 0. 0.
 0. 0. 0. 0. 0. 0. 0. 0. 0. 0. 0. 0.]
10.706808805465698,,0.76993520039363,-5.398810845676831,0.0,-0.0,0.0,0.8821886902018101,-0.4708960765179666,[ 0.00164602  0.00019156 -0.00158149  0.00019156  0.00473161 -0.00516856
 -0.00158149 -0.00516856  0.00984679  0.          0.          0.
  0.          0.          0.          0.          0.          0.
  0.          0.          0.          0.          0.          0.
  0.          0.          0.          0.          0.          0.
  0.          0.          0.          0.          0.          0.        ],1.4542857142857142,0.0,0.0,0.0,0.0,0.0,[0. 0. 0. 0. 0. 0. 0. 0. 0. 0. 0. 0. 0. 0. 0. 0. 0. 0. 0. 0. 0. 0. 0. 0.
 0. 0. 0. 0. 0. 0. 0. 0. 0. 0. 0. 0.]
10.722227811813354,,0.7590619109651837,-5.425305094503173,0.0,-0.0,0.0,0.8751446494387706,-0.4838613877534467,[ 0.00161295  0.00016889 -0.00147443  0.00016889  0.0043218  -0.00469079
 -0.00147443 -0.00469079  0.00921976  0.          0.          0.
  0.          0.          0.          0.          0.          0.
  0.          0.          0.          0.          0.          0.
  0.          0.          0.          0.          0.          0.
  0.          0.          0.          0.          0.          0.        ],1.4264285714285714,0.0,0.0,0.0,0.0,0.0,[0. 0. 0. 0. 0. 0. 0. 0. 0. 0. 0. 0. 0. 0. 0. 0. 0. 0. 0. 0. 0. 0. 0. 0.
 0. 0. 0. 0. 0. 0. 0. 0. 0. 0. 0. 0.]
10.743494510650635,,0.7421428928586681,-5.44787750354039,0.0,-0.0,0.0,0.8753363325333436,-0.4835145343700391,[ 0.00164595  0.00011185 -0.00132248  0.00011185  0.00386456 -0.00442621
 -0.00132248 -0.00442621  0.00880346  0.          0.          0.
  0.          0.          0.          0.          0.          0.
  0.          0.          0.          0.          0.          0.
  0.          0.          0.          0.          0.          0.
  0.          0.          0.          0.          0.          0.        ],1.4092857142857143,0.0,0.0,0.0,0.0,0.0,[0. 0. 0. 0. 0. 0. 0. 0. 0. 0. 0. 0. 0. 0. 0. 0. 0. 0. 0. 0. 0. 0. 0. 0.
 0. 0. 0. 0. 0. 0. 0. 0. 0. 0. 0. 0.]
10.759634017944336,,0.7352019667594522,-5.472916879091469,0.0,-0.0,0.0,0.8673697970133947,-0.49766417916999256,[ 1.61637734e-03 -9.39296793e-05 -9.97878020e-04 -9.39296793e-05
  3.49771294e-03 -4.05491481e-03 -9.97878020e-04 -4.05491481e-03
  8.04921290e-03  0.00000000e+00  0.00000000e+00  0.00000000e+00
  0.00000000e+00  0.00000000e+00  0.00000000e+00  0.00000000e+00
  0.00000000e+00  0.00000000e+00  0.00000000e+00  0.00000000e+00
  0.00000000e+00  0.00000000e+00  0.00000000e+00  0.00000000e+00
  0.00000000e+00  0.00000000e+00  0.00000000e+00  0.00000000e+00
  0.00000000e+00  0.00000000e+00  0.00000000e+00  0.00000000e+00
  0.00000000e+00  0.00000000e+00  0.00000000e+00  0.00000000e+00],1.4130952380952382,0.0,0.0,0.0,0.0,0.0,[0. 0. 0. 0. 0. 0. 0. 0. 0. 0. 0. 0. 0. 0. 0. 0. 0. 0. 0. 0. 0. 0. 0. 0.
 0. 0. 0. 0. 0. 0. 0. 0. 0. 0. 0. 0.]
10.780862808227539,,0.7116001838001955,-5.4981098787851765,0.0,-0.0,0.0,0.8638434773261578,-0.503760306774017,[ 0.00173722 -0.00018476 -0.00068526 -0.00018476  0.00329987 -0.00381699
 -0.00068526 -0.00381699  0.00772725  0.          0.          0.
  0.          0.          0.          0.          0.          0.
  0.          0.          0.          0.          0.          0.
  0.          0.          0.          0.          0.          0.
  0.          0.          0.          0.          0.          0.        ],1.4247619047619047,0.0,0.0,0.0,0.0,0.0,[0. 0. 0. 0. 0. 0. 0. 0. 0. 0. 0. 0. 0. 0. 0. 0. 0. 0. 0. 0. 0. 0. 0. 0.
 0. 0. 0. 0. 0. 0. 0. 0. 0. 0. 0. 0.]
10.803576469421387,,0.702067425335618,-5.515988577223609,0.0,-0.0,0.0,0.8581584304997487,-0.5133849512424453,[ 1.74043592e-03  4.40568523e-07 -8.03420827e-04  4.40568523e-07
  2.77583956e-03 -3.37835947e-03 -8.03420827e-04 -3.37835947e-03
  6.98319037e-03  0.00000000e+00  0.00000000e+00  0.00000000e+00
  0.00000000e+00  0.00000000e+00  0.00000000e+00  0.00000000e+00
  0.00000000e+00  0.00000000e+00  0.00000000e+00  0.00000000e+00
  0.00000000e+00  0.00000000e+00  0.00000000e+00  0.00000000e+00
  0.00000000e+00  0.00000000e+00  0.00000000e+00  0.00000000e+00
  0.00000000e+00  0.00000000e+00  0.00000000e+00  0.00000000e+00
  0.00000000e+00  0.00000000e+00  0.00000000e+00  0.00000000e+00],1.4216666666666666,0.0,0.0,0.0,0.0,0.0,[0. 0. 0. 0. 0. 0. 0. 0. 0. 0. 0. 0. 0. 0. 0. 0. 0. 0. 0. 0. 0. 0. 0. 0.
 0. 0. 0. 0. 0. 0. 0. 0. 0. 0. 0. 0.]
10.820003271102905,,0.6806124726400195,-5.546226656718193,0.0,-0.0,0.0,0.8520631740380324,-0.5234389624858218,[ 1.94677261e-03  1.87681219e-05 -5.22088747e-04  1.87681219e-05
  2.73310722e-03 -3.34871639e-03 -5.22088747e-04 -3.34871639e-03
  6.97290026e-03  0.00000000e+00  0.00000000e+00  0.00000000e+00
  0.00000000e+00  0.00000000e+00  0.00000000e+00  0.00000000e+00
  0.00000000e+00  0.00000000e+00  0.00000000e+00  0.00000000e+00
  0.00000000e+00  0.00000000e+00  0.00000000e+00  0.00000000e+00
  0.00000000e+00  0.00000000e+00  0.00000000e+00  0.00000000e+00
  0.00000000e+00  0.00000000e+00  0.00000000e+00  0.00000000e+00
  0.00000000e+00  0.00000000e+00  0.00000000e+00  0.00000000e+00],1.4045238095238095,0.0,0.0,0.0,0.0,0.0,[0. 0. 0. 0. 0. 0. 0. 0. 0. 0. 0. 0. 0. 0. 0. 0. 0. 0. 0. 0. 0. 0. 0. 0.
 0. 0. 0. 0. 0. 0. 0. 0. 0. 0. 0. 0.]
10.840787649154663,,0.6708074193117463,-5.566079864683811,0.0,-0.0,0.0,0.8445710950562718,-0.5354434287536359,[ 0.00197981  0.00017057 -0.00062333  0.00017057  0.00260949 -0.00334782
 -0.00062333 -0.00334782  0.00685544  0.          0.          0.
  0.          0.          0.          0.          0.          0.
  0.          0.          0.          0.          0.          0.
  0.          0.          0.          0.          0.          0.
  0.          0.          0.          0.          0.          0.        ],1.411904761904762,0.0,0.0,0.0,0.0,0.0,[0. 0. 0. 0. 0. 0. 0. 0. 0. 0. 0. 0. 0. 0. 0. 0. 0. 0. 0. 0. 0. 0. 0. 0.
 0. 0. 0. 0. 0. 0. 0. 0. 0. 0. 0. 0.]
10.860783100128174,,0.6657410331534969,-5.586488868344236,0.0,-0.0,0.0,0.8368037350255856,-0.54750297629075,[ 0.0018123   0.00013359 -0.0005073   0.00013359  0.00253897 -0.00328013
 -0.0005073  -0.00328013  0.00657812  0.          0.          0.
  0.          0.          0.          0.          0.          0.
  0.          0.          0.          0.          0.          0.
  0.          0.          0.          0.          0.          0.
  0.          0.          0.          0.          0.          0.        ],1.4583333333333333,0.0,0.0,0.0,0.0,0.0,[0. 0. 0. 0. 0. 0. 0. 0. 0. 0. 0. 0. 0. 0. 0. 0. 0. 0. 0. 0. 0. 0. 0. 0.
 0. 0. 0. 0. 0. 0. 0. 0. 0. 0. 0. 0.]
10.879606485366821,,0.6710179155180588,-5.60495349660509,0.0,-0.0,0.0,0.8328343761630822,-0.5535222686406119,[ 1.79483666e-03  2.62956114e-06 -1.80525051e-04  2.62956114e-06
  2.35655362e-03 -3.20985950e-03 -1.80525051e-04 -3.20985950e-03
  6.38736929e-03  0.00000000e+00  0.00000000e+00  0.00000000e+00
  0.00000000e+00  0.00000000e+00  0.00000000e+00  0.00000000e+00
  0.00000000e+00  0.00000000e+00  0.00000000e+00  0.00000000e+00
  0.00000000e+00  0.00000000e+00  0.00000000e+00  0.00000000e+00
  0.00000000e+00  0.00000000e+00  0.00000000e+00  0.00000000e+00
  0.00000000e+00  0.00000000e+00  0.00000000e+00  0.00000000e+00
  0.00000000e+00  0.00000000e+00  0.00000000e+00  0.00000000e+00],1.496904761904762,0.0,0.0,0.0,0.0,0.0,[0. 0. 0. 0. 0. 0. 0. 0. 0. 0. 0. 0. 0. 0. 0. 0. 0. 0. 0. 0. 0. 0. 0. 0.
 0. 0. 0. 0. 0. 0. 0. 0. 0. 0. 0. 0.]
10.915168523788452,,0.6513397046544814,-5.66753197678055,0.0,-0.0,0.0,0.8046845759481602,-0.5937025629312456,[ 1.97218113e-03  2.92486384e-06  2.44829644e-04  2.92486384e-06
  2.40667029e-03 -2.87901857e-03  2.44829644e-04 -2.87901857e-03
  5.68860002e-03  0.00000000e+00  0.00000000e+00  0.00000000e+00
  0.00000000e+00  0.00000000e+00  0.00000000e+00  0.00000000e+00
  0.00000000e+00  0.00000000e+00  0.00000000e+00  0.00000000e+00
  0.00000000e+00  0.00000000e+00  0.00000000e+00  0.00000000e+00
  0.00000000e+00  0.00000000e+00  0.00000000e+00  0.00000000e+00
  0.00000000e+00  0.00000000e+00  0.00000000e+00  0.00000000e+00
  0.00000000e+00  0.00000000e+00  0.00000000e+00  0.00000000e+00],1.5457142857142858,0.0,0.0,0.0,0.0,0.0,[0. 0. 0. 0. 0. 0. 0. 0. 0. 0. 0. 0. 0. 0. 0. 0. 0. 0. 0. 0. 0. 0. 0. 0.
 0. 0. 0. 0. 0. 0. 0. 0. 0. 0. 0. 0.]
10.941946983337402,,0.6546041762724132,-5.739894028429781,0.0,-0.0,0.0,0.7857773475556308,-0.6185094664339725,[ 1.87969393e-03 -9.41721170e-05  3.86981225e-04 -9.41721170e-05
  1.63657152e-03 -2.01882279e-03  3.86981225e-04 -2.01882279e-03
  4.38448375e-03  0.00000000e+00  0.00000000e+00  0.00000000e+00
  0.00000000e+00  0.00000000e+00  0.00000000e+00  0.00000000e+00
  0.00000000e+00  0.00000000e+00  0.00000000e+00  0.00000000e+00
  0.00000000e+00  0.00000000e+00  0.00000000e+00  0.00000000e+00
  0.00000000e+00  0.00000000e+00  0.00000000e+00  0.00000000e+00
  0.00000000e+00  0.00000000e+00  0.00000000e+00  0.00000000e+00
  0.00000000e+00  0.00000000e+00  0.00000000e+00  0.00000000e+00],1.7157142857142857,0.0,0.0,0.0,0.0,0.0,[0. 0. 0. 0. 0. 0. 0. 0. 0. 0. 0. 0. 0. 0. 0. 0. 0. 0. 0. 0. 0. 0. 0. 0.
 0. 0. 0. 0. 0. 0. 0. 0. 0. 0. 0. 0.]
10.97251033782959,,0.6583226713637355,-5.7822788410818715,0.0,-0.0,0.0,0.7686306062850863,-0.6396928880969529,[ 2.12559848e-03  2.40942917e-05  6.28714478e-04  2.40942917e-05
  1.75912758e-03 -2.05736584e-03  6.28714478e-04 -2.05736584e-03
  4.76283125e-03  0.00000000e+00  0.00000000e+00  0.00000000e+00
  0.00000000e+00  0.00000000e+00  0.00000000e+00  0.00000000e+00
  0.00000000e+00  0.00000000e+00  0.00000000e+00  0.00000000e+00
  0.00000000e+00  0.00000000e+00  0.00000000e+00  0.00000000e+00
  0.00000000e+00  0.00000000e+00  0.00000000e+00  0.00000000e+00
  0.00000000e+00  0.00000000e+00  0.00000000e+00  0.00000000e+00
  0.00000000e+00  0.00000000e+00  0.00000000e+00  0.00000000e+00],1.8204761904761906,0.0,0.0,0.0,0.0,0.0,[0. 0. 0. 0. 0. 0. 0. 0. 0. 0. 0. 0. 0. 0. 0. 0. 0. 0. 0. 0. 0. 0. 0. 0.
 0. 0. 0. 0. 0. 0. 0. 0. 0. 0. 0. 0.]
10.99402642250061,,0.6823131096751492,-5.834370646131114,0.0,-0.0,0.0,0.7489795884791524,-0.6625930697204729,[ 2.82316833e-03 -2.03159802e-05  1.14053380e-03 -2.03159802e-05
  1.57273343e-03 -1.45883901e-03  1.14053380e-03 -1.45883901e-03
  5.79165643e-03  0.00000000e+00  0.00000000e+00  0.00000000e+00
  0.00000000e+00  0.00000000e+00  0.00000000e+00  0.00000000e+00
  0.00000000e+00  0.00000000e+00  0.00000000e+00  0.00000000e+00
  0.00000000e+00  0.00000000e+00  0.00000000e+00  0.00000000e+00
  0.00000000e+00  0.00000000e+00  0.00000000e+00  0.00000000e+00
  0.00000000e+00  0.00000000e+00  0.00000000e+00  0.00000000e+00
  0.00000000e+00  0.00000000e+00  0.00000000e+00  0.00000000e+00],1.9116666666666666,0.0,0.0,0.0,0.0,0.0,[0. 0. 0. 0. 0. 0. 0. 0. 0. 0. 0. 0. 0. 0. 0. 0. 0. 0. 0. 0. 0. 0. 0. 0.
 0. 0. 0. 0. 0. 0. 0. 0. 0. 0. 0. 0.]
11.013642072677612,,0.693056134617824,-5.867356976902654,0.0,-0.0,0.0,0.7370966084613528,-0.6757873850515198,[ 3.20747948e-03 -2.57954985e-05  1.45155293e-03 -2.57954985e-05
  1.45673718e-03 -1.60181392e-03  1.45155293e-03 -1.60181392e-03
  7.07735451e-03  0.00000000e+00  0.00000000e+00  0.00000000e+00
  0.00000000e+00  0.00000000e+00  0.00000000e+00  0.00000000e+00
  0.00000000e+00  0.00000000e+00  0.00000000e+00  0.00000000e+00
  0.00000000e+00  0.00000000e+00  0.00000000e+00  0.00000000e+00
  0.00000000e+00  0.00000000e+00  0.00000000e+00  0.00000000e+00
  0.00000000e+00  0.00000000e+00  0.00000000e+00  0.00000000e+00
  0.00000000e+00  0.00000000e+00  0.00000000e+00  0.00000000e+00],2.0033333333333334,0.0,0.0,0.0,0.0,0.0,[0. 0. 0. 0. 0. 0. 0. 0. 0. 0. 0. 0. 0. 0. 0. 0. 0. 0. 0. 0. 0. 0. 0. 0.
 0. 0. 0. 0. 0. 0. 0. 0. 0. 0. 0. 0.]
11.027496337890625,,0.7025796504129463,-5.9080241003274585,0.0,-0.0,0.0,0.7381145453700446,-0.674675416710267,[ 0.00392744 -0.00012663  0.00067939 -0.00012663  0.00146315 -0.0006296
  0.00067939 -0.0006296   0.00652087  0.          0.          0.
  0.          0.          0.          0.          0.          0.
  0.          0.          0.          0.          0.          0.
  0.          0.          0.          0.          0.          0.
  0.          0.          0.          0.          0.          0.        ],2.0445238095238096,0.0,0.0,0.0,0.0,0.0,[0. 0. 0. 0. 0. 0. 0. 0. 0. 0. 0. 0. 0. 0. 0. 0. 0. 0. 0. 0. 0. 0. 0. 0.
 0. 0. 0. 0. 0. 0. 0. 0. 0. 0. 0. 0.]
11.048054933547974,,0.7307881991908507,-5.957388109055088,0.0,-0.0,0.0,0.7322705318676964,-0.6810138531323728,[ 0.00392273  0.00030665  0.00016826  0.00030665  0.0012201  -0.00069463
  0.00016826 -0.00069463  0.00273676  0.          0.          0.
  0.          0.          0.          0.          0.          0.
  0.          0.          0.          0.          0.          0.
  0.          0.          0.          0.          0.          0.
  0.          0.          0.          0.          0.          0.        ],2.143809523809524,0.0,0.0,0.0,0.0,0.0,[0. 0. 0. 0. 0. 0. 0. 0. 0. 0. 0. 0. 0. 0. 0. 0. 0. 0. 0. 0. 0. 0. 0. 0.
 0. 0. 0. 0. 0. 0. 0. 0. 0. 0. 0. 0.]
11.063141107559204,,0.7397850653906864,-5.994873575914102,0.0,-0.0,0.0,0.7218822496452435,-0.692015908521706,[ 0.00395981  0.00031432  0.00020711  0.00031432  0.00129585 -0.00120232
  0.00020711 -0.00120232  0.00367137  0.          0.          0.
  0.          0.          0.          0.          0.          0.
  0.          0.          0.          0.          0.          0.
  0.          0.          0.          0.          0.          0.
  0.          0.          0.          0.          0.          0.        ],2.297857142857143,0.0,0.0,0.0,0.0,0.0,[0. 0. 0. 0. 0. 0. 0. 0. 0. 0. 0. 0. 0. 0. 0. 0. 0. 0. 0. 0. 0. 0. 0. 0.
 0. 0. 0. 0. 0. 0. 0. 0. 0. 0. 0. 0.]
11.078999757766724,,0.7487122387470619,-6.013075009077666,0.0,-0.0,0.0,0.7094412040539483,-0.7047646259500289,[ 0.00430521  0.00052656 -0.0001008   0.00052656  0.00123928 -0.00103931
 -0.0001008  -0.00103931  0.00266292  0.          0.          0.
  0.          0.          0.          0.          0.          0.
  0.          0.          0.          0.          0.          0.
  0.          0.          0.          0.          0.          0.
  0.          0.          0.          0.          0.          0.        ],2.4092857142857143,0.0,0.0,0.0,0.0,0.0,[0. 0. 0. 0. 0. 0. 0. 0. 0. 0. 0. 0. 0. 0. 0. 0. 0. 0. 0. 0. 0. 0. 0. 0.
 0. 0. 0. 0. 0. 0. 0. 0. 0. 0. 0. 0.]
11.106192111968994,,0.7641399710088652,-6.072277309133764,0.0,-0.0,0.0,0.6938125061439514,-0.7201556820009472,[ 0.00430934  0.00082567 -0.00018949  0.00082567  0.0014575  -0.00114932
 -0.00018949 -0.00114932  0.00251511  0.          0.          0.
  0.          0.          0.          0.          0.          0.
  0.          0.          0.          0.          0.          0.
  0.          0.          0.          0.          0.          0.
  0.          0.          0.          0.          0.          0.        ],2.51,0.0,0.0,0.0,0.0,0.0,[0. 0. 0. 0. 0. 0. 0. 0. 0. 0. 0. 0. 0. 0. 0. 0. 0. 0. 0. 0. 0. 0. 0. 0.
 0. 0. 0. 0. 0. 0. 0. 0. 0. 0. 0. 0.]
11.135324716567993,,0.7715749542502446,-6.1469437291882585,0.0,-0.0,0.0,0.6563880228825073,-0.7544234642535935,[ 0.0044055   0.00089035  0.00026872  0.00089035  0.00163859 -0.00118592
  0.00026872 -0.00118592  0.00287163  0.          0.          0.
  0.          0.          0.          0.          0.          0.
  0.          0.          0.          0.          0.          0.
  0.          0.          0.          0.          0.          0.
  0.          0.          0.          0.          0.          0.        ],2.690952380952381,0.0,0.0,0.0,0.0,0.0,[0. 0. 0. 0. 0. 0. 0. 0. 0. 0. 0. 0. 0. 0. 0. 0. 0. 0. 0. 0. 0. 0. 0. 0.
 0. 0. 0. 0. 0. 0. 0. 0. 0. 0. 0. 0.]
11.16528582572937,,0.7938334083008625,-6.1965878455969134,0.0,-0.0,0.0,0.6479823731180352,-0.7616553315826782,[ 0.00354387  0.00061051  0.00024136  0.00061051  0.00155324 -0.00110971
  0.00024136 -0.00110971  0.00278267  0.          0.          0.
  0.          0.          0.          0.          0.          0.
  0.          0.          0.          0.          0.          0.
  0.          0.          0.          0.          0.          0.
  0.          0.          0.          0.          0.          0.        ],2.874285714285714,0.0,0.0,0.0,0.0,0.0,[0. 0. 0. 0. 0. 0. 0. 0. 0. 0. 0. 0. 0. 0. 0. 0. 0. 0. 0. 0. 0. 0. 0. 0.
 0. 0. 0. 0. 0. 0. 0. 0. 0. 0. 0. 0.]
11.183363199234009,,0.8182491248827074,-6.211082738835874,0.0,-0.0,0.0,0.6328889080108154,-0.7742426170890346,[ 0.00355936  0.00077024 -0.00017945  0.00077024  0.00197909 -0.00110743
 -0.00017945 -0.00110743  0.00213006  0.          0.          0.
  0.          0.          0.          0.          0.          0.
  0.          0.          0.          0.          0.          0.
  0.          0.          0.          0.          0.          0.
  0.          0.          0.          0.          0.          0.        ],3.0145238095238094,0.0,0.0,0.0,0.0,0.0,[0. 0. 0. 0. 0. 0. 0. 0. 0. 0. 0. 0. 0. 0. 0. 0. 0. 0. 0. 0. 0. 0. 0. 0.
 0. 0. 0. 0. 0. 0. 0. 0. 0. 0. 0. 0.]
11.214987993240356,,0.8401245036144167,-6.248198003620879,0.0,-0.0,0.0,0.6038783749807354,-0.7970764757729502,[ 3.37457144e-03  7.42049784e-04  8.64979073e-05  7.42049784e-04
  1.97998237e-03 -1.06086813e-03  8.64979073e-05 -1.06086813e-03
  2.00281614e-03  0.00000000e+00  0.00000000e+00  0.00000000e+00
  0.00000000e+00  0.00000000e+00  0.00000000e+00  0.00000000e+00
  0.00000000e+00  0.00000000e+00  0.00000000e+00  0.00000000e+00
  0.00000000e+00  0.00000000e+00  0.00000000e+00  0.00000000e+00
  0.00000000e+00  0.00000000e+00  0.00000000e+00  0.00000000e+00
  0.00000000e+00  0.00000000e+00  0.00000000e+00  0.00000000e+00
  0.00000000e+00  0.00000000e+00  0.00000000e+00  0.00000000e+00],3.118095238095238,0.0,0.0,0.0,0.0,0.0,[0. 0. 0. 0. 0. 0. 0. 0. 0. 0. 0. 0. 0. 0. 0. 0. 0. 0. 0. 0. 0. 0. 0. 0.
 0. 0. 0. 0. 0. 0. 0. 0. 0. 0. 0. 0.]
11.233799457550049,,0.8801837668943181,-6.346297115914993,0.0,-0.0,0.0,0.5692010634103735,-0.8221983637860757,[ 0.00379102  0.00072072  0.0002405   0.00072072  0.00216543 -0.00144304
  0.0002405  -0.00144304  0.00353806  0.          0.          0.
  0.          0.          0.          0.          0.          0.
  0.          0.          0.          0.          0.          0.
  0.          0.          0.          0.          0.          0.
  0.          0.          0.          0.          0.          0.        ],3.326904761904762,0.0,0.0,0.0,0.0,0.0,[0. 0. 0. 0. 0. 0. 0. 0. 0. 0. 0. 0. 0. 0. 0. 0. 0. 0. 0. 0. 0. 0. 0. 0.
 0. 0. 0. 0. 0. 0. 0. 0. 0. 0. 0. 0.]
11.260444164276123,,0.9116648324595265,-6.390905989999955,0.0,-0.0,0.0,0.5476543806620138,-0.8367046547866852,[ 3.92161743e-03  8.75462488e-04 -3.58563961e-05  8.75462488e-04
  2.98525159e-03 -1.54193714e-03 -3.58563961e-05 -1.54193714e-03
  2.90974698e-03  0.00000000e+00  0.00000000e+00  0.00000000e+00
  0.00000000e+00  0.00000000e+00  0.00000000e+00  0.00000000e+00
  0.00000000e+00  0.00000000e+00  0.00000000e+00  0.00000000e+00
  0.00000000e+00  0.00000000e+00  0.00000000e+00  0.00000000e+00
  0.00000000e+00  0.00000000e+00  0.00000000e+00  0.00000000e+00
  0.00000000e+00  0.00000000e+00  0.00000000e+00  0.00000000e+00
  0.00000000e+00  0.00000000e+00  0.00000000e+00  0.00000000e+00],3.4604761904761903,0.0,0.0,0.0,0.0,0.0,[0. 0. 0. 0. 0. 0. 0. 0. 0. 0. 0. 0. 0. 0. 0. 0. 0. 0. 0. 0. 0. 0. 0. 0.
 0. 0. 0. 0. 0. 0. 0. 0. 0. 0. 0. 0.]
11.27534818649292,,0.9456319630421584,-6.409180111027174,0.0,-0.0,0.0,0.5160941953986082,-0.856531833311444,[ 0.0037479   0.00089544  0.0001634   0.00089544  0.00338773 -0.00198632
  0.0001634  -0.00198632  0.00342201  0.          0.          0.
  0.          0.          0.          0.          0.          0.
  0.          0.          0.          0.          0.          0.
  0.          0.          0.          0.          0.          0.
  0.          0.          0.          0.          0.          0.        ],3.5664285714285713,0.0,0.0,0.0,0.0,0.0,[0. 0. 0. 0. 0. 0. 0. 0. 0. 0. 0. 0. 0. 0. 0. 0. 0. 0. 0. 0. 0. 0. 0. 0.
 0. 0. 0. 0. 0. 0. 0. 0. 0. 0. 0. 0.]
11.2996346950531,,0.9757640219857387,-6.429954811311537,0.0,-0.0,0.0,0.4973285220735738,-0.867562298127411,[ 0.00381046  0.00042051  0.00037322  0.00042051  0.00283168 -0.00152303
  0.00037322 -0.00152303  0.00278808  0.          0.          0.
  0.          0.          0.          0.          0.          0.
  0.          0.          0.          0.          0.          0.
  0.          0.          0.          0.          0.          0.
  0.          0.          0.          0.          0.          0.        ],3.665,0.0,0.0,0.0,0.0,0.0,[0. 0. 0. 0. 0. 0. 0. 0. 0. 0. 0. 0. 0. 0. 0. 0. 0. 0. 0. 0. 0. 0. 0. 0.
 0. 0. 0. 0. 0. 0. 0. 0. 0. 0. 0. 0.]
11.316772699356079,,1.0079179486103038,-6.460228353077179,0.0,-0.0,0.0,0.4630706017797849,-0.8863213964286927,[ 0.00390784  0.0003302   0.00050337  0.0003302   0.00248162 -0.00117753
  0.00050337 -0.00117753  0.00224145  0.          0.          0.
  0.          0.          0.          0.          0.          0.
  0.          0.          0.          0.          0.          0.
  0.          0.          0.          0.          0.          0.
  0.          0.          0.          0.          0.          0.        ],3.7733333333333334,0.0,0.0,0.0,0.0,0.0,[0. 0. 0. 0. 0. 0. 0. 0. 0. 0. 0. 0. 0. 0. 0. 0. 0. 0. 0. 0. 0. 0. 0. 0.
 0. 0. 0. 0. 0. 0. 0. 0. 0. 0. 0. 0.]
11.347423315048218,,1.0551835713481488,-6.498308725140134,0.0,-0.0,0.0,0.43377588060288835,-0.9010208018726253,[ 4.05568025e-03  7.22142638e-05  3.38063380e-04  7.22142638e-05
  2.16515005e-03 -1.03357461e-03  3.38063380e-04 -1.03357461e-03
  2.25598135e-03  0.00000000e+00  0.00000000e+00  0.00000000e+00
  0.00000000e+00  0.00000000e+00  0.00000000e+00  0.00000000e+00
  0.00000000e+00  0.00000000e+00  0.00000000e+00  0.00000000e+00
  0.00000000e+00  0.00000000e+00  0.00000000e+00  0.00000000e+00
  0.00000000e+00  0.00000000e+00  0.00000000e+00  0.00000000e+00
  0.00000000e+00  0.00000000e+00  0.00000000e+00  0.00000000e+00
  0.00000000e+00  0.00000000e+00  0.00000000e+00  0.00000000e+00],3.9238095238095236,0.0,0.0,0.0,0.0,0.0,[0. 0. 0. 0. 0. 0. 0. 0. 0. 0. 0. 0. 0. 0. 0. 0. 0. 0. 0. 0. 0. 0. 0. 0.
 0. 0. 0. 0. 0. 0. 0. 0. 0. 0. 0. 0.]
11.37511682510376,,1.0942228121789224,-6.5361264203094445,0.0,-0.0,0.0,0.3953466632612605,-0.9185319895617068,[ 3.85589635e-03  8.98042833e-05  5.73100462e-04  8.98042833e-05
  1.83066826e-03 -7.80612522e-04  5.73100462e-04 -7.80612522e-04
  1.89474737e-03  0.00000000e+00  0.00000000e+00  0.00000000e+00
  0.00000000e+00  0.00000000e+00  0.00000000e+00  0.00000000e+00
  0.00000000e+00  0.00000000e+00  0.00000000e+00  0.00000000e+00
  0.00000000e+00  0.00000000e+00  0.00000000e+00  0.00000000e+00
  0.00000000e+00  0.00000000e+00  0.00000000e+00  0.00000000e+00
  0.00000000e+00  0.00000000e+00  0.00000000e+00  0.00000000e+00
  0.00000000e+00  0.00000000e+00  0.00000000e+00  0.00000000e+00],4.114285714285714,0.0,0.0,0.0,0.0,0.0,[0. 0. 0. 0. 0. 0. 0. 0. 0. 0. 0. 0. 0. 0. 0. 0. 0. 0. 0. 0. 0. 0. 0. 0.
 0. 0. 0. 0. 0. 0. 0. 0. 0. 0. 0. 0.]
11.396523475646973,,1.1083311306870038,-6.5598646255000705,0.0,-0.0,0.0,0.38759092930236655,-0.9218314767475279,[ 0.00389093 -0.00026485  0.00096666 -0.00026485  0.00170259 -0.00088754
  0.00096666 -0.00088754  0.00272852  0.          0.          0.
  0.          0.          0.          0.          0.          0.
  0.          0.          0.          0.          0.          0.
  0.          0.          0.          0.          0.          0.
  0.          0.          0.          0.          0.          0.        ],4.296190476190477,0.0,0.0,0.0,0.0,0.0,[0. 0. 0. 0. 0. 0. 0. 0. 0. 0. 0. 0. 0. 0. 0. 0. 0. 0. 0. 0. 0. 0. 0. 0.
 0. 0. 0. 0. 0. 0. 0. 0. 0. 0. 0. 0.]
11.414418935775757,,1.1189280188259272,-6.614483579444932,0.0,-0.0,0.0,0.33519210271733785,-0.9421498045830767,[ 0.00473251 -0.0005275   0.00159393 -0.0005275   0.0017884  -0.00126572
  0.00159393 -0.00126572  0.00424051  0.          0.          0.
  0.          0.          0.          0.          0.          0.
  0.          0.          0.          0.          0.          0.
  0.          0.          0.          0.          0.          0.
  0.          0.          0.          0.          0.          0.        ],4.446190476190476,0.0,0.0,0.0,0.0,0.0,[0. 0. 0. 0. 0. 0. 0. 0. 0. 0. 0. 0. 0. 0. 0. 0. 0. 0. 0. 0. 0. 0. 0. 0.
 0. 0. 0. 0. 0. 0. 0. 0. 0. 0. 0. 0.]
11.430866241455078,,1.1446412594275537,-6.646557553718647,0.0,-0.0,0.0,0.3036468106518274,-0.9527846631747245,[ 0.00409855 -0.00077501  0.0019974  -0.00077501  0.00213775 -0.0010638
  0.0019974  -0.0010638   0.00376056  0.          0.          0.
  0.          0.          0.          0.          0.          0.
  0.          0.          0.          0.          0.          0.
  0.          0.          0.          0.          0.          0.
  0.          0.          0.          0.          0.          0.        ],4.563095238095238,0.0,0.0,0.0,0.0,0.0,[0. 0. 0. 0. 0. 0. 0. 0. 0. 0. 0. 0. 0. 0. 0. 0. 0. 0. 0. 0. 0. 0. 0. 0.
 0. 0. 0. 0. 0. 0. 0. 0. 0. 0. 0. 0.]
11.448777675628662,,1.1780309411278298,-6.682224758727582,0.0,-0.0,0.0,0.2559728060927322,-0.9666839827684187,[ 0.00335392 -0.00068865  0.00214209 -0.00068865  0.00190339 -0.00103323
  0.00214209 -0.00103323  0.00391722  0.          0.          0.
  0.          0.          0.          0.          0.          0.
  0.          0.          0.          0.          0.          0.
  0.          0.          0.          0.          0.          0.
  0.          0.          0.          0.          0.          0.        ],4.699285714285714,0.0,0.0,0.0,0.0,0.0,[0. 0. 0. 0. 0. 0. 0. 0. 0. 0. 0. 0. 0. 0. 0. 0. 0. 0. 0. 0. 0. 0. 0. 0.
 0. 0. 0. 0. 0. 0. 0. 0. 0. 0. 0. 0.]
11.464459896087646,,1.2356858972147675,-6.705063913237436,0.0,-0.0,0.0,0.21814157598702782,-0.9759171342003868,[ 0.00330045 -0.00056978  0.00195311 -0.00056978  0.00193324 -0.00086266
  0.00195311 -0.00086266  0.00337572  0.          0.          0.
  0.          0.          0.          0.          0.          0.
  0.          0.          0.          0.          0.          0.
  0.          0.          0.          0.          0.          0.
  0.          0.          0.          0.          0.          0.        ],4.847142857142857,0.0,0.0,0.0,0.0,0.0,[0. 0. 0. 0. 0. 0. 0. 0. 0. 0. 0. 0. 0. 0. 0. 0. 0. 0. 0. 0. 0. 0. 0. 0.
 0. 0. 0. 0. 0. 0. 0. 0. 0. 0. 0. 0.]
11.497320175170898,,1.28224225775404,-6.7329215528635595,0.0,-0.0,0.0,0.17242987911158306,-0.9850217950835224,[ 0.00386708 -0.00084136  0.00245583 -0.00084136  0.00194355 -0.00083855
  0.00245583 -0.00083855  0.00393675  0.          0.          0.
  0.          0.          0.          0.          0.          0.
  0.          0.          0.          0.          0.          0.
  0.          0.          0.          0.          0.          0.
  0.          0.          0.          0.          0.          0.        ],4.892857142857143,0.0,0.0,0.0,0.0,0.0,[0. 0. 0. 0. 0. 0. 0. 0. 0. 0. 0. 0. 0. 0. 0. 0. 0. 0. 0. 0. 0. 0. 0. 0.
 0. 0. 0. 0. 0. 0. 0. 0. 0. 0. 0. 0.]
11.519117593765259,,1.413630383698668,-6.772520492055124,0.0,-0.0,0.0,0.11267579081204468,-0.9936318061358947,[ 0.00534318 -0.00069743  0.00370166 -0.00069743  0.00172613 -0.00059714
  0.00370166 -0.00059714  0.00470499  0.          0.          0.
  0.          0.          0.          0.          0.          0.
  0.          0.          0.          0.          0.          0.
  0.          0.          0.          0.          0.          0.
  0.          0.          0.          0.          0.          0.        ],4.897619047619048,0.0,0.0,0.0,0.0,0.0,[0. 0. 0. 0. 0. 0. 0. 0. 0. 0. 0. 0. 0. 0. 0. 0. 0. 0. 0. 0. 0. 0. 0. 0.
 0. 0. 0. 0. 0. 0. 0. 0. 0. 0. 0. 0.]
11.545207262039185,,1.4330122044609348,-6.774941736561699,0.0,-0.0,0.0,0.10820823344558828,-0.994128250385525,[ 0.00639436 -0.00098235  0.00432949 -0.00098235  0.00149275 -0.00083933
  0.00432949 -0.00083933  0.00503334  0.          0.          0.
  0.          0.          0.          0.          0.          0.
  0.          0.          0.          0.          0.          0.
  0.          0.          0.          0.          0.          0.
  0.          0.          0.          0.          0.          0.        ],4.9366666666666665,0.0,0.0,0.0,0.0,0.0,[0. 0. 0. 0. 0. 0. 0. 0. 0. 0. 0. 0. 0. 0. 0. 0. 0. 0. 0. 0. 0. 0. 0. 0.
 0. 0. 0. 0. 0. 0. 0. 0. 0. 0. 0. 0.]
11.562566995620728,,1.4549636158399175,-6.785676020974519,0.0,-0.0,0.0,0.06854921021467357,-0.9976477363172557,[ 0.00551685 -0.00057905  0.00355224 -0.00057905  0.0012905  -0.00047591
  0.00355224 -0.00047591  0.00461941  0.          0.          0.
  0.          0.          0.          0.          0.          0.
  0.          0.          0.          0.          0.          0.
  0.          0.          0.          0.          0.          0.
  0.          0.          0.          0.          0.          0.        ],4.92547619047619,0.0,0.0,0.0,0.0,0.0,[0. 0. 0. 0. 0. 0. 0. 0. 0. 0. 0. 0. 0. 0. 0. 0. 0. 0. 0. 0. 0. 0. 0. 0.
 0. 0. 0. 0. 0. 0. 0. 0. 0. 0. 0. 0.]
11.580816745758057,,1.4791748158903042,-6.789641275104926,0.0,-0.0,0.0,0.05260724452639437,-0.99861528018719,[ 0.00367552 -0.00037018  0.00177491 -0.00037018  0.00119773 -0.00037041
  0.00177491 -0.00037041  0.00224843  0.          0.          0.
  0.          0.          0.          0.          0.          0.
  0.          0.          0.          0.          0.          0.
  0.          0.          0.          0.          0.          0.
  0.          0.          0.          0.          0.          0.        ],4.876666666666667,0.0,0.0,0.0,0.0,0.0,[0. 0. 0. 0. 0. 0. 0. 0. 0. 0. 0. 0. 0. 0. 0. 0. 0. 0. 0. 0. 0. 0. 0. 0.
 0. 0. 0. 0. 0. 0. 0. 0. 0. 0. 0. 0.]
11.60046648979187,,1.5116257367220607,-6.797682394378691,0.0,-0.0,0.0,0.012520073727161489,-0.9999216208052841,[ 0.0038992  -0.00032146  0.00173734 -0.00032146  0.00122706 -0.00036138
  0.00173734 -0.00036138  0.00226814  0.          0.          0.
  0.          0.          0.          0.          0.          0.
  0.          0.          0.          0.          0.          0.
  0.          0.          0.          0.          0.          0.
  0.          0.          0.          0.          0.          0.        ],4.8152380952380955,0.0,0.0,0.0,0.0,0.0,[0. 0. 0. 0. 0. 0. 0. 0. 0. 0. 0. 0. 0. 0. 0. 0. 0. 0. 0. 0. 0. 0. 0. 0.
 0. 0. 0. 0. 0. 0. 0. 0. 0. 0. 0. 0.]
11.616424322128296,,1.5679901884491612,-6.795124691257107,0.0,0.0,-0.0,-0.022711354654972343,-0.9997420639193572,[ 0.00395056 -0.00057138  0.00203729 -0.00057138  0.00150247 -0.00039505
  0.00203729 -0.00039505  0.00270148  0.          0.          0.
  0.          0.          0.          0.          0.          0.
  0.          0.          0.          0.          0.          0.
  0.          0.          0.          0.          0.          0.
  0.          0.          0.          0.          0.          0.        ],4.779285714285714,0.0,0.0,0.0,0.0,0.0,[0. 0. 0. 0. 0. 0. 0. 0. 0. 0. 0. 0. 0. 0. 0. 0. 0. 0. 0. 0. 0. 0. 0. 0.
 0. 0. 0. 0. 0. 0. 0. 0. 0. 0. 0. 0.]
11.640840530395508,,1.6224749393052147,-6.798525337093725,0.0,0.0,-0.0,-0.06684782842945614,-0.9977631822402879,[ 0.00466925 -0.00046584  0.00240105 -0.00046584  0.00147435 -0.00043068
  0.00240105 -0.00043068  0.00335154  0.          0.          0.
  0.          0.          0.          0.          0.          0.
  0.          0.          0.          0.          0.          0.
  0.          0.          0.          0.          0.          0.
  0.          0.          0.          0.          0.          0.        ],4.683333333333334,0.0,0.0,0.0,0.0,0.0,[0. 0. 0. 0. 0. 0. 0. 0. 0. 0. 0. 0. 0. 0. 0. 0. 0. 0. 0. 0. 0. 0. 0. 0.
 0. 0. 0. 0. 0. 0. 0. 0. 0. 0. 0. 0.]
11.658676624298096,,1.6605888313519597,-6.794823246907411,0.0,0.0,-0.0,-0.07717707864010427,-0.9970174013188432,[ 0.00574428 -0.0005686   0.00323062 -0.0005686   0.00161845 -0.00055732
  0.00323062 -0.00055732  0.00477168  0.          0.          0.
  0.          0.          0.          0.          0.          0.
  0.          0.          0.          0.          0.          0.
  0.          0.          0.          0.          0.          0.
  0.          0.          0.          0.          0.          0.        ],4.534047619047619,0.0,0.0,0.0,0.0,0.0,[0. 0. 0. 0. 0. 0. 0. 0. 0. 0. 0. 0. 0. 0. 0. 0. 0. 0. 0. 0. 0. 0. 0. 0.
 0. 0. 0. 0. 0. 0. 0. 0. 0. 0. 0. 0.]
11.68066668510437,,1.6950894164670889,-6.786018768042427,0.0,0.0,-0.0,-0.10954592976620414,-0.9939817348782913,[ 0.00504293 -0.00061581  0.00242232 -0.00061581  0.00153599 -0.00047224
  0.00242232 -0.00047224  0.00276628  0.          0.          0.
  0.          0.          0.          0.          0.          0.
  0.          0.          0.          0.          0.          0.
  0.          0.          0.          0.          0.          0.
  0.          0.          0.          0.          0.          0.        ],4.362380952380953,0.0,0.0,0.0,0.0,0.0,[0. 0. 0. 0. 0. 0. 0. 0. 0. 0. 0. 0. 0. 0. 0. 0. 0. 0. 0. 0. 0. 0. 0. 0.
 0. 0. 0. 0. 0. 0. 0. 0. 0. 0. 0. 0.]
11.702621936798096,,1.7781965522056526,-6.776335224794704,0.0,0.0,-0.0,-0.1449901606248925,-0.9894330969408532,[ 0.00484115 -0.00042887  0.00203464 -0.00042887  0.00137821 -0.00034262
  0.00203464 -0.00034262  0.00249923  0.          0.          0.
  0.          0.          0.          0.          0.          0.
  0.          0.          0.          0.          0.          0.
  0.          0.          0.          0.          0.          0.
  0.          0.          0.          0.          0.          0.        ],4.220238095238095,0.0,0.0,0.0,0.0,0.0,[0. 0. 0. 0. 0. 0. 0. 0. 0. 0. 0. 0. 0. 0. 0. 0. 0. 0. 0. 0. 0. 0. 0. 0.
 0. 0. 0. 0. 0. 0. 0. 0. 0. 0. 0. 0.]
11.722118377685547,,1.8493668500647595,-6.772476210258626,0.0,0.0,-0.0,-0.18587381460020128,-0.9825736232191306,[ 0.00529209 -0.00042877  0.00218569 -0.00042877  0.00152296 -0.00045229
  0.00218569 -0.00045229  0.00320099  0.          0.          0.
  0.          0.          0.          0.          0.          0.
  0.          0.          0.          0.          0.          0.
  0.          0.          0.          0.          0.          0.
  0.          0.          0.          0.          0.          0.        ],4.128571428571429,0.0,0.0,0.0,0.0,0.0,[0. 0. 0. 0. 0. 0. 0. 0. 0. 0. 0. 0. 0. 0. 0. 0. 0. 0. 0. 0. 0. 0. 0. 0.
 0. 0. 0. 0. 0. 0. 0. 0. 0. 0. 0. 0.]
11.747790336608887,,1.8893515331814619,-6.768112709958988,0.0,0.0,-0.0,-0.19900359331671913,-0.9799987601252533,[ 0.00487546 -0.00061818  0.00201738 -0.00061818  0.00154684 -0.00050817
  0.00201738 -0.00050817  0.00285628  0.          0.          0.
  0.          0.          0.          0.          0.          0.
  0.          0.          0.          0.          0.          0.
  0.          0.          0.          0.          0.          0.
  0.          0.          0.          0.          0.          0.        ],4.015952380952381,0.0,0.0,0.0,0.0,0.0,[0. 0. 0. 0. 0. 0. 0. 0. 0. 0. 0. 0. 0. 0. 0. 0. 0. 0. 0. 0. 0. 0. 0. 0.
 0. 0. 0. 0. 0. 0. 0. 0. 0. 0. 0. 0.]
11.763059616088867,,1.9081794372092598,-6.763875873826777,0.0,0.0,-0.0,-0.2038245647195574,-0.9790074293982058,[ 0.00502684 -0.00078347  0.00213032 -0.00078347  0.00133343 -0.00056704
  0.00213032 -0.00056704  0.00307187  0.          0.          0.
  0.          0.          0.          0.          0.          0.
  0.          0.          0.          0.          0.          0.
  0.          0.          0.          0.          0.          0.
  0.          0.          0.          0.          0.          0.        ],3.9076190476190478,0.0,0.0,0.0,0.0,0.0,[0. 0. 0. 0. 0. 0. 0. 0. 0. 0. 0. 0. 0. 0. 0. 0. 0. 0. 0. 0. 0. 0. 0. 0.
 0. 0. 0. 0. 0. 0. 0. 0. 0. 0. 0. 0.]
11.782633066177368,,1.9559878653808322,-6.756499587388523,0.0,0.0,-0.0,-0.21939142299695866,-0.9756369219721902,[ 0.00475523 -0.00056187  0.00219329 -0.00056187  0.00137296 -0.00045863
  0.00219329 -0.00045863  0.00373633  0.          0.          0.
  0.          0.          0.          0.          0.          0.
  0.          0.          0.          0.          0.          0.
  0.          0.          0.          0.          0.          0.
  0.          0.          0.          0.          0.          0.        ],3.828809523809524,0.0,0.0,0.0,0.0,0.0,[0. 0. 0. 0. 0. 0. 0. 0. 0. 0. 0. 0. 0. 0. 0. 0. 0. 0. 0. 0. 0. 0. 0. 0.
 0. 0. 0. 0. 0. 0. 0. 0. 0. 0. 0. 0.]
11.811014413833618,,2.001689964728988,-6.74433190988434,0.0,0.0,-0.0,-0.22954574017938945,-0.9732978748386828,[ 6.62753281e-03 -3.05684391e-05  3.83491420e-03 -3.05684391e-05
  1.29071940e-03 -1.50987023e-04  3.83491420e-03 -1.50987023e-04
  5.70136169e-03  0.00000000e+00  0.00000000e+00  0.00000000e+00
  0.00000000e+00  0.00000000e+00  0.00000000e+00  0.00000000e+00
  0.00000000e+00  0.00000000e+00  0.00000000e+00  0.00000000e+00
  0.00000000e+00  0.00000000e+00  0.00000000e+00  0.00000000e+00
  0.00000000e+00  0.00000000e+00  0.00000000e+00  0.00000000e+00
  0.00000000e+00  0.00000000e+00  0.00000000e+00  0.00000000e+00
  0.00000000e+00  0.00000000e+00  0.00000000e+00  0.00000000e+00],3.6983333333333333,0.0,0.0,0.0,0.0,0.0,[0. 0. 0. 0. 0. 0. 0. 0. 0. 0. 0. 0. 0. 0. 0. 0. 0. 0. 0. 0. 0. 0. 0. 0.
 0. 0. 0. 0. 0. 0. 0. 0. 0. 0. 0. 0.]
11.8281831741333,,2.026011609264811,-6.733797434492002,0.0,0.0,-0.0,-0.24436967917007324,-0.9696821437472773,[ 5.39332277e-03 -4.34683283e-06  2.17201164e-03 -4.34683283e-06
  1.22439650e-03 -1.37490330e-04  2.17201164e-03 -1.37490330e-04
  3.37914304e-03  0.00000000e+00  0.00000000e+00  0.00000000e+00
  0.00000000e+00  0.00000000e+00  0.00000000e+00  0.00000000e+00
  0.00000000e+00  0.00000000e+00  0.00000000e+00  0.00000000e+00
  0.00000000e+00  0.00000000e+00  0.00000000e+00  0.00000000e+00
  0.00000000e+00  0.00000000e+00  0.00000000e+00  0.00000000e+00
  0.00000000e+00  0.00000000e+00  0.00000000e+00  0.00000000e+00
  0.00000000e+00  0.00000000e+00  0.00000000e+00  0.00000000e+00],3.61,0.0,0.0,0.0,0.0,0.0,[0. 0. 0. 0. 0. 0. 0. 0. 0. 0. 0. 0. 0. 0. 0. 0. 0. 0. 0. 0. 0. 0. 0. 0.
 0. 0. 0. 0. 0. 0. 0. 0. 0. 0. 0. 0.]
11.85535192489624,,2.063706127960044,-6.717791329624772,0.0,0.0,-0.0,-0.25727649533839075,-0.9663378316853765,[ 0.00550212 -0.00020337  0.00202812 -0.00020337  0.00111654 -0.00015523
  0.00202812 -0.00015523  0.00331616  0.          0.          0.
  0.          0.          0.          0.          0.          0.
  0.          0.          0.          0.          0.          0.
  0.          0.          0.          0.          0.          0.
  0.          0.          0.          0.          0.          0.        ],3.5228571428571427,0.0,0.0,0.0,0.0,0.0,[0. 0. 0. 0. 0. 0. 0. 0. 0. 0. 0. 0. 0. 0. 0. 0. 0. 0. 0. 0. 0. 0. 0. 0.
 0. 0. 0. 0. 0. 0. 0. 0. 0. 0. 0. 0.]
11.874731302261353,,2.15535788927974,-6.668822103543115,0.0,0.0,-0.0,-0.2667628168654198,-0.9637622110967137,[ 0.00516534 -0.00034333  0.00157218 -0.00034333  0.00111867 -0.00011778
  0.00157218 -0.00011778  0.00239155  0.          0.          0.
  0.          0.          0.          0.          0.          0.
  0.          0.          0.          0.          0.          0.
  0.          0.          0.          0.          0.          0.
  0.          0.          0.          0.          0.          0.        ],3.3666666666666667,0.0,0.0,0.0,0.0,0.0,[0. 0. 0. 0. 0. 0. 0. 0. 0. 0. 0. 0. 0. 0. 0. 0. 0. 0. 0. 0. 0. 0. 0. 0.
 0. 0. 0. 0. 0. 0. 0. 0. 0. 0. 0. 0.]
11.902100563049316,,2.199497659635976,-6.652138345350762,0.0,0.0,-0.0,-0.28197366477940194,-0.9594221450283882,[ 5.27047830e-03 -2.48840494e-04  1.55315354e-03 -2.48840494e-04
  1.11339062e-03 -1.54249084e-05  1.55315354e-03 -1.54249084e-05
  2.69993050e-03  0.00000000e+00  0.00000000e+00  0.00000000e+00
  0.00000000e+00  0.00000000e+00  0.00000000e+00  0.00000000e+00
  0.00000000e+00  0.00000000e+00  0.00000000e+00  0.00000000e+00
  0.00000000e+00  0.00000000e+00  0.00000000e+00  0.00000000e+00
  0.00000000e+00  0.00000000e+00  0.00000000e+00  0.00000000e+00
  0.00000000e+00  0.00000000e+00  0.00000000e+00  0.00000000e+00
  0.00000000e+00  0.00000000e+00  0.00000000e+00  0.00000000e+00],3.2573809523809523,0.0,0.0,0.0,0.0,0.0,[0. 0. 0. 0. 0. 0. 0. 0. 0. 0. 0. 0. 0. 0. 0. 0. 0. 0. 0. 0. 0. 0. 0. 0.
 0. 0. 0. 0. 0. 0. 0. 0. 0. 0. 0. 0.]
11.928048372268677,,2.2586963587018065,-6.627693959788247,0.0,0.0,-0.0,-0.30287384100793435,-0.953030658705742,[ 0.0046597  -0.00025355  0.00143734 -0.00025355  0.00107059 -0.00011783
  0.00143734 -0.00011783  0.0023987   0.          0.          0.
  0.          0.          0.          0.          0.          0.
  0.          0.          0.          0.          0.          0.
  0.          0.          0.          0.          0.          0.
  0.          0.          0.          0.          0.          0.        ],3.172142857142857,0.0,0.0,0.0,0.0,0.0,[0. 0. 0. 0. 0. 0. 0. 0. 0. 0. 0. 0. 0. 0. 0. 0. 0. 0. 0. 0. 0. 0. 0. 0.
 0. 0. 0. 0. 0. 0. 0. 0. 0. 0. 0. 0.]
11.942877769470215,,2.2983448598631058,-6.61333863550453,0.0,0.0,-0.0,-0.3153541018857658,-0.9489740725772343,[ 4.80686738e-03 -3.19600496e-04  1.36059024e-03 -3.19600496e-04
  1.21342930e-03 -8.89950759e-05  1.36059024e-03 -8.89950759e-05
  2.37216134e-03  0.00000000e+00  0.00000000e+00  0.00000000e+00
  0.00000000e+00  0.00000000e+00  0.00000000e+00  0.00000000e+00
  0.00000000e+00  0.00000000e+00  0.00000000e+00  0.00000000e+00
  0.00000000e+00  0.00000000e+00  0.00000000e+00  0.00000000e+00
  0.00000000e+00  0.00000000e+00  0.00000000e+00  0.00000000e+00
  0.00000000e+00  0.00000000e+00  0.00000000e+00  0.00000000e+00
  0.00000000e+00  0.00000000e+00  0.00000000e+00  0.00000000e+00],3.0935714285714284,0.0,0.0,0.0,0.0,0.0,[0. 0. 0. 0. 0. 0. 0. 0. 0. 0. 0. 0. 0. 0. 0. 0. 0. 0. 0. 0. 0. 0. 0. 0.
 0. 0. 0. 0. 0. 0. 0. 0. 0. 0. 0. 0.]
11.96533203125,,2.336663252472646,-6.5958637154855,0.0,0.0,-0.0,-0.319000513974434,-0.9477545421067878,[ 0.00491472 -0.00035239  0.00134406 -0.00035239  0.00123104 -0.00016125
  0.00134406 -0.00016125  0.00250135  0.          0.          0.
  0.          0.          0.          0.          0.          0.
  0.          0.          0.          0.          0.          0.
  0.          0.          0.          0.          0.          0.
  0.          0.          0.          0.          0.          0.        ],2.9976190476190476,0.0,0.0,0.0,0.0,0.0,[0. 0. 0. 0. 0. 0. 0. 0. 0. 0. 0. 0. 0. 0. 0. 0. 0. 0. 0. 0. 0. 0. 0. 0.
 0. 0. 0. 0. 0. 0. 0. 0. 0. 0. 0. 0.]
11.981992959976196,,2.373133515391549,-6.588741081390029,0.0,0.0,-0.0,-0.33061785612187805,-0.9437647128460426,[ 0.00510048 -0.00021629  0.00131813 -0.00021629  0.00124271 -0.00014621
  0.00131813 -0.00014621  0.00269843  0.          0.          0.
  0.          0.          0.          0.          0.          0.
  0.          0.          0.          0.          0.          0.
  0.          0.          0.          0.          0.          0.
  0.          0.          0.          0.          0.          0.        ],2.9195238095238096,0.0,0.0,0.0,0.0,0.0,[0. 0. 0. 0. 0. 0. 0. 0. 0. 0. 0. 0. 0. 0. 0. 0. 0. 0. 0. 0. 0. 0. 0. 0.
 0. 0. 0. 0. 0. 0. 0. 0. 0. 0. 0. 0.]
12.004954814910889,,2.4180050781067264,-6.56625518659733,0.0,0.0,-0.0,-0.319357168211994,-0.9476344227135357,[ 4.70479447e-03 -6.83200501e-05  1.10833180e-03 -6.83200501e-05
  1.23486832e-03  9.20374257e-05  1.10833180e-03  9.20374257e-05
  2.38669772e-03  0.00000000e+00  0.00000000e+00  0.00000000e+00
  0.00000000e+00  0.00000000e+00  0.00000000e+00  0.00000000e+00
  0.00000000e+00  0.00000000e+00  0.00000000e+00  0.00000000e+00
  0.00000000e+00  0.00000000e+00  0.00000000e+00  0.00000000e+00
  0.00000000e+00  0.00000000e+00  0.00000000e+00  0.00000000e+00
  0.00000000e+00  0.00000000e+00  0.00000000e+00  0.00000000e+00
  0.00000000e+00  0.00000000e+00  0.00000000e+00  0.00000000e+00],2.8345238095238097,0.0,0.0,0.0,0.0,0.0,[0. 0. 0. 0. 0. 0. 0. 0. 0. 0. 0. 0. 0. 0. 0. 0. 0. 0. 0. 0. 0. 0. 0. 0.
 0. 0. 0. 0. 0. 0. 0. 0. 0. 0. 0. 0.]
12.022277593612671,,2.4720868117846573,-6.535547662619778,0.0,0.0,-0.0,-0.30697552906087,-0.9517174079304208,[ 4.70730329e-03 -4.72139312e-05  5.84707520e-04 -4.72139312e-05
  1.18533934e-03  2.93457686e-05  5.84707520e-04  2.93457686e-05
  2.31047555e-03  0.00000000e+00  0.00000000e+00  0.00000000e+00
  0.00000000e+00  0.00000000e+00  0.00000000e+00  0.00000000e+00
  0.00000000e+00  0.00000000e+00  0.00000000e+00  0.00000000e+00
  0.00000000e+00  0.00000000e+00  0.00000000e+00  0.00000000e+00
  0.00000000e+00  0.00000000e+00  0.00000000e+00  0.00000000e+00
  0.00000000e+00  0.00000000e+00  0.00000000e+00  0.00000000e+00
  0.00000000e+00  0.00000000e+00  0.00000000e+00  0.00000000e+00],2.7342857142857144,0.0,0.0,0.0,0.0,0.0,[0. 0. 0. 0. 0. 0. 0. 0. 0. 0. 0. 0. 0. 0. 0. 0. 0. 0. 0. 0. 0. 0. 0. 0.
 0. 0. 0. 0. 0. 0. 0. 0. 0. 0. 0. 0.]
12.039223194122314,,2.508283435878018,-6.514404356774535,0.0,0.0,-0.0,-0.309143464176018,-0.9510154144687935,[ 0.00469939 -0.00019173  0.00074621 -0.00019173  0.0011181  -0.00010134
  0.00074621 -0.00010134  0.00219705  0.          0.          0.
  0.          0.          0.          0.          0.          0.
  0.          0.          0.          0.          0.          0.
  0.          0.          0.          0.          0.          0.
  0.          0.          0.          0.          0.          0.        ],2.6271428571428572,0.0,0.0,0.0,0.0,0.0,[0. 0. 0. 0. 0. 0. 0. 0. 0. 0. 0. 0. 0. 0. 0. 0. 0. 0. 0. 0. 0. 0. 0. 0.
 0. 0. 0. 0. 0. 0. 0. 0. 0. 0. 0. 0.]
12.055980920791626,,2.531884112093133,-6.506584489787891,0.0,0.0,-0.0,-0.3103286982439475,-0.9506293173715068,[ 5.14136598e-03 -2.28607194e-04  7.65649873e-04 -2.28607194e-04
  1.10846488e-03 -8.94047289e-05  7.65649873e-04 -8.94047289e-05
  2.11193676e-03  0.00000000e+00  0.00000000e+00  0.00000000e+00
  0.00000000e+00  0.00000000e+00  0.00000000e+00  0.00000000e+00
  0.00000000e+00  0.00000000e+00  0.00000000e+00  0.00000000e+00
  0.00000000e+00  0.00000000e+00  0.00000000e+00  0.00000000e+00
  0.00000000e+00  0.00000000e+00  0.00000000e+00  0.00000000e+00
  0.00000000e+00  0.00000000e+00  0.00000000e+00  0.00000000e+00
  0.00000000e+00  0.00000000e+00  0.00000000e+00  0.00000000e+00],2.5752380952380953,0.0,0.0,0.0,0.0,0.0,[0. 0. 0. 0. 0. 0. 0. 0. 0. 0. 0. 0. 0. 0. 0. 0. 0. 0. 0. 0. 0. 0. 0. 0.
 0. 0. 0. 0. 0. 0. 0. 0. 0. 0. 0. 0.]
12.07330584526062,,2.568275625158057,-6.478541511887155,0.0,0.0,-0.0,-0.2956603821779464,-0.9552931164885418,[ 5.32439063e-03 -1.22927033e-04  7.60860405e-04 -1.22927033e-04
  1.13803816e-03  2.09071660e-06  7.60860405e-04  2.09071660e-06
  2.15658494e-03  0.00000000e+00  0.00000000e+00  0.00000000e+00
  0.00000000e+00  0.00000000e+00  0.00000000e+00  0.00000000e+00
  0.00000000e+00  0.00000000e+00  0.00000000e+00  0.00000000e+00
  0.00000000e+00  0.00000000e+00  0.00000000e+00  0.00000000e+00
  0.00000000e+00  0.00000000e+00  0.00000000e+00  0.00000000e+00
  0.00000000e+00  0.00000000e+00  0.00000000e+00  0.00000000e+00
  0.00000000e+00  0.00000000e+00  0.00000000e+00  0.00000000e+00],2.5304761904761905,0.0,0.0,0.0,0.0,0.0,[0. 0. 0. 0. 0. 0. 0. 0. 0. 0. 0. 0. 0. 0. 0. 0. 0. 0. 0. 0. 0. 0. 0. 0.
 0. 0. 0. 0. 0. 0. 0. 0. 0. 0. 0. 0.]
12.105339765548706,,2.6058917339247705,-6.457451404801045,0.0,0.0,-0.0,-0.29926315602352593,-0.9541706154807109,[ 5.37886714e-03 -2.15727045e-04  5.98110643e-04 -2.15727045e-04
  1.07793854e-03 -4.00418151e-06  5.98110643e-04 -4.00418151e-06
  2.03505713e-03  0.00000000e+00  0.00000000e+00  0.00000000e+00
  0.00000000e+00  0.00000000e+00  0.00000000e+00  0.00000000e+00
  0.00000000e+00  0.00000000e+00  0.00000000e+00  0.00000000e+00
  0.00000000e+00  0.00000000e+00  0.00000000e+00  0.00000000e+00
  0.00000000e+00  0.00000000e+00  0.00000000e+00  0.00000000e+00
  0.00000000e+00  0.00000000e+00  0.00000000e+00  0.00000000e+00
  0.00000000e+00  0.00000000e+00  0.00000000e+00  0.00000000e+00],2.4509523809523808,0.0,0.0,0.0,0.0,0.0,[0. 0. 0. 0. 0. 0. 0. 0. 0. 0. 0. 0. 0. 0. 0. 0. 0. 0. 0. 0. 0. 0. 0. 0.
 0. 0. 0. 0. 0. 0. 0. 0. 0. 0. 0. 0.]
12.127121448516846,,2.6453939232063237,-6.436158149385638,0.0,0.0,-0.0,-0.30236721234573716,-0.953191517428826,[ 5.17530098e-03 -3.15382764e-04  4.26093536e-04 -3.15382764e-04
  1.07074450e-03 -1.79399233e-05  4.26093536e-04 -1.79399233e-05
  2.06793701e-03  0.00000000e+00  0.00000000e+00  0.00000000e+00
  0.00000000e+00  0.00000000e+00  0.00000000e+00  0.00000000e+00
  0.00000000e+00  0.00000000e+00  0.00000000e+00  0.00000000e+00
  0.00000000e+00  0.00000000e+00  0.00000000e+00  0.00000000e+00
  0.00000000e+00  0.00000000e+00  0.00000000e+00  0.00000000e+00
  0.00000000e+00  0.00000000e+00  0.00000000e+00  0.00000000e+00
  0.00000000e+00  0.00000000e+00  0.00000000e+00  0.00000000e+00],2.3576190476190475,0.0,0.0,0.0,0.0,0.0,[0. 0. 0. 0. 0. 0. 0. 0. 0. 0. 0. 0. 0. 0. 0. 0. 0. 0. 0. 0. 0. 0. 0. 0.
 0. 0. 0. 0. 0. 0. 0. 0. 0. 0. 0. 0.]
12.148931741714478,,2.6829548115057458,-6.409674519130684,0.0,0.0,-0.0,-0.28757398485237146,-0.9577584263456668,[ 5.47747212e-03 -3.39100904e-04  2.65229268e-04 -3.39100904e-04
  1.14632959e-03  1.93872371e-05  2.65229268e-04  1.93872371e-05
  1.91459482e-03  0.00000000e+00  0.00000000e+00  0.00000000e+00
  0.00000000e+00  0.00000000e+00  0.00000000e+00  0.00000000e+00
  0.00000000e+00  0.00000000e+00  0.00000000e+00  0.00000000e+00
  0.00000000e+00  0.00000000e+00  0.00000000e+00  0.00000000e+00
  0.00000000e+00  0.00000000e+00  0.00000000e+00  0.00000000e+00
  0.00000000e+00  0.00000000e+00  0.00000000e+00  0.00000000e+00
  0.00000000e+00  0.00000000e+00  0.00000000e+00  0.00000000e+00],2.2764285714285712,0.0,0.0,0.0,0.0,0.0,[0. 0. 0. 0. 0. 0. 0. 0. 0. 0. 0. 0. 0. 0. 0. 0. 0. 0. 0. 0. 0. 0. 0. 0.
 0. 0. 0. 0. 0. 0. 0. 0. 0. 0. 0. 0.]
12.166187763214111,,2.7217003010515692,-6.388474053423684,0.0,0.0,-0.0,-0.2903336822087255,-0.9569254688715955,[ 5.69339725e-03 -4.37452234e-04  3.79452149e-04 -4.37452234e-04
  1.04396126e-03  2.48372193e-05  3.79452149e-04  2.48372193e-05
  1.84175208e-03  0.00000000e+00  0.00000000e+00  0.00000000e+00
  0.00000000e+00  0.00000000e+00  0.00000000e+00  0.00000000e+00
  0.00000000e+00  0.00000000e+00  0.00000000e+00  0.00000000e+00
  0.00000000e+00  0.00000000e+00  0.00000000e+00  0.00000000e+00
  0.00000000e+00  0.00000000e+00  0.00000000e+00  0.00000000e+00
  0.00000000e+00  0.00000000e+00  0.00000000e+00  0.00000000e+00
  0.00000000e+00  0.00000000e+00  0.00000000e+00  0.00000000e+00],2.169047619047619,0.0,0.0,0.0,0.0,0.0,[0. 0. 0. 0. 0. 0. 0. 0. 0. 0. 0. 0. 0. 0. 0. 0. 0. 0. 0. 0. 0. 0. 0. 0.
 0. 0. 0. 0. 0. 0. 0. 0. 0. 0. 0. 0.]
12.182703018188477,,2.747130166615761,-6.377299339554321,0.0,0.0,-0.0,-0.2906266715083712,-0.956836526167331,[ 5.19272387e-03 -3.26013490e-04  1.90898271e-04 -3.26013490e-04
  1.08818022e-03  1.42883070e-05  1.90898271e-04  1.42883070e-05
  1.89705797e-03  0.00000000e+00  0.00000000e+00  0.00000000e+00
  0.00000000e+00  0.00000000e+00  0.00000000e+00  0.00000000e+00
  0.00000000e+00  0.00000000e+00  0.00000000e+00  0.00000000e+00
  0.00000000e+00  0.00000000e+00  0.00000000e+00  0.00000000e+00
  0.00000000e+00  0.00000000e+00  0.00000000e+00  0.00000000e+00
  0.00000000e+00  0.00000000e+00  0.00000000e+00  0.00000000e+00
  0.00000000e+00  0.00000000e+00  0.00000000e+00  0.00000000e+00],2.0438095238095237,0.0,0.0,0.0,0.0,0.0,[0. 0. 0. 0. 0. 0. 0. 0. 0. 0. 0. 0. 0. 0. 0. 0. 0. 0. 0. 0. 0. 0. 0. 0.
 0. 0. 0. 0. 0. 0. 0. 0. 0. 0. 0. 0.]
12.208136081695557,,2.7656309363971774,-6.369331896765261,0.0,0.0,-0.0,-0.2895301101089135,-0.9571689063798094,[ 5.78428077e-03 -3.18853720e-04  1.62237507e-04 -3.18853720e-04
  1.09159858e-03 -7.67324330e-05  1.62237507e-04 -7.67324330e-05
  2.05699278e-03  0.00000000e+00  0.00000000e+00  0.00000000e+00
  0.00000000e+00  0.00000000e+00  0.00000000e+00  0.00000000e+00
  0.00000000e+00  0.00000000e+00  0.00000000e+00  0.00000000e+00
  0.00000000e+00  0.00000000e+00  0.00000000e+00  0.00000000e+00
  0.00000000e+00  0.00000000e+00  0.00000000e+00  0.00000000e+00
  0.00000000e+00  0.00000000e+00  0.00000000e+00  0.00000000e+00
  0.00000000e+00  0.00000000e+00  0.00000000e+00  0.00000000e+00],1.9073809523809524,0.0,0.0,0.0,0.0,0.0,[0. 0. 0. 0. 0. 0. 0. 0. 0. 0. 0. 0. 0. 0. 0. 0. 0. 0. 0. 0. 0. 0. 0. 0.
 0. 0. 0. 0. 0. 0. 0. 0. 0. 0. 0. 0.]
12.230099439620972,,2.802001633205682,-6.346102274290684,0.0,0.0,-0.0,-0.27350449098310725,-0.9618707259357004,[ 0.0064663  -0.00032522 -0.00020711 -0.00032522  0.0012066  -0.00015427
 -0.00020711 -0.00015427  0.00227884  0.          0.          0.
  0.          0.          0.          0.          0.          0.
  0.          0.          0.          0.          0.          0.
  0.          0.          0.          0.          0.          0.
  0.          0.          0.          0.          0.          0.        ],1.7795238095238095,0.0,0.0,0.0,0.0,0.0,[0. 0. 0. 0. 0. 0. 0. 0. 0. 0. 0. 0. 0. 0. 0. 0. 0. 0. 0. 0. 0. 0. 0. 0.
 0. 0. 0. 0. 0. 0. 0. 0. 0. 0. 0. 0.]
12.25007963180542,,2.8562380707594746,-6.325088198099199,0.0,0.0,-0.0,-0.2635556678184576,-0.9646441882687973,[ 0.00654399 -0.00021903 -0.00037901 -0.00021903  0.00134142 -0.0004771
 -0.00037901 -0.0004771   0.00232126  0.          0.          0.
  0.          0.          0.          0.          0.          0.
  0.          0.          0.          0.          0.          0.
  0.          0.          0.          0.          0.          0.
  0.          0.          0.          0.          0.          0.        ],1.6638095238095238,0.0,0.0,0.0,0.0,0.0,[0. 0. 0. 0. 0. 0. 0. 0. 0. 0. 0. 0. 0. 0. 0. 0. 0. 0. 0. 0. 0. 0. 0. 0.
 0. 0. 0. 0. 0. 0. 0. 0. 0. 0. 0. 0.]
12.26895546913147,,2.915110223345262,-6.289502426063949,0.0,0.0,-0.0,-0.23446729896495752,-0.972124007375642,[ 0.00654772 -0.00010751 -0.00051903 -0.00010751  0.00127893 -0.00051334
 -0.00051903 -0.00051334  0.00157876  0.          0.          0.
  0.          0.          0.          0.          0.          0.
  0.          0.          0.          0.          0.          0.
  0.          0.          0.          0.          0.          0.
  0.          0.          0.          0.          0.          0.        ],1.5221428571428572,0.0,0.0,0.0,0.0,0.0,[0. 0. 0. 0. 0. 0. 0. 0. 0. 0. 0. 0. 0. 0. 0. 0. 0. 0. 0. 0. 0. 0. 0. 0.
 0. 0. 0. 0. 0. 0. 0. 0. 0. 0. 0. 0.]
12.287506818771362,,2.978266650860789,-6.258601601527191,0.0,0.0,-0.0,-0.20899158456795658,-0.9779174390406251,[ 5.38493335e-03 -2.90182169e-05 -4.90858421e-04 -2.90182169e-05
  1.34373240e-03 -5.51477042e-04 -4.90858421e-04 -5.51477042e-04
  2.22360886e-03  0.00000000e+00  0.00000000e+00  0.00000000e+00
  0.00000000e+00  0.00000000e+00  0.00000000e+00  0.00000000e+00
  0.00000000e+00  0.00000000e+00  0.00000000e+00  0.00000000e+00
  0.00000000e+00  0.00000000e+00  0.00000000e+00  0.00000000e+00
  0.00000000e+00  0.00000000e+00  0.00000000e+00  0.00000000e+00
  0.00000000e+00  0.00000000e+00  0.00000000e+00  0.00000000e+00
  0.00000000e+00  0.00000000e+00  0.00000000e+00  0.00000000e+00],1.400952380952381,0.0,0.0,0.0,0.0,0.0,[0. 0. 0. 0. 0. 0. 0. 0. 0. 0. 0. 0. 0. 0. 0. 0. 0. 0. 0. 0. 0. 0. 0. 0.
 0. 0. 0. 0. 0. 0. 0. 0. 0. 0. 0. 0.]
12.310500383377075,,3.0113956777126276,-6.243053683256752,0.0,0.0,-0.0,-0.2044107607594803,-0.9788852031192067,[ 0.0053812  -0.00035674 -0.00029791 -0.00035674  0.00136857 -0.00056948
 -0.00029791 -0.00056948  0.0020969   0.          0.          0.
  0.          0.          0.          0.          0.          0.
  0.          0.          0.          0.          0.          0.
  0.          0.          0.          0.          0.          0.
  0.          0.          0.          0.          0.          0.        ],1.25,0.0,0.0,0.0,0.0,0.0,[0. 0. 0. 0. 0. 0. 0. 0. 0. 0. 0. 0. 0. 0. 0. 0. 0. 0. 0. 0. 0. 0. 0. 0.
 0. 0. 0. 0. 0. 0. 0. 0. 0. 0. 0. 0.]
12.338293552398682,,3.052077417942943,-6.232621235982524,0.0,0.0,-0.0,-0.18394967145247046,-0.982935663394369,[ 0.00593062 -0.00032746 -0.00064082 -0.00032746  0.00134255 -0.00051345
 -0.00064082 -0.00051345  0.00156544  0.          0.          0.
  0.          0.          0.          0.          0.          0.
  0.          0.          0.          0.          0.          0.
  0.          0.          0.          0.          0.          0.
  0.          0.          0.          0.          0.          0.        ],1.1147619047619048,0.0,0.0,0.0,0.0,0.0,[0. 0. 0. 0. 0. 0. 0. 0. 0. 0. 0. 0. 0. 0. 0. 0. 0. 0. 0. 0. 0. 0. 0. 0.
 0. 0. 0. 0. 0. 0. 0. 0. 0. 0. 0. 0.]
12.362242460250854,,3.091915335602493,-6.215467553775013,0.0,0.0,-0.0,-0.14904375119464627,-0.9888306023934678,[ 0.00602483 -0.00038866 -0.00055004 -0.00038866  0.00141524 -0.00057142
 -0.00055004 -0.00057142  0.00185284  0.          0.          0.
  0.          0.          0.          0.          0.          0.
  0.          0.          0.          0.          0.          0.
  0.          0.          0.          0.          0.          0.
  0.          0.          0.          0.          0.          0.        ],0.9785714285714285,0.0,0.0,0.0,0.0,0.0,[0. 0. 0. 0. 0. 0. 0. 0. 0. 0. 0. 0. 0. 0. 0. 0. 0. 0. 0. 0. 0. 0. 0. 0.
 0. 0. 0. 0. 0. 0. 0. 0. 0. 0. 0. 0.]
12.383133172988892,,3.147373553842981,-6.196890888521577,0.0,0.0,-0.0,-0.11590811159871603,-0.9932599406326722,[ 0.00526531 -0.00047594 -0.00036698 -0.00047594  0.00146979 -0.00051469
 -0.00036698 -0.00051469  0.00160797  0.          0.          0.
  0.          0.          0.          0.          0.          0.
  0.          0.          0.          0.          0.          0.
  0.          0.          0.          0.          0.          0.
  0.          0.          0.          0.          0.          0.        ],0.7219047619047619,0.0,0.0,0.0,0.0,0.0,[0. 0. 0. 0. 0. 0. 0. 0. 0. 0. 0. 0. 0. 0. 0. 0. 0. 0. 0. 0. 0. 0. 0. 0.
 0. 0. 0. 0. 0. 0. 0. 0. 0. 0. 0. 0.]
12.405680894851685,,3.1654214249910533,-6.189608374084938,0.0,0.0,-0.0,-0.08161071647388998,-0.9966642819709244,[ 0.00517032 -0.00039106 -0.00054223 -0.00039106  0.00144775 -0.00054846
 -0.00054223 -0.00054846  0.0019994   0.          0.          0.
  0.          0.          0.          0.          0.          0.
  0.          0.          0.          0.          0.          0.
  0.          0.          0.          0.          0.          0.
  0.          0.          0.          0.          0.          0.        ],0.0,0.0,0.0,0.0,0.0,0.0,[0. 0. 0. 0. 0. 0. 0. 0. 0. 0. 0. 0. 0. 0. 0. 0. 0. 0. 0. 0. 0. 0. 0. 0.
 0. 0. 0. 0. 0. 0. 0. 0. 0. 0. 0. 0.]
12.433497905731201,,3.187103946721027,-6.1854733088105744,0.0,0.0,-0.0,-0.043762836679865004,-0.9990419481311741,[ 0.00552476 -0.00064413 -0.00056242 -0.00064413  0.00141969 -0.00050391
 -0.00056242 -0.00050391  0.00164798  0.          0.          0.
  0.          0.          0.          0.          0.          0.
  0.          0.          0.          0.          0.          0.
  0.          0.          0.          0.          0.          0.
  0.          0.          0.          0.          0.          0.        ],0.0,0.0,0.0,0.0,0.0,0.0,[0. 0. 0. 0. 0. 0. 0. 0. 0. 0. 0. 0. 0. 0. 0. 0. 0. 0. 0. 0. 0. 0. 0. 0.
 0. 0. 0. 0. 0. 0. 0. 0. 0. 0. 0. 0.]
12.457294940948486,,3.204065458398136,-6.183274225405506,0.0,0.0,-0.0,-0.012643631408601919,-0.9999200660976874,[ 0.00591519 -0.00067989 -0.00053043 -0.00067989  0.00130832 -0.00043206
 -0.00053043 -0.00043206  0.00185913  0.          0.          0.
  0.          0.          0.          0.          0.          0.
  0.          0.          0.          0.          0.          0.
  0.          0.          0.          0.          0.          0.
  0.          0.          0.          0.          0.          0.        ],0.0761904761904762,0.0,0.0,0.0,0.0,0.0,[0. 0. 0. 0. 0. 0. 0. 0. 0. 0. 0. 0. 0. 0. 0. 0. 0. 0. 0. 0. 0. 0. 0. 0.
 0. 0. 0. 0. 0. 0. 0. 0. 0. 0. 0. 0.]
12.472480058670044,,3.236847482301275,-6.180862159649842,0.0,-0.0,0.0,0.010190063951645569,-0.999948079950485,[ 0.00599727 -0.00075241 -0.00071128 -0.00075241  0.00124561 -0.00032505
 -0.00071128 -0.00032505  0.00161276  0.          0.          0.
  0.          0.          0.          0.          0.          0.
  0.          0.          0.          0.          0.          0.
  0.          0.          0.          0.          0.          0.
  0.          0.          0.          0.          0.          0.        ],0.15571428571428572,0.0,0.0,0.0,0.0,0.0,[0. 0. 0. 0. 0. 0. 0. 0. 0. 0. 0. 0. 0. 0. 0. 0. 0. 0. 0. 0. 0. 0. 0. 0.
 0. 0. 0. 0. 0. 0. 0. 0. 0. 0. 0. 0.]
12.491632461547852,,3.2595979237086303,-6.1860400546439624,0.0,-0.0,0.0,0.04002312185964222,-0.9991987538606162,[ 0.00622889 -0.00072117 -0.00049798 -0.00072117  0.0011928  -0.00015517
 -0.00049798 -0.00015517  0.00170328  0.          0.          0.
  0.          0.          0.          0.          0.          0.
  0.          0.          0.          0.          0.          0.
  0.          0.          0.          0.          0.          0.
  0.          0.          0.          0.          0.          0.        ],0.17833333333333334,0.0,0.0,0.0,0.0,0.0,[0. 0. 0. 0. 0. 0. 0. 0. 0. 0. 0. 0. 0. 0. 0. 0. 0. 0. 0. 0. 0. 0. 0. 0.
 0. 0. 0. 0. 0. 0. 0. 0. 0. 0. 0. 0.]
12.508431434631348,,3.27391027678909,-6.189018237874686,0.0,-0.0,0.0,0.04065487926077806,-0.9991732486372379,[ 0.00566411 -0.00061493 -0.00050383 -0.00061493  0.00122125 -0.00018839
 -0.00050383 -0.00018839  0.00181859  0.          0.          0.
  0.          0.          0.          0.          0.          0.
  0.          0.          0.          0.          0.          0.
  0.          0.          0.          0.          0.          0.
  0.          0.          0.          0.          0.          0.        ],0.0,0.0,0.0,0.0,0.0,0.0,[0. 0. 0. 0. 0. 0. 0. 0. 0. 0. 0. 0. 0. 0. 0. 0. 0. 0. 0. 0. 0. 0. 0. 0.
 0. 0. 0. 0. 0. 0. 0. 0. 0. 0. 0. 0.]
12.528494596481323,,3.2890695353010506,-6.191741388061022,0.0,-0.0,0.0,0.05059313652197774,-0.9987193472326791,[ 0.00574671 -0.00083332 -0.00049293 -0.00083332  0.00125435 -0.00024699
 -0.00049293 -0.00024699  0.0013827   0.          0.          0.
  0.          0.          0.          0.          0.          0.
  0.          0.          0.          0.          0.          0.
  0.          0.          0.          0.          0.          0.
  0.          0.          0.          0.          0.          0.        ],0.05523809523809524,0.0,0.0,0.0,0.0,0.0,[0. 0. 0. 0. 0. 0. 0. 0. 0. 0. 0. 0. 0. 0. 0. 0. 0. 0. 0. 0. 0. 0. 0. 0.
 0. 0. 0. 0. 0. 0. 0. 0. 0. 0. 0. 0.]
12.5542631149292,,3.3001808249604174,-6.196115310779279,0.0,-0.0,0.0,0.07360939181883505,-0.9972871489375872,[ 0.00628906 -0.00084137 -0.00063311 -0.00084137  0.00127338 -0.00019277
 -0.00063311 -0.00019277  0.00167822  0.          0.          0.
  0.          0.          0.          0.          0.          0.
  0.          0.          0.          0.          0.          0.
  0.          0.          0.          0.          0.          0.
  0.          0.          0.          0.          0.          0.        ],0.12404761904761905,0.0,0.0,0.0,0.0,0.0,[0. 0. 0. 0. 0. 0. 0. 0. 0. 0. 0. 0. 0. 0. 0. 0. 0. 0. 0. 0. 0. 0. 0. 0.
 0. 0. 0. 0. 0. 0. 0. 0. 0. 0. 0. 0.]
12.567965507507324,,3.3225562364714536,-6.197456856401623,0.0,-0.0,0.0,0.08364594823501724,-0.9964955370416191,[ 0.00695079 -0.0006853  -0.00080212 -0.0006853   0.00114874 -0.00020501
 -0.00080212 -0.00020501  0.0018413   0.          0.          0.
  0.          0.          0.          0.          0.          0.
  0.          0.          0.          0.          0.          0.
  0.          0.          0.          0.          0.          0.
  0.          0.          0.          0.          0.          0.        ],0.1711904761904762,0.0,0.0,0.0,0.0,0.0,[0. 0. 0. 0. 0. 0. 0. 0. 0. 0. 0. 0. 0. 0. 0. 0. 0. 0. 0. 0. 0. 0. 0. 0.
 0. 0. 0. 0. 0. 0. 0. 0. 0. 0. 0. 0.]
12.59420132637024,,3.34147748418358,-6.200026063563949,0.0,-0.0,0.0,0.08369955031049141,-0.9964910362255255,[ 0.00654854 -0.00067159 -0.00074843 -0.00067159  0.0013302  -0.00019627
 -0.00074843 -0.00019627  0.00175414  0.          0.          0.
  0.          0.          0.          0.          0.          0.
  0.          0.          0.          0.          0.          0.
  0.          0.          0.          0.          0.          0.
  0.          0.          0.          0.          0.          0.        ],0.21976190476190477,0.0,0.0,0.0,0.0,0.0,[0. 0. 0. 0. 0. 0. 0. 0. 0. 0. 0. 0. 0. 0. 0. 0. 0. 0. 0. 0. 0. 0. 0. 0.
 0. 0. 0. 0. 0. 0. 0. 0. 0. 0. 0. 0.]
12.6263587474823,,3.378731118534473,-6.203986656084366,0.0,-0.0,0.0,0.1008854515287954,-0.9948980478771838,[ 0.00850797 -0.0008251  -0.00111102 -0.0008251   0.00120012 -0.0002187
 -0.00111102 -0.0002187   0.00135919  0.          0.          0.
  0.          0.          0.          0.          0.          0.
  0.          0.          0.          0.          0.          0.
  0.          0.          0.          0.          0.          0.
  0.          0.          0.          0.          0.          0.        ],0.24095238095238095,0.0,0.0,0.0,0.0,0.0,[0. 0. 0. 0. 0. 0. 0. 0. 0. 0. 0. 0. 0. 0. 0. 0. 0. 0. 0. 0. 0. 0. 0. 0.
 0. 0. 0. 0. 0. 0. 0. 0. 0. 0. 0. 0.]
12.656856060028076,,3.4050041573561125,-6.20857451642359,0.0,-0.0,0.0,0.12292192591681787,-0.9924163441463972,[ 0.00865931 -0.00082823 -0.00138426 -0.00082823  0.00122146 -0.00016651
 -0.00138426 -0.00016651  0.00211208  0.          0.          0.
  0.          0.          0.          0.          0.          0.
  0.          0.          0.          0.          0.          0.
  0.          0.          0.          0.          0.          0.
  0.          0.          0.          0.          0.          0.        ],0.0,0.0,0.0,0.0,0.0,0.0,[0. 0. 0. 0. 0. 0. 0. 0. 0. 0. 0. 0. 0. 0. 0. 0. 0. 0. 0. 0. 0. 0. 0. 0.
 0. 0. 0. 0. 0. 0. 0. 0. 0. 0. 0. 0.]
12.675007343292236,,3.4335799424254216,-6.214604966893489,0.0,-0.0,0.0,0.13177670912816128,-0.9912794252537233,[ 0.00930273 -0.00079262 -0.00157272 -0.00079262  0.00121759 -0.00023844
 -0.00157272 -0.00023844  0.00188916  0.          0.          0.
  0.          0.          0.          0.          0.          0.
  0.          0.          0.          0.          0.          0.
  0.          0.          0.          0.          0.          0.
  0.          0.          0.          0.          0.          0.        ],0.05452380952380952,0.0,0.0,0.0,0.0,0.0,[0. 0. 0. 0. 0. 0. 0. 0. 0. 0. 0. 0. 0. 0. 0. 0. 0. 0. 0. 0. 0. 0. 0. 0.
 0. 0. 0. 0. 0. 0. 0. 0. 0. 0. 0. 0.]
12.694480895996094,,3.452651977007441,-6.217742998048372,0.0,-0.0,0.0,0.13326375831505022,-0.9910806075792967,[ 0.01033797 -0.00075319 -0.00191927 -0.00075319  0.00123256 -0.00023142
 -0.00191927 -0.00023142  0.00200939  0.          0.          0.
  0.          0.          0.          0.          0.          0.
  0.          0.          0.          0.          0.          0.
  0.          0.          0.          0.          0.          0.
  0.          0.          0.          0.          0.          0.        ],0.19095238095238096,0.0,0.0,0.0,0.0,0.0,[0. 0. 0. 0. 0. 0. 0. 0. 0. 0. 0. 0. 0. 0. 0. 0. 0. 0. 0. 0. 0. 0. 0. 0.
 0. 0. 0. 0. 0. 0. 0. 0. 0. 0. 0. 0.]
12.712950706481934,,3.4833223303186536,-6.228572408946213,0.0,-0.0,0.0,0.14499767322005955,-0.9894319960263913,[ 0.00981555 -0.00074065 -0.00165248 -0.00074065  0.00117216 -0.00019875
 -0.00165248 -0.00019875  0.00159572  0.          0.          0.
  0.          0.          0.          0.          0.          0.
  0.          0.          0.          0.          0.          0.
  0.          0.          0.          0.          0.          0.
  0.          0.          0.          0.          0.          0.        ],0.22357142857142856,0.0,0.0,0.0,0.0,0.0,[0. 0. 0. 0. 0. 0. 0. 0. 0. 0. 0. 0. 0. 0. 0. 0. 0. 0. 0. 0. 0. 0. 0. 0.
 0. 0. 0. 0. 0. 0. 0. 0. 0. 0. 0. 0.]
12.738701820373535,,3.503358863593621,-6.232210731113182,0.0,-0.0,0.0,0.1621137308183862,-0.9867720802090744,[ 0.01069458 -0.00063317 -0.00221534 -0.00063317  0.00127044 -0.00029098
 -0.00221534 -0.00029098  0.00279647  0.          0.          0.
  0.          0.          0.          0.          0.          0.
  0.          0.          0.          0.          0.          0.
  0.          0.          0.          0.          0.          0.
  0.          0.          0.          0.          0.          0.        ],0.26261904761904764,0.0,0.0,0.0,0.0,0.0,[0. 0. 0. 0. 0. 0. 0. 0. 0. 0. 0. 0. 0. 0. 0. 0. 0. 0. 0. 0. 0. 0. 0. 0.
 0. 0. 0. 0. 0. 0. 0. 0. 0. 0. 0. 0.]
12.75671100616455,,3.520626067648068,-6.235441246152181,0.0,-0.0,0.0,0.16807667984238853,-0.9857739242306824,[ 0.01107628 -0.0006889  -0.00227647 -0.0006889   0.0012254  -0.00027141
 -0.00227647 -0.00027141  0.00249463  0.          0.          0.
  0.          0.          0.          0.          0.          0.
  0.          0.          0.          0.          0.          0.
  0.          0.          0.          0.          0.          0.
  0.          0.          0.          0.          0.          0.        ],0.2723809523809524,0.0,0.0,0.0,0.0,0.0,[0. 0. 0. 0. 0. 0. 0. 0. 0. 0. 0. 0. 0. 0. 0. 0. 0. 0. 0. 0. 0. 0. 0. 0.
 0. 0. 0. 0. 0. 0. 0. 0. 0. 0. 0. 0.]
12.781704187393188,,3.5332766242824762,-6.241359158418428,0.0,-0.0,0.0,0.16903886866454687,-0.9856093855481542,[ 0.01259893 -0.00072301 -0.00253464 -0.00072301  0.00118726 -0.00019197
 -0.00253464 -0.00019197  0.00248261  0.          0.          0.
  0.          0.          0.          0.          0.          0.
  0.          0.          0.          0.          0.          0.
  0.          0.          0.          0.          0.          0.
  0.          0.          0.          0.          0.          0.        ],0.0,0.0,0.0,0.0,0.0,0.0,[0. 0. 0. 0. 0. 0. 0. 0. 0. 0. 0. 0. 0. 0. 0. 0. 0. 0. 0. 0. 0. 0. 0. 0.
 0. 0. 0. 0. 0. 0. 0. 0. 0. 0. 0. 0.]
12.805554389953613,,3.5301720421081355,-6.243191814364219,0.0,-0.0,0.0,0.16739858895394896,-0.9858893002848884,[ 0.01401407 -0.0009005  -0.00295938 -0.0009005   0.00126446 -0.00015217
 -0.00295938 -0.00015217  0.00272398  0.          0.          0.
  0.          0.          0.          0.          0.          0.
  0.          0.          0.          0.          0.          0.
  0.          0.          0.          0.          0.          0.
  0.          0.          0.          0.          0.          0.        ],0.0,0.0,0.0,0.0,0.0,0.0,[0. 0. 0. 0. 0. 0. 0. 0. 0. 0. 0. 0. 0. 0. 0. 0. 0. 0. 0. 0. 0. 0. 0. 0.
 0. 0. 0. 0. 0. 0. 0. 0. 0. 0. 0. 0.]
12.819782257080078,,3.540576378069934,-6.249125895253853,0.0,-0.0,0.0,0.16832371389197937,-0.985731772512995,[ 0.01390834 -0.00081144 -0.00295754 -0.00081144  0.00128342 -0.00017043
 -0.00295754 -0.00017043  0.00261886  0.          0.          0.
  0.          0.          0.          0.          0.          0.
  0.          0.          0.          0.          0.          0.
  0.          0.          0.          0.          0.          0.
  0.          0.          0.          0.          0.          0.        ],0.10833333333333334,0.0,0.0,0.0,0.0,0.0,[0. 0. 0. 0. 0. 0. 0. 0. 0. 0. 0. 0. 0. 0. 0. 0. 0. 0. 0. 0. 0. 0. 0. 0.
 0. 0. 0. 0. 0. 0. 0. 0. 0. 0. 0. 0.]
12.835230827331543,,3.5325072946715173,-6.255507555274133,0.0,-0.0,0.0,0.1670182764681102,-0.9859537997926788,[ 0.01550614 -0.00088137 -0.00343222 -0.00088137  0.00123885 -0.00012647
 -0.00343222 -0.00012647  0.0026683   0.          0.          0.
  0.          0.          0.          0.          0.          0.
  0.          0.          0.          0.          0.          0.
  0.          0.          0.          0.          0.          0.
  0.          0.          0.          0.          0.          0.        ],0.16,0.0,0.0,0.0,0.0,0.0,[0. 0. 0. 0. 0. 0. 0. 0. 0. 0. 0. 0. 0. 0. 0. 0. 0. 0. 0. 0. 0. 0. 0. 0.
 0. 0. 0. 0. 0. 0. 0. 0. 0. 0. 0. 0.]
12.858697414398193,,3.53252800506118,-6.258348976864836,0.0,-0.0,0.0,0.1657451315833428,-0.9861686221718984,[ 0.01583012 -0.0008874  -0.00296533 -0.0008874   0.00118172 -0.0001827
 -0.00296533 -0.0001827   0.00253871  0.          0.          0.
  0.          0.          0.          0.          0.          0.
  0.          0.          0.          0.          0.          0.
  0.          0.          0.          0.          0.          0.
  0.          0.          0.          0.          0.          0.        ],0.2007142857142857,0.0,0.0,0.0,0.0,0.0,[0. 0. 0. 0. 0. 0. 0. 0. 0. 0. 0. 0. 0. 0. 0. 0. 0. 0. 0. 0. 0. 0. 0. 0.
 0. 0. 0. 0. 0. 0. 0. 0. 0. 0. 0. 0.]
12.882286787033081,,3.5352255386253937,-6.262195162354838,0.0,-0.0,0.0,0.16615281220605854,-0.9861000167305638,[ 0.0153075  -0.00085001 -0.00290485 -0.00085001  0.00121518 -0.00014514
 -0.00290485 -0.00014514  0.00239547  0.          0.          0.
  0.          0.          0.          0.          0.          0.
  0.          0.          0.          0.          0.          0.
  0.          0.          0.          0.          0.          0.
  0.          0.          0.          0.          0.          0.        ],0.2154761904761905,0.0,0.0,0.0,0.0,0.0,[0. 0. 0. 0. 0. 0. 0. 0. 0. 0. 0. 0. 0. 0. 0. 0. 0. 0. 0. 0. 0. 0. 0. 0.
 0. 0. 0. 0. 0. 0. 0. 0. 0. 0. 0. 0.]
12.906799793243408,,3.541815920220073,-6.264365140872662,0.0,-0.0,0.0,0.16625592483457233,-0.9860826372355418,[ 0.01546342 -0.00082692 -0.0030787  -0.00082692  0.00108689 -0.00012246
 -0.0030787  -0.00012246  0.00236729  0.          0.          0.
  0.          0.          0.          0.          0.          0.
  0.          0.          0.          0.          0.          0.
  0.          0.          0.          0.          0.          0.
  0.          0.          0.          0.          0.          0.        ],0.19714285714285715,0.0,0.0,0.0,0.0,0.0,[0. 0. 0. 0. 0. 0. 0. 0. 0. 0. 0. 0. 0. 0. 0. 0. 0. 0. 0. 0. 0. 0. 0. 0.
 0. 0. 0. 0. 0. 0. 0. 0. 0. 0. 0. 0.]
12.924550294876099,,3.541728841164263,-6.266399717173335,0.0,-0.0,0.0,0.16715519786717098,-0.9859305958463744,[ 0.01443297 -0.00059708 -0.00292438 -0.00059708  0.00106837 -0.00020043
 -0.00292438 -0.00020043  0.00233424  0.          0.          0.
  0.          0.          0.          0.          0.          0.
  0.          0.          0.          0.          0.          0.
  0.          0.          0.          0.          0.          0.
  0.          0.          0.          0.          0.          0.        ],0.0,0.0,0.0,0.0,0.0,0.0,[0. 0. 0. 0. 0. 0. 0. 0. 0. 0. 0. 0. 0. 0. 0. 0. 0. 0. 0. 0. 0. 0. 0. 0.
 0. 0. 0. 0. 0. 0. 0. 0. 0. 0. 0. 0.]
12.949767589569092,,3.5484255376420006,-6.268562509356393,0.0,-0.0,0.0,0.16815806743703718,-0.9857600440045442,[ 0.01495545 -0.00048277 -0.00323131 -0.00048277  0.00111521 -0.00024371
 -0.00323131 -0.00024371  0.00256317  0.          0.          0.
  0.          0.          0.          0.          0.          0.
  0.          0.          0.          0.          0.          0.
  0.          0.          0.          0.          0.          0.
  0.          0.          0.          0.          0.          0.        ],0.0,0.0,0.0,0.0,0.0,0.0,[0. 0. 0. 0. 0. 0. 0. 0. 0. 0. 0. 0. 0. 0. 0. 0. 0. 0. 0. 0. 0. 0. 0. 0.
 0. 0. 0. 0. 0. 0. 0. 0. 0. 0. 0. 0.]
12.966628551483154,,3.5604445779740037,-6.269968956394943,0.0,-0.0,0.0,0.16973625653879032,-0.9854895246608144,[ 0.01543023 -0.00060432 -0.0033358  -0.00060432  0.00113042 -0.00019714
 -0.0033358  -0.00019714  0.00236758  0.          0.          0.
  0.          0.          0.          0.          0.          0.
  0.          0.          0.          0.          0.          0.
  0.          0.          0.          0.          0.          0.
  0.          0.          0.          0.          0.          0.        ],0.0,0.0,0.0,0.0,0.0,0.0,[0. 0. 0. 0. 0. 0. 0. 0. 0. 0. 0. 0. 0. 0. 0. 0. 0. 0. 0. 0. 0. 0. 0. 0.
 0. 0. 0. 0. 0. 0. 0. 0. 0. 0. 0. 0.]
12.980790138244629,,3.578889834006557,-6.272063653021896,0.0,-0.0,0.0,0.17097249590365984,-0.985275801816158,[ 0.01453564 -0.00043706 -0.00333003 -0.00043706  0.00116736 -0.00025063
 -0.00333003 -0.00025063  0.00248708  0.          0.          0.
  0.          0.          0.          0.          0.          0.
  0.          0.          0.          0.          0.          0.
  0.          0.          0.          0.          0.          0.
  0.          0.          0.          0.          0.          0.        ],0.22142857142857142,0.0,0.0,0.0,0.0,0.0,[0. 0. 0. 0. 0. 0. 0. 0. 0. 0. 0. 0. 0. 0. 0. 0. 0. 0. 0. 0. 0. 0. 0. 0.
 0. 0. 0. 0. 0. 0. 0. 0. 0. 0. 0. 0.]
13.003499746322632,,3.599012644025225,-6.273336012034426,0.0,-0.0,0.0,0.17379731516471889,-0.9847814444035465,[ 0.01376619 -0.00057294 -0.00277723 -0.00057294  0.00108016 -0.00024861
 -0.00277723 -0.00024861  0.0021549   0.          0.          0.
  0.          0.          0.          0.          0.          0.
  0.          0.          0.          0.          0.          0.
  0.          0.          0.          0.          0.          0.
  0.          0.          0.          0.          0.          0.        ],0.31333333333333335,0.0,0.0,0.0,0.0,0.0,[0. 0. 0. 0. 0. 0. 0. 0. 0. 0. 0. 0. 0. 0. 0. 0. 0. 0. 0. 0. 0. 0. 0. 0.
 0. 0. 0. 0. 0. 0. 0. 0. 0. 0. 0. 0.]
13.025951862335205,,3.617704004635212,-6.2757917678833195,0.0,-0.0,0.0,0.1771040986728634,-0.9841921246551776,[ 0.01064024 -0.00025229 -0.0020885  -0.00025229  0.0010323  -0.00027173
 -0.0020885  -0.00027173  0.00164525  0.          0.          0.
  0.          0.          0.          0.          0.          0.
  0.          0.          0.          0.          0.          0.
  0.          0.          0.          0.          0.          0.
  0.          0.          0.          0.          0.          0.        ],0.29285714285714287,0.0,0.0,0.0,0.0,0.0,[0. 0. 0. 0. 0. 0. 0. 0. 0. 0. 0. 0. 0. 0. 0. 0. 0. 0. 0. 0. 0. 0. 0. 0.
 0. 0. 0. 0. 0. 0. 0. 0. 0. 0. 0. 0.]
13.046211004257202,,3.631905833252474,-6.279159490153623,0.0,-0.0,0.0,0.17826193167722842,-0.9839830708476153,[ 0.00891473 -0.00017759 -0.00188123 -0.00017759  0.00100346 -0.00030989
 -0.00188123 -0.00030989  0.00165875  0.          0.          0.
  0.          0.          0.          0.          0.          0.
  0.          0.          0.          0.          0.          0.
  0.          0.          0.          0.          0.          0.
  0.          0.          0.          0.          0.          0.        ],0.2980952380952381,0.0,0.0,0.0,0.0,0.0,[0. 0. 0. 0. 0. 0. 0. 0. 0. 0. 0. 0. 0. 0. 0. 0. 0. 0. 0. 0. 0. 0. 0. 0.
 0. 0. 0. 0. 0. 0. 0. 0. 0. 0. 0. 0.]
13.067440032958984,,3.6289946014936927,-6.27902940508178,0.0,-0.0,0.0,0.17723027592020854,-0.9841694108725625,[ 9.09237380e-03 -2.05075116e-05 -1.82914735e-03 -2.05075116e-05
  1.00379627e-03 -3.25699231e-04 -1.82914735e-03 -3.25699231e-04
  1.72616097e-03  0.00000000e+00  0.00000000e+00  0.00000000e+00
  0.00000000e+00  0.00000000e+00  0.00000000e+00  0.00000000e+00
  0.00000000e+00  0.00000000e+00  0.00000000e+00  0.00000000e+00
  0.00000000e+00  0.00000000e+00  0.00000000e+00  0.00000000e+00
  0.00000000e+00  0.00000000e+00  0.00000000e+00  0.00000000e+00
  0.00000000e+00  0.00000000e+00  0.00000000e+00  0.00000000e+00
  0.00000000e+00  0.00000000e+00  0.00000000e+00  0.00000000e+00],0.30857142857142855,0.0,0.0,0.0,0.0,0.0,[0. 0. 0. 0. 0. 0. 0. 0. 0. 0. 0. 0. 0. 0. 0. 0. 0. 0. 0. 0. 0. 0. 0. 0.
 0. 0. 0. 0. 0. 0. 0. 0. 0. 0. 0. 0.]
13.094157695770264,,3.633886607199236,-6.278966416013566,0.0,-0.0,0.0,0.17868281005966244,-0.9839067300253529,[ 0.00815696 -0.00017138 -0.00154486 -0.00017138  0.00101848 -0.00031448
 -0.00154486 -0.00031448  0.00162212  0.          0.          0.
  0.          0.          0.          0.          0.          0.
  0.          0.          0.          0.          0.          0.
  0.          0.          0.          0.          0.          0.
  0.          0.          0.          0.          0.          0.        ],0.4895238095238095,0.0,0.0,0.0,0.0,0.0,[0. 0. 0. 0. 0. 0. 0. 0. 0. 0. 0. 0. 0. 0. 0. 0. 0. 0. 0. 0. 0. 0. 0. 0.
 0. 0. 0. 0. 0. 0. 0. 0. 0. 0. 0. 0.]
13.131561517715454,,3.637872094706691,-6.2845430459135185,0.0,-0.0,0.0,0.178248319967867,-0.9839855366968728,[ 0.00822573 -0.00033025 -0.00160299 -0.00033025  0.00110611 -0.00031713
 -0.00160299 -0.00031713  0.00171333  0.          0.          0.
  0.          0.          0.          0.          0.          0.
  0.          0.          0.          0.          0.          0.
  0.          0.          0.          0.          0.          0.
  0.          0.          0.          0.          0.          0.        ],0.47928571428571426,0.0,0.0,0.0,0.0,0.0,[0. 0. 0. 0. 0. 0. 0. 0. 0. 0. 0. 0. 0. 0. 0. 0. 0. 0. 0. 0. 0. 0. 0. 0.
 0. 0. 0. 0. 0. 0. 0. 0. 0. 0. 0. 0.]
13.146257400512695,,3.643642098918218,-6.289279734062982,0.0,-0.0,0.0,0.17881635153281142,-0.983882468806358,[ 0.00804343 -0.00021453 -0.0016186  -0.00021453  0.00094783 -0.00033062
 -0.0016186  -0.00033062  0.00161505  0.          0.          0.
  0.          0.          0.          0.          0.          0.
  0.          0.          0.          0.          0.          0.
  0.          0.          0.          0.          0.          0.
  0.          0.          0.          0.          0.          0.        ],0.508095238095238,0.0,0.0,0.0,0.0,0.0,[0. 0. 0. 0. 0. 0. 0. 0. 0. 0. 0. 0. 0. 0. 0. 0. 0. 0. 0. 0. 0. 0. 0. 0.
 0. 0. 0. 0. 0. 0. 0. 0. 0. 0. 0. 0.]
13.164354085922241,,3.6455786928401066,-6.290098637689329,0.0,-0.0,0.0,0.17833800596332042,-0.9839692859175162,[ 7.74627619e-03 -6.22964516e-05 -1.55327605e-03 -6.22964516e-05
  9.41186486e-04 -2.91921059e-04 -1.55327605e-03 -2.91921059e-04
  1.58254458e-03  0.00000000e+00  0.00000000e+00  0.00000000e+00
  0.00000000e+00  0.00000000e+00  0.00000000e+00  0.00000000e+00
  0.00000000e+00  0.00000000e+00  0.00000000e+00  0.00000000e+00
  0.00000000e+00  0.00000000e+00  0.00000000e+00  0.00000000e+00
  0.00000000e+00  0.00000000e+00  0.00000000e+00  0.00000000e+00
  0.00000000e+00  0.00000000e+00  0.00000000e+00  0.00000000e+00
  0.00000000e+00  0.00000000e+00  0.00000000e+00  0.00000000e+00],0.6045238095238096,0.0,0.0,0.0,0.0,0.0,[0. 0. 0. 0. 0. 0. 0. 0. 0. 0. 0. 0. 0. 0. 0. 0. 0. 0. 0. 0. 0. 0. 0. 0.
 0. 0. 0. 0. 0. 0. 0. 0. 0. 0. 0. 0.]
13.181294202804565,,3.647773601230531,-6.289244270734598,0.0,-0.0,0.0,0.17746788887950438,-0.9841265916621966,[ 0.00743858 -0.00013128 -0.00146374 -0.00013128  0.00101738 -0.00029952
 -0.00146374 -0.00029952  0.00160272  0.          0.          0.
  0.          0.          0.          0.          0.          0.
  0.          0.          0.          0.          0.          0.
  0.          0.          0.          0.          0.          0.
  0.          0.          0.          0.          0.          0.        ],0.6192857142857143,0.0,0.0,0.0,0.0,0.0,[0. 0. 0. 0. 0. 0. 0. 0. 0. 0. 0. 0. 0. 0. 0. 0. 0. 0. 0. 0. 0. 0. 0. 0.
 0. 0. 0. 0. 0. 0. 0. 0. 0. 0. 0. 0.]
13.199889183044434,,3.652427912595918,-6.292246076084442,0.0,-0.0,0.0,0.177539185361925,-0.9841137320762393,[ 7.31401522e-03  6.11406903e-05 -1.38324595e-03  6.11406903e-05
  1.02500431e-03 -4.33479736e-04 -1.38324595e-03 -4.33479736e-04
  1.63962842e-03  0.00000000e+00  0.00000000e+00  0.00000000e+00
  0.00000000e+00  0.00000000e+00  0.00000000e+00  0.00000000e+00
  0.00000000e+00  0.00000000e+00  0.00000000e+00  0.00000000e+00
  0.00000000e+00  0.00000000e+00  0.00000000e+00  0.00000000e+00
  0.00000000e+00  0.00000000e+00  0.00000000e+00  0.00000000e+00
  0.00000000e+00  0.00000000e+00  0.00000000e+00  0.00000000e+00
  0.00000000e+00  0.00000000e+00  0.00000000e+00  0.00000000e+00],0.5959523809523809,0.0,0.0,0.0,0.0,0.0,[0. 0. 0. 0. 0. 0. 0. 0. 0. 0. 0. 0. 0. 0. 0. 0. 0. 0. 0. 0. 0. 0. 0. 0.
 0. 0. 0. 0. 0. 0. 0. 0. 0. 0. 0. 0.]
13.219266891479492,,3.6592396278798396,-6.294486929578881,0.0,-0.0,0.0,0.1762790256716354,-0.9843402384888362,[ 7.53935538e-03  5.31247689e-05 -1.42186835e-03  5.31247689e-05
  9.68812223e-04 -3.71019475e-04 -1.42186835e-03 -3.71019475e-04
  1.61604029e-03  0.00000000e+00  0.00000000e+00  0.00000000e+00
  0.00000000e+00  0.00000000e+00  0.00000000e+00  0.00000000e+00
  0.00000000e+00  0.00000000e+00  0.00000000e+00  0.00000000e+00
  0.00000000e+00  0.00000000e+00  0.00000000e+00  0.00000000e+00
  0.00000000e+00  0.00000000e+00  0.00000000e+00  0.00000000e+00
  0.00000000e+00  0.00000000e+00  0.00000000e+00  0.00000000e+00
  0.00000000e+00  0.00000000e+00  0.00000000e+00  0.00000000e+00],0.5869047619047619,0.0,0.0,0.0,0.0,0.0,[0. 0. 0. 0. 0. 0. 0. 0. 0. 0. 0. 0. 0. 0. 0. 0. 0. 0. 0. 0. 0. 0. 0. 0.
 0. 0. 0. 0. 0. 0. 0. 0. 0. 0. 0. 0.]
13.24309778213501,,3.666098048830449,-6.296331711667483,0.0,-0.0,0.0,0.17665566048968906,-0.9842727150627267,[ 7.57818882e-03 -8.17648349e-05 -1.40701314e-03 -8.17648349e-05
  9.92651997e-04 -3.45352774e-04 -1.40701314e-03 -3.45352774e-04
  1.62097089e-03  0.00000000e+00  0.00000000e+00  0.00000000e+00
  0.00000000e+00  0.00000000e+00  0.00000000e+00  0.00000000e+00
  0.00000000e+00  0.00000000e+00  0.00000000e+00  0.00000000e+00
  0.00000000e+00  0.00000000e+00  0.00000000e+00  0.00000000e+00
  0.00000000e+00  0.00000000e+00  0.00000000e+00  0.00000000e+00
  0.00000000e+00  0.00000000e+00  0.00000000e+00  0.00000000e+00
  0.00000000e+00  0.00000000e+00  0.00000000e+00  0.00000000e+00],0.6026190476190476,0.0,0.0,0.0,0.0,0.0,[0. 0. 0. 0. 0. 0. 0. 0. 0. 0. 0. 0. 0. 0. 0. 0. 0. 0. 0. 0. 0. 0. 0. 0.
 0. 0. 0. 0. 0. 0. 0. 0. 0. 0. 0. 0.]
13.26327919960022,,3.6753172266154275,-6.295767979182814,0.0,-0.0,0.0,0.1744440606859936,-0.9846670857154622,[ 0.00720497 -0.00019447 -0.00143993 -0.00019447  0.00103687 -0.00027286
 -0.00143993 -0.00027286  0.00172774  0.          0.          0.
  0.          0.          0.          0.          0.          0.
  0.          0.          0.          0.          0.          0.
  0.          0.          0.          0.          0.          0.
  0.          0.          0.          0.          0.          0.        ],0.6176190476190476,0.0,0.0,0.0,0.0,0.0,[0. 0. 0. 0. 0. 0. 0. 0. 0. 0. 0. 0. 0. 0. 0. 0. 0. 0. 0. 0. 0. 0. 0. 0.
 0. 0. 0. 0. 0. 0. 0. 0. 0. 0. 0. 0.]
13.280092477798462,,3.68511726035883,-6.292258274470182,0.0,-0.0,0.0,0.1730450142754459,-0.9849139165604326,[ 0.00754999 -0.00019126 -0.00155208 -0.00019126  0.00107355 -0.00027653
 -0.00155208 -0.00027653  0.00181322  0.          0.          0.
  0.          0.          0.          0.          0.          0.
  0.          0.          0.          0.          0.          0.
  0.          0.          0.          0.          0.          0.
  0.          0.          0.          0.          0.          0.        ],0.6383333333333333,0.0,0.0,0.0,0.0,0.0,[0. 0. 0. 0. 0. 0. 0. 0. 0. 0. 0. 0. 0. 0. 0. 0. 0. 0. 0. 0. 0. 0. 0. 0.
 0. 0. 0. 0. 0. 0. 0. 0. 0. 0. 0. 0.]
13.310512065887451,,3.7129956923379908,-6.29336122805279,0.0,-0.0,0.0,0.16276161210874945,-0.986665423344591,[ 0.00687627 -0.0001455  -0.00121388 -0.0001455   0.00099776 -0.00032306
 -0.00121388 -0.00032306  0.00121624  0.          0.          0.
  0.          0.          0.          0.          0.          0.
  0.          0.          0.          0.          0.          0.
  0.          0.          0.          0.          0.          0.
  0.          0.          0.          0.          0.          0.        ],0.6657142857142857,0.0,0.0,0.0,0.0,0.0,[0. 0. 0. 0. 0. 0. 0. 0. 0. 0. 0. 0. 0. 0. 0. 0. 0. 0. 0. 0. 0. 0. 0. 0.
 0. 0. 0. 0. 0. 0. 0. 0. 0. 0. 0. 0.]
13.325448751449585,,3.7455017147375784,-6.2945103947035035,0.0,-0.0,0.0,0.16462941847513676,-0.9863554909729748,[ 0.00691108 -0.00021274 -0.00143171 -0.00021274  0.00098537 -0.00029377
 -0.00143171 -0.00029377  0.00134911  0.          0.          0.
  0.          0.          0.          0.          0.          0.
  0.          0.          0.          0.          0.          0.
  0.          0.          0.          0.          0.          0.
  0.          0.          0.          0.          0.          0.        ],0.700952380952381,0.0,0.0,0.0,0.0,0.0,[0. 0. 0. 0. 0. 0. 0. 0. 0. 0. 0. 0. 0. 0. 0. 0. 0. 0. 0. 0. 0. 0. 0. 0.
 0. 0. 0. 0. 0. 0. 0. 0. 0. 0. 0. 0.]
13.349289655685425,,3.7646904107387926,-6.295808638809669,0.0,-0.0,0.0,0.16514443864087291,-0.9862693924004693,[ 0.00619828 -0.00018219 -0.00103671 -0.00018219  0.00095432 -0.000294
 -0.00103671 -0.000294    0.00117493  0.          0.          0.
  0.          0.          0.          0.          0.          0.
  0.          0.          0.          0.          0.          0.
  0.          0.          0.          0.          0.          0.
  0.          0.          0.          0.          0.          0.        ],0.7292857142857143,0.0,0.0,0.0,0.0,0.0,[0. 0. 0. 0. 0. 0. 0. 0. 0. 0. 0. 0. 0. 0. 0. 0. 0. 0. 0. 0. 0. 0. 0. 0.
 0. 0. 0. 0. 0. 0. 0. 0. 0. 0. 0. 0.]
13.368905305862427,,3.7918357422738547,-6.2942273287910675,0.0,-0.0,0.0,0.16621757975485732,-0.9860891015422681,[ 0.00551503 -0.00014298 -0.00107919 -0.00014298  0.00093389 -0.00029534
 -0.00107919 -0.00029534  0.00132545  0.          0.          0.
  0.          0.          0.          0.          0.          0.
  0.          0.          0.          0.          0.          0.
  0.          0.          0.          0.          0.          0.
  0.          0.          0.          0.          0.          0.        ],0.7616666666666667,0.0,0.0,0.0,0.0,0.0,[0. 0. 0. 0. 0. 0. 0. 0. 0. 0. 0. 0. 0. 0. 0. 0. 0. 0. 0. 0. 0. 0. 0. 0.
 0. 0. 0. 0. 0. 0. 0. 0. 0. 0. 0. 0.]
13.382736682891846,,3.803222366162321,-6.29455292298049,0.0,-0.0,0.0,0.1668292877737758,-0.9859857954052353,[ 5.93140634e-03 -7.19077640e-05 -1.20185285e-03 -7.19077640e-05
  9.93596090e-04 -3.06393096e-04 -1.20185285e-03 -3.06393096e-04
  1.40669326e-03  0.00000000e+00  0.00000000e+00  0.00000000e+00
  0.00000000e+00  0.00000000e+00  0.00000000e+00  0.00000000e+00
  0.00000000e+00  0.00000000e+00  0.00000000e+00  0.00000000e+00
  0.00000000e+00  0.00000000e+00  0.00000000e+00  0.00000000e+00
  0.00000000e+00  0.00000000e+00  0.00000000e+00  0.00000000e+00
  0.00000000e+00  0.00000000e+00  0.00000000e+00  0.00000000e+00
  0.00000000e+00  0.00000000e+00  0.00000000e+00  0.00000000e+00],0.7807142857142857,0.0,0.0,0.0,0.0,0.0,[0. 0. 0. 0. 0. 0. 0. 0. 0. 0. 0. 0. 0. 0. 0. 0. 0. 0. 0. 0. 0. 0. 0. 0.
 0. 0. 0. 0. 0. 0. 0. 0. 0. 0. 0. 0.]
13.405270338058472,,3.805854060035149,-6.299639293046171,0.0,-0.0,0.0,0.15701587161408012,-0.9875960794076041,[ 6.38692754e-03 -8.88173728e-05 -1.40639837e-03 -8.88173728e-05
  9.30372368e-04 -3.12413879e-04 -1.40639837e-03 -3.12413879e-04
  1.67126032e-03  0.00000000e+00  0.00000000e+00  0.00000000e+00
  0.00000000e+00  0.00000000e+00  0.00000000e+00  0.00000000e+00
  0.00000000e+00  0.00000000e+00  0.00000000e+00  0.00000000e+00
  0.00000000e+00  0.00000000e+00  0.00000000e+00  0.00000000e+00
  0.00000000e+00  0.00000000e+00  0.00000000e+00  0.00000000e+00
  0.00000000e+00  0.00000000e+00  0.00000000e+00  0.00000000e+00
  0.00000000e+00  0.00000000e+00  0.00000000e+00  0.00000000e+00],0.8002380952380952,0.0,0.0,0.0,0.0,0.0,[0. 0. 0. 0. 0. 0. 0. 0. 0. 0. 0. 0. 0. 0. 0. 0. 0. 0. 0. 0. 0. 0. 0. 0.
 0. 0. 0. 0. 0. 0. 0. 0. 0. 0. 0. 0.]
13.42203164100647,,3.8084746984804587,-6.300964170709904,0.0,-0.0,0.0,0.15355155566995426,-0.9881406376378501,[ 0.006657   -0.00011181 -0.00136161 -0.00011181  0.00097095 -0.00029458
 -0.00136161 -0.00029458  0.00187844  0.          0.          0.
  0.          0.          0.          0.          0.          0.
  0.          0.          0.          0.          0.          0.
  0.          0.          0.          0.          0.          0.
  0.          0.          0.          0.          0.          0.        ],0.8221428571428572,0.0,0.0,0.0,0.0,0.0,[0. 0. 0. 0. 0. 0. 0. 0. 0. 0. 0. 0. 0. 0. 0. 0. 0. 0. 0. 0. 0. 0. 0. 0.
 0. 0. 0. 0. 0. 0. 0. 0. 0. 0. 0. 0.]
13.436902284622192,,3.8147060624904388,-6.302583870405469,0.0,-0.0,0.0,0.15389763141147966,-0.9880867973239681,[ 0.00706208 -0.00019619 -0.00145801 -0.00019619  0.00085153 -0.0002131
 -0.00145801 -0.0002131   0.0017831   0.          0.          0.
  0.          0.          0.          0.          0.          0.
  0.          0.          0.          0.          0.          0.
  0.          0.          0.          0.          0.          0.
  0.          0.          0.          0.          0.          0.        ],0.8504761904761905,0.0,0.0,0.0,0.0,0.0,[0. 0. 0. 0. 0. 0. 0. 0. 0. 0. 0. 0. 0. 0. 0. 0. 0. 0. 0. 0. 0. 0. 0. 0.
 0. 0. 0. 0. 0. 0. 0. 0. 0. 0. 0. 0.]
13.458654642105103,,3.845004714775815,-6.309323930301501,0.0,-0.0,0.0,0.16618259912669137,-0.9860949973240395,[ 0.00708731 -0.00028415 -0.00138847 -0.00028415  0.00103019 -0.00033913
 -0.00138847 -0.00033913  0.00157125  0.          0.          0.
  0.          0.          0.          0.          0.          0.
  0.          0.          0.          0.          0.          0.
  0.          0.          0.          0.          0.          0.
  0.          0.          0.          0.          0.          0.        ],0.8640476190476191,0.0,0.0,0.0,0.0,0.0,[0. 0. 0. 0. 0. 0. 0. 0. 0. 0. 0. 0. 0. 0. 0. 0. 0. 0. 0. 0. 0. 0. 0. 0.
 0. 0. 0. 0. 0. 0. 0. 0. 0. 0. 0. 0.]
13.478411674499512,,3.8629235504374075,-6.31254699964949,0.0,-0.0,0.0,0.16728303777334627,-0.9859089132741022,[ 0.00683434 -0.00019022 -0.00140426 -0.00019022  0.00105124 -0.00030948
 -0.00140426 -0.00030948  0.00145044  0.          0.          0.
  0.          0.          0.          0.          0.          0.
  0.          0.          0.          0.          0.          0.
  0.          0.          0.          0.          0.          0.
  0.          0.          0.          0.          0.          0.        ],0.8664285714285714,0.0,0.0,0.0,0.0,0.0,[0. 0. 0. 0. 0. 0. 0. 0. 0. 0. 0. 0. 0. 0. 0. 0. 0. 0. 0. 0. 0. 0. 0. 0.
 0. 0. 0. 0. 0. 0. 0. 0. 0. 0. 0. 0.]
13.51085638999939,,3.8896979503818625,-6.317061783324124,0.0,-0.0,0.0,0.1689378259409509,-0.9856267097468214,[ 0.00665138 -0.00015859 -0.0015038  -0.00015859  0.00100435 -0.00034259
 -0.0015038  -0.00034259  0.001636    0.          0.          0.
  0.          0.          0.          0.          0.          0.
  0.          0.          0.          0.          0.          0.
  0.          0.          0.          0.          0.          0.
  0.          0.          0.          0.          0.          0.        ],0.8823809523809524,0.0,0.0,0.0,0.0,0.0,[0. 0. 0. 0. 0. 0. 0. 0. 0. 0. 0. 0. 0. 0. 0. 0. 0. 0. 0. 0. 0. 0. 0. 0.
 0. 0. 0. 0. 0. 0. 0. 0. 0. 0. 0. 0.]
13.532031059265137,,3.9133283702705435,-6.321965420166112,0.0,-0.0,0.0,0.1701296622809552,-0.9854216853774673,[ 0.00665434 -0.00022106 -0.0013448  -0.00022106  0.00099308 -0.0002829
 -0.0013448  -0.0002829   0.00149527  0.          0.          0.
  0.          0.          0.          0.          0.          0.
  0.          0.          0.          0.          0.          0.
  0.          0.          0.          0.          0.          0.
  0.          0.          0.          0.          0.          0.        ],0.905952380952381,0.0,0.0,0.0,0.0,0.0,[0. 0. 0. 0. 0. 0. 0. 0. 0. 0. 0. 0. 0. 0. 0. 0. 0. 0. 0. 0. 0. 0. 0. 0.
 0. 0. 0. 0. 0. 0. 0. 0. 0. 0. 0. 0.]
13.577336072921753,,3.95516064421179,-6.333608207175602,0.0,-0.0,0.0,0.1727779712747856,-0.9849607975153982,[ 0.00699569 -0.00019593 -0.00154037 -0.00019593  0.00087584 -0.00021929
 -0.00154037 -0.00021929  0.00161011  0.          0.          0.
  0.          0.          0.          0.          0.          0.
  0.          0.          0.          0.          0.          0.
  0.          0.          0.          0.          0.          0.
  0.          0.          0.          0.          0.          0.        ],0.93,0.0,0.0,0.0,0.0,0.0,[0. 0. 0. 0. 0. 0. 0. 0. 0. 0. 0. 0. 0. 0. 0. 0. 0. 0. 0. 0. 0. 0. 0. 0.
 0. 0. 0. 0. 0. 0. 0. 0. 0. 0. 0. 0.]
13.593904495239258,,3.993230771717932,-6.331377958389676,0.0,-0.0,0.0,0.16070899343031908,-0.9870018335497729,[ 0.00580495 -0.00017393 -0.00135928 -0.00017393  0.00087105 -0.00022483
 -0.00135928 -0.00022483  0.00144922  0.          0.          0.
  0.          0.          0.          0.          0.          0.
  0.          0.          0.          0.          0.          0.
  0.          0.          0.          0.          0.          0.
  0.          0.          0.          0.          0.          0.        ],0.9516666666666667,0.0,0.0,0.0,0.0,0.0,[0. 0. 0. 0. 0. 0. 0. 0. 0. 0. 0. 0. 0. 0. 0. 0. 0. 0. 0. 0. 0. 0. 0. 0.
 0. 0. 0. 0. 0. 0. 0. 0. 0. 0. 0. 0.]
13.612087726593018,,4.021248834214669,-6.336325082148515,0.0,-0.0,0.0,0.16181281156100197,-0.986821470183297,[ 5.73622776e-03 -6.69174055e-05 -1.27509491e-03 -6.69174055e-05
  8.59498343e-04 -2.30459546e-04 -1.27509491e-03 -2.30459546e-04
  1.34826896e-03  0.00000000e+00  0.00000000e+00  0.00000000e+00
  0.00000000e+00  0.00000000e+00  0.00000000e+00  0.00000000e+00
  0.00000000e+00  0.00000000e+00  0.00000000e+00  0.00000000e+00
  0.00000000e+00  0.00000000e+00  0.00000000e+00  0.00000000e+00
  0.00000000e+00  0.00000000e+00  0.00000000e+00  0.00000000e+00
  0.00000000e+00  0.00000000e+00  0.00000000e+00  0.00000000e+00
  0.00000000e+00  0.00000000e+00  0.00000000e+00  0.00000000e+00],0.9626190476190476,0.0,0.0,0.0,0.0,0.0,[0. 0. 0. 0. 0. 0. 0. 0. 0. 0. 0. 0. 0. 0. 0. 0. 0. 0. 0. 0. 0. 0. 0. 0.
 0. 0. 0. 0. 0. 0. 0. 0. 0. 0. 0. 0.]
13.628171443939209,,4.040477340836683,-6.336970292925426,0.0,-0.0,0.0,0.16421795867659136,-0.986424078197655,[ 0.00583201 -0.00011537 -0.00112834 -0.00011537  0.00085419 -0.00024821
 -0.00112834 -0.00024821  0.00133145  0.          0.          0.
  0.          0.          0.          0.          0.          0.
  0.          0.          0.          0.          0.          0.
  0.          0.          0.          0.          0.          0.
  0.          0.          0.          0.          0.          0.        ],0.974047619047619,0.0,0.0,0.0,0.0,0.0,[0. 0. 0. 0. 0. 0. 0. 0. 0. 0. 0. 0. 0. 0. 0. 0. 0. 0. 0. 0. 0. 0. 0. 0.
 0. 0. 0. 0. 0. 0. 0. 0. 0. 0. 0. 0.]
13.647446870803833,,4.058158083561084,-6.339071671150181,0.0,-0.0,0.0,0.16525549787346128,-0.9862507898210244,[ 0.00568881 -0.00022949 -0.00108042 -0.00022949  0.00079018 -0.00018904
 -0.00108042 -0.00018904  0.00124796  0.          0.          0.
  0.          0.          0.          0.          0.          0.
  0.          0.          0.          0.          0.          0.
  0.          0.          0.          0.          0.          0.
  0.          0.          0.          0.          0.          0.        ],0.9797619047619047,0.0,0.0,0.0,0.0,0.0,[0. 0. 0. 0. 0. 0. 0. 0. 0. 0. 0. 0. 0. 0. 0. 0. 0. 0. 0. 0. 0. 0. 0. 0.
 0. 0. 0. 0. 0. 0. 0. 0. 0. 0. 0. 0.]
13.667734384536743,,4.071732349641685,-6.3451546545374455,0.0,-0.0,0.0,0.16732659444737955,-0.9859015218522802,[ 0.00592652 -0.00019895 -0.00121388 -0.00019895  0.00075255 -0.000178
 -0.00121388 -0.000178    0.00134101  0.          0.          0.
  0.          0.          0.          0.          0.          0.
  0.          0.          0.          0.          0.          0.
  0.          0.          0.          0.          0.          0.
  0.          0.          0.          0.          0.          0.        ],0.9911904761904762,0.0,0.0,0.0,0.0,0.0,[0. 0. 0. 0. 0. 0. 0. 0. 0. 0. 0. 0. 0. 0. 0. 0. 0. 0. 0. 0. 0. 0. 0. 0.
 0. 0. 0. 0. 0. 0. 0. 0. 0. 0. 0. 0.]
13.682917594909668,,4.084586050673444,-6.351483309161748,0.0,-0.0,0.0,0.18297719225062245,-0.9831171583875844,[ 6.43330319e-03 -6.13501695e-05 -1.39074667e-03 -6.13501695e-05
  7.93209225e-04 -2.77544374e-04 -1.39074667e-03 -2.77544374e-04
  1.82924553e-03  0.00000000e+00  0.00000000e+00  0.00000000e+00
  0.00000000e+00  0.00000000e+00  0.00000000e+00  0.00000000e+00
  0.00000000e+00  0.00000000e+00  0.00000000e+00  0.00000000e+00
  0.00000000e+00  0.00000000e+00  0.00000000e+00  0.00000000e+00
  0.00000000e+00  0.00000000e+00  0.00000000e+00  0.00000000e+00
  0.00000000e+00  0.00000000e+00  0.00000000e+00  0.00000000e+00
  0.00000000e+00  0.00000000e+00  0.00000000e+00  0.00000000e+00],0.9883333333333333,0.0,0.0,0.0,0.0,0.0,[0. 0. 0. 0. 0. 0. 0. 0. 0. 0. 0. 0. 0. 0. 0. 0. 0. 0. 0. 0. 0. 0. 0. 0.
 0. 0. 0. 0. 0. 0. 0. 0. 0. 0. 0. 0.]
13.703248977661133,,4.09142692587616,-6.3584548894861745,0.0,-0.0,0.0,0.1870992648943952,-0.9823410126203511,[ 6.52425803e-03 -7.72739256e-05 -1.64359201e-03 -7.72739256e-05
  8.32890816e-04 -3.07476978e-04 -1.64359201e-03 -3.07476978e-04
  1.95902451e-03  0.00000000e+00  0.00000000e+00  0.00000000e+00
  0.00000000e+00  0.00000000e+00  0.00000000e+00  0.00000000e+00
  0.00000000e+00  0.00000000e+00  0.00000000e+00  0.00000000e+00
  0.00000000e+00  0.00000000e+00  0.00000000e+00  0.00000000e+00
  0.00000000e+00  0.00000000e+00  0.00000000e+00  0.00000000e+00
  0.00000000e+00  0.00000000e+00  0.00000000e+00  0.00000000e+00
  0.00000000e+00  0.00000000e+00  0.00000000e+00  0.00000000e+00],0.9247619047619048,0.0,0.0,0.0,0.0,0.0,[0. 0. 0. 0. 0. 0. 0. 0. 0. 0. 0. 0. 0. 0. 0. 0. 0. 0. 0. 0. 0. 0. 0. 0.
 0. 0. 0. 0. 0. 0. 0. 0. 0. 0. 0. 0.]
13.727980852127075,,4.113195046586695,-6.367014111412832,0.0,-0.0,0.0,0.19986640909029385,-0.9798231567570503,[ 6.20410822e-03 -8.07052936e-05 -1.42158255e-03 -8.07052936e-05
  8.82241464e-04 -3.21065000e-04 -1.42158255e-03 -3.21065000e-04
  1.64252105e-03  0.00000000e+00  0.00000000e+00  0.00000000e+00
  0.00000000e+00  0.00000000e+00  0.00000000e+00  0.00000000e+00
  0.00000000e+00  0.00000000e+00  0.00000000e+00  0.00000000e+00
  0.00000000e+00  0.00000000e+00  0.00000000e+00  0.00000000e+00
  0.00000000e+00  0.00000000e+00  0.00000000e+00  0.00000000e+00
  0.00000000e+00  0.00000000e+00  0.00000000e+00  0.00000000e+00
  0.00000000e+00  0.00000000e+00  0.00000000e+00  0.00000000e+00],0.8466666666666667,0.0,0.0,0.0,0.0,0.0,[0. 0. 0. 0. 0. 0. 0. 0. 0. 0. 0. 0. 0. 0. 0. 0. 0. 0. 0. 0. 0. 0. 0. 0.
 0. 0. 0. 0. 0. 0. 0. 0. 0. 0. 0. 0.]
13.750136375427246,,4.131027327627249,-6.371027947724846,0.0,-0.0,0.0,0.20069703700901198,-0.9796533567215514,[ 0.00565418 -0.00015603 -0.00113598 -0.00015603  0.0008147  -0.00029173
 -0.00113598 -0.00029173  0.00145805  0.          0.          0.
  0.          0.          0.          0.          0.          0.
  0.          0.          0.          0.          0.          0.
  0.          0.          0.          0.          0.          0.
  0.          0.          0.          0.          0.          0.        ],0.8452380952380952,0.0,0.0,0.0,0.0,0.0,[0. 0. 0. 0. 0. 0. 0. 0. 0. 0. 0. 0. 0. 0. 0. 0. 0. 0. 0. 0. 0. 0. 0. 0.
 0. 0. 0. 0. 0. 0. 0. 0. 0. 0. 0. 0.]
13.771919965744019,,4.145505793251881,-6.377634919032123,0.0,-0.0,0.0,0.2045241321753169,-0.9788615220540307,[ 6.36843326e-03  5.51994989e-05 -1.49765627e-03  5.51994989e-05
  8.19096018e-04 -3.55928945e-04 -1.49765627e-03 -3.55928945e-04
  1.64944708e-03  0.00000000e+00  0.00000000e+00  0.00000000e+00
  0.00000000e+00  0.00000000e+00  0.00000000e+00  0.00000000e+00
  0.00000000e+00  0.00000000e+00  0.00000000e+00  0.00000000e+00
  0.00000000e+00  0.00000000e+00  0.00000000e+00  0.00000000e+00
  0.00000000e+00  0.00000000e+00  0.00000000e+00  0.00000000e+00
  0.00000000e+00  0.00000000e+00  0.00000000e+00  0.00000000e+00
  0.00000000e+00  0.00000000e+00  0.00000000e+00  0.00000000e+00],0.8676190476190476,0.0,0.0,0.0,0.0,0.0,[0. 0. 0. 0. 0. 0. 0. 0. 0. 0. 0. 0. 0. 0. 0. 0. 0. 0. 0. 0. 0. 0. 0. 0.
 0. 0. 0. 0. 0. 0. 0. 0. 0. 0. 0. 0.]
13.787508726119995,,4.160793211193897,-6.382668513964023,0.0,-0.0,0.0,0.20521347062968892,-0.9787172377515979,[ 6.58557089e-03 -5.40067730e-06 -1.48523443e-03 -5.40067730e-06
  8.16568185e-04 -3.45559642e-04 -1.48523443e-03 -3.45559642e-04
  1.59530861e-03  0.00000000e+00  0.00000000e+00  0.00000000e+00
  0.00000000e+00  0.00000000e+00  0.00000000e+00  0.00000000e+00
  0.00000000e+00  0.00000000e+00  0.00000000e+00  0.00000000e+00
  0.00000000e+00  0.00000000e+00  0.00000000e+00  0.00000000e+00
  0.00000000e+00  0.00000000e+00  0.00000000e+00  0.00000000e+00
  0.00000000e+00  0.00000000e+00  0.00000000e+00  0.00000000e+00
  0.00000000e+00  0.00000000e+00  0.00000000e+00  0.00000000e+00],0.8809523809523809,0.0,0.0,0.0,0.0,0.0,[0. 0. 0. 0. 0. 0. 0. 0. 0. 0. 0. 0. 0. 0. 0. 0. 0. 0. 0. 0. 0. 0. 0. 0.
 0. 0. 0. 0. 0. 0. 0. 0. 0. 0. 0. 0.]
13.819279432296753,,4.181990108034606,-6.389944892183847,0.0,-0.0,0.0,0.20748469876301012,-0.978238263297456,[ 0.00678296 -0.00017867 -0.00153857 -0.00017867  0.00082044 -0.00031539
 -0.00153857 -0.00031539  0.00172126  0.          0.          0.
  0.          0.          0.          0.          0.          0.
  0.          0.          0.          0.          0.          0.
  0.          0.          0.          0.          0.          0.
  0.          0.          0.          0.          0.          0.        ],0.8788095238095238,0.0,0.0,0.0,0.0,0.0,[0. 0. 0. 0. 0. 0. 0. 0. 0. 0. 0. 0. 0. 0. 0. 0. 0. 0. 0. 0. 0. 0. 0. 0.
 0. 0. 0. 0. 0. 0. 0. 0. 0. 0. 0. 0.]
13.84101152420044,,4.199882741949449,-6.392452029980544,0.0,-0.0,0.0,0.20842155805055254,-0.978039086202479,[ 0.0068296  -0.00024098 -0.00158285 -0.00024098  0.00086163 -0.00031563
 -0.00158285 -0.00031563  0.00189008  0.          0.          0.
  0.          0.          0.          0.          0.          0.
  0.          0.          0.          0.          0.          0.
  0.          0.          0.          0.          0.          0.
  0.          0.          0.          0.          0.          0.        ],0.86,0.0,0.0,0.0,0.0,0.0,[0. 0. 0. 0. 0. 0. 0. 0. 0. 0. 0. 0. 0. 0. 0. 0. 0. 0. 0. 0. 0. 0. 0. 0.
 0. 0. 0. 0. 0. 0. 0. 0. 0. 0. 0. 0.]
13.866157054901123,,4.230552237654181,-6.401600591990484,0.0,-0.0,0.0,0.2111368910141666,-0.9774565019748306,[ 0.00702352 -0.00028435 -0.00148195 -0.00028435  0.0009076  -0.00041796
 -0.00148195 -0.00041796  0.00188313  0.          0.          0.
  0.          0.          0.          0.          0.          0.
  0.          0.          0.          0.          0.          0.
  0.          0.          0.          0.          0.          0.
  0.          0.          0.          0.          0.          0.        ],0.8580952380952381,0.0,0.0,0.0,0.0,0.0,[0. 0. 0. 0. 0. 0. 0. 0. 0. 0. 0. 0. 0. 0. 0. 0. 0. 0. 0. 0. 0. 0. 0. 0.
 0. 0. 0. 0. 0. 0. 0. 0. 0. 0. 0. 0.]
13.886183738708496,,4.238512233278319,-6.40768287843386,0.0,-0.0,0.0,0.2106850460717924,-0.9775539940902123,[ 0.00777655 -0.00035864 -0.00152339 -0.00035864  0.00094444 -0.00049013
 -0.00152339 -0.00049013  0.00198289  0.          0.          0.
  0.          0.          0.          0.          0.          0.
  0.          0.          0.          0.          0.          0.
  0.          0.          0.          0.          0.          0.
  0.          0.          0.          0.          0.          0.        ],0.8647619047619047,0.0,0.0,0.0,0.0,0.0,[0. 0. 0. 0. 0. 0. 0. 0. 0. 0. 0. 0. 0. 0. 0. 0. 0. 0. 0. 0. 0. 0. 0. 0.
 0. 0. 0. 0. 0. 0. 0. 0. 0. 0. 0. 0.]
13.900681257247925,,4.287314259707912,-6.418070112520682,0.0,-0.0,0.0,0.2270012589288201,-0.973894464736673,[ 0.0079774  -0.00056593 -0.00119788 -0.00056593  0.00107686 -0.00043494
 -0.00119788 -0.00043494  0.00215461  0.          0.          0.
  0.          0.          0.          0.          0.          0.
  0.          0.          0.          0.          0.          0.
  0.          0.          0.          0.          0.          0.
  0.          0.          0.          0.          0.          0.        ],0.8642857142857143,0.0,0.0,0.0,0.0,0.0,[0. 0. 0. 0. 0. 0. 0. 0. 0. 0. 0. 0. 0. 0. 0. 0. 0. 0. 0. 0. 0. 0. 0. 0.
 0. 0. 0. 0. 0. 0. 0. 0. 0. 0. 0. 0.]
13.920943260192871,,4.339164447676625,-6.429825711530423,0.0,-0.0,0.0,0.23062670970509822,-0.9730423016347236,[ 0.00822987 -0.00085066 -0.00100172 -0.00085066  0.0012736  -0.00060311
 -0.00100172 -0.00060311  0.00211752  0.          0.          0.
  0.          0.          0.          0.          0.          0.
  0.          0.          0.          0.          0.          0.
  0.          0.          0.          0.          0.          0.
  0.          0.          0.          0.          0.          0.        ],0.8516666666666667,0.0,0.0,0.0,0.0,0.0,[0. 0. 0. 0. 0. 0. 0. 0. 0. 0. 0. 0. 0. 0. 0. 0. 0. 0. 0. 0. 0. 0. 0. 0.
 0. 0. 0. 0. 0. 0. 0. 0. 0. 0. 0. 0.]
13.948651313781738,,4.381144131011056,-6.441257197569299,0.0,-0.0,0.0,0.23030559114892782,-0.9731183559493382,[ 0.00872127 -0.00107    -0.00085965 -0.00107     0.00171233 -0.00101431
 -0.00085965 -0.00101431  0.00252034  0.          0.          0.
  0.          0.          0.          0.          0.          0.
  0.          0.          0.          0.          0.          0.
  0.          0.          0.          0.          0.          0.
  0.          0.          0.          0.          0.          0.        ],0.8473809523809523,0.0,0.0,0.0,0.0,0.0,[0. 0. 0. 0. 0. 0. 0. 0. 0. 0. 0. 0. 0. 0. 0. 0. 0. 0. 0. 0. 0. 0. 0. 0.
 0. 0. 0. 0. 0. 0. 0. 0. 0. 0. 0. 0.]
13.967382192611694,,4.415123144949888,-6.452487265182574,0.0,-0.0,0.0,0.22929958514830115,-0.9733558959860555,[ 0.00914066 -0.00132357 -0.00074465 -0.00132357  0.00189025 -0.00100624
 -0.00074465 -0.00100624  0.00245721  0.          0.          0.
  0.          0.          0.          0.          0.          0.
  0.          0.          0.          0.          0.          0.
  0.          0.          0.          0.          0.          0.
  0.          0.          0.          0.          0.          0.        ],0.8526190476190476,0.0,0.0,0.0,0.0,0.0,[0. 0. 0. 0. 0. 0. 0. 0. 0. 0. 0. 0. 0. 0. 0. 0. 0. 0. 0. 0. 0. 0. 0. 0.
 0. 0. 0. 0. 0. 0. 0. 0. 0. 0. 0. 0.]
13.982825517654419,,4.451620764178128,-6.465839584847419,0.0,-0.0,0.0,0.22849429032449234,-0.9735452528203846,[ 0.00886503 -0.00163966 -0.00048938 -0.00163966  0.00211489 -0.00115946
 -0.00048938 -0.00115946  0.00252298  0.          0.          0.
  0.          0.          0.          0.          0.          0.
  0.          0.          0.          0.          0.          0.
  0.          0.          0.          0.          0.          0.
  0.          0.          0.          0.          0.          0.        ],0.8566666666666667,0.0,0.0,0.0,0.0,0.0,[0. 0. 0. 0. 0. 0. 0. 0. 0. 0. 0. 0. 0. 0. 0. 0. 0. 0. 0. 0. 0. 0. 0. 0.
 0. 0. 0. 0. 0. 0. 0. 0. 0. 0. 0. 0.]
14.005567073822021,,4.483119132582628,-6.478127477276235,0.0,-0.0,0.0,0.22684388276436765,-0.9739311335265887,[ 0.00919681 -0.00167742 -0.00046051 -0.00167742  0.00229162 -0.00124815
 -0.00046051 -0.00124815  0.00274703  0.          0.          0.
  0.          0.          0.          0.          0.          0.
  0.          0.          0.          0.          0.          0.
  0.          0.          0.          0.          0.          0.
  0.          0.          0.          0.          0.          0.        ],0.8535714285714285,0.0,0.0,0.0,0.0,0.0,[0. 0. 0. 0. 0. 0. 0. 0. 0. 0. 0. 0. 0. 0. 0. 0. 0. 0. 0. 0. 0. 0. 0. 0.
 0. 0. 0. 0. 0. 0. 0. 0. 0. 0. 0. 0.]
14.024003028869629,,4.5074056598052055,-6.493621586472985,0.0,-0.0,0.0,0.22412592058076558,-0.9745601939971816,[ 0.0085843  -0.00162921 -0.00060963 -0.00162921  0.00240928 -0.00135289
 -0.00060963 -0.00135289  0.00296972  0.          0.          0.
  0.          0.          0.          0.          0.          0.
  0.          0.          0.          0.          0.          0.
  0.          0.          0.          0.          0.          0.
  0.          0.          0.          0.          0.          0.        ],0.8411904761904762,0.0,0.0,0.0,0.0,0.0,[0. 0. 0. 0. 0. 0. 0. 0. 0. 0. 0. 0. 0. 0. 0. 0. 0. 0. 0. 0. 0. 0. 0. 0.
 0. 0. 0. 0. 0. 0. 0. 0. 0. 0. 0. 0.]
14.046014785766602,,4.5386771273896915,-6.506705443508493,0.0,-0.0,0.0,0.22275199242782254,-0.9748751457850565,[ 0.0084791  -0.00130433 -0.00054504 -0.00130433  0.00227413 -0.00136432
 -0.00054504 -0.00136432  0.00306886  0.          0.          0.
  0.          0.          0.          0.          0.          0.
  0.          0.          0.          0.          0.          0.
  0.          0.          0.          0.          0.          0.
  0.          0.          0.          0.          0.          0.        ],0.8373809523809523,0.0,0.0,0.0,0.0,0.0,[0. 0. 0. 0. 0. 0. 0. 0. 0. 0. 0. 0. 0. 0. 0. 0. 0. 0. 0. 0. 0. 0. 0. 0.
 0. 0. 0. 0. 0. 0. 0. 0. 0. 0. 0. 0.]
14.060983657836914,,4.549185116810612,-6.5197678954321026,0.0,-0.0,0.0,0.2197060111065237,-0.9755661272736257,[ 0.00883776 -0.00127383 -0.00069045 -0.00127383  0.00232947 -0.00147036
 -0.00069045 -0.00147036  0.00344354  0.          0.          0.
  0.          0.          0.          0.          0.          0.
  0.          0.          0.          0.          0.          0.
  0.          0.          0.          0.          0.          0.
  0.          0.          0.          0.          0.          0.        ],0.8366666666666667,0.0,0.0,0.0,0.0,0.0,[0. 0. 0. 0. 0. 0. 0. 0. 0. 0. 0. 0. 0. 0. 0. 0. 0. 0. 0. 0. 0. 0. 0. 0.
 0. 0. 0. 0. 0. 0. 0. 0. 0. 0. 0. 0.]
14.079243898391724,,4.566376283501836,-6.528871283922172,0.0,-0.0,0.0,0.2175451084623,-0.9760502680621148,[ 0.00872799 -0.00114839 -0.00061832 -0.00114839  0.0023134  -0.00153209
 -0.00061832 -0.00153209  0.00343416  0.          0.          0.
  0.          0.          0.          0.          0.          0.
  0.          0.          0.          0.          0.          0.
  0.          0.          0.          0.          0.          0.
  0.          0.          0.          0.          0.          0.        ],0.8385714285714285,0.0,0.0,0.0,0.0,0.0,[0. 0. 0. 0. 0. 0. 0. 0. 0. 0. 0. 0. 0. 0. 0. 0. 0. 0. 0. 0. 0. 0. 0. 0.
 0. 0. 0. 0. 0. 0. 0. 0. 0. 0. 0. 0.]
14.096331119537354,,4.5791393736357895,-6.538005418446722,0.0,-0.0,0.0,0.21618766030425848,-0.9763518297889191,[ 0.00846671 -0.00116774 -0.00035179 -0.00116774  0.00215611 -0.00140906
 -0.00035179 -0.00140906  0.00337716  0.          0.          0.
  0.          0.          0.          0.          0.          0.
  0.          0.          0.          0.          0.          0.
  0.          0.          0.          0.          0.          0.
  0.          0.          0.          0.          0.          0.        ],0.834047619047619,0.0,0.0,0.0,0.0,0.0,[0. 0. 0. 0. 0. 0. 0. 0. 0. 0. 0. 0. 0. 0. 0. 0. 0. 0. 0. 0. 0. 0. 0. 0.
 0. 0. 0. 0. 0. 0. 0. 0. 0. 0. 0. 0.]
14.122849225997925,,4.584382691636234,-6.545239411669334,0.0,-0.0,0.0,0.21623217601181827,-0.976341971881366,[ 0.00896694 -0.00099386 -0.00094058 -0.00099386  0.00202826 -0.00128014
 -0.00094058 -0.00128014  0.00370148  0.          0.          0.
  0.          0.          0.          0.          0.          0.
  0.          0.          0.          0.          0.          0.
  0.          0.          0.          0.          0.          0.
  0.          0.          0.          0.          0.          0.        ],0.8254761904761905,0.0,0.0,0.0,0.0,0.0,[0. 0. 0. 0. 0. 0. 0. 0. 0. 0. 0. 0. 0. 0. 0. 0. 0. 0. 0. 0. 0. 0. 0. 0.
 0. 0. 0. 0. 0. 0. 0. 0. 0. 0. 0. 0.]
14.139036655426025,,4.596292883020853,-6.555037677685141,0.0,-0.0,0.0,0.21352512637723076,-0.9769375724198489,[ 0.0091717  -0.00092906 -0.00088122 -0.00092906  0.00199253 -0.00126206
 -0.00088122 -0.00126206  0.00360873  0.          0.          0.
  0.          0.          0.          0.          0.          0.
  0.          0.          0.          0.          0.          0.
  0.          0.          0.          0.          0.          0.
  0.          0.          0.          0.          0.          0.        ],0.8035714285714286,0.0,0.0,0.0,0.0,0.0,[0. 0. 0. 0. 0. 0. 0. 0. 0. 0. 0. 0. 0. 0. 0. 0. 0. 0. 0. 0. 0. 0. 0. 0.
 0. 0. 0. 0. 0. 0. 0. 0. 0. 0. 0. 0.]
14.155580520629883,,4.609643833121581,-6.56151201302099,0.0,-0.0,0.0,0.211621036048528,-0.9773517980245126,[ 0.00890031 -0.00105669 -0.0006045  -0.00105669  0.00212051 -0.00128145
 -0.0006045  -0.00128145  0.00371985  0.          0.          0.
  0.          0.          0.          0.          0.          0.
  0.          0.          0.          0.          0.          0.
  0.          0.          0.          0.          0.          0.
  0.          0.          0.          0.          0.          0.        ],0.7830952380952381,0.0,0.0,0.0,0.0,0.0,[0. 0. 0. 0. 0. 0. 0. 0. 0. 0. 0. 0. 0. 0. 0. 0. 0. 0. 0. 0. 0. 0. 0. 0.
 0. 0. 0. 0. 0. 0. 0. 0. 0. 0. 0. 0.]
14.17971658706665,,4.6369557055563755,-6.573419454454778,0.0,-0.0,0.0,0.22688665064221905,-0.973921171225041,[ 0.00785993 -0.00092075 -0.00070684 -0.00092075  0.00207417 -0.00131155
 -0.00070684 -0.00131155  0.00294894  0.          0.          0.
  0.          0.          0.          0.          0.          0.
  0.          0.          0.          0.          0.          0.
  0.          0.          0.          0.          0.          0.
  0.          0.          0.          0.          0.          0.        ],0.7697619047619048,0.0,0.0,0.0,0.0,0.0,[0. 0. 0. 0. 0. 0. 0. 0. 0. 0. 0. 0. 0. 0. 0. 0. 0. 0. 0. 0. 0. 0. 0. 0.
 0. 0. 0. 0. 0. 0. 0. 0. 0. 0. 0. 0.]
14.19814157485962,,4.653689477516221,-6.580798550742382,0.0,-0.0,0.0,0.22710142082977228,-0.9738711129595634,[ 0.00780958 -0.00081022 -0.00062145 -0.00081022  0.00224615 -0.00148741
 -0.00062145 -0.00148741  0.00306033  0.          0.          0.
  0.          0.          0.          0.          0.          0.
  0.          0.          0.          0.          0.          0.
  0.          0.          0.          0.          0.          0.
  0.          0.          0.          0.          0.          0.        ],0.755,0.0,0.0,0.0,0.0,0.0,[0. 0. 0. 0. 0. 0. 0. 0. 0. 0. 0. 0. 0. 0. 0. 0. 0. 0. 0. 0. 0. 0. 0. 0.
 0. 0. 0. 0. 0. 0. 0. 0. 0. 0. 0. 0.]
14.212565183639526,,4.671337769446152,-6.590633917783908,0.0,-0.0,0.0,0.22584234847484644,-0.9741638638521581,[ 0.0080784  -0.00069173 -0.0007442  -0.00069173  0.00217902 -0.00146694
 -0.0007442  -0.00146694  0.00326105  0.          0.          0.
  0.          0.          0.          0.          0.          0.
  0.          0.          0.          0.          0.          0.
  0.          0.          0.          0.          0.          0.
  0.          0.          0.          0.          0.          0.        ],0.7540476190476191,0.0,0.0,0.0,0.0,0.0,[0. 0. 0. 0. 0. 0. 0. 0. 0. 0. 0. 0. 0. 0. 0. 0. 0. 0. 0. 0. 0. 0. 0. 0.
 0. 0. 0. 0. 0. 0. 0. 0. 0. 0. 0. 0.]
14.240622282028198,,4.6834597908477225,-6.59962343014798,0.0,-0.0,0.0,0.22207373432328428,-0.9750298746826742,[ 0.0080217  -0.00052997 -0.0008336  -0.00052997  0.00221402 -0.00151042
 -0.0008336  -0.00151042  0.00345006  0.          0.          0.
  0.          0.          0.          0.          0.          0.
  0.          0.          0.          0.          0.          0.
  0.          0.          0.          0.          0.          0.
  0.          0.          0.          0.          0.          0.        ],0.7480952380952381,0.0,0.0,0.0,0.0,0.0,[0. 0. 0. 0. 0. 0. 0. 0. 0. 0. 0. 0. 0. 0. 0. 0. 0. 0. 0. 0. 0. 0. 0. 0.
 0. 0. 0. 0. 0. 0. 0. 0. 0. 0. 0. 0.]
14.256140947341919,,4.6913400747484735,-6.608382572019685,0.0,-0.0,0.0,0.21996671153360606,-0.9755073786584555,[ 0.00828452 -0.00024683 -0.00114754 -0.00024683  0.0022669  -0.00163008
 -0.00114754 -0.00163008  0.00373073  0.          0.          0.
  0.          0.          0.          0.          0.          0.
  0.          0.          0.          0.          0.          0.
  0.          0.          0.          0.          0.          0.
  0.          0.          0.          0.          0.          0.        ],0.7440476190476191,0.0,0.0,0.0,0.0,0.0,[0. 0. 0. 0. 0. 0. 0. 0. 0. 0. 0. 0. 0. 0. 0. 0. 0. 0. 0. 0. 0. 0. 0. 0.
 0. 0. 0. 0. 0. 0. 0. 0. 0. 0. 0. 0.]
14.275362014770508,,4.705962952086956,-6.61616685515031,0.0,-0.0,0.0,0.21954495115453002,-0.9756023854124973,[ 0.0080612  -0.00016694 -0.000988   -0.00016694  0.00233935 -0.00171089
 -0.000988   -0.00171089  0.00384692  0.          0.          0.
  0.          0.          0.          0.          0.          0.
  0.          0.          0.          0.          0.          0.
  0.          0.          0.          0.          0.          0.
  0.          0.          0.          0.          0.          0.        ],0.7373809523809524,0.0,0.0,0.0,0.0,0.0,[0. 0. 0. 0. 0. 0. 0. 0. 0. 0. 0. 0. 0. 0. 0. 0. 0. 0. 0. 0. 0. 0. 0. 0.
 0. 0. 0. 0. 0. 0. 0. 0. 0. 0. 0. 0.]
14.300017595291138,,4.71876034157934,-6.622198836997094,0.0,-0.0,0.0,0.2190651053880765,-0.9757102436693544,[ 0.00777962 -0.00028251 -0.00100808 -0.00028251  0.00241691 -0.00179857
 -0.00100808 -0.00179857  0.00403335  0.          0.          0.
  0.          0.          0.          0.          0.          0.
  0.          0.          0.          0.          0.          0.
  0.          0.          0.          0.          0.          0.
  0.          0.          0.          0.          0.          0.        ],0.7647619047619048,0.0,0.0,0.0,0.0,0.0,[0. 0. 0. 0. 0. 0. 0. 0. 0. 0. 0. 0. 0. 0. 0. 0. 0. 0. 0. 0. 0. 0. 0. 0.
 0. 0. 0. 0. 0. 0. 0. 0. 0. 0. 0. 0.]
14.319958925247192,,4.722176303700848,-6.625055399397985,0.0,-0.0,0.0,0.21909930484069984,-0.9757025646262912,[ 0.00768304 -0.00037856 -0.00079882 -0.00037856  0.00267356 -0.00192374
 -0.00079882 -0.00192374  0.00421461  0.          0.          0.
  0.          0.          0.          0.          0.          0.
  0.          0.          0.          0.          0.          0.
  0.          0.          0.          0.          0.          0.
  0.          0.          0.          0.          0.          0.        ],0.7883333333333333,0.0,0.0,0.0,0.0,0.0,[0. 0. 0. 0. 0. 0. 0. 0. 0. 0. 0. 0. 0. 0. 0. 0. 0. 0. 0. 0. 0. 0. 0. 0.
 0. 0. 0. 0. 0. 0. 0. 0. 0. 0. 0. 0.]
14.3412766456604,,4.728948644034321,-6.630771706620256,0.0,-0.0,0.0,0.21702212710885385,-0.9761666847138087,[ 0.00796785 -0.00027843 -0.0009336  -0.00027843  0.00271401 -0.00200311
 -0.0009336  -0.00200311  0.00451053  0.          0.          0.
  0.          0.          0.          0.          0.          0.
  0.          0.          0.          0.          0.          0.
  0.          0.          0.          0.          0.          0.
  0.          0.          0.          0.          0.          0.        ],0.7797619047619048,0.0,0.0,0.0,0.0,0.0,[0. 0. 0. 0. 0. 0. 0. 0. 0. 0. 0. 0. 0. 0. 0. 0. 0. 0. 0. 0. 0. 0. 0. 0.
 0. 0. 0. 0. 0. 0. 0. 0. 0. 0. 0. 0.]
14.359707593917847,,4.741830119293561,-6.63978776099884,0.0,-0.0,0.0,0.21484090078752496,-0.9766490604863166,[ 0.00796906 -0.00024775 -0.00076291 -0.00024775  0.00265642 -0.00203888
 -0.00076291 -0.00203888  0.00464777  0.          0.          0.
  0.          0.          0.          0.          0.          0.
  0.          0.          0.          0.          0.          0.
  0.          0.          0.          0.          0.          0.
  0.          0.          0.          0.          0.          0.        ],0.7988095238095239,0.0,0.0,0.0,0.0,0.0,[0. 0. 0. 0. 0. 0. 0. 0. 0. 0. 0. 0. 0. 0. 0. 0. 0. 0. 0. 0. 0. 0. 0. 0.
 0. 0. 0. 0. 0. 0. 0. 0. 0. 0. 0. 0.]
14.375585556030273,,4.770218279707118,-6.6483612290041085,0.0,-0.0,0.0,0.23272920689550877,-0.9725415755934486,[ 0.00708175 -0.00048788 -0.00048274 -0.00048788  0.00258723 -0.0019404
 -0.00048274 -0.0019404   0.00372977  0.          0.          0.
  0.          0.          0.          0.          0.          0.
  0.          0.          0.          0.          0.          0.
  0.          0.          0.          0.          0.          0.
  0.          0.          0.          0.          0.          0.        ],0.8202380952380952,0.0,0.0,0.0,0.0,0.0,[0. 0. 0. 0. 0. 0. 0. 0. 0. 0. 0. 0. 0. 0. 0. 0. 0. 0. 0. 0. 0. 0. 0. 0.
 0. 0. 0. 0. 0. 0. 0. 0. 0. 0. 0. 0.]
14.394124746322632,,4.788272133230834,-6.660293144070721,0.0,-0.0,0.0,0.23010560225855736,-0.9731656651409495,[ 0.00676144 -0.0002631  -0.00062488 -0.0002631   0.00269356 -0.00204854
 -0.00062488 -0.00204854  0.0038963   0.          0.          0.
  0.          0.          0.          0.          0.          0.
  0.          0.          0.          0.          0.          0.
  0.          0.          0.          0.          0.          0.
  0.          0.          0.          0.          0.          0.        ],0.8426190476190476,0.0,0.0,0.0,0.0,0.0,[0. 0. 0. 0. 0. 0. 0. 0. 0. 0. 0. 0. 0. 0. 0. 0. 0. 0. 0. 0. 0. 0. 0. 0.
 0. 0. 0. 0. 0. 0. 0. 0. 0. 0. 0. 0.]
14.418484449386597,,4.801575533599545,-6.673392144808189,0.0,-0.0,0.0,0.2274493653207193,-0.9737899086636717,[ 6.85833533e-03 -2.88325762e-06 -8.52505433e-04 -2.88325762e-06
  2.80724883e-03 -2.18515647e-03 -8.52505433e-04 -2.18515647e-03
  4.19361429e-03  0.00000000e+00  0.00000000e+00  0.00000000e+00
  0.00000000e+00  0.00000000e+00  0.00000000e+00  0.00000000e+00
  0.00000000e+00  0.00000000e+00  0.00000000e+00  0.00000000e+00
  0.00000000e+00  0.00000000e+00  0.00000000e+00  0.00000000e+00
  0.00000000e+00  0.00000000e+00  0.00000000e+00  0.00000000e+00
  0.00000000e+00  0.00000000e+00  0.00000000e+00  0.00000000e+00
  0.00000000e+00  0.00000000e+00  0.00000000e+00  0.00000000e+00],0.8754761904761905,0.0,0.0,0.0,0.0,0.0,[0. 0. 0. 0. 0. 0. 0. 0. 0. 0. 0. 0. 0. 0. 0. 0. 0. 0. 0. 0. 0. 0. 0. 0.
 0. 0. 0. 0. 0. 0. 0. 0. 0. 0. 0. 0.]
14.435070991516113,,4.807911837573073,-6.678207862841559,0.0,-0.0,0.0,0.22554964681023817,-0.974231675128548,[ 0.00723612  0.00018052 -0.00088882  0.00018052  0.00294774 -0.00224743
 -0.00088882 -0.00224743  0.0043375   0.          0.          0.
  0.          0.          0.          0.          0.          0.
  0.          0.          0.          0.          0.          0.
  0.          0.          0.          0.          0.          0.
  0.          0.          0.          0.          0.          0.        ],0.8954761904761904,0.0,0.0,0.0,0.0,0.0,[0. 0. 0. 0. 0. 0. 0. 0. 0. 0. 0. 0. 0. 0. 0. 0. 0. 0. 0. 0. 0. 0. 0. 0.
 0. 0. 0. 0. 0. 0. 0. 0. 0. 0. 0. 0.]
14.458624124526978,,4.818176584577393,-6.686191895384256,0.0,-0.0,0.0,0.2239577777732929,-0.974598847616212,[ 0.00731313  0.0002854  -0.00110549  0.0002854   0.00308805 -0.00242325
 -0.00110549 -0.00242325  0.00457239  0.          0.          0.
  0.          0.          0.          0.          0.          0.
  0.          0.          0.          0.          0.          0.
  0.          0.          0.          0.          0.          0.
  0.          0.          0.          0.          0.          0.        ],0.9147619047619048,0.0,0.0,0.0,0.0,0.0,[0. 0. 0. 0. 0. 0. 0. 0. 0. 0. 0. 0. 0. 0. 0. 0. 0. 0. 0. 0. 0. 0. 0. 0.
 0. 0. 0. 0. 0. 0. 0. 0. 0. 0. 0. 0.]
14.477128028869629,,4.830649119254214,-6.693840485011416,0.0,-0.0,0.0,0.22288419350762567,-0.9748449293525895,[ 7.07106171e-03 -5.14895742e-06 -8.66974417e-04 -5.14895742e-06
  3.11603978e-03 -2.47347128e-03 -8.66974417e-04 -2.47347128e-03
  4.77264227e-03  0.00000000e+00  0.00000000e+00  0.00000000e+00
  0.00000000e+00  0.00000000e+00  0.00000000e+00  0.00000000e+00
  0.00000000e+00  0.00000000e+00  0.00000000e+00  0.00000000e+00
  0.00000000e+00  0.00000000e+00  0.00000000e+00  0.00000000e+00
  0.00000000e+00  0.00000000e+00  0.00000000e+00  0.00000000e+00
  0.00000000e+00  0.00000000e+00  0.00000000e+00  0.00000000e+00
  0.00000000e+00  0.00000000e+00  0.00000000e+00  0.00000000e+00],0.9142857142857143,0.0,0.0,0.0,0.0,0.0,[0. 0. 0. 0. 0. 0. 0. 0. 0. 0. 0. 0. 0. 0. 0. 0. 0. 0. 0. 0. 0. 0. 0. 0.
 0. 0. 0. 0. 0. 0. 0. 0. 0. 0. 0. 0.]
14.500086069107056,,4.84653734934678,-6.703439795640348,0.0,-0.0,0.0,0.22173869568542165,-0.9751061228582907,[ 0.00668798 -0.00042465 -0.00057198 -0.00042465  0.00322756 -0.00259023
 -0.00057198 -0.00259023  0.00533343  0.          0.          0.
  0.          0.          0.          0.          0.          0.
  0.          0.          0.          0.          0.          0.
  0.          0.          0.          0.          0.          0.
  0.          0.          0.          0.          0.          0.        ],0.914047619047619,0.0,0.0,0.0,0.0,0.0,[0. 0. 0. 0. 0. 0. 0. 0. 0. 0. 0. 0. 0. 0. 0. 0. 0. 0. 0. 0. 0. 0. 0. 0.
 0. 0. 0. 0. 0. 0. 0. 0. 0. 0. 0. 0.]
14.522454023361206,,4.870313843437702,-6.721131446945316,0.0,-0.0,0.0,0.23449224658976847,-0.972117989901063,[ 0.00629611 -0.00046278 -0.00016647 -0.00046278  0.00324987 -0.00263279
 -0.00016647 -0.00263279  0.00451404  0.          0.          0.
  0.          0.          0.          0.          0.          0.
  0.          0.          0.          0.          0.          0.
  0.          0.          0.          0.          0.          0.
  0.          0.          0.          0.          0.          0.        ],0.9295238095238095,0.0,0.0,0.0,0.0,0.0,[0. 0. 0. 0. 0. 0. 0. 0. 0. 0. 0. 0. 0. 0. 0. 0. 0. 0. 0. 0. 0. 0. 0. 0.
 0. 0. 0. 0. 0. 0. 0. 0. 0. 0. 0. 0.]
14.545626163482666,,4.892065018084641,-6.734937148379734,0.0,-0.0,0.0,0.23138154559773838,-0.9728630840754529,[ 0.00602919 -0.00020897 -0.00045628 -0.00020897  0.00346561 -0.00278634
 -0.00045628 -0.00278634  0.00474888  0.          0.          0.
  0.          0.          0.          0.          0.          0.
  0.          0.          0.          0.          0.          0.
  0.          0.          0.          0.          0.          0.
  0.          0.          0.          0.          0.          0.        ],0.9366666666666666,0.0,0.0,0.0,0.0,0.0,[0. 0. 0. 0. 0. 0. 0. 0. 0. 0. 0. 0. 0. 0. 0. 0. 0. 0. 0. 0. 0. 0. 0. 0.
 0. 0. 0. 0. 0. 0. 0. 0. 0. 0. 0. 0.]
14.563041687011719,,4.907425557404577,-6.746679709433951,0.0,-0.0,0.0,0.22723908176737845,-0.97383900092239,[ 6.05151167e-03 -7.88962795e-05 -5.84918202e-04 -7.88962795e-05
  3.66538246e-03 -3.05066263e-03 -5.84918202e-04 -3.05066263e-03
  5.15585213e-03  0.00000000e+00  0.00000000e+00  0.00000000e+00
  0.00000000e+00  0.00000000e+00  0.00000000e+00  0.00000000e+00
  0.00000000e+00  0.00000000e+00  0.00000000e+00  0.00000000e+00
  0.00000000e+00  0.00000000e+00  0.00000000e+00  0.00000000e+00
  0.00000000e+00  0.00000000e+00  0.00000000e+00  0.00000000e+00
  0.00000000e+00  0.00000000e+00  0.00000000e+00  0.00000000e+00
  0.00000000e+00  0.00000000e+00  0.00000000e+00  0.00000000e+00],0.9447619047619048,0.0,0.0,0.0,0.0,0.0,[0. 0. 0. 0. 0. 0. 0. 0. 0. 0. 0. 0. 0. 0. 0. 0. 0. 0. 0. 0. 0. 0. 0. 0.
 0. 0. 0. 0. 0. 0. 0. 0. 0. 0. 0. 0.]
14.579033136367798,,4.921776997640225,-6.7590815059702285,0.0,-0.0,0.0,0.22481919516396615,-0.9744004974782322,[ 5.98079109e-03 -6.06524583e-05 -5.34693272e-04 -6.06524583e-05
  4.07412965e-03 -3.27967218e-03 -5.34693272e-04 -3.27967218e-03
  5.58989795e-03  0.00000000e+00  0.00000000e+00  0.00000000e+00
  0.00000000e+00  0.00000000e+00  0.00000000e+00  0.00000000e+00
  0.00000000e+00  0.00000000e+00  0.00000000e+00  0.00000000e+00
  0.00000000e+00  0.00000000e+00  0.00000000e+00  0.00000000e+00
  0.00000000e+00  0.00000000e+00  0.00000000e+00  0.00000000e+00
  0.00000000e+00  0.00000000e+00  0.00000000e+00  0.00000000e+00
  0.00000000e+00  0.00000000e+00  0.00000000e+00  0.00000000e+00],0.9554761904761905,0.0,0.0,0.0,0.0,0.0,[0. 0. 0. 0. 0. 0. 0. 0. 0. 0. 0. 0. 0. 0. 0. 0. 0. 0. 0. 0. 0. 0. 0. 0.
 0. 0. 0. 0. 0. 0. 0. 0. 0. 0. 0. 0.]
14.596828937530518,,4.920827998660409,-6.769020301765235,0.0,-0.0,0.0,0.2202559039297807,-0.9754421237490594,[ 6.22825213e-03  1.49002620e-05 -5.51745723e-04  1.49002620e-05
  4.63202254e-03 -3.89088035e-03 -5.51745723e-04 -3.89088035e-03
  6.31485191e-03  0.00000000e+00  0.00000000e+00  0.00000000e+00
  0.00000000e+00  0.00000000e+00  0.00000000e+00  0.00000000e+00
  0.00000000e+00  0.00000000e+00  0.00000000e+00  0.00000000e+00
  0.00000000e+00  0.00000000e+00  0.00000000e+00  0.00000000e+00
  0.00000000e+00  0.00000000e+00  0.00000000e+00  0.00000000e+00
  0.00000000e+00  0.00000000e+00  0.00000000e+00  0.00000000e+00
  0.00000000e+00  0.00000000e+00  0.00000000e+00  0.00000000e+00],0.955,0.0,0.0,0.0,0.0,0.0,[0. 0. 0. 0. 0. 0. 0. 0. 0. 0. 0. 0. 0. 0. 0. 0. 0. 0. 0. 0. 0. 0. 0. 0.
 0. 0. 0. 0. 0. 0. 0. 0. 0. 0. 0. 0.]
14.612497329711914,,4.927710106993549,-6.779519006286648,0.0,-0.0,0.0,0.21626660722138286,-0.9763343457038435,[ 6.29792936e-03 -8.38928449e-05 -5.79375856e-04 -8.38928449e-05
  4.65269943e-03 -3.92322824e-03 -5.79375856e-04 -3.92322824e-03
  6.53507224e-03  0.00000000e+00  0.00000000e+00  0.00000000e+00
  0.00000000e+00  0.00000000e+00  0.00000000e+00  0.00000000e+00
  0.00000000e+00  0.00000000e+00  0.00000000e+00  0.00000000e+00
  0.00000000e+00  0.00000000e+00  0.00000000e+00  0.00000000e+00
  0.00000000e+00  0.00000000e+00  0.00000000e+00  0.00000000e+00
  0.00000000e+00  0.00000000e+00  0.00000000e+00  0.00000000e+00
  0.00000000e+00  0.00000000e+00  0.00000000e+00  0.00000000e+00],0.9695238095238096,0.0,0.0,0.0,0.0,0.0,[0. 0. 0. 0. 0. 0. 0. 0. 0. 0. 0. 0. 0. 0. 0. 0. 0. 0. 0. 0. 0. 0. 0. 0.
 0. 0. 0. 0. 0. 0. 0. 0. 0. 0. 0. 0.]
14.636481761932373,,4.964000566587755,-6.800358586311793,0.0,-0.0,0.0,0.22719004205569993,-0.9738504427224589,[ 0.00577387  0.00051622 -0.00097122  0.00051622  0.00487741 -0.00423097
 -0.00097122 -0.00423097  0.00616914  0.          0.          0.
  0.          0.          0.          0.          0.          0.
  0.          0.          0.          0.          0.          0.
  0.          0.          0.          0.          0.          0.
  0.          0.          0.          0.          0.          0.        ],0.9747619047619047,0.0,0.0,0.0,0.0,0.0,[0. 0. 0. 0. 0. 0. 0. 0. 0. 0. 0. 0. 0. 0. 0. 0. 0. 0. 0. 0. 0. 0. 0. 0.
 0. 0. 0. 0. 0. 0. 0. 0. 0. 0. 0. 0.]
14.65585732460022,,4.976783802920479,-6.821503584323556,0.0,-0.0,0.0,0.22016981736125832,-0.9754615581985331,[ 0.00513018  0.00057459 -0.00076977  0.00057459  0.00485429 -0.00422089
 -0.00076977 -0.00422089  0.00620373  0.          0.          0.
  0.          0.          0.          0.          0.          0.
  0.          0.          0.          0.          0.          0.
  0.          0.          0.          0.          0.          0.
  0.          0.          0.          0.          0.          0.        ],0.9828571428571429,0.0,0.0,0.0,0.0,0.0,[0. 0. 0. 0. 0. 0. 0. 0. 0. 0. 0. 0. 0. 0. 0. 0. 0. 0. 0. 0. 0. 0. 0. 0.
 0. 0. 0. 0. 0. 0. 0. 0. 0. 0. 0. 0.]
14.678900718688965,,4.992087283281221,-6.842428870690558,0.0,-0.0,0.0,0.2124776116483433,-0.9771659350121737,[ 0.00536356  0.00050076 -0.00054394  0.00050076  0.00485335 -0.00432655
 -0.00054394 -0.00432655  0.00687711  0.          0.          0.
  0.          0.          0.          0.          0.          0.
  0.          0.          0.          0.          0.          0.
  0.          0.          0.          0.          0.          0.
  0.          0.          0.          0.          0.          0.        ],0.9928571428571429,0.0,0.0,0.0,0.0,0.0,[0. 0. 0. 0. 0. 0. 0. 0. 0. 0. 0. 0. 0. 0. 0. 0. 0. 0. 0. 0. 0. 0. 0. 0.
 0. 0. 0. 0. 0. 0. 0. 0. 0. 0. 0. 0.]
14.69711184501648,,5.021075878717881,-6.86563328193753,0.0,-0.0,0.0,0.22129641976130765,-0.9752065907287681,[ 0.00468189  0.00049052 -0.00046091  0.00049052  0.00444821 -0.00390337
 -0.00046091 -0.00390337  0.00580678  0.          0.          0.
  0.          0.          0.          0.          0.          0.
  0.          0.          0.          0.          0.          0.
  0.          0.          0.          0.          0.          0.
  0.          0.          0.          0.          0.          0.        ],0.9988095238095238,0.0,0.0,0.0,0.0,0.0,[0. 0. 0. 0. 0. 0. 0. 0. 0. 0. 0. 0. 0. 0. 0. 0. 0. 0. 0. 0. 0. 0. 0. 0.
 0. 0. 0. 0. 0. 0. 0. 0. 0. 0. 0. 0.]
14.719340085983276,,5.044497606804505,-6.891130262762572,0.0,-0.0,0.0,0.2129917175519002,-0.9770540047788001,[ 0.00460712  0.00054293 -0.00043698  0.00054293  0.0045197  -0.00390694
 -0.00043698 -0.00390694  0.00637218  0.          0.          0.
  0.          0.          0.          0.          0.          0.
  0.          0.          0.          0.          0.          0.
  0.          0.          0.          0.          0.          0.
  0.          0.          0.          0.          0.          0.        ],1.0088095238095238,0.0,0.0,0.0,0.0,0.0,[0. 0. 0. 0. 0. 0. 0. 0. 0. 0. 0. 0. 0. 0. 0. 0. 0. 0. 0. 0. 0. 0. 0. 0.
 0. 0. 0. 0. 0. 0. 0. 0. 0. 0. 0. 0.]
14.759079694747925,,5.0568978727229705,-6.908999630112605,0.0,-0.0,0.0,0.20435901864105557,-0.9788960064787601,[ 0.00449906  0.00027953 -0.00018063  0.00027953  0.00440652 -0.00400598
 -0.00018063 -0.00400598  0.006738    0.          0.          0.
  0.          0.          0.          0.          0.          0.
  0.          0.          0.          0.          0.          0.
  0.          0.          0.          0.          0.          0.
  0.          0.          0.          0.          0.          0.        ],0.955,0.0,0.0,0.0,0.0,0.0,[0. 0. 0. 0. 0. 0. 0. 0. 0. 0. 0. 0. 0. 0. 0. 0. 0. 0. 0. 0. 0. 0. 0. 0.
 0. 0. 0. 0. 0. 0. 0. 0. 0. 0. 0. 0.]
14.776618719100952,,5.095926914332968,-6.936623368460621,0.0,-0.0,0.0,0.21216546380096002,-0.9772337570766391,[ 4.01855227e-03  1.97059315e-04 -3.50608898e-06  1.97059315e-04
  3.78296874e-03 -3.65248530e-03 -3.50608898e-06 -3.65248530e-03
  6.18183176e-03  0.00000000e+00  0.00000000e+00  0.00000000e+00
  0.00000000e+00  0.00000000e+00  0.00000000e+00  0.00000000e+00
  0.00000000e+00  0.00000000e+00  0.00000000e+00  0.00000000e+00
  0.00000000e+00  0.00000000e+00  0.00000000e+00  0.00000000e+00
  0.00000000e+00  0.00000000e+00  0.00000000e+00  0.00000000e+00
  0.00000000e+00  0.00000000e+00  0.00000000e+00  0.00000000e+00
  0.00000000e+00  0.00000000e+00  0.00000000e+00  0.00000000e+00],0.8426190476190476,0.0,0.0,0.0,0.0,0.0,[0. 0. 0. 0. 0. 0. 0. 0. 0. 0. 0. 0. 0. 0. 0. 0. 0. 0. 0. 0. 0. 0. 0. 0.
 0. 0. 0. 0. 0. 0. 0. 0. 0. 0. 0. 0.]
14.797191143035889,,5.110285263658215,-6.9549518095149825,0.0,-0.0,0.0,0.2046420687979783,-0.9788368728639535,[ 3.75944366e-03  1.34667423e-04  9.19753296e-05  1.34667423e-04
  3.41474308e-03 -3.03839726e-03  9.19753296e-05 -3.03839726e-03
  5.61049914e-03  0.00000000e+00  0.00000000e+00  0.00000000e+00
  0.00000000e+00  0.00000000e+00  0.00000000e+00  0.00000000e+00
  0.00000000e+00  0.00000000e+00  0.00000000e+00  0.00000000e+00
  0.00000000e+00  0.00000000e+00  0.00000000e+00  0.00000000e+00
  0.00000000e+00  0.00000000e+00  0.00000000e+00  0.00000000e+00
  0.00000000e+00  0.00000000e+00  0.00000000e+00  0.00000000e+00
  0.00000000e+00  0.00000000e+00  0.00000000e+00  0.00000000e+00],0.8804761904761905,0.0,0.0,0.0,0.0,0.0,[0. 0. 0. 0. 0. 0. 0. 0. 0. 0. 0. 0. 0. 0. 0. 0. 0. 0. 0. 0. 0. 0. 0. 0.
 0. 0. 0. 0. 0. 0. 0. 0. 0. 0. 0. 0.]
14.816120624542236,,5.144868906131495,-6.97711792826845,0.0,-0.0,0.0,0.21297291096309667,-0.9770581043090042,[ 0.00336922  0.0001426   0.00010312  0.0001426   0.00337898 -0.00326971
  0.00010312 -0.00326971  0.00593523  0.          0.          0.
  0.          0.          0.          0.          0.          0.
  0.          0.          0.          0.          0.          0.
  0.          0.          0.          0.          0.          0.
  0.          0.          0.          0.          0.          0.        ],0.8995238095238095,0.0,0.0,0.0,0.0,0.0,[0. 0. 0. 0. 0. 0. 0. 0. 0. 0. 0. 0. 0. 0. 0. 0. 0. 0. 0. 0. 0. 0. 0. 0.
 0. 0. 0. 0. 0. 0. 0. 0. 0. 0. 0. 0.]
14.834727764129639,,5.166043691393212,-6.99757721891132,0.0,-0.0,0.0,0.2035369269373615,-0.9790672700958271,[ 0.00342962 -0.00010898  0.00043944 -0.00010898  0.00308455 -0.00281075
  0.00043944 -0.00281075  0.00553603  0.          0.          0.
  0.          0.          0.          0.          0.          0.
  0.          0.          0.          0.          0.          0.
  0.          0.          0.          0.          0.          0.
  0.          0.          0.          0.          0.          0.        ],0.8947619047619048,0.0,0.0,0.0,0.0,0.0,[0. 0. 0. 0. 0. 0. 0. 0. 0. 0. 0. 0. 0. 0. 0. 0. 0. 0. 0. 0. 0. 0. 0. 0.
 0. 0. 0. 0. 0. 0. 0. 0. 0. 0. 0. 0.]
14.855680227279663,,5.181579399993707,-7.007561423205972,0.0,-0.0,0.0,0.19858132464071135,-0.9800844134583206,[ 0.00352237 -0.00015059  0.00038845 -0.00015059  0.00307748 -0.0027411
  0.00038845 -0.0027411   0.0058146   0.          0.          0.
  0.          0.          0.          0.          0.          0.
  0.          0.          0.          0.          0.          0.
  0.          0.          0.          0.          0.          0.
  0.          0.          0.          0.          0.          0.        ],0.8857142857142857,0.0,0.0,0.0,0.0,0.0,[0. 0. 0. 0. 0. 0. 0. 0. 0. 0. 0. 0. 0. 0. 0. 0. 0. 0. 0. 0. 0. 0. 0. 0.
 0. 0. 0. 0. 0. 0. 0. 0. 0. 0. 0. 0.]
14.875726699829102,,5.187049706160566,-7.016534930341978,0.0,-0.0,0.0,0.19585005258306962,-0.9806338546589185,[ 0.00364461 -0.00028632  0.00067798 -0.00028632  0.00328566 -0.00311048
  0.00067798 -0.00311048  0.00655335  0.          0.          0.
  0.          0.          0.          0.          0.          0.
  0.          0.          0.          0.          0.          0.
  0.          0.          0.          0.          0.          0.
  0.          0.          0.          0.          0.          0.        ],0.8823809523809524,0.0,0.0,0.0,0.0,0.0,[0. 0. 0. 0. 0. 0. 0. 0. 0. 0. 0. 0. 0. 0. 0. 0. 0. 0. 0. 0. 0. 0. 0. 0.
 0. 0. 0. 0. 0. 0. 0. 0. 0. 0. 0. 0.]
14.90972089767456,,5.215355162384437,-7.0301009188656245,0.0,-0.0,0.0,0.2076498392119864,-0.9782032223803171,[ 3.12935848e-03  5.79854161e-06  3.31880922e-04  5.79854161e-06
  3.27112794e-03 -3.02279001e-03  3.31880922e-04 -3.02279001e-03
  5.64321499e-03  0.00000000e+00  0.00000000e+00  0.00000000e+00
  0.00000000e+00  0.00000000e+00  0.00000000e+00  0.00000000e+00
  0.00000000e+00  0.00000000e+00  0.00000000e+00  0.00000000e+00
  0.00000000e+00  0.00000000e+00  0.00000000e+00  0.00000000e+00
  0.00000000e+00  0.00000000e+00  0.00000000e+00  0.00000000e+00
  0.00000000e+00  0.00000000e+00  0.00000000e+00  0.00000000e+00
  0.00000000e+00  0.00000000e+00  0.00000000e+00  0.00000000e+00],0.8914285714285715,0.0,0.0,0.0,0.0,0.0,[0. 0. 0. 0. 0. 0. 0. 0. 0. 0. 0. 0. 0. 0. 0. 0. 0. 0. 0. 0. 0. 0. 0. 0.
 0. 0. 0. 0. 0. 0. 0. 0. 0. 0. 0. 0.]
14.925983190536499,,5.229852103243929,-7.038630744674369,0.0,-0.0,0.0,0.20293885239786238,-0.9791914124355047,[ 0.00306252  0.00016223  0.00031363  0.00016223  0.00337518 -0.00301414
  0.00031363 -0.00301414  0.00585023  0.          0.          0.
  0.          0.          0.          0.          0.          0.
  0.          0.          0.          0.          0.          0.
  0.          0.          0.          0.          0.          0.
  0.          0.          0.          0.          0.          0.        ],0.8807142857142857,0.0,0.0,0.0,0.0,0.0,[0. 0. 0. 0. 0. 0. 0. 0. 0. 0. 0. 0. 0. 0. 0. 0. 0. 0. 0. 0. 0. 0. 0. 0.
 0. 0. 0. 0. 0. 0. 0. 0. 0. 0. 0. 0.]
14.945651292800903,,5.262158214457147,-7.052765370100189,0.0,-0.0,0.0,0.2136432934962187,-0.9769117376427047,[ 0.0029534   0.00019053  0.00043195  0.00019053  0.00331657 -0.00312068
  0.00043195 -0.00312068  0.00576937  0.          0.          0.
  0.          0.          0.          0.          0.          0.
  0.          0.          0.          0.          0.          0.
  0.          0.          0.          0.          0.          0.
  0.          0.          0.          0.          0.          0.        ],0.8671428571428571,0.0,0.0,0.0,0.0,0.0,[0. 0. 0. 0. 0. 0. 0. 0. 0. 0. 0. 0. 0. 0. 0. 0. 0. 0. 0. 0. 0. 0. 0. 0.
 0. 0. 0. 0. 0. 0. 0. 0. 0. 0. 0. 0.]
14.966937780380249,,5.276311352683178,-7.0574783462511,0.0,-0.0,0.0,0.21221177046735418,-0.9772237023707064,[ 2.80565587e-03 -9.54106131e-06  5.15024743e-04 -9.54106131e-06
  3.36251663e-03 -3.08202291e-03  5.15024743e-04 -3.08202291e-03
  5.86862402e-03  0.00000000e+00  0.00000000e+00  0.00000000e+00
  0.00000000e+00  0.00000000e+00  0.00000000e+00  0.00000000e+00
  0.00000000e+00  0.00000000e+00  0.00000000e+00  0.00000000e+00
  0.00000000e+00  0.00000000e+00  0.00000000e+00  0.00000000e+00
  0.00000000e+00  0.00000000e+00  0.00000000e+00  0.00000000e+00
  0.00000000e+00  0.00000000e+00  0.00000000e+00  0.00000000e+00
  0.00000000e+00  0.00000000e+00  0.00000000e+00  0.00000000e+00],0.8528571428571429,0.0,0.0,0.0,0.0,0.0,[0. 0. 0. 0. 0. 0. 0. 0. 0. 0. 0. 0. 0. 0. 0. 0. 0. 0. 0. 0. 0. 0. 0. 0.
 0. 0. 0. 0. 0. 0. 0. 0. 0. 0. 0. 0.]
14.982155084609985,,5.292474518190546,-7.0641919419692965,0.0,-0.0,0.0,0.20841936076712392,-0.9780395544442072,[ 2.82938414e-03 -4.98172481e-06  5.80807433e-04 -4.98172481e-06
  3.10739223e-03 -2.80687627e-03  5.80807433e-04 -2.80687627e-03
  5.99302736e-03  0.00000000e+00  0.00000000e+00  0.00000000e+00
  0.00000000e+00  0.00000000e+00  0.00000000e+00  0.00000000e+00
  0.00000000e+00  0.00000000e+00  0.00000000e+00  0.00000000e+00
  0.00000000e+00  0.00000000e+00  0.00000000e+00  0.00000000e+00
  0.00000000e+00  0.00000000e+00  0.00000000e+00  0.00000000e+00
  0.00000000e+00  0.00000000e+00  0.00000000e+00  0.00000000e+00
  0.00000000e+00  0.00000000e+00  0.00000000e+00  0.00000000e+00],0.8461904761904762,0.0,0.0,0.0,0.0,0.0,[0. 0. 0. 0. 0. 0. 0. 0. 0. 0. 0. 0. 0. 0. 0. 0. 0. 0. 0. 0. 0. 0. 0. 0.
 0. 0. 0. 0. 0. 0. 0. 0. 0. 0. 0. 0.]
15.0018150806427,,5.300445831169393,-7.066992772871841,0.0,-0.0,0.0,0.20829222749624654,-0.9780666377934848,[ 3.13512466e-03 -5.05339572e-05  5.89102953e-04 -5.05339572e-05
  3.04666796e-03 -2.82261201e-03  5.89102953e-04 -2.82261201e-03
  6.36296320e-03  0.00000000e+00  0.00000000e+00  0.00000000e+00
  0.00000000e+00  0.00000000e+00  0.00000000e+00  0.00000000e+00
  0.00000000e+00  0.00000000e+00  0.00000000e+00  0.00000000e+00
  0.00000000e+00  0.00000000e+00  0.00000000e+00  0.00000000e+00
  0.00000000e+00  0.00000000e+00  0.00000000e+00  0.00000000e+00
  0.00000000e+00  0.00000000e+00  0.00000000e+00  0.00000000e+00
  0.00000000e+00  0.00000000e+00  0.00000000e+00  0.00000000e+00],0.8445238095238096,0.0,0.0,0.0,0.0,0.0,[0. 0. 0. 0. 0. 0. 0. 0. 0. 0. 0. 0. 0. 0. 0. 0. 0. 0. 0. 0. 0. 0. 0. 0.
 0. 0. 0. 0. 0. 0. 0. 0. 0. 0. 0. 0.]
15.02743124961853,,5.330301552839184,-7.072771027537791,0.0,-0.0,0.0,0.21941518315287903,-0.9756315787232333,[ 2.72987752e-03 -6.34779380e-05  8.27052116e-04 -6.34779380e-05
  2.83942938e-03 -2.53917232e-03  8.27052116e-04 -2.53917232e-03
  5.55052373e-03  0.00000000e+00  0.00000000e+00  0.00000000e+00
  0.00000000e+00  0.00000000e+00  0.00000000e+00  0.00000000e+00
  0.00000000e+00  0.00000000e+00  0.00000000e+00  0.00000000e+00
  0.00000000e+00  0.00000000e+00  0.00000000e+00  0.00000000e+00
  0.00000000e+00  0.00000000e+00  0.00000000e+00  0.00000000e+00
  0.00000000e+00  0.00000000e+00  0.00000000e+00  0.00000000e+00
  0.00000000e+00  0.00000000e+00  0.00000000e+00  0.00000000e+00],0.8492857142857143,0.0,0.0,0.0,0.0,0.0,[0. 0. 0. 0. 0. 0. 0. 0. 0. 0. 0. 0. 0. 0. 0. 0. 0. 0. 0. 0. 0. 0. 0. 0.
 0. 0. 0. 0. 0. 0. 0. 0. 0. 0. 0. 0.]
15.052834033966064,,5.34241090852493,-7.080081704354574,0.0,-0.0,0.0,0.21780350988512243,-0.9759926388460731,[ 0.00262108 -0.00020934  0.00070825 -0.00020934  0.00266453 -0.00251991
  0.00070825 -0.00251991  0.00576415  0.          0.          0.
  0.          0.          0.          0.          0.          0.
  0.          0.          0.          0.          0.          0.
  0.          0.          0.          0.          0.          0.
  0.          0.          0.          0.          0.          0.        ],0.8385714285714285,0.0,0.0,0.0,0.0,0.0,[0. 0. 0. 0. 0. 0. 0. 0. 0. 0. 0. 0. 0. 0. 0. 0. 0. 0. 0. 0. 0. 0. 0. 0.
 0. 0. 0. 0. 0. 0. 0. 0. 0. 0. 0. 0.]
15.07169485092163,,5.37084448511502,-7.0878980582490785,0.0,-0.0,0.0,0.229254152934472,-0.9733665976199809,[ 0.00238559 -0.00021713  0.0008964  -0.00021713  0.00256375 -0.0024928
  0.0008964  -0.0024928   0.00557813  0.          0.          0.
  0.          0.          0.          0.          0.          0.
  0.          0.          0.          0.          0.          0.
  0.          0.          0.          0.          0.          0.
  0.          0.          0.          0.          0.          0.        ],0.8304761904761905,0.0,0.0,0.0,0.0,0.0,[0. 0. 0. 0. 0. 0. 0. 0. 0. 0. 0. 0. 0. 0. 0. 0. 0. 0. 0. 0. 0. 0. 0. 0.
 0. 0. 0. 0. 0. 0. 0. 0. 0. 0. 0. 0.]
15.08804202079773,,5.386840613065371,-7.093066599116754,0.0,-0.0,0.0,0.2260040724191426,-0.9741263569219154,[ 0.00252389 -0.0002624   0.00097407 -0.0002624   0.00237225 -0.00214593
  0.00097407 -0.00214593  0.00533251  0.          0.          0.
  0.          0.          0.          0.          0.          0.
  0.          0.          0.          0.          0.          0.
  0.          0.          0.          0.          0.          0.
  0.          0.          0.          0.          0.          0.        ],0.8254761904761905,0.0,0.0,0.0,0.0,0.0,[0. 0. 0. 0. 0. 0. 0. 0. 0. 0. 0. 0. 0. 0. 0. 0. 0. 0. 0. 0. 0. 0. 0. 0.
 0. 0. 0. 0. 0. 0. 0. 0. 0. 0. 0. 0.]
15.101589679718018,,5.3955284065390945,-7.096284810527092,0.0,-0.0,0.0,0.225324299690086,-0.9742838190020259,[ 0.00260588 -0.00022586  0.000818   -0.00022586  0.00211691 -0.00198832
  0.000818   -0.00198832  0.00551769  0.          0.          0.
  0.          0.          0.          0.          0.          0.
  0.          0.          0.          0.          0.          0.
  0.          0.          0.          0.          0.          0.
  0.          0.          0.          0.          0.          0.        ],0.8219047619047619,0.0,0.0,0.0,0.0,0.0,[0. 0. 0. 0. 0. 0. 0. 0. 0. 0. 0. 0. 0. 0. 0. 0. 0. 0. 0. 0. 0. 0. 0. 0.
 0. 0. 0. 0. 0. 0. 0. 0. 0. 0. 0. 0.]
15.128969192504883,,5.403176809978341,-7.1012053135460365,0.0,-0.0,0.0,0.22091666795821224,-0.9752926872576463,[ 0.00268311 -0.00034745  0.00102513 -0.00034745  0.00222183 -0.00201926
  0.00102513 -0.00201926  0.00557974  0.          0.          0.
  0.          0.          0.          0.          0.          0.
  0.          0.          0.          0.          0.          0.
  0.          0.          0.          0.          0.          0.
  0.          0.          0.          0.          0.          0.        ],0.82,0.0,0.0,0.0,0.0,0.0,[0. 0. 0. 0. 0. 0. 0. 0. 0. 0. 0. 0. 0. 0. 0. 0. 0. 0. 0. 0. 0. 0. 0. 0.
 0. 0. 0. 0. 0. 0. 0. 0. 0. 0. 0. 0.]
15.16383981704712,,5.433086471486193,-7.112983653428203,0.0,-0.0,0.0,0.23199768084854439,-0.9727163389605918,[ 0.00261541 -0.00040965  0.00130557 -0.00040965  0.00219103 -0.00208585
  0.00130557 -0.00208585  0.00563818  0.          0.          0.
  0.          0.          0.          0.          0.          0.
  0.          0.          0.          0.          0.          0.
  0.          0.          0.          0.          0.          0.
  0.          0.          0.          0.          0.          0.        ],0.820952380952381,0.0,0.0,0.0,0.0,0.0,[0. 0. 0. 0. 0. 0. 0. 0. 0. 0. 0. 0. 0. 0. 0. 0. 0. 0. 0. 0. 0. 0. 0. 0.
 0. 0. 0. 0. 0. 0. 0. 0. 0. 0. 0. 0.]
15.183916568756104,,5.445589008631564,-7.116030553292986,0.0,-0.0,0.0,0.22774525494617096,-0.973720749932702,[ 0.00264596 -0.00052198  0.0013349  -0.00052198  0.00225944 -0.0021137
  0.0013349  -0.0021137   0.0058257   0.          0.          0.
  0.          0.          0.          0.          0.          0.
  0.          0.          0.          0.          0.          0.
  0.          0.          0.          0.          0.          0.
  0.          0.          0.          0.          0.          0.        ],0.8011904761904762,0.0,0.0,0.0,0.0,0.0,[0. 0. 0. 0. 0. 0. 0. 0. 0. 0. 0. 0. 0. 0. 0. 0. 0. 0. 0. 0. 0. 0. 0. 0.
 0. 0. 0. 0. 0. 0. 0. 0. 0. 0. 0. 0.]
15.203488111495972,,5.455245430070617,-7.116807329382922,0.0,-0.0,0.0,0.2257105712335409,-0.9741944046407928,[ 0.00256827 -0.0005312   0.00127345 -0.0005312   0.00222371 -0.00207156
  0.00127345 -0.00207156  0.00575911  0.          0.          0.
  0.          0.          0.          0.          0.          0.
  0.          0.          0.          0.          0.          0.
  0.          0.          0.          0.          0.          0.
  0.          0.          0.          0.          0.          0.        ],0.775952380952381,0.0,0.0,0.0,0.0,0.0,[0. 0. 0. 0. 0. 0. 0. 0. 0. 0. 0. 0. 0. 0. 0. 0. 0. 0. 0. 0. 0. 0. 0. 0.
 0. 0. 0. 0. 0. 0. 0. 0. 0. 0. 0. 0.]
15.228614807128906,,5.476764694486077,-7.123323441185797,0.0,-0.0,0.0,0.20646849167929104,-0.9784532497486421,[ 0.00246398 -0.00051883  0.00150551 -0.00051883  0.00212181 -0.00198719
  0.00150551 -0.00198719  0.00560482  0.          0.          0.
  0.          0.          0.          0.          0.          0.
  0.          0.          0.          0.          0.          0.
  0.          0.          0.          0.          0.          0.
  0.          0.          0.          0.          0.          0.        ],0.7542857142857143,0.0,0.0,0.0,0.0,0.0,[0. 0. 0. 0. 0. 0. 0. 0. 0. 0. 0. 0. 0. 0. 0. 0. 0. 0. 0. 0. 0. 0. 0. 0.
 0. 0. 0. 0. 0. 0. 0. 0. 0. 0. 0. 0.]
15.245324611663818,,5.485949079456837,-7.124752125432275,0.0,-0.0,0.0,0.20273557692490038,-0.9792335195697336,[ 0.00253871 -0.00053068  0.00146065 -0.00053068  0.00205425 -0.00191443
  0.00146065 -0.00191443  0.00577034  0.          0.          0.
  0.          0.          0.          0.          0.          0.
  0.          0.          0.          0.          0.          0.
  0.          0.          0.          0.          0.          0.
  0.          0.          0.          0.          0.          0.        ],0.741904761904762,0.0,0.0,0.0,0.0,0.0,[0. 0. 0. 0. 0. 0. 0. 0. 0. 0. 0. 0. 0. 0. 0. 0. 0. 0. 0. 0. 0. 0. 0. 0.
 0. 0. 0. 0. 0. 0. 0. 0. 0. 0. 0. 0.]
15.26706051826477,,5.490280352373753,-7.124897550188289,0.0,-0.0,0.0,0.20159999479368867,-0.9794679382701532,[ 0.00257571 -0.00065967  0.00144065 -0.00065967  0.00186626 -0.00178915
  0.00144065 -0.00178915  0.00545024  0.          0.          0.
  0.          0.          0.          0.          0.          0.
  0.          0.          0.          0.          0.          0.
  0.          0.          0.          0.          0.          0.
  0.          0.          0.          0.          0.          0.        ],0.7288095238095238,0.0,0.0,0.0,0.0,0.0,[0. 0. 0. 0. 0. 0. 0. 0. 0. 0. 0. 0. 0. 0. 0. 0. 0. 0. 0. 0. 0. 0. 0. 0.
 0. 0. 0. 0. 0. 0. 0. 0. 0. 0. 0. 0.]
15.284455299377441,,5.498273982252738,-7.1250388230690636,0.0,-0.0,0.0,0.199424960067221,-0.9799131008932309,[ 0.00267855 -0.00070296  0.0016208  -0.00070296  0.00182079 -0.00174274
  0.0016208  -0.00174274  0.00578466  0.          0.          0.
  0.          0.          0.          0.          0.          0.
  0.          0.          0.          0.          0.          0.
  0.          0.          0.          0.          0.          0.
  0.          0.          0.          0.          0.          0.        ],0.7242857142857143,0.0,0.0,0.0,0.0,0.0,[0. 0. 0. 0. 0. 0. 0. 0. 0. 0. 0. 0. 0. 0. 0. 0. 0. 0. 0. 0. 0. 0. 0. 0.
 0. 0. 0. 0. 0. 0. 0. 0. 0. 0. 0. 0.]
15.306751012802124,,5.541155237110471,-7.13094330691276,0.0,-0.0,0.0,0.19480650026849794,-0.9808416933701074,[ 0.0024822  -0.00052307  0.00179047 -0.00052307  0.00179093 -0.00176409
  0.00179047 -0.00176409  0.00569075  0.          0.          0.
  0.          0.          0.          0.          0.          0.
  0.          0.          0.          0.          0.          0.
  0.          0.          0.          0.          0.          0.
  0.          0.          0.          0.          0.          0.        ],0.7147619047619047,0.0,0.0,0.0,0.0,0.0,[0. 0. 0. 0. 0. 0. 0. 0. 0. 0. 0. 0. 0. 0. 0. 0. 0. 0. 0. 0. 0. 0. 0. 0.
 0. 0. 0. 0. 0. 0. 0. 0. 0. 0. 0. 0.]
15.326663494110107,,5.563680245750597,-7.133695609072273,0.0,-0.0,0.0,0.18840880030333607,-0.9820906902971118,[ 0.00249394 -0.00057046  0.0019397  -0.00057046  0.00185619 -0.00167755
  0.0019397  -0.00167755  0.00589142  0.          0.          0.
  0.          0.          0.          0.          0.          0.
  0.          0.          0.          0.          0.          0.
  0.          0.          0.          0.          0.          0.
  0.          0.          0.          0.          0.          0.        ],0.7102380952380952,0.0,0.0,0.0,0.0,0.0,[0. 0. 0. 0. 0. 0. 0. 0. 0. 0. 0. 0. 0. 0. 0. 0. 0. 0. 0. 0. 0. 0. 0. 0.
 0. 0. 0. 0. 0. 0. 0. 0. 0. 0. 0. 0.]
15.352824449539185,,5.573722819231339,-7.138925827311977,0.0,-0.0,0.0,0.18391437695791896,-0.9829422678612313,[ 0.00250759 -0.00057259  0.00179496 -0.00057259  0.00180883 -0.00158705
  0.00179496 -0.00158705  0.00573622  0.          0.          0.
  0.          0.          0.          0.          0.          0.
  0.          0.          0.          0.          0.          0.
  0.          0.          0.          0.          0.          0.
  0.          0.          0.          0.          0.          0.        ],0.7292857142857143,0.0,0.0,0.0,0.0,0.0,[0. 0. 0. 0. 0. 0. 0. 0. 0. 0. 0. 0. 0. 0. 0. 0. 0. 0. 0. 0. 0. 0. 0. 0.
 0. 0. 0. 0. 0. 0. 0. 0. 0. 0. 0. 0.]
15.370939254760742,,5.597775852353863,-7.141236289656943,0.0,-0.0,0.0,0.1640900530902912,-0.9864453631483223,[ 0.00234056 -0.00051721  0.00182123 -0.00051721  0.00167542 -0.00164496
  0.00182123 -0.00164496  0.00586264  0.          0.          0.
  0.          0.          0.          0.          0.          0.
  0.          0.          0.          0.          0.          0.
  0.          0.          0.          0.          0.          0.
  0.          0.          0.          0.          0.          0.        ],0.7642857142857142,0.0,0.0,0.0,0.0,0.0,[0. 0. 0. 0. 0. 0. 0. 0. 0. 0. 0. 0. 0. 0. 0. 0. 0. 0. 0. 0. 0. 0. 0. 0.
 0. 0. 0. 0. 0. 0. 0. 0. 0. 0. 0. 0.]
15.395071983337402,,5.6121717641805775,-7.144514754282738,0.0,-0.0,0.0,0.15917503121515114,-0.987250378291979,[ 0.00243655 -0.00059561  0.00190909 -0.00059561  0.00171694 -0.00162343
  0.00190909 -0.00162343  0.0063693   0.          0.          0.
  0.          0.          0.          0.          0.          0.
  0.          0.          0.          0.          0.          0.
  0.          0.          0.          0.          0.          0.
  0.          0.          0.          0.          0.          0.        ],0.7633333333333333,0.0,0.0,0.0,0.0,0.0,[0. 0. 0. 0. 0. 0. 0. 0. 0. 0. 0. 0. 0. 0. 0. 0. 0. 0. 0. 0. 0. 0. 0. 0.
 0. 0. 0. 0. 0. 0. 0. 0. 0. 0. 0. 0.]
15.41585659980774,,5.620271001262048,-7.144151578260828,0.0,-0.0,0.0,0.15651367123872217,-0.9876757923100966,[ 0.00239351 -0.00060157  0.00185857 -0.00060157  0.00183451 -0.00161573
  0.00185857 -0.00161573  0.0061014   0.          0.          0.
  0.          0.          0.          0.          0.          0.
  0.          0.          0.          0.          0.          0.
  0.          0.          0.          0.          0.          0.
  0.          0.          0.          0.          0.          0.        ],0.7780952380952381,0.0,0.0,0.0,0.0,0.0,[0. 0. 0. 0. 0. 0. 0. 0. 0. 0. 0. 0. 0. 0. 0. 0. 0. 0. 0. 0. 0. 0. 0. 0.
 0. 0. 0. 0. 0. 0. 0. 0. 0. 0. 0. 0.]
15.432391881942749,,5.653273603408611,-7.148602516743208,0.0,-0.0,0.0,0.1594364492567469,-0.987208194176082,[ 0.00230536 -0.00055044  0.00200551 -0.00055044  0.00184767 -0.00157363
  0.00200551 -0.00157363  0.00610452  0.          0.          0.
  0.          0.          0.          0.          0.          0.
  0.          0.          0.          0.          0.          0.
  0.          0.          0.          0.          0.          0.
  0.          0.          0.          0.          0.          0.        ],0.7876190476190477,0.0,0.0,0.0,0.0,0.0,[0. 0. 0. 0. 0. 0. 0. 0. 0. 0. 0. 0. 0. 0. 0. 0. 0. 0. 0. 0. 0. 0. 0. 0.
 0. 0. 0. 0. 0. 0. 0. 0. 0. 0. 0. 0.]
15.451016664505005,,5.676716364113723,-7.149329609995501,0.0,-0.0,0.0,0.1465864992505006,-0.9891978559608199,[ 0.00230601 -0.00061141  0.00211764 -0.00061141  0.00183093 -0.00165346
  0.00211764 -0.00165346  0.00644646  0.          0.          0.
  0.          0.          0.          0.          0.          0.
  0.          0.          0.          0.          0.          0.
  0.          0.          0.          0.          0.          0.
  0.          0.          0.          0.          0.          0.        ],0.805,0.0,0.0,0.0,0.0,0.0,[0. 0. 0. 0. 0. 0. 0. 0. 0. 0. 0. 0. 0. 0. 0. 0. 0. 0. 0. 0. 0. 0. 0. 0.
 0. 0. 0. 0. 0. 0. 0. 0. 0. 0. 0. 0.]
15.467129707336426,,5.686805204100335,-7.150066002027681,0.0,-0.0,0.0,0.14248316068114875,-0.9897972261641825,[ 0.00249952 -0.00063035  0.00224619 -0.00063035  0.00186809 -0.00161653
  0.00224619 -0.00161653  0.00663748  0.          0.          0.
  0.          0.          0.          0.          0.          0.
  0.          0.          0.          0.          0.          0.
  0.          0.          0.          0.          0.          0.
  0.          0.          0.          0.          0.          0.        ],0.815952380952381,0.0,0.0,0.0,0.0,0.0,[0. 0. 0. 0. 0. 0. 0. 0. 0. 0. 0. 0. 0. 0. 0. 0. 0. 0. 0. 0. 0. 0. 0. 0.
 0. 0. 0. 0. 0. 0. 0. 0. 0. 0. 0. 0.]
15.479614019393921,,5.699697253575306,-7.14968812609835,0.0,-0.0,0.0,0.13462824928784695,-0.9908961774543735,[ 0.00258907 -0.00062515  0.00241276 -0.00062515  0.00200214 -0.00170235
  0.00241276 -0.00170235  0.00714003  0.          0.          0.
  0.          0.          0.          0.          0.          0.
  0.          0.          0.          0.          0.          0.
  0.          0.          0.          0.          0.          0.
  0.          0.          0.          0.          0.          0.        ],0.8559523809523809,0.0,0.0,0.0,0.0,0.0,[0. 0. 0. 0. 0. 0. 0. 0. 0. 0. 0. 0. 0. 0. 0. 0. 0. 0. 0. 0. 0. 0. 0. 0.
 0. 0. 0. 0. 0. 0. 0. 0. 0. 0. 0. 0.]
15.499576568603516,,5.721177743892207,-7.151956982733134,0.0,-0.0,0.0,0.11885417819207875,-0.9929117203086514,[ 0.00255733 -0.0006065   0.00230927 -0.0006065   0.00200403 -0.00167688
  0.00230927 -0.00167688  0.00686201  0.          0.          0.
  0.          0.          0.          0.          0.          0.
  0.          0.          0.          0.          0.          0.
  0.          0.          0.          0.          0.          0.
  0.          0.          0.          0.          0.          0.        ],0.8745238095238095,0.0,0.0,0.0,0.0,0.0,[0. 0. 0. 0. 0. 0. 0. 0. 0. 0. 0. 0. 0. 0. 0. 0. 0. 0. 0. 0. 0. 0. 0. 0.
 0. 0. 0. 0. 0. 0. 0. 0. 0. 0. 0. 0.]
15.520626783370972,,5.733710770940664,-7.151923657891023,0.0,-0.0,0.0,0.11267654230918335,-0.9936317209173864,[ 0.00240927 -0.00056975  0.0023059  -0.00056975  0.00187527 -0.00157466
  0.0023059  -0.00157466  0.00704006  0.          0.          0.
  0.          0.          0.          0.          0.          0.
  0.          0.          0.          0.          0.          0.
  0.          0.          0.          0.          0.          0.
  0.          0.          0.          0.          0.          0.        ],0.8852380952380953,0.0,0.0,0.0,0.0,0.0,[0. 0. 0. 0. 0. 0. 0. 0. 0. 0. 0. 0. 0. 0. 0. 0. 0. 0. 0. 0. 0. 0. 0. 0.
 0. 0. 0. 0. 0. 0. 0. 0. 0. 0. 0. 0.]
15.547890901565552,,5.759388002022264,-7.153247299425408,0.0,-0.0,0.0,0.12168592530123147,-0.992568655350139,[ 0.00241771 -0.00054979  0.00252073 -0.00054979  0.00186256 -0.00145176
  0.00252073 -0.00145176  0.00716908  0.          0.          0.
  0.          0.          0.          0.          0.          0.
  0.          0.          0.          0.          0.          0.
  0.          0.          0.          0.          0.          0.
  0.          0.          0.          0.          0.          0.        ],0.8964285714285715,0.0,0.0,0.0,0.0,0.0,[0. 0. 0. 0. 0. 0. 0. 0. 0. 0. 0. 0. 0. 0. 0. 0. 0. 0. 0. 0. 0. 0. 0. 0.
 0. 0. 0. 0. 0. 0. 0. 0. 0. 0. 0. 0.]
15.585254192352295,,5.786324552411705,-7.153028054234,0.0,-0.0,0.0,0.10504019303241227,-0.9944679772862038,[ 0.00243905 -0.00056708  0.00260572 -0.00056708  0.00197351 -0.0014845
  0.00260572 -0.0014845   0.00743567  0.          0.          0.
  0.          0.          0.          0.          0.          0.
  0.          0.          0.          0.          0.          0.
  0.          0.          0.          0.          0.          0.
  0.          0.          0.          0.          0.          0.        ],0.9033333333333333,0.0,0.0,0.0,0.0,0.0,[0. 0. 0. 0. 0. 0. 0. 0. 0. 0. 0. 0. 0. 0. 0. 0. 0. 0. 0. 0. 0. 0. 0. 0.
 0. 0. 0. 0. 0. 0. 0. 0. 0. 0. 0. 0.]
15.603985071182251,,5.840120204804966,-7.148774614982429,0.0,-0.0,0.0,0.09879972705798037,-0.9951073378953994,[ 0.00237207 -0.00044318  0.00268572 -0.00044318  0.00191471 -0.00109267
  0.00268572 -0.00109267  0.0074443   0.          0.          0.
  0.          0.          0.          0.          0.          0.
  0.          0.          0.          0.          0.          0.
  0.          0.          0.          0.          0.          0.
  0.          0.          0.          0.          0.          0.        ],0.9745238095238096,0.0,0.0,0.0,0.0,0.0,[0. 0. 0. 0. 0. 0. 0. 0. 0. 0. 0. 0. 0. 0. 0. 0. 0. 0. 0. 0. 0. 0. 0. 0.
 0. 0. 0. 0. 0. 0. 0. 0. 0. 0. 0. 0.]
15.626658916473389,,5.86128692242875,-7.144552093005352,0.0,-0.0,0.0,0.08743849174860772,-0.9961699203252067,[ 0.00258437 -0.00054051  0.00285861 -0.00054051  0.00213781 -0.00127713
  0.00285861 -0.00127713  0.00793751  0.          0.          0.
  0.          0.          0.          0.          0.          0.
  0.          0.          0.          0.          0.          0.
  0.          0.          0.          0.          0.          0.
  0.          0.          0.          0.          0.          0.        ],0.9788095238095238,0.0,0.0,0.0,0.0,0.0,[0. 0. 0. 0. 0. 0. 0. 0. 0. 0. 0. 0. 0. 0. 0. 0. 0. 0. 0. 0. 0. 0. 0. 0.
 0. 0. 0. 0. 0. 0. 0. 0. 0. 0. 0. 0.]
15.6441490650177,,5.884016459835127,-7.138621196145715,0.0,-0.0,0.0,0.06995452039782772,-0.9975501817331848,[ 0.00263525 -0.0005778   0.00289696 -0.0005778   0.00233279 -0.00130076
  0.00289696 -0.00130076  0.00787887  0.          0.          0.
  0.          0.          0.          0.          0.          0.
  0.          0.          0.          0.          0.          0.
  0.          0.          0.          0.          0.          0.
  0.          0.          0.          0.          0.          0.        ],0.9959523809523809,0.0,0.0,0.0,0.0,0.0,[0. 0. 0. 0. 0. 0. 0. 0. 0. 0. 0. 0. 0. 0. 0. 0. 0. 0. 0. 0. 0. 0. 0. 0.
 0. 0. 0. 0. 0. 0. 0. 0. 0. 0. 0. 0.]
15.661832809448242,,5.9040158009817665,-7.128829036881436,0.0,-0.0,0.0,0.05671598866139052,-0.9983903528330795,[ 0.002648   -0.00053415  0.00293974 -0.00053415  0.00210911 -0.0010204
  0.00293974 -0.0010204   0.00790188  0.          0.          0.
  0.          0.          0.          0.          0.          0.
  0.          0.          0.          0.          0.          0.
  0.          0.          0.          0.          0.          0.
  0.          0.          0.          0.          0.          0.        ],1.0097619047619049,0.0,0.0,0.0,0.0,0.0,[0. 0. 0. 0. 0. 0. 0. 0. 0. 0. 0. 0. 0. 0. 0. 0. 0. 0. 0. 0. 0. 0. 0. 0.
 0. 0. 0. 0. 0. 0. 0. 0. 0. 0. 0. 0.]
15.682959794998169,,5.932870290396393,-7.120682505095567,0.0,-0.0,0.0,0.06451283018734431,-0.9979168776712912,[ 0.00274952 -0.00054739  0.00330517 -0.00054739  0.00198825 -0.00096113
  0.00330517 -0.00096113  0.00838308  0.          0.          0.
  0.          0.          0.          0.          0.          0.
  0.          0.          0.          0.          0.          0.
  0.          0.          0.          0.          0.          0.
  0.          0.          0.          0.          0.          0.        ],1.0221428571428572,0.0,0.0,0.0,0.0,0.0,[0. 0. 0. 0. 0. 0. 0. 0. 0. 0. 0. 0. 0. 0. 0. 0. 0. 0. 0. 0. 0. 0. 0. 0.
 0. 0. 0. 0. 0. 0. 0. 0. 0. 0. 0. 0.]
15.698447942733765,,5.954827622920215,-7.1122243724614185,0.0,-0.0,0.0,0.05156401708430295,-0.9986696912103269,[ 0.00287423 -0.00051776  0.00336193 -0.00051776  0.00196049 -0.00095743
  0.00336193 -0.00095743  0.00872829  0.          0.          0.
  0.          0.          0.          0.          0.          0.
  0.          0.          0.          0.          0.          0.
  0.          0.          0.          0.          0.          0.
  0.          0.          0.          0.          0.          0.        ],1.0307142857142857,0.0,0.0,0.0,0.0,0.0,[0. 0. 0. 0. 0. 0. 0. 0. 0. 0. 0. 0. 0. 0. 0. 0. 0. 0. 0. 0. 0. 0. 0. 0.
 0. 0. 0. 0. 0. 0. 0. 0. 0. 0. 0. 0.]
15.716148138046265,,5.970434386225409,-7.109582387054015,0.0,-0.0,0.0,0.04132300076587992,-0.9991458400092066,[ 0.00295368 -0.00047847  0.00352085 -0.00047847  0.00205086 -0.0009068
  0.00352085 -0.0009068   0.00897736  0.          0.          0.
  0.          0.          0.          0.          0.          0.
  0.          0.          0.          0.          0.          0.
  0.          0.          0.          0.          0.          0.
  0.          0.          0.          0.          0.          0.        ],1.0435714285714286,0.0,0.0,0.0,0.0,0.0,[0. 0. 0. 0. 0. 0. 0. 0. 0. 0. 0. 0. 0. 0. 0. 0. 0. 0. 0. 0. 0. 0. 0. 0.
 0. 0. 0. 0. 0. 0. 0. 0. 0. 0. 0. 0.]
15.739883661270142,,5.997377281917535,-7.098805163670412,0.0,-0.0,0.0,0.05038214481693246,-0.9987300133087248,[ 0.00290402 -0.00056573  0.00366275 -0.00056573  0.00212632 -0.00079265
  0.00366275 -0.00079265  0.00907759  0.          0.          0.
  0.          0.          0.          0.          0.          0.
  0.          0.          0.          0.          0.          0.
  0.          0.          0.          0.          0.          0.
  0.          0.          0.          0.          0.          0.        ],1.0685714285714285,0.0,0.0,0.0,0.0,0.0,[0. 0. 0. 0. 0. 0. 0. 0. 0. 0. 0. 0. 0. 0. 0. 0. 0. 0. 0. 0. 0. 0. 0. 0.
 0. 0. 0. 0. 0. 0. 0. 0. 0. 0. 0. 0.]
15.755956888198853,,6.023883771730792,-7.088943011831789,0.0,-0.0,0.0,0.03489788020999357,-0.999390883466949,[ 0.00289818 -0.00057947  0.00352311 -0.00057947  0.00208973 -0.00066016
  0.00352311 -0.00066016  0.00897919  0.          0.          0.
  0.          0.          0.          0.          0.          0.
  0.          0.          0.          0.          0.          0.
  0.          0.          0.          0.          0.          0.
  0.          0.          0.          0.          0.          0.        ],1.0673809523809523,0.0,0.0,0.0,0.0,0.0,[0. 0. 0. 0. 0. 0. 0. 0. 0. 0. 0. 0. 0. 0. 0. 0. 0. 0. 0. 0. 0. 0. 0. 0.
 0. 0. 0. 0. 0. 0. 0. 0. 0. 0. 0. 0.]
15.77687382698059,,6.036984364160981,-7.078954003492318,0.0,-0.0,0.0,0.022735573221526906,-0.9997415134474954,[ 0.00289455 -0.0006068   0.00361039 -0.0006068   0.00211865 -0.00059045
  0.00361039 -0.00059045  0.0089262   0.          0.          0.
  0.          0.          0.          0.          0.          0.
  0.          0.          0.          0.          0.          0.
  0.          0.          0.          0.          0.          0.
  0.          0.          0.          0.          0.          0.        ],1.085,0.0,0.0,0.0,0.0,0.0,[0. 0. 0. 0. 0. 0. 0. 0. 0. 0. 0. 0. 0. 0. 0. 0. 0. 0. 0. 0. 0. 0. 0. 0.
 0. 0. 0. 0. 0. 0. 0. 0. 0. 0. 0. 0.]
15.804750204086304,,6.069600429665757,-7.065778542568953,0.0,-0.0,0.0,0.026785254117273,-0.9996412107160614,[ 0.00307307 -0.00052357  0.00397057 -0.00052357  0.00220855 -0.00030528
  0.00397057 -0.00030528  0.0097971   0.          0.          0.
  0.          0.          0.          0.          0.          0.
  0.          0.          0.          0.          0.          0.
  0.          0.          0.          0.          0.          0.
  0.          0.          0.          0.          0.          0.        ],1.100952380952381,0.0,0.0,0.0,0.0,0.0,[0. 0. 0. 0. 0. 0. 0. 0. 0. 0. 0. 0. 0. 0. 0. 0. 0. 0. 0. 0. 0. 0. 0. 0.
 0. 0. 0. 0. 0. 0. 0. 0. 0. 0. 0. 0.]
15.82171106338501,,6.084861452089313,-7.056807236825707,0.0,-0.0,0.0,0.015595366640776466,-0.9998783848745505,[ 0.00326401 -0.00062518  0.00405463 -0.00062518  0.0022075  -0.00020004
  0.00405463 -0.00020004  0.00987919  0.          0.          0.
  0.          0.          0.          0.          0.          0.
  0.          0.          0.          0.          0.          0.
  0.          0.          0.          0.          0.          0.
  0.          0.          0.          0.          0.          0.        ],1.1135714285714287,0.0,0.0,0.0,0.0,0.0,[0. 0. 0. 0. 0. 0. 0. 0. 0. 0. 0. 0. 0. 0. 0. 0. 0. 0. 0. 0. 0. 0. 0. 0.
 0. 0. 0. 0. 0. 0. 0. 0. 0. 0. 0. 0.]
15.842776536941528,,6.095730738229257,-7.043379877777474,0.0,-0.0,0.0,0.006928247219650147,-0.9999759994072175,[ 0.00325887 -0.00069205  0.00402085 -0.00069205  0.00225472 -0.00028719
  0.00402085 -0.00028719  0.00977447  0.          0.          0.
  0.          0.          0.          0.          0.          0.
  0.          0.          0.          0.          0.          0.
  0.          0.          0.          0.          0.          0.
  0.          0.          0.          0.          0.          0.        ],1.1207142857142858,0.0,0.0,0.0,0.0,0.0,[0. 0. 0. 0. 0. 0. 0. 0. 0. 0. 0. 0. 0. 0. 0. 0. 0. 0. 0. 0. 0. 0. 0. 0.
 0. 0. 0. 0. 0. 0. 0. 0. 0. 0. 0. 0.]
15.862119674682617,,6.127500169418724,-7.031640496560491,0.0,-0.0,0.0,0.009244992172272266,-0.9999572641466907,[ 0.00337826 -0.00047438  0.00426727 -0.00047438  0.0021581   0.00023519
  0.00426727  0.00023519  0.01078212  0.          0.          0.
  0.          0.          0.          0.          0.          0.
  0.          0.          0.          0.          0.          0.
  0.          0.          0.          0.          0.          0.
  0.          0.          0.          0.          0.          0.        ],1.127857142857143,0.0,0.0,0.0,0.0,0.0,[0. 0. 0. 0. 0. 0. 0. 0. 0. 0. 0. 0. 0. 0. 0. 0. 0. 0. 0. 0. 0. 0. 0. 0.
 0. 0. 0. 0. 0. 0. 0. 0. 0. 0. 0. 0.]
15.881186485290527,,6.153969774884319,-7.019838614673143,0.0,0.0,-0.0,-0.009999751038055726,-0.9999500012396504,[ 0.00352746 -0.00050518  0.00421988 -0.00050518  0.0020411   0.00027369
  0.00421988  0.00027369  0.01014133  0.          0.          0.
  0.          0.          0.          0.          0.          0.
  0.          0.          0.          0.          0.          0.
  0.          0.          0.          0.          0.          0.
  0.          0.          0.          0.          0.          0.        ],1.1385714285714286,0.0,0.0,0.0,0.0,0.0,[0. 0. 0. 0. 0. 0. 0. 0. 0. 0. 0. 0. 0. 0. 0. 0. 0. 0. 0. 0. 0. 0. 0. 0.
 0. 0. 0. 0. 0. 0. 0. 0. 0. 0. 0. 0.]
15.897836446762085,,6.171578916119456,-7.006289866512473,0.0,0.0,-0.0,-0.02640653552763517,-0.9996512866402102,[ 0.0034092  -0.00050692  0.00386857 -0.00050692  0.00224574  0.00051368
  0.00386857  0.00051368  0.00975889  0.          0.          0.
  0.          0.          0.          0.          0.          0.
  0.          0.          0.          0.          0.          0.
  0.          0.          0.          0.          0.          0.
  0.          0.          0.          0.          0.          0.        ],1.1507142857142858,0.0,0.0,0.0,0.0,0.0,[0. 0. 0. 0. 0. 0. 0. 0. 0. 0. 0. 0. 0. 0. 0. 0. 0. 0. 0. 0. 0. 0. 0. 0.
 0. 0. 0. 0. 0. 0. 0. 0. 0. 0. 0. 0.]
15.924225330352783,,6.185646429291463,-6.992489126942393,0.0,0.0,-0.0,-0.0399745212773944,-0.9992006993835839,[ 0.00336273 -0.00045279  0.00383938 -0.00045279  0.00217926  0.00061524
  0.00383938  0.00061524  0.009922    0.          0.          0.
  0.          0.          0.          0.          0.          0.
  0.          0.          0.          0.          0.          0.
  0.          0.          0.          0.          0.          0.
  0.          0.          0.          0.          0.          0.        ],1.1961904761904762,0.0,0.0,0.0,0.0,0.0,[0. 0. 0. 0. 0. 0. 0. 0. 0. 0. 0. 0. 0. 0. 0. 0. 0. 0. 0. 0. 0. 0. 0. 0.
 0. 0. 0. 0. 0. 0. 0. 0. 0. 0. 0. 0.]
15.939182996749878,,6.219963913026584,-6.981531039879069,0.0,0.0,-0.0,-0.04102152740874379,-0.9991582628838405,[ 0.00353347 -0.00025748  0.00410386 -0.00025748  0.00225047  0.00112983
  0.00410386  0.00112983  0.01036815  0.          0.          0.
  0.          0.          0.          0.          0.          0.
  0.          0.          0.          0.          0.          0.
  0.          0.          0.          0.          0.          0.
  0.          0.          0.          0.          0.          0.        ],1.2007142857142856,0.0,0.0,0.0,0.0,0.0,[0. 0. 0. 0. 0. 0. 0. 0. 0. 0. 0. 0. 0. 0. 0. 0. 0. 0. 0. 0. 0. 0. 0. 0.
 0. 0. 0. 0. 0. 0. 0. 0. 0. 0. 0. 0.]
15.960297346115112,,6.241530764158279,-6.968716680013857,0.0,0.0,-0.0,-0.0592443305111204,-0.9982435120261434,[ 0.00342444 -0.00015564  0.00384207 -0.00015564  0.00231327  0.00155338
  0.00384207  0.00155338  0.01014035  0.          0.          0.
  0.          0.          0.          0.          0.          0.
  0.          0.          0.          0.          0.          0.
  0.          0.          0.          0.          0.          0.
  0.          0.          0.          0.          0.          0.        ],1.207857142857143,0.0,0.0,0.0,0.0,0.0,[0. 0. 0. 0. 0. 0. 0. 0. 0. 0. 0. 0. 0. 0. 0. 0. 0. 0. 0. 0. 0. 0. 0. 0.
 0. 0. 0. 0. 0. 0. 0. 0. 0. 0. 0. 0.]
15.979607820510864,,6.253574601359977,-6.954380104294579,0.0,0.0,-0.0,-0.08967015064382947,-0.9959715177069638,[ 0.00350402 -0.0001401   0.0033577  -0.0001401   0.0023196   0.00155059
  0.0033577   0.00155059  0.01051043  0.          0.          0.
  0.          0.          0.          0.          0.          0.
  0.          0.          0.          0.          0.          0.
  0.          0.          0.          0.          0.          0.
  0.          0.          0.          0.          0.          0.        ],1.2161904761904763,0.0,0.0,0.0,0.0,0.0,[0. 0. 0. 0. 0. 0. 0. 0. 0. 0. 0. 0. 0. 0. 0. 0. 0. 0. 0. 0. 0. 0. 0. 0.
 0. 0. 0. 0. 0. 0. 0. 0. 0. 0. 0. 0.]
15.993818283081055,,6.260418597298382,-6.9384382283847765,0.0,0.0,-0.0,-0.10109572912170056,-0.9948767026890074,[ 3.55632343e-03 -5.37141960e-05  3.36986956e-03 -5.37141960e-05
  2.36783020e-03  1.66645351e-03  3.36986956e-03  1.66645351e-03
  9.99084596e-03  0.00000000e+00  0.00000000e+00  0.00000000e+00
  0.00000000e+00  0.00000000e+00  0.00000000e+00  0.00000000e+00
  0.00000000e+00  0.00000000e+00  0.00000000e+00  0.00000000e+00
  0.00000000e+00  0.00000000e+00  0.00000000e+00  0.00000000e+00
  0.00000000e+00  0.00000000e+00  0.00000000e+00  0.00000000e+00
  0.00000000e+00  0.00000000e+00  0.00000000e+00  0.00000000e+00
  0.00000000e+00  0.00000000e+00  0.00000000e+00  0.00000000e+00],1.2223809523809523,0.0,0.0,0.0,0.0,0.0,[0. 0. 0. 0. 0. 0. 0. 0. 0. 0. 0. 0. 0. 0. 0. 0. 0. 0. 0. 0. 0. 0. 0. 0.
 0. 0. 0. 0. 0. 0. 0. 0. 0. 0. 0. 0.]
16.017805337905884,,6.2752803127279595,-6.923594684136112,0.0,0.0,-0.0,-0.11473976331613317,-0.9933955842030695,[ 0.00371112 -0.00012938  0.00325715 -0.00012938  0.00254391  0.00186961
  0.00325715  0.00186961  0.01019517  0.          0.          0.
  0.          0.          0.          0.          0.          0.
  0.          0.          0.          0.          0.          0.
  0.          0.          0.          0.          0.          0.
  0.          0.          0.          0.          0.          0.        ],1.2285714285714286,0.0,0.0,0.0,0.0,0.0,[0. 0. 0. 0. 0. 0. 0. 0. 0. 0. 0. 0. 0. 0. 0. 0. 0. 0. 0. 0. 0. 0. 0. 0.
 0. 0. 0. 0. 0. 0. 0. 0. 0. 0. 0. 0.]
16.044289588928223,,6.2918781570671785,-6.904750038496993,0.0,0.0,-0.0,-0.13233850989111606,-0.9912045796906908,[0.00428217 0.00045045 0.00411241 0.00045045 0.00295982 0.00276103
 0.00411241 0.00276103 0.0112447  0.         0.         0.
 0.         0.         0.         0.         0.         0.
 0.         0.         0.         0.         0.         0.
 0.         0.         0.         0.         0.         0.
 0.         0.         0.         0.         0.         0.        ],1.2335714285714285,0.0,0.0,0.0,0.0,0.0,[0. 0. 0. 0. 0. 0. 0. 0. 0. 0. 0. 0. 0. 0. 0. 0. 0. 0. 0. 0. 0. 0. 0. 0.
 0. 0. 0. 0. 0. 0. 0. 0. 0. 0. 0. 0.]
16.071773052215576,,6.325778594766829,-6.862400812881789,0.0,0.0,-0.0,-0.16116408670509738,-0.9869276250853007,[0.00522721 0.00178008 0.0047596  0.00178008 0.00468239 0.00456154
 0.0047596  0.00456154 0.01138952 0.         0.         0.
 0.         0.         0.         0.         0.         0.
 0.         0.         0.         0.         0.         0.
 0.         0.         0.         0.         0.         0.
 0.         0.         0.         0.         0.         0.        ],1.2414285714285713,0.0,0.0,0.0,0.0,0.0,[0. 0. 0. 0. 0. 0. 0. 0. 0. 0. 0. 0. 0. 0. 0. 0. 0. 0. 0. 0. 0. 0. 0. 0.
 0. 0. 0. 0. 0. 0. 0. 0. 0. 0. 0. 0.]
16.089520931243896,,6.38996616526022,-6.778561408816288,0.0,0.0,-0.0,-0.21914165809535824,-0.9756930530075619,[0.00526691 0.00192071 0.00348578 0.00192071 0.005473   0.00457136
 0.00348578 0.00457136 0.00836709 0.         0.         0.
 0.         0.         0.         0.         0.         0.
 0.         0.         0.         0.         0.         0.
 0.         0.         0.         0.         0.         0.
 0.         0.         0.         0.         0.         0.        ],1.2483333333333333,0.0,0.0,0.0,0.0,0.0,[0. 0. 0. 0. 0. 0. 0. 0. 0. 0. 0. 0. 0. 0. 0. 0. 0. 0. 0. 0. 0. 0. 0. 0.
 0. 0. 0. 0. 0. 0. 0. 0. 0. 0. 0. 0.]
16.109426736831665,,6.415068592737308,-6.720658907306841,0.0,0.0,-0.0,-0.24744403069890591,-0.9689021889083949,[ 0.00330794 -0.00027212  0.00090313 -0.00027212  0.00257531  0.001351
  0.00090313  0.001351    0.0029235   0.          0.          0.
  0.          0.          0.          0.          0.          0.
  0.          0.          0.          0.          0.          0.
  0.          0.          0.          0.          0.          0.
  0.          0.          0.          0.          0.          0.        ],1.2566666666666666,0.0,0.0,0.0,0.0,0.0,[0. 0. 0. 0. 0. 0. 0. 0. 0. 0. 0. 0. 0. 0. 0. 0. 0. 0. 0. 0. 0. 0. 0. 0.
 0. 0. 0. 0. 0. 0. 0. 0. 0. 0. 0. 0.]
16.12492346763611,,6.417242094802914,-6.693452299382221,0.0,0.0,-0.0,-0.25456006585248786,-0.9670569646474695,[ 0.00314817 -0.00062122  0.00043662 -0.00062122  0.00174542  0.00075372
  0.00043662  0.00075372  0.00190483  0.          0.          0.
  0.          0.          0.          0.          0.          0.
  0.          0.          0.          0.          0.          0.
  0.          0.          0.          0.          0.          0.
  0.          0.          0.          0.          0.          0.        ],1.266904761904762,0.0,0.0,0.0,0.0,0.0,[0. 0. 0. 0. 0. 0. 0. 0. 0. 0. 0. 0. 0. 0. 0. 0. 0. 0. 0. 0. 0. 0. 0. 0.
 0. 0. 0. 0. 0. 0. 0. 0. 0. 0. 0. 0.]
16.141220808029175,,6.420581674996657,-6.674063467633492,0.0,0.0,-0.0,-0.26433944218166966,-0.9644297067734298,[ 0.00311494 -0.000667    0.00038118 -0.000667    0.00140389  0.00051272
  0.00038118  0.00051272  0.00145972  0.          0.          0.
  0.          0.          0.          0.          0.          0.
  0.          0.          0.          0.          0.          0.
  0.          0.          0.          0.          0.          0.
  0.          0.          0.          0.          0.          0.        ],1.2666666666666666,0.0,0.0,0.0,0.0,0.0,[0. 0. 0. 0. 0. 0. 0. 0. 0. 0. 0. 0. 0. 0. 0. 0. 0. 0. 0. 0. 0. 0. 0. 0.
 0. 0. 0. 0. 0. 0. 0. 0. 0. 0. 0. 0.]
16.162903785705566,,6.443179493267878,-6.644690514796144,0.0,0.0,-0.0,-0.27589779404792486,-0.9611869782927195,[ 0.00376757 -0.0003629   0.00048217 -0.0003629   0.00144711  0.00054705
  0.00048217  0.00054705  0.0015829   0.          0.          0.
  0.          0.          0.          0.          0.          0.
  0.          0.          0.          0.          0.          0.
  0.          0.          0.          0.          0.          0.
  0.          0.          0.          0.          0.          0.        ],1.2716666666666667,0.0,0.0,0.0,0.0,0.0,[0. 0. 0. 0. 0. 0. 0. 0. 0. 0. 0. 0. 0. 0. 0. 0. 0. 0. 0. 0. 0. 0. 0. 0.
 0. 0. 0. 0. 0. 0. 0. 0. 0. 0. 0. 0.]
16.194968938827515,,6.460525317587563,-6.606985738592424,0.0,0.0,-0.0,-0.3041112496283774,-0.9526365245199592,[ 0.00369649 -0.00039042  0.00043891 -0.00039042  0.00133058  0.00043257
  0.00043891  0.00043257  0.00123989  0.          0.          0.
  0.          0.          0.          0.          0.          0.
  0.          0.          0.          0.          0.          0.
  0.          0.          0.          0.          0.          0.
  0.          0.          0.          0.          0.          0.        ],1.273095238095238,0.0,0.0,0.0,0.0,0.0,[0. 0. 0. 0. 0. 0. 0. 0. 0. 0. 0. 0. 0. 0. 0. 0. 0. 0. 0. 0. 0. 0. 0. 0.
 0. 0. 0. 0. 0. 0. 0. 0. 0. 0. 0. 0.]
16.216209173202515,,6.4783045179131,-6.567434820206753,0.0,0.0,-0.0,-0.318456077919964,-0.9479376173756551,[ 0.00400558 -0.00068062  0.00030112 -0.00068062  0.00113013  0.00030521
  0.00030112  0.00030521  0.00062832  0.          0.          0.
  0.          0.          0.          0.          0.          0.
  0.          0.          0.          0.          0.          0.
  0.          0.          0.          0.          0.          0.
  0.          0.          0.          0.          0.          0.        ],1.279047619047619,0.0,0.0,0.0,0.0,0.0,[0. 0. 0. 0. 0. 0. 0. 0. 0. 0. 0. 0. 0. 0. 0. 0. 0. 0. 0. 0. 0. 0. 0. 0.
 0. 0. 0. 0. 0. 0. 0. 0. 0. 0. 0. 0.]
16.24164652824402,,6.485305499887885,-6.543100802636478,0.0,0.0,-0.0,-0.3321785314102979,-0.9432165304266554,[ 0.00416952 -0.00070283  0.00037126 -0.00070283  0.00094979  0.00029688
  0.00037126  0.00029688  0.00072561  0.          0.          0.
  0.          0.          0.          0.          0.          0.
  0.          0.          0.          0.          0.          0.
  0.          0.          0.          0.          0.          0.
  0.          0.          0.          0.          0.          0.        ],1.2838095238095237,0.0,0.0,0.0,0.0,0.0,[0. 0. 0. 0. 0. 0. 0. 0. 0. 0. 0. 0. 0. 0. 0. 0. 0. 0. 0. 0. 0. 0. 0. 0.
 0. 0. 0. 0. 0. 0. 0. 0. 0. 0. 0. 0.]
16.26273012161255,,6.484836977953458,-6.515250008936771,0.0,0.0,-0.0,-0.35503924471062687,-0.9348513971296762,[ 0.00488035 -0.00058324  0.00047822 -0.00058324  0.00088984  0.00033444
  0.00047822  0.00033444  0.00074449  0.          0.          0.
  0.          0.          0.          0.          0.          0.
  0.          0.          0.          0.          0.          0.
  0.          0.          0.          0.          0.          0.
  0.          0.          0.          0.          0.          0.        ],1.2871428571428571,0.0,0.0,0.0,0.0,0.0,[0. 0. 0. 0. 0. 0. 0. 0. 0. 0. 0. 0. 0. 0. 0. 0. 0. 0. 0. 0. 0. 0. 0. 0.
 0. 0. 0. 0. 0. 0. 0. 0. 0. 0. 0. 0.]
16.283122539520264,,6.474916557966414,-6.494312084713214,0.0,0.0,-0.0,-0.36347694795665214,-0.9316031925149877,[ 0.00487161 -0.00042535  0.00041729 -0.00042535  0.00080365  0.0002667
  0.00041729  0.0002667   0.0005409   0.          0.          0.
  0.          0.          0.          0.          0.          0.
  0.          0.          0.          0.          0.          0.
  0.          0.          0.          0.          0.          0.
  0.          0.          0.          0.          0.          0.        ],1.2885714285714285,0.0,0.0,0.0,0.0,0.0,[0. 0. 0. 0. 0. 0. 0. 0. 0. 0. 0. 0. 0. 0. 0. 0. 0. 0. 0. 0. 0. 0. 0. 0.
 0. 0. 0. 0. 0. 0. 0. 0. 0. 0. 0. 0.]
16.306695222854614,,6.5002909220095,-6.474313723156801,0.0,0.0,-0.0,-0.37841913083389406,-0.9256343562222181,[ 0.00507134 -0.00022406  0.00054884 -0.00022406  0.00096045  0.00034804
  0.00054884  0.00034804  0.00064235  0.          0.          0.
  0.          0.          0.          0.          0.          0.
  0.          0.          0.          0.          0.          0.
  0.          0.          0.          0.          0.          0.
  0.          0.          0.          0.          0.          0.        ],1.2938095238095237,0.0,0.0,0.0,0.0,0.0,[0. 0. 0. 0. 0. 0. 0. 0. 0. 0. 0. 0. 0. 0. 0. 0. 0. 0. 0. 0. 0. 0. 0. 0.
 0. 0. 0. 0. 0. 0. 0. 0. 0. 0. 0. 0.]
16.331676483154297,,6.507585823345762,-6.4461998290741125,0.0,0.0,-0.0,-0.4002653774678046,-0.9163992730248949,[ 0.00492864 -0.00021142  0.00052946 -0.00021142  0.00104345  0.00043575
  0.00052946  0.00043575  0.00074784  0.          0.          0.
  0.          0.          0.          0.          0.          0.
  0.          0.          0.          0.          0.          0.
  0.          0.          0.          0.          0.          0.
  0.          0.          0.          0.          0.          0.        ],1.2935714285714286,0.0,0.0,0.0,0.0,0.0,[0. 0. 0. 0. 0. 0. 0. 0. 0. 0. 0. 0. 0. 0. 0. 0. 0. 0. 0. 0. 0. 0. 0. 0.
 0. 0. 0. 0. 0. 0. 0. 0. 0. 0. 0. 0.]
16.354058742523193,,6.526122884126759,-6.4238044938396,0.0,0.0,-0.0,-0.4098413057941487,-0.9121568418122769,[ 0.00491268 -0.00013901  0.00057523 -0.00013901  0.00110694  0.00035766
  0.00057523  0.00035766  0.00054462  0.          0.          0.
  0.          0.          0.          0.          0.          0.
  0.          0.          0.          0.          0.          0.
  0.          0.          0.          0.          0.          0.
  0.          0.          0.          0.          0.          0.        ],1.2938095238095237,0.0,0.0,0.0,0.0,0.0,[0. 0. 0. 0. 0. 0. 0. 0. 0. 0. 0. 0. 0. 0. 0. 0. 0. 0. 0. 0. 0. 0. 0. 0.
 0. 0. 0. 0. 0. 0. 0. 0. 0. 0. 0. 0.]
16.37098979949951,,6.534458410902531,-6.4106631671084235,0.0,0.0,-0.0,-0.41238901296711133,-0.911007849573214,[ 4.74387464e-03 -7.87424072e-05  6.02724083e-04 -7.87424072e-05
  1.30403901e-03  3.90703320e-04  6.02724083e-04  3.90703320e-04
  5.27889041e-04  0.00000000e+00  0.00000000e+00  0.00000000e+00
  0.00000000e+00  0.00000000e+00  0.00000000e+00  0.00000000e+00
  0.00000000e+00  0.00000000e+00  0.00000000e+00  0.00000000e+00
  0.00000000e+00  0.00000000e+00  0.00000000e+00  0.00000000e+00
  0.00000000e+00  0.00000000e+00  0.00000000e+00  0.00000000e+00
  0.00000000e+00  0.00000000e+00  0.00000000e+00  0.00000000e+00
  0.00000000e+00  0.00000000e+00  0.00000000e+00  0.00000000e+00],1.2926190476190476,0.0,0.0,0.0,0.0,0.0,[0. 0. 0. 0. 0. 0. 0. 0. 0. 0. 0. 0. 0. 0. 0. 0. 0. 0. 0. 0. 0. 0. 0. 0.
 0. 0. 0. 0. 0. 0. 0. 0. 0. 0. 0. 0.]
16.39057731628418,,6.547984232980993,-6.391627641296673,0.0,0.0,-0.0,-0.4284041502755113,-0.90358723100026,[ 4.53193543e-03 -8.69798971e-06  6.07910311e-04 -8.69798971e-06
  1.41536516e-03  5.23245505e-04  6.07910311e-04  5.23245505e-04
  7.67478791e-04  0.00000000e+00  0.00000000e+00  0.00000000e+00
  0.00000000e+00  0.00000000e+00  0.00000000e+00  0.00000000e+00
  0.00000000e+00  0.00000000e+00  0.00000000e+00  0.00000000e+00
  0.00000000e+00  0.00000000e+00  0.00000000e+00  0.00000000e+00
  0.00000000e+00  0.00000000e+00  0.00000000e+00  0.00000000e+00
  0.00000000e+00  0.00000000e+00  0.00000000e+00  0.00000000e+00
  0.00000000e+00  0.00000000e+00  0.00000000e+00  0.00000000e+00],1.2907142857142857,0.0,0.0,0.0,0.0,0.0,[0. 0. 0. 0. 0. 0. 0. 0. 0. 0. 0. 0. 0. 0. 0. 0. 0. 0. 0. 0. 0. 0. 0. 0.
 0. 0. 0. 0. 0. 0. 0. 0. 0. 0. 0. 0.]
16.413245677947998,,6.551113052780238,-6.365372367059976,0.0,0.0,-0.0,-0.4481856842502902,-0.8939404859570346,[ 0.00456687 -0.00022176  0.0003785  -0.00022176  0.00141986  0.00049837
  0.0003785   0.00049837  0.00069045  0.          0.          0.
  0.          0.          0.          0.          0.          0.
  0.          0.          0.          0.          0.          0.
  0.          0.          0.          0.          0.          0.
  0.          0.          0.          0.          0.          0.        ],1.2952380952380953,0.0,0.0,0.0,0.0,0.0,[0. 0. 0. 0. 0. 0. 0. 0. 0. 0. 0. 0. 0. 0. 0. 0. 0. 0. 0. 0. 0. 0. 0. 0.
 0. 0. 0. 0. 0. 0. 0. 0. 0. 0. 0. 0.]
16.435714721679688,,6.565403053197983,-6.338455343032414,0.0,0.0,-0.0,-0.4625648796273115,-0.8865854341998693,[ 0.00447448 -0.00027323  0.00049975 -0.00027323  0.00169042  0.00061703
  0.00049975  0.00061703  0.00087401  0.          0.          0.
  0.          0.          0.          0.          0.          0.
  0.          0.          0.          0.          0.          0.
  0.          0.          0.          0.          0.          0.
  0.          0.          0.          0.          0.          0.        ],1.2952380952380953,0.0,0.0,0.0,0.0,0.0,[0. 0. 0. 0. 0. 0. 0. 0. 0. 0. 0. 0. 0. 0. 0. 0. 0. 0. 0. 0. 0. 0. 0. 0.
 0. 0. 0. 0. 0. 0. 0. 0. 0. 0. 0. 0.]
16.467170238494873,,6.587347251276791,-6.298591451871007,0.0,0.0,-0.0,-0.4764279910275209,-0.8792134947585145,[ 0.00429739 -0.00010288  0.0005189  -0.00010288  0.00186905  0.00060846
  0.0005189   0.00060846  0.00081679  0.          0.          0.
  0.          0.          0.          0.          0.          0.
  0.          0.          0.          0.          0.          0.
  0.          0.          0.          0.          0.          0.
  0.          0.          0.          0.          0.          0.        ],1.2897619047619047,0.0,0.0,0.0,0.0,0.0,[0. 0. 0. 0. 0. 0. 0. 0. 0. 0. 0. 0. 0. 0. 0. 0. 0. 0. 0. 0. 0. 0. 0. 0.
 0. 0. 0. 0. 0. 0. 0. 0. 0. 0. 0. 0.]
16.486133813858032,,6.588457579833038,-6.275555684785843,0.0,0.0,-0.0,-0.4944058068716385,-0.8692312109741597,[ 4.44577482e-03 -7.83131981e-05  4.32665898e-04 -7.83131981e-05
  1.89493745e-03  6.11160276e-04  4.32665898e-04  6.11160276e-04
  7.25920495e-04  0.00000000e+00  0.00000000e+00  0.00000000e+00
  0.00000000e+00  0.00000000e+00  0.00000000e+00  0.00000000e+00
  0.00000000e+00  0.00000000e+00  0.00000000e+00  0.00000000e+00
  0.00000000e+00  0.00000000e+00  0.00000000e+00  0.00000000e+00
  0.00000000e+00  0.00000000e+00  0.00000000e+00  0.00000000e+00
  0.00000000e+00  0.00000000e+00  0.00000000e+00  0.00000000e+00
  0.00000000e+00  0.00000000e+00  0.00000000e+00  0.00000000e+00],1.2866666666666666,0.0,0.0,0.0,0.0,0.0,[0. 0. 0. 0. 0. 0. 0. 0. 0. 0. 0. 0. 0. 0. 0. 0. 0. 0. 0. 0. 0. 0. 0. 0.
 0. 0. 0. 0. 0. 0. 0. 0. 0. 0. 0. 0.]
16.509235620498657,,6.581653824248093,-6.253577634618301,0.0,0.0,-0.0,-0.49789237555491894,-0.8672388266010002,[ 0.00483747 -0.00040696  0.0003589  -0.00040696  0.00185578  0.00050606
  0.0003589   0.00050606  0.00063267  0.          0.          0.
  0.          0.          0.          0.          0.          0.
  0.          0.          0.          0.          0.          0.
  0.          0.          0.          0.          0.          0.
  0.          0.          0.          0.          0.          0.        ],1.284047619047619,0.0,0.0,0.0,0.0,0.0,[0. 0. 0. 0. 0. 0. 0. 0. 0. 0. 0. 0. 0. 0. 0. 0. 0. 0. 0. 0. 0. 0. 0. 0.
 0. 0. 0. 0. 0. 0. 0. 0. 0. 0. 0. 0.]
16.52819538116455,,6.597171504693241,-6.230580718691984,0.0,0.0,-0.0,-0.5175081719206929,-0.8556782642999076,[ 0.00474929 -0.00034613  0.00043708 -0.00034613  0.00211263  0.0007581
  0.00043708  0.0007581   0.00095451  0.          0.          0.
  0.          0.          0.          0.          0.          0.
  0.          0.          0.          0.          0.          0.
  0.          0.          0.          0.          0.          0.
  0.          0.          0.          0.          0.          0.        ],1.2885714285714285,0.0,0.0,0.0,0.0,0.0,[0. 0. 0. 0. 0. 0. 0. 0. 0. 0. 0. 0. 0. 0. 0. 0. 0. 0. 0. 0. 0. 0. 0. 0.
 0. 0. 0. 0. 0. 0. 0. 0. 0. 0. 0. 0.]
16.553760766983032,,6.601597452698074,-6.208709493164964,0.0,0.0,-0.0,-0.521672740275758,-0.853145680439854,[ 0.00453558 -0.00033365  0.00035071 -0.00033365  0.00215597  0.00067716
  0.00035071  0.00067716  0.00081784  0.          0.          0.
  0.          0.          0.          0.          0.          0.
  0.          0.          0.          0.          0.          0.
  0.          0.          0.          0.          0.          0.
  0.          0.          0.          0.          0.          0.        ],1.2966666666666666,0.0,0.0,0.0,0.0,0.0,[0. 0. 0. 0. 0. 0. 0. 0. 0. 0. 0. 0. 0. 0. 0. 0. 0. 0. 0. 0. 0. 0. 0. 0.
 0. 0. 0. 0. 0. 0. 0. 0. 0. 0. 0. 0.]
16.57796597480774,,6.594961195554588,-6.187416199026269,0.0,0.0,-0.0,-0.5374403144563581,-0.8433017896323065,[ 0.00474972 -0.00064012  0.00023098 -0.00064012  0.00233012  0.00069281
  0.00023098  0.00069281  0.00082032  0.          0.          0.
  0.          0.          0.          0.          0.          0.
  0.          0.          0.          0.          0.          0.
  0.          0.          0.          0.          0.          0.
  0.          0.          0.          0.          0.          0.        ],1.2983333333333333,0.0,0.0,0.0,0.0,0.0,[0. 0. 0. 0. 0. 0. 0. 0. 0. 0. 0. 0. 0. 0. 0. 0. 0. 0. 0. 0. 0. 0. 0. 0.
 0. 0. 0. 0. 0. 0. 0. 0. 0. 0. 0. 0.]
16.601622104644775,,6.613324811339789,-6.138834072457156,0.0,0.0,-0.0,-0.562739741613147,-0.8266341289888584,[ 0.00468578 -0.00064151  0.00021929 -0.00064151  0.00259002  0.0008392
  0.00021929  0.0008392   0.00095457  0.          0.          0.
  0.          0.          0.          0.          0.          0.
  0.          0.          0.          0.          0.          0.
  0.          0.          0.          0.          0.          0.
  0.          0.          0.          0.          0.          0.        ],1.3002380952380952,0.0,0.0,0.0,0.0,0.0,[0. 0. 0. 0. 0. 0. 0. 0. 0. 0. 0. 0. 0. 0. 0. 0. 0. 0. 0. 0. 0. 0. 0. 0.
 0. 0. 0. 0. 0. 0. 0. 0. 0. 0. 0. 0.]
16.62584662437439,,6.612850260970737,-6.116383539951055,0.0,0.0,-0.0,-0.5659033926732295,-0.8244715581273429,[ 0.00532526 -0.00064256  0.00025711 -0.00064256  0.00270014  0.00083884
  0.00025711  0.00083884  0.0008654   0.          0.          0.
  0.          0.          0.          0.          0.          0.
  0.          0.          0.          0.          0.          0.
  0.          0.          0.          0.          0.          0.
  0.          0.          0.          0.          0.          0.        ],1.3,0.0,0.0,0.0,0.0,0.0,[0. 0. 0. 0. 0. 0. 0. 0. 0. 0. 0. 0. 0. 0. 0. 0. 0. 0. 0. 0. 0. 0. 0. 0.
 0. 0. 0. 0. 0. 0. 0. 0. 0. 0. 0. 0.]
16.647136688232422,,6.602963355193818,-6.097786299327006,0.0,0.0,-0.0,-0.5804471401715516,-0.8142979291798961,[ 0.00503799 -0.00075797  0.00018932 -0.00075797  0.00253316  0.00070943
  0.00018932  0.00070943  0.00082973  0.          0.          0.
  0.          0.          0.          0.          0.          0.
  0.          0.          0.          0.          0.          0.
  0.          0.          0.          0.          0.          0.
  0.          0.          0.          0.          0.          0.        ],1.2942857142857143,0.0,0.0,0.0,0.0,0.0,[0. 0. 0. 0. 0. 0. 0. 0. 0. 0. 0. 0. 0. 0. 0. 0. 0. 0. 0. 0. 0. 0. 0. 0.
 0. 0. 0. 0. 0. 0. 0. 0. 0. 0. 0. 0.]
16.66116952896118,,6.609821931680898,-6.062690034525169,0.0,0.0,-0.0,-0.5987728714342361,-0.8009188775615167,[ 0.00478245 -0.00062064  0.00027103 -0.00062064  0.00262533  0.000865
  0.00027103  0.000865    0.00095151  0.          0.          0.
  0.          0.          0.          0.          0.          0.
  0.          0.          0.          0.          0.          0.
  0.          0.          0.          0.          0.          0.
  0.          0.          0.          0.          0.          0.        ],1.2888095238095238,0.0,0.0,0.0,0.0,0.0,[0. 0. 0. 0. 0. 0. 0. 0. 0. 0. 0. 0. 0. 0. 0. 0. 0. 0. 0. 0. 0. 0. 0. 0.
 0. 0. 0. 0. 0. 0. 0. 0. 0. 0. 0. 0.]
16.681473970413208,,6.623995278379602,-6.039932940974171,0.0,0.0,-0.0,-0.606785984940411,-0.794865251775353,[ 0.00595373 -0.00119144  0.00041575 -0.00119144  0.00314     0.00082862
  0.00041575  0.00082862  0.00084654  0.          0.          0.
  0.          0.          0.          0.          0.          0.
  0.          0.          0.          0.          0.          0.
  0.          0.          0.          0.          0.          0.
  0.          0.          0.          0.          0.          0.        ],1.2852380952380953,0.0,0.0,0.0,0.0,0.0,[0. 0. 0. 0. 0. 0. 0. 0. 0. 0. 0. 0. 0. 0. 0. 0. 0. 0. 0. 0. 0. 0. 0. 0.
 0. 0. 0. 0. 0. 0. 0. 0. 0. 0. 0. 0.]
16.700911283493042,,6.623920638236221,-6.024401513271096,0.0,0.0,-0.0,-0.6197275859570678,-0.7848169972699529,[ 7.03831593e-03 -2.08434035e-03  2.00809595e-05 -2.08434035e-03
  3.92267958e-03  9.86704140e-04  2.00809595e-05  9.86704140e-04
  1.04074797e-03  0.00000000e+00  0.00000000e+00  0.00000000e+00
  0.00000000e+00  0.00000000e+00  0.00000000e+00  0.00000000e+00
  0.00000000e+00  0.00000000e+00  0.00000000e+00  0.00000000e+00
  0.00000000e+00  0.00000000e+00  0.00000000e+00  0.00000000e+00
  0.00000000e+00  0.00000000e+00  0.00000000e+00  0.00000000e+00
  0.00000000e+00  0.00000000e+00  0.00000000e+00  0.00000000e+00
  0.00000000e+00  0.00000000e+00  0.00000000e+00  0.00000000e+00],1.2835714285714286,0.0,0.0,0.0,0.0,0.0,[0. 0. 0. 0. 0. 0. 0. 0. 0. 0. 0. 0. 0. 0. 0. 0. 0. 0. 0. 0. 0. 0. 0. 0.
 0. 0. 0. 0. 0. 0. 0. 0. 0. 0. 0. 0.]
16.720366716384888,,6.61999293531653,-6.010027053711152,0.0,0.0,-0.0,-0.6218431117089408,-0.7831418418269718,[ 7.47217584e-03 -2.50545918e-03  5.87962333e-05 -2.50545918e-03
  4.53512635e-03  1.06659478e-03  5.87962333e-05  1.06659478e-03
  1.05339862e-03  0.00000000e+00  0.00000000e+00  0.00000000e+00
  0.00000000e+00  0.00000000e+00  0.00000000e+00  0.00000000e+00
  0.00000000e+00  0.00000000e+00  0.00000000e+00  0.00000000e+00
  0.00000000e+00  0.00000000e+00  0.00000000e+00  0.00000000e+00
  0.00000000e+00  0.00000000e+00  0.00000000e+00  0.00000000e+00
  0.00000000e+00  0.00000000e+00  0.00000000e+00  0.00000000e+00
  0.00000000e+00  0.00000000e+00  0.00000000e+00  0.00000000e+00],1.2823809523809524,0.0,0.0,0.0,0.0,0.0,[0. 0. 0. 0. 0. 0. 0. 0. 0. 0. 0. 0. 0. 0. 0. 0. 0. 0. 0. 0. 0. 0. 0. 0.
 0. 0. 0. 0. 0. 0. 0. 0. 0. 0. 0. 0.]
16.735442876815796,,6.631396425995567,-5.991468194848774,0.0,0.0,-0.0,-0.6383726979384666,-0.7697274183285686,[ 0.00777161 -0.00281556  0.00010251 -0.00281556  0.00480587  0.00119808
  0.00010251  0.00119808  0.00104823  0.          0.          0.
  0.          0.          0.          0.          0.          0.
  0.          0.          0.          0.          0.          0.
  0.          0.          0.          0.          0.          0.
  0.          0.          0.          0.          0.          0.        ],1.2807142857142857,0.0,0.0,0.0,0.0,0.0,[0. 0. 0. 0. 0. 0. 0. 0. 0. 0. 0. 0. 0. 0. 0. 0. 0. 0. 0. 0. 0. 0. 0. 0.
 0. 0. 0. 0. 0. 0. 0. 0. 0. 0. 0. 0.]
16.765302181243896,,6.642234934930843,-5.969458184546487,0.0,0.0,-0.0,-0.6459412340629295,-0.7633871377861038,[ 0.00741953 -0.00299406 -0.0001205  -0.00299406  0.00512734  0.00133684
 -0.0001205   0.00133684  0.00106068  0.          0.          0.
  0.          0.          0.          0.          0.          0.
  0.          0.          0.          0.          0.          0.
  0.          0.          0.          0.          0.          0.
  0.          0.          0.          0.          0.          0.        ],1.2842857142857143,0.0,0.0,0.0,0.0,0.0,[0. 0. 0. 0. 0. 0. 0. 0. 0. 0. 0. 0. 0. 0. 0. 0. 0. 0. 0. 0. 0. 0. 0. 0.
 0. 0. 0. 0. 0. 0. 0. 0. 0. 0. 0. 0.]
16.79157257080078,,6.669153977347436,-5.968237309655478,0.0,0.0,-0.0,-0.6508885146910681,-0.7591733276684944,[ 0.00609639 -0.00245667 -0.00020817 -0.00245667  0.00500411  0.001256
 -0.00020817  0.001256    0.00089653  0.          0.          0.
  0.          0.          0.          0.          0.          0.
  0.          0.          0.          0.          0.          0.
  0.          0.          0.          0.          0.          0.
  0.          0.          0.          0.          0.          0.        ],1.2819047619047619,0.0,0.0,0.0,0.0,0.0,[0. 0. 0. 0. 0. 0. 0. 0. 0. 0. 0. 0. 0. 0. 0. 0. 0. 0. 0. 0. 0. 0. 0. 0.
 0. 0. 0. 0. 0. 0. 0. 0. 0. 0. 0. 0.]
16.82420039176941,,6.663510576085515,-5.9372123569107105,0.0,0.0,0.0,0.6739274785927606,0.7387975051376421,[ 0.00572106 -0.00231547 -0.00024817 -0.00231547  0.00479617  0.0014559
 -0.00024817  0.0014559   0.00117548  0.          0.          0.
  0.          0.          0.          0.          0.          0.
  0.          0.          0.          0.          0.          0.
  0.          0.          0.          0.          0.          0.
  0.          0.          0.          0.          0.          0.        ],1.2854761904761904,0.0,0.0,0.0,0.0,0.0,[0. 0. 0. 0. 0. 0. 0. 0. 0. 0. 0. 0. 0. 0. 0. 0. 0. 0. 0. 0. 0. 0. 0. 0.
 0. 0. 0. 0. 0. 0. 0. 0. 0. 0. 0. 0.]
16.84369468688965,,6.662452096855519,-5.9047465771306715,0.0,0.0,0.0,0.6830801984854062,0.7303433729672215,[ 0.00447234 -0.00154581 -0.00012762 -0.00154581  0.00429412  0.00134406
 -0.00012762  0.00134406  0.00103702  0.          0.          0.
  0.          0.          0.          0.          0.          0.
  0.          0.          0.          0.          0.          0.
  0.          0.          0.          0.          0.          0.
  0.          0.          0.          0.          0.          0.        ],1.2904761904761906,0.0,0.0,0.0,0.0,0.0,[0. 0. 0. 0. 0. 0. 0. 0. 0. 0. 0. 0. 0. 0. 0. 0. 0. 0. 0. 0. 0. 0. 0. 0.
 0. 0. 0. 0. 0. 0. 0. 0. 0. 0. 0. 0.]
16.866283893585205,,6.66303260775446,-5.879927104532877,0.0,0.0,0.0,0.6951674171201924,0.7188478713708767,[ 0.00447244 -0.00119139 -0.00025903 -0.00119139  0.00385992  0.001447
 -0.00025903  0.001447    0.00159475  0.          0.          0.
  0.          0.          0.          0.          0.          0.
  0.          0.          0.          0.          0.          0.
  0.          0.          0.          0.          0.          0.
  0.          0.          0.          0.          0.          0.        ],1.2940476190476191,0.0,0.0,0.0,0.0,0.0,[0. 0. 0. 0. 0. 0. 0. 0. 0. 0. 0. 0. 0. 0. 0. 0. 0. 0. 0. 0. 0. 0. 0. 0.
 0. 0. 0. 0. 0. 0. 0. 0. 0. 0. 0. 0.]
16.884305000305176,,6.648265309888687,-5.851615286290494,0.0,0.0,0.0,0.7108826507455213,0.7033106403780773,[ 3.55859333e-03 -4.56887425e-04  6.57043121e-05 -4.56887425e-04
  3.58868325e-03  1.21979781e-03  6.57043121e-05  1.21979781e-03
  1.09415807e-03  0.00000000e+00  0.00000000e+00  0.00000000e+00
  0.00000000e+00  0.00000000e+00  0.00000000e+00  0.00000000e+00
  0.00000000e+00  0.00000000e+00  0.00000000e+00  0.00000000e+00
  0.00000000e+00  0.00000000e+00  0.00000000e+00  0.00000000e+00
  0.00000000e+00  0.00000000e+00  0.00000000e+00  0.00000000e+00
  0.00000000e+00  0.00000000e+00  0.00000000e+00  0.00000000e+00
  0.00000000e+00  0.00000000e+00  0.00000000e+00  0.00000000e+00],1.2935714285714286,0.0,0.0,0.0,0.0,0.0,[0. 0. 0. 0. 0. 0. 0. 0. 0. 0. 0. 0. 0. 0. 0. 0. 0. 0. 0. 0. 0. 0. 0. 0.
 0. 0. 0. 0. 0. 0. 0. 0. 0. 0. 0. 0.]
16.907153129577637,,6.6348600964844335,-5.826809109762877,0.0,0.0,0.0,0.7146416124309988,0.6994907903482519,[ 4.37109488e-03 -8.57871214e-04  1.03929995e-05 -8.57871214e-04
  3.72754405e-03  1.19970502e-03  1.03929995e-05  1.19970502e-03
  1.01409666e-03  0.00000000e+00  0.00000000e+00  0.00000000e+00
  0.00000000e+00  0.00000000e+00  0.00000000e+00  0.00000000e+00
  0.00000000e+00  0.00000000e+00  0.00000000e+00  0.00000000e+00
  0.00000000e+00  0.00000000e+00  0.00000000e+00  0.00000000e+00
  0.00000000e+00  0.00000000e+00  0.00000000e+00  0.00000000e+00
  0.00000000e+00  0.00000000e+00  0.00000000e+00  0.00000000e+00
  0.00000000e+00  0.00000000e+00  0.00000000e+00  0.00000000e+00],1.2909523809523809,0.0,0.0,0.0,0.0,0.0,[0. 0. 0. 0. 0. 0. 0. 0. 0. 0. 0. 0. 0. 0. 0. 0. 0. 0. 0. 0. 0. 0. 0. 0.
 0. 0. 0. 0. 0. 0. 0. 0. 0. 0. 0. 0.]
16.92384362220764,,6.624590005304439,-5.807115857117622,0.0,0.0,0.0,0.7196845146522598,0.6943012310011709,[ 4.68193709e-03 -8.39470275e-04  6.24788011e-05 -8.39470275e-04
  3.22234140e-03  9.98285875e-04  6.24788011e-05  9.98285875e-04
  9.16580999e-04  0.00000000e+00  0.00000000e+00  0.00000000e+00
  0.00000000e+00  0.00000000e+00  0.00000000e+00  0.00000000e+00
  0.00000000e+00  0.00000000e+00  0.00000000e+00  0.00000000e+00
  0.00000000e+00  0.00000000e+00  0.00000000e+00  0.00000000e+00
  0.00000000e+00  0.00000000e+00  0.00000000e+00  0.00000000e+00
  0.00000000e+00  0.00000000e+00  0.00000000e+00  0.00000000e+00
  0.00000000e+00  0.00000000e+00  0.00000000e+00  0.00000000e+00],1.2878571428571428,0.0,0.0,0.0,0.0,0.0,[0. 0. 0. 0. 0. 0. 0. 0. 0. 0. 0. 0. 0. 0. 0. 0. 0. 0. 0. 0. 0. 0. 0. 0.
 0. 0. 0. 0. 0. 0. 0. 0. 0. 0. 0. 0.]
16.951210975646973,,6.625463361635452,-5.782208568747929,0.0,0.0,0.0,0.7311853856988921,0.6821788121455857,[ 4.27299618e-03 -6.79070607e-04  5.73983361e-05 -6.79070607e-04
  3.43377609e-03  1.35699840e-03  5.73983361e-05  1.35699840e-03
  1.62860270e-03  0.00000000e+00  0.00000000e+00  0.00000000e+00
  0.00000000e+00  0.00000000e+00  0.00000000e+00  0.00000000e+00
  0.00000000e+00  0.00000000e+00  0.00000000e+00  0.00000000e+00
  0.00000000e+00  0.00000000e+00  0.00000000e+00  0.00000000e+00
  0.00000000e+00  0.00000000e+00  0.00000000e+00  0.00000000e+00
  0.00000000e+00  0.00000000e+00  0.00000000e+00  0.00000000e+00
  0.00000000e+00  0.00000000e+00  0.00000000e+00  0.00000000e+00],1.2819047619047619,0.0,0.0,0.0,0.0,0.0,[0. 0. 0. 0. 0. 0. 0. 0. 0. 0. 0. 0. 0. 0. 0. 0. 0. 0. 0. 0. 0. 0. 0. 0.
 0. 0. 0. 0. 0. 0. 0. 0. 0. 0. 0. 0.]
16.976340532302856,,6.629652055183983,-5.768167706184414,0.0,0.0,0.0,0.7475258971817929,0.6642326648415866,[ 0.00397659 -0.00058024  0.00018251 -0.00058024  0.00333693  0.00107655
  0.00018251  0.00107655  0.00104589  0.          0.          0.
  0.          0.          0.          0.          0.          0.
  0.          0.          0.          0.          0.          0.
  0.          0.          0.          0.          0.          0.
  0.          0.          0.          0.          0.          0.        ],1.2747619047619048,0.0,0.0,0.0,0.0,0.0,[0. 0. 0. 0. 0. 0. 0. 0. 0. 0. 0. 0. 0. 0. 0. 0. 0. 0. 0. 0. 0. 0. 0. 0.
 0. 0. 0. 0. 0. 0. 0. 0. 0. 0. 0. 0.]
16.996793270111084,,6.6306668043787145,-5.747616897482004,0.0,0.0,0.0,0.7526430881112207,0.6584287219725498,[ 0.003625   -0.00031339  0.00024243 -0.00031339  0.00362185  0.00111682
  0.00024243  0.00111682  0.00095474  0.          0.          0.
  0.          0.          0.          0.          0.          0.
  0.          0.          0.          0.          0.          0.
  0.          0.          0.          0.          0.          0.
  0.          0.          0.          0.          0.          0.        ],1.275952380952381,0.0,0.0,0.0,0.0,0.0,[0. 0. 0. 0. 0. 0. 0. 0. 0. 0. 0. 0. 0. 0. 0. 0. 0. 0. 0. 0. 0. 0. 0. 0.
 0. 0. 0. 0. 0. 0. 0. 0. 0. 0. 0. 0.]
17.022912979125977,,6.6295893673746775,-5.718253320583344,0.0,0.0,0.0,0.7648353289901767,0.6442258296036323,[ 0.00359826 -0.00015544  0.00013196 -0.00015544  0.00346134  0.00128097
  0.00013196  0.00128097  0.00156477  0.          0.          0.
  0.          0.          0.          0.          0.          0.
  0.          0.          0.          0.          0.          0.
  0.          0.          0.          0.          0.          0.
  0.          0.          0.          0.          0.          0.        ],1.2792857142857144,0.0,0.0,0.0,0.0,0.0,[0. 0. 0. 0. 0. 0. 0. 0. 0. 0. 0. 0. 0. 0. 0. 0. 0. 0. 0. 0. 0. 0. 0. 0.
 0. 0. 0. 0. 0. 0. 0. 0. 0. 0. 0. 0.]
17.042712688446045,,6.606716918779906,-5.674693781521097,0.0,0.0,0.0,0.7809138381065208,0.6246387575661172,[ 3.70363976e-03 -2.24216351e-04  3.78603782e-05 -2.24216351e-04
  3.27554293e-03  1.14327450e-03  3.78603782e-05  1.14327450e-03
  1.10993794e-03  0.00000000e+00  0.00000000e+00  0.00000000e+00
  0.00000000e+00  0.00000000e+00  0.00000000e+00  0.00000000e+00
  0.00000000e+00  0.00000000e+00  0.00000000e+00  0.00000000e+00
  0.00000000e+00  0.00000000e+00  0.00000000e+00  0.00000000e+00
  0.00000000e+00  0.00000000e+00  0.00000000e+00  0.00000000e+00
  0.00000000e+00  0.00000000e+00  0.00000000e+00  0.00000000e+00
  0.00000000e+00  0.00000000e+00  0.00000000e+00  0.00000000e+00],1.2880952380952382,0.0,0.0,0.0,0.0,0.0,[0. 0. 0. 0. 0. 0. 0. 0. 0. 0. 0. 0. 0. 0. 0. 0. 0. 0. 0. 0. 0. 0. 0. 0.
 0. 0. 0. 0. 0. 0. 0. 0. 0. 0. 0. 0.]
17.059829473495483,,6.599213492428947,-5.659633184104911,0.0,0.0,0.0,0.7845567040808354,0.6200570764710426,[ 3.45954061e-03 -3.10721630e-04  5.74616647e-05 -3.10721630e-04
  3.06497859e-03  1.07076440e-03  5.74616647e-05  1.07076440e-03
  9.36306473e-04  0.00000000e+00  0.00000000e+00  0.00000000e+00
  0.00000000e+00  0.00000000e+00  0.00000000e+00  0.00000000e+00
  0.00000000e+00  0.00000000e+00  0.00000000e+00  0.00000000e+00
  0.00000000e+00  0.00000000e+00  0.00000000e+00  0.00000000e+00
  0.00000000e+00  0.00000000e+00  0.00000000e+00  0.00000000e+00
  0.00000000e+00  0.00000000e+00  0.00000000e+00  0.00000000e+00
  0.00000000e+00  0.00000000e+00  0.00000000e+00  0.00000000e+00],1.2833333333333334,0.0,0.0,0.0,0.0,0.0,[0. 0. 0. 0. 0. 0. 0. 0. 0. 0. 0. 0. 0. 0. 0. 0. 0. 0. 0. 0. 0. 0. 0. 0.
 0. 0. 0. 0. 0. 0. 0. 0. 0. 0. 0. 0.]
17.08505344390869,,6.583475875455743,-5.6369898486787955,0.0,0.0,0.0,0.7959511633926408,0.6053608390818667,[ 3.41307712e-03 -2.48842722e-04 -4.13408799e-05 -2.48842722e-04
  3.17790115e-03  1.27265840e-03 -4.13408799e-05  1.27265840e-03
  1.48532966e-03  0.00000000e+00  0.00000000e+00  0.00000000e+00
  0.00000000e+00  0.00000000e+00  0.00000000e+00  0.00000000e+00
  0.00000000e+00  0.00000000e+00  0.00000000e+00  0.00000000e+00
  0.00000000e+00  0.00000000e+00  0.00000000e+00  0.00000000e+00
  0.00000000e+00  0.00000000e+00  0.00000000e+00  0.00000000e+00
  0.00000000e+00  0.00000000e+00  0.00000000e+00  0.00000000e+00
  0.00000000e+00  0.00000000e+00  0.00000000e+00  0.00000000e+00],1.283095238095238,0.0,0.0,0.0,0.0,0.0,[0. 0. 0. 0. 0. 0. 0. 0. 0. 0. 0. 0. 0. 0. 0. 0. 0. 0. 0. 0. 0. 0. 0. 0.
 0. 0. 0. 0. 0. 0. 0. 0. 0. 0. 0. 0.]
17.104610681533813,,6.5512884077432885,-5.614462165431841,0.0,0.0,0.0,0.8079529168270863,0.5892470485209099,[ 0.00343645 -0.00026271  0.00013193 -0.00026271  0.00291829  0.00101387
  0.00013193  0.00101387  0.00102264  0.          0.          0.
  0.          0.          0.          0.          0.          0.
  0.          0.          0.          0.          0.          0.
  0.          0.          0.          0.          0.          0.
  0.          0.          0.          0.          0.          0.        ],1.2807142857142857,0.0,0.0,0.0,0.0,0.0,[0. 0. 0. 0. 0. 0. 0. 0. 0. 0. 0. 0. 0. 0. 0. 0. 0. 0. 0. 0. 0. 0. 0. 0.
 0. 0. 0. 0. 0. 0. 0. 0. 0. 0. 0. 0.]
17.126394033432007,,6.536176244964863,-5.601172813806338,0.0,0.0,0.0,0.8096596128460941,0.5868997455493681,[ 3.42600144e-03 -2.62935840e-04  3.30337262e-05 -2.62935840e-04
  3.13698508e-03  1.12164058e-03  3.30337262e-05  1.12164058e-03
  1.01934320e-03  0.00000000e+00  0.00000000e+00  0.00000000e+00
  0.00000000e+00  0.00000000e+00  0.00000000e+00  0.00000000e+00
  0.00000000e+00  0.00000000e+00  0.00000000e+00  0.00000000e+00
  0.00000000e+00  0.00000000e+00  0.00000000e+00  0.00000000e+00
  0.00000000e+00  0.00000000e+00  0.00000000e+00  0.00000000e+00
  0.00000000e+00  0.00000000e+00  0.00000000e+00  0.00000000e+00
  0.00000000e+00  0.00000000e+00  0.00000000e+00  0.00000000e+00],1.275,0.0,0.0,0.0,0.0,0.0,[0. 0. 0. 0. 0. 0. 0. 0. 0. 0. 0. 0. 0. 0. 0. 0. 0. 0. 0. 0. 0. 0. 0. 0.
 0. 0. 0. 0. 0. 0. 0. 0. 0. 0. 0. 0.]
17.1487774848938,,6.517939226717167,-5.565494947088965,0.0,0.0,0.0,0.8214675072955726,0.5702553239186797,[ 3.88962290e-03 -6.07028503e-04 -4.91555588e-05 -6.07028503e-04
  3.48412280e-03  1.33688390e-03 -4.91555588e-05  1.33688390e-03
  1.56992066e-03  0.00000000e+00  0.00000000e+00  0.00000000e+00
  0.00000000e+00  0.00000000e+00  0.00000000e+00  0.00000000e+00
  0.00000000e+00  0.00000000e+00  0.00000000e+00  0.00000000e+00
  0.00000000e+00  0.00000000e+00  0.00000000e+00  0.00000000e+00
  0.00000000e+00  0.00000000e+00  0.00000000e+00  0.00000000e+00
  0.00000000e+00  0.00000000e+00  0.00000000e+00  0.00000000e+00
  0.00000000e+00  0.00000000e+00  0.00000000e+00  0.00000000e+00],1.2792857142857144,0.0,0.0,0.0,0.0,0.0,[0. 0. 0. 0. 0. 0. 0. 0. 0. 0. 0. 0. 0. 0. 0. 0. 0. 0. 0. 0. 0. 0. 0. 0.
 0. 0. 0. 0. 0. 0. 0. 0. 0. 0. 0. 0.]
17.16568350791931,,6.528745092042527,-5.543617890850191,0.0,0.0,0.0,0.8289547381690845,0.5593156908821928,[ 0.00433352 -0.00066285 -0.00016829 -0.00066285  0.00358855  0.00139189
 -0.00016829  0.00139189  0.00164844  0.          0.          0.
  0.          0.          0.          0.          0.          0.
  0.          0.          0.          0.          0.          0.
  0.          0.          0.          0.          0.          0.
  0.          0.          0.          0.          0.          0.        ],1.279047619047619,0.0,0.0,0.0,0.0,0.0,[0. 0. 0. 0. 0. 0. 0. 0. 0. 0. 0. 0. 0. 0. 0. 0. 0. 0. 0. 0. 0. 0. 0. 0.
 0. 0. 0. 0. 0. 0. 0. 0. 0. 0. 0. 0.]
17.191805124282837,,6.511728388273085,-5.52707859906521,0.0,0.0,0.0,0.8389773722737446,0.5441663062085365,[ 3.74902675e-03 -7.22454793e-04  2.35674131e-06 -7.22454793e-04
  3.36258568e-03  1.08849113e-03  2.35674131e-06  1.08849113e-03
  9.26547134e-04  0.00000000e+00  0.00000000e+00  0.00000000e+00
  0.00000000e+00  0.00000000e+00  0.00000000e+00  0.00000000e+00
  0.00000000e+00  0.00000000e+00  0.00000000e+00  0.00000000e+00
  0.00000000e+00  0.00000000e+00  0.00000000e+00  0.00000000e+00
  0.00000000e+00  0.00000000e+00  0.00000000e+00  0.00000000e+00
  0.00000000e+00  0.00000000e+00  0.00000000e+00  0.00000000e+00
  0.00000000e+00  0.00000000e+00  0.00000000e+00  0.00000000e+00],1.2778571428571428,0.0,0.0,0.0,0.0,0.0,[0. 0. 0. 0. 0. 0. 0. 0. 0. 0. 0. 0. 0. 0. 0. 0. 0. 0. 0. 0. 0. 0. 0. 0.
 0. 0. 0. 0. 0. 0. 0. 0. 0. 0. 0. 0.]
17.21749258041382,,6.497081114477719,-5.504030140101378,0.0,0.0,0.0,0.8486579316240265,0.5289420715840527,[ 0.00397615 -0.00093343 -0.00032857 -0.00093343  0.00323602  0.00133968
 -0.00032857  0.00133968  0.00157594  0.          0.          0.
  0.          0.          0.          0.          0.          0.
  0.          0.          0.          0.          0.          0.
  0.          0.          0.          0.          0.          0.
  0.          0.          0.          0.          0.          0.        ],1.2764285714285715,0.0,0.0,0.0,0.0,0.0,[0. 0. 0. 0. 0. 0. 0. 0. 0. 0. 0. 0. 0. 0. 0. 0. 0. 0. 0. 0. 0. 0. 0. 0.
 0. 0. 0. 0. 0. 0. 0. 0. 0. 0. 0. 0.]
17.2453134059906,,6.460325592154525,-5.4719354741491815,0.0,0.0,0.0,0.8609241726435896,0.5087332984560288,[ 0.00377311 -0.00097511 -0.00032658 -0.00097511  0.00335917  0.00114594
 -0.00032658  0.00114594  0.00114831  0.          0.          0.
  0.          0.          0.          0.          0.          0.
  0.          0.          0.          0.          0.          0.
  0.          0.          0.          0.          0.          0.
  0.          0.          0.          0.          0.          0.        ],1.2780952380952382,0.0,0.0,0.0,0.0,0.0,[0. 0. 0. 0. 0. 0. 0. 0. 0. 0. 0. 0. 0. 0. 0. 0. 0. 0. 0. 0. 0. 0. 0. 0.
 0. 0. 0. 0. 0. 0. 0. 0. 0. 0. 0. 0.]
17.262061595916748,,6.442381647082758,-5.460324487555103,0.0,0.0,0.0,0.8636843864801712,0.5040330153376564,[ 0.00394337 -0.00087    -0.00012449 -0.00087     0.00347268  0.0012047
 -0.00012449  0.0012047   0.00111294  0.          0.          0.
  0.          0.          0.          0.          0.          0.
  0.          0.          0.          0.          0.          0.
  0.          0.          0.          0.          0.          0.
  0.          0.          0.          0.          0.          0.        ],1.252857142857143,0.0,0.0,0.0,0.0,0.0,[0. 0. 0. 0. 0. 0. 0. 0. 0. 0. 0. 0. 0. 0. 0. 0. 0. 0. 0. 0. 0. 0. 0. 0.
 0. 0. 0. 0. 0. 0. 0. 0. 0. 0. 0. 0.]
17.28572702407837,,6.419165101122304,-5.4367481960819815,0.0,0.0,0.0,0.8737125921626732,0.48644250050379273,[ 0.0040572  -0.00110493 -0.00040749 -0.00110493  0.0033735   0.00130902
 -0.00040749  0.00130902  0.00144333  0.          0.          0.
  0.          0.          0.          0.          0.          0.
  0.          0.          0.          0.          0.          0.
  0.          0.          0.          0.          0.          0.
  0.          0.          0.          0.          0.          0.        ],1.1730952380952382,0.0,0.0,0.0,0.0,0.0,[0. 0. 0. 0. 0. 0. 0. 0. 0. 0. 0. 0. 0. 0. 0. 0. 0. 0. 0. 0. 0. 0. 0. 0.
 0. 0. 0. 0. 0. 0. 0. 0. 0. 0. 0. 0.]
17.31516408920288,,6.386770570299513,-5.421377282532129,0.0,0.0,0.0,0.8828524613754178,0.4696504353701445,[ 0.00379884 -0.0009329  -0.00039844 -0.0009329   0.00343797  0.00122349
 -0.00039844  0.00122349  0.00120944  0.          0.          0.
  0.          0.          0.          0.          0.          0.
  0.          0.          0.          0.          0.          0.
  0.          0.          0.          0.          0.          0.
  0.          0.          0.          0.          0.          0.        ],1.1147619047619048,0.0,0.0,0.0,0.0,0.0,[0. 0. 0. 0. 0. 0. 0. 0. 0. 0. 0. 0. 0. 0. 0. 0. 0. 0. 0. 0. 0. 0. 0. 0.
 0. 0. 0. 0. 0. 0. 0. 0. 0. 0. 0. 0.]
17.338009119033813,,6.3805885559240565,-5.401867525819758,0.0,0.0,0.0,0.887189111889733,0.46140598147868306,[ 0.00465543 -0.0011888  -0.00019426 -0.0011888   0.0034503   0.00122751
 -0.00019426  0.00122751  0.00110743  0.          0.          0.
  0.          0.          0.          0.          0.          0.
  0.          0.          0.          0.          0.          0.
  0.          0.          0.          0.          0.          0.
  0.          0.          0.          0.          0.          0.        ],1.1385714285714286,0.0,0.0,0.0,0.0,0.0,[0. 0. 0. 0. 0. 0. 0. 0. 0. 0. 0. 0. 0. 0. 0. 0. 0. 0. 0. 0. 0. 0. 0. 0.
 0. 0. 0. 0. 0. 0. 0. 0. 0. 0. 0. 0.]
17.368558883666992,,6.373604298741195,-5.382941499300617,0.0,0.0,0.0,0.8963699270993568,0.4433068393245178,[ 0.00469067 -0.00146187 -0.00049543 -0.00146187  0.00335067  0.00130243
 -0.00049543  0.00130243  0.00153437  0.          0.          0.
  0.          0.          0.          0.          0.          0.
  0.          0.          0.          0.          0.          0.
  0.          0.          0.          0.          0.          0.
  0.          0.          0.          0.          0.          0.        ],1.1402380952380953,0.0,0.0,0.0,0.0,0.0,[0. 0. 0. 0. 0. 0. 0. 0. 0. 0. 0. 0. 0. 0. 0. 0. 0. 0. 0. 0. 0. 0. 0. 0.
 0. 0. 0. 0. 0. 0. 0. 0. 0. 0. 0. 0.]
17.395227193832397,,6.353138830196695,-5.372253557495669,0.0,0.0,0.0,0.904145239160476,0.42722521754157466,[ 0.00465533 -0.0011044  -0.0002922  -0.0011044   0.00278152  0.00090133
 -0.0002922   0.00090133  0.00104463  0.          0.          0.
  0.          0.          0.          0.          0.          0.
  0.          0.          0.          0.          0.          0.
  0.          0.          0.          0.          0.          0.
  0.          0.          0.          0.          0.          0.        ],1.1373809523809524,0.0,0.0,0.0,0.0,0.0,[0. 0. 0. 0. 0. 0. 0. 0. 0. 0. 0. 0. 0. 0. 0. 0. 0. 0. 0. 0. 0. 0. 0. 0.
 0. 0. 0. 0. 0. 0. 0. 0. 0. 0. 0. 0.]
17.416804313659668,,6.325138988283033,-5.352409501917602,0.0,0.0,0.0,0.9122813326840592,0.4095641220080158,[ 0.0045149  -0.00119957 -0.0004503  -0.00119957  0.00292364  0.00117661
 -0.0004503   0.00117661  0.0015435   0.          0.          0.
  0.          0.          0.          0.          0.          0.
  0.          0.          0.          0.          0.          0.
  0.          0.          0.          0.          0.          0.
  0.          0.          0.          0.          0.          0.        ],1.1373809523809524,0.0,0.0,0.0,0.0,0.0,[0. 0. 0. 0. 0. 0. 0. 0. 0. 0. 0. 0. 0. 0. 0. 0. 0. 0. 0. 0. 0. 0. 0. 0.
 0. 0. 0. 0. 0. 0. 0. 0. 0. 0. 0. 0.]
17.440047025680542,,6.305645534792212,-5.340509999341466,0.0,0.0,0.0,0.915006819751477,0.40343837175991093,[ 0.00423573 -0.00125445 -0.00052223 -0.00125445  0.00321537  0.0012774
 -0.00052223  0.0012774   0.00147397  0.          0.          0.
  0.          0.          0.          0.          0.          0.
  0.          0.          0.          0.          0.          0.
  0.          0.          0.          0.          0.          0.
  0.          0.          0.          0.          0.          0.        ],1.1328571428571428,0.0,0.0,0.0,0.0,0.0,[0. 0. 0. 0. 0. 0. 0. 0. 0. 0. 0. 0. 0. 0. 0. 0. 0. 0. 0. 0. 0. 0. 0. 0.
 0. 0. 0. 0. 0. 0. 0. 0. 0. 0. 0. 0.]
17.464054346084595,,6.26343181001767,-5.321365190998555,0.0,0.0,0.0,0.9218764661247942,0.38748391089858303,[ 0.00393279 -0.0013825  -0.0005084  -0.0013825   0.00320932  0.00115688
 -0.0005084   0.00115688  0.00118053  0.          0.          0.
  0.          0.          0.          0.          0.          0.
  0.          0.          0.          0.          0.          0.
  0.          0.          0.          0.          0.          0.
  0.          0.          0.          0.          0.          0.        ],1.1245238095238095,0.0,0.0,0.0,0.0,0.0,[0. 0. 0. 0. 0. 0. 0. 0. 0. 0. 0. 0. 0. 0. 0. 0. 0. 0. 0. 0. 0. 0. 0. 0.
 0. 0. 0. 0. 0. 0. 0. 0. 0. 0. 0. 0.]
17.48735237121582,,6.237854149610984,-5.306276044604109,0.0,0.0,0.0,0.9286711828733206,0.3709040766838071,[ 0.00391456 -0.00126576 -0.00053813 -0.00126576  0.00299163  0.00121517
 -0.00053813  0.00121517  0.00152059  0.          0.          0.
  0.          0.          0.          0.          0.          0.
  0.          0.          0.          0.          0.          0.
  0.          0.          0.          0.          0.          0.
  0.          0.          0.          0.          0.          0.        ],1.1195238095238096,0.0,0.0,0.0,0.0,0.0,[0. 0. 0. 0. 0. 0. 0. 0. 0. 0. 0. 0. 0. 0. 0. 0. 0. 0. 0. 0. 0. 0. 0. 0.
 0. 0. 0. 0. 0. 0. 0. 0. 0. 0. 0. 0.]
17.507663249969482,,6.220361850826732,-5.291389830233081,0.0,0.0,0.0,0.9300200577929166,0.36750876466127996,[ 0.00411927 -0.00118673 -0.00047386 -0.00118673  0.00297138  0.00122556
 -0.00047386  0.00122556  0.00155027  0.          0.          0.
  0.          0.          0.          0.          0.          0.
  0.          0.          0.          0.          0.          0.
  0.          0.          0.          0.          0.          0.
  0.          0.          0.          0.          0.          0.        ],1.1195238095238096,0.0,0.0,0.0,0.0,0.0,[0. 0. 0. 0. 0. 0. 0. 0. 0. 0. 0. 0. 0. 0. 0. 0. 0. 0. 0. 0. 0. 0. 0. 0.
 0. 0. 0. 0. 0. 0. 0. 0. 0. 0. 0. 0.]
17.52305793762207,,6.202505838307461,-5.279825298264243,0.0,0.0,0.0,0.9324077301130069,0.3614081139453154,[ 0.00420519 -0.00136878 -0.00062678 -0.00136878  0.00320241  0.00128393
 -0.00062678  0.00128393  0.00144198  0.          0.          0.
  0.          0.          0.          0.          0.          0.
  0.          0.          0.          0.          0.          0.
  0.          0.          0.          0.          0.          0.
  0.          0.          0.          0.          0.          0.        ],1.1104761904761904,0.0,0.0,0.0,0.0,0.0,[0. 0. 0. 0. 0. 0. 0. 0. 0. 0. 0. 0. 0. 0. 0. 0. 0. 0. 0. 0. 0. 0. 0. 0.
 0. 0. 0. 0. 0. 0. 0. 0. 0. 0. 0. 0.]
17.549778938293457,,6.1708257015497665,-5.27538869349213,0.0,0.0,0.0,0.9379412261953934,0.3467942563005936,[ 0.00366692 -0.00130959 -0.00055623 -0.00130959  0.00340658  0.00118717
 -0.00055623  0.00118717  0.00113256  0.          0.          0.
  0.          0.          0.          0.          0.          0.
  0.          0.          0.          0.          0.          0.
  0.          0.          0.          0.          0.          0.
  0.          0.          0.          0.          0.          0.        ],1.1095238095238096,0.0,0.0,0.0,0.0,0.0,[0. 0. 0. 0. 0. 0. 0. 0. 0. 0. 0. 0. 0. 0. 0. 0. 0. 0. 0. 0. 0. 0. 0. 0.
 0. 0. 0. 0. 0. 0. 0. 0. 0. 0. 0. 0.]
17.563371419906616,,6.162857255119778,-5.261536628135893,0.0,0.0,0.0,0.9450109405255862,0.3270387168011563,[ 0.0042581  -0.00136185 -0.00040713 -0.00136185  0.00340563  0.00119364
 -0.00040713  0.00119364  0.00158389  0.          0.          0.
  0.          0.          0.          0.          0.          0.
  0.          0.          0.          0.          0.          0.
  0.          0.          0.          0.          0.          0.
  0.          0.          0.          0.          0.          0.        ],1.101904761904762,0.0,0.0,0.0,0.0,0.0,[0. 0. 0. 0. 0. 0. 0. 0. 0. 0. 0. 0. 0. 0. 0. 0. 0. 0. 0. 0. 0. 0. 0. 0.
 0. 0. 0. 0. 0. 0. 0. 0. 0. 0. 0. 0.]
17.58436918258667,,6.155189884767433,-5.249102917908931,0.0,0.0,0.0,0.9472433475154833,0.3205152735637746,[ 0.00486876 -0.00152767 -0.00070196 -0.00152767  0.00338363  0.00126979
 -0.00070196  0.00126979  0.00154395  0.          0.          0.
  0.          0.          0.          0.          0.          0.
  0.          0.          0.          0.          0.          0.
  0.          0.          0.          0.          0.          0.
  0.          0.          0.          0.          0.          0.        ],1.0961904761904762,0.0,0.0,0.0,0.0,0.0,[0. 0. 0. 0. 0. 0. 0. 0. 0. 0. 0. 0. 0. 0. 0. 0. 0. 0. 0. 0. 0. 0. 0. 0.
 0. 0. 0. 0. 0. 0. 0. 0. 0. 0. 0. 0.]
17.612082958221436,,6.1527513279340855,-5.238827379160904,0.0,0.0,0.0,0.9480035650491438,0.3182597062999237,[ 0.00502114 -0.00165147 -0.00055932 -0.00165147  0.00322388  0.00121709
 -0.00055932  0.00121709  0.00148574  0.          0.          0.
  0.          0.          0.          0.          0.          0.
  0.          0.          0.          0.          0.          0.
  0.          0.          0.          0.          0.          0.
  0.          0.          0.          0.          0.          0.        ],1.0876190476190477,0.0,0.0,0.0,0.0,0.0,[0. 0. 0. 0. 0. 0. 0. 0. 0. 0. 0. 0. 0. 0. 0. 0. 0. 0. 0. 0. 0. 0. 0. 0.
 0. 0. 0. 0. 0. 0. 0. 0. 0. 0. 0. 0.]
17.633191108703613,,6.120286230454804,-5.226159821200155,0.0,0.0,0.0,0.9580874553951911,0.28647587649637735,[ 0.0047149  -0.00174627 -0.00074402 -0.00174627  0.00332761  0.00125086
 -0.00074402  0.00125086  0.00158716  0.          0.          0.
  0.          0.          0.          0.          0.          0.
  0.          0.          0.          0.          0.          0.
  0.          0.          0.          0.          0.          0.
  0.          0.          0.          0.          0.          0.        ],1.0395238095238095,0.0,0.0,0.0,0.0,0.0,[0. 0. 0. 0. 0. 0. 0. 0. 0. 0. 0. 0. 0. 0. 0. 0. 0. 0. 0. 0. 0. 0. 0. 0.
 0. 0. 0. 0. 0. 0. 0. 0. 0. 0. 0. 0.]
17.658906936645508,,6.102055730114814,-5.217197327517967,0.0,0.0,0.0,0.9585150835360841,0.2850418120799365,[ 0.0049163  -0.00183985 -0.00076929 -0.00183985  0.0032802   0.00120417
 -0.00076929  0.00120417  0.00160573  0.          0.          0.
  0.          0.          0.          0.          0.          0.
  0.          0.          0.          0.          0.          0.
  0.          0.          0.          0.          0.          0.
  0.          0.          0.          0.          0.          0.        ],0.9078571428571428,0.0,0.0,0.0,0.0,0.0,[0. 0. 0. 0. 0. 0. 0. 0. 0. 0. 0. 0. 0. 0. 0. 0. 0. 0. 0. 0. 0. 0. 0. 0.
 0. 0. 0. 0. 0. 0. 0. 0. 0. 0. 0. 0.]
17.678240299224854,,6.064811611331592,-5.209253413893482,0.0,0.0,0.0,0.9642218317295448,0.265096697859708,[ 0.00418153 -0.00155126 -0.00063239 -0.00155126  0.00302454  0.00104482
 -0.00063239  0.00104482  0.00112781  0.          0.          0.
  0.          0.          0.          0.          0.          0.
  0.          0.          0.          0.          0.          0.
  0.          0.          0.          0.          0.          0.
  0.          0.          0.          0.          0.          0.        ],0.8735714285714286,0.0,0.0,0.0,0.0,0.0,[0. 0. 0. 0. 0. 0. 0. 0. 0. 0. 0. 0. 0. 0. 0. 0. 0. 0. 0. 0. 0. 0. 0. 0.
 0. 0. 0. 0. 0. 0. 0. 0. 0. 0. 0. 0.]
17.695125341415405,,6.043245898358334,-5.206046274222485,0.0,0.0,0.0,0.9644164446294756,0.26438782371403113,[ 0.00396858 -0.00168452 -0.00061919 -0.00168452  0.00325291  0.00111799
 -0.00061919  0.00111799  0.00108402  0.          0.          0.
  0.          0.          0.          0.          0.          0.
  0.          0.          0.          0.          0.          0.
  0.          0.          0.          0.          0.          0.
  0.          0.          0.          0.          0.          0.        ],0.8735714285714286,0.0,0.0,0.0,0.0,0.0,[0. 0. 0. 0. 0. 0. 0. 0. 0. 0. 0. 0. 0. 0. 0. 0. 0. 0. 0. 0. 0. 0. 0. 0.
 0. 0. 0. 0. 0. 0. 0. 0. 0. 0. 0. 0.]
17.723700046539307,,6.029064299388732,-5.206100318191433,0.0,0.0,0.0,0.9651111193506301,0.2618406525079209,[ 0.00443638 -0.00190841 -0.0006857  -0.00190841  0.00312521  0.00104061
 -0.0006857   0.00104061  0.00102045  0.          0.          0.
  0.          0.          0.          0.          0.          0.
  0.          0.          0.          0.          0.          0.
  0.          0.          0.          0.          0.          0.
  0.          0.          0.          0.          0.          0.        ],0.8652380952380953,0.0,0.0,0.0,0.0,0.0,[0. 0. 0. 0. 0. 0. 0. 0. 0. 0. 0. 0. 0. 0. 0. 0. 0. 0. 0. 0. 0. 0. 0. 0.
 0. 0. 0. 0. 0. 0. 0. 0. 0. 0. 0. 0.]
17.74720525741577,,6.006801394802059,-5.192785899760691,0.0,0.0,0.0,0.9697781474537734,0.24398841103857227,[ 0.00486796 -0.00198019 -0.00091749 -0.00198019  0.00319786  0.00120978
 -0.00091749  0.00120978  0.0015141   0.          0.          0.
  0.          0.          0.          0.          0.          0.
  0.          0.          0.          0.          0.          0.
  0.          0.          0.          0.          0.          0.
  0.          0.          0.          0.          0.          0.        ],0.8192857142857143,0.0,0.0,0.0,0.0,0.0,[0. 0. 0. 0. 0. 0. 0. 0. 0. 0. 0. 0. 0. 0. 0. 0. 0. 0. 0. 0. 0. 0. 0. 0.
 0. 0. 0. 0. 0. 0. 0. 0. 0. 0. 0. 0.]
17.771958351135254,,5.97710843469249,-5.1968594944703925,0.0,0.0,0.0,0.9733039702695906,0.2295198933806216,[ 0.00457855 -0.00201885 -0.0008026  -0.00201885  0.00354819  0.00126435
 -0.0008026   0.00126435  0.00117974  0.          0.          0.
  0.          0.          0.          0.          0.          0.
  0.          0.          0.          0.          0.          0.
  0.          0.          0.          0.          0.          0.
  0.          0.          0.          0.          0.          0.        ],0.804047619047619,0.0,0.0,0.0,0.0,0.0,[0. 0. 0. 0. 0. 0. 0. 0. 0. 0. 0. 0. 0. 0. 0. 0. 0. 0. 0. 0. 0. 0. 0. 0.
 0. 0. 0. 0. 0. 0. 0. 0. 0. 0. 0. 0.]
17.789584636688232,,5.983087788423678,-5.197562214838506,0.0,0.0,0.0,0.9745575473138512,0.22413742876550236,[ 0.00520803 -0.00217091 -0.00049007 -0.00217091  0.00339758  0.00107198
 -0.00049007  0.00107198  0.00109019  0.          0.          0.
  0.          0.          0.          0.          0.          0.
  0.          0.          0.          0.          0.          0.
  0.          0.          0.          0.          0.          0.
  0.          0.          0.          0.          0.          0.        ],0.7892857142857143,0.0,0.0,0.0,0.0,0.0,[0. 0. 0. 0. 0. 0. 0. 0. 0. 0. 0. 0. 0. 0. 0. 0. 0. 0. 0. 0. 0. 0. 0. 0.
 0. 0. 0. 0. 0. 0. 0. 0. 0. 0. 0. 0.]
17.810251235961914,,5.974437210409397,-5.192043728057386,0.0,0.0,0.0,0.9781246709634119,0.2080195376706649,[ 0.00503159 -0.00190958 -0.00095361 -0.00190958  0.00316223  0.00121401
 -0.00095361  0.00121401  0.0016594   0.          0.          0.
  0.          0.          0.          0.          0.          0.
  0.          0.          0.          0.          0.          0.
  0.          0.          0.          0.          0.          0.
  0.          0.          0.          0.          0.          0.        ],0.7869047619047619,0.0,0.0,0.0,0.0,0.0,[0. 0. 0. 0. 0. 0. 0. 0. 0. 0. 0. 0. 0. 0. 0. 0. 0. 0. 0. 0. 0. 0. 0. 0.
 0. 0. 0. 0. 0. 0. 0. 0. 0. 0. 0. 0.]
17.840928554534912,,5.939630483648414,-5.183304677202827,0.0,0.0,0.0,0.9816076106907595,0.1909096609236378,[ 0.00484953 -0.00189675 -0.00077078 -0.00189675  0.0030161   0.00105723
 -0.00077078  0.00105723  0.00123115  0.          0.          0.
  0.          0.          0.          0.          0.          0.
  0.          0.          0.          0.          0.          0.
  0.          0.          0.          0.          0.          0.
  0.          0.          0.          0.          0.          0.        ],0.950952380952381,0.0,0.0,0.0,0.0,0.0,[0. 0. 0. 0. 0. 0. 0. 0. 0. 0. 0. 0. 0. 0. 0. 0. 0. 0. 0. 0. 0. 0. 0. 0.
 0. 0. 0. 0. 0. 0. 0. 0. 0. 0. 0. 0.]
17.87006711959839,,5.921337589727676,-5.175842761523747,0.0,0.0,0.0,0.9822106672911137,0.18778233425843113,[ 0.00505314 -0.00187856 -0.0006131  -0.00187856  0.00294221  0.00103573
 -0.0006131   0.00103573  0.00118019  0.          0.          0.
  0.          0.          0.          0.          0.          0.
  0.          0.          0.          0.          0.          0.
  0.          0.          0.          0.          0.          0.
  0.          0.          0.          0.          0.          0.        ],0.8642857142857143,0.0,0.0,0.0,0.0,0.0,[0. 0. 0. 0. 0. 0. 0. 0. 0. 0. 0. 0. 0. 0. 0. 0. 0. 0. 0. 0. 0. 0. 0. 0.
 0. 0. 0. 0. 0. 0. 0. 0. 0. 0. 0. 0.]
17.89674210548401,,5.913644625448242,-5.1782270543417,0.0,0.0,0.0,0.9825986752985775,0.1857413343913536,[ 0.00437986 -0.00158723 -0.00049551 -0.00158723  0.00259119  0.00086709
 -0.00049551  0.00086709  0.00100449  0.          0.          0.
  0.          0.          0.          0.          0.          0.
  0.          0.          0.          0.          0.          0.
  0.          0.          0.          0.          0.          0.
  0.          0.          0.          0.          0.          0.        ],0.7609523809523809,0.0,0.0,0.0,0.0,0.0,[0. 0. 0. 0. 0. 0. 0. 0. 0. 0. 0. 0. 0. 0. 0. 0. 0. 0. 0. 0. 0. 0. 0. 0.
 0. 0. 0. 0. 0. 0. 0. 0. 0. 0. 0. 0.]
17.922457933425903,,5.877995930288192,-5.176751768041851,0.0,0.0,0.0,0.9873545710219512,0.15852744583212935,[ 0.00488783 -0.00182587 -0.00086694 -0.00182587  0.00284471  0.00110115
 -0.00086694  0.00110115  0.00145943  0.          0.          0.
  0.          0.          0.          0.          0.          0.
  0.          0.          0.          0.          0.          0.
  0.          0.          0.          0.          0.          0.
  0.          0.          0.          0.          0.          0.        ],0.6447619047619048,0.0,0.0,0.0,0.0,0.0,[0. 0. 0. 0. 0. 0. 0. 0. 0. 0. 0. 0. 0. 0. 0. 0. 0. 0. 0. 0. 0. 0. 0. 0.
 0. 0. 0. 0. 0. 0. 0. 0. 0. 0. 0. 0.]
17.94207191467285,,5.845840312611107,-5.167492735840626,0.0,0.0,0.0,0.9883857958332226,0.15196551778323655,[ 0.0050682  -0.00211988 -0.00086934 -0.00211988  0.0030712   0.0011345
 -0.00086934  0.0011345   0.00121224  0.          0.          0.
  0.          0.          0.          0.          0.          0.
  0.          0.          0.          0.          0.          0.
  0.          0.          0.          0.          0.          0.
  0.          0.          0.          0.          0.          0.        ],0.6288095238095238,0.0,0.0,0.0,0.0,0.0,[0. 0. 0. 0. 0. 0. 0. 0. 0. 0. 0. 0. 0. 0. 0. 0. 0. 0. 0. 0. 0. 0. 0. 0.
 0. 0. 0. 0. 0. 0. 0. 0. 0. 0. 0. 0.]
17.96664261817932,,5.831021716532754,-5.166330493980758,0.0,0.0,0.0,0.9885437613882208,0.1509345282578789,[ 0.00480846 -0.00206354 -0.00078654 -0.00206354  0.00312229  0.00106674
 -0.00078654  0.00106674  0.00115856  0.          0.          0.
  0.          0.          0.          0.          0.          0.
  0.          0.          0.          0.          0.          0.
  0.          0.          0.          0.          0.          0.
  0.          0.          0.          0.          0.          0.        ],0.6195238095238095,0.0,0.0,0.0,0.0,0.0,[0. 0. 0. 0. 0. 0. 0. 0. 0. 0. 0. 0. 0. 0. 0. 0. 0. 0. 0. 0. 0. 0. 0. 0.
 0. 0. 0. 0. 0. 0. 0. 0. 0. 0. 0. 0.]
17.983504056930542,,5.824641300571833,-5.165157674064463,0.0,0.0,0.0,0.9888694895173288,0.14878552584756877,[ 0.00474904 -0.00196652 -0.00074441 -0.00196652  0.00294545  0.00106101
 -0.00074441  0.00106101  0.00112689  0.          0.          0.
  0.          0.          0.          0.          0.          0.
  0.          0.          0.          0.          0.          0.
  0.          0.          0.          0.          0.          0.
  0.          0.          0.          0.          0.          0.        ],0.6014285714285714,0.0,0.0,0.0,0.0,0.0,[0. 0. 0. 0. 0. 0. 0. 0. 0. 0. 0. 0. 0. 0. 0. 0. 0. 0. 0. 0. 0. 0. 0. 0.
 0. 0. 0. 0. 0. 0. 0. 0. 0. 0. 0. 0.]
18.020886659622192,,5.817082632179218,-5.161306762102519,0.0,0.0,0.0,0.9891893154151582,0.14664412115216408,[ 0.00465609 -0.00193816 -0.00081481 -0.00193816  0.00275433  0.00101033
 -0.00081481  0.00101033  0.00110149  0.          0.          0.
  0.          0.          0.          0.          0.          0.
  0.          0.          0.          0.          0.          0.
  0.          0.          0.          0.          0.          0.
  0.          0.          0.          0.          0.          0.        ],0.5752380952380952,0.0,0.0,0.0,0.0,0.0,[0. 0. 0. 0. 0. 0. 0. 0. 0. 0. 0. 0. 0. 0. 0. 0. 0. 0. 0. 0. 0. 0. 0. 0.
 0. 0. 0. 0. 0. 0. 0. 0. 0. 0. 0. 0.]
18.040162801742554,,5.7843115582790885,-5.158258720749866,0.0,0.0,0.0,0.9928667487746482,0.11922927148003389,[ 0.0048321  -0.00195018 -0.00089776 -0.00195018  0.00279993  0.00112466
 -0.00089776  0.00112466  0.00145118  0.          0.          0.
  0.          0.          0.          0.          0.          0.
  0.          0.          0.          0.          0.          0.
  0.          0.          0.          0.          0.          0.
  0.          0.          0.          0.          0.          0.        ],0.5928571428571429,0.0,0.0,0.0,0.0,0.0,[0. 0. 0. 0. 0. 0. 0. 0. 0. 0. 0. 0. 0. 0. 0. 0. 0. 0. 0. 0. 0. 0. 0. 0.
 0. 0. 0. 0. 0. 0. 0. 0. 0. 0. 0. 0.]
18.062426805496216,,5.760816309883634,-5.155393197578998,0.0,0.0,0.0,0.9932083571390434,0.11634929870507282,[ 0.00444108 -0.00183172 -0.00075238 -0.00183172  0.0026678   0.00093801
 -0.00075238  0.00093801  0.00123324  0.          0.          0.
  0.          0.          0.          0.          0.          0.
  0.          0.          0.          0.          0.          0.
  0.          0.          0.          0.          0.          0.
  0.          0.          0.          0.          0.          0.        ],0.6821428571428572,0.0,0.0,0.0,0.0,0.0,[0. 0. 0. 0. 0. 0. 0. 0. 0. 0. 0. 0. 0. 0. 0. 0. 0. 0. 0. 0. 0. 0. 0. 0.
 0. 0. 0. 0. 0. 0. 0. 0. 0. 0. 0. 0.]
18.085657835006714,,5.743770055418637,-5.150602522543193,0.0,0.0,0.0,0.9935108613893794,0.11373727753614243,[ 0.00427953 -0.00194056 -0.00080408 -0.00194056  0.0028497   0.00110742
 -0.00080408  0.00110742  0.00120592  0.          0.          0.
  0.          0.          0.          0.          0.          0.
  0.          0.          0.          0.          0.          0.
  0.          0.          0.          0.          0.          0.
  0.          0.          0.          0.          0.          0.        ],0.7388095238095238,0.0,0.0,0.0,0.0,0.0,[0. 0. 0. 0. 0. 0. 0. 0. 0. 0. 0. 0. 0. 0. 0. 0. 0. 0. 0. 0. 0. 0. 0. 0.
 0. 0. 0. 0. 0. 0. 0. 0. 0. 0. 0. 0.]
18.107158660888672,,5.737332961100291,-5.14870519292101,0.0,0.0,0.0,0.9935456500219919,0.11343298163399211,[ 0.00421982 -0.00171303 -0.00063844 -0.00171303  0.00268012  0.00097076
 -0.00063844  0.00097076  0.00115327  0.          0.          0.
  0.          0.          0.          0.          0.          0.
  0.          0.          0.          0.          0.          0.
  0.          0.          0.          0.          0.          0.
  0.          0.          0.          0.          0.          0.        ],0.7104761904761905,0.0,0.0,0.0,0.0,0.0,[0. 0. 0. 0. 0. 0. 0. 0. 0. 0. 0. 0. 0. 0. 0. 0. 0. 0. 0. 0. 0. 0. 0. 0.
 0. 0. 0. 0. 0. 0. 0. 0. 0. 0. 0. 0.]
18.137564182281494,,5.726571805764824,-5.14451065706053,0.0,0.0,0.0,0.9939394279525605,0.10992912972154749,[ 0.00391241 -0.00155793 -0.00065106 -0.00155793  0.00252824  0.00088048
 -0.00065106  0.00088048  0.00112602  0.          0.          0.
  0.          0.          0.          0.          0.          0.
  0.          0.          0.          0.          0.          0.
  0.          0.          0.          0.          0.          0.
  0.          0.          0.          0.          0.          0.        ],0.6797619047619048,0.0,0.0,0.0,0.0,0.0,[0. 0. 0. 0. 0. 0. 0. 0. 0. 0. 0. 0. 0. 0. 0. 0. 0. 0. 0. 0. 0. 0. 0. 0.
 0. 0. 0. 0. 0. 0. 0. 0. 0. 0. 0. 0.]
18.158021926879883,,5.708005340868581,-5.152560113517196,0.0,0.0,0.0,0.9949122060068814,0.100745731118102,[ 0.00411627 -0.00140737 -0.0008651  -0.00140737  0.00237048  0.0008555
 -0.0008651   0.0008555   0.00137457  0.          0.          0.
  0.          0.          0.          0.          0.          0.
  0.          0.          0.          0.          0.          0.
  0.          0.          0.          0.          0.          0.
  0.          0.          0.          0.          0.          0.        ],0.679047619047619,0.0,0.0,0.0,0.0,0.0,[0. 0. 0. 0. 0. 0. 0. 0. 0. 0. 0. 0. 0. 0. 0. 0. 0. 0. 0. 0. 0. 0. 0. 0.
 0. 0. 0. 0. 0. 0. 0. 0. 0. 0. 0. 0.]
18.18231725692749,,5.684927192732114,-5.150735071683201,0.0,0.0,0.0,0.9965367151676842,0.0831539254804123,[ 0.00420189 -0.00160577 -0.00072724 -0.00160577  0.00255384  0.00099009
 -0.00072724  0.00099009  0.00138602  0.          0.          0.
  0.          0.          0.          0.          0.          0.
  0.          0.          0.          0.          0.          0.
  0.          0.          0.          0.          0.          0.
  0.          0.          0.          0.          0.          0.        ],0.6878571428571428,0.0,0.0,0.0,0.0,0.0,[0. 0. 0. 0. 0. 0. 0. 0. 0. 0. 0. 0. 0. 0. 0. 0. 0. 0. 0. 0. 0. 0. 0. 0.
 0. 0. 0. 0. 0. 0. 0. 0. 0. 0. 0. 0.]
18.21091651916504,,5.665189782794113,-5.144157618287461,0.0,0.0,0.0,0.9967000540364952,0.0811726695609283,[ 0.0042331  -0.00153009 -0.00067922 -0.00153009  0.00243646  0.00086486
 -0.00067922  0.00086486  0.00120167  0.          0.          0.
  0.          0.          0.          0.          0.          0.
  0.          0.          0.          0.          0.          0.
  0.          0.          0.          0.          0.          0.
  0.          0.          0.          0.          0.          0.        ],0.6857142857142857,0.0,0.0,0.0,0.0,0.0,[0. 0. 0. 0. 0. 0. 0. 0. 0. 0. 0. 0. 0. 0. 0. 0. 0. 0. 0. 0. 0. 0. 0. 0.
 0. 0. 0. 0. 0. 0. 0. 0. 0. 0. 0. 0.]
18.236343383789062,,5.654700352526253,-5.139591583320167,0.0,0.0,0.0,0.9971211089748429,0.07582541814444234,[ 0.00434154 -0.00153624 -0.00067422 -0.00153624  0.00229366  0.00079499
 -0.00067422  0.00079499  0.00115097  0.          0.          0.
  0.          0.          0.          0.          0.          0.
  0.          0.          0.          0.          0.          0.
  0.          0.          0.          0.          0.          0.
  0.          0.          0.          0.          0.          0.        ],0.6683333333333333,0.0,0.0,0.0,0.0,0.0,[0. 0. 0. 0. 0. 0. 0. 0. 0. 0. 0. 0. 0. 0. 0. 0. 0. 0. 0. 0. 0. 0. 0. 0.
 0. 0. 0. 0. 0. 0. 0. 0. 0. 0. 0. 0.]
18.259251594543457,,5.652073515976806,-5.137948215357929,0.0,0.0,0.0,0.9971531006533378,0.07540354008555776,[ 0.00392644 -0.00135685 -0.00070215 -0.00135685  0.00213885  0.00077753
 -0.00070215  0.00077753  0.00115491  0.          0.          0.
  0.          0.          0.          0.          0.          0.
  0.          0.          0.          0.          0.          0.
  0.          0.          0.          0.          0.          0.
  0.          0.          0.          0.          0.          0.        ],0.6542857142857142,0.0,0.0,0.0,0.0,0.0,[0. 0. 0. 0. 0. 0. 0. 0. 0. 0. 0. 0. 0. 0. 0. 0. 0. 0. 0. 0. 0. 0. 0. 0.
 0. 0. 0. 0. 0. 0. 0. 0. 0. 0. 0. 0.]
18.28725028038025,,5.628843488766432,-5.130560811864585,0.0,0.0,0.0,0.9991308880016803,0.04168295384175497,[ 0.00452311 -0.00164857 -0.00067438 -0.00164857  0.00222653  0.00084878
 -0.00067438  0.00084878  0.00127838  0.          0.          0.
  0.          0.          0.          0.          0.          0.
  0.          0.          0.          0.          0.          0.
  0.          0.          0.          0.          0.          0.
  0.          0.          0.          0.          0.          0.        ],0.5247619047619048,0.0,0.0,0.0,0.0,0.0,[0. 0. 0. 0. 0. 0. 0. 0. 0. 0. 0. 0. 0. 0. 0. 0. 0. 0. 0. 0. 0. 0. 0. 0.
 0. 0. 0. 0. 0. 0. 0. 0. 0. 0. 0. 0.]
18.306951761245728,,5.622179507943808,-5.126158815094023,0.0,0.0,0.0,0.9992275573489844,0.0392974380129564,[ 0.0048271  -0.00180907 -0.00084422 -0.00180907  0.00235155  0.00100584
 -0.00084422  0.00100584  0.00147749  0.          0.          0.
  0.          0.          0.          0.          0.          0.
  0.          0.          0.          0.          0.          0.
  0.          0.          0.          0.          0.          0.
  0.          0.          0.          0.          0.          0.        ],0.4492857142857143,0.0,0.0,0.0,0.0,0.0,[0. 0. 0. 0. 0. 0. 0. 0. 0. 0. 0. 0. 0. 0. 0. 0. 0. 0. 0. 0. 0. 0. 0. 0.
 0. 0. 0. 0. 0. 0. 0. 0. 0. 0. 0. 0.]
18.3230881690979,,5.623521768824092,-5.126562796546102,0.0,0.0,0.0,0.9993269072670093,0.03668422565836963,[ 0.00470929 -0.00169926 -0.00073465 -0.00169926  0.00229119  0.00088582
 -0.00073465  0.00088582  0.0012904   0.          0.          0.
  0.          0.          0.          0.          0.          0.
  0.          0.          0.          0.          0.          0.
  0.          0.          0.          0.          0.          0.
  0.          0.          0.          0.          0.          0.        ],0.2930952380952381,0.0,0.0,0.0,0.0,0.0,[0. 0. 0. 0. 0. 0. 0. 0. 0. 0. 0. 0. 0. 0. 0. 0. 0. 0. 0. 0. 0. 0. 0. 0.
 0. 0. 0. 0. 0. 0. 0. 0. 0. 0. 0. 0.]
18.34179401397705,,5.601531068423531,-5.135623322009575,0.0,0.0,0.0,0.9996330417327489,0.027088408519737647,[ 0.00505882 -0.00182497 -0.0008937  -0.00182497  0.0022711   0.00086296
 -0.0008937   0.00086296  0.00129241  0.          0.          0.
  0.          0.          0.          0.          0.          0.
  0.          0.          0.          0.          0.          0.
  0.          0.          0.          0.          0.          0.
  0.          0.          0.          0.          0.          0.        ],0.0,0.0,0.0,0.0,0.0,0.0,[0. 0. 0. 0. 0. 0. 0. 0. 0. 0. 0. 0. 0. 0. 0. 0. 0. 0. 0. 0. 0. 0. 0. 0.
 0. 0. 0. 0. 0. 0. 0. 0. 0. 0. 0. 0.]
18.35994291305542,,5.595323651830711,-5.143846277953289,0.0,0.0,0.0,0.9996666804528161,0.025817203420338837,[ 0.0054414  -0.00214217 -0.00095982 -0.00214217  0.00251813  0.00097058
 -0.00095982  0.00097058  0.00130755  0.          0.          0.
  0.          0.          0.          0.          0.          0.
  0.          0.          0.          0.          0.          0.
  0.          0.          0.          0.          0.          0.
  0.          0.          0.          0.          0.          0.        ],0.0,0.0,0.0,0.0,0.0,0.0,[0. 0. 0. 0. 0. 0. 0. 0. 0. 0. 0. 0. 0. 0. 0. 0. 0. 0. 0. 0. 0. 0. 0. 0.
 0. 0. 0. 0. 0. 0. 0. 0. 0. 0. 0. 0.]
18.37563967704773,,5.581200481172893,-5.142484557277653,0.0,0.0,0.0,0.9999562138980629,0.009357899692319115,[ 0.00514119 -0.00225869 -0.00113169 -0.00225869  0.00280634  0.00114257
 -0.00113169  0.00114257  0.00159443  0.          0.          0.
  0.          0.          0.          0.          0.          0.
  0.          0.          0.          0.          0.          0.
  0.          0.          0.          0.          0.          0.
  0.          0.          0.          0.          0.          0.        ],0.07952380952380952,0.0,0.0,0.0,0.0,0.0,[0. 0. 0. 0. 0. 0. 0. 0. 0. 0. 0. 0. 0. 0. 0. 0. 0. 0. 0. 0. 0. 0. 0. 0.
 0. 0. 0. 0. 0. 0. 0. 0. 0. 0. 0. 0.]
18.401663303375244,,5.574116457850903,-5.144314506088791,0.0,0.0,0.0,0.9999547565344798,0.009512354286352743,[ 0.00480362 -0.00216676 -0.00100343 -0.00216676  0.00283918  0.00103184
 -0.00100343  0.00103184  0.00151016  0.          0.          0.
  0.          0.          0.          0.          0.          0.
  0.          0.          0.          0.          0.          0.
  0.          0.          0.          0.          0.          0.
  0.          0.          0.          0.          0.          0.        ],0.10023809523809524,0.0,0.0,0.0,0.0,0.0,[0. 0. 0. 0. 0. 0. 0. 0. 0. 0. 0. 0. 0. 0. 0. 0. 0. 0. 0. 0. 0. 0. 0. 0.
 0. 0. 0. 0. 0. 0. 0. 0. 0. 0. 0. 0.]
18.421531677246094,,5.572478502703927,-5.145041554925814,0.0,0.0,0.0,0.9999740454524763,0.0072047499199469475,[ 0.00456673 -0.0020516  -0.00092822 -0.0020516   0.00281776  0.0010645
 -0.00092822  0.0010645   0.00141521  0.          0.          0.
  0.          0.          0.          0.          0.          0.
  0.          0.          0.          0.          0.          0.
  0.          0.          0.          0.          0.          0.
  0.          0.          0.          0.          0.          0.        ],0.0,0.0,0.0,0.0,0.0,0.0,[0. 0. 0. 0. 0. 0. 0. 0. 0. 0. 0. 0. 0. 0. 0. 0. 0. 0. 0. 0. 0. 0. 0. 0.
 0. 0. 0. 0. 0. 0. 0. 0. 0. 0. 0. 0.]
18.439446926116943,,5.541366684980085,-5.152348921780768,0.0,-0.0,0.0,0.9999956780153594,-0.002940059625531818,[ 0.00479405 -0.00205749 -0.00086773 -0.00205749  0.00281547  0.000965
 -0.00086773  0.000965    0.0012832   0.          0.          0.
  0.          0.          0.          0.          0.          0.
  0.          0.          0.          0.          0.          0.
  0.          0.          0.          0.          0.          0.
  0.          0.          0.          0.          0.          0.        ],0.08142857142857143,0.0,0.0,0.0,0.0,0.0,[0. 0. 0. 0. 0. 0. 0. 0. 0. 0. 0. 0. 0. 0. 0. 0. 0. 0. 0. 0. 0. 0. 0. 0.
 0. 0. 0. 0. 0. 0. 0. 0. 0. 0. 0. 0.]
18.458645820617676,,5.522200759016772,-5.1508032956628185,0.0,-0.0,0.0,0.9999955743922043,-0.0029750959657558447,[ 0.0050936  -0.00213017 -0.00091708 -0.00213017  0.00261478  0.00089253
 -0.00091708  0.00089253  0.00120321  0.          0.          0.
  0.          0.          0.          0.          0.          0.
  0.          0.          0.          0.          0.          0.
  0.          0.          0.          0.          0.          0.
  0.          0.          0.          0.          0.          0.        ],0.1169047619047619,0.0,0.0,0.0,0.0,0.0,[0. 0. 0. 0. 0. 0. 0. 0. 0. 0. 0. 0. 0. 0. 0. 0. 0. 0. 0. 0. 0. 0. 0. 0.
 0. 0. 0. 0. 0. 0. 0. 0. 0. 0. 0. 0.]
18.482084035873413,,5.514277038957979,-5.151417825890394,0.0,-0.0,0.0,0.9999958096891383,-0.0028949273159765733,[ 0.00535184 -0.00226846 -0.00096863 -0.00226846  0.00261336  0.00102012
 -0.00096863  0.00102012  0.001256    0.          0.          0.
  0.          0.          0.          0.          0.          0.
  0.          0.          0.          0.          0.          0.
  0.          0.          0.          0.          0.          0.
  0.          0.          0.          0.          0.          0.        ],0.0,0.0,0.0,0.0,0.0,0.0,[0. 0. 0. 0. 0. 0. 0. 0. 0. 0. 0. 0. 0. 0. 0. 0. 0. 0. 0. 0. 0. 0. 0. 0.
 0. 0. 0. 0. 0. 0. 0. 0. 0. 0. 0. 0.]
18.50020933151245,,5.512557177107313,-5.151737690378831,0.0,-0.0,0.0,0.999993650227006,-0.0035636365791660842,[ 0.00536705 -0.00236342 -0.00090374 -0.00236342  0.00277807  0.00098906
 -0.00090374  0.00098906  0.00116777  0.          0.          0.
  0.          0.          0.          0.          0.          0.
  0.          0.          0.          0.          0.          0.
  0.          0.          0.          0.          0.          0.
  0.          0.          0.          0.          0.          0.        ],0.0,0.0,0.0,0.0,0.0,0.0,[0. 0. 0. 0. 0. 0. 0. 0. 0. 0. 0. 0. 0. 0. 0. 0. 0. 0. 0. 0. 0. 0. 0. 0.
 0. 0. 0. 0. 0. 0. 0. 0. 0. 0. 0. 0.]
18.51470685005188,,5.510279846355184,-5.1518398604888445,0.0,-0.0,0.0,0.9999950982315168,-0.0031310562018565377,[ 0.00521068 -0.00228145 -0.00075973 -0.00228145  0.00274147  0.00093768
 -0.00075973  0.00093768  0.00115097  0.          0.          0.
  0.          0.          0.          0.          0.          0.
  0.          0.          0.          0.          0.          0.
  0.          0.          0.          0.          0.          0.
  0.          0.          0.          0.          0.          0.        ],0.0,0.0,0.0,0.0,0.0,0.0,[0. 0. 0. 0. 0. 0. 0. 0. 0. 0. 0. 0. 0. 0. 0. 0. 0. 0. 0. 0. 0. 0. 0. 0.
 0. 0. 0. 0. 0. 0. 0. 0. 0. 0. 0. 0.]
18.530322551727295,,5.505179926317182,-5.1494736241957195,0.0,-0.0,0.0,0.9999921289494577,-0.003967623864630387,[ 0.00559674 -0.00257128 -0.00090786 -0.00257128  0.0028973   0.00104752
 -0.00090786  0.00104752  0.0012184   0.          0.          0.
  0.          0.          0.          0.          0.          0.
  0.          0.          0.          0.          0.          0.
  0.          0.          0.          0.          0.          0.
  0.          0.          0.          0.          0.          0.        ],0.0,0.0,0.0,0.0,0.0,0.0,[0. 0. 0. 0. 0. 0. 0. 0. 0. 0. 0. 0. 0. 0. 0. 0. 0. 0. 0. 0. 0. 0. 0. 0.
 0. 0. 0. 0. 0. 0. 0. 0. 0. 0. 0. 0.]
18.554443836212158,,5.502881760008787,-5.148445323823219,0.0,-0.0,0.0,0.9999913425403345,-0.004161110954952385,[ 0.00542354 -0.00252485 -0.00101126 -0.00252485  0.00285205  0.00106431
 -0.00101126  0.00106431  0.00120782  0.          0.          0.
  0.          0.          0.          0.          0.          0.
  0.          0.          0.          0.          0.          0.
  0.          0.          0.          0.          0.          0.
  0.          0.          0.          0.          0.          0.        ],0.0,0.0,0.0,0.0,0.0,0.0,[0. 0. 0. 0. 0. 0. 0. 0. 0. 0. 0. 0. 0. 0. 0. 0. 0. 0. 0. 0. 0. 0. 0. 0.
 0. 0. 0. 0. 0. 0. 0. 0. 0. 0. 0. 0.]
18.569539546966553,,5.499053368065102,-5.147262685134416,0.0,-0.0,0.0,0.9999880403050325,-0.004890730712351713,[ 0.00545056 -0.00252253 -0.00099958 -0.00252253  0.00301705  0.00113646
 -0.00099958  0.00113646  0.0013424   0.          0.          0.
  0.          0.          0.          0.          0.          0.
  0.          0.          0.          0.          0.          0.
  0.          0.          0.          0.          0.          0.
  0.          0.          0.          0.          0.          0.        ],0.0,0.0,0.0,0.0,0.0,0.0,[0. 0. 0. 0. 0. 0. 0. 0. 0. 0. 0. 0. 0. 0. 0. 0. 0. 0. 0. 0. 0. 0. 0. 0.
 0. 0. 0. 0. 0. 0. 0. 0. 0. 0. 0. 0.]
18.597140789031982,,5.498321449103795,-5.146742325594065,0.0,-0.0,0.0,0.9999921280861811,-0.003967841437190131,[ 0.00511607 -0.00233893 -0.00086677 -0.00233893  0.00286373  0.00107645
 -0.00086677  0.00107645  0.00131285  0.          0.          0.
  0.          0.          0.          0.          0.          0.
  0.          0.          0.          0.          0.          0.
  0.          0.          0.          0.          0.          0.
  0.          0.          0.          0.          0.          0.        ],0.0,0.0,0.0,0.0,0.0,0.0,[0. 0. 0. 0. 0. 0. 0. 0. 0. 0. 0. 0. 0. 0. 0. 0. 0. 0. 0. 0. 0. 0. 0. 0.
 0. 0. 0. 0. 0. 0. 0. 0. 0. 0. 0. 0.]
18.617756366729736,,5.49707890248314,-5.144954859732738,0.0,-0.0,0.0,0.9999882720864932,-0.004843107418759562,[ 0.00549291 -0.0024376  -0.00096    -0.0024376   0.00289439  0.00108657
 -0.00096     0.00108657  0.00124579  0.          0.          0.
  0.          0.          0.          0.          0.          0.
  0.          0.          0.          0.          0.          0.
  0.          0.          0.          0.          0.          0.
  0.          0.          0.          0.          0.          0.        ],0.0,0.0,0.0,0.0,0.0,0.0,[0. 0. 0. 0. 0. 0. 0. 0. 0. 0. 0. 0. 0. 0. 0. 0. 0. 0. 0. 0. 0. 0. 0. 0.
 0. 0. 0. 0. 0. 0. 0. 0. 0. 0. 0. 0.]
18.63434147834778,,5.500014996484489,-5.146396916599204,0.0,-0.0,0.0,0.9999914170377918,-0.004143169167327795,[ 0.00540279 -0.00236101 -0.00080717 -0.00236101  0.00278026  0.00100329
 -0.00080717  0.00100329  0.00122415  0.          0.          0.
  0.          0.          0.          0.          0.          0.
  0.          0.          0.          0.          0.          0.
  0.          0.          0.          0.          0.          0.
  0.          0.          0.          0.          0.          0.        ],0.0,0.0,0.0,0.0,0.0,0.0,[0. 0. 0. 0. 0. 0. 0. 0. 0. 0. 0. 0. 0. 0. 0. 0. 0. 0. 0. 0. 0. 0. 0. 0.
 0. 0. 0. 0. 0. 0. 0. 0. 0. 0. 0. 0.]
18.654966115951538,,5.4968074480852005,-5.1474590427250435,0.0,-0.0,0.0,0.9999920578595872,-0.003985500940667602,[ 0.00527879 -0.00232209 -0.00090247 -0.00232209  0.00256252  0.00092459
 -0.00090247  0.00092459  0.00121387  0.          0.          0.
  0.          0.          0.          0.          0.          0.
  0.          0.          0.          0.          0.          0.
  0.          0.          0.          0.          0.          0.
  0.          0.          0.          0.          0.          0.        ],0.0,0.0,0.0,0.0,0.0,0.0,[0. 0. 0. 0. 0. 0. 0. 0. 0. 0. 0. 0. 0. 0. 0. 0. 0. 0. 0. 0. 0. 0. 0. 0.
 0. 0. 0. 0. 0. 0. 0. 0. 0. 0. 0. 0.]
18.683424949645996,,5.493338098163518,-5.14467706940415,0.0,-0.0,0.0,0.9999874721306856,-0.005005555082223903,[ 0.00451811 -0.00185189 -0.00064961 -0.00185189  0.00242274  0.00091358
 -0.00064961  0.00091358  0.00121212  0.          0.          0.
  0.          0.          0.          0.          0.          0.
  0.          0.          0.          0.          0.          0.
  0.          0.          0.          0.          0.          0.
  0.          0.          0.          0.          0.          0.        ],0.0,0.0,0.0,0.0,0.0,0.0,[0. 0. 0. 0. 0. 0. 0. 0. 0. 0. 0. 0. 0. 0. 0. 0. 0. 0. 0. 0. 0. 0. 0. 0.
 0. 0. 0. 0. 0. 0. 0. 0. 0. 0. 0. 0.]
18.702912092208862,,5.494284577686046,-5.146056088887874,0.0,-0.0,0.0,0.9999876444347493,-0.004971013763943944,[ 0.00502753 -0.00206822 -0.00068786 -0.00206822  0.00247719  0.00079838
 -0.00068786  0.00079838  0.00112192  0.          0.          0.
  0.          0.          0.          0.          0.          0.
  0.          0.          0.          0.          0.          0.
  0.          0.          0.          0.          0.          0.
  0.          0.          0.          0.          0.          0.        ],0.0,0.0,0.0,0.0,0.0,0.0,[0. 0. 0. 0. 0. 0. 0. 0. 0. 0. 0. 0. 0. 0. 0. 0. 0. 0. 0. 0. 0. 0. 0. 0.
 0. 0. 0. 0. 0. 0. 0. 0. 0. 0. 0. 0.]
18.719473361968994,,5.498340720798015,-5.1464733261100015,0.0,-0.0,0.0,0.9999904113517869,-0.004379178517026669,[ 0.00540366 -0.00221659 -0.00080058 -0.00221659  0.00252252  0.0008542
 -0.00080058  0.0008542   0.00116931  0.          0.          0.
  0.          0.          0.          0.          0.          0.
  0.          0.          0.          0.          0.          0.
  0.          0.          0.          0.          0.          0.
  0.          0.          0.          0.          0.          0.        ],0.0,0.0,0.0,0.0,0.0,0.0,[0. 0. 0. 0. 0. 0. 0. 0. 0. 0. 0. 0. 0. 0. 0. 0. 0. 0. 0. 0. 0. 0. 0. 0.
 0. 0. 0. 0. 0. 0. 0. 0. 0. 0. 0. 0.]
18.734740018844604,,5.499742973162912,-5.144994209617619,0.0,-0.0,0.0,0.9999896842469692,-0.004542180054423526,[ 0.00554021 -0.00246152 -0.00085193 -0.00246152  0.00261752  0.00093129
 -0.00085193  0.00093129  0.00122377  0.          0.          0.
  0.          0.          0.          0.          0.          0.
  0.          0.          0.          0.          0.          0.
  0.          0.          0.          0.          0.          0.
  0.          0.          0.          0.          0.          0.        ],0.0,0.0,0.0,0.0,0.0,0.0,[0. 0. 0. 0. 0. 0. 0. 0. 0. 0. 0. 0. 0. 0. 0. 0. 0. 0. 0. 0. 0. 0. 0. 0.
 0. 0. 0. 0. 0. 0. 0. 0. 0. 0. 0. 0.]
18.754714012145996,,5.500973068973274,-5.147046733527088,0.0,-0.0,0.0,0.9999857205603331,-0.00534403175808361,[ 0.00530886 -0.00252743 -0.00093644 -0.00252743  0.00272365  0.00096369
 -0.00093644  0.00096369  0.00111171  0.          0.          0.
  0.          0.          0.          0.          0.          0.
  0.          0.          0.          0.          0.          0.
  0.          0.          0.          0.          0.          0.
  0.          0.          0.          0.          0.          0.        ],0.0,0.0,0.0,0.0,0.0,0.0,[0. 0. 0. 0. 0. 0. 0. 0. 0. 0. 0. 0. 0. 0. 0. 0. 0. 0. 0. 0. 0. 0. 0. 0.
 0. 0. 0. 0. 0. 0. 0. 0. 0. 0. 0. 0.]
18.782765865325928,,5.504307384918992,-5.149637337957791,0.0,-0.0,0.0,0.9999872538001772,-0.0050489837769574905,[ 0.00492155 -0.00246288 -0.00095511 -0.00246288  0.00288206  0.00105432
 -0.00095511  0.00105432  0.00128278  0.          0.          0.
  0.          0.          0.          0.          0.          0.
  0.          0.          0.          0.          0.          0.
  0.          0.          0.          0.          0.          0.
  0.          0.          0.          0.          0.          0.        ],0.0,0.0,0.0,0.0,0.0,0.0,[0. 0. 0. 0. 0. 0. 0. 0. 0. 0. 0. 0. 0. 0. 0. 0. 0. 0. 0. 0. 0. 0. 0. 0.
 0. 0. 0. 0. 0. 0. 0. 0. 0. 0. 0. 0.]
18.800230503082275,,5.497635608278632,-5.144747618156756,0.0,-0.0,0.0,0.9999896631542927,-0.004546821369295306,[ 0.00525797 -0.00249636 -0.00089665 -0.00249636  0.00293889  0.00109712
 -0.00089665  0.00109712  0.00131012  0.          0.          0.
  0.          0.          0.          0.          0.          0.
  0.          0.          0.          0.          0.          0.
  0.          0.          0.          0.          0.          0.
  0.          0.          0.          0.          0.          0.        ],0.0,0.0,0.0,0.0,0.0,0.0,[0. 0. 0. 0. 0. 0. 0. 0. 0. 0. 0. 0. 0. 0. 0. 0. 0. 0. 0. 0. 0. 0. 0. 0.
 0. 0. 0. 0. 0. 0. 0. 0. 0. 0. 0. 0.]
18.814854383468628,,5.496747939701603,-5.1448671245564706,0.0,-0.0,0.0,0.9999855405427049,-0.005377611506436883,[ 0.00579945 -0.00270011 -0.00095951 -0.00270011  0.00312749  0.00116103
 -0.00095951  0.00116103  0.00131805  0.          0.          0.
  0.          0.          0.          0.          0.          0.
  0.          0.          0.          0.          0.          0.
  0.          0.          0.          0.          0.          0.
  0.          0.          0.          0.          0.          0.        ],0.0,0.0,0.0,0.0,0.0,0.0,[0. 0. 0. 0. 0. 0. 0. 0. 0. 0. 0. 0. 0. 0. 0. 0. 0. 0. 0. 0. 0. 0. 0. 0.
 0. 0. 0. 0. 0. 0. 0. 0. 0. 0. 0. 0.]
18.834810256958008,,5.494433295351886,-5.1459047492909775,0.0,-0.0,0.0,0.9999906765374644,-0.004318198483660856,[ 0.00636354 -0.0031227  -0.00109471 -0.0031227   0.00327679  0.00120834
 -0.00109471  0.00120834  0.00129206  0.          0.          0.
  0.          0.          0.          0.          0.          0.
  0.          0.          0.          0.          0.          0.
  0.          0.          0.          0.          0.          0.
  0.          0.          0.          0.          0.          0.        ],0.0,0.0,0.0,0.0,0.0,0.0,[0. 0. 0. 0. 0. 0. 0. 0. 0. 0. 0. 0. 0. 0. 0. 0. 0. 0. 0. 0. 0. 0. 0. 0.
 0. 0. 0. 0. 0. 0. 0. 0. 0. 0. 0. 0.]
18.85586428642273,,5.4970770971460565,-5.1477778949776365,0.0,-0.0,0.0,0.9999905923330845,-0.004337654357699489,[ 0.00629024 -0.00306983 -0.00103567 -0.00306983  0.00324892  0.00114994
 -0.00103567  0.00114994  0.0012502   0.          0.          0.
  0.          0.          0.          0.          0.          0.
  0.          0.          0.          0.          0.          0.
  0.          0.          0.          0.          0.          0.
  0.          0.          0.          0.          0.          0.        ],0.0,0.0,0.0,0.0,0.0,0.0,[0. 0. 0. 0. 0. 0. 0. 0. 0. 0. 0. 0. 0. 0. 0. 0. 0. 0. 0. 0. 0. 0. 0. 0.
 0. 0. 0. 0. 0. 0. 0. 0. 0. 0. 0. 0.]
18.881834983825684,,5.495234816352602,-5.1463757561298715,0.0,-0.0,0.0,0.9999884219449573,-0.004812065672249927,[ 0.00586679 -0.00270422 -0.00091218 -0.00270422  0.00312713  0.00106798
 -0.00091218  0.00106798  0.00124138  0.          0.          0.
  0.          0.          0.          0.          0.          0.
  0.          0.          0.          0.          0.          0.
  0.          0.          0.          0.          0.          0.
  0.          0.          0.          0.          0.          0.        ],0.0,0.0,0.0,0.0,0.0,0.0,[0. 0. 0. 0. 0. 0. 0. 0. 0. 0. 0. 0. 0. 0. 0. 0. 0. 0. 0. 0. 0. 0. 0. 0.
 0. 0. 0. 0. 0. 0. 0. 0. 0. 0. 0. 0.]
18.898826360702515,,5.496659275849362,-5.146983974580272,0.0,-0.0,0.0,0.9999892264700184,-0.004641868577864348,[ 0.00553981 -0.0025204  -0.00094038 -0.0025204   0.00303983  0.00110736
 -0.00094038  0.00110736  0.00128408  0.          0.          0.
  0.          0.          0.          0.          0.          0.
  0.          0.          0.          0.          0.          0.
  0.          0.          0.          0.          0.          0.
  0.          0.          0.          0.          0.          0.        ],0.0,0.0,0.0,0.0,0.0,0.0,[0. 0. 0. 0. 0. 0. 0. 0. 0. 0. 0. 0. 0. 0. 0. 0. 0. 0. 0. 0. 0. 0. 0. 0.
 0. 0. 0. 0. 0. 0. 0. 0. 0. 0. 0. 0.]
18.91488242149353,,5.494929452645203,-5.14188053077519,0.0,-0.0,0.0,0.9999830398936419,-0.005824081478729702,[ 0.00536561 -0.00246191 -0.00094823 -0.00246191  0.00307546  0.00115923
 -0.00094823  0.00115923  0.00127122  0.          0.          0.
  0.          0.          0.          0.          0.          0.
  0.          0.          0.          0.          0.          0.
  0.          0.          0.          0.          0.          0.
  0.          0.          0.          0.          0.          0.        ],0.0,0.0,0.0,0.0,0.0,0.0,[0. 0. 0. 0. 0. 0. 0. 0. 0. 0. 0. 0. 0. 0. 0. 0. 0. 0. 0. 0. 0. 0. 0. 0.
 0. 0. 0. 0. 0. 0. 0. 0. 0. 0. 0. 0.]
18.932382345199585,,5.495152270261246,-5.142434091318627,0.0,-0.0,0.0,0.9999860878289479,-0.0052748600508199,[ 0.00527945 -0.00237981 -0.00085492 -0.00237981  0.00301924  0.00108736
 -0.00085492  0.00108736  0.0012559   0.          0.          0.
  0.          0.          0.          0.          0.          0.
  0.          0.          0.          0.          0.          0.
  0.          0.          0.          0.          0.          0.
  0.          0.          0.          0.          0.          0.        ],0.0,0.0,0.0,0.0,0.0,0.0,[0. 0. 0. 0. 0. 0. 0. 0. 0. 0. 0. 0. 0. 0. 0. 0. 0. 0. 0. 0. 0. 0. 0. 0.
 0. 0. 0. 0. 0. 0. 0. 0. 0. 0. 0. 0.]
18.954524755477905,,5.494389501021264,-5.141130203842868,0.0,-0.0,0.0,0.9999834313768594,-0.005756472162871903,[ 0.00513777 -0.00248066 -0.00088602 -0.00248066  0.0029778   0.00105476
 -0.00088602  0.00105476  0.00123068  0.          0.          0.
  0.          0.          0.          0.          0.          0.
  0.          0.          0.          0.          0.          0.
  0.          0.          0.          0.          0.          0.
  0.          0.          0.          0.          0.          0.        ],0.0,0.0,0.0,0.0,0.0,0.0,[0. 0. 0. 0. 0. 0. 0. 0. 0. 0. 0. 0. 0. 0. 0. 0. 0. 0. 0. 0. 0. 0. 0. 0.
 0. 0. 0. 0. 0. 0. 0. 0. 0. 0. 0. 0.]
18.969852924346924,,5.49581519659734,-5.139172894190318,0.0,-0.0,0.0,0.9999798473072032,-0.00634862028021761,[ 0.00461898 -0.0019501  -0.00065953 -0.0019501   0.00249727  0.00086656
 -0.00065953  0.00086656  0.00114676  0.          0.          0.
  0.          0.          0.          0.          0.          0.
  0.          0.          0.          0.          0.          0.
  0.          0.          0.          0.          0.          0.
  0.          0.          0.          0.          0.          0.        ],0.0,0.0,0.0,0.0,0.0,0.0,[0. 0. 0. 0. 0. 0. 0. 0. 0. 0. 0. 0. 0. 0. 0. 0. 0. 0. 0. 0. 0. 0. 0. 0.
 0. 0. 0. 0. 0. 0. 0. 0. 0. 0. 0. 0.]
18.99427056312561,,5.497500667835357,-5.141253781513022,0.0,-0.0,0.0,0.9999849116026238,-0.005493320224833236,[ 0.00481021 -0.00179488 -0.00068595 -0.00179488  0.00221207  0.00078062
 -0.00068595  0.00078062  0.00112066  0.          0.          0.
  0.          0.          0.          0.          0.          0.
  0.          0.          0.          0.          0.          0.
  0.          0.          0.          0.          0.          0.
  0.          0.          0.          0.          0.          0.        ],0.0,0.0,0.0,0.0,0.0,0.0,[0. 0. 0. 0. 0. 0. 0. 0. 0. 0. 0. 0. 0. 0. 0. 0. 0. 0. 0. 0. 0. 0. 0. 0.
 0. 0. 0. 0. 0. 0. 0. 0. 0. 0. 0. 0.]
19.016363620758057,,5.504054998091699,-5.146895226739293,0.0,-0.0,0.0,0.9999915690430492,-0.004106317428132219,[ 0.00452933 -0.00166523 -0.00062172 -0.00166523  0.00206064  0.00073032
 -0.00062172  0.00073032  0.00109869  0.          0.          0.
  0.          0.          0.          0.          0.          0.
  0.          0.          0.          0.          0.          0.
  0.          0.          0.          0.          0.          0.
  0.          0.          0.          0.          0.          0.        ],0.0,0.0,0.0,0.0,0.0,0.0,[0. 0. 0. 0. 0. 0. 0. 0. 0. 0. 0. 0. 0. 0. 0. 0. 0. 0. 0. 0. 0. 0. 0. 0.
 0. 0. 0. 0. 0. 0. 0. 0. 0. 0. 0. 0.]
19.03634524345398,,5.502541425106849,-5.147723927340337,0.0,-0.0,0.0,0.9999930631779664,-0.003724727634033486,[ 0.00439521 -0.00153294 -0.00052935 -0.00153294  0.00200829  0.00067906
 -0.00052935  0.00067906  0.00104832  0.          0.          0.
  0.          0.          0.          0.          0.          0.
  0.          0.          0.          0.          0.          0.
  0.          0.          0.          0.          0.          0.
  0.          0.          0.          0.          0.          0.        ],0.0,0.0,0.0,0.0,0.0,0.0,[0. 0. 0. 0. 0. 0. 0. 0. 0. 0. 0. 0. 0. 0. 0. 0. 0. 0. 0. 0. 0. 0. 0. 0.
 0. 0. 0. 0. 0. 0. 0. 0. 0. 0. 0. 0.]
19.053203582763672,,5.502537390434893,-5.151630546343806,0.0,-0.0,0.0,0.9999960019435276,-0.0028277370741304373,[ 0.00502958 -0.00177048 -0.00068274 -0.00177048  0.0021971   0.00082022
 -0.00068274  0.00082022  0.00126877  0.          0.          0.
  0.          0.          0.          0.          0.          0.
  0.          0.          0.          0.          0.          0.
  0.          0.          0.          0.          0.          0.
  0.          0.          0.          0.          0.          0.        ],0.0,0.0,0.0,0.0,0.0,0.0,[0. 0. 0. 0. 0. 0. 0. 0. 0. 0. 0. 0. 0. 0. 0. 0. 0. 0. 0. 0. 0. 0. 0. 0.
 0. 0. 0. 0. 0. 0. 0. 0. 0. 0. 0. 0.]
19.086955547332764,,5.502508425842819,-5.1531074201065055,0.0,-0.0,0.0,0.9999944040730858,-0.0033454181373917735,[ 0.0045763  -0.00191276 -0.00078686 -0.00191276  0.00240326  0.00090712
 -0.00078686  0.00090712  0.00120102  0.          0.          0.
  0.          0.          0.          0.          0.          0.
  0.          0.          0.          0.          0.          0.
  0.          0.          0.          0.          0.          0.
  0.          0.          0.          0.          0.          0.        ],0.0,0.0,0.0,0.0,0.0,0.0,[0. 0. 0. 0. 0. 0. 0. 0. 0. 0. 0. 0. 0. 0. 0. 0. 0. 0. 0. 0. 0. 0. 0. 0.
 0. 0. 0. 0. 0. 0. 0. 0. 0. 0. 0. 0.]
19.10237741470337,,5.493884999026922,-5.149021628768335,0.0,-0.0,0.0,0.999989464519927,-0.004590299461885095,[ 0.0049513  -0.00208267 -0.00077807 -0.00208267  0.00261137  0.00089678
 -0.00077807  0.00089678  0.00115468  0.          0.          0.
  0.          0.          0.          0.          0.          0.
  0.          0.          0.          0.          0.          0.
  0.          0.          0.          0.          0.          0.
  0.          0.          0.          0.          0.          0.        ],0.0,0.0,0.0,0.0,0.0,0.0,[0. 0. 0. 0. 0. 0. 0. 0. 0. 0. 0. 0. 0. 0. 0. 0. 0. 0. 0. 0. 0. 0. 0. 0.
 0. 0. 0. 0. 0. 0. 0. 0. 0. 0. 0. 0.]
19.12291646003723,,5.4971230006144784,-5.148363445880197,0.0,-0.0,0.0,0.9999930213966135,-0.003735928006826533,[ 0.00497461 -0.0021266  -0.0007922  -0.0021266   0.0026981   0.00094568
 -0.0007922   0.00094568  0.00117521  0.          0.          0.
  0.          0.          0.          0.          0.          0.
  0.          0.          0.          0.          0.          0.
  0.          0.          0.          0.          0.          0.
  0.          0.          0.          0.          0.          0.        ],0.0,0.0,0.0,0.0,0.0,0.0,[0. 0. 0. 0. 0. 0. 0. 0. 0. 0. 0. 0. 0. 0. 0. 0. 0. 0. 0. 0. 0. 0. 0. 0.
 0. 0. 0. 0. 0. 0. 0. 0. 0. 0. 0. 0.]
19.137072324752808,,5.503920120708637,-5.149306320371282,0.0,-0.0,0.0,0.999994966854017,-0.003172738034176432,[ 0.00500523 -0.00192763 -0.00076929 -0.00192763  0.00247892  0.00086188
 -0.00076929  0.00086188  0.00120304  0.          0.          0.
  0.          0.          0.          0.          0.          0.
  0.          0.          0.          0.          0.          0.
  0.          0.          0.          0.          0.          0.
  0.          0.          0.          0.          0.          0.        ],0.0,0.0,0.0,0.0,0.0,0.0,[0. 0. 0. 0. 0. 0. 0. 0. 0. 0. 0. 0. 0. 0. 0. 0. 0. 0. 0. 0. 0. 0. 0. 0.
 0. 0. 0. 0. 0. 0. 0. 0. 0. 0. 0. 0.]
19.15538191795349,,5.499539439570945,-5.147319600672107,0.0,-0.0,0.0,0.9999895763768353,-0.0045658665856094524,[ 0.0054243  -0.00212853 -0.00074439 -0.00212853  0.0023601   0.00078854
 -0.00074439  0.00078854  0.00110303  0.          0.          0.
  0.          0.          0.          0.          0.          0.
  0.          0.          0.          0.          0.          0.
  0.          0.          0.          0.          0.          0.
  0.          0.          0.          0.          0.          0.        ],0.0,0.0,0.0,0.0,0.0,0.0,[0. 0. 0. 0. 0. 0. 0. 0. 0. 0. 0. 0. 0. 0. 0. 0. 0. 0. 0. 0. 0. 0. 0. 0.
 0. 0. 0. 0. 0. 0. 0. 0. 0. 0. 0. 0.]
19.175640106201172,,5.4980612081816265,-5.147648121487851,0.0,-0.0,0.0,0.9999887924774975,-0.004734439713051114,[ 0.00483661 -0.0017978  -0.00072234 -0.0017978   0.00227086  0.00081809
 -0.00072234  0.00081809  0.00117591  0.          0.          0.
  0.          0.          0.          0.          0.          0.
  0.          0.          0.          0.          0.          0.
  0.          0.          0.          0.          0.          0.
  0.          0.          0.          0.          0.          0.        ],0.0,0.0,0.0,0.0,0.0,0.0,[0. 0. 0. 0. 0. 0. 0. 0. 0. 0. 0. 0. 0. 0. 0. 0. 0. 0. 0. 0. 0. 0. 0. 0.
 0. 0. 0. 0. 0. 0. 0. 0. 0. 0. 0. 0.]
19.19521450996399,,5.499589589087968,-5.146570401017912,0.0,-0.0,0.0,0.99998563120577,-0.005360725883470311,[ 0.00466702 -0.0018059  -0.00062554 -0.0018059   0.00225769  0.00080746
 -0.00062554  0.00080746  0.00111172  0.          0.          0.
  0.          0.          0.          0.          0.          0.
  0.          0.          0.          0.          0.          0.
  0.          0.          0.          0.          0.          0.
  0.          0.          0.          0.          0.          0.        ],0.0,0.0,0.0,0.0,0.0,0.0,[0. 0. 0. 0. 0. 0. 0. 0. 0. 0. 0. 0. 0. 0. 0. 0. 0. 0. 0. 0. 0. 0. 0. 0.
 0. 0. 0. 0. 0. 0. 0. 0. 0. 0. 0. 0.]
19.219679832458496,,5.4999175686791695,-5.147049613791215,0.0,-0.0,0.0,0.9999910316107888,-0.004235173903197976,[ 0.00505491 -0.00195681 -0.00067671 -0.00195681  0.00237106  0.00084825
 -0.00067671  0.00084825  0.00114719  0.          0.          0.
  0.          0.          0.          0.          0.          0.
  0.          0.          0.          0.          0.          0.
  0.          0.          0.          0.          0.          0.
  0.          0.          0.          0.          0.          0.        ],0.0,0.0,0.0,0.0,0.0,0.0,[0. 0. 0. 0. 0. 0. 0. 0. 0. 0. 0. 0. 0. 0. 0. 0. 0. 0. 0. 0. 0. 0. 0. 0.
 0. 0. 0. 0. 0. 0. 0. 0. 0. 0. 0. 0.]
19.235562324523926,,5.493745241299827,-5.14368345751147,0.0,-0.0,0.0,0.9999848358663791,-0.00550708972969571,[ 0.00516391 -0.00207986 -0.00070126 -0.00207986  0.00248558  0.00080909
 -0.00070126  0.00080909  0.00113069  0.          0.          0.
  0.          0.          0.          0.          0.          0.
  0.          0.          0.          0.          0.          0.
  0.          0.          0.          0.          0.          0.
  0.          0.          0.          0.          0.          0.        ],0.0,0.0,0.0,0.0,0.0,0.0,[0. 0. 0. 0. 0. 0. 0. 0. 0. 0. 0. 0. 0. 0. 0. 0. 0. 0. 0. 0. 0. 0. 0. 0.
 0. 0. 0. 0. 0. 0. 0. 0. 0. 0. 0. 0.]
19.25530195236206,,5.489754743522032,-5.141879301539592,0.0,-0.0,0.0,0.9999835443026266,-0.005736821764420956,[ 0.00535376 -0.00233504 -0.00079533 -0.00233504  0.00279717  0.00094005
 -0.00079533  0.00094005  0.00116039  0.          0.          0.
  0.          0.          0.          0.          0.          0.
  0.          0.          0.          0.          0.          0.
  0.          0.          0.          0.          0.          0.
  0.          0.          0.          0.          0.          0.        ],0.0,0.0,0.0,0.0,0.0,0.0,[0. 0. 0. 0. 0. 0. 0. 0. 0. 0. 0. 0. 0. 0. 0. 0. 0. 0. 0. 0. 0. 0. 0. 0.
 0. 0. 0. 0. 0. 0. 0. 0. 0. 0. 0. 0.]
19.283041954040527,,5.490536139142636,-5.14060103410048,0.0,-0.0,0.0,0.9999849183747975,-0.005492087303513987,[ 0.00527088 -0.00226846 -0.00084595 -0.00226846  0.00279993  0.00096658
 -0.00084595  0.00096658  0.00119005  0.          0.          0.
  0.          0.          0.          0.          0.          0.
  0.          0.          0.          0.          0.          0.
  0.          0.          0.          0.          0.          0.
  0.          0.          0.          0.          0.          0.        ],0.0,0.0,0.0,0.0,0.0,0.0,[0. 0. 0. 0. 0. 0. 0. 0. 0. 0. 0. 0. 0. 0. 0. 0. 0. 0. 0. 0. 0. 0. 0. 0.
 0. 0. 0. 0. 0. 0. 0. 0. 0. 0. 0. 0.]
19.29778790473938,,5.490411257019499,-5.143116915394882,0.0,-0.0,0.0,0.9999849034151217,-0.0054948104471137585,[ 0.00567849 -0.00246548 -0.00087578 -0.00246548  0.00277794  0.00093552
 -0.00087578  0.00093552  0.0011875   0.          0.          0.
  0.          0.          0.          0.          0.          0.
  0.          0.          0.          0.          0.          0.
  0.          0.          0.          0.          0.          0.
  0.          0.          0.          0.          0.          0.        ],0.0,0.0,0.0,0.0,0.0,0.0,[0. 0. 0. 0. 0. 0. 0. 0. 0. 0. 0. 0. 0. 0. 0. 0. 0. 0. 0. 0. 0. 0. 0. 0.
 0. 0. 0. 0. 0. 0. 0. 0. 0. 0. 0. 0.]
19.31503438949585,,5.492009970548537,-5.147510388167806,0.0,-0.0,0.0,0.9999931293846106,-0.003706910246217793,[ 0.00502097 -0.00213537 -0.00066607 -0.00213537  0.00266712  0.00095949
 -0.00066607  0.00095949  0.0012025   0.          0.          0.
  0.          0.          0.          0.          0.          0.
  0.          0.          0.          0.          0.          0.
  0.          0.          0.          0.          0.          0.
  0.          0.          0.          0.          0.          0.        ],0.0,0.0,0.0,0.0,0.0,0.0,[0. 0. 0. 0. 0. 0. 0. 0. 0. 0. 0. 0. 0. 0. 0. 0. 0. 0. 0. 0. 0. 0. 0. 0.
 0. 0. 0. 0. 0. 0. 0. 0. 0. 0. 0. 0.]
19.336493492126465,,5.498467080018892,-5.149190773928932,0.0,-0.0,0.0,0.9999919102742256,-0.004022360762673823,[ 0.00496599 -0.00240186 -0.00082884 -0.00240186  0.00300232  0.00101203
 -0.00082884  0.00101203  0.00119376  0.          0.          0.
  0.          0.          0.          0.          0.          0.
  0.          0.          0.          0.          0.          0.
  0.          0.          0.          0.          0.          0.
  0.          0.          0.          0.          0.          0.        ],0.0,0.0,0.0,0.0,0.0,0.0,[0. 0. 0. 0. 0. 0. 0. 0. 0. 0. 0. 0. 0. 0. 0. 0. 0. 0. 0. 0. 0. 0. 0. 0.
 0. 0. 0. 0. 0. 0. 0. 0. 0. 0. 0. 0.]
19.355252981185913,,5.500538065450796,-5.149180644372867,0.0,-0.0,0.0,0.9999881933138038,-0.004859344914125185,[ 0.00534499 -0.0025023  -0.00088602 -0.0025023   0.00300882  0.00106584
 -0.00088602  0.00106584  0.00122481  0.          0.          0.
  0.          0.          0.          0.          0.          0.
  0.          0.          0.          0.          0.          0.
  0.          0.          0.          0.          0.          0.
  0.          0.          0.          0.          0.          0.        ],0.0,0.0,0.0,0.0,0.0,0.0,[0. 0. 0. 0. 0. 0. 0. 0. 0. 0. 0. 0. 0. 0. 0. 0. 0. 0. 0. 0. 0. 0. 0. 0.
 0. 0. 0. 0. 0. 0. 0. 0. 0. 0. 0. 0.]
19.375401735305786,,5.500222217831042,-5.148500539945365,0.0,-0.0,0.0,0.9999918963715714,-0.004025815592941337,[ 0.00517527 -0.00205645 -0.00070392 -0.00205645  0.00260742  0.00089739
 -0.00070392  0.00089739  0.00123831  0.          0.          0.
  0.          0.          0.          0.          0.          0.
  0.          0.          0.          0.          0.          0.
  0.          0.          0.          0.          0.          0.
  0.          0.          0.          0.          0.          0.        ],0.0,0.0,0.0,0.0,0.0,0.0,[0. 0. 0. 0. 0. 0. 0. 0. 0. 0. 0. 0. 0. 0. 0. 0. 0. 0. 0. 0. 0. 0. 0. 0.
 0. 0. 0. 0. 0. 0. 0. 0. 0. 0. 0. 0.]
19.39270806312561,,5.497729055914249,-5.146314276659756,0.0,-0.0,0.0,0.9999897370630964,-0.004530537327886509,[ 0.00559767 -0.00228686 -0.00095829 -0.00228686  0.00260182  0.00098177
 -0.00095829  0.00098177  0.00120557  0.          0.          0.
  0.          0.          0.          0.          0.          0.
  0.          0.          0.          0.          0.          0.
  0.          0.          0.          0.          0.          0.
  0.          0.          0.          0.          0.          0.        ],0.0,0.0,0.0,0.0,0.0,0.0,[0. 0. 0. 0. 0. 0. 0. 0. 0. 0. 0. 0. 0. 0. 0. 0. 0. 0. 0. 0. 0. 0. 0. 0.
 0. 0. 0. 0. 0. 0. 0. 0. 0. 0. 0. 0.]
19.41205930709839,,5.494283202421625,-5.1454383302875675,0.0,-0.0,0.0,0.9999887712988972,-0.004738910858184097,[ 0.00540121 -0.00231815 -0.00075708 -0.00231815  0.00274285  0.00091907
 -0.00075708  0.00091907  0.00116471  0.          0.          0.
  0.          0.          0.          0.          0.          0.
  0.          0.          0.          0.          0.          0.
  0.          0.          0.          0.          0.          0.
  0.          0.          0.          0.          0.          0.        ],0.0,0.0,0.0,0.0,0.0,0.0,[0. 0. 0. 0. 0. 0. 0. 0. 0. 0. 0. 0. 0. 0. 0. 0. 0. 0. 0. 0. 0. 0. 0. 0.
 0. 0. 0. 0. 0. 0. 0. 0. 0. 0. 0. 0.]
19.438997507095337,,5.498527673729325,-5.147450021796177,0.0,-0.0,0.0,0.9999907938342185,-0.004290949406542382,[ 0.00507097 -0.00215504 -0.00077412 -0.00215504  0.00254086  0.00093392
 -0.00077412  0.00093392  0.00112959  0.          0.          0.
  0.          0.          0.          0.          0.          0.
  0.          0.          0.          0.          0.          0.
  0.          0.          0.          0.          0.          0.
  0.          0.          0.          0.          0.          0.        ],0.0,0.0,0.0,0.0,0.0,0.0,[0. 0. 0. 0. 0. 0. 0. 0. 0. 0. 0. 0. 0. 0. 0. 0. 0. 0. 0. 0. 0. 0. 0. 0.
 0. 0. 0. 0. 0. 0. 0. 0. 0. 0. 0. 0.]
19.45634937286377,,5.491825644166459,-5.145133090647581,0.0,-0.0,0.0,0.9999905086159023,-0.004356911533289112,[ 0.00564146 -0.00234275 -0.00080833 -0.00234275  0.00270761  0.00099855
 -0.00080833  0.00099855  0.00121185  0.          0.          0.
  0.          0.          0.          0.          0.          0.
  0.          0.          0.          0.          0.          0.
  0.          0.          0.          0.          0.          0.
  0.          0.          0.          0.          0.          0.        ],0.0,0.0,0.0,0.0,0.0,0.0,[0. 0. 0. 0. 0. 0. 0. 0. 0. 0. 0. 0. 0. 0. 0. 0. 0. 0. 0. 0. 0. 0. 0. 0.
 0. 0. 0. 0. 0. 0. 0. 0. 0. 0. 0. 0.]
19.483073949813843,,5.4915328914824455,-5.141954207770757,0.0,-0.0,0.0,0.9999839027702135,-0.005673993342620964,[ 0.0055404  -0.00231454 -0.00085193 -0.00231454  0.0026885   0.00097383
 -0.00085193  0.00097383  0.00122151  0.          0.          0.
  0.          0.          0.          0.          0.          0.
  0.          0.          0.          0.          0.          0.
  0.          0.          0.          0.          0.          0.
  0.          0.          0.          0.          0.          0.        ],0.0,0.0,0.0,0.0,0.0,0.0,[0. 0. 0. 0. 0. 0. 0. 0. 0. 0. 0. 0. 0. 0. 0. 0. 0. 0. 0. 0. 0. 0. 0. 0.
 0. 0. 0. 0. 0. 0. 0. 0. 0. 0. 0. 0.]
19.49997353553772,,5.487233874021854,-5.136775270150261,0.0,-0.0,0.0,0.9999783908816599,-0.006574022339968233,[ 0.00557516 -0.00234322 -0.00098537 -0.00234322  0.00255981  0.00098808
 -0.00098537  0.00098808  0.00123214  0.          0.          0.
  0.          0.          0.          0.          0.          0.
  0.          0.          0.          0.          0.          0.
  0.          0.          0.          0.          0.          0.
  0.          0.          0.          0.          0.          0.        ],0.0,0.0,0.0,0.0,0.0,0.0,[0. 0. 0. 0. 0. 0. 0. 0. 0. 0. 0. 0. 0. 0. 0. 0. 0. 0. 0. 0. 0. 0. 0. 0.
 0. 0. 0. 0. 0. 0. 0. 0. 0. 0. 0. 0.]
19.514926433563232,,5.489271274101647,-5.140303603915256,0.0,-0.0,0.0,0.9999842229874615,-0.005617274798596094,[ 0.00535682 -0.00234504 -0.00078429 -0.00234504  0.00251863  0.0008618
 -0.00078429  0.0008618   0.00112759  0.          0.          0.
  0.          0.          0.          0.          0.          0.
  0.          0.          0.          0.          0.          0.
  0.          0.          0.          0.          0.          0.
  0.          0.          0.          0.          0.          0.        ],0.0,0.0,0.0,0.0,0.0,0.0,[0. 0. 0. 0. 0. 0. 0. 0. 0. 0. 0. 0. 0. 0. 0. 0. 0. 0. 0. 0. 0. 0. 0. 0.
 0. 0. 0. 0. 0. 0. 0. 0. 0. 0. 0. 0.]
19.535231590270996,,5.487416100686694,-5.137181753917874,0.0,-0.0,0.0,0.9999787610705287,-0.006517469436084996,[ 0.00549754 -0.00229626 -0.00073188 -0.00229626  0.0026255   0.00087808
 -0.00073188  0.00087808  0.00121872  0.          0.          0.
  0.          0.          0.          0.          0.          0.
  0.          0.          0.          0.          0.          0.
  0.          0.          0.          0.          0.          0.
  0.          0.          0.          0.          0.          0.        ],0.0,0.0,0.0,0.0,0.0,0.0,[0. 0. 0. 0. 0. 0. 0. 0. 0. 0. 0. 0. 0. 0. 0. 0. 0. 0. 0. 0. 0. 0. 0. 0.
 0. 0. 0. 0. 0. 0. 0. 0. 0. 0. 0. 0.]
19.556681632995605,,5.494480019056027,-5.138529818460939,0.0,-0.0,0.0,0.9999819632462222,-0.006006095423072676,[ 0.00518173 -0.00219976 -0.00083403 -0.00219976  0.00241019  0.00087493
 -0.00083403  0.00087493  0.00111872  0.          0.          0.
  0.          0.          0.          0.          0.          0.
  0.          0.          0.          0.          0.          0.
  0.          0.          0.          0.          0.          0.
  0.          0.          0.          0.          0.          0.        ],0.0,0.0,0.0,0.0,0.0,0.0,[0. 0. 0. 0. 0. 0. 0. 0. 0. 0. 0. 0. 0. 0. 0. 0. 0. 0. 0. 0. 0. 0. 0. 0.
 0. 0. 0. 0. 0. 0. 0. 0. 0. 0. 0. 0.]
19.580857515335083,,5.498669732621551,-5.142820414244661,0.0,-0.0,0.0,0.9999829718854617,-0.005835746663437304,[ 0.00496081 -0.00205957 -0.00077038 -0.00205957  0.00249324  0.00088183
 -0.00077038  0.00088183  0.00115544  0.          0.          0.
  0.          0.          0.          0.          0.          0.
  0.          0.          0.          0.          0.          0.
  0.          0.          0.          0.          0.          0.
  0.          0.          0.          0.          0.          0.        ],0.0,0.0,0.0,0.0,0.0,0.0,[0. 0. 0. 0. 0. 0. 0. 0. 0. 0. 0. 0. 0. 0. 0. 0. 0. 0. 0. 0. 0. 0. 0. 0.
 0. 0. 0. 0. 0. 0. 0. 0. 0. 0. 0. 0.]
19.597476959228516,,5.497757928577384,-5.141758532794522,0.0,-0.0,0.0,0.9999862296218021,-0.005247910705466027,[ 0.00483665 -0.00197119 -0.00061183 -0.00197119  0.00241693  0.00080405
 -0.00061183  0.00080405  0.0011133   0.          0.          0.
  0.          0.          0.          0.          0.          0.
  0.          0.          0.          0.          0.          0.
  0.          0.          0.          0.          0.          0.
  0.          0.          0.          0.          0.          0.        ],0.0,0.0,0.0,0.0,0.0,0.0,[0. 0. 0. 0. 0. 0. 0. 0. 0. 0. 0. 0. 0. 0. 0. 0. 0. 0. 0. 0. 0. 0. 0. 0.
 0. 0. 0. 0. 0. 0. 0. 0. 0. 0. 0. 0.]
19.612218379974365,,5.500065109628877,-5.145620757241211,0.0,-0.0,0.0,0.9999883779788591,-0.004821193546260571,[ 0.00521391 -0.00223086 -0.00079117 -0.00223086  0.00272494  0.00099566
 -0.00079117  0.00099566  0.00116636  0.          0.          0.
  0.          0.          0.          0.          0.          0.
  0.          0.          0.          0.          0.          0.
  0.          0.          0.          0.          0.          0.
  0.          0.          0.          0.          0.          0.        ],0.0,0.0,0.0,0.0,0.0,0.0,[0. 0. 0. 0. 0. 0. 0. 0. 0. 0. 0. 0. 0. 0. 0. 0. 0. 0. 0. 0. 0. 0. 0. 0.
 0. 0. 0. 0. 0. 0. 0. 0. 0. 0. 0. 0.]
19.632396459579468,,5.498083029344217,-5.146075093764938,0.0,-0.0,0.0,0.9999877124790957,-0.004957306811714915,[ 0.0049459  -0.00217143 -0.00079768 -0.00217143  0.00276119  0.00103825
 -0.00079768  0.00103825  0.0012757   0.          0.          0.
  0.          0.          0.          0.          0.          0.
  0.          0.          0.          0.          0.          0.
  0.          0.          0.          0.          0.          0.
  0.          0.          0.          0.          0.          0.        ],0.0,0.0,0.0,0.0,0.0,0.0,[0. 0. 0. 0. 0. 0. 0. 0. 0. 0. 0. 0. 0. 0. 0. 0. 0. 0. 0. 0. 0. 0. 0. 0.
 0. 0. 0. 0. 0. 0. 0. 0. 0. 0. 0. 0.]
19.65138030052185,,5.5009075852800065,-5.1485556408637025,0.0,-0.0,0.0,0.999988851168126,-0.004722027049012502,[ 0.00500737 -0.00217227 -0.00083742 -0.00217227  0.00274223  0.00097721
 -0.00083742  0.00097721  0.00119817  0.          0.          0.
  0.          0.          0.          0.          0.          0.
  0.          0.          0.          0.          0.          0.
  0.          0.          0.          0.          0.          0.
  0.          0.          0.          0.          0.          0.        ],0.0,0.0,0.0,0.0,0.0,0.0,[0. 0. 0. 0. 0. 0. 0. 0. 0. 0. 0. 0. 0. 0. 0. 0. 0. 0. 0. 0. 0. 0. 0. 0.
 0. 0. 0. 0. 0. 0. 0. 0. 0. 0. 0. 0.]
19.68493413925171,,5.497127728470615,-5.149020006206714,0.0,-0.0,0.0,0.9999916998931004,-0.004074327540510015,[ 0.0052918  -0.00216381 -0.00082213 -0.00216381  0.0025976   0.00092451
 -0.00082213  0.00092451  0.00118434  0.          0.          0.
  0.          0.          0.          0.          0.          0.
  0.          0.          0.          0.          0.          0.
  0.          0.          0.          0.          0.          0.
  0.          0.          0.          0.          0.          0.        ],0.0,0.0,0.0,0.0,0.0,0.0,[0. 0. 0. 0. 0. 0. 0. 0. 0. 0. 0. 0. 0. 0. 0. 0. 0. 0. 0. 0. 0. 0. 0. 0.
 0. 0. 0. 0. 0. 0. 0. 0. 0. 0. 0. 0.]
19.69753122329712,,5.503571916058717,-5.151718172363355,0.0,-0.0,0.0,0.9999908560336349,-0.004276429482417912,[ 0.00598857 -0.00252305 -0.00076045 -0.00252305  0.00288407  0.0009587
 -0.00076045  0.0009587   0.00119602  0.          0.          0.
  0.          0.          0.          0.          0.          0.
  0.          0.          0.          0.          0.          0.
  0.          0.          0.          0.          0.          0.
  0.          0.          0.          0.          0.          0.        ],0.0,0.0,0.0,0.0,0.0,0.0,[0. 0. 0. 0. 0. 0. 0. 0. 0. 0. 0. 0. 0. 0. 0. 0. 0. 0. 0. 0. 0. 0. 0. 0.
 0. 0. 0. 0. 0. 0. 0. 0. 0. 0. 0. 0.]
19.71146249771118,,5.503247388373028,-5.152284406062038,0.0,-0.0,0.0,0.9999952850301767,-0.0030708170599589744,[ 0.00557212 -0.00225016 -0.00072089 -0.00225016  0.0025914   0.00082909
 -0.00072089  0.00082909  0.00110035  0.          0.          0.
  0.          0.          0.          0.          0.          0.
  0.          0.          0.          0.          0.          0.
  0.          0.          0.          0.          0.          0.
  0.          0.          0.          0.          0.          0.        ],0.0,0.0,0.0,0.0,0.0,0.0,[0. 0. 0. 0. 0. 0. 0. 0. 0. 0. 0. 0. 0. 0. 0. 0. 0. 0. 0. 0. 0. 0. 0. 0.
 0. 0. 0. 0. 0. 0. 0. 0. 0. 0. 0. 0.]
19.73498010635376,,5.502180015894864,-5.152161291613495,0.0,-0.0,0.0,0.9999942226632952,-0.003399211678017549,[ 0.0054955  -0.00219115 -0.00073508 -0.00219115  0.00254166  0.00086541
 -0.00073508  0.00086541  0.00113137  0.          0.          0.
  0.          0.          0.          0.          0.          0.
  0.          0.          0.          0.          0.          0.
  0.          0.          0.          0.          0.          0.
  0.          0.          0.          0.          0.          0.        ],0.0,0.0,0.0,0.0,0.0,0.0,[0. 0. 0. 0. 0. 0. 0. 0. 0. 0. 0. 0. 0. 0. 0. 0. 0. 0. 0. 0. 0. 0. 0. 0.
 0. 0. 0. 0. 0. 0. 0. 0. 0. 0. 0. 0.]
19.755139112472534,,5.497139922788655,-5.150407224344001,0.0,-0.0,0.0,0.9999857391468236,-0.005340552684944888,[ 0.00487427 -0.00198038 -0.00069467 -0.00198038  0.00247554  0.00091292
 -0.00069467  0.00091292  0.00113734  0.          0.          0.
  0.          0.          0.          0.          0.          0.
  0.          0.          0.          0.          0.          0.
  0.          0.          0.          0.          0.          0.
  0.          0.          0.          0.          0.          0.        ],0.0,0.0,0.0,0.0,0.0,0.0,[0. 0. 0. 0. 0. 0. 0. 0. 0. 0. 0. 0. 0. 0. 0. 0. 0. 0. 0. 0. 0. 0. 0. 0.
 0. 0. 0. 0. 0. 0. 0. 0. 0. 0. 0. 0.]
19.779609441757202,,5.498252635560599,-5.149240512220213,0.0,-0.0,0.0,0.9999889271338782,-0.0047059122001081736,[ 0.00488551 -0.00196094 -0.0006985  -0.00196094  0.0024699   0.00086288
 -0.0006985   0.00086288  0.00113076  0.          0.          0.
  0.          0.          0.          0.          0.          0.
  0.          0.          0.          0.          0.          0.
  0.          0.          0.          0.          0.          0.
  0.          0.          0.          0.          0.          0.        ],0.0,0.0,0.0,0.0,0.0,0.0,[0. 0. 0. 0. 0. 0. 0. 0. 0. 0. 0. 0. 0. 0. 0. 0. 0. 0. 0. 0. 0. 0. 0. 0.
 0. 0. 0. 0. 0. 0. 0. 0. 0. 0. 0. 0.]
19.800688982009888,,5.502614070181571,-5.152794796678471,0.0,-0.0,0.0,0.999990226402983,-0.004421210073135709,[ 0.00507322 -0.00236317 -0.0008036  -0.00236317  0.00283608  0.00099778
 -0.0008036   0.00099778  0.0011417   0.          0.          0.
  0.          0.          0.          0.          0.          0.
  0.          0.          0.          0.          0.          0.
  0.          0.          0.          0.          0.          0.
  0.          0.          0.          0.          0.          0.        ],0.0,0.0,0.0,0.0,0.0,0.0,[0. 0. 0. 0. 0. 0. 0. 0. 0. 0. 0. 0. 0. 0. 0. 0. 0. 0. 0. 0. 0. 0. 0. 0.
 0. 0. 0. 0. 0. 0. 0. 0. 0. 0. 0. 0.]
19.81523847579956,,5.507432056472233,-5.1533428064646145,0.0,-0.0,0.0,0.9999951669051933,-0.0031090458752680776,[ 0.00552368 -0.00254762 -0.00088642 -0.00254762  0.00289837  0.00100576
 -0.00088642  0.00100576  0.00120309  0.          0.          0.
  0.          0.          0.          0.          0.          0.
  0.          0.          0.          0.          0.          0.
  0.          0.          0.          0.          0.          0.
  0.          0.          0.          0.          0.          0.        ],0.0,0.0,0.0,0.0,0.0,0.0,[0. 0. 0. 0. 0. 0. 0. 0. 0. 0. 0. 0. 0. 0. 0. 0. 0. 0. 0. 0. 0. 0. 0. 0.
 0. 0. 0. 0. 0. 0. 0. 0. 0. 0. 0. 0.]
19.83012366294861,,5.511055887630065,-5.156702470574128,0.0,-0.0,0.0,0.9999965673307138,-0.0026201768621703534,[ 0.00499929 -0.00211849 -0.00074263 -0.00211849  0.00256832  0.00093804
 -0.00074263  0.00093804  0.00122484  0.          0.          0.
  0.          0.          0.          0.          0.          0.
  0.          0.          0.          0.          0.          0.
  0.          0.          0.          0.          0.          0.
  0.          0.          0.          0.          0.          0.        ],0.0,0.0,0.0,0.0,0.0,0.0,[0. 0. 0. 0. 0. 0. 0. 0. 0. 0. 0. 0. 0. 0. 0. 0. 0. 0. 0. 0. 0. 0. 0. 0.
 0. 0. 0. 0. 0. 0. 0. 0. 0. 0. 0. 0.]
19.85536289215088,,5.514112784155676,-5.157361747233254,0.0,-0.0,0.0,0.9999948592253451,-0.0032064813865204348,[ 0.00475659 -0.00209047 -0.000756   -0.00209047  0.00260131  0.00087976
 -0.000756    0.00087976  0.00109843  0.          0.          0.
  0.          0.          0.          0.          0.          0.
  0.          0.          0.          0.          0.          0.
  0.          0.          0.          0.          0.          0.
  0.          0.          0.          0.          0.          0.        ],0.0,0.0,0.0,0.0,0.0,0.0,[0. 0. 0. 0. 0. 0. 0. 0. 0. 0. 0. 0. 0. 0. 0. 0. 0. 0. 0. 0. 0. 0. 0. 0.
 0. 0. 0. 0. 0. 0. 0. 0. 0. 0. 0. 0.]
19.87228226661682,,5.513537831174901,-5.159396036107914,0.0,-0.0,0.0,0.999997139608124,-0.0023918142842359975,[ 0.00460521 -0.00201439 -0.00074174 -0.00201439  0.00264585  0.0009287
 -0.00074174  0.0009287   0.00128598  0.          0.          0.
  0.          0.          0.          0.          0.          0.
  0.          0.          0.          0.          0.          0.
  0.          0.          0.          0.          0.          0.
  0.          0.          0.          0.          0.          0.        ],0.0,0.0,0.0,0.0,0.0,0.0,[0. 0. 0. 0. 0. 0. 0. 0. 0. 0. 0. 0. 0. 0. 0. 0. 0. 0. 0. 0. 0. 0. 0. 0.
 0. 0. 0. 0. 0. 0. 0. 0. 0. 0. 0. 0.]
19.89251446723938,,5.506696231620353,-5.156255197486943,0.0,-0.0,0.0,0.9999947850390735,-0.0032295347431582247,[ 0.00505961 -0.00199227 -0.0007727  -0.00199227  0.00242587  0.00087492
 -0.0007727   0.00087492  0.00112502  0.          0.          0.
  0.          0.          0.          0.          0.          0.
  0.          0.          0.          0.          0.          0.
  0.          0.          0.          0.          0.          0.
  0.          0.          0.          0.          0.          0.        ],0.0,0.0,0.0,0.0,0.0,0.0,[0. 0. 0. 0. 0. 0. 0. 0. 0. 0. 0. 0. 0. 0. 0. 0. 0. 0. 0. 0. 0. 0. 0. 0.
 0. 0. 0. 0. 0. 0. 0. 0. 0. 0. 0. 0.]
19.91547417640686,,5.508722626415687,-5.158664026499093,0.0,-0.0,0.0,0.9999970705221563,-0.002420526204298922,[ 0.00485412 -0.00207893 -0.00074881 -0.00207893  0.00253491  0.00086171
 -0.00074881  0.00086171  0.00110673  0.          0.          0.
  0.          0.          0.          0.          0.          0.
  0.          0.          0.          0.          0.          0.
  0.          0.          0.          0.          0.          0.
  0.          0.          0.          0.          0.          0.        ],0.0,0.0,0.0,0.0,0.0,0.0,[0. 0. 0. 0. 0. 0. 0. 0. 0. 0. 0. 0. 0. 0. 0. 0. 0. 0. 0. 0. 0. 0. 0. 0.
 0. 0. 0. 0. 0. 0. 0. 0. 0. 0. 0. 0.]
19.935383081436157,,5.5041334629159975,-5.154942588100287,0.0,-0.0,0.0,0.9999952908142773,-0.0030689329202312045,[ 0.00528722 -0.00238624 -0.00086666 -0.00238624  0.00272394  0.00095349
 -0.00086666  0.00095349  0.00113457  0.          0.          0.
  0.          0.          0.          0.          0.          0.
  0.          0.          0.          0.          0.          0.
  0.          0.          0.          0.          0.          0.
  0.          0.          0.          0.          0.          0.        ],0.0,0.0,0.0,0.0,0.0,0.0,[0. 0. 0. 0. 0. 0. 0. 0. 0. 0. 0. 0. 0. 0. 0. 0. 0. 0. 0. 0. 0. 0. 0. 0.
 0. 0. 0. 0. 0. 0. 0. 0. 0. 0. 0. 0.]
19.950828790664673,,5.503248531272983,-5.151752230711546,0.0,-0.0,0.0,0.9999919983764551,-0.0040003978631678785,[ 0.00494364 -0.0021228  -0.00071497 -0.0021228   0.0024358   0.00080587
 -0.00071497  0.00080587  0.00112063  0.          0.          0.
  0.          0.          0.          0.          0.          0.
  0.          0.          0.          0.          0.          0.
  0.          0.          0.          0.          0.          0.
  0.          0.          0.          0.          0.          0.        ],0.0,0.0,0.0,0.0,0.0,0.0,[0. 0. 0. 0. 0. 0. 0. 0. 0. 0. 0. 0. 0. 0. 0. 0. 0. 0. 0. 0. 0. 0. 0. 0.
 0. 0. 0. 0. 0. 0. 0. 0. 0. 0. 0. 0.]
19.974984884262085,,5.503773582004796,-5.1492607378250055,0.0,-0.0,0.0,0.9999933882721573,-0.0036364009639267957,[ 0.00507086 -0.00208756 -0.00072471 -0.00208756  0.00240163  0.00087892
 -0.00072471  0.00087892  0.0011823   0.          0.          0.
  0.          0.          0.          0.          0.          0.
  0.          0.          0.          0.          0.          0.
  0.          0.          0.          0.          0.          0.
  0.          0.          0.          0.          0.          0.        ],0.0,0.0,0.0,0.0,0.0,0.0,[0. 0. 0. 0. 0. 0. 0. 0. 0. 0. 0. 0. 0. 0. 0. 0. 0. 0. 0. 0. 0. 0. 0. 0.
 0. 0. 0. 0. 0. 0. 0. 0. 0. 0. 0. 0.]
19.995364665985107,,5.500453316310339,-5.147083678306094,0.0,-0.0,0.0,0.9999887168537965,-0.004750385784073825,[ 0.00535849 -0.00220647 -0.00072618 -0.00220647  0.00244188  0.00083524
 -0.00072618  0.00083524  0.00108398  0.          0.          0.
  0.          0.          0.          0.          0.          0.
  0.          0.          0.          0.          0.          0.
  0.          0.          0.          0.          0.          0.
  0.          0.          0.          0.          0.          0.        ],0.0,0.0,0.0,0.0,0.0,0.0,[0. 0. 0. 0. 0. 0. 0. 0. 0. 0. 0. 0. 0. 0. 0. 0. 0. 0. 0. 0. 0. 0. 0. 0.
 0. 0. 0. 0. 0. 0. 0. 0. 0. 0. 0. 0.]
20.01232933998108,,5.498797086869994,-5.14755140890984,0.0,-0.0,0.0,0.9999898804471015,-0.004498777988716037,[ 0.00495084 -0.00196749 -0.00064318 -0.00196749  0.00223214  0.00078644
 -0.00064318  0.00078644  0.00107341  0.          0.          0.
  0.          0.          0.          0.          0.          0.
  0.          0.          0.          0.          0.          0.
  0.          0.          0.          0.          0.          0.
  0.          0.          0.          0.          0.          0.        ],0.0,0.0,0.0,0.0,0.0,0.0,[0. 0. 0. 0. 0. 0. 0. 0. 0. 0. 0. 0. 0. 0. 0. 0. 0. 0. 0. 0. 0. 0. 0. 0.
 0. 0. 0. 0. 0. 0. 0. 0. 0. 0. 0. 0.]
20.038753509521484,,5.50149360231259,-5.149392021943504,0.0,-0.0,0.0,0.9999920767599539,-0.003980755872237426,[ 0.00451317 -0.00174959 -0.00065074 -0.00174959  0.00215211  0.00083865
 -0.00065074  0.00083865  0.0011465   0.          0.          0.
  0.          0.          0.          0.          0.          0.
  0.          0.          0.          0.          0.          0.
  0.          0.          0.          0.          0.          0.
  0.          0.          0.          0.          0.          0.        ],0.0,0.0,0.0,0.0,0.0,0.0,[0. 0. 0. 0. 0. 0. 0. 0. 0. 0. 0. 0. 0. 0. 0. 0. 0. 0. 0. 0. 0. 0. 0. 0.
 0. 0. 0. 0. 0. 0. 0. 0. 0. 0. 0. 0.]
20.057201385498047,,5.50212358799638,-5.149552138194777,0.0,-0.0,0.0,0.9999886780641029,-0.00475854427404522,[ 0.00456433 -0.0019124  -0.00067664 -0.0019124   0.00228005  0.00082327
 -0.00067664  0.00082327  0.00114828  0.          0.          0.
  0.          0.          0.          0.          0.          0.
  0.          0.          0.          0.          0.          0.
  0.          0.          0.          0.          0.          0.
  0.          0.          0.          0.          0.          0.        ],0.0,0.0,0.0,0.0,0.0,0.0,[0. 0. 0. 0. 0. 0. 0. 0. 0. 0. 0. 0. 0. 0. 0. 0. 0. 0. 0. 0. 0. 0. 0. 0.
 0. 0. 0. 0. 0. 0. 0. 0. 0. 0. 0. 0.]
20.08738613128662,,5.504909910774919,-5.1523584049152165,0.0,-0.0,0.0,0.9999935026925745,-0.003604798556934901,[ 0.00479447 -0.00206073 -0.00078752 -0.00206073  0.00269793  0.00097516
 -0.00078752  0.00097516  0.00125988  0.          0.          0.
  0.          0.          0.          0.          0.          0.
  0.          0.          0.          0.          0.          0.
  0.          0.          0.          0.          0.          0.
  0.          0.          0.          0.          0.          0.        ],0.0,0.0,0.0,0.0,0.0,0.0,[0. 0. 0. 0. 0. 0. 0. 0. 0. 0. 0. 0. 0. 0. 0. 0. 0. 0. 0. 0. 0. 0. 0. 0.
 0. 0. 0. 0. 0. 0. 0. 0. 0. 0. 0. 0.]
20.10333776473999,,5.5056345199376775,-5.153937316154959,0.0,-0.0,0.0,0.9999941399930339,-0.003423445573176856,[ 0.00498208 -0.00223853 -0.00087505 -0.00223853  0.00285286  0.00107463
 -0.00087505  0.00107463  0.00126032  0.          0.          0.
  0.          0.          0.          0.          0.          0.
  0.          0.          0.          0.          0.          0.
  0.          0.          0.          0.          0.          0.
  0.          0.          0.          0.          0.          0.        ],0.0,0.0,0.0,0.0,0.0,0.0,[0. 0. 0. 0. 0. 0. 0. 0. 0. 0. 0. 0. 0. 0. 0. 0. 0. 0. 0. 0. 0. 0. 0. 0.
 0. 0. 0. 0. 0. 0. 0. 0. 0. 0. 0. 0.]
20.122172832489014,,5.508550337092899,-5.15203629617719,0.0,-0.0,0.0,0.99998769366008,-0.004961101530301431,[ 0.00464671 -0.00215492 -0.00084352 -0.00215492  0.00283726  0.00102684
 -0.00084352  0.00102684  0.00124568  0.          0.          0.
  0.          0.          0.          0.          0.          0.
  0.          0.          0.          0.          0.          0.
  0.          0.          0.          0.          0.          0.
  0.          0.          0.          0.          0.          0.        ],0.0,0.0,0.0,0.0,0.0,0.0,[0. 0. 0. 0. 0. 0. 0. 0. 0. 0. 0. 0. 0. 0. 0. 0. 0. 0. 0. 0. 0. 0. 0. 0.
 0. 0. 0. 0. 0. 0. 0. 0. 0. 0. 0. 0.]
20.1390163898468,,5.509218178776219,-5.152775908631472,0.0,-0.0,0.0,0.99999359943002,-0.0035778623496146573,[ 0.00489923 -0.00225003 -0.00088589 -0.00225003  0.00293045  0.00104598
 -0.00088589  0.00104598  0.00122563  0.          0.          0.
  0.          0.          0.          0.          0.          0.
  0.          0.          0.          0.          0.          0.
  0.          0.          0.          0.          0.          0.
  0.          0.          0.          0.          0.          0.        ],0.0,0.0,0.0,0.0,0.0,0.0,[0. 0. 0. 0. 0. 0. 0. 0. 0. 0. 0. 0. 0. 0. 0. 0. 0. 0. 0. 0. 0. 0. 0. 0.
 0. 0. 0. 0. 0. 0. 0. 0. 0. 0. 0. 0.]
20.161977529525757,,5.511511073221801,-5.156510487877872,0.0,-0.0,0.0,0.9999967547991812,-0.0025476246007461595,[ 0.00447982 -0.00208705 -0.00077343 -0.00208705  0.00285736  0.00103141
 -0.00077343  0.00103141  0.00120738  0.          0.          0.
  0.          0.          0.          0.          0.          0.
  0.          0.          0.          0.          0.          0.
  0.          0.          0.          0.          0.          0.
  0.          0.          0.          0.          0.          0.        ],0.0,0.0,0.0,0.0,0.0,0.0,[0. 0. 0. 0. 0. 0. 0. 0. 0. 0. 0. 0. 0. 0. 0. 0. 0. 0. 0. 0. 0. 0. 0. 0.
 0. 0. 0. 0. 0. 0. 0. 0. 0. 0. 0. 0.]
20.180715799331665,,5.5130406877802836,-5.1591591283973415,0.0,-0.0,0.0,0.999996948400689,-0.002470463379547502,[ 0.0046109  -0.00190275 -0.00068802 -0.00190275  0.00247603  0.00085916
 -0.00068802  0.00085916  0.00113322  0.          0.          0.
  0.          0.          0.          0.          0.          0.
  0.          0.          0.          0.          0.          0.
  0.          0.          0.          0.          0.          0.
  0.          0.          0.          0.          0.          0.        ],0.0,0.0,0.0,0.0,0.0,0.0,[0. 0. 0. 0. 0. 0. 0. 0. 0. 0. 0. 0. 0. 0. 0. 0. 0. 0. 0. 0. 0. 0. 0. 0.
 0. 0. 0. 0. 0. 0. 0. 0. 0. 0. 0. 0.]
20.198948860168457,,5.514507343230783,-5.161749336349939,0.0,-0.0,0.0,0.9999977186821503,-0.0021360314827176523,[ 0.00502022 -0.00223963 -0.00080388 -0.00223963  0.00272572  0.00090656
 -0.00080388  0.00090656  0.00116515  0.          0.          0.
  0.          0.          0.          0.          0.          0.
  0.          0.          0.          0.          0.          0.
  0.          0.          0.          0.          0.          0.
  0.          0.          0.          0.          0.          0.        ],0.0,0.0,0.0,0.0,0.0,0.0,[0. 0. 0. 0. 0. 0. 0. 0. 0. 0. 0. 0. 0. 0. 0. 0. 0. 0. 0. 0. 0. 0. 0. 0.
 0. 0. 0. 0. 0. 0. 0. 0. 0. 0. 0. 0.]
20.214155912399292,,5.512194411312049,-5.1584419937267025,0.0,-0.0,0.0,0.9999949156625892,-0.0031888319132583227,[ 0.00506547 -0.00244318 -0.00096032 -0.00244318  0.00287984  0.00102174
 -0.00096032  0.00102174  0.00118445  0.          0.          0.
  0.          0.          0.          0.          0.          0.
  0.          0.          0.          0.          0.          0.
  0.          0.          0.          0.          0.          0.
  0.          0.          0.          0.          0.          0.        ],0.0,0.0,0.0,0.0,0.0,0.0,[0. 0. 0. 0. 0. 0. 0. 0. 0. 0. 0. 0. 0. 0. 0. 0. 0. 0. 0. 0. 0. 0. 0. 0.
 0. 0. 0. 0. 0. 0. 0. 0. 0. 0. 0. 0.]
20.238649129867554,,5.511362692355958,-5.159620466333417,0.0,-0.0,0.0,0.9999956031595442,-0.0029654108618477663,[ 0.00538296 -0.00252453 -0.00093865 -0.00252453  0.00281702  0.00100743
 -0.00093865  0.00100743  0.00124226  0.          0.          0.
  0.          0.          0.          0.          0.          0.
  0.          0.          0.          0.          0.          0.
  0.          0.          0.          0.          0.          0.
  0.          0.          0.          0.          0.          0.        ],0.0,0.0,0.0,0.0,0.0,0.0,[0. 0. 0. 0. 0. 0. 0. 0. 0. 0. 0. 0. 0. 0. 0. 0. 0. 0. 0. 0. 0. 0. 0. 0.
 0. 0. 0. 0. 0. 0. 0. 0. 0. 0. 0. 0.]
20.258673906326294,,5.514131015416918,-5.161384364197745,0.0,-0.0,0.0,0.9999989979769817,-0.0014156429750194967,[ 0.00524159 -0.00255277 -0.00088688 -0.00255277  0.00294495  0.0009573
 -0.00088688  0.0009573   0.00110562  0.          0.          0.
  0.          0.          0.          0.          0.          0.
  0.          0.          0.          0.          0.          0.
  0.          0.          0.          0.          0.          0.
  0.          0.          0.          0.          0.          0.        ],0.0,0.0,0.0,0.0,0.0,0.0,[0. 0. 0. 0. 0. 0. 0. 0. 0. 0. 0. 0. 0. 0. 0. 0. 0. 0. 0. 0. 0. 0. 0. 0.
 0. 0. 0. 0. 0. 0. 0. 0. 0. 0. 0. 0.]
20.277629137039185,,5.5155894744983085,-5.16030506541011,0.0,-0.0,0.0,0.9999976899660901,-0.002149433060966632,[ 0.0047711  -0.00213015 -0.00078023 -0.00213015  0.00252394  0.00087968
 -0.00078023  0.00087968  0.00117862  0.          0.          0.
  0.          0.          0.          0.          0.          0.
  0.          0.          0.          0.          0.          0.
  0.          0.          0.          0.          0.          0.
  0.          0.          0.          0.          0.          0.        ],0.0,0.0,0.0,0.0,0.0,0.0,[0. 0. 0. 0. 0. 0. 0. 0. 0. 0. 0. 0. 0. 0. 0. 0. 0. 0. 0. 0. 0. 0. 0. 0.
 0. 0. 0. 0. 0. 0. 0. 0. 0. 0. 0. 0.]
20.299538373947144,,5.512749189835583,-5.157004961464673,0.0,-0.0,0.0,0.9999964381728914,-0.0026690150862585314,[ 0.00529266 -0.0022852  -0.00075511 -0.0022852   0.00270408  0.00094998
 -0.00075511  0.00094998  0.00114388  0.          0.          0.
  0.          0.          0.          0.          0.          0.
  0.          0.          0.          0.          0.          0.
  0.          0.          0.          0.          0.          0.
  0.          0.          0.          0.          0.          0.        ],0.0,0.0,0.0,0.0,0.0,0.0,[0. 0. 0. 0. 0. 0. 0. 0. 0. 0. 0. 0. 0. 0. 0. 0. 0. 0. 0. 0. 0. 0. 0. 0.
 0. 0. 0. 0. 0. 0. 0. 0. 0. 0. 0. 0.]
20.314619302749634,,5.511449924677139,-5.157746312110954,0.0,-0.0,0.0,0.9999969307756288,-0.002477587399523747,[ 0.00530593 -0.00225765 -0.00082314 -0.00225765  0.00268954  0.00094384
 -0.00082314  0.00094384  0.00117039  0.          0.          0.
  0.          0.          0.          0.          0.          0.
  0.          0.          0.          0.          0.          0.
  0.          0.          0.          0.          0.          0.
  0.          0.          0.          0.          0.          0.        ],0.0,0.0,0.0,0.0,0.0,0.0,[0. 0. 0. 0. 0. 0. 0. 0. 0. 0. 0. 0. 0. 0. 0. 0. 0. 0. 0. 0. 0. 0. 0. 0.
 0. 0. 0. 0. 0. 0. 0. 0. 0. 0. 0. 0.]
20.340365886688232,,5.50978429265695,-5.1541774615435685,0.0,-0.0,0.0,0.9999931072464315,-0.003712877539985874,[ 0.0050699  -0.00222255 -0.00071002 -0.00222255  0.00267961  0.00094693
 -0.00071002  0.00094693  0.00119032  0.          0.          0.
  0.          0.          0.          0.          0.          0.
  0.          0.          0.          0.          0.          0.
  0.          0.          0.          0.          0.          0.
  0.          0.          0.          0.          0.          0.        ],0.0,0.0,0.0,0.0,0.0,0.0,[0. 0. 0. 0. 0. 0. 0. 0. 0. 0. 0. 0. 0. 0. 0. 0. 0. 0. 0. 0. 0. 0. 0. 0.
 0. 0. 0. 0. 0. 0. 0. 0. 0. 0. 0. 0.]
20.356318473815918,,5.505330650731737,-5.155189939087483,0.0,-0.0,0.0,0.9999947323455474,-0.0032458097844904614,[ 0.00537408 -0.00242247 -0.00079757 -0.00242247  0.00278395  0.00092823
 -0.00079757  0.00092823  0.00116     0.          0.          0.
  0.          0.          0.          0.          0.          0.
  0.          0.          0.          0.          0.          0.
  0.          0.          0.          0.          0.          0.
  0.          0.          0.          0.          0.          0.        ],0.0,0.0,0.0,0.0,0.0,0.0,[0. 0. 0. 0. 0. 0. 0. 0. 0. 0. 0. 0. 0. 0. 0. 0. 0. 0. 0. 0. 0. 0. 0. 0.
 0. 0. 0. 0. 0. 0. 0. 0. 0. 0. 0. 0.]
20.375375270843506,,5.503774532620849,-5.156723030149342,0.0,-0.0,0.0,0.9999957367377497,-0.0029200182063250702,[ 0.0053302  -0.00227549 -0.00074337 -0.00227549  0.00264378  0.00091725
 -0.00074337  0.00091725  0.0011513   0.          0.          0.
  0.          0.          0.          0.          0.          0.
  0.          0.          0.          0.          0.          0.
  0.          0.          0.          0.          0.          0.
  0.          0.          0.          0.          0.          0.        ],0.0,0.0,0.0,0.0,0.0,0.0,[0. 0. 0. 0. 0. 0. 0. 0. 0. 0. 0. 0. 0. 0. 0. 0. 0. 0. 0. 0. 0. 0. 0. 0.
 0. 0. 0. 0. 0. 0. 0. 0. 0. 0. 0. 0.]
20.40157699584961,,5.5030548071614245,-5.151480471244766,0.0,-0.0,0.0,0.9999934895986602,-0.00360842906184207,[ 0.00535958 -0.00233225 -0.00075046 -0.00233225  0.00278339  0.00099015
 -0.00075046  0.00099015  0.00122798  0.          0.          0.
  0.          0.          0.          0.          0.          0.
  0.          0.          0.          0.          0.          0.
  0.          0.          0.          0.          0.          0.
  0.          0.          0.          0.          0.          0.        ],0.0,0.0,0.0,0.0,0.0,0.0,[0. 0. 0. 0. 0. 0. 0. 0. 0. 0. 0. 0. 0. 0. 0. 0. 0. 0. 0. 0. 0. 0. 0. 0.
 0. 0. 0. 0. 0. 0. 0. 0. 0. 0. 0. 0.]
20.418994426727295,,5.494988906000401,-5.143292544273717,0.0,-0.0,0.0,0.9999870069015198,-0.0050976492758794964,[ 0.00495958 -0.00223377 -0.00077221 -0.00223377  0.00276564  0.00104071
 -0.00077221  0.00104071  0.00124547  0.          0.          0.
  0.          0.          0.          0.          0.          0.
  0.          0.          0.          0.          0.          0.
  0.          0.          0.          0.          0.          0.
  0.          0.          0.          0.          0.          0.        ],0.0,0.0,0.0,0.0,0.0,0.0,[0. 0. 0. 0. 0. 0. 0. 0. 0. 0. 0. 0. 0. 0. 0. 0. 0. 0. 0. 0. 0. 0. 0. 0.
 0. 0. 0. 0. 0. 0. 0. 0. 0. 0. 0. 0.]
20.43575882911682,,5.4915287874224274,-5.140258960245781,0.0,-0.0,0.0,0.999984219746493,-0.005617851724429119,[ 0.00500441 -0.00214028 -0.00075564 -0.00214028  0.00276372  0.00103074
 -0.00075564  0.00103074  0.00123273  0.          0.          0.
  0.          0.          0.          0.          0.          0.
  0.          0.          0.          0.          0.          0.
  0.          0.          0.          0.          0.          0.
  0.          0.          0.          0.          0.          0.        ],0.0,0.0,0.0,0.0,0.0,0.0,[0. 0. 0. 0. 0. 0. 0. 0. 0. 0. 0. 0. 0. 0. 0. 0. 0. 0. 0. 0. 0. 0. 0. 0.
 0. 0. 0. 0. 0. 0. 0. 0. 0. 0. 0. 0.]
20.456471920013428,,5.492681669417314,-5.141424431915331,0.0,-0.0,0.0,0.9999844843328023,-0.0055705559560525,[ 0.00526449 -0.00222708 -0.00070772 -0.00222708  0.0026508   0.00091302
 -0.00070772  0.00091302  0.00111941  0.          0.          0.
  0.          0.          0.          0.          0.          0.
  0.          0.          0.          0.          0.          0.
  0.          0.          0.          0.          0.          0.
  0.          0.          0.          0.          0.          0.        ],0.0,0.0,0.0,0.0,0.0,0.0,[0. 0. 0. 0. 0. 0. 0. 0. 0. 0. 0. 0. 0. 0. 0. 0. 0. 0. 0. 0. 0. 0. 0. 0.
 0. 0. 0. 0. 0. 0. 0. 0. 0. 0. 0. 0.]
20.485212802886963,,5.490430160316273,-5.140932037008306,0.0,-0.0,0.0,0.9999861728200137,-0.0052587231132358225,[ 0.00496035 -0.00178327 -0.00056032 -0.00178327  0.00220173  0.00080657
 -0.00056032  0.00080657  0.00113213  0.          0.          0.
  0.          0.          0.          0.          0.          0.
  0.          0.          0.          0.          0.          0.
  0.          0.          0.          0.          0.          0.
  0.          0.          0.          0.          0.          0.        ],0.0,0.0,0.0,0.0,0.0,0.0,[0. 0. 0. 0. 0. 0. 0. 0. 0. 0. 0. 0. 0. 0. 0. 0. 0. 0. 0. 0. 0. 0. 0. 0.
 0. 0. 0. 0. 0. 0. 0. 0. 0. 0. 0. 0.]
20.502359867095947,,5.493042871770523,-5.141387224596566,0.0,-0.0,0.0,0.9999813426958915,-0.006108539933740268,[ 0.00532374 -0.00206502 -0.00072013 -0.00206502  0.00231384  0.00084738
 -0.00072013  0.00084738  0.00120176  0.          0.          0.
  0.          0.          0.          0.          0.          0.
  0.          0.          0.          0.          0.          0.
  0.          0.          0.          0.          0.          0.
  0.          0.          0.          0.          0.          0.        ],0.0,0.0,0.0,0.0,0.0,0.0,[0. 0. 0. 0. 0. 0. 0. 0. 0. 0. 0. 0. 0. 0. 0. 0. 0. 0. 0. 0. 0. 0. 0. 0.
 0. 0. 0. 0. 0. 0. 0. 0. 0. 0. 0. 0.]
20.520532608032227,,5.497723175466396,-5.143987900512158,0.0,-0.0,0.0,0.9999832581352199,-0.005786488509457518,[ 0.00570166 -0.00247604 -0.00101585 -0.00247604  0.00275145  0.00101345
 -0.00101585  0.00101345  0.00122445  0.          0.          0.
  0.          0.          0.          0.          0.          0.
  0.          0.          0.          0.          0.          0.
  0.          0.          0.          0.          0.          0.
  0.          0.          0.          0.          0.          0.        ],0.0,0.0,0.0,0.0,0.0,0.0,[0. 0. 0. 0. 0. 0. 0. 0. 0. 0. 0. 0. 0. 0. 0. 0. 0. 0. 0. 0. 0. 0. 0. 0.
 0. 0. 0. 0. 0. 0. 0. 0. 0. 0. 0. 0.]
20.53619885444641,,5.500687608987672,-5.147121246652764,0.0,-0.0,0.0,0.999989466316973,-0.004589907961545916,[ 0.00480747 -0.00207371 -0.00067331 -0.00207371  0.00258856  0.00095998
 -0.00067331  0.00095998  0.00125211  0.          0.          0.
  0.          0.          0.          0.          0.          0.
  0.          0.          0.          0.          0.          0.
  0.          0.          0.          0.          0.          0.
  0.          0.          0.          0.          0.          0.        ],0.0,0.0,0.0,0.0,0.0,0.0,[0. 0. 0. 0. 0. 0. 0. 0. 0. 0. 0. 0. 0. 0. 0. 0. 0. 0. 0. 0. 0. 0. 0. 0.
 0. 0. 0. 0. 0. 0. 0. 0. 0. 0. 0. 0.]
20.554792881011963,,5.499617000318073,-5.146194388188134,0.0,-0.0,0.0,0.9999852267545474,-0.005435648319802454,[ 0.00432172 -0.00171284 -0.00066913 -0.00171284  0.00238884  0.00084507
 -0.00066913  0.00084507  0.00113538  0.          0.          0.
  0.          0.          0.          0.          0.          0.
  0.          0.          0.          0.          0.          0.
  0.          0.          0.          0.          0.          0.
  0.          0.          0.          0.          0.          0.        ],0.0,0.0,0.0,0.0,0.0,0.0,[0. 0. 0. 0. 0. 0. 0. 0. 0. 0. 0. 0. 0. 0. 0. 0. 0. 0. 0. 0. 0. 0. 0. 0.
 0. 0. 0. 0. 0. 0. 0. 0. 0. 0. 0. 0.]
20.57874321937561,,5.493503618094194,-5.141420132624236,0.0,-0.0,0.0,0.9999854630534804,-0.005392001642843918,[ 0.00493096 -0.00204744 -0.00076071 -0.00204744  0.0024909   0.00088675
 -0.00076071  0.00088675  0.00116472  0.          0.          0.
  0.          0.          0.          0.          0.          0.
  0.          0.          0.          0.          0.          0.
  0.          0.          0.          0.          0.          0.
  0.          0.          0.          0.          0.          0.        ],0.0,0.0,0.0,0.0,0.0,0.0,[0. 0. 0. 0. 0. 0. 0. 0. 0. 0. 0. 0. 0. 0. 0. 0. 0. 0. 0. 0. 0. 0. 0. 0.
 0. 0. 0. 0. 0. 0. 0. 0. 0. 0. 0. 0.]
20.600759029388428,,5.492147263823147,-5.140825782433104,0.0,-0.0,0.0,0.9999835608615047,-0.005733934665236878,[ 0.0048977  -0.00204363 -0.00077021 -0.00204363  0.00232538  0.00081168
 -0.00077021  0.00081168  0.0010442   0.          0.          0.
  0.          0.          0.          0.          0.          0.
  0.          0.          0.          0.          0.          0.
  0.          0.          0.          0.          0.          0.
  0.          0.          0.          0.          0.          0.        ],0.0,0.0,0.0,0.0,0.0,0.0,[0. 0. 0. 0. 0. 0. 0. 0. 0. 0. 0. 0. 0. 0. 0. 0. 0. 0. 0. 0. 0. 0. 0. 0.
 0. 0. 0. 0. 0. 0. 0. 0. 0. 0. 0. 0.]
20.614842653274536,,5.490414094692988,-5.142123915095568,0.0,-0.0,0.0,0.9999848743401347,-0.005500099175927119,[ 0.00515409 -0.00239127 -0.00079475 -0.00239127  0.00258769  0.00091066
 -0.00079475  0.00091066  0.00115476  0.          0.          0.
  0.          0.          0.          0.          0.          0.
  0.          0.          0.          0.          0.          0.
  0.          0.          0.          0.          0.          0.
  0.          0.          0.          0.          0.          0.        ],0.0,0.0,0.0,0.0,0.0,0.0,[0. 0. 0. 0. 0. 0. 0. 0. 0. 0. 0. 0. 0. 0. 0. 0. 0. 0. 0. 0. 0. 0. 0. 0.
 0. 0. 0. 0. 0. 0. 0. 0. 0. 0. 0. 0.]
