time,child_frame_id,pose.pose.position.x,pose.pose.position.y,pose.pose.position.z,pose.pose.orientation.x,pose.pose.orientation.y,pose.pose.orientation.z,pose.pose.orientation.w,pose.covariance,twist.twist.linear.x,twist.twist.linear.y,twist.twist.linear.z,twist.twist.angular.x,twist.twist.angular.y,twist.twist.angular.z,twist.covariance
0.4011709690093994,,4.955346760505597,-4.943815603258299,0.0,0.0,-0.0,-0.9999545667431339,-0.009532284592449355,[ 0.00498632 -0.00198635 -0.00086017 -0.00198635  0.00172671  0.00074947
 -0.00086017  0.00074947  0.00114709  0.          0.          0.
  0.          0.          0.          0.          0.          0.
  0.          0.          0.          0.          0.          0.
  0.          0.          0.          0.          0.          0.
  0.          0.          0.          0.          0.          0.        ],0.0,0.0,0.0,0.0,0.0,0.0,[0. 0. 0. 0. 0. 0. 0. 0. 0. 0. 0. 0. 0. 0. 0. 0. 0. 0. 0. 0. 0. 0. 0. 0.
 0. 0. 0. 0. 0. 0. 0. 0. 0. 0. 0. 0.]
0.4491918087005615,,4.948575070782638,-4.940390702400152,0.0,0.0,-0.0,-0.9999576575492081,-0.009202342565923897,[ 0.00465378 -0.00196564 -0.00071681 -0.00196564  0.00174528  0.00065769
 -0.00071681  0.00065769  0.00106418  0.          0.          0.
  0.          0.          0.          0.          0.          0.
  0.          0.          0.          0.          0.          0.
  0.          0.          0.          0.          0.          0.
  0.          0.          0.          0.          0.          0.        ],0.0,0.0,0.0,0.0,0.0,0.0,[0. 0. 0. 0. 0. 0. 0. 0. 0. 0. 0. 0. 0. 0. 0. 0. 0. 0. 0. 0. 0. 0. 0. 0.
 0. 0. 0. 0. 0. 0. 0. 0. 0. 0. 0. 0.]
0.4905731678009033,,4.9553660446619165,-4.943223274875456,0.0,0.0,-0.0,-0.9999531773006709,-0.009676941990784081,[ 0.00466391 -0.00185984 -0.00078609 -0.00185984  0.00165509  0.00064637
 -0.00078609  0.00064637  0.00109641  0.          0.          0.
  0.          0.          0.          0.          0.          0.
  0.          0.          0.          0.          0.          0.
  0.          0.          0.          0.          0.          0.
  0.          0.          0.          0.          0.          0.        ],0.0,0.0,0.0,0.0,0.0,0.0,[0. 0. 0. 0. 0. 0. 0. 0. 0. 0. 0. 0. 0. 0. 0. 0. 0. 0. 0. 0. 0. 0. 0. 0.
 0. 0. 0. 0. 0. 0. 0. 0. 0. 0. 0. 0.]
0.5287981033325195,,4.952759361737214,-4.942384939977147,0.0,0.0,-0.0,-0.999955828382519,-0.009399004406332854,[ 0.00441551 -0.00183583 -0.00071677 -0.00183583  0.00167336  0.00067646
 -0.00071677  0.00067646  0.00107383  0.          0.          0.
  0.          0.          0.          0.          0.          0.
  0.          0.          0.          0.          0.          0.
  0.          0.          0.          0.          0.          0.
  0.          0.          0.          0.          0.          0.        ],0.0,0.0,0.0,0.0,0.0,0.0,[0. 0. 0. 0. 0. 0. 0. 0. 0. 0. 0. 0. 0. 0. 0. 0. 0. 0. 0. 0. 0. 0. 0. 0.
 0. 0. 0. 0. 0. 0. 0. 0. 0. 0. 0. 0.]
0.5629775524139404,,4.949455389021855,-4.9415356169365126,0.0,0.0,-0.0,-0.9999518385990919,-0.00981429988821159,[ 0.00471104 -0.00181409 -0.00073689 -0.00181409  0.00163707  0.00064814
 -0.00073689  0.00064814  0.00111027  0.          0.          0.
  0.          0.          0.          0.          0.          0.
  0.          0.          0.          0.          0.          0.
  0.          0.          0.          0.          0.          0.
  0.          0.          0.          0.          0.          0.        ],0.0,0.0,0.0,0.0,0.0,0.0,[0. 0. 0. 0. 0. 0. 0. 0. 0. 0. 0. 0. 0. 0. 0. 0. 0. 0. 0. 0. 0. 0. 0. 0.
 0. 0. 0. 0. 0. 0. 0. 0. 0. 0. 0. 0.]
0.5779831409454346,,4.954118864181161,-4.943090730233509,0.0,0.0,-0.0,-0.9999521269694132,-0.009784874518690465,[ 0.00481217 -0.00192291 -0.00069507 -0.00192291  0.0017483   0.00064603
 -0.00069507  0.00064603  0.00108779  0.          0.          0.
  0.          0.          0.          0.          0.          0.
  0.          0.          0.          0.          0.          0.
  0.          0.          0.          0.          0.          0.
  0.          0.          0.          0.          0.          0.        ],0.0,0.0,0.0,0.0,0.0,0.0,[0. 0. 0. 0. 0. 0. 0. 0. 0. 0. 0. 0. 0. 0. 0. 0. 0. 0. 0. 0. 0. 0. 0. 0.
 0. 0. 0. 0. 0. 0. 0. 0. 0. 0. 0. 0.]
0.6108987331390381,,4.951534446601853,-4.9419975204827,0.0,0.0,-0.0,-0.9999545969718776,-0.009529113012751961,[ 0.00516974 -0.00213805 -0.00073434 -0.00213805  0.00190257  0.00072197
 -0.00073434  0.00072197  0.00114723  0.          0.          0.
  0.          0.          0.          0.          0.          0.
  0.          0.          0.          0.          0.          0.
  0.          0.          0.          0.          0.          0.
  0.          0.          0.          0.          0.          0.        ],0.0,0.0,0.0,0.0,0.0,0.0,[0. 0. 0. 0. 0. 0. 0. 0. 0. 0. 0. 0. 0. 0. 0. 0. 0. 0. 0. 0. 0. 0. 0. 0.
 0. 0. 0. 0. 0. 0. 0. 0. 0. 0. 0. 0.]
0.6289186477661133,,4.946777898661139,-4.939639756038064,0.0,0.0,-0.0,-0.9999675651512357,-0.008054107368855442,[ 0.00522159 -0.00226045 -0.00089927 -0.00226045  0.00197138  0.00079275
 -0.00089927  0.00079275  0.00119085  0.          0.          0.
  0.          0.          0.          0.          0.          0.
  0.          0.          0.          0.          0.          0.
  0.          0.          0.          0.          0.          0.
  0.          0.          0.          0.          0.          0.        ],0.0,0.0,0.0,0.0,0.0,0.0,[0. 0. 0. 0. 0. 0. 0. 0. 0. 0. 0. 0. 0. 0. 0. 0. 0. 0. 0. 0. 0. 0. 0. 0.
 0. 0. 0. 0. 0. 0. 0. 0. 0. 0. 0. 0.]
0.6459522247314453,,4.948284248314477,-4.938415301019249,0.0,0.0,-0.0,-0.999973350769025,-0.007300530923733144,[ 0.00503052 -0.00217527 -0.00084365 -0.00217527  0.00192429  0.00078733
 -0.00084365  0.00078733  0.00109621  0.          0.          0.
  0.          0.          0.          0.          0.          0.
  0.          0.          0.          0.          0.          0.
  0.          0.          0.          0.          0.          0.
  0.          0.          0.          0.          0.          0.        ],0.0,0.0,0.0,0.0,0.0,0.0,[0. 0. 0. 0. 0. 0. 0. 0. 0. 0. 0. 0. 0. 0. 0. 0. 0. 0. 0. 0. 0. 0. 0. 0.
 0. 0. 0. 0. 0. 0. 0. 0. 0. 0. 0. 0.]
0.6584987640380859,,4.946895878110613,-4.938267021535952,0.0,0.0,-0.0,-0.9999609187877575,-0.008840865180735822,[ 0.00557406 -0.00248458 -0.00087682 -0.00248458  0.00211333  0.000741
 -0.00087682  0.000741    0.00108943  0.          0.          0.
  0.          0.          0.          0.          0.          0.
  0.          0.          0.          0.          0.          0.
  0.          0.          0.          0.          0.          0.
  0.          0.          0.          0.          0.          0.        ],0.0,0.0,0.0,0.0,0.0,0.0,[0. 0. 0. 0. 0. 0. 0. 0. 0. 0. 0. 0. 0. 0. 0. 0. 0. 0. 0. 0. 0. 0. 0. 0.
 0. 0. 0. 0. 0. 0. 0. 0. 0. 0. 0. 0.]
0.6741206645965576,,4.943137596754173,-4.937695733591763,0.0,0.0,-0.0,-0.9999594935992435,-0.009000620019998056,[ 0.00537423 -0.00248612 -0.00096914 -0.00248612  0.00212296  0.00084906
 -0.00096914  0.00084906  0.00116817  0.          0.          0.
  0.          0.          0.          0.          0.          0.
  0.          0.          0.          0.          0.          0.
  0.          0.          0.          0.          0.          0.
  0.          0.          0.          0.          0.          0.        ],0.0,0.0,0.0,0.0,0.0,0.0,[0. 0. 0. 0. 0. 0. 0. 0. 0. 0. 0. 0. 0. 0. 0. 0. 0. 0. 0. 0. 0. 0. 0. 0.
 0. 0. 0. 0. 0. 0. 0. 0. 0. 0. 0. 0.]
0.6957252025604248,,4.944303172143397,-4.938797384178273,0.0,0.0,-0.0,-0.999958592570515,-0.009100172767308004,[ 0.00499615 -0.00218122 -0.00086219 -0.00218122  0.0018736   0.00072749
 -0.00086219  0.00072749  0.00110009  0.          0.          0.
  0.          0.          0.          0.          0.          0.
  0.          0.          0.          0.          0.          0.
  0.          0.          0.          0.          0.          0.
  0.          0.          0.          0.          0.          0.        ],0.0,0.0,0.0,0.0,0.0,0.0,[0. 0. 0. 0. 0. 0. 0. 0. 0. 0. 0. 0. 0. 0. 0. 0. 0. 0. 0. 0. 0. 0. 0. 0.
 0. 0. 0. 0. 0. 0. 0. 0. 0. 0. 0. 0.]
0.7136058807373047,,4.948032076869627,-4.939170972200256,0.0,0.0,-0.0,-0.9999603995965614,-0.008899395411220166,[ 0.00497693 -0.00197403 -0.00068166 -0.00197403  0.00175626  0.00062149
 -0.00068166  0.00062149  0.0010464   0.          0.          0.
  0.          0.          0.          0.          0.          0.
  0.          0.          0.          0.          0.          0.
  0.          0.          0.          0.          0.          0.
  0.          0.          0.          0.          0.          0.        ],0.0,0.0,0.0,0.0,0.0,0.0,[0. 0. 0. 0. 0. 0. 0. 0. 0. 0. 0. 0. 0. 0. 0. 0. 0. 0. 0. 0. 0. 0. 0. 0.
 0. 0. 0. 0. 0. 0. 0. 0. 0. 0. 0. 0.]
0.7463932037353516,,4.948615551362322,-4.940266775600167,0.0,0.0,-0.0,-0.9999676903574687,-0.008038547203924211,[ 0.00460048 -0.001776   -0.00067128 -0.001776    0.00159209  0.00064119
 -0.00067128  0.00064119  0.00110711  0.          0.          0.
  0.          0.          0.          0.          0.          0.
  0.          0.          0.          0.          0.          0.
  0.          0.          0.          0.          0.          0.
  0.          0.          0.          0.          0.          0.        ],0.0,0.0,0.0,0.0,0.0,0.0,[0. 0. 0. 0. 0. 0. 0. 0. 0. 0. 0. 0. 0. 0. 0. 0. 0. 0. 0. 0. 0. 0. 0. 0.
 0. 0. 0. 0. 0. 0. 0. 0. 0. 0. 0. 0.]
0.7673587799072266,,4.948935216192159,-4.940756869018119,0.0,0.0,-0.0,-0.9999662177457767,-0.008219693863277302,[ 0.00520521 -0.00211089 -0.00086054 -0.00211089  0.00181482  0.00074046
 -0.00086054  0.00074046  0.00111407  0.          0.          0.
  0.          0.          0.          0.          0.          0.
  0.          0.          0.          0.          0.          0.
  0.          0.          0.          0.          0.          0.
  0.          0.          0.          0.          0.          0.        ],0.0,0.0,0.0,0.0,0.0,0.0,[0. 0. 0. 0. 0. 0. 0. 0. 0. 0. 0. 0. 0. 0. 0. 0. 0. 0. 0. 0. 0. 0. 0. 0.
 0. 0. 0. 0. 0. 0. 0. 0. 0. 0. 0. 0.]
0.7885403633117676,,4.949866776890473,-4.938276207504037,0.0,0.0,-0.0,-0.9999637389633146,-0.008515912077288907,[ 0.00512794 -0.00209043 -0.00083267 -0.00209043  0.00184973  0.00075271
 -0.00083267  0.00075271  0.00116869  0.          0.          0.
  0.          0.          0.          0.          0.          0.
  0.          0.          0.          0.          0.          0.
  0.          0.          0.          0.          0.          0.
  0.          0.          0.          0.          0.          0.        ],0.0,0.0,0.0,0.0,0.0,0.0,[0. 0. 0. 0. 0. 0. 0. 0. 0. 0. 0. 0. 0. 0. 0. 0. 0. 0. 0. 0. 0. 0. 0. 0.
 0. 0. 0. 0. 0. 0. 0. 0. 0. 0. 0. 0.]
0.8241679668426514,,4.949876200228027,-4.939020810042951,0.0,0.0,-0.0,-0.9999527891331274,-0.009716969943312653,[ 0.00490647 -0.00203015 -0.00067834 -0.00203015  0.00177862  0.0006716
 -0.00067834  0.0006716   0.00105242  0.          0.          0.
  0.          0.          0.          0.          0.          0.
  0.          0.          0.          0.          0.          0.
  0.          0.          0.          0.          0.          0.
  0.          0.          0.          0.          0.          0.        ],0.0,0.0,0.0,0.0,0.0,0.0,[0. 0. 0. 0. 0. 0. 0. 0. 0. 0. 0. 0. 0. 0. 0. 0. 0. 0. 0. 0. 0. 0. 0. 0.
 0. 0. 0. 0. 0. 0. 0. 0. 0. 0. 0. 0.]
0.8433706760406494,,4.950024719818371,-4.939544324089961,0.0,0.0,-0.0,-0.999957253183206,-0.009246177929153715,[ 0.00461779 -0.00196517 -0.00069838 -0.00196517  0.00175872  0.0006578
 -0.00069838  0.0006578   0.0010986   0.          0.          0.
  0.          0.          0.          0.          0.          0.
  0.          0.          0.          0.          0.          0.
  0.          0.          0.          0.          0.          0.
  0.          0.          0.          0.          0.          0.        ],0.0,0.0,0.0,0.0,0.0,0.0,[0. 0. 0. 0. 0. 0. 0. 0. 0. 0. 0. 0. 0. 0. 0. 0. 0. 0. 0. 0. 0. 0. 0. 0.
 0. 0. 0. 0. 0. 0. 0. 0. 0. 0. 0. 0.]
0.8598644733428955,,4.948081647939888,-4.93833062350015,0.0,0.0,-0.0,-0.9999634213752313,-0.008553122911638615,[ 0.00430588 -0.00177568 -0.0006765  -0.00177568  0.00167053  0.00063496
 -0.0006765   0.00063496  0.00102742  0.          0.          0.
  0.          0.          0.          0.          0.          0.
  0.          0.          0.          0.          0.          0.
  0.          0.          0.          0.          0.          0.
  0.          0.          0.          0.          0.          0.        ],0.0,0.0,0.0,0.0,0.0,0.0,[0. 0. 0. 0. 0. 0. 0. 0. 0. 0. 0. 0. 0. 0. 0. 0. 0. 0. 0. 0. 0. 0. 0. 0.
 0. 0. 0. 0. 0. 0. 0. 0. 0. 0. 0. 0.]
0.9031126499176025,,4.948459098619643,-4.937828180342518,0.0,0.0,-0.0,-0.9999617805467212,-0.00874285112711217,[ 0.00454543 -0.00171956 -0.00063507 -0.00171956  0.00146551  0.00061215
 -0.00063507  0.00061215  0.00104423  0.          0.          0.
  0.          0.          0.          0.          0.          0.
  0.          0.          0.          0.          0.          0.
  0.          0.          0.          0.          0.          0.
  0.          0.          0.          0.          0.          0.        ],0.0,0.0,0.0,0.0,0.0,0.0,[0. 0. 0. 0. 0. 0. 0. 0. 0. 0. 0. 0. 0. 0. 0. 0. 0. 0. 0. 0. 0. 0. 0. 0.
 0. 0. 0. 0. 0. 0. 0. 0. 0. 0. 0. 0.]
0.9252171516418457,,4.9458995404703705,-4.9364727889889535,0.0,0.0,-0.0,-0.9999593233984829,-0.00901950932413422,[ 0.0044106  -0.00159997 -0.00058996 -0.00159997  0.00138802  0.00054999
 -0.00058996  0.00054999  0.00104321  0.          0.          0.
  0.          0.          0.          0.          0.          0.
  0.          0.          0.          0.          0.          0.
  0.          0.          0.          0.          0.          0.
  0.          0.          0.          0.          0.          0.        ],0.0,0.0,0.0,0.0,0.0,0.0,[0. 0. 0. 0. 0. 0. 0. 0. 0. 0. 0. 0. 0. 0. 0. 0. 0. 0. 0. 0. 0. 0. 0. 0.
 0. 0. 0. 0. 0. 0. 0. 0. 0. 0. 0. 0.]
0.9534311294555664,,4.943035934100622,-4.9362429253021975,0.0,0.0,-0.0,-0.9999665746805069,-0.008176155681876693,[ 0.0046538  -0.00175697 -0.00071799 -0.00175697  0.00146625  0.00058724
 -0.00071799  0.00058724  0.00104895  0.          0.          0.
  0.          0.          0.          0.          0.          0.
  0.          0.          0.          0.          0.          0.
  0.          0.          0.          0.          0.          0.
  0.          0.          0.          0.          0.          0.        ],0.0,0.0,0.0,0.0,0.0,0.0,[0. 0. 0. 0. 0. 0. 0. 0. 0. 0. 0. 0. 0. 0. 0. 0. 0. 0. 0. 0. 0. 0. 0. 0.
 0. 0. 0. 0. 0. 0. 0. 0. 0. 0. 0. 0.]
0.9946415424346924,,4.941282121082065,-4.933812561235512,0.0,0.0,-0.0,-0.9999676729177939,-0.008040716346944365,[ 0.00442338 -0.00163151 -0.00064956 -0.00163151  0.00153416  0.00057074
 -0.00064956  0.00057074  0.00103039  0.          0.          0.
  0.          0.          0.          0.          0.          0.
  0.          0.          0.          0.          0.          0.
  0.          0.          0.          0.          0.          0.
  0.          0.          0.          0.          0.          0.        ],0.0,0.0,0.0,0.0,0.0,0.0,[0. 0. 0. 0. 0. 0. 0. 0. 0. 0. 0. 0. 0. 0. 0. 0. 0. 0. 0. 0. 0. 0. 0. 0.
 0. 0. 0. 0. 0. 0. 0. 0. 0. 0. 0. 0.]
1.0166683197021484,,4.9410312696369,-4.935104106912308,0.0,0.0,-0.0,-0.9999759798890941,-0.006931063760061063,[ 0.00498745 -0.00187213 -0.00063644 -0.00187213  0.00164572  0.00061046
 -0.00063644  0.00061046  0.00109654  0.          0.          0.
  0.          0.          0.          0.          0.          0.
  0.          0.          0.          0.          0.          0.
  0.          0.          0.          0.          0.          0.
  0.          0.          0.          0.          0.          0.        ],0.0,0.0,0.0,0.0,0.0,0.0,[0. 0. 0. 0. 0. 0. 0. 0. 0. 0. 0. 0. 0. 0. 0. 0. 0. 0. 0. 0. 0. 0. 0. 0.
 0. 0. 0. 0. 0. 0. 0. 0. 0. 0. 0. 0.]
1.0438885688781738,,4.951382878429488,-4.939678193206376,0.0,0.0,-0.0,-0.999958450556587,-0.009115764393051723,[ 0.00462351 -0.00181097 -0.00063855 -0.00181097  0.00168149  0.00064282
 -0.00063855  0.00064282  0.00112519  0.          0.          0.
  0.          0.          0.          0.          0.          0.
  0.          0.          0.          0.          0.          0.
  0.          0.          0.          0.          0.          0.
  0.          0.          0.          0.          0.          0.        ],0.0,0.0,0.0,0.0,0.0,0.0,[0. 0. 0. 0. 0. 0. 0. 0. 0. 0. 0. 0. 0. 0. 0. 0. 0. 0. 0. 0. 0. 0. 0. 0.
 0. 0. 0. 0. 0. 0. 0. 0. 0. 0. 0. 0.]
1.0733973979949951,,4.952197411935201,-4.940077440611342,0.0,0.0,-0.0,-0.9999630560035516,-0.008595733129755556,[ 0.00468843 -0.00189771 -0.00071961 -0.00189771  0.00171341  0.00069932
 -0.00071961  0.00069932  0.00112769  0.          0.          0.
  0.          0.          0.          0.          0.          0.
  0.          0.          0.          0.          0.          0.
  0.          0.          0.          0.          0.          0.
  0.          0.          0.          0.          0.          0.        ],0.0,0.0,0.0,0.0,0.0,0.0,[0. 0. 0. 0. 0. 0. 0. 0. 0. 0. 0. 0. 0. 0. 0. 0. 0. 0. 0. 0. 0. 0. 0. 0.
 0. 0. 0. 0. 0. 0. 0. 0. 0. 0. 0. 0.]
1.1092548370361328,,4.952982461819338,-4.942404294989353,0.0,0.0,-0.0,-0.999951725576043,-0.009825808745039974,[ 0.00465736 -0.00189502 -0.00074772 -0.00189502  0.00180341  0.00074325
 -0.00074772  0.00074325  0.00115052  0.          0.          0.
  0.          0.          0.          0.          0.          0.
  0.          0.          0.          0.          0.          0.
  0.          0.          0.          0.          0.          0.
  0.          0.          0.          0.          0.          0.        ],0.0,0.0,0.0,0.0,0.0,0.0,[0. 0. 0. 0. 0. 0. 0. 0. 0. 0. 0. 0. 0. 0. 0. 0. 0. 0. 0. 0. 0. 0. 0. 0.
 0. 0. 0. 0. 0. 0. 0. 0. 0. 0. 0. 0.]
1.1384484767913818,,4.95044266920866,-4.942877930978744,0.0,0.0,-0.0,-0.999953943264256,-0.00959746582515528,[ 0.00514701 -0.00215734 -0.00082561 -0.00215734  0.00192865  0.00076689
 -0.00082561  0.00076689  0.00116892  0.          0.          0.
  0.          0.          0.          0.          0.          0.
  0.          0.          0.          0.          0.          0.
  0.          0.          0.          0.          0.          0.
  0.          0.          0.          0.          0.          0.        ],0.0,0.0,0.0,0.0,0.0,0.0,[0. 0. 0. 0. 0. 0. 0. 0. 0. 0. 0. 0. 0. 0. 0. 0. 0. 0. 0. 0. 0. 0. 0. 0.
 0. 0. 0. 0. 0. 0. 0. 0. 0. 0. 0. 0.]
1.1709914207458496,,4.946677900075908,-4.9396842376636485,0.0,0.0,-0.0,-0.9999554167359229,-0.009442697733519625,[ 0.00541205 -0.0022982  -0.0008643  -0.0022982   0.00196666  0.00074451
 -0.0008643   0.00074451  0.00110603  0.          0.          0.
  0.          0.          0.          0.          0.          0.
  0.          0.          0.          0.          0.          0.
  0.          0.          0.          0.          0.          0.
  0.          0.          0.          0.          0.          0.        ],0.0,0.0,0.0,0.0,0.0,0.0,[0. 0. 0. 0. 0. 0. 0. 0. 0. 0. 0. 0. 0. 0. 0. 0. 0. 0. 0. 0. 0. 0. 0. 0.
 0. 0. 0. 0. 0. 0. 0. 0. 0. 0. 0. 0.]
1.1883785724639893,,4.94880445373267,-4.939953933552928,0.0,0.0,-0.0,-0.9999644847612852,-0.00842788325128975,[ 0.0056692  -0.00254729 -0.00108751 -0.00254729  0.00214462  0.00091567
 -0.00108751  0.00091567  0.00121908  0.          0.          0.
  0.          0.          0.          0.          0.          0.
  0.          0.          0.          0.          0.          0.
  0.          0.          0.          0.          0.          0.
  0.          0.          0.          0.          0.          0.        ],0.0,0.0,0.0,0.0,0.0,0.0,[0. 0. 0. 0. 0. 0. 0. 0. 0. 0. 0. 0. 0. 0. 0. 0. 0. 0. 0. 0. 0. 0. 0. 0.
 0. 0. 0. 0. 0. 0. 0. 0. 0. 0. 0. 0.]
1.2136352062225342,,4.951754205782805,-4.941692140909438,0.0,0.0,-0.0,-0.9999552300818587,-0.009462443232954847,[ 0.00493686 -0.00194163 -0.00083933 -0.00194163  0.00163996  0.0006861
 -0.00083933  0.0006861   0.00113048  0.          0.          0.
  0.          0.          0.          0.          0.          0.
  0.          0.          0.          0.          0.          0.
  0.          0.          0.          0.          0.          0.
  0.          0.          0.          0.          0.          0.        ],0.0,0.0,0.0,0.0,0.0,0.0,[0. 0. 0. 0. 0. 0. 0. 0. 0. 0. 0. 0. 0. 0. 0. 0. 0. 0. 0. 0. 0. 0. 0. 0.
 0. 0. 0. 0. 0. 0. 0. 0. 0. 0. 0. 0.]
1.2304835319519043,,4.944204464680125,-4.938920904010951,0.0,0.0,-0.0,-0.9999617647423953,-0.008744658556774938,[ 0.00452057 -0.00178243 -0.00070902 -0.00178243  0.00155092  0.00063069
 -0.00070902  0.00063069  0.00106458  0.          0.          0.
  0.          0.          0.          0.          0.          0.
  0.          0.          0.          0.          0.          0.
  0.          0.          0.          0.          0.          0.
  0.          0.          0.          0.          0.          0.        ],0.0,0.0,0.0,0.0,0.0,0.0,[0. 0. 0. 0. 0. 0. 0. 0. 0. 0. 0. 0. 0. 0. 0. 0. 0. 0. 0. 0. 0. 0. 0. 0.
 0. 0. 0. 0. 0. 0. 0. 0. 0. 0. 0. 0.]
1.2483720779418945,,4.942264641572596,-4.93769718885821,0.0,0.0,-0.0,-0.9999625041349474,-0.008659695385258176,[ 0.00481303 -0.00185897 -0.00063992 -0.00185897  0.0015084   0.0006286
 -0.00063992  0.0006286   0.00108308  0.          0.          0.
  0.          0.          0.          0.          0.          0.
  0.          0.          0.          0.          0.          0.
  0.          0.          0.          0.          0.          0.
  0.          0.          0.          0.          0.          0.        ],0.0,0.0,0.0,0.0,0.0,0.0,[0. 0. 0. 0. 0. 0. 0. 0. 0. 0. 0. 0. 0. 0. 0. 0. 0. 0. 0. 0. 0. 0. 0. 0.
 0. 0. 0. 0. 0. 0. 0. 0. 0. 0. 0. 0.]
1.262904167175293,,4.94352389072556,-4.9368767712390165,0.0,0.0,-0.0,-0.9999670475595134,-0.00811811524368903,[ 0.00456095 -0.00172848 -0.00067426 -0.00172848  0.00147648  0.00056883
 -0.00067426  0.00056883  0.00108782  0.          0.          0.
  0.          0.          0.          0.          0.          0.
  0.          0.          0.          0.          0.          0.
  0.          0.          0.          0.          0.          0.
  0.          0.          0.          0.          0.          0.        ],0.0,0.0,0.0,0.0,0.0,0.0,[0. 0. 0. 0. 0. 0. 0. 0. 0. 0. 0. 0. 0. 0. 0. 0. 0. 0. 0. 0. 0. 0. 0. 0.
 0. 0. 0. 0. 0. 0. 0. 0. 0. 0. 0. 0.]
1.2784628868103027,,4.942464651909048,-4.937777270963566,0.0,0.0,-0.0,-0.9999615892953306,-0.008764698166882893,[ 0.00456196 -0.00178257 -0.00068558 -0.00178257  0.00164639  0.00067013
 -0.00068558  0.00067013  0.0011002   0.          0.          0.
  0.          0.          0.          0.          0.          0.
  0.          0.          0.          0.          0.          0.
  0.          0.          0.          0.          0.          0.
  0.          0.          0.          0.          0.          0.        ],0.0,0.0,0.0,0.0,0.0,0.0,[0. 0. 0. 0. 0. 0. 0. 0. 0. 0. 0. 0. 0. 0. 0. 0. 0. 0. 0. 0. 0. 0. 0. 0.
 0. 0. 0. 0. 0. 0. 0. 0. 0. 0. 0. 0.]
1.3030900955200195,,4.947729387537381,-4.939840649898771,0.0,0.0,-0.0,-0.999944852027746,-0.010502042811243959,[ 0.00434327 -0.00160199 -0.00060743 -0.00160199  0.00152347  0.00062734
 -0.00060743  0.00062734  0.0011288   0.          0.          0.
  0.          0.          0.          0.          0.          0.
  0.          0.          0.          0.          0.          0.
  0.          0.          0.          0.          0.          0.
  0.          0.          0.          0.          0.          0.        ],0.0,0.0,0.0,0.0,0.0,0.0,[0. 0. 0. 0. 0. 0. 0. 0. 0. 0. 0. 0. 0. 0. 0. 0. 0. 0. 0. 0. 0. 0. 0. 0.
 0. 0. 0. 0. 0. 0. 0. 0. 0. 0. 0. 0.]
1.3206379413604736,,4.945564687239049,-4.939563655519655,0.0,0.0,-0.0,-0.9999592164856442,-0.009031354572630951,[ 0.00466615 -0.00168408 -0.00063744 -0.00168408  0.00152093  0.00055164
 -0.00063744  0.00055164  0.00105517  0.          0.          0.
  0.          0.          0.          0.          0.          0.
  0.          0.          0.          0.          0.          0.
  0.          0.          0.          0.          0.          0.
  0.          0.          0.          0.          0.          0.        ],0.0,0.0,0.0,0.0,0.0,0.0,[0. 0. 0. 0. 0. 0. 0. 0. 0. 0. 0. 0. 0. 0. 0. 0. 0. 0. 0. 0. 0. 0. 0. 0.
 0. 0. 0. 0. 0. 0. 0. 0. 0. 0. 0. 0.]
1.3490869998931885,,4.947042162287085,-4.939808397361713,0.0,0.0,-0.0,-0.9999452924715817,-0.01046002217602028,[ 0.00451308 -0.00170788 -0.00076927 -0.00170788  0.00157632  0.00067326
 -0.00076927  0.00067326  0.00111895  0.          0.          0.
  0.          0.          0.          0.          0.          0.
  0.          0.          0.          0.          0.          0.
  0.          0.          0.          0.          0.          0.
  0.          0.          0.          0.          0.          0.        ],0.0,0.0,0.0,0.0,0.0,0.0,[0. 0. 0. 0. 0. 0. 0. 0. 0. 0. 0. 0. 0. 0. 0. 0. 0. 0. 0. 0. 0. 0. 0. 0.
 0. 0. 0. 0. 0. 0. 0. 0. 0. 0. 0. 0.]
1.3703184127807617,,4.946257265398579,-4.937356736294574,0.0,0.0,-0.0,-0.9999664063090965,-0.008196722105269122,[ 0.00457116 -0.00181716 -0.00067723 -0.00181716  0.00163284  0.00062953
 -0.00067723  0.00062953  0.00111125  0.          0.          0.
  0.          0.          0.          0.          0.          0.
  0.          0.          0.          0.          0.          0.
  0.          0.          0.          0.          0.          0.
  0.          0.          0.          0.          0.          0.        ],0.0,0.0,0.0,0.0,0.0,0.0,[0. 0. 0. 0. 0. 0. 0. 0. 0. 0. 0. 0. 0. 0. 0. 0. 0. 0. 0. 0. 0. 0. 0. 0.
 0. 0. 0. 0. 0. 0. 0. 0. 0. 0. 0. 0.]
1.3957078456878662,,4.94640708291518,-4.937511002363465,0.0,0.0,-0.0,-0.9999623666030356,-0.008675562094538248,[ 0.00469363 -0.00184373 -0.00070466 -0.00184373  0.00169493  0.00067355
 -0.00070466  0.00067355  0.00112146  0.          0.          0.
  0.          0.          0.          0.          0.          0.
  0.          0.          0.          0.          0.          0.
  0.          0.          0.          0.          0.          0.
  0.          0.          0.          0.          0.          0.        ],0.0,0.0,0.0,0.0,0.0,0.0,[0. 0. 0. 0. 0. 0. 0. 0. 0. 0. 0. 0. 0. 0. 0. 0. 0. 0. 0. 0. 0. 0. 0. 0.
 0. 0. 0. 0. 0. 0. 0. 0. 0. 0. 0. 0.]
1.417421817779541,,4.94586504029482,-4.937719492104054,0.0,0.0,-0.0,-0.9999657408111342,-0.008277511947406696,[ 0.00480744 -0.0019118  -0.00077324 -0.0019118   0.00175938  0.00067164
 -0.00077324  0.00067164  0.00107486  0.          0.          0.
  0.          0.          0.          0.          0.          0.
  0.          0.          0.          0.          0.          0.
  0.          0.          0.          0.          0.          0.
  0.          0.          0.          0.          0.          0.        ],0.0,0.0,0.0,0.0,0.0,0.0,[0. 0. 0. 0. 0. 0. 0. 0. 0. 0. 0. 0. 0. 0. 0. 0. 0. 0. 0. 0. 0. 0. 0. 0.
 0. 0. 0. 0. 0. 0. 0. 0. 0. 0. 0. 0.]
1.4337694644927979,,4.94603798335166,-4.939590438446109,0.0,0.0,-0.0,-0.9999604307074906,-0.008895899015271895,[ 0.00502845 -0.00202169 -0.00082965 -0.00202169  0.00175251  0.00068797
 -0.00082965  0.00068797  0.00111228  0.          0.          0.
  0.          0.          0.          0.          0.          0.
  0.          0.          0.          0.          0.          0.
  0.          0.          0.          0.          0.          0.
  0.          0.          0.          0.          0.          0.        ],0.0,0.0,0.0,0.0,0.0,0.0,[0. 0. 0. 0. 0. 0. 0. 0. 0. 0. 0. 0. 0. 0. 0. 0. 0. 0. 0. 0. 0. 0. 0. 0.
 0. 0. 0. 0. 0. 0. 0. 0. 0. 0. 0. 0.]
1.4588289260864258,,4.945317003958373,-4.939455956480113,0.0,0.0,-0.0,-0.9999565797022916,-0.009318728995657135,[ 0.00455789 -0.00188674 -0.00074506 -0.00188674  0.0017663   0.00069094
 -0.00074506  0.00069094  0.00108816  0.          0.          0.
  0.          0.          0.          0.          0.          0.
  0.          0.          0.          0.          0.          0.
  0.          0.          0.          0.          0.          0.
  0.          0.          0.          0.          0.          0.        ],0.0,0.0,0.0,0.0,0.0,0.0,[0. 0. 0. 0. 0. 0. 0. 0. 0. 0. 0. 0. 0. 0. 0. 0. 0. 0. 0. 0. 0. 0. 0. 0.
 0. 0. 0. 0. 0. 0. 0. 0. 0. 0. 0. 0.]
1.4730451107025146,,4.948601012974861,-4.940186013860564,0.0,0.0,-0.0,-0.9999556448888735,-0.009418505979037105,[ 0.00507498 -0.00205261 -0.00076245 -0.00205261  0.00178151  0.00069874
 -0.00076245  0.00069874  0.00110993  0.          0.          0.
  0.          0.          0.          0.          0.          0.
  0.          0.          0.          0.          0.          0.
  0.          0.          0.          0.          0.          0.
  0.          0.          0.          0.          0.          0.        ],0.0,0.0,0.0,0.0,0.0,0.0,[0. 0. 0. 0. 0. 0. 0. 0. 0. 0. 0. 0. 0. 0. 0. 0. 0. 0. 0. 0. 0. 0. 0. 0.
 0. 0. 0. 0. 0. 0. 0. 0. 0. 0. 0. 0.]
1.4974875450134277,,4.9470589352337235,-4.937094316570577,0.0,0.0,-0.0,-0.9999559456236448,-0.00938652288775549,[ 0.00509022 -0.0019555  -0.00074335 -0.0019555   0.00177421  0.00070564
 -0.00074335  0.00070564  0.00110984  0.          0.          0.
  0.          0.          0.          0.          0.          0.
  0.          0.          0.          0.          0.          0.
  0.          0.          0.          0.          0.          0.
  0.          0.          0.          0.          0.          0.        ],0.0,0.0,0.0,0.0,0.0,0.0,[0. 0. 0. 0. 0. 0. 0. 0. 0. 0. 0. 0. 0. 0. 0. 0. 0. 0. 0. 0. 0. 0. 0. 0.
 0. 0. 0. 0. 0. 0. 0. 0. 0. 0. 0. 0.]
1.5150704383850098,,4.947891829129427,-4.936787010497235,0.0,0.0,-0.0,-0.9999603998348694,-0.008899368634241244,[ 0.00487576 -0.00195332 -0.00082398 -0.00195332  0.00181403  0.00076021
 -0.00082398  0.00076021  0.00112852  0.          0.          0.
  0.          0.          0.          0.          0.          0.
  0.          0.          0.          0.          0.          0.
  0.          0.          0.          0.          0.          0.
  0.          0.          0.          0.          0.          0.        ],0.0,0.0,0.0,0.0,0.0,0.0,[0. 0. 0. 0. 0. 0. 0. 0. 0. 0. 0. 0. 0. 0. 0. 0. 0. 0. 0. 0. 0. 0. 0. 0.
 0. 0. 0. 0. 0. 0. 0. 0. 0. 0. 0. 0.]
1.5455095767974854,,4.942008051070028,-4.932328863418161,0.0,0.0,-0.0,-0.9999680720989684,-0.007990918762706344,[ 0.00533274 -0.00215836 -0.00092865 -0.00215836  0.00185966  0.00079273
 -0.00092865  0.00079273  0.00118749  0.          0.          0.
  0.          0.          0.          0.          0.          0.
  0.          0.          0.          0.          0.          0.
  0.          0.          0.          0.          0.          0.
  0.          0.          0.          0.          0.          0.        ],0.0,0.0,0.0,0.0,0.0,0.0,[0. 0. 0. 0. 0. 0. 0. 0. 0. 0. 0. 0. 0. 0. 0. 0. 0. 0. 0. 0. 0. 0. 0. 0.
 0. 0. 0. 0. 0. 0. 0. 0. 0. 0. 0. 0.]
1.5590829849243164,,4.941784055238339,-4.93313276104056,0.0,0.0,-0.0,-0.9999650252350505,-0.008363510427131984,[ 0.00507462 -0.00213188 -0.00067012 -0.00213188  0.00186309  0.00060868
 -0.00067012  0.00060868  0.00106099  0.          0.          0.
  0.          0.          0.          0.          0.          0.
  0.          0.          0.          0.          0.          0.
  0.          0.          0.          0.          0.          0.
  0.          0.          0.          0.          0.          0.        ],0.0,0.0,0.0,0.0,0.0,0.0,[0. 0. 0. 0. 0. 0. 0. 0. 0. 0. 0. 0. 0. 0. 0. 0. 0. 0. 0. 0. 0. 0. 0. 0.
 0. 0. 0. 0. 0. 0. 0. 0. 0. 0. 0. 0.]
1.578984022140503,,4.941059887319856,-4.935772962060855,0.0,0.0,-0.0,-0.9999632628360217,-0.00857163801951066,[ 0.00421665 -0.00179506 -0.00073136 -0.00179506  0.00172533  0.00069486
 -0.00073136  0.00069486  0.0010561   0.          0.          0.
  0.          0.          0.          0.          0.          0.
  0.          0.          0.          0.          0.          0.
  0.          0.          0.          0.          0.          0.
  0.          0.          0.          0.          0.          0.        ],0.0,0.0,0.0,0.0,0.0,0.0,[0. 0. 0. 0. 0. 0. 0. 0. 0. 0. 0. 0. 0. 0. 0. 0. 0. 0. 0. 0. 0. 0. 0. 0.
 0. 0. 0. 0. 0. 0. 0. 0. 0. 0. 0. 0.]
1.597320795059204,,4.936546655248293,-4.93255374838985,0.0,0.0,-0.0,-0.9999720941356716,-0.007470672655091815,[ 0.00485482 -0.00207953 -0.00076132 -0.00207953  0.00189363  0.00069673
 -0.00076132  0.00069673  0.00108512  0.          0.          0.
  0.          0.          0.          0.          0.          0.
  0.          0.          0.          0.          0.          0.
  0.          0.          0.          0.          0.          0.
  0.          0.          0.          0.          0.          0.        ],0.0,0.0,0.0,0.0,0.0,0.0,[0. 0. 0. 0. 0. 0. 0. 0. 0. 0. 0. 0. 0. 0. 0. 0. 0. 0. 0. 0. 0. 0. 0. 0.
 0. 0. 0. 0. 0. 0. 0. 0. 0. 0. 0. 0.]
1.6273458003997803,,4.939696348938894,-4.932412349015586,0.0,0.0,-0.0,-0.9999734850648171,-0.00728211283378996,[ 0.00515858 -0.0021834  -0.00084353 -0.0021834   0.00186951  0.00077287
 -0.00084353  0.00077287  0.00118599  0.          0.          0.
  0.          0.          0.          0.          0.          0.
  0.          0.          0.          0.          0.          0.
  0.          0.          0.          0.          0.          0.
  0.          0.          0.          0.          0.          0.        ],0.0,0.0,0.0,0.0,0.0,0.0,[0. 0. 0. 0. 0. 0. 0. 0. 0. 0. 0. 0. 0. 0. 0. 0. 0. 0. 0. 0. 0. 0. 0. 0.
 0. 0. 0. 0. 0. 0. 0. 0. 0. 0. 0. 0.]
1.650475263595581,,4.941885047414789,-4.933027081974087,0.0,0.0,-0.0,-0.9999607708409767,-0.008857583142129076,[ 0.00501431 -0.00207211 -0.00084431 -0.00207211  0.00176846  0.00072766
 -0.00084431  0.00072766  0.00116872  0.          0.          0.
  0.          0.          0.          0.          0.          0.
  0.          0.          0.          0.          0.          0.
  0.          0.          0.          0.          0.          0.
  0.          0.          0.          0.          0.          0.        ],0.0,0.0,0.0,0.0,0.0,0.0,[0. 0. 0. 0. 0. 0. 0. 0. 0. 0. 0. 0. 0. 0. 0. 0. 0. 0. 0. 0. 0. 0. 0. 0.
 0. 0. 0. 0. 0. 0. 0. 0. 0. 0. 0. 0.]
1.6728336811065674,,4.93838298654099,-4.933252467254711,0.0,0.0,-0.0,-0.9999705073930313,-0.0076801265695065225,[ 0.00545747 -0.00228953 -0.00084097 -0.00228953  0.00197078  0.00076139
 -0.00084097  0.00076139  0.00117146  0.          0.          0.
  0.          0.          0.          0.          0.          0.
  0.          0.          0.          0.          0.          0.
  0.          0.          0.          0.          0.          0.
  0.          0.          0.          0.          0.          0.        ],0.0,0.0,0.0,0.0,0.0,0.0,[0. 0. 0. 0. 0. 0. 0. 0. 0. 0. 0. 0. 0. 0. 0. 0. 0. 0. 0. 0. 0. 0. 0. 0.
 0. 0. 0. 0. 0. 0. 0. 0. 0. 0. 0. 0.]
1.70408296585083,,4.940578111020194,-4.933298951717565,0.0,0.0,-0.0,-0.9999691214948117,-0.00785850220427288,[ 0.0054974  -0.00234749 -0.00101564 -0.00234749  0.00203602  0.00084473
 -0.00101564  0.00084473  0.00119132  0.          0.          0.
  0.          0.          0.          0.          0.          0.
  0.          0.          0.          0.          0.          0.
  0.          0.          0.          0.          0.          0.
  0.          0.          0.          0.          0.          0.        ],0.0,0.0,0.0,0.0,0.0,0.0,[0. 0. 0. 0. 0. 0. 0. 0. 0. 0. 0. 0. 0. 0. 0. 0. 0. 0. 0. 0. 0. 0. 0. 0.
 0. 0. 0. 0. 0. 0. 0. 0. 0. 0. 0. 0.]
1.7176098823547363,,4.943098538319529,-4.934767668994268,0.0,0.0,-0.0,-0.9999695072962087,-0.007809255904214074,[ 0.00529525 -0.00236884 -0.00089148 -0.00236884  0.00203847  0.0008013
 -0.00089148  0.0008013   0.00112835  0.          0.          0.
  0.          0.          0.          0.          0.          0.
  0.          0.          0.          0.          0.          0.
  0.          0.          0.          0.          0.          0.
  0.          0.          0.          0.          0.          0.        ],0.0,0.0,0.0,0.0,0.0,0.0,[0. 0. 0. 0. 0. 0. 0. 0. 0. 0. 0. 0. 0. 0. 0. 0. 0. 0. 0. 0. 0. 0. 0. 0.
 0. 0. 0. 0. 0. 0. 0. 0. 0. 0. 0. 0.]
1.7464795112609863,,4.9422707906057735,-4.935427507914803,0.0,0.0,-0.0,-0.999970255888184,-0.007712803570669217,[ 0.00547191 -0.00224707 -0.00082289 -0.00224707  0.00193168  0.00072048
 -0.00082289  0.00072048  0.00122894  0.          0.          0.
  0.          0.          0.          0.          0.          0.
  0.          0.          0.          0.          0.          0.
  0.          0.          0.          0.          0.          0.
  0.          0.          0.          0.          0.          0.        ],0.0,0.0,0.0,0.0,0.0,0.0,[0. 0. 0. 0. 0. 0. 0. 0. 0. 0. 0. 0. 0. 0. 0. 0. 0. 0. 0. 0. 0. 0. 0. 0.
 0. 0. 0. 0. 0. 0. 0. 0. 0. 0. 0. 0.]
1.7715861797332764,,4.944084414559679,-4.936301416093403,0.0,0.0,-0.0,-0.999961081427262,-0.00882245038640297,[ 0.00492683 -0.00198996 -0.00072391 -0.00198996  0.00171519  0.00066511
 -0.00072391  0.00066511  0.00106588  0.          0.          0.
  0.          0.          0.          0.          0.          0.
  0.          0.          0.          0.          0.          0.
  0.          0.          0.          0.          0.          0.
  0.          0.          0.          0.          0.          0.        ],0.0,0.0,0.0,0.0,0.0,0.0,[0. 0. 0. 0. 0. 0. 0. 0. 0. 0. 0. 0. 0. 0. 0. 0. 0. 0. 0. 0. 0. 0. 0. 0.
 0. 0. 0. 0. 0. 0. 0. 0. 0. 0. 0. 0.]
1.7914316654205322,,4.937096892476053,-4.934118481778286,0.0,0.0,-0.0,-0.9999723665087553,-0.00743412529350005,[ 0.00471033 -0.00166038 -0.00067649 -0.00166038  0.00149562  0.00059495
 -0.00067649  0.00059495  0.00111668  0.          0.          0.
  0.          0.          0.          0.          0.          0.
  0.          0.          0.          0.          0.          0.
  0.          0.          0.          0.          0.          0.
  0.          0.          0.          0.          0.          0.        ],0.0,0.0,0.0,0.0,0.0,0.0,[0. 0. 0. 0. 0. 0. 0. 0. 0. 0. 0. 0. 0. 0. 0. 0. 0. 0. 0. 0. 0. 0. 0. 0.
 0. 0. 0. 0. 0. 0. 0. 0. 0. 0. 0. 0.]
1.8111436367034912,,4.939408583215377,-4.9339686071715665,0.0,0.0,-0.0,-0.9999727678823312,-0.00737993860063689,[ 0.00499406 -0.00182204 -0.00068598 -0.00182204  0.00154537  0.00057964
 -0.00068598  0.00057964  0.00108869  0.          0.          0.
  0.          0.          0.          0.          0.          0.
  0.          0.          0.          0.          0.          0.
  0.          0.          0.          0.          0.          0.
  0.          0.          0.          0.          0.          0.        ],0.0,0.0,0.0,0.0,0.0,0.0,[0. 0. 0. 0. 0. 0. 0. 0. 0. 0. 0. 0. 0. 0. 0. 0. 0. 0. 0. 0. 0. 0. 0. 0.
 0. 0. 0. 0. 0. 0. 0. 0. 0. 0. 0. 0.]
1.8315331935882568,,4.941216481811896,-4.9333381487173265,0.0,0.0,-0.0,-0.999970536378347,-0.007676351685600479,[ 0.00470532 -0.00180476 -0.00078077 -0.00180476  0.00163232  0.00066045
 -0.00078077  0.00066045  0.00108919  0.          0.          0.
  0.          0.          0.          0.          0.          0.
  0.          0.          0.          0.          0.          0.
  0.          0.          0.          0.          0.          0.
  0.          0.          0.          0.          0.          0.        ],0.0,0.0,0.0,0.0,0.0,0.0,[0. 0. 0. 0. 0. 0. 0. 0. 0. 0. 0. 0. 0. 0. 0. 0. 0. 0. 0. 0. 0. 0. 0. 0.
 0. 0. 0. 0. 0. 0. 0. 0. 0. 0. 0. 0.]
1.8543283939361572,,4.943897270480417,-4.9354191413590165,0.0,0.0,-0.0,-0.9999672179294283,-0.008097102350791193,[ 0.00449454 -0.00176938 -0.00073365 -0.00176938  0.0016684   0.00069974
 -0.00073365  0.00069974  0.00112185  0.          0.          0.
  0.          0.          0.          0.          0.          0.
  0.          0.          0.          0.          0.          0.
  0.          0.          0.          0.          0.          0.
  0.          0.          0.          0.          0.          0.        ],0.0,0.0,0.0,0.0,0.0,0.0,[0. 0. 0. 0. 0. 0. 0. 0. 0. 0. 0. 0. 0. 0. 0. 0. 0. 0. 0. 0. 0. 0. 0. 0.
 0. 0. 0. 0. 0. 0. 0. 0. 0. 0. 0. 0.]
1.874723196029663,,4.948861268207636,-4.9368179892962285,0.0,0.0,-0.0,-0.999962308095312,-0.008682303190768174,[ 0.00443956 -0.00177487 -0.00052552 -0.00177487  0.00167064  0.00062349
 -0.00052552  0.00062349  0.00112902  0.          0.          0.
  0.          0.          0.          0.          0.          0.
  0.          0.          0.          0.          0.          0.
  0.          0.          0.          0.          0.          0.
  0.          0.          0.          0.          0.          0.        ],0.0,0.0,0.0,0.0,0.0,0.0,[0. 0. 0. 0. 0. 0. 0. 0. 0. 0. 0. 0. 0. 0. 0. 0. 0. 0. 0. 0. 0. 0. 0. 0.
 0. 0. 0. 0. 0. 0. 0. 0. 0. 0. 0. 0.]
1.8878445625305176,,4.951016767064246,-4.93870058770013,0.0,0.0,-0.0,-0.9999604314526744,-0.008895815251076224,[ 0.00482998 -0.0019419  -0.00082252 -0.0019419   0.00170465  0.00068752
 -0.00082252  0.00068752  0.00110763  0.          0.          0.
  0.          0.          0.          0.          0.          0.
  0.          0.          0.          0.          0.          0.
  0.          0.          0.          0.          0.          0.
  0.          0.          0.          0.          0.          0.        ],0.0,0.0,0.0,0.0,0.0,0.0,[0. 0. 0. 0. 0. 0. 0. 0. 0. 0. 0. 0. 0. 0. 0. 0. 0. 0. 0. 0. 0. 0. 0. 0.
 0. 0. 0. 0. 0. 0. 0. 0. 0. 0. 0. 0.]
1.9133565425872803,,4.9521540844078045,-4.940549176243402,0.0,0.0,-0.0,-0.9999611301997439,-0.008816920644474717,[ 0.00477671 -0.00190958 -0.00066471 -0.00190958  0.00167324  0.00064203
 -0.00066471  0.00064203  0.00110528  0.          0.          0.
  0.          0.          0.          0.          0.          0.
  0.          0.          0.          0.          0.          0.
  0.          0.          0.          0.          0.          0.
  0.          0.          0.          0.          0.          0.        ],0.0,0.0,0.0,0.0,0.0,0.0,[0. 0. 0. 0. 0. 0. 0. 0. 0. 0. 0. 0. 0. 0. 0. 0. 0. 0. 0. 0. 0. 0. 0. 0.
 0. 0. 0. 0. 0. 0. 0. 0. 0. 0. 0. 0.]
1.9441306591033936,,4.947038713738036,-4.940530079875548,0.0,0.0,-0.0,-0.9999552692997407,-0.009458297927380444,[ 0.00501783 -0.00194407 -0.00073523 -0.00194407  0.00169901  0.00066882
 -0.00073523  0.00066882  0.00115377  0.          0.          0.
  0.          0.          0.          0.          0.          0.
  0.          0.          0.          0.          0.          0.
  0.          0.          0.          0.          0.          0.
  0.          0.          0.          0.          0.          0.        ],0.0,0.0,0.0,0.0,0.0,0.0,[0. 0. 0. 0. 0. 0. 0. 0. 0. 0. 0. 0. 0. 0. 0. 0. 0. 0. 0. 0. 0. 0. 0. 0.
 0. 0. 0. 0. 0. 0. 0. 0. 0. 0. 0. 0.]
1.9666807651519775,,4.946927364834886,-4.938394069512631,0.0,0.0,-0.0,-0.999962450662951,-0.008665867766434611,[ 0.00526058 -0.00212819 -0.00086637 -0.00212819  0.00186141  0.00075289
 -0.00086637  0.00075289  0.001164    0.          0.          0.
  0.          0.          0.          0.          0.          0.
  0.          0.          0.          0.          0.          0.
  0.          0.          0.          0.          0.          0.
  0.          0.          0.          0.          0.          0.        ],0.0,0.0,0.0,0.0,0.0,0.0,[0. 0. 0. 0. 0. 0. 0. 0. 0. 0. 0. 0. 0. 0. 0. 0. 0. 0. 0. 0. 0. 0. 0. 0.
 0. 0. 0. 0. 0. 0. 0. 0. 0. 0. 0. 0.]
1.996518850326538,,4.9478311051833135,-4.939004407236993,0.0,0.0,-0.0,-0.9999576668352242,-0.00920133346068737,[ 0.00494246 -0.00209066 -0.00084918 -0.00209066  0.00181363  0.00076496
 -0.00084918  0.00076496  0.00110997  0.          0.          0.
  0.          0.          0.          0.          0.          0.
  0.          0.          0.          0.          0.          0.
  0.          0.          0.          0.          0.          0.
  0.          0.          0.          0.          0.          0.        ],0.0,0.0,0.0,0.0,0.0,0.0,[0. 0. 0. 0. 0. 0. 0. 0. 0. 0. 0. 0. 0. 0. 0. 0. 0. 0. 0. 0. 0. 0. 0. 0.
 0. 0. 0. 0. 0. 0. 0. 0. 0. 0. 0. 0.]
2.016953468322754,,4.948829587169602,-4.9408551458884356,0.0,0.0,-0.0,-0.9999526926073852,-0.009726898130450592,[ 0.00517068 -0.00224633 -0.00093635 -0.00224633  0.00193335  0.00082724
 -0.00093635  0.00082724  0.00122098  0.          0.          0.
  0.          0.          0.          0.          0.          0.
  0.          0.          0.          0.          0.          0.
  0.          0.          0.          0.          0.          0.
  0.          0.          0.          0.          0.          0.        ],0.0,0.0,0.0,0.0,0.0,0.0,[0. 0. 0. 0. 0. 0. 0. 0. 0. 0. 0. 0. 0. 0. 0. 0. 0. 0. 0. 0. 0. 0. 0. 0.
 0. 0. 0. 0. 0. 0. 0. 0. 0. 0. 0. 0.]
2.040109395980835,,4.9534222019408825,-4.941237598139524,0.0,0.0,-0.0,-0.9999537627791656,-0.009616252065548959,[ 0.00525198 -0.00224406 -0.00085928 -0.00224406  0.00199181  0.00079517
 -0.00085928  0.00079517  0.001145    0.          0.          0.
  0.          0.          0.          0.          0.          0.
  0.          0.          0.          0.          0.          0.
  0.          0.          0.          0.          0.          0.
  0.          0.          0.          0.          0.          0.        ],0.0,0.0,0.0,0.0,0.0,0.0,[0. 0. 0. 0. 0. 0. 0. 0. 0. 0. 0. 0. 0. 0. 0. 0. 0. 0. 0. 0. 0. 0. 0. 0.
 0. 0. 0. 0. 0. 0. 0. 0. 0. 0. 0. 0.]
2.060194969177246,,4.953860671923304,-4.943247799032667,0.0,0.0,-0.0,-0.9999518331871619,-0.009814851279281054,[ 0.00500536 -0.00225169 -0.00088438 -0.00225169  0.00201263  0.00075138
 -0.00088438  0.00075138  0.00108088  0.          0.          0.
  0.          0.          0.          0.          0.          0.
  0.          0.          0.          0.          0.          0.
  0.          0.          0.          0.          0.          0.
  0.          0.          0.          0.          0.          0.        ],0.0,0.0,0.0,0.0,0.0,0.0,[0. 0. 0. 0. 0. 0. 0. 0. 0. 0. 0. 0. 0. 0. 0. 0. 0. 0. 0. 0. 0. 0. 0. 0.
 0. 0. 0. 0. 0. 0. 0. 0. 0. 0. 0. 0.]
2.0804717540740967,,4.95278528715192,-4.9404407107924015,0.0,0.0,-0.0,-0.9999529671981977,-0.009698628331884528,[ 0.00545318 -0.00242882 -0.00091671 -0.00242882  0.00205332  0.00082205
 -0.00091671  0.00082205  0.00117446  0.          0.          0.
  0.          0.          0.          0.          0.          0.
  0.          0.          0.          0.          0.          0.
  0.          0.          0.          0.          0.          0.
  0.          0.          0.          0.          0.          0.        ],0.0,0.0,0.0,0.0,0.0,0.0,[0. 0. 0. 0. 0. 0. 0. 0. 0. 0. 0. 0. 0. 0. 0. 0. 0. 0. 0. 0. 0. 0. 0. 0.
 0. 0. 0. 0. 0. 0. 0. 0. 0. 0. 0. 0.]
2.1029086112976074,,4.952642094730373,-4.942082316312294,0.0,0.0,-0.0,-0.9999542604056314,-0.009564365981431703,[ 0.00496158 -0.00215618 -0.00090932 -0.00215618  0.00195231  0.00082413
 -0.00090932  0.00082413  0.00123176  0.          0.          0.
  0.          0.          0.          0.          0.          0.
  0.          0.          0.          0.          0.          0.
  0.          0.          0.          0.          0.          0.
  0.          0.          0.          0.          0.          0.        ],0.0,0.0,0.0,0.0,0.0,0.0,[0. 0. 0. 0. 0. 0. 0. 0. 0. 0. 0. 0. 0. 0. 0. 0. 0. 0. 0. 0. 0. 0. 0. 0.
 0. 0. 0. 0. 0. 0. 0. 0. 0. 0. 0. 0.]
2.127756357192993,,4.954062401966975,-4.9421331377875655,0.0,0.0,-0.0,-0.9999576471625379,-0.009203471147422239,[ 0.00502118 -0.00213826 -0.00077184 -0.00213826  0.00184532  0.00073731
 -0.00077184  0.00073731  0.00117369  0.          0.          0.
  0.          0.          0.          0.          0.          0.
  0.          0.          0.          0.          0.          0.
  0.          0.          0.          0.          0.          0.
  0.          0.          0.          0.          0.          0.        ],0.0,0.0,0.0,0.0,0.0,0.0,[0. 0. 0. 0. 0. 0. 0. 0. 0. 0. 0. 0. 0. 0. 0. 0. 0. 0. 0. 0. 0. 0. 0. 0.
 0. 0. 0. 0. 0. 0. 0. 0. 0. 0. 0. 0.]
2.153963565826416,,4.950338976186779,-4.941980670334946,0.0,0.0,-0.0,-0.9999610788250816,-0.008822745319852675,[ 0.00493871 -0.00197638 -0.00082968 -0.00197638  0.00173735  0.00074902
 -0.00082968  0.00074902  0.00117078  0.          0.          0.
  0.          0.          0.          0.          0.          0.
  0.          0.          0.          0.          0.          0.
  0.          0.          0.          0.          0.          0.
  0.          0.          0.          0.          0.          0.        ],0.0,0.0,0.0,0.0,0.0,0.0,[0. 0. 0. 0. 0. 0. 0. 0. 0. 0. 0. 0. 0. 0. 0. 0. 0. 0. 0. 0. 0. 0. 0. 0.
 0. 0. 0. 0. 0. 0. 0. 0. 0. 0. 0. 0.]
2.169635534286499,,4.950564916820717,-4.943263362251511,0.0,0.0,-0.0,-0.9999564525816171,-0.009332359850968608,[ 0.00487766 -0.00199938 -0.00077107 -0.00199938  0.0018398   0.00067439
 -0.00077107  0.00067439  0.00106067  0.          0.          0.
  0.          0.          0.          0.          0.          0.
  0.          0.          0.          0.          0.          0.
  0.          0.          0.          0.          0.          0.
  0.          0.          0.          0.          0.          0.        ],0.0,0.0,0.0,0.0,0.0,0.0,[0. 0. 0. 0. 0. 0. 0. 0. 0. 0. 0. 0. 0. 0. 0. 0. 0. 0. 0. 0. 0. 0. 0. 0.
 0. 0. 0. 0. 0. 0. 0. 0. 0. 0. 0. 0.]
2.190056800842285,,4.9493714777964,-4.941437446601523,0.0,0.0,-0.0,-0.9999551151343541,-0.009474582663142697,[ 0.00460906 -0.00190239 -0.00070371 -0.00190239  0.00183686  0.00071257
 -0.00070371  0.00071257  0.00110891  0.          0.          0.
  0.          0.          0.          0.          0.          0.
  0.          0.          0.          0.          0.          0.
  0.          0.          0.          0.          0.          0.
  0.          0.          0.          0.          0.          0.        ],0.0,0.0,0.0,0.0,0.0,0.0,[0. 0. 0. 0. 0. 0. 0. 0. 0. 0. 0. 0. 0. 0. 0. 0. 0. 0. 0. 0. 0. 0. 0. 0.
 0. 0. 0. 0. 0. 0. 0. 0. 0. 0. 0. 0.]
2.2160284519195557,,4.949815637902105,-4.938836233321625,0.0,0.0,-0.0,-0.9999559849912214,-0.009382328081885707,[ 0.00520662 -0.00221961 -0.00091086 -0.00221961  0.00189772  0.00080435
 -0.00091086  0.00080435  0.00114784  0.          0.          0.
  0.          0.          0.          0.          0.          0.
  0.          0.          0.          0.          0.          0.
  0.          0.          0.          0.          0.          0.
  0.          0.          0.          0.          0.          0.        ],0.0,0.0,0.0,0.0,0.0,0.0,[0. 0. 0. 0. 0. 0. 0. 0. 0. 0. 0. 0. 0. 0. 0. 0. 0. 0. 0. 0. 0. 0. 0. 0.
 0. 0. 0. 0. 0. 0. 0. 0. 0. 0. 0. 0.]
2.236194133758545,,4.9472925578810925,-4.938851395302632,0.0,0.0,-0.0,-0.9999541391078869,-0.009577039260893764,[ 0.00500827 -0.00219438 -0.0008296  -0.00219438  0.00193166  0.00074995
 -0.0008296   0.00074995  0.00108984  0.          0.          0.
  0.          0.          0.          0.          0.          0.
  0.          0.          0.          0.          0.          0.
  0.          0.          0.          0.          0.          0.
  0.          0.          0.          0.          0.          0.        ],0.0,0.0,0.0,0.0,0.0,0.0,[0. 0. 0. 0. 0. 0. 0. 0. 0. 0. 0. 0. 0. 0. 0. 0. 0. 0. 0. 0. 0. 0. 0. 0.
 0. 0. 0. 0. 0. 0. 0. 0. 0. 0. 0. 0.]
2.2587873935699463,,4.95146702872936,-4.941029901674986,0.0,0.0,-0.0,-0.9999589337025099,-0.009062610470475135,[ 0.00549008 -0.00220538 -0.00083467 -0.00220538  0.00195414  0.00075231
 -0.00083467  0.00075231  0.00118372  0.          0.          0.
  0.          0.          0.          0.          0.          0.
  0.          0.          0.          0.          0.          0.
  0.          0.          0.          0.          0.          0.
  0.          0.          0.          0.          0.          0.        ],0.0,0.0,0.0,0.0,0.0,0.0,[0. 0. 0. 0. 0. 0. 0. 0. 0. 0. 0. 0. 0. 0. 0. 0. 0. 0. 0. 0. 0. 0. 0. 0.
 0. 0. 0. 0. 0. 0. 0. 0. 0. 0. 0. 0.]
2.2814600467681885,,4.949157717522534,-4.939034163615735,0.0,0.0,-0.0,-0.9999648225959944,-0.008387703533233376,[ 0.0053523  -0.00226473 -0.00088343 -0.00226473  0.0019876   0.00077154
 -0.00088343  0.00077154  0.0011667   0.          0.          0.
  0.          0.          0.          0.          0.          0.
  0.          0.          0.          0.          0.          0.
  0.          0.          0.          0.          0.          0.
  0.          0.          0.          0.          0.          0.        ],0.0,0.0,0.0,0.0,0.0,0.0,[0. 0. 0. 0. 0. 0. 0. 0. 0. 0. 0. 0. 0. 0. 0. 0. 0. 0. 0. 0. 0. 0. 0. 0.
 0. 0. 0. 0. 0. 0. 0. 0. 0. 0. 0. 0.]
2.3021702766418457,,4.950574420657591,-4.942639225002206,0.0,0.0,-0.0,-0.9999594917881086,-0.009000821232952686,[ 0.00518382 -0.00230819 -0.00087894 -0.00230819  0.00210846  0.00080429
 -0.00087894  0.00080429  0.00118272  0.          0.          0.
  0.          0.          0.          0.          0.          0.
  0.          0.          0.          0.          0.          0.
  0.          0.          0.          0.          0.          0.
  0.          0.          0.          0.          0.          0.        ],0.0,0.0,0.0,0.0,0.0,0.0,[0. 0. 0. 0. 0. 0. 0. 0. 0. 0. 0. 0. 0. 0. 0. 0. 0. 0. 0. 0. 0. 0. 0. 0.
 0. 0. 0. 0. 0. 0. 0. 0. 0. 0. 0. 0.]
2.324734687805176,,4.9506012396794965,-4.944726397731076,0.0,0.0,-0.0,-0.999943786009327,-0.010603057169199208,[ 0.00527066 -0.00223089 -0.00085062 -0.00223089  0.00189043  0.00071546
 -0.00085062  0.00071546  0.00109587  0.          0.          0.
  0.          0.          0.          0.          0.          0.
  0.          0.          0.          0.          0.          0.
  0.          0.          0.          0.          0.          0.
  0.          0.          0.          0.          0.          0.        ],0.0,0.0,0.0,0.0,0.0,0.0,[0. 0. 0. 0. 0. 0. 0. 0. 0. 0. 0. 0. 0. 0. 0. 0. 0. 0. 0. 0. 0. 0. 0. 0.
 0. 0. 0. 0. 0. 0. 0. 0. 0. 0. 0. 0.]
2.3425517082214355,,4.951156254051147,-4.942938990238569,0.0,0.0,-0.0,-0.9999592971086628,-0.00902242350751088,[ 0.00476282 -0.00197439 -0.00075315 -0.00197439  0.00177168  0.00068946
 -0.00075315  0.00068946  0.00108503  0.          0.          0.
  0.          0.          0.          0.          0.          0.
  0.          0.          0.          0.          0.          0.
  0.          0.          0.          0.          0.          0.
  0.          0.          0.          0.          0.          0.        ],0.0,0.0,0.0,0.0,0.0,0.0,[0. 0. 0. 0. 0. 0. 0. 0. 0. 0. 0. 0. 0. 0. 0. 0. 0. 0. 0. 0. 0. 0. 0. 0.
 0. 0. 0. 0. 0. 0. 0. 0. 0. 0. 0. 0.]
2.3653907775878906,,4.948468888130161,-4.939787760572887,0.0,0.0,-0.0,-0.9999580376077236,-0.009160951026520895,[ 0.00454878 -0.00191102 -0.00069341 -0.00191102  0.00175368  0.00070432
 -0.00069341  0.00070432  0.00114016  0.          0.          0.
  0.          0.          0.          0.          0.          0.
  0.          0.          0.          0.          0.          0.
  0.          0.          0.          0.          0.          0.
  0.          0.          0.          0.          0.          0.        ],0.0,0.0,0.0,0.0,0.0,0.0,[0. 0. 0. 0. 0. 0. 0. 0. 0. 0. 0. 0. 0. 0. 0. 0. 0. 0. 0. 0. 0. 0. 0. 0.
 0. 0. 0. 0. 0. 0. 0. 0. 0. 0. 0. 0.]
2.3862171173095703,,4.945398706102332,-4.936182434825786,0.0,0.0,-0.0,-0.9999602675308724,-0.00891422232087734,[ 0.00464292 -0.00182239 -0.00073103 -0.00182239  0.00170381  0.00066375
 -0.00073103  0.00066375  0.00105643  0.          0.          0.
  0.          0.          0.          0.          0.          0.
  0.          0.          0.          0.          0.          0.
  0.          0.          0.          0.          0.          0.
  0.          0.          0.          0.          0.          0.        ],0.0,0.0,0.0,0.0,0.0,0.0,[0. 0. 0. 0. 0. 0. 0. 0. 0. 0. 0. 0. 0. 0. 0. 0. 0. 0. 0. 0. 0. 0. 0. 0.
 0. 0. 0. 0. 0. 0. 0. 0. 0. 0. 0. 0.]
2.420968532562256,,4.950033416824394,-4.940003293952014,0.0,0.0,-0.0,-0.9999606442853337,-0.008871858906696792,[ 0.00468035 -0.00191993 -0.00077399 -0.00191993  0.00180756  0.00073981
 -0.00077399  0.00073981  0.00112396  0.          0.          0.
  0.          0.          0.          0.          0.          0.
  0.          0.          0.          0.          0.          0.
  0.          0.          0.          0.          0.          0.
  0.          0.          0.          0.          0.          0.        ],0.0,0.0,0.0,0.0,0.0,0.0,[0. 0. 0. 0. 0. 0. 0. 0. 0. 0. 0. 0. 0. 0. 0. 0. 0. 0. 0. 0. 0. 0. 0. 0.
 0. 0. 0. 0. 0. 0. 0. 0. 0. 0. 0. 0.]
2.4477155208587646,,4.946168056470679,-4.93711540888584,0.0,0.0,-0.0,-0.9999646943862219,-0.008402974537017383,[ 0.00501006 -0.00202305 -0.00078525 -0.00202305  0.00188032  0.00074321
 -0.00078525  0.00074321  0.00116683  0.          0.          0.
  0.          0.          0.          0.          0.          0.
  0.          0.          0.          0.          0.          0.
  0.          0.          0.          0.          0.          0.
  0.          0.          0.          0.          0.          0.        ],0.0,0.0,0.0,0.0,0.0,0.0,[0. 0. 0. 0. 0. 0. 0. 0. 0. 0. 0. 0. 0. 0. 0. 0. 0. 0. 0. 0. 0. 0. 0. 0.
 0. 0. 0. 0. 0. 0. 0. 0. 0. 0. 0. 0.]
2.4693217277526855,,4.953584035607172,-4.938916648760128,0.0,0.0,-0.0,-0.9999592117165503,-0.009031882595298113,[ 0.00492121 -0.00193918 -0.00077927 -0.00193918  0.00178133  0.00071781
 -0.00077927  0.00071781  0.00110446  0.          0.          0.
  0.          0.          0.          0.          0.          0.
  0.          0.          0.          0.          0.          0.
  0.          0.          0.          0.          0.          0.
  0.          0.          0.          0.          0.          0.        ],0.0,0.0,0.0,0.0,0.0,0.0,[0. 0. 0. 0. 0. 0. 0. 0. 0. 0. 0. 0. 0. 0. 0. 0. 0. 0. 0. 0. 0. 0. 0. 0.
 0. 0. 0. 0. 0. 0. 0. 0. 0. 0. 0. 0.]
2.4841787815093994,,4.951692028243625,-4.938535591526624,0.0,0.0,-0.0,-0.999954846191624,-0.009502924701669427,[ 0.00463161 -0.00186912 -0.00073125 -0.00186912  0.00164654  0.00064789
 -0.00073125  0.00064789  0.00108232  0.          0.          0.
  0.          0.          0.          0.          0.          0.
  0.          0.          0.          0.          0.          0.
  0.          0.          0.          0.          0.          0.
  0.          0.          0.          0.          0.          0.        ],0.0,0.0,0.0,0.0,0.0,0.0,[0. 0. 0. 0. 0. 0. 0. 0. 0. 0. 0. 0. 0. 0. 0. 0. 0. 0. 0. 0. 0. 0. 0. 0.
 0. 0. 0. 0. 0. 0. 0. 0. 0. 0. 0. 0.]
2.4981024265289307,,4.952430659378969,-4.938511527689658,0.0,0.0,-0.0,-0.9999660309509639,-0.008242387043554823,[ 0.00483519 -0.00197734 -0.00073596 -0.00197734  0.00180401  0.00069965
 -0.00073596  0.00069965  0.00119186  0.          0.          0.
  0.          0.          0.          0.          0.          0.
  0.          0.          0.          0.          0.          0.
  0.          0.          0.          0.          0.          0.
  0.          0.          0.          0.          0.          0.        ],0.0,0.0,0.0,0.0,0.0,0.0,[0. 0. 0. 0. 0. 0. 0. 0. 0. 0. 0. 0. 0. 0. 0. 0. 0. 0. 0. 0. 0. 0. 0. 0.
 0. 0. 0. 0. 0. 0. 0. 0. 0. 0. 0. 0.]
2.513983726501465,,4.95386090931121,-4.9420110904018015,0.0,0.0,-0.0,-0.999953026289051,-0.009692534001405123,[ 0.00500886 -0.00212093 -0.00078032 -0.00212093  0.00178566  0.00069977
 -0.00078032  0.00069977  0.00108994  0.          0.          0.
  0.          0.          0.          0.          0.          0.
  0.          0.          0.          0.          0.          0.
  0.          0.          0.          0.          0.          0.
  0.          0.          0.          0.          0.          0.        ],0.0,0.0,0.0,0.0,0.0,0.0,[0. 0. 0. 0. 0. 0. 0. 0. 0. 0. 0. 0. 0. 0. 0. 0. 0. 0. 0. 0. 0. 0. 0. 0.
 0. 0. 0. 0. 0. 0. 0. 0. 0. 0. 0. 0.]
2.530877113342285,,4.948296913668708,-4.942580280484611,0.0,0.0,-0.0,-0.9999569396690418,-0.009280021967886846,[ 0.00520146 -0.00216603 -0.00086479 -0.00216603  0.00188041  0.00073736
 -0.00086479  0.00073736  0.00114878  0.          0.          0.
  0.          0.          0.          0.          0.          0.
  0.          0.          0.          0.          0.          0.
  0.          0.          0.          0.          0.          0.
  0.          0.          0.          0.          0.          0.        ],0.0,0.0,0.0,0.0,0.0,0.0,[0. 0. 0. 0. 0. 0. 0. 0. 0. 0. 0. 0. 0. 0. 0. 0. 0. 0. 0. 0. 0. 0. 0. 0.
 0. 0. 0. 0. 0. 0. 0. 0. 0. 0. 0. 0.]
2.5557351112365723,,4.952735963879687,-4.9423945506942415,0.0,0.0,-0.0,-0.9999550200625122,-0.00948461131415987,[ 0.00494384 -0.00201103 -0.00072593 -0.00201103  0.00172187  0.00064656
 -0.00072593  0.00064656  0.00104565  0.          0.          0.
  0.          0.          0.          0.          0.          0.
  0.          0.          0.          0.          0.          0.
  0.          0.          0.          0.          0.          0.
  0.          0.          0.          0.          0.          0.        ],0.0,0.0,0.0,0.0,0.0,0.0,[0. 0. 0. 0. 0. 0. 0. 0. 0. 0. 0. 0. 0. 0. 0. 0. 0. 0. 0. 0. 0. 0. 0. 0.
 0. 0. 0. 0. 0. 0. 0. 0. 0. 0. 0. 0.]
2.5755789279937744,,4.951044843473258,-4.940661259499908,0.0,0.0,-0.0,-0.9999552707773941,-0.009458141704818401,[ 0.00481831 -0.00191429 -0.00069795 -0.00191429  0.00179032  0.00071491
 -0.00069795  0.00071491  0.00124824  0.          0.          0.
  0.          0.          0.          0.          0.          0.
  0.          0.          0.          0.          0.          0.
  0.          0.          0.          0.          0.          0.
  0.          0.          0.          0.          0.          0.        ],0.0,0.0,0.0,0.0,0.0,0.0,[0. 0. 0. 0. 0. 0. 0. 0. 0. 0. 0. 0. 0. 0. 0. 0. 0. 0. 0. 0. 0. 0. 0. 0.
 0. 0. 0. 0. 0. 0. 0. 0. 0. 0. 0. 0.]
2.597627639770508,,4.951422425601146,-4.941167666414811,0.0,0.0,-0.0,-0.9999517979778862,-0.009818437797963993,[ 0.00476809 -0.00194411 -0.00066886 -0.00194411  0.00171826  0.0006349
 -0.00066886  0.0006349   0.00105272  0.          0.          0.
  0.          0.          0.          0.          0.          0.
  0.          0.          0.          0.          0.          0.
  0.          0.          0.          0.          0.          0.
  0.          0.          0.          0.          0.          0.        ],0.0,0.0,0.0,0.0,0.0,0.0,[0. 0. 0. 0. 0. 0. 0. 0. 0. 0. 0. 0. 0. 0. 0. 0. 0. 0. 0. 0. 0. 0. 0. 0.
 0. 0. 0. 0. 0. 0. 0. 0. 0. 0. 0. 0.]
2.616936445236206,,4.954027382055812,-4.942336654255358,0.0,0.0,-0.0,-0.9999584473624727,-0.00911611476632527,[ 0.00438308 -0.00184558 -0.00071388 -0.00184558  0.00172837  0.0006986
 -0.00071388  0.0006986   0.00114313  0.          0.          0.
  0.          0.          0.          0.          0.          0.
  0.          0.          0.          0.          0.          0.
  0.          0.          0.          0.          0.          0.
  0.          0.          0.          0.          0.          0.        ],0.0,0.0,0.0,0.0,0.0,0.0,[0. 0. 0. 0. 0. 0. 0. 0. 0. 0. 0. 0. 0. 0. 0. 0. 0. 0. 0. 0. 0. 0. 0. 0.
 0. 0. 0. 0. 0. 0. 0. 0. 0. 0. 0. 0.]
2.6371617317199707,,4.952373396007685,-4.9396662050760645,0.0,0.0,-0.0,-0.9999655183507192,-0.008304342814295478,[ 0.00449522 -0.00174989 -0.00067459 -0.00174989  0.00162118  0.00065116
 -0.00067459  0.00065116  0.00108868  0.          0.          0.
  0.          0.          0.          0.          0.          0.
  0.          0.          0.          0.          0.          0.
  0.          0.          0.          0.          0.          0.
  0.          0.          0.          0.          0.          0.        ],0.0,0.0,0.0,0.0,0.0,0.0,[0. 0. 0. 0. 0. 0. 0. 0. 0. 0. 0. 0. 0. 0. 0. 0. 0. 0. 0. 0. 0. 0. 0. 0.
 0. 0. 0. 0. 0. 0. 0. 0. 0. 0. 0. 0.]
2.666638135910034,,4.951825967496714,-4.940702837003751,0.0,0.0,-0.0,-0.9999605180028203,-0.008886080999592979,[ 0.00433408 -0.0017953  -0.00070568 -0.0017953   0.00165741  0.00065148
 -0.00070568  0.00065148  0.00108236  0.          0.          0.
  0.          0.          0.          0.          0.          0.
  0.          0.          0.          0.          0.          0.
  0.          0.          0.          0.          0.          0.
  0.          0.          0.          0.          0.          0.        ],0.0,0.0,0.0,0.0,0.0,0.0,[0. 0. 0. 0. 0. 0. 0. 0. 0. 0. 0. 0. 0. 0. 0. 0. 0. 0. 0. 0. 0. 0. 0. 0.
 0. 0. 0. 0. 0. 0. 0. 0. 0. 0. 0. 0.]
2.6872665882110596,,4.948661339095913,-4.939891999514353,0.0,0.0,-0.0,-0.999963192179435,-0.008579876823961172,[ 0.00427963 -0.00172933 -0.00070611 -0.00172933  0.00164204  0.00063788
 -0.00070611  0.00063788  0.00108634  0.          0.          0.
  0.          0.          0.          0.          0.          0.
  0.          0.          0.          0.          0.          0.
  0.          0.          0.          0.          0.          0.
  0.          0.          0.          0.          0.          0.        ],0.0,0.0,0.0,0.0,0.0,0.0,[0. 0. 0. 0. 0. 0. 0. 0. 0. 0. 0. 0. 0. 0. 0. 0. 0. 0. 0. 0. 0. 0. 0. 0.
 0. 0. 0. 0. 0. 0. 0. 0. 0. 0. 0. 0.]
2.710700035095215,,4.946364218164851,-4.937746408927242,0.0,0.0,-0.0,-0.9999672852814769,-0.008088780303188742,[ 0.00457289 -0.00181979 -0.00072117 -0.00181979  0.00164132  0.00064735
 -0.00072117  0.00064735  0.00109668  0.          0.          0.
  0.          0.          0.          0.          0.          0.
  0.          0.          0.          0.          0.          0.
  0.          0.          0.          0.          0.          0.
  0.          0.          0.          0.          0.          0.        ],0.0,0.0,0.0,0.0,0.0,0.0,[0. 0. 0. 0. 0. 0. 0. 0. 0. 0. 0. 0. 0. 0. 0. 0. 0. 0. 0. 0. 0. 0. 0. 0.
 0. 0. 0. 0. 0. 0. 0. 0. 0. 0. 0. 0.]
2.7298028469085693,,4.9457816802907955,-4.936723462669837,0.0,0.0,-0.0,-0.9999619820627144,-0.00871977231398076,[ 0.00454996 -0.00175673 -0.00068362 -0.00175673  0.00157075  0.00058934
 -0.00068362  0.00058934  0.00109949  0.          0.          0.
  0.          0.          0.          0.          0.          0.
  0.          0.          0.          0.          0.          0.
  0.          0.          0.          0.          0.          0.
  0.          0.          0.          0.          0.          0.        ],0.0,0.0,0.0,0.0,0.0,0.0,[0. 0. 0. 0. 0. 0. 0. 0. 0. 0. 0. 0. 0. 0. 0. 0. 0. 0. 0. 0. 0. 0. 0. 0.
 0. 0. 0. 0. 0. 0. 0. 0. 0. 0. 0. 0.]
2.7514309883117676,,4.947076747047214,-4.939109586719258,0.0,0.0,-0.0,-0.9999574818643937,-0.009221413309288318,[ 0.00458205 -0.00170045 -0.00058406 -0.00170045  0.00155105  0.00055549
 -0.00058406  0.00055549  0.00105431  0.          0.          0.
  0.          0.          0.          0.          0.          0.
  0.          0.          0.          0.          0.          0.
  0.          0.          0.          0.          0.          0.
  0.          0.          0.          0.          0.          0.        ],0.0,0.0,0.0,0.0,0.0,0.0,[0. 0. 0. 0. 0. 0. 0. 0. 0. 0. 0. 0. 0. 0. 0. 0. 0. 0. 0. 0. 0. 0. 0. 0.
 0. 0. 0. 0. 0. 0. 0. 0. 0. 0. 0. 0.]
2.787078619003296,,4.951338101251565,-4.940857290090448,0.0,0.0,-0.0,-0.9999599751823851,-0.008946956647026908,[ 0.00459471 -0.00179285 -0.00054591 -0.00179285  0.00170868  0.00058889
 -0.00054591  0.00058889  0.00105121  0.          0.          0.
  0.          0.          0.          0.          0.          0.
  0.          0.          0.          0.          0.          0.
  0.          0.          0.          0.          0.          0.
  0.          0.          0.          0.          0.          0.        ],0.0,0.0,0.0,0.0,0.0,0.0,[0. 0. 0. 0. 0. 0. 0. 0. 0. 0. 0. 0. 0. 0. 0. 0. 0. 0. 0. 0. 0. 0. 0. 0.
 0. 0. 0. 0. 0. 0. 0. 0. 0. 0. 0. 0.]
2.813875436782837,,4.951162482637562,-4.939230540155549,0.0,0.0,-0.0,-0.9999614115057776,-0.008784958700702235,[ 0.00472637 -0.00176904 -0.00060288 -0.00176904  0.00160181  0.00057151
 -0.00060288  0.00057151  0.00106101  0.          0.          0.
  0.          0.          0.          0.          0.          0.
  0.          0.          0.          0.          0.          0.
  0.          0.          0.          0.          0.          0.
  0.          0.          0.          0.          0.          0.        ],0.0,0.0,0.0,0.0,0.0,0.0,[0. 0. 0. 0. 0. 0. 0. 0. 0. 0. 0. 0. 0. 0. 0. 0. 0. 0. 0. 0. 0. 0. 0. 0.
 0. 0. 0. 0. 0. 0. 0. 0. 0. 0. 0. 0.]
2.829754114151001,,4.948786395929766,-4.937820648337195,0.0,0.0,-0.0,-0.9999698147612357,-0.007769785478380906,[ 0.0041472  -0.00156646 -0.00061188 -0.00156646  0.00151974  0.00060618
 -0.00061188  0.00060618  0.00105133  0.          0.          0.
  0.          0.          0.          0.          0.          0.
  0.          0.          0.          0.          0.          0.
  0.          0.          0.          0.          0.          0.
  0.          0.          0.          0.          0.          0.        ],0.0,0.0,0.0,0.0,0.0,0.0,[0. 0. 0. 0. 0. 0. 0. 0. 0. 0. 0. 0. 0. 0. 0. 0. 0. 0. 0. 0. 0. 0. 0. 0.
 0. 0. 0. 0. 0. 0. 0. 0. 0. 0. 0. 0.]
2.8541619777679443,,4.944651232531047,-4.936968006308655,0.0,0.0,-0.0,-0.9999690617531632,-0.00786610046327837,[ 0.00451717 -0.0017595  -0.00065295 -0.0017595   0.00162162  0.0005912
 -0.00065295  0.0005912   0.00106951  0.          0.          0.
  0.          0.          0.          0.          0.          0.
  0.          0.          0.          0.          0.          0.
  0.          0.          0.          0.          0.          0.
  0.          0.          0.          0.          0.          0.        ],0.0,0.0,0.0,0.0,0.0,0.0,[0. 0. 0. 0. 0. 0. 0. 0. 0. 0. 0. 0. 0. 0. 0. 0. 0. 0. 0. 0. 0. 0. 0. 0.
 0. 0. 0. 0. 0. 0. 0. 0. 0. 0. 0. 0.]
2.8867404460906982,,4.952380097982502,-4.93963922145499,0.0,0.0,-0.0,-0.999956807882711,-0.009294211586730402,[ 0.00439176 -0.00167113 -0.00059718 -0.00167113  0.00157752  0.0006251
 -0.00059718  0.0006251   0.00108779  0.          0.          0.
  0.          0.          0.          0.          0.          0.
  0.          0.          0.          0.          0.          0.
  0.          0.          0.          0.          0.          0.
  0.          0.          0.          0.          0.          0.        ],0.0,0.0,0.0,0.0,0.0,0.0,[0. 0. 0. 0. 0. 0. 0. 0. 0. 0. 0. 0. 0. 0. 0. 0. 0. 0. 0. 0. 0. 0. 0. 0.
 0. 0. 0. 0. 0. 0. 0. 0. 0. 0. 0. 0.]
2.9098503589630127,,4.952003038161167,-4.940202712450532,0.0,0.0,-0.0,-0.9999614669102129,-0.008778649940341098,[ 0.00460376 -0.00182481 -0.00070017 -0.00182481  0.00174749  0.00066634
 -0.00070017  0.00066634  0.00118971  0.          0.          0.
  0.          0.          0.          0.          0.          0.
  0.          0.          0.          0.          0.          0.
  0.          0.          0.          0.          0.          0.
  0.          0.          0.          0.          0.          0.        ],0.0,0.0,0.0,0.0,0.0,0.0,[0. 0. 0. 0. 0. 0. 0. 0. 0. 0. 0. 0. 0. 0. 0. 0. 0. 0. 0. 0. 0. 0. 0. 0.
 0. 0. 0. 0. 0. 0. 0. 0. 0. 0. 0. 0.]
2.9304959774017334,,4.950571100192095,-4.940513966208857,0.0,0.0,-0.0,-0.9999590459616949,-0.009050215432618268,[ 0.0041717  -0.00167764 -0.00076968 -0.00167764  0.00162818  0.0006437
 -0.00076968  0.0006437   0.00106734  0.          0.          0.
  0.          0.          0.          0.          0.          0.
  0.          0.          0.          0.          0.          0.
  0.          0.          0.          0.          0.          0.
  0.          0.          0.          0.          0.          0.        ],0.0,0.0,0.0,0.0,0.0,0.0,[0. 0. 0. 0. 0. 0. 0. 0. 0. 0. 0. 0. 0. 0. 0. 0. 0. 0. 0. 0. 0. 0. 0. 0.
 0. 0. 0. 0. 0. 0. 0. 0. 0. 0. 0. 0.]
2.9450676441192627,,4.947603383154627,-4.941265922461354,0.0,0.0,-0.0,-0.9999635572075917,-0.008537227696363503,[ 0.00451689 -0.00185059 -0.00076199 -0.00185059  0.00169633  0.00067909
 -0.00076199  0.00067909  0.00113361  0.          0.          0.
  0.          0.          0.          0.          0.          0.
  0.          0.          0.          0.          0.          0.
  0.          0.          0.          0.          0.          0.
  0.          0.          0.          0.          0.          0.        ],0.0,0.0,0.0,0.0,0.0,0.0,[0. 0. 0. 0. 0. 0. 0. 0. 0. 0. 0. 0. 0. 0. 0. 0. 0. 0. 0. 0. 0. 0. 0. 0.
 0. 0. 0. 0. 0. 0. 0. 0. 0. 0. 0. 0.]
2.9579591751098633,,4.948548783629331,-4.941806243340456,0.0,0.0,-0.0,-0.9999551236675495,-0.00947368201999197,[ 0.00494884 -0.00188382 -0.00072147 -0.00188382  0.00160998  0.00063918
 -0.00072147  0.00063918  0.00110743  0.          0.          0.
  0.          0.          0.          0.          0.          0.
  0.          0.          0.          0.          0.          0.
  0.          0.          0.          0.          0.          0.
  0.          0.          0.          0.          0.          0.        ],0.0,0.0,0.0,0.0,0.0,0.0,[0. 0. 0. 0. 0. 0. 0. 0. 0. 0. 0. 0. 0. 0. 0. 0. 0. 0. 0. 0. 0. 0. 0. 0.
 0. 0. 0. 0. 0. 0. 0. 0. 0. 0. 0. 0.]
2.9784996509552,,4.948071721950245,-4.9400225998747045,0.0,0.0,-0.0,-0.9999628909147275,-0.008614916915488808,[ 0.00474093 -0.00192788 -0.0006816  -0.00192788  0.00168906  0.00064849
 -0.0006816   0.00064849  0.00106625  0.          0.          0.
  0.          0.          0.          0.          0.          0.
  0.          0.          0.          0.          0.          0.
  0.          0.          0.          0.          0.          0.
  0.          0.          0.          0.          0.          0.        ],0.0,0.0,0.0,0.0,0.0,0.0,[0. 0. 0. 0. 0. 0. 0. 0. 0. 0. 0. 0. 0. 0. 0. 0. 0. 0. 0. 0. 0. 0. 0. 0.
 0. 0. 0. 0. 0. 0. 0. 0. 0. 0. 0. 0.]
2.9976625442504883,,4.945596664315525,-4.940201102854096,0.0,0.0,-0.0,-0.9999517782763044,-0.009820444086516094,[ 0.00501657 -0.00206746 -0.00084099 -0.00206746  0.00185606  0.0007533
 -0.00084099  0.0007533   0.00112511  0.          0.          0.
  0.          0.          0.          0.          0.          0.
  0.          0.          0.          0.          0.          0.
  0.          0.          0.          0.          0.          0.
  0.          0.          0.          0.          0.          0.        ],0.0,0.0,0.0,0.0,0.0,0.0,[0. 0. 0. 0. 0. 0. 0. 0. 0. 0. 0. 0. 0. 0. 0. 0. 0. 0. 0. 0. 0. 0. 0. 0.
 0. 0. 0. 0. 0. 0. 0. 0. 0. 0. 0. 0.]
3.0165388584136963,,4.949368131689444,-4.943826657795103,0.0,0.0,-0.0,-0.9999487276645219,-0.010126304464304837,[ 0.00504647 -0.00218487 -0.00082705 -0.00218487  0.00187537  0.00068207
 -0.00082705  0.00068207  0.00106212  0.          0.          0.
  0.          0.          0.          0.          0.          0.
  0.          0.          0.          0.          0.          0.
  0.          0.          0.          0.          0.          0.
  0.          0.          0.          0.          0.          0.        ],0.0,0.0,0.0,0.0,0.0,0.0,[0. 0. 0. 0. 0. 0. 0. 0. 0. 0. 0. 0. 0. 0. 0. 0. 0. 0. 0. 0. 0. 0. 0. 0.
 0. 0. 0. 0. 0. 0. 0. 0. 0. 0. 0. 0.]
3.0333340167999268,,4.949262899520153,-4.941190398249951,0.0,0.0,-0.0,-0.9999576306123891,-0.00920526914636125,[ 0.00495783 -0.00195712 -0.00078771 -0.00195712  0.00171429  0.00070241
 -0.00078771  0.00070241  0.00110755  0.          0.          0.
  0.          0.          0.          0.          0.          0.
  0.          0.          0.          0.          0.          0.
  0.          0.          0.          0.          0.          0.
  0.          0.          0.          0.          0.          0.        ],0.0,0.0,0.0,0.0,0.0,0.0,[0. 0. 0. 0. 0. 0. 0. 0. 0. 0. 0. 0. 0. 0. 0. 0. 0. 0. 0. 0. 0. 0. 0. 0.
 0. 0. 0. 0. 0. 0. 0. 0. 0. 0. 0. 0.]
3.0529401302337646,,4.948790861474993,-4.942394710147462,0.0,0.0,-0.0,-0.9999546130041265,-0.00952743049135329,[ 0.00471995 -0.00195309 -0.00079213 -0.00195309  0.00166438  0.00070083
 -0.00079213  0.00070083  0.00110589  0.          0.          0.
  0.          0.          0.          0.          0.          0.
  0.          0.          0.          0.          0.          0.
  0.          0.          0.          0.          0.          0.
  0.          0.          0.          0.          0.          0.        ],0.0,0.0,0.0,0.0,0.0,0.0,[0. 0. 0. 0. 0. 0. 0. 0. 0. 0. 0. 0. 0. 0. 0. 0. 0. 0. 0. 0. 0. 0. 0. 0.
 0. 0. 0. 0. 0. 0. 0. 0. 0. 0. 0. 0.]
3.0809977054595947,,4.9436213787138525,-4.9384697958004296,0.0,0.0,-0.0,-0.9999612639478894,-0.008801738677070944,[ 0.0046445  -0.00180251 -0.00065    -0.00180251  0.00161594  0.00061831
 -0.00065     0.00061831  0.00111168  0.          0.          0.
  0.          0.          0.          0.          0.          0.
  0.          0.          0.          0.          0.          0.
  0.          0.          0.          0.          0.          0.
  0.          0.          0.          0.          0.          0.        ],0.0,0.0,0.0,0.0,0.0,0.0,[0. 0. 0. 0. 0. 0. 0. 0. 0. 0. 0. 0. 0. 0. 0. 0. 0. 0. 0. 0. 0. 0. 0. 0.
 0. 0. 0. 0. 0. 0. 0. 0. 0. 0. 0. 0.]
3.0985467433929443,,4.943181841463281,-4.938960561005305,0.0,0.0,-0.0,-0.9999607177310852,-0.008863576858865607,[ 0.00429321 -0.00173731 -0.00065256 -0.00173731  0.00164431  0.00062657
 -0.00065256  0.00062657  0.0010688   0.          0.          0.
  0.          0.          0.          0.          0.          0.
  0.          0.          0.          0.          0.          0.
  0.          0.          0.          0.          0.          0.
  0.          0.          0.          0.          0.          0.        ],0.0,0.0,0.0,0.0,0.0,0.0,[0. 0. 0. 0. 0. 0. 0. 0. 0. 0. 0. 0. 0. 0. 0. 0. 0. 0. 0. 0. 0. 0. 0. 0.
 0. 0. 0. 0. 0. 0. 0. 0. 0. 0. 0. 0.]
3.1120710372924805,,4.945218195794684,-4.939002416427302,0.0,0.0,-0.0,-0.999952286538191,-0.00976855398938554,[ 0.00464512 -0.00181754 -0.00066363 -0.00181754  0.00165033  0.00068329
 -0.00066363  0.00068329  0.0011888   0.          0.          0.
  0.          0.          0.          0.          0.          0.
  0.          0.          0.          0.          0.          0.
  0.          0.          0.          0.          0.          0.
  0.          0.          0.          0.          0.          0.        ],0.0,0.0,0.0,0.0,0.0,0.0,[0. 0. 0. 0. 0. 0. 0. 0. 0. 0. 0. 0. 0. 0. 0. 0. 0. 0. 0. 0. 0. 0. 0. 0.
 0. 0. 0. 0. 0. 0. 0. 0. 0. 0. 0. 0.]
3.1399295330047607,,4.947768780108995,-4.9386227450908065,0.0,0.0,-0.0,-0.9999617826874823,-0.008742606274590288,[ 0.00480577 -0.00197036 -0.00074089 -0.00197036  0.00182917  0.00074463
 -0.00074089  0.00074463  0.0011267   0.          0.          0.
  0.          0.          0.          0.          0.          0.
  0.          0.          0.          0.          0.          0.
  0.          0.          0.          0.          0.          0.
  0.          0.          0.          0.          0.          0.        ],0.0,0.0,0.0,0.0,0.0,0.0,[0. 0. 0. 0. 0. 0. 0. 0. 0. 0. 0. 0. 0. 0. 0. 0. 0. 0. 0. 0. 0. 0. 0. 0.
 0. 0. 0. 0. 0. 0. 0. 0. 0. 0. 0. 0.]
3.1564106941223145,,4.951348628688104,-4.941519532316702,0.0,0.0,-0.0,-0.9999513064535521,-0.009868369765785678,[ 0.00470997 -0.00197164 -0.00076885 -0.00197164  0.00182847  0.00072241
 -0.00076885  0.00072241  0.00115033  0.          0.          0.
  0.          0.          0.          0.          0.          0.
  0.          0.          0.          0.          0.          0.
  0.          0.          0.          0.          0.          0.
  0.          0.          0.          0.          0.          0.        ],0.0,0.0,0.0,0.0,0.0,0.0,[0. 0. 0. 0. 0. 0. 0. 0. 0. 0. 0. 0. 0. 0. 0. 0. 0. 0. 0. 0. 0. 0. 0. 0.
 0. 0. 0. 0. 0. 0. 0. 0. 0. 0. 0. 0.]
3.183583974838257,,4.948407906973352,-4.9382769463845815,0.0,0.0,-0.0,-0.9999619318636553,-0.008725527119108373,[ 0.0044207  -0.00180537 -0.00060511 -0.00180537  0.00164995  0.00061169
 -0.00060511  0.00061169  0.00108749  0.          0.          0.
  0.          0.          0.          0.          0.          0.
  0.          0.          0.          0.          0.          0.
  0.          0.          0.          0.          0.          0.
  0.          0.          0.          0.          0.          0.        ],0.0,0.0,0.0,0.0,0.0,0.0,[0. 0. 0. 0. 0. 0. 0. 0. 0. 0. 0. 0. 0. 0. 0. 0. 0. 0. 0. 0. 0. 0. 0. 0.
 0. 0. 0. 0. 0. 0. 0. 0. 0. 0. 0. 0.]
3.2016441822052,,4.945607705179711,-4.937054288680852,0.0,0.0,-0.0,-0.9999694722170281,-0.007813746476442361,[ 0.00446613 -0.00162433 -0.00063166 -0.00162433  0.00156107  0.00062764
 -0.00063166  0.00062764  0.00112269  0.          0.          0.
  0.          0.          0.          0.          0.          0.
  0.          0.          0.          0.          0.          0.
  0.          0.          0.          0.          0.          0.
  0.          0.          0.          0.          0.          0.        ],0.0,0.0,0.0,0.0,0.0,0.0,[0. 0. 0. 0. 0. 0. 0. 0. 0. 0. 0. 0. 0. 0. 0. 0. 0. 0. 0. 0. 0. 0. 0. 0.
 0. 0. 0. 0. 0. 0. 0. 0. 0. 0. 0. 0.]
3.2256994247436523,,4.943962738291036,-4.936085992949086,0.0,0.0,-0.0,-0.9999541610082883,-0.009574752331533477,[ 0.00451121 -0.0015936  -0.00071066 -0.0015936   0.00148618  0.00062577
 -0.00071066  0.00062577  0.00115194  0.          0.          0.
  0.          0.          0.          0.          0.          0.
  0.          0.          0.          0.          0.          0.
  0.          0.          0.          0.          0.          0.
  0.          0.          0.          0.          0.          0.        ],0.0,0.0,0.0,0.0,0.0,0.0,[0. 0. 0. 0. 0. 0. 0. 0. 0. 0. 0. 0. 0. 0. 0. 0. 0. 0. 0. 0. 0. 0. 0. 0.
 0. 0. 0. 0. 0. 0. 0. 0. 0. 0. 0. 0.]
3.246628999710083,,4.940297917232311,-4.933317967244278,0.0,0.0,-0.0,-0.9999730287651791,-0.007344504217054826,[ 0.00443498 -0.00152354 -0.00064047 -0.00152354  0.00146824  0.00060659
 -0.00064047  0.00060659  0.00114747  0.          0.          0.
  0.          0.          0.          0.          0.          0.
  0.          0.          0.          0.          0.          0.
  0.          0.          0.          0.          0.          0.
  0.          0.          0.          0.          0.          0.        ],0.0,0.0,0.0,0.0,0.0,0.0,[0. 0. 0. 0. 0. 0. 0. 0. 0. 0. 0. 0. 0. 0. 0. 0. 0. 0. 0. 0. 0. 0. 0. 0.
 0. 0. 0. 0. 0. 0. 0. 0. 0. 0. 0. 0.]
3.288214921951294,,4.938746089095938,-4.935500988066527,0.0,0.0,-0.0,-0.9999665525824686,-0.008178857886840822,[ 0.00452053 -0.00173409 -0.00076443 -0.00173409  0.00156026  0.00064935
 -0.00076443  0.00064935  0.00113612  0.          0.          0.
  0.          0.          0.          0.          0.          0.
  0.          0.          0.          0.          0.          0.
  0.          0.          0.          0.          0.          0.
  0.          0.          0.          0.          0.          0.        ],0.0,0.0,0.0,0.0,0.0,0.0,[0. 0. 0. 0. 0. 0. 0. 0. 0. 0. 0. 0. 0. 0. 0. 0. 0. 0. 0. 0. 0. 0. 0. 0.
 0. 0. 0. 0. 0. 0. 0. 0. 0. 0. 0. 0.]
3.3230981826782227,,4.943761211988812,-4.939504294599891,0.0,0.0,-0.0,-0.9999649568457348,-0.008371683254144335,[ 0.00452357 -0.00178155 -0.00064325 -0.00178155  0.00169681  0.00066801
 -0.00064325  0.00066801  0.00112546  0.          0.          0.
  0.          0.          0.          0.          0.          0.
  0.          0.          0.          0.          0.          0.
  0.          0.          0.          0.          0.          0.
  0.          0.          0.          0.          0.          0.        ],0.0,0.0,0.0,0.0,0.0,0.0,[0. 0. 0. 0. 0. 0. 0. 0. 0. 0. 0. 0. 0. 0. 0. 0. 0. 0. 0. 0. 0. 0. 0. 0.
 0. 0. 0. 0. 0. 0. 0. 0. 0. 0. 0. 0.]
3.3490753173828125,,4.943442200994673,-4.938538171773024,0.0,0.0,-0.0,-0.999960147683292,-0.008927656199079446,[ 0.00492143 -0.00192302 -0.00079238 -0.00192302  0.00165608  0.00062125
 -0.00079238  0.00062125  0.00108437  0.          0.          0.
  0.          0.          0.          0.          0.          0.
  0.          0.          0.          0.          0.          0.
  0.          0.          0.          0.          0.          0.
  0.          0.          0.          0.          0.          0.        ],0.0,0.0,0.0,0.0,0.0,0.0,[0. 0. 0. 0. 0. 0. 0. 0. 0. 0. 0. 0. 0. 0. 0. 0. 0. 0. 0. 0. 0. 0. 0. 0.
 0. 0. 0. 0. 0. 0. 0. 0. 0. 0. 0. 0.]
3.365508794784546,,4.9509347493781215,-4.940947849463821,0.0,0.0,-0.0,-0.9999650807207608,-0.008356873764883642,[ 0.00517992 -0.00206078 -0.00092848 -0.00206078  0.00178082  0.00077476
 -0.00092848  0.00077476  0.00118621  0.          0.          0.
  0.          0.          0.          0.          0.          0.
  0.          0.          0.          0.          0.          0.
  0.          0.          0.          0.          0.          0.
  0.          0.          0.          0.          0.          0.        ],0.0,0.0,0.0,0.0,0.0,0.0,[0. 0. 0. 0. 0. 0. 0. 0. 0. 0. 0. 0. 0. 0. 0. 0. 0. 0. 0. 0. 0. 0. 0. 0.
 0. 0. 0. 0. 0. 0. 0. 0. 0. 0. 0. 0.]
3.3876614570617676,,4.951489244147688,-4.940610706359555,0.0,0.0,-0.0,-0.99996291485698,-0.008612137407886748,[ 0.00536853 -0.00217169 -0.00076938 -0.00217169  0.00182247  0.00066752
 -0.00076938  0.00066752  0.00107228  0.          0.          0.
  0.          0.          0.          0.          0.          0.
  0.          0.          0.          0.          0.          0.
  0.          0.          0.          0.          0.          0.
  0.          0.          0.          0.          0.          0.        ],0.0,0.0,0.0,0.0,0.0,0.0,[0. 0. 0. 0. 0. 0. 0. 0. 0. 0. 0. 0. 0. 0. 0. 0. 0. 0. 0. 0. 0. 0. 0. 0.
 0. 0. 0. 0. 0. 0. 0. 0. 0. 0. 0. 0.]
3.4071950912475586,,4.95437518512239,-4.941783449380958,0.0,0.0,-0.0,-0.9999590114495743,-0.009054027876588008,[ 0.00536326 -0.00218048 -0.00079564 -0.00218048  0.00198853  0.00077596
 -0.00079564  0.00077596  0.00124633  0.          0.          0.
  0.          0.          0.          0.          0.          0.
  0.          0.          0.          0.          0.          0.
  0.          0.          0.          0.          0.          0.
  0.          0.          0.          0.          0.          0.        ],0.0,0.0,0.0,0.0,0.0,0.0,[0. 0. 0. 0. 0. 0. 0. 0. 0. 0. 0. 0. 0. 0. 0. 0. 0. 0. 0. 0. 0. 0. 0. 0.
 0. 0. 0. 0. 0. 0. 0. 0. 0. 0. 0. 0.]
3.430563449859619,,4.953233243202332,-4.942718674188522,0.0,0.0,-0.0,-0.9999505169542501,-0.009948047191689735,[ 0.00519294 -0.00205018 -0.00076038 -0.00205018  0.0018248   0.00073212
 -0.00076038  0.00073212  0.0011465   0.          0.          0.
  0.          0.          0.          0.          0.          0.
  0.          0.          0.          0.          0.          0.
  0.          0.          0.          0.          0.          0.
  0.          0.          0.          0.          0.          0.        ],0.0,0.0,0.0,0.0,0.0,0.0,[0. 0. 0. 0. 0. 0. 0. 0. 0. 0. 0. 0. 0. 0. 0. 0. 0. 0. 0. 0. 0. 0. 0. 0.
 0. 0. 0. 0. 0. 0. 0. 0. 0. 0. 0. 0.]
3.453923225402832,,4.955471601908042,-4.944467779541454,0.0,0.0,-0.0,-0.9999515435534332,-0.009844315370125943,[ 0.00511855 -0.00204953 -0.00083254 -0.00204953  0.00177219  0.0006987
 -0.00083254  0.0006987   0.0011557   0.          0.          0.
  0.          0.          0.          0.          0.          0.
  0.          0.          0.          0.          0.          0.
  0.          0.          0.          0.          0.          0.
  0.          0.          0.          0.          0.          0.        ],0.0,0.0,0.0,0.0,0.0,0.0,[0. 0. 0. 0. 0. 0. 0. 0. 0. 0. 0. 0. 0. 0. 0. 0. 0. 0. 0. 0. 0. 0. 0. 0.
 0. 0. 0. 0. 0. 0. 0. 0. 0. 0. 0. 0.]
3.4713242053985596,,4.957060351313844,-4.945311825449518,0.0,0.0,-0.0,-0.9999495005833439,-0.010049690697784568,[ 0.0050204  -0.00191127 -0.00081495 -0.00191127  0.00167592  0.00074081
 -0.00081495  0.00074081  0.00121434  0.          0.          0.
  0.          0.          0.          0.          0.          0.
  0.          0.          0.          0.          0.          0.
  0.          0.          0.          0.          0.          0.
  0.          0.          0.          0.          0.          0.        ],0.0,0.0,0.0,0.0,0.0,0.0,[0. 0. 0. 0. 0. 0. 0. 0. 0. 0. 0. 0. 0. 0. 0. 0. 0. 0. 0. 0. 0. 0. 0. 0.
 0. 0. 0. 0. 0. 0. 0. 0. 0. 0. 0. 0.]
3.4905924797058105,,4.9560114993148945,-4.9464725751536385,0.0,0.0,-0.0,-0.9999434408382315,-0.01063555943983,[ 0.00502717 -0.00199608 -0.00076853 -0.00199608  0.00179066  0.00070872
 -0.00076853  0.00070872  0.00106932  0.          0.          0.
  0.          0.          0.          0.          0.          0.
  0.          0.          0.          0.          0.          0.
  0.          0.          0.          0.          0.          0.
  0.          0.          0.          0.          0.          0.        ],0.0,0.0,0.0,0.0,0.0,0.0,[0. 0. 0. 0. 0. 0. 0. 0. 0. 0. 0. 0. 0. 0. 0. 0. 0. 0. 0. 0. 0. 0. 0. 0.
 0. 0. 0. 0. 0. 0. 0. 0. 0. 0. 0. 0.]
3.5112366676330566,,4.956934328234393,-4.945548887414818,0.0,0.0,-0.0,-0.9999448443318157,-0.010502775548430317,[ 0.00459611 -0.0019243  -0.00077912 -0.0019243   0.0018404   0.00075246
 -0.00077912  0.00075246  0.00115192  0.          0.          0.
  0.          0.          0.          0.          0.          0.
  0.          0.          0.          0.          0.          0.
  0.          0.          0.          0.          0.          0.
  0.          0.          0.          0.          0.          0.        ],0.0,0.0,0.0,0.0,0.0,0.0,[0. 0. 0. 0. 0. 0. 0. 0. 0. 0. 0. 0. 0. 0. 0. 0. 0. 0. 0. 0. 0. 0. 0. 0.
 0. 0. 0. 0. 0. 0. 0. 0. 0. 0. 0. 0.]
3.541670083999634,,4.960705769656935,-4.944846208804486,0.0,0.0,-0.0,-0.9999519916584286,-0.00979869268534529,[ 0.00491718 -0.00209896 -0.00077553 -0.00209896  0.00195212  0.00078307
 -0.00077553  0.00078307  0.00112512  0.          0.          0.
  0.          0.          0.          0.          0.          0.
  0.          0.          0.          0.          0.          0.
  0.          0.          0.          0.          0.          0.
  0.          0.          0.          0.          0.          0.        ],0.0,0.0,0.0,0.0,0.0,0.0,[0. 0. 0. 0. 0. 0. 0. 0. 0. 0. 0. 0. 0. 0. 0. 0. 0. 0. 0. 0. 0. 0. 0. 0.
 0. 0. 0. 0. 0. 0. 0. 0. 0. 0. 0. 0.]
3.5601837635040283,,4.958804422201121,-4.94436998078804,0.0,0.0,-0.0,-0.9999427551470985,-0.010699833121587466,[ 0.00448376 -0.00184749 -0.00066638 -0.00184749  0.00180008  0.00068541
 -0.00066638  0.00068541  0.00108263  0.          0.          0.
  0.          0.          0.          0.          0.          0.
  0.          0.          0.          0.          0.          0.
  0.          0.          0.          0.          0.          0.
  0.          0.          0.          0.          0.          0.        ],0.0,0.0,0.0,0.0,0.0,0.0,[0. 0. 0. 0. 0. 0. 0. 0. 0. 0. 0. 0. 0. 0. 0. 0. 0. 0. 0. 0. 0. 0. 0. 0.
 0. 0. 0. 0. 0. 0. 0. 0. 0. 0. 0. 0.]
3.5782530307769775,,4.951891235268118,-4.939894231436505,0.0,0.0,-0.0,-0.9999528335418975,-0.009712398855605209,[ 0.00447216 -0.00170753 -0.00079645 -0.00170753  0.00158499  0.00068152
 -0.00079645  0.00068152  0.00115037  0.          0.          0.
  0.          0.          0.          0.          0.          0.
  0.          0.          0.          0.          0.          0.
  0.          0.          0.          0.          0.          0.
  0.          0.          0.          0.          0.          0.        ],0.0,0.0,0.0,0.0,0.0,0.0,[0. 0. 0. 0. 0. 0. 0. 0. 0. 0. 0. 0. 0. 0. 0. 0. 0. 0. 0. 0. 0. 0. 0. 0.
 0. 0. 0. 0. 0. 0. 0. 0. 0. 0. 0. 0.]
3.595632553100586,,4.944970682783824,-4.938326285727054,0.0,0.0,-0.0,-0.9999605955244548,-0.008877353117770305,[ 0.00407427 -0.00165422 -0.00074195 -0.00165422  0.0016191   0.0006945
 -0.00074195  0.0006945   0.00116204  0.          0.          0.
  0.          0.          0.          0.          0.          0.
  0.          0.          0.          0.          0.          0.
  0.          0.          0.          0.          0.          0.
  0.          0.          0.          0.          0.          0.        ],0.0,0.0,0.0,0.0,0.0,0.0,[0. 0. 0. 0. 0. 0. 0. 0. 0. 0. 0. 0. 0. 0. 0. 0. 0. 0. 0. 0. 0. 0. 0. 0.
 0. 0. 0. 0. 0. 0. 0. 0. 0. 0. 0. 0.]
3.615889072418213,,4.948664781474376,-4.937757073038132,0.0,0.0,-0.0,-0.999960042364857,-0.008939444819083181,[ 0.0045917  -0.001866   -0.00069396 -0.001866    0.00164556  0.00064559
 -0.00069396  0.00064559  0.00108141  0.          0.          0.
  0.          0.          0.          0.          0.          0.
  0.          0.          0.          0.          0.          0.
  0.          0.          0.          0.          0.          0.
  0.          0.          0.          0.          0.          0.        ],0.0,0.0,0.0,0.0,0.0,0.0,[0. 0. 0. 0. 0. 0. 0. 0. 0. 0. 0. 0. 0. 0. 0. 0. 0. 0. 0. 0. 0. 0. 0. 0.
 0. 0. 0. 0. 0. 0. 0. 0. 0. 0. 0. 0.]
3.633837938308716,,4.947558775202247,-4.936069741859456,0.0,0.0,-0.0,-0.999965645260424,-0.00828904692373766,[ 0.0044573  -0.00182975 -0.00072457 -0.00182975  0.00158451  0.00062399
 -0.00072457  0.00062399  0.00099543  0.          0.          0.
  0.          0.          0.          0.          0.          0.
  0.          0.          0.          0.          0.          0.
  0.          0.          0.          0.          0.          0.
  0.          0.          0.          0.          0.          0.        ],0.0,0.0,0.0,0.0,0.0,0.0,[0. 0. 0. 0. 0. 0. 0. 0. 0. 0. 0. 0. 0. 0. 0. 0. 0. 0. 0. 0. 0. 0. 0. 0.
 0. 0. 0. 0. 0. 0. 0. 0. 0. 0. 0. 0.]
3.649203062057495,,4.946118018890692,-4.938020128207453,0.0,0.0,-0.0,-0.9999635532783555,-0.008537687914498316,[ 0.00473256 -0.00188651 -0.00069548 -0.00188651  0.00162804  0.00062804
 -0.00069548  0.00062804  0.00105936  0.          0.          0.
  0.          0.          0.          0.          0.          0.
  0.          0.          0.          0.          0.          0.
  0.          0.          0.          0.          0.          0.
  0.          0.          0.          0.          0.          0.        ],0.0,0.0,0.0,0.0,0.0,0.0,[0. 0. 0. 0. 0. 0. 0. 0. 0. 0. 0. 0. 0. 0. 0. 0. 0. 0. 0. 0. 0. 0. 0. 0.
 0. 0. 0. 0. 0. 0. 0. 0. 0. 0. 0. 0.]
3.677281379699707,,4.948490589926303,-4.937741946301867,0.0,0.0,-0.0,-0.9999655748545704,-0.008297536126378015,[ 0.00514338 -0.00210981 -0.00076009 -0.00210981  0.00177386  0.00068891
 -0.00076009  0.00068891  0.00106142  0.          0.          0.
  0.          0.          0.          0.          0.          0.
  0.          0.          0.          0.          0.          0.
  0.          0.          0.          0.          0.          0.
  0.          0.          0.          0.          0.          0.        ],0.0,0.0,0.0,0.0,0.0,0.0,[0. 0. 0. 0. 0. 0. 0. 0. 0. 0. 0. 0. 0. 0. 0. 0. 0. 0. 0. 0. 0. 0. 0. 0.
 0. 0. 0. 0. 0. 0. 0. 0. 0. 0. 0. 0.]
3.704256057739258,,4.947934690893723,-4.936554757925036,0.0,0.0,-0.0,-0.9999646134636332,-0.008412598916306802,[ 0.00517678 -0.00207092 -0.00068899 -0.00207092  0.00170934  0.00064128
 -0.00068899  0.00064128  0.00106105  0.          0.          0.
  0.          0.          0.          0.          0.          0.
  0.          0.          0.          0.          0.          0.
  0.          0.          0.          0.          0.          0.
  0.          0.          0.          0.          0.          0.        ],0.0,0.0,0.0,0.0,0.0,0.0,[0. 0. 0. 0. 0. 0. 0. 0. 0. 0. 0. 0. 0. 0. 0. 0. 0. 0. 0. 0. 0. 0. 0. 0.
 0. 0. 0. 0. 0. 0. 0. 0. 0. 0. 0. 0.]
3.7245662212371826,,4.945555648986759,-4.936139331114296,0.0,0.0,-0.0,-0.9999512993640794,-0.009869088108288283,[ 0.00555975 -0.00232643 -0.00082589 -0.00232643  0.00192296  0.00077528
 -0.00082589  0.00077528  0.00118594  0.          0.          0.
  0.          0.          0.          0.          0.          0.
  0.          0.          0.          0.          0.          0.
  0.          0.          0.          0.          0.          0.
  0.          0.          0.          0.          0.          0.        ],0.0,0.0,0.0,0.0,0.0,0.0,[0. 0. 0. 0. 0. 0. 0. 0. 0. 0. 0. 0. 0. 0. 0. 0. 0. 0. 0. 0. 0. 0. 0. 0.
 0. 0. 0. 0. 0. 0. 0. 0. 0. 0. 0. 0.]
3.748889446258545,,4.940808630191221,-4.935823749030623,0.0,0.0,-0.0,-0.9999693927261751,-0.007823912757978868,[ 0.00592906 -0.00249007 -0.00098518 -0.00249007  0.00203306  0.0007768
 -0.00098518  0.0007768   0.00112916  0.          0.          0.
  0.          0.          0.          0.          0.          0.
  0.          0.          0.          0.          0.          0.
  0.          0.          0.          0.          0.          0.
  0.          0.          0.          0.          0.          0.        ],0.0,0.0,0.0,0.0,0.0,0.0,[0. 0. 0. 0. 0. 0. 0. 0. 0. 0. 0. 0. 0. 0. 0. 0. 0. 0. 0. 0. 0. 0. 0. 0.
 0. 0. 0. 0. 0. 0. 0. 0. 0. 0. 0. 0.]
3.770940065383911,,4.945098816994457,-4.936847110217863,0.0,0.0,-0.0,-0.9999647384688731,-0.008397727006640515,[ 0.00583565 -0.00236192 -0.00093246 -0.00236192  0.00194867  0.0008048
 -0.00093246  0.0008048   0.00121872  0.          0.          0.
  0.          0.          0.          0.          0.          0.
  0.          0.          0.          0.          0.          0.
  0.          0.          0.          0.          0.          0.
  0.          0.          0.          0.          0.          0.        ],0.0,0.0,0.0,0.0,0.0,0.0,[0. 0. 0. 0. 0. 0. 0. 0. 0. 0. 0. 0. 0. 0. 0. 0. 0. 0. 0. 0. 0. 0. 0. 0.
 0. 0. 0. 0. 0. 0. 0. 0. 0. 0. 0. 0.]
3.790135145187378,,4.944955212249589,-4.938904263343234,0.0,0.0,-0.0,-0.9999566875609779,-0.009307147902389682,[ 0.00545824 -0.00243198 -0.00098964 -0.00243198  0.0020609   0.00085303
 -0.00098964  0.00085303  0.00119726  0.          0.          0.
  0.          0.          0.          0.          0.          0.
  0.          0.          0.          0.          0.          0.
  0.          0.          0.          0.          0.          0.
  0.          0.          0.          0.          0.          0.        ],0.0,0.0,0.0,0.0,0.0,0.0,[0. 0. 0. 0. 0. 0. 0. 0. 0. 0. 0. 0. 0. 0. 0. 0. 0. 0. 0. 0. 0. 0. 0. 0.
 0. 0. 0. 0. 0. 0. 0. 0. 0. 0. 0. 0.]
3.812882423400879,,4.948011353623141,-4.941086105025683,0.0,0.0,-0.0,-0.9999539612490691,-0.009595591815783393,[ 0.00549038 -0.00238201 -0.00096596 -0.00238201  0.00195255  0.0007524
 -0.00096596  0.0007524   0.00110533  0.          0.          0.
  0.          0.          0.          0.          0.          0.
  0.          0.          0.          0.          0.          0.
  0.          0.          0.          0.          0.          0.
  0.          0.          0.          0.          0.          0.        ],0.0,0.0,0.0,0.0,0.0,0.0,[0. 0. 0. 0. 0. 0. 0. 0. 0. 0. 0. 0. 0. 0. 0. 0. 0. 0. 0. 0. 0. 0. 0. 0.
 0. 0. 0. 0. 0. 0. 0. 0. 0. 0. 0. 0.]
3.8321306705474854,,4.947412873292526,-4.939289578272912,0.0,0.0,-0.0,-0.9999570018107439,-0.009273323550274052,[ 0.00528868 -0.00241614 -0.00100813 -0.00241614  0.00199573  0.00086408
 -0.00100813  0.00086408  0.00118182  0.          0.          0.
  0.          0.          0.          0.          0.          0.
  0.          0.          0.          0.          0.          0.
  0.          0.          0.          0.          0.          0.
  0.          0.          0.          0.          0.          0.        ],0.0,0.0,0.0,0.0,0.0,0.0,[0. 0. 0. 0. 0. 0. 0. 0. 0. 0. 0. 0. 0. 0. 0. 0. 0. 0. 0. 0. 0. 0. 0. 0.
 0. 0. 0. 0. 0. 0. 0. 0. 0. 0. 0. 0.]
3.856417417526245,,4.943738917999978,-4.938547880798817,0.0,0.0,-0.0,-0.9999630680232474,-0.008594334734826159,[ 0.00489544 -0.00204033 -0.00083477 -0.00204033  0.00179261  0.00076994
 -0.00083477  0.00076994  0.001187    0.          0.          0.
  0.          0.          0.          0.          0.          0.
  0.          0.          0.          0.          0.          0.
  0.          0.          0.          0.          0.          0.
  0.          0.          0.          0.          0.          0.        ],0.0,0.0,0.0,0.0,0.0,0.0,[0. 0. 0. 0. 0. 0. 0. 0. 0. 0. 0. 0. 0. 0. 0. 0. 0. 0. 0. 0. 0. 0. 0. 0.
 0. 0. 0. 0. 0. 0. 0. 0. 0. 0. 0. 0.]
3.8764705657958984,,4.947261895278159,-4.9392579233975304,0.0,0.0,-0.0,-0.9999591008555297,-0.009044148174393642,[ 0.00512239 -0.00203679 -0.00082814 -0.00203679  0.00170157  0.00070978
 -0.00082814  0.00070978  0.00115739  0.          0.          0.
  0.          0.          0.          0.          0.          0.
  0.          0.          0.          0.          0.          0.
  0.          0.          0.          0.          0.          0.
  0.          0.          0.          0.          0.          0.        ],0.0,0.0,0.0,0.0,0.0,0.0,[0. 0. 0. 0. 0. 0. 0. 0. 0. 0. 0. 0. 0. 0. 0. 0. 0. 0. 0. 0. 0. 0. 0. 0.
 0. 0. 0. 0. 0. 0. 0. 0. 0. 0. 0. 0.]
3.912543773651123,,4.944811757237078,-4.93798345747159,0.0,0.0,-0.0,-0.9999627259675634,-0.00863404166770049,[ 0.00494576 -0.00193548 -0.0008439  -0.00193548  0.00171499  0.00074098
 -0.0008439   0.00074098  0.00121776  0.          0.          0.
  0.          0.          0.          0.          0.          0.
  0.          0.          0.          0.          0.          0.
  0.          0.          0.          0.          0.          0.
  0.          0.          0.          0.          0.          0.        ],0.0,0.0,0.0,0.0,0.0,0.0,[0. 0. 0. 0. 0. 0. 0. 0. 0. 0. 0. 0. 0. 0. 0. 0. 0. 0. 0. 0. 0. 0. 0. 0.
 0. 0. 0. 0. 0. 0. 0. 0. 0. 0. 0. 0.]
3.931232452392578,,4.943192524912518,-4.935321606588333,0.0,0.0,-0.0,-0.9999714178430792,-0.00756065452866925,[ 0.00487324 -0.00199298 -0.00071153 -0.00199298  0.00177123  0.00069499
 -0.00071153  0.00069499  0.00117734  0.          0.          0.
  0.          0.          0.          0.          0.          0.
  0.          0.          0.          0.          0.          0.
  0.          0.          0.          0.          0.          0.
  0.          0.          0.          0.          0.          0.        ],0.0,0.0,0.0,0.0,0.0,0.0,[0. 0. 0. 0. 0. 0. 0. 0. 0. 0. 0. 0. 0. 0. 0. 0. 0. 0. 0. 0. 0. 0. 0. 0.
 0. 0. 0. 0. 0. 0. 0. 0. 0. 0. 0. 0.]
3.9530227184295654,,4.943653009505668,-4.936777198037278,0.0,0.0,-0.0,-0.9999599662160509,-0.008947958716618597,[ 0.00488349 -0.00192679 -0.0006683  -0.00192679  0.00177675  0.00064009
 -0.0006683   0.00064009  0.00113029  0.          0.          0.
  0.          0.          0.          0.          0.          0.
  0.          0.          0.          0.          0.          0.
  0.          0.          0.          0.          0.          0.
  0.          0.          0.          0.          0.          0.        ],0.0,0.0,0.0,0.0,0.0,0.0,[0. 0. 0. 0. 0. 0. 0. 0. 0. 0. 0. 0. 0. 0. 0. 0. 0. 0. 0. 0. 0. 0. 0. 0.
 0. 0. 0. 0. 0. 0. 0. 0. 0. 0. 0. 0.]
3.9788613319396973,,4.9463689736545,-4.939292994896985,0.0,0.0,-0.0,-0.9999587103254098,-0.009087224237520822,[ 0.00523942 -0.00229424 -0.00084657 -0.00229424  0.00193639  0.00069853
 -0.00084657  0.00069853  0.0011197   0.          0.          0.
  0.          0.          0.          0.          0.          0.
  0.          0.          0.          0.          0.          0.
  0.          0.          0.          0.          0.          0.
  0.          0.          0.          0.          0.          0.        ],0.0,0.0,0.0,0.0,0.0,0.0,[0. 0. 0. 0. 0. 0. 0. 0. 0. 0. 0. 0. 0. 0. 0. 0. 0. 0. 0. 0. 0. 0. 0. 0.
 0. 0. 0. 0. 0. 0. 0. 0. 0. 0. 0. 0.]
3.9979546070098877,,4.941447672832641,-4.93549132787843,0.0,0.0,-0.0,-0.9999649655358522,-0.00837064518910179,[ 0.00518845 -0.00222797 -0.00086418 -0.00222797  0.00187204  0.00074191
 -0.00086418  0.00074191  0.00116508  0.          0.          0.
  0.          0.          0.          0.          0.          0.
  0.          0.          0.          0.          0.          0.
  0.          0.          0.          0.          0.          0.
  0.          0.          0.          0.          0.          0.        ],0.0,0.0,0.0,0.0,0.0,0.0,[0. 0. 0. 0. 0. 0. 0. 0. 0. 0. 0. 0. 0. 0. 0. 0. 0. 0. 0. 0. 0. 0. 0. 0.
 0. 0. 0. 0. 0. 0. 0. 0. 0. 0. 0. 0.]
4.017767906188965,,4.938999377390401,-4.932871070030278,0.0,0.0,-0.0,-0.9999692275846335,-0.007844991000088298,[ 0.00530433 -0.00230248 -0.00095878 -0.00230248  0.00196186  0.000841
 -0.00095878  0.000841    0.00120939  0.          0.          0.
  0.          0.          0.          0.          0.          0.
  0.          0.          0.          0.          0.          0.
  0.          0.          0.          0.          0.          0.
  0.          0.          0.          0.          0.          0.        ],0.0,0.0,0.0,0.0,0.0,0.0,[0. 0. 0. 0. 0. 0. 0. 0. 0. 0. 0. 0. 0. 0. 0. 0. 0. 0. 0. 0. 0. 0. 0. 0.
 0. 0. 0. 0. 0. 0. 0. 0. 0. 0. 0. 0.]
4.035110950469971,,4.933673230144172,-4.931174987368849,0.0,0.0,-0.0,-0.999970109587588,-0.007731748274956506,[ 0.00524617 -0.00213075 -0.00079915 -0.00213075  0.00188989  0.00070874
 -0.00079915  0.00070874  0.00117733  0.          0.          0.
  0.          0.          0.          0.          0.          0.
  0.          0.          0.          0.          0.          0.
  0.          0.          0.          0.          0.          0.
  0.          0.          0.          0.          0.          0.        ],0.0,0.0,0.0,0.0,0.0,0.0,[0. 0. 0. 0. 0. 0. 0. 0. 0. 0. 0. 0. 0. 0. 0. 0. 0. 0. 0. 0. 0. 0. 0. 0.
 0. 0. 0. 0. 0. 0. 0. 0. 0. 0. 0. 0.]
4.057735204696655,,4.9345832739516835,-4.933235808044589,0.0,0.0,-0.0,-0.9999610738070962,-0.00882331403493265,[ 0.00460931 -0.00188147 -0.00075959 -0.00188147  0.00169463  0.00072838
 -0.00075959  0.00072838  0.00116533  0.          0.          0.
  0.          0.          0.          0.          0.          0.
  0.          0.          0.          0.          0.          0.
  0.          0.          0.          0.          0.          0.
  0.          0.          0.          0.          0.          0.        ],0.0,0.0,0.0,0.0,0.0,0.0,[0. 0. 0. 0. 0. 0. 0. 0. 0. 0. 0. 0. 0. 0. 0. 0. 0. 0. 0. 0. 0. 0. 0. 0.
 0. 0. 0. 0. 0. 0. 0. 0. 0. 0. 0. 0.]
4.081990957260132,,4.942257205976531,-4.935399411031179,0.0,0.0,-0.0,-0.9999670129475811,-0.008122377527072271,[ 0.00470672 -0.00188808 -0.00066497 -0.00188808  0.00174175  0.00062621
 -0.00066497  0.00062621  0.00109218  0.          0.          0.
  0.          0.          0.          0.          0.          0.
  0.          0.          0.          0.          0.          0.
  0.          0.          0.          0.          0.          0.
  0.          0.          0.          0.          0.          0.        ],0.0,0.0,0.0,0.0,0.0,0.0,[0. 0. 0. 0. 0. 0. 0. 0. 0. 0. 0. 0. 0. 0. 0. 0. 0. 0. 0. 0. 0. 0. 0. 0.
 0. 0. 0. 0. 0. 0. 0. 0. 0. 0. 0. 0.]
4.0953733921051025,,4.9425066894729595,-4.935468434787417,0.0,0.0,-0.0,-0.9999633310023223,-0.008563682078412993,[ 0.00505799 -0.00217635 -0.00089313 -0.00217635  0.00182947  0.00070517
 -0.00089313  0.00070517  0.00107837  0.          0.          0.
  0.          0.          0.          0.          0.          0.
  0.          0.          0.          0.          0.          0.
  0.          0.          0.          0.          0.          0.
  0.          0.          0.          0.          0.          0.        ],0.0,0.0,0.0,0.0,0.0,0.0,[0. 0. 0. 0. 0. 0. 0. 0. 0. 0. 0. 0. 0. 0. 0. 0. 0. 0. 0. 0. 0. 0. 0. 0.
 0. 0. 0. 0. 0. 0. 0. 0. 0. 0. 0. 0.]
4.1224048137664795,,4.94064024119513,-4.934570272429938,0.0,0.0,-0.0,-0.9999646299864848,-0.008410634696169471,[ 0.00516432 -0.00216985 -0.00090902 -0.00216985  0.00188556  0.00079319
 -0.00090902  0.00079319  0.00118224  0.          0.          0.
  0.          0.          0.          0.          0.          0.
  0.          0.          0.          0.          0.          0.
  0.          0.          0.          0.          0.          0.
  0.          0.          0.          0.          0.          0.        ],0.0,0.0,0.0,0.0,0.0,0.0,[0. 0. 0. 0. 0. 0. 0. 0. 0. 0. 0. 0. 0. 0. 0. 0. 0. 0. 0. 0. 0. 0. 0. 0.
 0. 0. 0. 0. 0. 0. 0. 0. 0. 0. 0. 0.]
4.138349771499634,,4.947245887796461,-4.940169145589488,0.0,0.0,-0.0,-0.9999524108942839,-0.009755816045276628,[ 0.00502645 -0.00213638 -0.00086552 -0.00213638  0.00192481  0.0008014
 -0.00086552  0.0008014   0.00116811  0.          0.          0.
  0.          0.          0.          0.          0.          0.
  0.          0.          0.          0.          0.          0.
  0.          0.          0.          0.          0.          0.
  0.          0.          0.          0.          0.          0.        ],0.0,0.0,0.0,0.0,0.0,0.0,[0. 0. 0. 0. 0. 0. 0. 0. 0. 0. 0. 0. 0. 0. 0. 0. 0. 0. 0. 0. 0. 0. 0. 0.
 0. 0. 0. 0. 0. 0. 0. 0. 0. 0. 0. 0.]
4.163142442703247,,4.948664497451797,-4.9388670500354594,0.0,0.0,-0.0,-0.9999593370382204,-0.009017997010577889,[ 0.00479372 -0.00204054 -0.00086022 -0.00204054  0.00181848  0.00079433
 -0.00086022  0.00079433  0.00117877  0.          0.          0.
  0.          0.          0.          0.          0.          0.
  0.          0.          0.          0.          0.          0.
  0.          0.          0.          0.          0.          0.
  0.          0.          0.          0.          0.          0.        ],0.0,0.0,0.0,0.0,0.0,0.0,[0. 0. 0. 0. 0. 0. 0. 0. 0. 0. 0. 0. 0. 0. 0. 0. 0. 0. 0. 0. 0. 0. 0. 0.
 0. 0. 0. 0. 0. 0. 0. 0. 0. 0. 0. 0.]
4.1843483448028564,,4.949406205028591,-4.94112324861937,0.0,0.0,-0.0,-0.9999584606461982,-0.009114657540773431,[ 0.00501763 -0.0021761  -0.00095122 -0.0021761   0.00193386  0.00080057
 -0.00095122  0.00080057  0.00118387  0.          0.          0.
  0.          0.          0.          0.          0.          0.
  0.          0.          0.          0.          0.          0.
  0.          0.          0.          0.          0.          0.
  0.          0.          0.          0.          0.          0.        ],0.0,0.0,0.0,0.0,0.0,0.0,[0. 0. 0. 0. 0. 0. 0. 0. 0. 0. 0. 0. 0. 0. 0. 0. 0. 0. 0. 0. 0. 0. 0. 0.
 0. 0. 0. 0. 0. 0. 0. 0. 0. 0. 0. 0.]
4.204164028167725,,4.951452296206355,-4.940406242019846,0.0,0.0,-0.0,-0.999955656252748,-0.009417299407805215,[ 0.00487617 -0.00198678 -0.00077943 -0.00198678  0.00177511  0.00068064
 -0.00077943  0.00068064  0.00116172  0.          0.          0.
  0.          0.          0.          0.          0.          0.
  0.          0.          0.          0.          0.          0.
  0.          0.          0.          0.          0.          0.
  0.          0.          0.          0.          0.          0.        ],0.0,0.0,0.0,0.0,0.0,0.0,[0. 0. 0. 0. 0. 0. 0. 0. 0. 0. 0. 0. 0. 0. 0. 0. 0. 0. 0. 0. 0. 0. 0. 0.
 0. 0. 0. 0. 0. 0. 0. 0. 0. 0. 0. 0.]
4.224021911621094,,4.94792409165714,-4.938485128518598,0.0,0.0,-0.0,-0.9999549866695243,-0.00948813125707627,[ 0.00421468 -0.00172586 -0.00066494 -0.00172586  0.00168711  0.00065127
 -0.00066494  0.00065127  0.00105643  0.          0.          0.
  0.          0.          0.          0.          0.          0.
  0.          0.          0.          0.          0.          0.
  0.          0.          0.          0.          0.          0.
  0.          0.          0.          0.          0.          0.        ],0.0,0.0,0.0,0.0,0.0,0.0,[0. 0. 0. 0. 0. 0. 0. 0. 0. 0. 0. 0. 0. 0. 0. 0. 0. 0. 0. 0. 0. 0. 0. 0.
 0. 0. 0. 0. 0. 0. 0. 0. 0. 0. 0. 0.]
4.243598222732544,,4.94879965390715,-4.938203096558269,0.0,0.0,-0.0,-0.9999581063822371,-0.009153440907685658,[ 0.00449582 -0.00186877 -0.00071704 -0.00186877  0.0017696   0.00070638
 -0.00071704  0.00070638  0.00112192  0.          0.          0.
  0.          0.          0.          0.          0.          0.
  0.          0.          0.          0.          0.          0.
  0.          0.          0.          0.          0.          0.
  0.          0.          0.          0.          0.          0.        ],0.0,0.0,0.0,0.0,0.0,0.0,[0. 0. 0. 0. 0. 0. 0. 0. 0. 0. 0. 0. 0. 0. 0. 0. 0. 0. 0. 0. 0. 0. 0. 0.
 0. 0. 0. 0. 0. 0. 0. 0. 0. 0. 0. 0.]
4.267787218093872,,4.949146672318743,-4.938306761558556,0.0,0.0,-0.0,-0.9999661815403746,-0.00822409724908963,[ 0.00431366 -0.00164768 -0.00058669 -0.00164768  0.00158483  0.00058304
 -0.00058669  0.00058304  0.00108312  0.          0.          0.
  0.          0.          0.          0.          0.          0.
  0.          0.          0.          0.          0.          0.
  0.          0.          0.          0.          0.          0.
  0.          0.          0.          0.          0.          0.        ],0.0,0.0,0.0,0.0,0.0,0.0,[0. 0. 0. 0. 0. 0. 0. 0. 0. 0. 0. 0. 0. 0. 0. 0. 0. 0. 0. 0. 0. 0. 0. 0.
 0. 0. 0. 0. 0. 0. 0. 0. 0. 0. 0. 0.]
4.290063381195068,,4.944491442488676,-4.937222532161335,0.0,0.0,-0.0,-0.9999671996677214,-0.008099357301376004,[ 0.00438466 -0.00161899 -0.00069826 -0.00161899  0.00159728  0.00070231
 -0.00069826  0.00070231  0.00114513  0.          0.          0.
  0.          0.          0.          0.          0.          0.
  0.          0.          0.          0.          0.          0.
  0.          0.          0.          0.          0.          0.
  0.          0.          0.          0.          0.          0.        ],0.0,0.0,0.0,0.0,0.0,0.0,[0. 0. 0. 0. 0. 0. 0. 0. 0. 0. 0. 0. 0. 0. 0. 0. 0. 0. 0. 0. 0. 0. 0. 0.
 0. 0. 0. 0. 0. 0. 0. 0. 0. 0. 0. 0.]
4.307230234146118,,4.95173457901183,-4.942349996749105,0.0,0.0,-0.0,-0.9999644985379316,-0.008426248499956155,[ 0.0048703  -0.00181471 -0.00067975 -0.00181471  0.00168776  0.0006494
 -0.00067975  0.0006494   0.00110738  0.          0.          0.
  0.          0.          0.          0.          0.          0.
  0.          0.          0.          0.          0.          0.
  0.          0.          0.          0.          0.          0.
  0.          0.          0.          0.          0.          0.        ],0.0,0.0,0.0,0.0,0.0,0.0,[0. 0. 0. 0. 0. 0. 0. 0. 0. 0. 0. 0. 0. 0. 0. 0. 0. 0. 0. 0. 0. 0. 0. 0.
 0. 0. 0. 0. 0. 0. 0. 0. 0. 0. 0. 0.]
4.333391427993774,,4.947400375874993,-4.937651852018663,0.0,0.0,-0.0,-0.9999605935194372,-0.00887757896359376,[ 0.00499363 -0.00199434 -0.00075151 -0.00199434  0.00176764  0.00070322
 -0.00075151  0.00070322  0.00118674  0.          0.          0.
  0.          0.          0.          0.          0.          0.
  0.          0.          0.          0.          0.          0.
  0.          0.          0.          0.          0.          0.
  0.          0.          0.          0.          0.          0.        ],0.0,0.0,0.0,0.0,0.0,0.0,[0. 0. 0. 0. 0. 0. 0. 0. 0. 0. 0. 0. 0. 0. 0. 0. 0. 0. 0. 0. 0. 0. 0. 0.
 0. 0. 0. 0. 0. 0. 0. 0. 0. 0. 0. 0.]
4.350700616836548,,4.950171373048962,-4.939982202261362,0.0,0.0,-0.0,-0.9999554663427794,-0.009437443043242913,[ 0.00457008 -0.0019051  -0.00076969 -0.0019051   0.00175675  0.00074603
 -0.00076969  0.00074603  0.001183    0.          0.          0.
  0.          0.          0.          0.          0.          0.
  0.          0.          0.          0.          0.          0.
  0.          0.          0.          0.          0.          0.
  0.          0.          0.          0.          0.          0.        ],0.0,0.0,0.0,0.0,0.0,0.0,[0. 0. 0. 0. 0. 0. 0. 0. 0. 0. 0. 0. 0. 0. 0. 0. 0. 0. 0. 0. 0. 0. 0. 0.
 0. 0. 0. 0. 0. 0. 0. 0. 0. 0. 0. 0.]
4.3906660079956055,,4.94811952066128,-4.937231172044737,0.0,0.0,-0.0,-0.9999634100272417,-0.008554449525872563,[ 0.00454943 -0.00180381 -0.00067302 -0.00180381  0.00164652  0.00061747
 -0.00067302  0.00061747  0.00102831  0.          0.          0.
  0.          0.          0.          0.          0.          0.
  0.          0.          0.          0.          0.          0.
  0.          0.          0.          0.          0.          0.
  0.          0.          0.          0.          0.          0.        ],0.0,0.0,0.0,0.0,0.0,0.0,[0. 0. 0. 0. 0. 0. 0. 0. 0. 0. 0. 0. 0. 0. 0. 0. 0. 0. 0. 0. 0. 0. 0. 0.
 0. 0. 0. 0. 0. 0. 0. 0. 0. 0. 0. 0.]
4.41710090637207,,4.94527892334855,-4.93529917566754,0.0,0.0,-0.0,-0.9999691119732825,-0.007859713694829995,[ 0.00480852 -0.0019306  -0.00071812 -0.0019306   0.00165688  0.00064077
 -0.00071812  0.00064077  0.00111134  0.          0.          0.
  0.          0.          0.          0.          0.          0.
  0.          0.          0.          0.          0.          0.
  0.          0.          0.          0.          0.          0.
  0.          0.          0.          0.          0.          0.        ],0.0,0.0,0.0,0.0,0.0,0.0,[0. 0. 0. 0. 0. 0. 0. 0. 0. 0. 0. 0. 0. 0. 0. 0. 0. 0. 0. 0. 0. 0. 0. 0.
 0. 0. 0. 0. 0. 0. 0. 0. 0. 0. 0. 0.]
4.4337499141693115,,4.949374202400133,-4.938148738296192,0.0,0.0,-0.0,-0.999966964961213,-0.008128283106549545,[ 0.00442036 -0.00176642 -0.00059526 -0.00176642  0.00161468  0.00059975
 -0.00059526  0.00059975  0.00106655  0.          0.          0.
  0.          0.          0.          0.          0.          0.
  0.          0.          0.          0.          0.          0.
  0.          0.          0.          0.          0.          0.
  0.          0.          0.          0.          0.          0.        ],0.0,0.0,0.0,0.0,0.0,0.0,[0. 0. 0. 0. 0. 0. 0. 0. 0. 0. 0. 0. 0. 0. 0. 0. 0. 0. 0. 0. 0. 0. 0. 0.
 0. 0. 0. 0. 0. 0. 0. 0. 0. 0. 0. 0.]
4.462501049041748,,4.957816586311945,-4.943553741645393,0.0,0.0,-0.0,-0.9999538320660376,-0.009609044512674803,[ 0.0045519  -0.00194836 -0.00071067 -0.00194836  0.00177409  0.00068196
 -0.00071067  0.00068196  0.00106073  0.          0.          0.
  0.          0.          0.          0.          0.          0.
  0.          0.          0.          0.          0.          0.
  0.          0.          0.          0.          0.          0.
  0.          0.          0.          0.          0.          0.        ],0.0,0.0,0.0,0.0,0.0,0.0,[0. 0. 0. 0. 0. 0. 0. 0. 0. 0. 0. 0. 0. 0. 0. 0. 0. 0. 0. 0. 0. 0. 0. 0.
 0. 0. 0. 0. 0. 0. 0. 0. 0. 0. 0. 0.]
4.479966878890991,,4.958696603871113,-4.9446659531843355,0.0,0.0,-0.0,-0.9999529273380343,-0.009702737144526267,[ 0.00489835 -0.00206731 -0.0007824  -0.00206731  0.00191865  0.00075376
 -0.0007824   0.00075376  0.00113763  0.          0.          0.
  0.          0.          0.          0.          0.          0.
  0.          0.          0.          0.          0.          0.
  0.          0.          0.          0.          0.          0.
  0.          0.          0.          0.          0.          0.        ],0.0,0.0,0.0,0.0,0.0,0.0,[0. 0. 0. 0. 0. 0. 0. 0. 0. 0. 0. 0. 0. 0. 0. 0. 0. 0. 0. 0. 0. 0. 0. 0.
 0. 0. 0. 0. 0. 0. 0. 0. 0. 0. 0. 0.]
4.500709295272827,,4.959161368908925,-4.944066454699573,0.0,0.0,-0.0,-0.9999497645173743,-0.010023394716744353,[ 0.00478121 -0.00208188 -0.00076117 -0.00208188  0.00194577  0.00074135
 -0.00076117  0.00074135  0.00114436  0.          0.          0.
  0.          0.          0.          0.          0.          0.
  0.          0.          0.          0.          0.          0.
  0.          0.          0.          0.          0.          0.
  0.          0.          0.          0.          0.          0.        ],0.0,0.0,0.0,0.0,0.0,0.0,[0. 0. 0. 0. 0. 0. 0. 0. 0. 0. 0. 0. 0. 0. 0. 0. 0. 0. 0. 0. 0. 0. 0. 0.
 0. 0. 0. 0. 0. 0. 0. 0. 0. 0. 0. 0.]
4.520161867141724,,4.95262043581267,-4.941542827182087,0.0,0.0,-0.0,-0.9999507341853652,-0.009926187694635517,[ 0.00479603 -0.0020801  -0.00069487 -0.0020801   0.00189296  0.00068372
 -0.00069487  0.00068372  0.00105747  0.          0.          0.
  0.          0.          0.          0.          0.          0.
  0.          0.          0.          0.          0.          0.
  0.          0.          0.          0.          0.          0.
  0.          0.          0.          0.          0.          0.        ],0.0,0.0,0.0,0.0,0.0,0.0,[0. 0. 0. 0. 0. 0. 0. 0. 0. 0. 0. 0. 0. 0. 0. 0. 0. 0. 0. 0. 0. 0. 0. 0.
 0. 0. 0. 0. 0. 0. 0. 0. 0. 0. 0. 0.]
4.535076379776001,,4.945143087478617,-4.935463770979224,0.0,0.0,-0.0,-0.9999701992203666,-0.0077201470957815885,[ 0.00481807 -0.00189991 -0.00078281 -0.00189991  0.00163252  0.00070575
 -0.00078281  0.00070575  0.00120667  0.          0.          0.
  0.          0.          0.          0.          0.          0.
  0.          0.          0.          0.          0.          0.
  0.          0.          0.          0.          0.          0.
  0.          0.          0.          0.          0.          0.        ],0.0,0.0,0.0,0.0,0.0,0.0,[0. 0. 0. 0. 0. 0. 0. 0. 0. 0. 0. 0. 0. 0. 0. 0. 0. 0. 0. 0. 0. 0. 0. 0.
 0. 0. 0. 0. 0. 0. 0. 0. 0. 0. 0. 0.]
4.565652132034302,,4.947223471275278,-4.937397362941824,0.0,0.0,-0.0,-0.9999548476215132,-0.009502774238938753,[ 0.00475815 -0.00182454 -0.00064801 -0.00182454  0.00161567  0.00060425
 -0.00064801  0.00060425  0.00106018  0.          0.          0.
  0.          0.          0.          0.          0.          0.
  0.          0.          0.          0.          0.          0.
  0.          0.          0.          0.          0.          0.
  0.          0.          0.          0.          0.          0.        ],0.0,0.0,0.0,0.0,0.0,0.0,[0. 0. 0. 0. 0. 0. 0. 0. 0. 0. 0. 0. 0. 0. 0. 0. 0. 0. 0. 0. 0. 0. 0. 0.
 0. 0. 0. 0. 0. 0. 0. 0. 0. 0. 0. 0.]
4.580630779266357,,4.951718398117774,-4.94168259064519,0.0,0.0,-0.0,-0.9999551180827395,-0.009474271483042295,[ 0.00478235 -0.00176212 -0.00067015 -0.00176212  0.00158114  0.00061348
 -0.00067015  0.00061348  0.00109243  0.          0.          0.
  0.          0.          0.          0.          0.          0.
  0.          0.          0.          0.          0.          0.
  0.          0.          0.          0.          0.          0.
  0.          0.          0.          0.          0.          0.        ],0.0,0.0,0.0,0.0,0.0,0.0,[0. 0. 0. 0. 0. 0. 0. 0. 0. 0. 0. 0. 0. 0. 0. 0. 0. 0. 0. 0. 0. 0. 0. 0.
 0. 0. 0. 0. 0. 0. 0. 0. 0. 0. 0. 0.]
4.606625080108643,,4.950804278740478,-4.9408801394133635,0.0,0.0,-0.0,-0.9999547841002687,-0.009509456082494058,[ 0.00469284 -0.00202358 -0.00080472 -0.00202358  0.00179799  0.00072488
 -0.00080472  0.00072488  0.00114975  0.          0.          0.
  0.          0.          0.          0.          0.          0.
  0.          0.          0.          0.          0.          0.
  0.          0.          0.          0.          0.          0.
  0.          0.          0.          0.          0.          0.        ],0.0,0.0,0.0,0.0,0.0,0.0,[0. 0. 0. 0. 0. 0. 0. 0. 0. 0. 0. 0. 0. 0. 0. 0. 0. 0. 0. 0. 0. 0. 0. 0.
 0. 0. 0. 0. 0. 0. 0. 0. 0. 0. 0. 0.]
4.634138584136963,,4.9531701062620295,-4.941268561060347,0.0,0.0,-0.0,-0.9999578592660626,-0.009180397160976654,[ 0.0049     -0.00201084 -0.00079242 -0.00201084  0.00181212  0.00068346
 -0.00079242  0.00068346  0.00115967  0.          0.          0.
  0.          0.          0.          0.          0.          0.
  0.          0.          0.          0.          0.          0.
  0.          0.          0.          0.          0.          0.
  0.          0.          0.          0.          0.          0.        ],0.0,0.0,0.0,0.0,0.0,0.0,[0. 0. 0. 0. 0. 0. 0. 0. 0. 0. 0. 0. 0. 0. 0. 0. 0. 0. 0. 0. 0. 0. 0. 0.
 0. 0. 0. 0. 0. 0. 0. 0. 0. 0. 0. 0.]
4.6550984382629395,,4.953938398537544,-4.9431324662183656,0.0,0.0,-0.0,-0.9999494200238151,-0.01005770321871346,[ 0.00558133 -0.00248075 -0.00099127 -0.00248075  0.00208579  0.00082307
 -0.00099127  0.00082307  0.0011503   0.          0.          0.
  0.          0.          0.          0.          0.          0.
  0.          0.          0.          0.          0.          0.
  0.          0.          0.          0.          0.          0.
  0.          0.          0.          0.          0.          0.        ],0.0,0.0,0.0,0.0,0.0,0.0,[0. 0. 0. 0. 0. 0. 0. 0. 0. 0. 0. 0. 0. 0. 0. 0. 0. 0. 0. 0. 0. 0. 0. 0.
 0. 0. 0. 0. 0. 0. 0. 0. 0. 0. 0. 0.]
4.6779420375823975,,4.960137984568387,-4.947410113850298,0.0,0.0,-0.0,-0.9999513220538837,-0.009866788874312148,[ 0.00549125 -0.00251502 -0.00099698 -0.00251502  0.00214413  0.00084907
 -0.00099698  0.00084907  0.00110041  0.          0.          0.
  0.          0.          0.          0.          0.          0.
  0.          0.          0.          0.          0.          0.
  0.          0.          0.          0.          0.          0.
  0.          0.          0.          0.          0.          0.        ],0.1211904761904762,0.0,0.0,0.0,0.0,0.0,[0. 0. 0. 0. 0. 0. 0. 0. 0. 0. 0. 0. 0. 0. 0. 0. 0. 0. 0. 0. 0. 0. 0. 0.
 0. 0. 0. 0. 0. 0. 0. 0. 0. 0. 0. 0.]
4.69405722618103,,4.9605696464710825,-4.950332332364068,0.0,0.0,-0.0,-0.9999283579494576,-0.011969919318920715,[ 0.00521984 -0.00224766 -0.00089571 -0.00224766  0.00202493  0.00078755
 -0.00089571  0.00078755  0.00111851  0.          0.          0.
  0.          0.          0.          0.          0.          0.
  0.          0.          0.          0.          0.          0.
  0.          0.          0.          0.          0.          0.
  0.          0.          0.          0.          0.          0.        ],0.09380952380952381,0.0,0.0,0.0,0.0,0.0,[0. 0. 0. 0. 0. 0. 0. 0. 0. 0. 0. 0. 0. 0. 0. 0. 0. 0. 0. 0. 0. 0. 0. 0.
 0. 0. 0. 0. 0. 0. 0. 0. 0. 0. 0. 0.]
4.715318202972412,,4.960244908260335,-4.9491765019954,0.0,0.0,-0.0,-0.9999399632657973,-0.010957639526652628,[ 0.00546619 -0.00224584 -0.00089852 -0.00224584  0.00192236  0.0007661
 -0.00089852  0.0007661   0.00115426  0.          0.          0.
  0.          0.          0.          0.          0.          0.
  0.          0.          0.          0.          0.          0.
  0.          0.          0.          0.          0.          0.
  0.          0.          0.          0.          0.          0.        ],0.11880952380952381,0.0,0.0,0.0,0.0,0.0,[0. 0. 0. 0. 0. 0. 0. 0. 0. 0. 0. 0. 0. 0. 0. 0. 0. 0. 0. 0. 0. 0. 0. 0.
 0. 0. 0. 0. 0. 0. 0. 0. 0. 0. 0. 0.]
4.738914728164673,,4.9591087726553935,-4.949828844523897,0.0,0.0,-0.0,-0.9999455912176201,-0.010431423893420446,[ 0.00552349 -0.00241801 -0.00097969 -0.00241801  0.00206177  0.00081773
 -0.00097969  0.00081773  0.0011847   0.          0.          0.
  0.          0.          0.          0.          0.          0.
  0.          0.          0.          0.          0.          0.
  0.          0.          0.          0.          0.          0.
  0.          0.          0.          0.          0.          0.        ],0.11952380952380952,0.0,0.0,0.0,0.0,0.0,[0. 0. 0. 0. 0. 0. 0. 0. 0. 0. 0. 0. 0. 0. 0. 0. 0. 0. 0. 0. 0. 0. 0. 0.
 0. 0. 0. 0. 0. 0. 0. 0. 0. 0. 0. 0.]
4.7563862800598145,,4.956752080501791,-4.9463808657233335,0.0,0.0,-0.0,-0.99995623913814,-0.009355202226938829,[ 0.0058549  -0.00268288 -0.00104432 -0.00268288  0.00216975  0.00081567
 -0.00104432  0.00081567  0.00108786  0.          0.          0.
  0.          0.          0.          0.          0.          0.
  0.          0.          0.          0.          0.          0.
  0.          0.          0.          0.          0.          0.
  0.          0.          0.          0.          0.          0.        ],0.20166666666666666,0.0,0.0,0.0,0.0,0.0,[0. 0. 0. 0. 0. 0. 0. 0. 0. 0. 0. 0. 0. 0. 0. 0. 0. 0. 0. 0. 0. 0. 0. 0.
 0. 0. 0. 0. 0. 0. 0. 0. 0. 0. 0. 0.]
4.775250434875488,,4.949170874413608,-4.94364077641887,0.0,0.0,-0.0,-0.9999559147796974,-0.0093898081502567,[ 0.00573534 -0.00255569 -0.00095791 -0.00255569  0.00211488  0.00080669
 -0.00095791  0.00080669  0.00114739  0.          0.          0.
  0.          0.          0.          0.          0.          0.
  0.          0.          0.          0.          0.          0.
  0.          0.          0.          0.          0.          0.
  0.          0.          0.          0.          0.          0.        ],0.2811904761904762,0.0,0.0,0.0,0.0,0.0,[0. 0. 0. 0. 0. 0. 0. 0. 0. 0. 0. 0. 0. 0. 0. 0. 0. 0. 0. 0. 0. 0. 0. 0.
 0. 0. 0. 0. 0. 0. 0. 0. 0. 0. 0. 0.]
4.797805547714233,,4.947002226105959,-4.941366479136132,0.0,0.0,-0.0,-0.9999524508374321,-0.009751721089784064,[ 0.00521289 -0.00226734 -0.00090622 -0.00226734  0.00206466  0.00082765
 -0.00090622  0.00082765  0.0011842   0.          0.          0.
  0.          0.          0.          0.          0.          0.
  0.          0.          0.          0.          0.          0.
  0.          0.          0.          0.          0.          0.
  0.          0.          0.          0.          0.          0.        ],0.36047619047619045,0.0,0.0,0.0,0.0,0.0,[0. 0. 0. 0. 0. 0. 0. 0. 0. 0. 0. 0. 0. 0. 0. 0. 0. 0. 0. 0. 0. 0. 0. 0.
 0. 0. 0. 0. 0. 0. 0. 0. 0. 0. 0. 0.]
4.817713260650635,,4.941240079752173,-4.942095530122939,0.0,0.0,-0.0,-0.9999505639653601,-0.009943320640423862,[ 0.00484022 -0.00207092 -0.00081752 -0.00207092  0.00184092  0.00066866
 -0.00081752  0.00066866  0.00109257  0.          0.          0.
  0.          0.          0.          0.          0.          0.
  0.          0.          0.          0.          0.          0.
  0.          0.          0.          0.          0.          0.
  0.          0.          0.          0.          0.          0.        ],0.47833333333333333,0.0,0.0,0.0,0.0,0.0,[0. 0. 0. 0. 0. 0. 0. 0. 0. 0. 0. 0. 0. 0. 0. 0. 0. 0. 0. 0. 0. 0. 0. 0.
 0. 0. 0. 0. 0. 0. 0. 0. 0. 0. 0. 0.]
4.842648029327393,,4.935822555652619,-4.936264814285755,0.0,0.0,-0.0,-0.9999637266396064,-0.008517359040838467,[ 0.00448677 -0.00191556 -0.00071968 -0.00191556  0.00173741  0.00067988
 -0.00071968  0.00067988  0.0010587   0.          0.          0.
  0.          0.          0.          0.          0.          0.
  0.          0.          0.          0.          0.          0.
  0.          0.          0.          0.          0.          0.
  0.          0.          0.          0.          0.          0.        ],0.5423809523809524,0.0,0.0,0.0,0.0,0.0,[0. 0. 0. 0. 0. 0. 0. 0. 0. 0. 0. 0. 0. 0. 0. 0. 0. 0. 0. 0. 0. 0. 0. 0.
 0. 0. 0. 0. 0. 0. 0. 0. 0. 0. 0. 0.]
4.85978627204895,,4.926519026477828,-4.933466664778469,0.0,0.0,-0.0,-0.9999677859349743,-0.008026648883902365,[ 0.00490398 -0.00202657 -0.00087634 -0.00202657  0.00175018  0.00068216
 -0.00087634  0.00068216  0.00112782  0.          0.          0.
  0.          0.          0.          0.          0.          0.
  0.          0.          0.          0.          0.          0.
  0.          0.          0.          0.          0.          0.
  0.          0.          0.          0.          0.          0.        ],0.6014285714285714,0.0,0.0,0.0,0.0,0.0,[0. 0. 0. 0. 0. 0. 0. 0. 0. 0. 0. 0. 0. 0. 0. 0. 0. 0. 0. 0. 0. 0. 0. 0.
 0. 0. 0. 0. 0. 0. 0. 0. 0. 0. 0. 0.]
4.878955602645874,,4.92543078364835,-4.93149350506635,0.0,0.0,-0.0,-0.999966310947587,-0.008208347572671757,[ 0.00440661 -0.00162151 -0.00053968 -0.00162151  0.00144129  0.00050754
 -0.00053968  0.00050754  0.00099839  0.          0.          0.
  0.          0.          0.          0.          0.          0.
  0.          0.          0.          0.          0.          0.
  0.          0.          0.          0.          0.          0.
  0.          0.          0.          0.          0.          0.        ],0.665952380952381,0.0,0.0,0.0,0.0,0.0,[0. 0. 0. 0. 0. 0. 0. 0. 0. 0. 0. 0. 0. 0. 0. 0. 0. 0. 0. 0. 0. 0. 0. 0.
 0. 0. 0. 0. 0. 0. 0. 0. 0. 0. 0. 0.]
4.896149396896362,,4.916997536369968,-4.926674914061817,0.0,0.0,-0.0,-0.9999789746100205,-0.0064846231881226886,[ 0.00432048 -0.00162723 -0.00076937 -0.00162723  0.00145917  0.00068582
 -0.00076937  0.00068582  0.00117547  0.          0.          0.
  0.          0.          0.          0.          0.          0.
  0.          0.          0.          0.          0.          0.
  0.          0.          0.          0.          0.          0.
  0.          0.          0.          0.          0.          0.        ],0.73,0.0,0.0,0.0,0.0,0.0,[0. 0. 0. 0. 0. 0. 0. 0. 0. 0. 0. 0. 0. 0. 0. 0. 0. 0. 0. 0. 0. 0. 0. 0.
 0. 0. 0. 0. 0. 0. 0. 0. 0. 0. 0. 0.]
4.914283275604248,,4.90992683288319,-4.924654521042042,0.0,0.0,-0.0,-0.9999849664430891,-0.0054833281694566804,[ 0.00444887 -0.00165975 -0.00052405 -0.00165975  0.00153703  0.00054783
 -0.00052405  0.00054783  0.00116204  0.          0.          0.
  0.          0.          0.          0.          0.          0.
  0.          0.          0.          0.          0.          0.
  0.          0.          0.          0.          0.          0.
  0.          0.          0.          0.          0.          0.        ],0.7738095238095238,0.0,0.0,0.0,0.0,0.0,[0. 0. 0. 0. 0. 0. 0. 0. 0. 0. 0. 0. 0. 0. 0. 0. 0. 0. 0. 0. 0. 0. 0. 0.
 0. 0. 0. 0. 0. 0. 0. 0. 0. 0. 0. 0.]
4.938071250915527,,4.9018451687637565,-4.922156190627297,0.0,0.0,-0.0,-0.9999845508247133,-0.005558607010431177,[ 0.00511596 -0.00207711 -0.00082287 -0.00207711  0.00177647  0.00070593
 -0.00082287  0.00070593  0.00114158  0.          0.          0.
  0.          0.          0.          0.          0.          0.
  0.          0.          0.          0.          0.          0.
  0.          0.          0.          0.          0.          0.
  0.          0.          0.          0.          0.          0.        ],0.8164285714285714,0.0,0.0,0.0,0.0,0.0,[0. 0. 0. 0. 0. 0. 0. 0. 0. 0. 0. 0. 0. 0. 0. 0. 0. 0. 0. 0. 0. 0. 0. 0.
 0. 0. 0. 0. 0. 0. 0. 0. 0. 0. 0. 0.]
4.960002660751343,,4.843862657270321,-4.933742621633128,0.0,0.0,-0.0,-0.9999077751258254,-0.013580914657035955,[ 0.00503714 -0.00196505 -0.0005825  -0.00196505  0.00185623  0.00072851
 -0.0005825   0.00072851  0.00130508  0.          0.          0.
  0.          0.          0.          0.          0.          0.
  0.          0.          0.          0.          0.          0.
  0.          0.          0.          0.          0.          0.
  0.          0.          0.          0.          0.          0.        ],0.8252380952380952,0.0,0.0,0.0,0.0,0.0,[0. 0. 0. 0. 0. 0. 0. 0. 0. 0. 0. 0. 0. 0. 0. 0. 0. 0. 0. 0. 0. 0. 0. 0.
 0. 0. 0. 0. 0. 0. 0. 0. 0. 0. 0. 0.]
4.980525970458984,,4.807420531492822,-4.9331365394485065,0.0,0.0,-0.0,-0.9999042204253878,-0.01384015807342454,[ 0.00504862 -0.0022574  -0.00062506 -0.0022574   0.00209099  0.00066335
 -0.00062506  0.00066335  0.001094    0.          0.          0.
  0.          0.          0.          0.          0.          0.
  0.          0.          0.          0.          0.          0.
  0.          0.          0.          0.          0.          0.
  0.          0.          0.          0.          0.          0.        ],0.87,0.0,0.0,0.0,0.0,0.0,[0. 0. 0. 0. 0. 0. 0. 0. 0. 0. 0. 0. 0. 0. 0. 0. 0. 0. 0. 0. 0. 0. 0. 0.
 0. 0. 0. 0. 0. 0. 0. 0. 0. 0. 0. 0.]
5.005837678909302,,4.795639508568662,-4.930588733395801,0.0,0.0,-0.0,-0.9999080481215545,-0.013560800188148644,[ 0.00502094 -0.00226958 -0.00070732 -0.00226958  0.00203843  0.00073137
 -0.00070732  0.00073137  0.00109623  0.          0.          0.
  0.          0.          0.          0.          0.          0.
  0.          0.          0.          0.          0.          0.
  0.          0.          0.          0.          0.          0.
  0.          0.          0.          0.          0.          0.        ],0.8980952380952381,0.0,0.0,0.0,0.0,0.0,[0. 0. 0. 0. 0. 0. 0. 0. 0. 0. 0. 0. 0. 0. 0. 0. 0. 0. 0. 0. 0. 0. 0. 0.
 0. 0. 0. 0. 0. 0. 0. 0. 0. 0. 0. 0.]
5.037391662597656,,4.781955444036587,-4.928273262672275,0.0,0.0,-0.0,-0.9999137081464029,-0.013136828418995185,[ 0.00512755 -0.00225875 -0.00073395 -0.00225875  0.00205315  0.00067719
 -0.00073395  0.00067719  0.00113212  0.          0.          0.
  0.          0.          0.          0.          0.          0.
  0.          0.          0.          0.          0.          0.
  0.          0.          0.          0.          0.          0.
  0.          0.          0.          0.          0.          0.        ],0.9757142857142858,0.0,0.0,0.0,0.0,0.0,[0. 0. 0. 0. 0. 0. 0. 0. 0. 0. 0. 0. 0. 0. 0. 0. 0. 0. 0. 0. 0. 0. 0. 0.
 0. 0. 0. 0. 0. 0. 0. 0. 0. 0. 0. 0.]
5.074950695037842,,4.757284227939871,-4.92001717391897,0.0,0.0,-0.0,-0.999898581904963,-0.014241695982017015,[ 0.00496195 -0.00205614 -0.00071095 -0.00205614  0.00181869  0.00061723
 -0.00071095  0.00061723  0.00120475  0.          0.          0.
  0.          0.          0.          0.          0.          0.
  0.          0.          0.          0.          0.          0.
  0.          0.          0.          0.          0.          0.
  0.          0.          0.          0.          0.          0.        ],1.0809523809523809,0.0,0.0,0.0,0.0,0.0,[0. 0. 0. 0. 0. 0. 0. 0. 0. 0. 0. 0. 0. 0. 0. 0. 0. 0. 0. 0. 0. 0. 0. 0.
 0. 0. 0. 0. 0. 0. 0. 0. 0. 0. 0. 0.]
5.109207630157471,,4.722381165738005,-4.917069274456508,0.0,0.0,-0.0,-0.9991346044388039,-0.041593776131953045,[ 0.00477711 -0.00232752 -0.00074339 -0.00232752  0.00201453  0.00067716
 -0.00074339  0.00067716  0.00097484  0.          0.          0.
  0.          0.          0.          0.          0.          0.
  0.          0.          0.          0.          0.          0.
  0.          0.          0.          0.          0.          0.
  0.          0.          0.          0.          0.          0.        ],1.1016666666666666,0.0,0.0,0.0,0.0,0.0,[0. 0. 0. 0. 0. 0. 0. 0. 0. 0. 0. 0. 0. 0. 0. 0. 0. 0. 0. 0. 0. 0. 0. 0.
 0. 0. 0. 0. 0. 0. 0. 0. 0. 0. 0. 0.]
5.138005256652832,,4.677480088919232,-4.900452756741478,0.0,0.0,-0.0,-0.9990138701133268,-0.04439918153742418,[ 0.00540312 -0.00249279 -0.00055868 -0.00249279  0.00226787  0.00075227
 -0.00055868  0.00075227  0.00128366  0.          0.          0.
  0.          0.          0.          0.          0.          0.
  0.          0.          0.          0.          0.          0.
  0.          0.          0.          0.          0.          0.
  0.          0.          0.          0.          0.          0.        ],1.1604761904761904,0.0,0.0,0.0,0.0,0.0,[0. 0. 0. 0. 0. 0. 0. 0. 0. 0. 0. 0. 0. 0. 0. 0. 0. 0. 0. 0. 0. 0. 0. 0.
 0. 0. 0. 0. 0. 0. 0. 0. 0. 0. 0. 0.]
5.167451620101929,,4.604958069475575,-4.886131473953263,0.0,0.0,-0.0,-0.9972355635520815,-0.07430498494019376,[ 0.00503837 -0.00212956 -0.00044593 -0.00212956  0.00219249  0.00069389
 -0.00044593  0.00069389  0.00121024  0.          0.          0.
  0.          0.          0.          0.          0.          0.
  0.          0.          0.          0.          0.          0.
  0.          0.          0.          0.          0.          0.
  0.          0.          0.          0.          0.          0.        ],1.2245238095238096,0.0,0.0,0.0,0.0,0.0,[0. 0. 0. 0. 0. 0. 0. 0. 0. 0. 0. 0. 0. 0. 0. 0. 0. 0. 0. 0. 0. 0. 0. 0.
 0. 0. 0. 0. 0. 0. 0. 0. 0. 0. 0. 0.]
5.1937055587768555,,4.564820340352966,-4.875099684345418,0.0,0.0,-0.0,-0.996842840757929,-0.07939994225226021,[ 0.00498085 -0.00193396 -0.00033971 -0.00193396  0.00221434  0.00080582
 -0.00033971  0.00080582  0.00135643  0.          0.          0.
  0.          0.          0.          0.          0.          0.
  0.          0.          0.          0.          0.          0.
  0.          0.          0.          0.          0.          0.
  0.          0.          0.          0.          0.          0.        ],1.3009523809523809,0.0,0.0,0.0,0.0,0.0,[0. 0. 0. 0. 0. 0. 0. 0. 0. 0. 0. 0. 0. 0. 0. 0. 0. 0. 0. 0. 0. 0. 0. 0.
 0. 0. 0. 0. 0. 0. 0. 0. 0. 0. 0. 0.]
5.209055423736572,,4.542727060967284,-4.86026086306469,0.0,0.0,-0.0,-0.9940341572958444,-0.10906921714737142,[ 0.00494731 -0.00164661 -0.0001291  -0.00164661  0.00206414  0.00076749
 -0.0001291   0.00076749  0.00140725  0.          0.          0.
  0.          0.          0.          0.          0.          0.
  0.          0.          0.          0.          0.          0.
  0.          0.          0.          0.          0.          0.
  0.          0.          0.          0.          0.          0.        ],1.3311904761904763,0.0,0.0,0.0,0.0,0.0,[0. 0. 0. 0. 0. 0. 0. 0. 0. 0. 0. 0. 0. 0. 0. 0. 0. 0. 0. 0. 0. 0. 0. 0.
 0. 0. 0. 0. 0. 0. 0. 0. 0. 0. 0. 0.]
5.226531267166138,,4.519120818327465,-4.845714256684077,0.0,0.0,-0.0,-0.9941528771889301,-0.10798174279465977,[ 0.0050084  -0.00163812 -0.00013129 -0.00163812  0.00208739  0.00072595
 -0.00013129  0.00072595  0.00133061  0.          0.          0.
  0.          0.          0.          0.          0.          0.
  0.          0.          0.          0.          0.          0.
  0.          0.          0.          0.          0.          0.
  0.          0.          0.          0.          0.          0.        ],1.3571428571428572,0.0,0.0,0.0,0.0,0.0,[0. 0. 0. 0. 0. 0. 0. 0. 0. 0. 0. 0. 0. 0. 0. 0. 0. 0. 0. 0. 0. 0. 0. 0.
 0. 0. 0. 0. 0. 0. 0. 0. 0. 0. 0. 0.]
5.245534181594849,,4.498472644352459,-4.834316517700373,0.0,0.0,-0.0,-0.9938422069024835,-0.11080463789571807,[ 0.00489166 -0.00152132 -0.00021094 -0.00152132  0.00200272  0.00074641
 -0.00021094  0.00074641  0.00149526  0.          0.          0.
  0.          0.          0.          0.          0.          0.
  0.          0.          0.          0.          0.          0.
  0.          0.          0.          0.          0.          0.
  0.          0.          0.          0.          0.          0.        ],1.394047619047619,0.0,0.0,0.0,0.0,0.0,[0. 0. 0. 0. 0. 0. 0. 0. 0. 0. 0. 0. 0. 0. 0. 0. 0. 0. 0. 0. 0. 0. 0. 0.
 0. 0. 0. 0. 0. 0. 0. 0. 0. 0. 0. 0.]
5.264822244644165,,4.471709769277761,-4.818201614595507,0.0,0.0,-0.0,-0.9933693284802165,-0.11496685276532405,[ 0.00484568 -0.00145051 -0.00013436 -0.00145051  0.00201319  0.00079307
 -0.00013436  0.00079307  0.00165249  0.          0.          0.
  0.          0.          0.          0.          0.          0.
  0.          0.          0.          0.          0.          0.
  0.          0.          0.          0.          0.          0.
  0.          0.          0.          0.          0.          0.        ],1.4266666666666667,0.0,0.0,0.0,0.0,0.0,[0. 0. 0. 0. 0. 0. 0. 0. 0. 0. 0. 0. 0. 0. 0. 0. 0. 0. 0. 0. 0. 0. 0. 0.
 0. 0. 0. 0. 0. 0. 0. 0. 0. 0. 0. 0.]
5.283705234527588,,4.448733736874144,-4.801974553257525,0.0,0.0,-0.0,-0.9936580535816999,-0.11244408633728836,[ 4.74620431e-03 -1.26841998e-03 -6.64706971e-05 -1.26841998e-03
  2.11476455e-03  8.73372980e-04 -6.64706971e-05  8.73372980e-04
  1.90760054e-03  0.00000000e+00  0.00000000e+00  0.00000000e+00
  0.00000000e+00  0.00000000e+00  0.00000000e+00  0.00000000e+00
  0.00000000e+00  0.00000000e+00  0.00000000e+00  0.00000000e+00
  0.00000000e+00  0.00000000e+00  0.00000000e+00  0.00000000e+00
  0.00000000e+00  0.00000000e+00  0.00000000e+00  0.00000000e+00
  0.00000000e+00  0.00000000e+00  0.00000000e+00  0.00000000e+00
  0.00000000e+00  0.00000000e+00  0.00000000e+00  0.00000000e+00],1.4761904761904763,0.0,0.0,0.0,0.0,0.0,[0. 0. 0. 0. 0. 0. 0. 0. 0. 0. 0. 0. 0. 0. 0. 0. 0. 0. 0. 0. 0. 0. 0. 0.
 0. 0. 0. 0. 0. 0. 0. 0. 0. 0. 0. 0.]
5.3083131313323975,,4.416877780753739,-4.783435844508993,0.0,0.0,-0.0,-0.991739462497736,-0.12826861862786873,[ 4.23481542e-03 -1.13182927e-03 -3.09619874e-05 -1.13182927e-03
  2.00331205e-03  8.72504985e-04 -3.09619874e-05  8.72504985e-04
  1.57645378e-03  0.00000000e+00  0.00000000e+00  0.00000000e+00
  0.00000000e+00  0.00000000e+00  0.00000000e+00  0.00000000e+00
  0.00000000e+00  0.00000000e+00  0.00000000e+00  0.00000000e+00
  0.00000000e+00  0.00000000e+00  0.00000000e+00  0.00000000e+00
  0.00000000e+00  0.00000000e+00  0.00000000e+00  0.00000000e+00
  0.00000000e+00  0.00000000e+00  0.00000000e+00  0.00000000e+00
  0.00000000e+00  0.00000000e+00  0.00000000e+00  0.00000000e+00],1.5307142857142857,0.0,0.0,0.0,0.0,0.0,[0. 0. 0. 0. 0. 0. 0. 0. 0. 0. 0. 0. 0. 0. 0. 0. 0. 0. 0. 0. 0. 0. 0. 0.
 0. 0. 0. 0. 0. 0. 0. 0. 0. 0. 0. 0.]
5.342661380767822,,4.370147633423232,-4.758588703553192,0.0,0.0,-0.0,-0.9919551729519144,-0.12658963169998458,[ 0.00429206 -0.00109237 -0.00019533 -0.00109237  0.00189812  0.00087308
 -0.00019533  0.00087308  0.00147137  0.          0.          0.
  0.          0.          0.          0.          0.          0.
  0.          0.          0.          0.          0.          0.
  0.          0.          0.          0.          0.          0.
  0.          0.          0.          0.          0.          0.        ],1.5823809523809524,0.0,0.0,0.0,0.0,0.0,[0. 0. 0. 0. 0. 0. 0. 0. 0. 0. 0. 0. 0. 0. 0. 0. 0. 0. 0. 0. 0. 0. 0. 0.
 0. 0. 0. 0. 0. 0. 0. 0. 0. 0. 0. 0.]
5.361309289932251,,4.3150629732187005,-4.741327587304246,0.0,0.0,-0.0,-0.9928132263907502,-0.11967413046932528,[ 0.00403593 -0.00106814 -0.00018606 -0.00106814  0.00212448  0.00105389
 -0.00018606  0.00105389  0.00173923  0.          0.          0.
  0.          0.          0.          0.          0.          0.
  0.          0.          0.          0.          0.          0.
  0.          0.          0.          0.          0.          0.
  0.          0.          0.          0.          0.          0.        ],1.609047619047619,0.0,0.0,0.0,0.0,0.0,[0. 0. 0. 0. 0. 0. 0. 0. 0. 0. 0. 0. 0. 0. 0. 0. 0. 0. 0. 0. 0. 0. 0. 0.
 0. 0. 0. 0. 0. 0. 0. 0. 0. 0. 0. 0.]
5.3838136196136475,,4.2677162589396,-4.725255056550583,0.0,0.0,-0.0,-0.9929783064014959,-0.11829658919857783,[ 4.29470166e-03 -1.16598889e-03 -1.94961271e-06 -1.16598889e-03
  2.27264150e-03  1.03883646e-03 -1.94961271e-06  1.03883646e-03
  1.59017873e-03  0.00000000e+00  0.00000000e+00  0.00000000e+00
  0.00000000e+00  0.00000000e+00  0.00000000e+00  0.00000000e+00
  0.00000000e+00  0.00000000e+00  0.00000000e+00  0.00000000e+00
  0.00000000e+00  0.00000000e+00  0.00000000e+00  0.00000000e+00
  0.00000000e+00  0.00000000e+00  0.00000000e+00  0.00000000e+00
  0.00000000e+00  0.00000000e+00  0.00000000e+00  0.00000000e+00
  0.00000000e+00  0.00000000e+00  0.00000000e+00  0.00000000e+00],1.6371428571428572,0.0,0.0,0.0,0.0,0.0,[0. 0. 0. 0. 0. 0. 0. 0. 0. 0. 0. 0. 0. 0. 0. 0. 0. 0. 0. 0. 0. 0. 0. 0.
 0. 0. 0. 0. 0. 0. 0. 0. 0. 0. 0. 0.]
5.409530401229858,,4.23910935517444,-4.714892284769013,0.0,0.0,-0.0,-0.9931270369287152,-0.11704139661329363,[ 0.00403481 -0.00134388 -0.00016962 -0.00134388  0.00251623  0.00120164
 -0.00016962  0.00120164  0.00169944  0.          0.          0.
  0.          0.          0.          0.          0.          0.
  0.          0.          0.          0.          0.          0.
  0.          0.          0.          0.          0.          0.
  0.          0.          0.          0.          0.          0.        ],1.658095238095238,0.0,0.0,0.0,0.0,0.0,[0. 0. 0. 0. 0. 0. 0. 0. 0. 0. 0. 0. 0. 0. 0. 0. 0. 0. 0. 0. 0. 0. 0. 0.
 0. 0. 0. 0. 0. 0. 0. 0. 0. 0. 0. 0.]
5.438316106796265,,4.195871011953543,-4.707035734450402,0.0,0.0,-0.0,-0.9936132471976811,-0.1128393326516954,[ 0.00395136 -0.00119788 -0.00025993 -0.00119788  0.00247204  0.00115012
 -0.00025993  0.00115012  0.00163023  0.          0.          0.
  0.          0.          0.          0.          0.          0.
  0.          0.          0.          0.          0.          0.
  0.          0.          0.          0.          0.          0.
  0.          0.          0.          0.          0.          0.        ],1.674047619047619,0.0,0.0,0.0,0.0,0.0,[0. 0. 0. 0. 0. 0. 0. 0. 0. 0. 0. 0. 0. 0. 0. 0. 0. 0. 0. 0. 0. 0. 0. 0.
 0. 0. 0. 0. 0. 0. 0. 0. 0. 0. 0. 0.]
5.457260847091675,,4.0969401381656745,-4.683444953995917,0.0,0.0,-0.0,-0.9918965019909669,-0.12704853142828476,[ 0.00450818 -0.00152623 -0.00041855 -0.00152623  0.00262789  0.0013943
 -0.00041855  0.0013943   0.00208798  0.          0.          0.
  0.          0.          0.          0.          0.          0.
  0.          0.          0.          0.          0.          0.
  0.          0.          0.          0.          0.          0.
  0.          0.          0.          0.          0.          0.        ],1.6995238095238094,0.0,0.0,0.0,0.0,0.0,[0. 0. 0. 0. 0. 0. 0. 0. 0. 0. 0. 0. 0. 0. 0. 0. 0. 0. 0. 0. 0. 0. 0. 0.
 0. 0. 0. 0. 0. 0. 0. 0. 0. 0. 0. 0.]
5.474430084228516,,4.055665982390123,-4.668824679407322,0.0,0.0,-0.0,-0.9920246108713273,-0.1260443232580968,[ 0.00409449 -0.00139689 -0.00040769 -0.00139689  0.00253586  0.00132258
 -0.00040769  0.00132258  0.00193691  0.          0.          0.
  0.          0.          0.          0.          0.          0.
  0.          0.          0.          0.          0.          0.
  0.          0.          0.          0.          0.          0.
  0.          0.          0.          0.          0.          0.        ],1.7188095238095238,0.0,0.0,0.0,0.0,0.0,[0. 0. 0. 0. 0. 0. 0. 0. 0. 0. 0. 0. 0. 0. 0. 0. 0. 0. 0. 0. 0. 0. 0. 0.
 0. 0. 0. 0. 0. 0. 0. 0. 0. 0. 0. 0.]
5.493746519088745,,4.008472378883003,-4.64904211286108,0.0,0.0,-0.0,-0.9923718861864553,-0.12328032895290694,[ 0.00407276 -0.00134755 -0.00040544 -0.00134755  0.00236284  0.00125786
 -0.00040544  0.00125786  0.00189645  0.          0.          0.
  0.          0.          0.          0.          0.          0.
  0.          0.          0.          0.          0.          0.
  0.          0.          0.          0.          0.          0.
  0.          0.          0.          0.          0.          0.        ],1.7357142857142858,0.0,0.0,0.0,0.0,0.0,[0. 0. 0. 0. 0. 0. 0. 0. 0. 0. 0. 0. 0. 0. 0. 0. 0. 0. 0. 0. 0. 0. 0. 0.
 0. 0. 0. 0. 0. 0. 0. 0. 0. 0. 0. 0.]
5.513599157333374,,3.9770311175274995,-4.637167377344818,0.0,0.0,-0.0,-0.9924450766672487,-0.12268972980220812,[ 0.00437511 -0.00142847 -0.00048835 -0.00142847  0.00241552  0.0013261
 -0.00048835  0.0013261   0.00202344  0.          0.          0.
  0.          0.          0.          0.          0.          0.
  0.          0.          0.          0.          0.          0.
  0.          0.          0.          0.          0.          0.
  0.          0.          0.          0.          0.          0.        ],1.747142857142857,0.0,0.0,0.0,0.0,0.0,[0. 0. 0. 0. 0. 0. 0. 0. 0. 0. 0. 0. 0. 0. 0. 0. 0. 0. 0. 0. 0. 0. 0. 0.
 0. 0. 0. 0. 0. 0. 0. 0. 0. 0. 0. 0.]
5.535397052764893,,3.9386249630279795,-4.631070742509457,0.0,0.0,-0.0,-0.9925331348887971,-0.12197530958278742,[ 0.00430614 -0.00131225 -0.00049817 -0.00131225  0.00229276  0.00134321
 -0.00049817  0.00134321  0.00223972  0.          0.          0.
  0.          0.          0.          0.          0.          0.
  0.          0.          0.          0.          0.          0.
  0.          0.          0.          0.          0.          0.
  0.          0.          0.          0.          0.          0.        ],1.7614285714285713,0.0,0.0,0.0,0.0,0.0,[0. 0. 0. 0. 0. 0. 0. 0. 0. 0. 0. 0. 0. 0. 0. 0. 0. 0. 0. 0. 0. 0. 0. 0.
 0. 0. 0. 0. 0. 0. 0. 0. 0. 0. 0. 0.]
5.553874492645264,,3.909099266816685,-4.61899231494231,0.0,0.0,-0.0,-0.992880427906913,-0.11911530497541198,[ 0.00458092 -0.00136553 -0.00045128 -0.00136553  0.00217099  0.00108184
 -0.00045128  0.00108184  0.00204095  0.          0.          0.
  0.          0.          0.          0.          0.          0.
  0.          0.          0.          0.          0.          0.
  0.          0.          0.          0.          0.          0.
  0.          0.          0.          0.          0.          0.        ],1.773095238095238,0.0,0.0,0.0,0.0,0.0,[0. 0. 0. 0. 0. 0. 0. 0. 0. 0. 0. 0. 0. 0. 0. 0. 0. 0. 0. 0. 0. 0. 0. 0.
 0. 0. 0. 0. 0. 0. 0. 0. 0. 0. 0. 0.]
5.585838317871094,,3.881761409864912,-4.613528482257134,0.0,0.0,-0.0,-0.9926448926847867,-0.1210624509367306,[ 0.00464803 -0.00156328 -0.00063682 -0.00156328  0.00229738  0.00116605
 -0.00063682  0.00116605  0.00216997  0.          0.          0.
  0.          0.          0.          0.          0.          0.
  0.          0.          0.          0.          0.          0.
  0.          0.          0.          0.          0.          0.
  0.          0.          0.          0.          0.          0.        ],1.785,0.0,0.0,0.0,0.0,0.0,[0. 0. 0. 0. 0. 0. 0. 0. 0. 0. 0. 0. 0. 0. 0. 0. 0. 0. 0. 0. 0. 0. 0. 0.
 0. 0. 0. 0. 0. 0. 0. 0. 0. 0. 0. 0.]
5.603443145751953,,3.842612756970803,-4.598850124834796,0.0,0.0,-0.0,-0.9910390184351877,-0.13357269159158142,[ 0.00450086 -0.00146965 -0.00080661 -0.00146965  0.00239016  0.00141698
 -0.00080661  0.00141698  0.00230695  0.          0.          0.
  0.          0.          0.          0.          0.          0.
  0.          0.          0.          0.          0.          0.
  0.          0.          0.          0.          0.          0.
  0.          0.          0.          0.          0.          0.        ],1.7883333333333333,0.0,0.0,0.0,0.0,0.0,[0. 0. 0. 0. 0. 0. 0. 0. 0. 0. 0. 0. 0. 0. 0. 0. 0. 0. 0. 0. 0. 0. 0. 0.
 0. 0. 0. 0. 0. 0. 0. 0. 0. 0. 0. 0.]
5.632943868637085,,3.804992477297395,-4.582481239619173,0.0,0.0,-0.0,-0.9913326851414822,-0.13137544431962525,[ 0.00491718 -0.0016249  -0.00092514 -0.0016249   0.00240495  0.00146149
 -0.00092514  0.00146149  0.00237102  0.          0.          0.
  0.          0.          0.          0.          0.          0.
  0.          0.          0.          0.          0.          0.
  0.          0.          0.          0.          0.          0.
  0.          0.          0.          0.          0.          0.        ],1.7923809523809524,0.0,0.0,0.0,0.0,0.0,[0. 0. 0. 0. 0. 0. 0. 0. 0. 0. 0. 0. 0. 0. 0. 0. 0. 0. 0. 0. 0. 0. 0. 0.
 0. 0. 0. 0. 0. 0. 0. 0. 0. 0. 0. 0.]
5.651780128479004,,3.757275464011633,-4.568741762179293,0.0,0.0,-0.0,-0.9916668813290878,-0.12882855457949144,[ 0.00495976 -0.00161219 -0.00103116 -0.00161219  0.00243475  0.00149043
 -0.00103116  0.00149043  0.00258138  0.          0.          0.
  0.          0.          0.          0.          0.          0.
  0.          0.          0.          0.          0.          0.
  0.          0.          0.          0.          0.          0.
  0.          0.          0.          0.          0.          0.        ],1.7940476190476191,0.0,0.0,0.0,0.0,0.0,[0. 0. 0. 0. 0. 0. 0. 0. 0. 0. 0. 0. 0. 0. 0. 0. 0. 0. 0. 0. 0. 0. 0. 0.
 0. 0. 0. 0. 0. 0. 0. 0. 0. 0. 0. 0.]
5.672987222671509,,3.7055926292134713,-4.5533146205260095,0.0,0.0,-0.0,-0.9918096981843877,-0.12772440090833784,[ 0.00525594 -0.00160593 -0.00122926 -0.00160593  0.00228253  0.00141338
 -0.00122926  0.00141338  0.00275816  0.          0.          0.
  0.          0.          0.          0.          0.          0.
  0.          0.          0.          0.          0.          0.
  0.          0.          0.          0.          0.          0.
  0.          0.          0.          0.          0.          0.        ],1.8011904761904762,0.0,0.0,0.0,0.0,0.0,[0. 0. 0. 0. 0. 0. 0. 0. 0. 0. 0. 0. 0. 0. 0. 0. 0. 0. 0. 0. 0. 0. 0. 0.
 0. 0. 0. 0. 0. 0. 0. 0. 0. 0. 0. 0.]
5.705858469009399,,3.661228160124234,-4.535269073731275,0.0,0.0,-0.0,-0.9899989479087087,-0.14107474309616808,[ 0.00525677 -0.00149069 -0.0014029  -0.00149069  0.00202305  0.00138765
 -0.0014029   0.00138765  0.00264937  0.          0.          0.
  0.          0.          0.          0.          0.          0.
  0.          0.          0.          0.          0.          0.
  0.          0.          0.          0.          0.          0.
  0.          0.          0.          0.          0.          0.        ],1.8040476190476191,0.0,0.0,0.0,0.0,0.0,[0. 0. 0. 0. 0. 0. 0. 0. 0. 0. 0. 0. 0. 0. 0. 0. 0. 0. 0. 0. 0. 0. 0. 0.
 0. 0. 0. 0. 0. 0. 0. 0. 0. 0. 0. 0.]
5.740900039672852,,3.624235420109003,-4.524958826755354,0.0,0.0,-0.0,-0.9895803359697923,-0.14398179975925057,[ 0.00541278 -0.00145832 -0.00145206 -0.00145832  0.00208463  0.00141266
 -0.00145206  0.00141266  0.00301562  0.          0.          0.
  0.          0.          0.          0.          0.          0.
  0.          0.          0.          0.          0.          0.
  0.          0.          0.          0.          0.          0.
  0.          0.          0.          0.          0.          0.        ],1.803095238095238,0.0,0.0,0.0,0.0,0.0,[0. 0. 0. 0. 0. 0. 0. 0. 0. 0. 0. 0. 0. 0. 0. 0. 0. 0. 0. 0. 0. 0. 0. 0.
 0. 0. 0. 0. 0. 0. 0. 0. 0. 0. 0. 0.]
5.777857303619385,,3.559878166275782,-4.499862023064578,0.0,0.0,-0.0,-0.9853885485299773,-0.17032148550897722,[ 0.00561779 -0.00144763 -0.00167482 -0.00144763  0.00217837  0.00156541
 -0.00167482  0.00156541  0.00342401  0.          0.          0.
  0.          0.          0.          0.          0.          0.
  0.          0.          0.          0.          0.          0.
  0.          0.          0.          0.          0.          0.
  0.          0.          0.          0.          0.          0.        ],1.8011904761904762,0.0,0.0,0.0,0.0,0.0,[0. 0. 0. 0. 0. 0. 0. 0. 0. 0. 0. 0. 0. 0. 0. 0. 0. 0. 0. 0. 0. 0. 0. 0.
 0. 0. 0. 0. 0. 0. 0. 0. 0. 0. 0. 0.]
5.7971789836883545,,3.5071935747313123,-4.47145017269671,0.0,0.0,-0.0,-0.9815791232444452,-0.19105607765958743,[ 0.00563158 -0.0014109  -0.00182256 -0.0014109   0.00211019  0.00158652
 -0.00182256  0.00158652  0.00360303  0.          0.          0.
  0.          0.          0.          0.          0.          0.
  0.          0.          0.          0.          0.          0.
  0.          0.          0.          0.          0.          0.
  0.          0.          0.          0.          0.          0.        ],1.6561904761904762,0.0,0.0,0.0,0.0,0.0,[0. 0. 0. 0. 0. 0. 0. 0. 0. 0. 0. 0. 0. 0. 0. 0. 0. 0. 0. 0. 0. 0. 0. 0.
 0. 0. 0. 0. 0. 0. 0. 0. 0. 0. 0. 0.]
5.815673351287842,,3.485812055129333,-4.45510754904737,0.0,0.0,-0.0,-0.9763641731131452,-0.21613190754972839,[ 0.00620152 -0.00152353 -0.00210803 -0.00152353  0.00219923  0.00177138
 -0.00210803  0.00177138  0.0037582   0.          0.          0.
  0.          0.          0.          0.          0.          0.
  0.          0.          0.          0.          0.          0.
  0.          0.          0.          0.          0.          0.
  0.          0.          0.          0.          0.          0.        ],1.6992857142857143,0.0,0.0,0.0,0.0,0.0,[0. 0. 0. 0. 0. 0. 0. 0. 0. 0. 0. 0. 0. 0. 0. 0. 0. 0. 0. 0. 0. 0. 0. 0.
 0. 0. 0. 0. 0. 0. 0. 0. 0. 0. 0. 0.]
5.834070920944214,,3.4619761875117,-4.433368889766316,0.0,0.0,-0.0,-0.9702438031692278,-0.24213005268184473,[ 0.00602337 -0.00149817 -0.0023619  -0.00149817  0.0023253   0.00197955
 -0.0023619   0.00197955  0.00426475  0.          0.          0.
  0.          0.          0.          0.          0.          0.
  0.          0.          0.          0.          0.          0.
  0.          0.          0.          0.          0.          0.
  0.          0.          0.          0.          0.          0.        ],1.6916666666666667,0.0,0.0,0.0,0.0,0.0,[0. 0. 0. 0. 0. 0. 0. 0. 0. 0. 0. 0. 0. 0. 0. 0. 0. 0. 0. 0. 0. 0. 0. 0.
 0. 0. 0. 0. 0. 0. 0. 0. 0. 0. 0. 0.]
5.8548643589019775,,3.443583211598353,-4.414506839165128,0.0,0.0,-0.0,-0.9717056153428626,-0.236195252092731,[ 0.00586039 -0.00133796 -0.00219282 -0.00133796  0.00244402  0.00198127
 -0.00219282  0.00198127  0.00439428  0.          0.          0.
  0.          0.          0.          0.          0.          0.
  0.          0.          0.          0.          0.          0.
  0.          0.          0.          0.          0.          0.
  0.          0.          0.          0.          0.          0.        ],1.6842857142857144,0.0,0.0,0.0,0.0,0.0,[0. 0. 0. 0. 0. 0. 0. 0. 0. 0. 0. 0. 0. 0. 0. 0. 0. 0. 0. 0. 0. 0. 0. 0.
 0. 0. 0. 0. 0. 0. 0. 0. 0. 0. 0. 0.]
5.876546144485474,,3.417607776006678,-4.39547958915584,0.0,0.0,-0.0,-0.9651141835763128,-0.2618293579028662,[ 0.00547956 -0.00127475 -0.00209897 -0.00127475  0.00237401  0.0018309
 -0.00209897  0.0018309   0.00427337  0.          0.          0.
  0.          0.          0.          0.          0.          0.
  0.          0.          0.          0.          0.          0.
  0.          0.          0.          0.          0.          0.
  0.          0.          0.          0.          0.          0.        ],1.6866666666666668,0.0,0.0,0.0,0.0,0.0,[0. 0. 0. 0. 0. 0. 0. 0. 0. 0. 0. 0. 0. 0. 0. 0. 0. 0. 0. 0. 0. 0. 0. 0.
 0. 0. 0. 0. 0. 0. 0. 0. 0. 0. 0. 0.]
5.896539926528931,,3.3841724959268267,-4.3628075747067845,0.0,0.0,-0.0,-0.9536728269900477,-0.3008457064024856,[ 0.00571099 -0.00139787 -0.00246395 -0.00139787  0.00247774  0.0021221
 -0.00246395  0.0021221   0.00443049  0.          0.          0.
  0.          0.          0.          0.          0.          0.
  0.          0.          0.          0.          0.          0.
  0.          0.          0.          0.          0.          0.
  0.          0.          0.          0.          0.          0.        ],1.68,0.0,0.0,0.0,0.0,0.0,[0. 0. 0. 0. 0. 0. 0. 0. 0. 0. 0. 0. 0. 0. 0. 0. 0. 0. 0. 0. 0. 0. 0. 0.
 0. 0. 0. 0. 0. 0. 0. 0. 0. 0. 0. 0.]
5.929607152938843,,3.3565251406077015,-4.330354451070597,0.0,0.0,-0.0,-0.946844777934158,-0.32169079330751,[ 0.00572327 -0.00130645 -0.00240697 -0.00130645  0.00246008  0.00200097
 -0.00240697  0.00200097  0.00438688  0.          0.          0.
  0.          0.          0.          0.          0.          0.
  0.          0.          0.          0.          0.          0.
  0.          0.          0.          0.          0.          0.
  0.          0.          0.          0.          0.          0.        ],1.6747619047619047,0.0,0.0,0.0,0.0,0.0,[0. 0. 0. 0. 0. 0. 0. 0. 0. 0. 0. 0. 0. 0. 0. 0. 0. 0. 0. 0. 0. 0. 0. 0.
 0. 0. 0. 0. 0. 0. 0. 0. 0. 0. 0. 0.]
5.958055019378662,,3.330072217896325,-4.29205088259277,0.0,0.0,-0.0,-0.9401051552003513,-0.34088458041648556,[ 0.00564512 -0.0011566  -0.00204553 -0.0011566   0.00259716  0.00173004
 -0.00204553  0.00173004  0.00387991  0.          0.          0.
  0.          0.          0.          0.          0.          0.
  0.          0.          0.          0.          0.          0.
  0.          0.          0.          0.          0.          0.
  0.          0.          0.          0.          0.          0.        ],1.660952380952381,0.0,0.0,0.0,0.0,0.0,[0. 0. 0. 0. 0. 0. 0. 0. 0. 0. 0. 0. 0. 0. 0. 0. 0. 0. 0. 0. 0. 0. 0. 0.
 0. 0. 0. 0. 0. 0. 0. 0. 0. 0. 0. 0.]
5.9717795848846436,,3.3215125313717517,-4.267427805742314,0.0,0.0,-0.0,-0.9301872589080736,-0.367085362504533,[ 0.00470523 -0.00083964 -0.00155464 -0.00083964  0.00243722  0.00149495
 -0.00155464  0.00149495  0.00337721  0.          0.          0.
  0.          0.          0.          0.          0.          0.
  0.          0.          0.          0.          0.          0.
  0.          0.          0.          0.          0.          0.
  0.          0.          0.          0.          0.          0.        ],1.6452380952380952,0.0,0.0,0.0,0.0,0.0,[0. 0. 0. 0. 0. 0. 0. 0. 0. 0. 0. 0. 0. 0. 0. 0. 0. 0. 0. 0. 0. 0. 0. 0.
 0. 0. 0. 0. 0. 0. 0. 0. 0. 0. 0. 0.]
6.00843358039856,,3.323579109037983,-4.247729669320089,0.0,0.0,-0.0,-0.9180653746143758,-0.39642902004541225,[ 0.00494635 -0.00097547 -0.00165561 -0.00097547  0.00253388  0.00155851
 -0.00165561  0.00155851  0.00361404  0.          0.          0.
  0.          0.          0.          0.          0.          0.
  0.          0.          0.          0.          0.          0.
  0.          0.          0.          0.          0.          0.
  0.          0.          0.          0.          0.          0.        ],1.634047619047619,0.0,0.0,0.0,0.0,0.0,[0. 0. 0. 0. 0. 0. 0. 0. 0. 0. 0. 0. 0. 0. 0. 0. 0. 0. 0. 0. 0. 0. 0. 0.
 0. 0. 0. 0. 0. 0. 0. 0. 0. 0. 0. 0.]
6.039444446563721,,3.2827830209681883,-4.186632004117462,0.0,0.0,-0.0,-0.9178780779808849,-0.39686248747156294,[ 0.00500565 -0.00103796 -0.00199995 -0.00103796  0.00262372  0.00162343
 -0.00199995  0.00162343  0.00270914  0.          0.          0.
  0.          0.          0.          0.          0.          0.
  0.          0.          0.          0.          0.          0.
  0.          0.          0.          0.          0.          0.
  0.          0.          0.          0.          0.          0.        ],1.6123809523809525,0.0,0.0,0.0,0.0,0.0,[0. 0. 0. 0. 0. 0. 0. 0. 0. 0. 0. 0. 0. 0. 0. 0. 0. 0. 0. 0. 0. 0. 0. 0.
 0. 0. 0. 0. 0. 0. 0. 0. 0. 0. 0. 0.]
6.060315847396851,,3.290252200752884,-4.1654807740254185,0.0,0.0,-0.0,-0.9111688619127986,-0.41203313590114987,[ 0.00513341 -0.00132143 -0.00175523 -0.00132143  0.00266203  0.00155112
 -0.00175523  0.00155112  0.00344662  0.          0.          0.
  0.          0.          0.          0.          0.          0.
  0.          0.          0.          0.          0.          0.
  0.          0.          0.          0.          0.          0.
  0.          0.          0.          0.          0.          0.        ],1.6083333333333334,0.0,0.0,0.0,0.0,0.0,[0. 0. 0. 0. 0. 0. 0. 0. 0. 0. 0. 0. 0. 0. 0. 0. 0. 0. 0. 0. 0. 0. 0. 0.
 0. 0. 0. 0. 0. 0. 0. 0. 0. 0. 0. 0.]
6.085242986679077,,3.27544677563971,-4.136308878393006,0.0,0.0,-0.0,-0.907420067972226,-0.420224725880428,[ 0.00521747 -0.00154723 -0.00231864 -0.00154723  0.00273825  0.00177636
 -0.00231864  0.00177636  0.0026961   0.          0.          0.
  0.          0.          0.          0.          0.          0.
  0.          0.          0.          0.          0.          0.
  0.          0.          0.          0.          0.          0.
  0.          0.          0.          0.          0.          0.        ],1.598095238095238,0.0,0.0,0.0,0.0,0.0,[0. 0. 0. 0. 0. 0. 0. 0. 0. 0. 0. 0. 0. 0. 0. 0. 0. 0. 0. 0. 0. 0. 0. 0.
 0. 0. 0. 0. 0. 0. 0. 0. 0. 0. 0. 0.]
6.110011100769043,,3.2684858182869876,-4.1061793475107535,0.0,0.0,-0.0,-0.9088609665457232,-0.41709920101766407,[ 0.00518487 -0.0015498  -0.00202281 -0.0015498   0.0030031   0.00180546
 -0.00202281  0.00180546  0.00262876  0.          0.          0.
  0.          0.          0.          0.          0.          0.
  0.          0.          0.          0.          0.          0.
  0.          0.          0.          0.          0.          0.
  0.          0.          0.          0.          0.          0.        ],1.5954761904761905,0.0,0.0,0.0,0.0,0.0,[0. 0. 0. 0. 0. 0. 0. 0. 0. 0. 0. 0. 0. 0. 0. 0. 0. 0. 0. 0. 0. 0. 0. 0.
 0. 0. 0. 0. 0. 0. 0. 0. 0. 0. 0. 0.]
6.133690118789673,,3.2506779430295936,-4.088125228132566,0.0,0.0,-0.0,-0.8989524121508241,-0.43804629970839243,[ 0.00523087 -0.00183234 -0.00247088 -0.00183234  0.00313587  0.00210042
 -0.00247088  0.00210042  0.00313464  0.          0.          0.
  0.          0.          0.          0.          0.          0.
  0.          0.          0.          0.          0.          0.
  0.          0.          0.          0.          0.          0.
  0.          0.          0.          0.          0.          0.        ],1.5969047619047618,0.0,0.0,0.0,0.0,0.0,[0. 0. 0. 0. 0. 0. 0. 0. 0. 0. 0. 0. 0. 0. 0. 0. 0. 0. 0. 0. 0. 0. 0. 0.
 0. 0. 0. 0. 0. 0. 0. 0. 0. 0. 0. 0.]
6.151338577270508,,3.245787293759698,-4.069545724643466,0.0,0.0,-0.0,-0.8989491844063437,-0.4380529235779272,[ 0.00527293 -0.00160312 -0.00228211 -0.00160312  0.0027531   0.00177877
 -0.00228211  0.00177877  0.00281964  0.          0.          0.
  0.          0.          0.          0.          0.          0.
  0.          0.          0.          0.          0.          0.
  0.          0.          0.          0.          0.          0.
  0.          0.          0.          0.          0.          0.        ],1.6235714285714287,0.0,0.0,0.0,0.0,0.0,[0. 0. 0. 0. 0. 0. 0. 0. 0. 0. 0. 0. 0. 0. 0. 0. 0. 0. 0. 0. 0. 0. 0. 0.
 0. 0. 0. 0. 0. 0. 0. 0. 0. 0. 0. 0.]
6.174211502075195,,3.2167093366915926,-4.029842569035046,0.0,0.0,-0.0,-0.8990070440251385,-0.4379341671908948,[ 0.00499228 -0.00144305 -0.00214679 -0.00144305  0.00267012  0.00167874
 -0.00214679  0.00167874  0.00241214  0.          0.          0.
  0.          0.          0.          0.          0.          0.
  0.          0.          0.          0.          0.          0.
  0.          0.          0.          0.          0.          0.
  0.          0.          0.          0.          0.          0.        ],1.6573809523809524,0.0,0.0,0.0,0.0,0.0,[0. 0. 0. 0. 0. 0. 0. 0. 0. 0. 0. 0. 0. 0. 0. 0. 0. 0. 0. 0. 0. 0. 0. 0.
 0. 0. 0. 0. 0. 0. 0. 0. 0. 0. 0. 0.]
6.197196960449219,,3.1790198995340266,-3.977546023207681,0.0,0.0,-0.0,-0.9048334926063408,-0.4257656053015684,[ 0.00492617 -0.0014658  -0.00213922 -0.0014658   0.00264192  0.00156347
 -0.00213922  0.00156347  0.00236937  0.          0.          0.
  0.          0.          0.          0.          0.          0.
  0.          0.          0.          0.          0.          0.
  0.          0.          0.          0.          0.          0.
  0.          0.          0.          0.          0.          0.        ],1.6945238095238095,0.0,0.0,0.0,0.0,0.0,[0. 0. 0. 0. 0. 0. 0. 0. 0. 0. 0. 0. 0. 0. 0. 0. 0. 0. 0. 0. 0. 0. 0. 0.
 0. 0. 0. 0. 0. 0. 0. 0. 0. 0. 0. 0.]
6.218050003051758,,3.156071552875537,-3.9476356010097127,0.0,0.0,-0.0,-0.8958869771821986,-0.4442820321770201,[ 0.00530312 -0.00159314 -0.00237008 -0.00159314  0.00243091  0.00166871
 -0.00237008  0.00166871  0.00281071  0.          0.          0.
  0.          0.          0.          0.          0.          0.
  0.          0.          0.          0.          0.          0.
  0.          0.          0.          0.          0.          0.
  0.          0.          0.          0.          0.          0.        ],1.747142857142857,0.0,0.0,0.0,0.0,0.0,[0. 0. 0. 0. 0. 0. 0. 0. 0. 0. 0. 0. 0. 0. 0. 0. 0. 0. 0. 0. 0. 0. 0. 0.
 0. 0. 0. 0. 0. 0. 0. 0. 0. 0. 0. 0.]
6.256731033325195,,3.100601609741571,-3.880729575337586,0.0,0.0,-0.0,-0.8985193807404351,-0.43893384744608716,[ 0.00528667 -0.00180752 -0.00241115 -0.00180752  0.0023947   0.00154935
 -0.00241115  0.00154935  0.00232777  0.          0.          0.
  0.          0.          0.          0.          0.          0.
  0.          0.          0.          0.          0.          0.
  0.          0.          0.          0.          0.          0.
  0.          0.          0.          0.          0.          0.        ],1.881904761904762,0.0,0.0,0.0,0.0,0.0,[0. 0. 0. 0. 0. 0. 0. 0. 0. 0. 0. 0. 0. 0. 0. 0. 0. 0. 0. 0. 0. 0. 0. 0.
 0. 0. 0. 0. 0. 0. 0. 0. 0. 0. 0. 0.]
6.283151865005493,,3.072860064245491,-3.849671089799198,0.0,0.0,-0.0,-0.9029368475796821,-0.4297732533358328,[ 0.0052801  -0.00182232 -0.0023795  -0.00182232  0.00224973  0.00149307
 -0.0023795   0.00149307  0.00234226  0.          0.          0.
  0.          0.          0.          0.          0.          0.
  0.          0.          0.          0.          0.          0.
  0.          0.          0.          0.          0.          0.
  0.          0.          0.          0.          0.          0.        ],1.953095238095238,0.0,0.0,0.0,0.0,0.0,[0. 0. 0. 0. 0. 0. 0. 0. 0. 0. 0. 0. 0. 0. 0. 0. 0. 0. 0. 0. 0. 0. 0. 0.
 0. 0. 0. 0. 0. 0. 0. 0. 0. 0. 0. 0.]
6.314895153045654,,3.0494152335676303,-3.8218611884370164,0.0,0.0,-0.0,-0.9054343596830667,-0.4244863016698124,[ 0.00593042 -0.00213007 -0.0026401  -0.00213007  0.00222802  0.00151834
 -0.0026401   0.00151834  0.00241008  0.          0.          0.
  0.          0.          0.          0.          0.          0.
  0.          0.          0.          0.          0.          0.
  0.          0.          0.          0.          0.          0.
  0.          0.          0.          0.          0.          0.        ],2.071904761904762,0.0,0.0,0.0,0.0,0.0,[0. 0. 0. 0. 0. 0. 0. 0. 0. 0. 0. 0. 0. 0. 0. 0. 0. 0. 0. 0. 0. 0. 0. 0.
 0. 0. 0. 0. 0. 0. 0. 0. 0. 0. 0. 0.]
6.347705364227295,,3.0069087143627886,-3.764796259387349,0.0,0.0,-0.0,-0.9123816738179542,-0.4093405443895683,[ 0.00651852 -0.00235895 -0.00292155 -0.00235895  0.00214303  0.00157649
 -0.00292155  0.00157649  0.0025714   0.          0.          0.
  0.          0.          0.          0.          0.          0.
  0.          0.          0.          0.          0.          0.
  0.          0.          0.          0.          0.          0.
  0.          0.          0.          0.          0.          0.        ],2.294047619047619,0.0,0.0,0.0,0.0,0.0,[0. 0. 0. 0. 0. 0. 0. 0. 0. 0. 0. 0. 0. 0. 0. 0. 0. 0. 0. 0. 0. 0. 0. 0.
 0. 0. 0. 0. 0. 0. 0. 0. 0. 0. 0. 0.]
6.380824327468872,,2.983722995507482,-3.742129589181256,0.0,0.0,-0.0,-0.9165404759450437,-0.3999419407294422,[ 0.00763059 -0.00296441 -0.00357827 -0.00296441  0.00246656  0.00184264
 -0.00357827  0.00184264  0.00299869  0.          0.          0.
  0.          0.          0.          0.          0.          0.
  0.          0.          0.          0.          0.          0.
  0.          0.          0.          0.          0.          0.
  0.          0.          0.          0.          0.          0.        ],2.394285714285714,0.0,0.0,0.0,0.0,0.0,[0. 0. 0. 0. 0. 0. 0. 0. 0. 0. 0. 0. 0. 0. 0. 0. 0. 0. 0. 0. 0. 0. 0. 0.
 0. 0. 0. 0. 0. 0. 0. 0. 0. 0. 0. 0.]
6.416203260421753,,2.87985813230599,-3.663910709638407,0.0,0.0,-0.0,-0.9352263689592668,-0.35405033371438205,[ 0.00826732 -0.00347098 -0.00390709 -0.00347098  0.00253573  0.00207219
 -0.00390709  0.00207219  0.00307928  0.          0.          0.
  0.          0.          0.          0.          0.          0.
  0.          0.          0.          0.          0.          0.
  0.          0.          0.          0.          0.          0.
  0.          0.          0.          0.          0.          0.        ],2.636904761904762,0.0,0.0,0.0,0.0,0.0,[0. 0. 0. 0. 0. 0. 0. 0. 0. 0. 0. 0. 0. 0. 0. 0. 0. 0. 0. 0. 0. 0. 0. 0.
 0. 0. 0. 0. 0. 0. 0. 0. 0. 0. 0. 0.]
6.4473371505737305,,2.775833179154699,-3.597134276762513,0.0,0.0,-0.0,-0.9472594125110345,-0.32046779153176946,[ 0.0081805  -0.00381778 -0.00386516 -0.00381778  0.00275731  0.00208762
 -0.00386516  0.00208762  0.00312986  0.          0.          0.
  0.          0.          0.          0.          0.          0.
  0.          0.          0.          0.          0.          0.
  0.          0.          0.          0.          0.          0.
  0.          0.          0.          0.          0.          0.        ],2.9523809523809526,0.0,0.0,0.0,0.0,0.0,[0. 0. 0. 0. 0. 0. 0. 0. 0. 0. 0. 0. 0. 0. 0. 0. 0. 0. 0. 0. 0. 0. 0. 0.
 0. 0. 0. 0. 0. 0. 0. 0. 0. 0. 0. 0.]
6.472930908203125,,2.7113893471993618,-3.5596510320395205,0.0,0.0,-0.0,-0.9614068389754824,-0.27513067798987945,[ 0.00819695 -0.00380385 -0.00394588 -0.00380385  0.00268572  0.00209078
 -0.00394588  0.00209078  0.0030415   0.          0.          0.
  0.          0.          0.          0.          0.          0.
  0.          0.          0.          0.          0.          0.
  0.          0.          0.          0.          0.          0.
  0.          0.          0.          0.          0.          0.        ],3.072857142857143,0.0,0.0,0.0,0.0,0.0,[0. 0. 0. 0. 0. 0. 0. 0. 0. 0. 0. 0. 0. 0. 0. 0. 0. 0. 0. 0. 0. 0. 0. 0.
 0. 0. 0. 0. 0. 0. 0. 0. 0. 0. 0. 0.]
6.4937169551849365,,2.6570270695279445,-3.526960045790158,0.0,0.0,-0.0,-0.9724260515566707,-0.23321143679910555,[ 0.00787242 -0.00342267 -0.00374192 -0.00342267  0.00238264  0.00189763
 -0.00374192  0.00189763  0.00299629  0.          0.          0.
  0.          0.          0.          0.          0.          0.
  0.          0.          0.          0.          0.          0.
  0.          0.          0.          0.          0.          0.
  0.          0.          0.          0.          0.          0.        ],3.1747619047619047,0.0,0.0,0.0,0.0,0.0,[0. 0. 0. 0. 0. 0. 0. 0. 0. 0. 0. 0. 0. 0. 0. 0. 0. 0. 0. 0. 0. 0. 0. 0.
 0. 0. 0. 0. 0. 0. 0. 0. 0. 0. 0. 0.]
6.518030405044556,,2.5634037319736045,-3.477044649430514,0.0,0.0,-0.0,-0.9799574593327979,-0.19920687211541632,[ 0.0078079  -0.00291913 -0.00357158 -0.00291913  0.00205858  0.00161783
 -0.00357158  0.00161783  0.00290195  0.          0.          0.
  0.          0.          0.          0.          0.          0.
  0.          0.          0.          0.          0.          0.
  0.          0.          0.          0.          0.          0.
  0.          0.          0.          0.          0.          0.        ],3.419047619047619,0.0,0.0,0.0,0.0,0.0,[0. 0. 0. 0. 0. 0. 0. 0. 0. 0. 0. 0. 0. 0. 0. 0. 0. 0. 0. 0. 0. 0. 0. 0.
 0. 0. 0. 0. 0. 0. 0. 0. 0. 0. 0. 0.]
6.539038896560669,,2.5067195532203153,-3.449106476796723,0.0,0.0,-0.0,-0.9878439279741364,-0.15544894327279662,[ 0.0080722  -0.00249395 -0.00340115 -0.00249395  0.00170091  0.00124422
 -0.00340115  0.00124422  0.00244055  0.          0.          0.
  0.          0.          0.          0.          0.          0.
  0.          0.          0.          0.          0.          0.
  0.          0.          0.          0.          0.          0.
  0.          0.          0.          0.          0.          0.        ],3.571190476190476,0.0,0.0,0.0,0.0,0.0,[0. 0. 0. 0. 0. 0. 0. 0. 0. 0. 0. 0. 0. 0. 0. 0. 0. 0. 0. 0. 0. 0. 0. 0.
 0. 0. 0. 0. 0. 0. 0. 0. 0. 0. 0. 0.]
6.558531045913696,,2.468668638094584,-3.436073230316123,0.0,0.0,-0.0,-0.9930089054820026,-0.11803945795129386,[ 0.00754959 -0.00206294 -0.00291427 -0.00206294  0.00141487  0.00095237
 -0.00291427  0.00095237  0.00224037  0.          0.          0.
  0.          0.          0.          0.          0.          0.
  0.          0.          0.          0.          0.          0.
  0.          0.          0.          0.          0.          0.
  0.          0.          0.          0.          0.          0.        ],3.7009523809523808,0.0,0.0,0.0,0.0,0.0,[0. 0. 0. 0. 0. 0. 0. 0. 0. 0. 0. 0. 0. 0. 0. 0. 0. 0. 0. 0. 0. 0. 0. 0.
 0. 0. 0. 0. 0. 0. 0. 0. 0. 0. 0. 0.]
6.578829288482666,,2.4251827226145943,-3.4215869695915804,0.0,0.0,-0.0,-0.9941682652623182,-0.10783997563664835,[ 0.00722463 -0.00159547 -0.00286411 -0.00159547  0.00127044  0.00081941
 -0.00286411  0.00081941  0.0021499   0.          0.          0.
  0.          0.          0.          0.          0.          0.
  0.          0.          0.          0.          0.          0.
  0.          0.          0.          0.          0.          0.
  0.          0.          0.          0.          0.          0.        ],3.7876190476190477,0.0,0.0,0.0,0.0,0.0,[0. 0. 0. 0. 0. 0. 0. 0. 0. 0. 0. 0. 0. 0. 0. 0. 0. 0. 0. 0. 0. 0. 0. 0.
 0. 0. 0. 0. 0. 0. 0. 0. 0. 0. 0. 0.]
6.598050594329834,,2.4060990391840753,-3.4141880327021097,0.0,0.0,-0.0,-0.9959797096707785,-0.08957911544613362,[ 0.00727393 -0.00144261 -0.00284652 -0.00144261  0.00113717  0.00070596
 -0.00284652  0.00070596  0.00216983  0.          0.          0.
  0.          0.          0.          0.          0.          0.
  0.          0.          0.          0.          0.          0.
  0.          0.          0.          0.          0.          0.
  0.          0.          0.          0.          0.          0.        ],3.9109523809523807,0.0,0.0,0.0,0.0,0.0,[0. 0. 0. 0. 0. 0. 0. 0. 0. 0. 0. 0. 0. 0. 0. 0. 0. 0. 0. 0. 0. 0. 0. 0.
 0. 0. 0. 0. 0. 0. 0. 0. 0. 0. 0. 0.]
6.620074272155762,,2.3838463072757787,-3.4065610062273963,0.0,0.0,-0.0,-0.9985955593543833,-0.05298026838084637,[ 0.00818538 -0.00150442 -0.00283228 -0.00150442  0.00117905  0.00065215
 -0.00283228  0.00065215  0.00183011  0.          0.          0.
  0.          0.          0.          0.          0.          0.
  0.          0.          0.          0.          0.          0.
  0.          0.          0.          0.          0.          0.
  0.          0.          0.          0.          0.          0.        ],4.0597619047619045,0.0,0.0,0.0,0.0,0.0,[0. 0. 0. 0. 0. 0. 0. 0. 0. 0. 0. 0. 0. 0. 0. 0. 0. 0. 0. 0. 0. 0. 0. 0.
 0. 0. 0. 0. 0. 0. 0. 0. 0. 0. 0. 0.]
6.652582168579102,,2.3484358069633995,-3.402182122558635,0.0,0.0,-0.0,-0.9999277700243546,-0.012018932320360979,[ 0.00957114 -0.00186898 -0.00322996 -0.00186898  0.00118896  0.00065663
 -0.00322996  0.00065663  0.00184164  0.          0.          0.
  0.          0.          0.          0.          0.          0.
  0.          0.          0.          0.          0.          0.
  0.          0.          0.          0.          0.          0.
  0.          0.          0.          0.          0.          0.        ],4.22,0.0,0.0,0.0,0.0,0.0,[0. 0. 0. 0. 0. 0. 0. 0. 0. 0. 0. 0. 0. 0. 0. 0. 0. 0. 0. 0. 0. 0. 0. 0.
 0. 0. 0. 0. 0. 0. 0. 0. 0. 0. 0. 0.]
6.670526027679443,,2.315181996204118,-3.411302894702273,0.0,0.0,0.0,-0.9996442029581425,0.026673347974713026,[ 0.0096237  -0.00137696 -0.00329276 -0.00137696  0.00112919  0.00054145
 -0.00329276  0.00054145  0.00197809  0.          0.          0.
  0.          0.          0.          0.          0.          0.
  0.          0.          0.          0.          0.          0.
  0.          0.          0.          0.          0.          0.
  0.          0.          0.          0.          0.          0.        ],4.406666666666666,0.0,0.0,0.0,0.0,0.0,[0. 0. 0. 0. 0. 0. 0. 0. 0. 0. 0. 0. 0. 0. 0. 0. 0. 0. 0. 0. 0. 0. 0. 0.
 0. 0. 0. 0. 0. 0. 0. 0. 0. 0. 0. 0.]
6.68958854675293,,2.310507954524841,-3.41763291595673,0.0,0.0,0.0,-0.9978708006989648,0.06522166137416881,[ 0.00715801 -0.00038426 -0.0020725  -0.00038426  0.00109197  0.00011719
 -0.0020725   0.00011719  0.00115654  0.          0.          0.
  0.          0.          0.          0.          0.          0.
  0.          0.          0.          0.          0.          0.
  0.          0.          0.          0.          0.          0.
  0.          0.          0.          0.          0.          0.        ],4.538095238095238,0.0,0.0,0.0,0.0,0.0,[0. 0. 0. 0. 0. 0. 0. 0. 0. 0. 0. 0. 0. 0. 0. 0. 0. 0. 0. 0. 0. 0. 0. 0.
 0. 0. 0. 0. 0. 0. 0. 0. 0. 0. 0. 0.]
6.719392538070679,,2.2581060592260074,-3.42432765497218,0.0,0.0,0.0,-0.9940824288894228,0.10862837830560548,[ 0.00538752  0.00021291 -0.00138507  0.00021291  0.0011356  -0.00020509
 -0.00138507 -0.00020509  0.00084173  0.          0.          0.
  0.          0.          0.          0.          0.          0.
  0.          0.          0.          0.          0.          0.
  0.          0.          0.          0.          0.          0.
  0.          0.          0.          0.          0.          0.        ],4.673571428571429,0.0,0.0,0.0,0.0,0.0,[0. 0. 0. 0. 0. 0. 0. 0. 0. 0. 0. 0. 0. 0. 0. 0. 0. 0. 0. 0. 0. 0. 0. 0.
 0. 0. 0. 0. 0. 0. 0. 0. 0. 0. 0. 0.]
6.7451934814453125,,2.2456959406026664,-3.421950054869606,0.0,0.0,0.0,-0.9889362664788931,0.1483410288584644,[ 0.00551447  0.00027209 -0.0015386   0.00027209  0.00132961 -0.00026497
 -0.0015386  -0.00026497  0.00087925  0.          0.          0.
  0.          0.          0.          0.          0.          0.
  0.          0.          0.          0.          0.          0.
  0.          0.          0.          0.          0.          0.
  0.          0.          0.          0.          0.          0.        ],4.789285714285715,0.0,0.0,0.0,0.0,0.0,[0. 0. 0. 0. 0. 0. 0. 0. 0. 0. 0. 0. 0. 0. 0. 0. 0. 0. 0. 0. 0. 0. 0. 0.
 0. 0. 0. 0. 0. 0. 0. 0. 0. 0. 0. 0.]
6.76950478553772,,2.164115232578495,-3.422530504821871,0.0,0.0,0.0,-0.9822200201604313,0.18773340671292896,[ 0.0059974   0.00082409 -0.00175612  0.00082409  0.00151038 -0.00042938
 -0.00175612 -0.00042938  0.00093882  0.          0.          0.
  0.          0.          0.          0.          0.          0.
  0.          0.          0.          0.          0.          0.
  0.          0.          0.          0.          0.          0.
  0.          0.          0.          0.          0.          0.        ],4.79047619047619,0.0,0.0,0.0,0.0,0.0,[0. 0. 0. 0. 0. 0. 0. 0. 0. 0. 0. 0. 0. 0. 0. 0. 0. 0. 0. 0. 0. 0. 0. 0.
 0. 0. 0. 0. 0. 0. 0. 0. 0. 0. 0. 0.]
6.800159454345703,,2.1486298467576486,-3.4198396129287736,0.0,0.0,0.0,-0.981866973593323,0.18957121660919074,[ 0.0063643   0.00103261 -0.00181     0.00103261  0.00133465 -0.00039432
 -0.00181    -0.00039432  0.00087297  0.          0.          0.
  0.          0.          0.          0.          0.          0.
  0.          0.          0.          0.          0.          0.
  0.          0.          0.          0.          0.          0.
  0.          0.          0.          0.          0.          0.        ],4.774523809523809,0.0,0.0,0.0,0.0,0.0,[0. 0. 0. 0. 0. 0. 0. 0. 0. 0. 0. 0. 0. 0. 0. 0. 0. 0. 0. 0. 0. 0. 0. 0.
 0. 0. 0. 0. 0. 0. 0. 0. 0. 0. 0. 0.]
6.822218418121338,,2.0186438470779944,-3.460006422674647,0.0,0.0,0.0,-0.9604211660902965,0.27855194080414375,[ 0.0058285   0.001056   -0.00161754  0.001056    0.00132721 -0.00042257
 -0.00161754 -0.00042257  0.00083116  0.          0.          0.
  0.          0.          0.          0.          0.          0.
  0.          0.          0.          0.          0.          0.
  0.          0.          0.          0.          0.          0.
  0.          0.          0.          0.          0.          0.        ],4.671904761904762,0.0,0.0,0.0,0.0,0.0,[0. 0. 0. 0. 0. 0. 0. 0. 0. 0. 0. 0. 0. 0. 0. 0. 0. 0. 0. 0. 0. 0. 0. 0.
 0. 0. 0. 0. 0. 0. 0. 0. 0. 0. 0. 0.]
6.839475154876709,,1.9791838744202659,-3.496012826168671,0.0,0.0,0.0,-0.9501976565049931,0.31164789999680603,[ 0.00512607  0.000727   -0.00131152  0.000727    0.00121278 -0.00039445
 -0.00131152 -0.00039445  0.00064611  0.          0.          0.
  0.          0.          0.          0.          0.          0.
  0.          0.          0.          0.          0.          0.
  0.          0.          0.          0.          0.          0.
  0.          0.          0.          0.          0.          0.        ],4.542380952380952,0.0,0.0,0.0,0.0,0.0,[0. 0. 0. 0. 0. 0. 0. 0. 0. 0. 0. 0. 0. 0. 0. 0. 0. 0. 0. 0. 0. 0. 0. 0.
 0. 0. 0. 0. 0. 0. 0. 0. 0. 0. 0. 0.]
6.877527713775635,,1.9515528631248835,-3.526189036549353,0.0,0.0,0.0,-0.9481476118096607,0.3178303104167962,[ 0.00527342  0.00074148 -0.00146855  0.00074148  0.00116188 -0.0003955
 -0.00146855 -0.0003955   0.00071226  0.          0.          0.
  0.          0.          0.          0.          0.          0.
  0.          0.          0.          0.          0.          0.
  0.          0.          0.          0.          0.          0.
  0.          0.          0.          0.          0.          0.        ],4.449285714285714,0.0,0.0,0.0,0.0,0.0,[0. 0. 0. 0. 0. 0. 0. 0. 0. 0. 0. 0. 0. 0. 0. 0. 0. 0. 0. 0. 0. 0. 0. 0.
 0. 0. 0. 0. 0. 0. 0. 0. 0. 0. 0. 0.]
6.908906936645508,,1.8240950579515827,-3.590873659784241,0.0,0.0,0.0,-0.9228549498554759,0.3851476879422323,[ 0.00525337  0.00087523 -0.00180476  0.00087523  0.00144838 -0.00037963
 -0.00180476 -0.00037963  0.00107383  0.          0.          0.
  0.          0.          0.          0.          0.          0.
  0.          0.          0.          0.          0.          0.
  0.          0.          0.          0.          0.          0.
  0.          0.          0.          0.          0.          0.        ],4.232142857142857,0.0,0.0,0.0,0.0,0.0,[0. 0. 0. 0. 0. 0. 0. 0. 0. 0. 0. 0. 0. 0. 0. 0. 0. 0. 0. 0. 0. 0. 0. 0.
 0. 0. 0. 0. 0. 0. 0. 0. 0. 0. 0. 0.]
6.946548700332642,,1.7723085914486427,-3.6432682361453685,0.0,0.0,0.0,-0.9080721486588009,0.41881376867312825,[ 0.00374019  0.00040134 -0.00105821  0.00040134  0.00109239 -0.00030247
 -0.00105821 -0.00030247  0.00060106  0.          0.          0.
  0.          0.          0.          0.          0.          0.
  0.          0.          0.          0.          0.          0.
  0.          0.          0.          0.          0.          0.
  0.          0.          0.          0.          0.          0.        ],3.9752380952380952,0.0,0.0,0.0,0.0,0.0,[0. 0. 0. 0. 0. 0. 0. 0. 0. 0. 0. 0. 0. 0. 0. 0. 0. 0. 0. 0. 0. 0. 0. 0.
 0. 0. 0. 0. 0. 0. 0. 0. 0. 0. 0. 0.]
6.96904182434082,,1.709247160259936,-3.6686419383253663,0.0,0.0,0.0,-0.8801296316017106,0.47473343212442604,[ 0.00448856  0.00045961 -0.00147763  0.00045961  0.00125366 -0.00032575
 -0.00147763 -0.00032575  0.00091824  0.          0.          0.
  0.          0.          0.          0.          0.          0.
  0.          0.          0.          0.          0.          0.
  0.          0.          0.          0.          0.          0.
  0.          0.          0.          0.          0.          0.        ],3.8495238095238093,0.0,0.0,0.0,0.0,0.0,[0. 0. 0. 0. 0. 0. 0. 0. 0. 0. 0. 0. 0. 0. 0. 0. 0. 0. 0. 0. 0. 0. 0. 0.
 0. 0. 0. 0. 0. 0. 0. 0. 0. 0. 0. 0.]
6.990018129348755,,1.6728898412266866,-3.691119905974559,0.0,0.0,0.0,-0.8761639230821827,0.4820132569642031,[ 0.00512457  0.00038241 -0.00169038  0.00038241  0.00121436 -0.00026266
 -0.00169038 -0.00026266  0.0010964   0.          0.          0.
  0.          0.          0.          0.          0.          0.
  0.          0.          0.          0.          0.          0.
  0.          0.          0.          0.          0.          0.
  0.          0.          0.          0.          0.          0.        ],3.7661904761904763,0.0,0.0,0.0,0.0,0.0,[0. 0. 0. 0. 0. 0. 0. 0. 0. 0. 0. 0. 0. 0. 0. 0. 0. 0. 0. 0. 0. 0. 0. 0.
 0. 0. 0. 0. 0. 0. 0. 0. 0. 0. 0. 0.]
7.025737524032593,,1.5812273038489661,-3.757604437623985,0.0,0.0,0.0,-0.841168690447629,0.5407728120113112,[ 0.00559324 -0.00014501 -0.00093302 -0.00014501  0.00125624 -0.00028184
 -0.00093302 -0.00028184  0.00072296  0.          0.          0.
  0.          0.          0.          0.          0.          0.
  0.          0.          0.          0.          0.          0.
  0.          0.          0.          0.          0.          0.
  0.          0.          0.          0.          0.          0.        ],3.559761904761905,0.0,0.0,0.0,0.0,0.0,[0. 0. 0. 0. 0. 0. 0. 0. 0. 0. 0. 0. 0. 0. 0. 0. 0. 0. 0. 0. 0. 0. 0. 0.
 0. 0. 0. 0. 0. 0. 0. 0. 0. 0. 0. 0.]
7.047050952911377,,1.5695108339200905,-3.783567636255138,0.0,0.0,0.0,-0.829834725144171,0.5580092552502136,[ 0.00422835  0.0001093  -0.00139165  0.0001093   0.00127705 -0.00024913
 -0.00139165 -0.00024913  0.00088265  0.          0.          0.
  0.          0.          0.          0.          0.          0.
  0.          0.          0.          0.          0.          0.
  0.          0.          0.          0.          0.          0.
  0.          0.          0.          0.          0.          0.        ],3.4323809523809525,0.0,0.0,0.0,0.0,0.0,[0. 0. 0. 0. 0. 0. 0. 0. 0. 0. 0. 0. 0. 0. 0. 0. 0. 0. 0. 0. 0. 0. 0. 0.
 0. 0. 0. 0. 0. 0. 0. 0. 0. 0. 0. 0.]
7.066824913024902,,1.5542621621004766,-3.818770289811309,0.0,0.0,0.0,-0.8089478262473898,0.5878804422751474,[ 0.00391139  0.00048439 -0.00106388  0.00048439  0.00144125 -0.00030459
 -0.00106388 -0.00030459  0.00068207  0.          0.          0.
  0.          0.          0.          0.          0.          0.
  0.          0.          0.          0.          0.          0.
  0.          0.          0.          0.          0.          0.
  0.          0.          0.          0.          0.          0.        ],3.302619047619048,0.0,0.0,0.0,0.0,0.0,[0. 0. 0. 0. 0. 0. 0. 0. 0. 0. 0. 0. 0. 0. 0. 0. 0. 0. 0. 0. 0. 0. 0. 0.
 0. 0. 0. 0. 0. 0. 0. 0. 0. 0. 0. 0.]
7.085696697235107,,1.5445663094197137,-3.8367315909076205,0.0,0.0,0.0,-0.8074286706200428,0.589965203940665,[ 0.00417056  0.00066544 -0.00120906  0.00066544  0.00152317 -0.00045063
 -0.00120906 -0.00045063  0.00087252  0.          0.          0.
  0.          0.          0.          0.          0.          0.
  0.          0.          0.          0.          0.          0.
  0.          0.          0.          0.          0.          0.
  0.          0.          0.          0.          0.          0.        ],3.2183333333333333,0.0,0.0,0.0,0.0,0.0,[0. 0. 0. 0. 0. 0. 0. 0. 0. 0. 0. 0. 0. 0. 0. 0. 0. 0. 0. 0. 0. 0. 0. 0.
 0. 0. 0. 0. 0. 0. 0. 0. 0. 0. 0. 0.]
7.106191396713257,,1.512989626232286,-3.845140271740562,0.0,0.0,0.0,-0.7888599803339721,0.614572966723631,[ 0.00334398  0.00033938 -0.00086665  0.00033938  0.00163892 -0.00062641
 -0.00086665 -0.00062641  0.00076357  0.          0.          0.
  0.          0.          0.          0.          0.          0.
  0.          0.          0.          0.          0.          0.
  0.          0.          0.          0.          0.          0.
  0.          0.          0.          0.          0.          0.        ],3.123809523809524,0.0,0.0,0.0,0.0,0.0,[0. 0. 0. 0. 0. 0. 0. 0. 0. 0. 0. 0. 0. 0. 0. 0. 0. 0. 0. 0. 0. 0. 0. 0.
 0. 0. 0. 0. 0. 0. 0. 0. 0. 0. 0. 0.]
7.131708860397339,,1.516635161204145,-3.8559774508101787,0.0,0.0,0.0,-0.7792308615645486,0.626736997779269,[ 0.00335032  0.0005973  -0.00092342  0.0005973   0.00139756 -0.00029176
 -0.00092342 -0.00029176  0.00069009  0.          0.          0.
  0.          0.          0.          0.          0.          0.
  0.          0.          0.          0.          0.          0.
  0.          0.          0.          0.          0.          0.
  0.          0.          0.          0.          0.          0.        ],3.007857142857143,0.0,0.0,0.0,0.0,0.0,[0. 0. 0. 0. 0. 0. 0. 0. 0. 0. 0. 0. 0. 0. 0. 0. 0. 0. 0. 0. 0. 0. 0. 0.
 0. 0. 0. 0. 0. 0. 0. 0. 0. 0. 0. 0.]
7.161994695663452,,1.5123619137006656,-3.8836142202876243,0.0,0.0,0.0,-0.7572058861546207,0.6531762748085661,[ 0.00339608  0.00042403 -0.00104478  0.00042403  0.00097698 -0.00034818
 -0.00104478 -0.00034818  0.00064861  0.          0.          0.
  0.          0.          0.          0.          0.          0.
  0.          0.          0.          0.          0.          0.
  0.          0.          0.          0.          0.          0.
  0.          0.          0.          0.          0.          0.        ],2.9045238095238095,0.0,0.0,0.0,0.0,0.0,[0. 0. 0. 0. 0. 0. 0. 0. 0. 0. 0. 0. 0. 0. 0. 0. 0. 0. 0. 0. 0. 0. 0. 0.
 0. 0. 0. 0. 0. 0. 0. 0. 0. 0. 0. 0.]
7.180692434310913,,1.476599027630183,-3.9652536115993913,0.0,0.0,0.0,-0.7381353765524692,0.6746526260837828,[ 0.0032341   0.0002137  -0.00068083  0.0002137   0.00118797 -0.0003565
 -0.00068083 -0.0003565   0.00053848  0.          0.          0.
  0.          0.          0.          0.          0.          0.
  0.          0.          0.          0.          0.          0.
  0.          0.          0.          0.          0.          0.
  0.          0.          0.          0.          0.          0.        ],2.6766666666666667,0.0,0.0,0.0,0.0,0.0,[0. 0. 0. 0. 0. 0. 0. 0. 0. 0. 0. 0. 0. 0. 0. 0. 0. 0. 0. 0. 0. 0. 0. 0.
 0. 0. 0. 0. 0. 0. 0. 0. 0. 0. 0. 0.]
7.227905750274658,,1.4612789761743215,-3.984802397703737,0.0,0.0,0.0,-0.7198642055343816,0.6941149224662683,[ 0.00362237  0.00073257 -0.0010005   0.00073257  0.00152341 -0.00030598
 -0.0010005  -0.00030598  0.00081534  0.          0.          0.
  0.          0.          0.          0.          0.          0.
  0.          0.          0.          0.          0.          0.
  0.          0.          0.          0.          0.          0.
  0.          0.          0.          0.          0.          0.        ],2.5811904761904763,0.0,0.0,0.0,0.0,0.0,[0. 0. 0. 0. 0. 0. 0. 0. 0. 0. 0. 0. 0. 0. 0. 0. 0. 0. 0. 0. 0. 0. 0. 0.
 0. 0. 0. 0. 0. 0. 0. 0. 0. 0. 0. 0.]
7.256127834320068,,1.434203440243053,-4.036610777930268,0.0,0.0,0.0,-0.6895416879645407,0.724245994506709,[ 0.00325426  0.00052226 -0.00109729  0.00052226  0.00164361 -0.0005999
 -0.00109729 -0.0005999   0.00090002  0.          0.          0.
  0.          0.          0.          0.          0.          0.
  0.          0.          0.          0.          0.          0.
  0.          0.          0.          0.          0.          0.
  0.          0.          0.          0.          0.          0.        ],2.395714285714286,0.0,0.0,0.0,0.0,0.0,[0. 0. 0. 0. 0. 0. 0. 0. 0. 0. 0. 0. 0. 0. 0. 0. 0. 0. 0. 0. 0. 0. 0. 0.
 0. 0. 0. 0. 0. 0. 0. 0. 0. 0. 0. 0.]
7.290945768356323,,1.4200793637121492,-4.098272419517409,0.0,0.0,0.0,-0.671043951902482,0.7414175710185856,[ 0.00302578  0.00011344 -0.00071616  0.00011344  0.00144392 -0.00049986
 -0.00071616 -0.00049986  0.00075652  0.          0.          0.
  0.          0.          0.          0.          0.          0.
  0.          0.          0.          0.          0.          0.
  0.          0.          0.          0.          0.          0.
  0.          0.          0.          0.          0.          0.        ],2.178809523809524,0.0,0.0,0.0,0.0,0.0,[0. 0. 0. 0. 0. 0. 0. 0. 0. 0. 0. 0. 0. 0. 0. 0. 0. 0. 0. 0. 0. 0. 0. 0.
 0. 0. 0. 0. 0. 0. 0. 0. 0. 0. 0. 0.]
7.316435098648071,,1.4279357055679065,-4.122521054528249,0.0,0.0,0.0,-0.6391929369233486,0.7690464156260688,[ 0.00266832  0.00019712 -0.00086463  0.00019712  0.00114449 -0.00032223
 -0.00086463 -0.00032223  0.00069781  0.          0.          0.
  0.          0.          0.          0.          0.          0.
  0.          0.          0.          0.          0.          0.
  0.          0.          0.          0.          0.          0.
  0.          0.          0.          0.          0.          0.        ],2.0695238095238095,0.0,0.0,0.0,0.0,0.0,[0. 0. 0. 0. 0. 0. 0. 0. 0. 0. 0. 0. 0. 0. 0. 0. 0. 0. 0. 0. 0. 0. 0. 0.
 0. 0. 0. 0. 0. 0. 0. 0. 0. 0. 0. 0.]
7.343160629272461,,1.4328824096421002,-4.133523320130657,0.0,0.0,0.0,-0.6387453253946787,0.7694182278101073,[ 0.00316257  0.00056586 -0.00106703  0.00056586  0.00142063 -0.00047658
 -0.00106703 -0.00047658  0.00079427  0.          0.          0.
  0.          0.          0.          0.          0.          0.
  0.          0.          0.          0.          0.          0.
  0.          0.          0.          0.          0.          0.
  0.          0.          0.          0.          0.          0.        ],1.977142857142857,0.0,0.0,0.0,0.0,0.0,[0. 0. 0. 0. 0. 0. 0. 0. 0. 0. 0. 0. 0. 0. 0. 0. 0. 0. 0. 0. 0. 0. 0. 0.
 0. 0. 0. 0. 0. 0. 0. 0. 0. 0. 0. 0.]
7.381955146789551,,1.4423476463953646,-4.174236449387951,0.0,0.0,0.0,-0.6337398457515074,0.7735462545361174,[ 0.00306294  0.00036365 -0.00084618  0.00036365  0.0015681  -0.00050779
 -0.00084618 -0.00050779  0.00079954  0.          0.          0.
  0.          0.          0.          0.          0.          0.
  0.          0.          0.          0.          0.          0.
  0.          0.          0.          0.          0.          0.
  0.          0.          0.          0.          0.          0.        ],1.7771428571428571,0.0,0.0,0.0,0.0,0.0,[0. 0. 0. 0. 0. 0. 0. 0. 0. 0. 0. 0. 0. 0. 0. 0. 0. 0. 0. 0. 0. 0. 0. 0.
 0. 0. 0. 0. 0. 0. 0. 0. 0. 0. 0. 0.]
7.416200160980225,,1.4170459359159782,-4.223817624596942,0.0,0.0,0.0,-0.6329754410762033,0.7741718743240328,[ 0.0035546   0.00052023 -0.00114322  0.00052023  0.00152116 -0.00047245
 -0.00114322 -0.00047245  0.00107036  0.          0.          0.
  0.          0.          0.          0.          0.          0.
  0.          0.          0.          0.          0.          0.
  0.          0.          0.          0.          0.          0.
  0.          0.          0.          0.          0.          0.        ],1.5683333333333334,0.0,0.0,0.0,0.0,0.0,[0. 0. 0. 0. 0. 0. 0. 0. 0. 0. 0. 0. 0. 0. 0. 0. 0. 0. 0. 0. 0. 0. 0. 0.
 0. 0. 0. 0. 0. 0. 0. 0. 0. 0. 0. 0.]
7.457857608795166,,1.4273001190592864,-4.276991635101766,0.0,0.0,0.0,-0.6532818837584706,0.757114773566719,[ 0.00313586  0.00043637 -0.00120112  0.00043637  0.00128035 -0.00045056
 -0.00120112 -0.00045056  0.00111695  0.          0.          0.
  0.          0.          0.          0.          0.          0.
  0.          0.          0.          0.          0.          0.
  0.          0.          0.          0.          0.          0.
  0.          0.          0.          0.          0.          0.        ],1.4221428571428572,0.0,0.0,0.0,0.0,0.0,[0. 0. 0. 0. 0. 0. 0. 0. 0. 0. 0. 0. 0. 0. 0. 0. 0. 0. 0. 0. 0. 0. 0. 0.
 0. 0. 0. 0. 0. 0. 0. 0. 0. 0. 0. 0.]
7.491137742996216,,1.4305626533496045,-4.317027358143359,0.0,0.0,0.0,-0.6760381226210268,0.7368666478834808,[ 0.00313958  0.00053904 -0.00111857  0.00053904  0.00148351 -0.00055858
 -0.00111857 -0.00055858  0.00116291  0.          0.          0.
  0.          0.          0.          0.          0.          0.
  0.          0.          0.          0.          0.          0.
  0.          0.          0.          0.          0.          0.
  0.          0.          0.          0.          0.          0.        ],1.2909523809523809,0.0,0.0,0.0,0.0,0.0,[0. 0. 0. 0. 0. 0. 0. 0. 0. 0. 0. 0. 0. 0. 0. 0. 0. 0. 0. 0. 0. 0. 0. 0.
 0. 0. 0. 0. 0. 0. 0. 0. 0. 0. 0. 0.]
7.513012647628784,,1.4162054399488233,-4.357458167605817,0.0,0.0,0.0,-0.7071232432451006,0.7070903187447346,[ 0.00347681  0.00092916 -0.00165923  0.00092916  0.00177266 -0.00074061
 -0.00165923 -0.00074061  0.00171747  0.          0.          0.
  0.          0.          0.          0.          0.          0.
  0.          0.          0.          0.          0.          0.
  0.          0.          0.          0.          0.          0.
  0.          0.          0.          0.          0.          0.        ],1.0954761904761905,0.0,0.0,0.0,0.0,0.0,[0. 0. 0. 0. 0. 0. 0. 0. 0. 0. 0. 0. 0. 0. 0. 0. 0. 0. 0. 0. 0. 0. 0. 0.
 0. 0. 0. 0. 0. 0. 0. 0. 0. 0. 0. 0.]
7.538129806518555,,1.404333589861729,-4.3693659465957495,0.0,0.0,0.0,-0.7049670207445882,0.709240086051613,[ 0.00396895  0.00100494 -0.00183058  0.00100494  0.00178648 -0.00076404
 -0.00183058 -0.00076404  0.00173903  0.          0.          0.
  0.          0.          0.          0.          0.          0.
  0.          0.          0.          0.          0.          0.
  0.          0.          0.          0.          0.          0.
  0.          0.          0.          0.          0.          0.        ],0.9757142857142858,0.0,0.0,0.0,0.0,0.0,[0. 0. 0. 0. 0. 0. 0. 0. 0. 0. 0. 0. 0. 0. 0. 0. 0. 0. 0. 0. 0. 0. 0. 0.
 0. 0. 0. 0. 0. 0. 0. 0. 0. 0. 0. 0.]
7.571261882781982,,1.4339429278027318,-4.373681853866467,0.0,0.0,0.0,-0.7447434230538521,0.667350907557659,[ 0.00351552  0.00094735 -0.00167663  0.00094735  0.00163825 -0.00082026
 -0.00167663 -0.00082026  0.00159079  0.          0.          0.
  0.          0.          0.          0.          0.          0.
  0.          0.          0.          0.          0.          0.
  0.          0.          0.          0.          0.          0.
  0.          0.          0.          0.          0.          0.        ],0.8523809523809524,0.0,0.0,0.0,0.0,0.0,[0. 0. 0. 0. 0. 0. 0. 0. 0. 0. 0. 0. 0. 0. 0. 0. 0. 0. 0. 0. 0. 0. 0. 0.
 0. 0. 0. 0. 0. 0. 0. 0. 0. 0. 0. 0.]
7.60263991355896,,1.4400234194686437,-4.395344234174502,0.0,0.0,0.0,-0.7540480512683606,0.6568192570094057,[ 0.00344999  0.00100279 -0.00140328  0.00100279  0.00185924 -0.00073247
 -0.00140328 -0.00073247  0.00146263  0.          0.          0.
  0.          0.          0.          0.          0.          0.
  0.          0.          0.          0.          0.          0.
  0.          0.          0.          0.          0.          0.
  0.          0.          0.          0.          0.          0.        ],0.7378571428571429,0.0,0.0,0.0,0.0,0.0,[0. 0. 0. 0. 0. 0. 0. 0. 0. 0. 0. 0. 0. 0. 0. 0. 0. 0. 0. 0. 0. 0. 0. 0.
 0. 0. 0. 0. 0. 0. 0. 0. 0. 0. 0. 0.]
7.643038511276245,,1.4457889425426216,-4.41142648608739,0.0,0.0,0.0,-0.7756699731626069,0.6311387270116774,[ 0.00379748  0.00122564 -0.00168795  0.00122564  0.00201197 -0.00076165
 -0.00168795 -0.00076165  0.0015305   0.          0.          0.
  0.          0.          0.          0.          0.          0.
  0.          0.          0.          0.          0.          0.
  0.          0.          0.          0.          0.          0.
  0.          0.          0.          0.          0.          0.        ],0.0,0.0,0.0,0.0,0.0,0.0,[0. 0. 0. 0. 0. 0. 0. 0. 0. 0. 0. 0. 0. 0. 0. 0. 0. 0. 0. 0. 0. 0. 0. 0.
 0. 0. 0. 0. 0. 0. 0. 0. 0. 0. 0. 0.]
7.678258657455444,,1.4459503212694105,-4.415393145510681,0.0,0.0,0.0,-0.8004300706174935,0.599426143950424,[ 0.00368589  0.00122878 -0.00168086  0.00122878  0.00199534 -0.00078497
 -0.00168086 -0.00078497  0.00152166  0.          0.          0.
  0.          0.          0.          0.          0.          0.
  0.          0.          0.          0.          0.          0.
  0.          0.          0.          0.          0.          0.
  0.          0.          0.          0.          0.          0.        ],0.11404761904761905,0.0,0.0,0.0,0.0,0.0,[0. 0. 0. 0. 0. 0. 0. 0. 0. 0. 0. 0. 0. 0. 0. 0. 0. 0. 0. 0. 0. 0. 0. 0.
 0. 0. 0. 0. 0. 0. 0. 0. 0. 0. 0. 0.]
7.700326442718506,,1.4351874155299147,-4.434554565397374,0.0,0.0,0.0,-0.8041412592222489,0.5944382518112843,[ 0.00383122  0.00128148 -0.00179     0.00128148  0.00211877 -0.00073507
 -0.00179    -0.00073507  0.00197793  0.          0.          0.
  0.          0.          0.          0.          0.          0.
  0.          0.          0.          0.          0.          0.
  0.          0.          0.          0.          0.          0.
  0.          0.          0.          0.          0.          0.        ],0.21880952380952381,0.0,0.0,0.0,0.0,0.0,[0. 0. 0. 0. 0. 0. 0. 0. 0. 0. 0. 0. 0. 0. 0. 0. 0. 0. 0. 0. 0. 0. 0. 0.
 0. 0. 0. 0. 0. 0. 0. 0. 0. 0. 0. 0.]
7.732709646224976,,1.4277538699348897,-4.437056119898293,0.0,0.0,0.0,-0.818629556054846,0.5743219044694758,[ 0.00415877  0.00143287 -0.00197979  0.00143287  0.00208104 -0.00101626
 -0.00197979 -0.00101626  0.00185156  0.          0.          0.
  0.          0.          0.          0.          0.          0.
  0.          0.          0.          0.          0.          0.
  0.          0.          0.          0.          0.          0.
  0.          0.          0.          0.          0.          0.        ],0.2654761904761905,0.0,0.0,0.0,0.0,0.0,[0. 0. 0. 0. 0. 0. 0. 0. 0. 0. 0. 0. 0. 0. 0. 0. 0. 0. 0. 0. 0. 0. 0. 0.
 0. 0. 0. 0. 0. 0. 0. 0. 0. 0. 0. 0.]
7.766083478927612,,1.4174361644134188,-4.458870434006982,0.0,0.0,0.0,-0.8258310593268308,0.563917601650387,[ 0.00427021  0.00138748 -0.00210475  0.00138748  0.00205554 -0.00088442
 -0.00210475 -0.00088442  0.00226298  0.          0.          0.
  0.          0.          0.          0.          0.          0.
  0.          0.          0.          0.          0.          0.
  0.          0.          0.          0.          0.          0.
  0.          0.          0.          0.          0.          0.        ],0.3078571428571429,0.0,0.0,0.0,0.0,0.0,[0. 0. 0. 0. 0. 0. 0. 0. 0. 0. 0. 0. 0. 0. 0. 0. 0. 0. 0. 0. 0. 0. 0. 0.
 0. 0. 0. 0. 0. 0. 0. 0. 0. 0. 0. 0.]
7.792762041091919,,1.4071521857313494,-4.474668047274377,0.0,0.0,0.0,-0.8237763582906582,0.5669149067729488,[ 0.00395443  0.00125995 -0.00191247  0.00125995  0.00205874 -0.00090915
 -0.00191247 -0.00090915  0.00203051  0.          0.          0.
  0.          0.          0.          0.          0.          0.
  0.          0.          0.          0.          0.          0.
  0.          0.          0.          0.          0.          0.
  0.          0.          0.          0.          0.          0.        ],0.33404761904761904,0.0,0.0,0.0,0.0,0.0,[0. 0. 0. 0. 0. 0. 0. 0. 0. 0. 0. 0. 0. 0. 0. 0. 0. 0. 0. 0. 0. 0. 0. 0.
 0. 0. 0. 0. 0. 0. 0. 0. 0. 0. 0. 0.]
7.8327412605285645,,1.399828755964467,-4.484207025074491,0.0,0.0,0.0,-0.8411819375708363,0.5407522056400451,[ 0.00377994  0.00132655 -0.0018298   0.00132655  0.00215563 -0.00092997
 -0.0018298  -0.00092997  0.00191319  0.          0.          0.
  0.          0.          0.          0.          0.          0.
  0.          0.          0.          0.          0.          0.
  0.          0.          0.          0.          0.          0.
  0.          0.          0.          0.          0.          0.        ],0.33,0.0,0.0,0.0,0.0,0.0,[0. 0. 0. 0. 0. 0. 0. 0. 0. 0. 0. 0. 0. 0. 0. 0. 0. 0. 0. 0. 0. 0. 0. 0.
 0. 0. 0. 0. 0. 0. 0. 0. 0. 0. 0. 0.]
7.865843296051025,,1.3971638181143833,-4.486276467332995,0.0,0.0,0.0,-0.8425134563785859,0.5386752972069618,[ 0.00364897  0.00132722 -0.00174104  0.00132722  0.00215566 -0.00088595
 -0.00174104 -0.00088595  0.00181478  0.          0.          0.
  0.          0.          0.          0.          0.          0.
  0.          0.          0.          0.          0.          0.
  0.          0.          0.          0.          0.          0.
  0.          0.          0.          0.          0.          0.        ],0.0,0.0,0.0,0.0,0.0,0.0,[0. 0. 0. 0. 0. 0. 0. 0. 0. 0. 0. 0. 0. 0. 0. 0. 0. 0. 0. 0. 0. 0. 0. 0.
 0. 0. 0. 0. 0. 0. 0. 0. 0. 0. 0. 0.]
7.903383255004883,,1.3901566308451334,-4.4939076644953495,0.0,0.0,0.0,-0.8429877347922871,0.5379327829662073,[ 0.00356995  0.00129395 -0.00164907  0.00129395  0.001977   -0.00082335
 -0.00164907 -0.00082335  0.00172594  0.          0.          0.
  0.          0.          0.          0.          0.          0.
  0.          0.          0.          0.          0.          0.
  0.          0.          0.          0.          0.          0.
  0.          0.          0.          0.          0.          0.        ],0.12047619047619047,0.0,0.0,0.0,0.0,0.0,[0. 0. 0. 0. 0. 0. 0. 0. 0. 0. 0. 0. 0. 0. 0. 0. 0. 0. 0. 0. 0. 0. 0. 0.
 0. 0. 0. 0. 0. 0. 0. 0. 0. 0. 0. 0.]
7.936511993408203,,1.3717729471370035,-4.500650931690871,0.0,0.0,0.0,-0.854044363004849,0.5202001787962416,[ 0.00465402  0.00167295 -0.00264714  0.00167295  0.00238061 -0.00117109
 -0.00264714 -0.00117109  0.00295149  0.          0.          0.
  0.          0.          0.          0.          0.          0.
  0.          0.          0.          0.          0.          0.
  0.          0.          0.          0.          0.          0.
  0.          0.          0.          0.          0.          0.        ],0.0,0.0,0.0,0.0,0.0,0.0,[0. 0. 0. 0. 0. 0. 0. 0. 0. 0. 0. 0. 0. 0. 0. 0. 0. 0. 0. 0. 0. 0. 0. 0.
 0. 0. 0. 0. 0. 0. 0. 0. 0. 0. 0. 0.]
7.969339370727539,,1.3621555125024616,-4.506874426447241,0.0,0.0,0.0,-0.8545097287016701,0.5194353892008112,[ 0.00445192  0.0016907  -0.00235155  0.0016907   0.00232229 -0.00116619
 -0.00235155 -0.00116619  0.00237165  0.          0.          0.
  0.          0.          0.          0.          0.          0.
  0.          0.          0.          0.          0.          0.
  0.          0.          0.          0.          0.          0.
  0.          0.          0.          0.          0.          0.        ],0.0,0.0,0.0,0.0,0.0,0.0,[0. 0. 0. 0. 0. 0. 0. 0. 0. 0. 0. 0. 0. 0. 0. 0. 0. 0. 0. 0. 0. 0. 0. 0.
 0. 0. 0. 0. 0. 0. 0. 0. 0. 0. 0. 0.]
7.98921012878418,,1.3523557045222194,-4.521876997598313,0.0,0.0,0.0,-0.8542191285280246,0.5199131470321,[ 0.00419241  0.00168243 -0.00229972  0.00168243  0.00238213 -0.00126007
 -0.00229972 -0.00126007  0.00241443  0.          0.          0.
  0.          0.          0.          0.          0.          0.
  0.          0.          0.          0.          0.          0.
  0.          0.          0.          0.          0.          0.
  0.          0.          0.          0.          0.          0.        ],0.13404761904761905,0.0,0.0,0.0,0.0,0.0,[0. 0. 0. 0. 0. 0. 0. 0. 0. 0. 0. 0. 0. 0. 0. 0. 0. 0. 0. 0. 0. 0. 0. 0.
 0. 0. 0. 0. 0. 0. 0. 0. 0. 0. 0. 0.]
8.015441656112671,,1.3454351691234092,-4.534091025709477,0.0,0.0,0.0,-0.8523200583108361,0.5230205714893181,[ 0.00390479  0.0017502  -0.00199242  0.0017502   0.00250344 -0.0012766
 -0.00199242 -0.0012766   0.00206386  0.          0.          0.
  0.          0.          0.          0.          0.          0.
  0.          0.          0.          0.          0.          0.
  0.          0.          0.          0.          0.          0.
  0.          0.          0.          0.          0.          0.        ],0.295,0.0,0.0,0.0,0.0,0.0,[0. 0. 0. 0. 0. 0. 0. 0. 0. 0. 0. 0. 0. 0. 0. 0. 0. 0. 0. 0. 0. 0. 0. 0.
 0. 0. 0. 0. 0. 0. 0. 0. 0. 0. 0. 0.]
8.04507040977478,,1.332680740598014,-4.543641760931345,0.0,0.0,0.0,-0.8508968578788432,0.5253327871472633,[ 0.00374779  0.00152569 -0.00188144  0.00152569  0.0022187  -0.00109497
 -0.00188144 -0.00109497  0.00189311  0.          0.          0.
  0.          0.          0.          0.          0.          0.
  0.          0.          0.          0.          0.          0.
  0.          0.          0.          0.          0.          0.
  0.          0.          0.          0.          0.          0.        ],0.29833333333333334,0.0,0.0,0.0,0.0,0.0,[0. 0. 0. 0. 0. 0. 0. 0. 0. 0. 0. 0. 0. 0. 0. 0. 0. 0. 0. 0. 0. 0. 0. 0.
 0. 0. 0. 0. 0. 0. 0. 0. 0. 0. 0. 0.]
8.059642791748047,,1.3300101263873771,-4.547339567643608,0.0,0.0,0.0,-0.8515993413483447,0.5241932485401404,[ 0.00353198  0.00136111 -0.0016123   0.00136111  0.00213978 -0.00099778
 -0.0016123  -0.00099778  0.00170002  0.          0.          0.
  0.          0.          0.          0.          0.          0.
  0.          0.          0.          0.          0.          0.
  0.          0.          0.          0.          0.          0.
  0.          0.          0.          0.          0.          0.        ],0.3069047619047619,0.0,0.0,0.0,0.0,0.0,[0. 0. 0. 0. 0. 0. 0. 0. 0. 0. 0. 0. 0. 0. 0. 0. 0. 0. 0. 0. 0. 0. 0. 0.
 0. 0. 0. 0. 0. 0. 0. 0. 0. 0. 0. 0.]
8.078185796737671,,1.3352774614612586,-4.549608093732889,0.0,0.0,0.0,-0.8520405104460961,0.5234758528898502,[ 0.00352505  0.00112016 -0.00153037  0.00112016  0.001828   -0.00083997
 -0.00153037 -0.00083997  0.00158561  0.          0.          0.
  0.          0.          0.          0.          0.          0.
  0.          0.          0.          0.          0.          0.
  0.          0.          0.          0.          0.          0.
  0.          0.          0.          0.          0.          0.        ],0.46214285714285713,0.0,0.0,0.0,0.0,0.0,[0. 0. 0. 0. 0. 0. 0. 0. 0. 0. 0. 0. 0. 0. 0. 0. 0. 0. 0. 0. 0. 0. 0. 0.
 0. 0. 0. 0. 0. 0. 0. 0. 0. 0. 0. 0.]
8.099134683609009,,1.331483725082818,-4.555090505532879,0.0,0.0,0.0,-0.8527814800002852,0.5222678885098366,[ 0.00332136  0.00110998 -0.00142363  0.00110998  0.00185916 -0.00080306
 -0.00142363 -0.00080306  0.0014665   0.          0.          0.
  0.          0.          0.          0.          0.          0.
  0.          0.          0.          0.          0.          0.
  0.          0.          0.          0.          0.          0.
  0.          0.          0.          0.          0.          0.        ],0.4764285714285714,0.0,0.0,0.0,0.0,0.0,[0. 0. 0. 0. 0. 0. 0. 0. 0. 0. 0. 0. 0. 0. 0. 0. 0. 0. 0. 0. 0. 0. 0. 0.
 0. 0. 0. 0. 0. 0. 0. 0. 0. 0. 0. 0.]
8.131085872650146,,1.3399559216349122,-4.549965316108354,0.0,0.0,0.0,-0.8551297128695745,0.5184140952632356,[ 0.00314817  0.00112385 -0.00140345  0.00112385  0.00178684 -0.00082459
 -0.00140345 -0.00082459  0.00147171  0.          0.          0.
  0.          0.          0.          0.          0.          0.
  0.          0.          0.          0.          0.          0.
  0.          0.          0.          0.          0.          0.
  0.          0.          0.          0.          0.          0.        ],0.4930952380952381,0.0,0.0,0.0,0.0,0.0,[0. 0. 0. 0. 0. 0. 0. 0. 0. 0. 0. 0. 0. 0. 0. 0. 0. 0. 0. 0. 0. 0. 0. 0.
 0. 0. 0. 0. 0. 0. 0. 0. 0. 0. 0. 0.]
8.150329113006592,,1.3365331526116255,-4.553307783742331,0.0,0.0,0.0,-0.85464537643226,0.5192121729533704,[ 0.00300729  0.00096584 -0.00130686  0.00096584  0.0019621  -0.00085196
 -0.00130686 -0.00085196  0.00148912  0.          0.          0.
  0.          0.          0.          0.          0.          0.
  0.          0.          0.          0.          0.          0.
  0.          0.          0.          0.          0.          0.
  0.          0.          0.          0.          0.          0.        ],0.6092857142857143,0.0,0.0,0.0,0.0,0.0,[0. 0. 0. 0. 0. 0. 0. 0. 0. 0. 0. 0. 0. 0. 0. 0. 0. 0. 0. 0. 0. 0. 0. 0.
 0. 0. 0. 0. 0. 0. 0. 0. 0. 0. 0. 0.]
8.172121047973633,,1.3141620631282065,-4.558868442892052,0.0,0.0,0.0,-0.8634879485215701,0.5043694704856851,[ 0.00351619  0.00119241 -0.00187401  0.00119241  0.0021931  -0.00101505
 -0.00187401 -0.00101505  0.00236844  0.          0.          0.
  0.          0.          0.          0.          0.          0.
  0.          0.          0.          0.          0.          0.
  0.          0.          0.          0.          0.          0.
  0.          0.          0.          0.          0.          0.        ],0.6445238095238095,0.0,0.0,0.0,0.0,0.0,[0. 0. 0. 0. 0. 0. 0. 0. 0. 0. 0. 0. 0. 0. 0. 0. 0. 0. 0. 0. 0. 0. 0. 0.
 0. 0. 0. 0. 0. 0. 0. 0. 0. 0. 0. 0.]
8.198851823806763,,1.283134388570196,-4.586112520399868,0.0,0.0,0.0,-0.8599255324929234,0.5104195123295759,[ 0.00352637  0.00135669 -0.00196724  0.00135669  0.00246716 -0.00121214
 -0.00196724 -0.00121214  0.00228712  0.          0.          0.
  0.          0.          0.          0.          0.          0.
  0.          0.          0.          0.          0.          0.
  0.          0.          0.          0.          0.          0.
  0.          0.          0.          0.          0.          0.        ],0.9495238095238095,0.0,0.0,0.0,0.0,0.0,[0. 0. 0. 0. 0. 0. 0. 0. 0. 0. 0. 0. 0. 0. 0. 0. 0. 0. 0. 0. 0. 0. 0. 0.
 0. 0. 0. 0. 0. 0. 0. 0. 0. 0. 0. 0.]
8.223405599594116,,1.2792883525950822,-4.595341047118512,0.0,0.0,0.0,-0.8633014212760572,0.5046886723741077,[ 0.00307059  0.00133256 -0.00147749  0.00133256  0.00219873 -0.00107481
 -0.00147749 -0.00107481  0.0015578   0.          0.          0.
  0.          0.          0.          0.          0.          0.
  0.          0.          0.          0.          0.          0.
  0.          0.          0.          0.          0.          0.
  0.          0.          0.          0.          0.          0.        ],0.9876190476190476,0.0,0.0,0.0,0.0,0.0,[0. 0. 0. 0. 0. 0. 0. 0. 0. 0. 0. 0. 0. 0. 0. 0. 0. 0. 0. 0. 0. 0. 0. 0.
 0. 0. 0. 0. 0. 0. 0. 0. 0. 0. 0. 0.]
8.242446660995483,,1.2840543374745754,-4.599000762690141,0.0,0.0,0.0,-0.8648802104868593,0.5019783078064289,[ 0.00316996  0.00128733 -0.00145271  0.00128733  0.00214118 -0.00103463
 -0.00145271 -0.00103463  0.0015701   0.          0.          0.
  0.          0.          0.          0.          0.          0.
  0.          0.          0.          0.          0.          0.
  0.          0.          0.          0.          0.          0.
  0.          0.          0.          0.          0.          0.        ],1.0233333333333334,0.0,0.0,0.0,0.0,0.0,[0. 0. 0. 0. 0. 0. 0. 0. 0. 0. 0. 0. 0. 0. 0. 0. 0. 0. 0. 0. 0. 0. 0. 0.
 0. 0. 0. 0. 0. 0. 0. 0. 0. 0. 0. 0.]
8.264825344085693,,1.2837124234933281,-4.602786278648304,0.0,0.0,0.0,-0.8647371345883182,0.502224738602137,[ 0.00305965  0.00121038 -0.00130304  0.00121038  0.00191315 -0.00093556
 -0.00130304 -0.00093556  0.00145272  0.          0.          0.
  0.          0.          0.          0.          0.          0.
  0.          0.          0.          0.          0.          0.
  0.          0.          0.          0.          0.          0.
  0.          0.          0.          0.          0.          0.        ],1.0383333333333333,0.0,0.0,0.0,0.0,0.0,[0. 0. 0. 0. 0. 0. 0. 0. 0. 0. 0. 0. 0. 0. 0. 0. 0. 0. 0. 0. 0. 0. 0. 0.
 0. 0. 0. 0. 0. 0. 0. 0. 0. 0. 0. 0.]
8.288459300994873,,1.2637349575860188,-4.608660778187937,0.0,0.0,0.0,-0.8768275119870411,0.48080506884039326,[ 0.00341176  0.00147618 -0.00184689  0.00147618  0.0022507  -0.00123289
 -0.00184689 -0.00123289  0.00206486  0.          0.          0.
  0.          0.          0.          0.          0.          0.
  0.          0.          0.          0.          0.          0.
  0.          0.          0.          0.          0.          0.
  0.          0.          0.          0.          0.          0.        ],1.0661904761904761,0.0,0.0,0.0,0.0,0.0,[0. 0. 0. 0. 0. 0. 0. 0. 0. 0. 0. 0. 0. 0. 0. 0. 0. 0. 0. 0. 0. 0. 0. 0.
 0. 0. 0. 0. 0. 0. 0. 0. 0. 0. 0. 0.]
8.312516689300537,,1.246995364444805,-4.625832246466726,0.0,0.0,0.0,-0.8746651175423006,0.4847276886610807,[ 0.00321404  0.00156632 -0.00166721  0.00156632  0.00249867 -0.00127774
 -0.00166721 -0.00127774  0.00191791  0.          0.          0.
  0.          0.          0.          0.          0.          0.
  0.          0.          0.          0.          0.          0.
  0.          0.          0.          0.          0.          0.
  0.          0.          0.          0.          0.          0.        ],1.1057142857142856,0.0,0.0,0.0,0.0,0.0,[0. 0. 0. 0. 0. 0. 0. 0. 0. 0. 0. 0. 0. 0. 0. 0. 0. 0. 0. 0. 0. 0. 0. 0.
 0. 0. 0. 0. 0. 0. 0. 0. 0. 0. 0. 0.]
8.346377611160278,,1.2212104385682856,-4.653042311278147,0.0,0.0,0.0,-0.8873898774545339,0.4610197451207782,[ 0.00329747  0.00151148 -0.00183319  0.00151148  0.00261299 -0.00137071
 -0.00183319 -0.00137071  0.0021931   0.          0.          0.
  0.          0.          0.          0.          0.          0.
  0.          0.          0.          0.          0.          0.
  0.          0.          0.          0.          0.          0.
  0.          0.          0.          0.          0.          0.        ],1.1626190476190477,0.0,0.0,0.0,0.0,0.0,[0. 0. 0. 0. 0. 0. 0. 0. 0. 0. 0. 0. 0. 0. 0. 0. 0. 0. 0. 0. 0. 0. 0. 0.
 0. 0. 0. 0. 0. 0. 0. 0. 0. 0. 0. 0.]
8.36595869064331,,1.190852764594027,-4.648468082993924,0.0,0.0,0.0,-0.8940762389851179,0.44791481208174655,[ 0.00298024  0.00129989 -0.00142048  0.00129989  0.00240353 -0.00121985
 -0.00142048 -0.00121985  0.00167185  0.          0.          0.
  0.          0.          0.          0.          0.          0.
  0.          0.          0.          0.          0.          0.
  0.          0.          0.          0.          0.          0.
  0.          0.          0.          0.          0.          0.        ],1.1804761904761905,0.0,0.0,0.0,0.0,0.0,[0. 0. 0. 0. 0. 0. 0. 0. 0. 0. 0. 0. 0. 0. 0. 0. 0. 0. 0. 0. 0. 0. 0. 0.
 0. 0. 0. 0. 0. 0. 0. 0. 0. 0. 0. 0.]
8.388073921203613,,1.1810076687903641,-4.646402409544461,0.0,0.0,0.0,-0.892801662739112,0.4504499872463944,[ 0.00288309  0.00119663 -0.00132578  0.00119663  0.00223055 -0.00105526
 -0.00132578 -0.00105526  0.00158477  0.          0.          0.
  0.          0.          0.          0.          0.          0.
  0.          0.          0.          0.          0.          0.
  0.          0.          0.          0.          0.          0.
  0.          0.          0.          0.          0.          0.        ],1.2059523809523809,0.0,0.0,0.0,0.0,0.0,[0. 0. 0. 0. 0. 0. 0. 0. 0. 0. 0. 0. 0. 0. 0. 0. 0. 0. 0. 0. 0. 0. 0. 0.
 0. 0. 0. 0. 0. 0. 0. 0. 0. 0. 0. 0.]
8.405341148376465,,1.1748794819698223,-4.6686397769233485,0.0,0.0,0.0,-0.8982305595805438,0.43952458615602286,[ 0.00336019  0.00139141 -0.00193003  0.00139141  0.00227521 -0.00109618
 -0.00193003 -0.00109618  0.00254565  0.          0.          0.
  0.          0.          0.          0.          0.          0.
  0.          0.          0.          0.          0.          0.
  0.          0.          0.          0.          0.          0.
  0.          0.          0.          0.          0.          0.        ],1.2176190476190476,0.0,0.0,0.0,0.0,0.0,[0. 0. 0. 0. 0. 0. 0. 0. 0. 0. 0. 0. 0. 0. 0. 0. 0. 0. 0. 0. 0. 0. 0. 0.
 0. 0. 0. 0. 0. 0. 0. 0. 0. 0. 0. 0.]
8.437516450881958,,1.1501767938796463,-4.678655166802266,0.0,0.0,0.0,-0.9037388115658682,0.4280842913136526,[ 0.00292478  0.00124464 -0.00143904  0.00124464  0.00225186 -0.00117222
 -0.00143904 -0.00117222  0.00187184  0.          0.          0.
  0.          0.          0.          0.          0.          0.
  0.          0.          0.          0.          0.          0.
  0.          0.          0.          0.          0.          0.
  0.          0.          0.          0.          0.          0.        ],1.2428571428571429,0.0,0.0,0.0,0.0,0.0,[0. 0. 0. 0. 0. 0. 0. 0. 0. 0. 0. 0. 0. 0. 0. 0. 0. 0. 0. 0. 0. 0. 0. 0.
 0. 0. 0. 0. 0. 0. 0. 0. 0. 0. 0. 0.]
8.461970090866089,,1.1299790366581883,-4.716984019246275,0.0,0.0,0.0,-0.9072528591082453,0.42058560322473537,[ 0.00320769  0.00119134 -0.00194105  0.00119134  0.00232103 -0.0010581
 -0.00194105 -0.0010581   0.00284378  0.          0.          0.
  0.          0.          0.          0.          0.          0.
  0.          0.          0.          0.          0.          0.
  0.          0.          0.          0.          0.          0.
  0.          0.          0.          0.          0.          0.        ],1.3073809523809523,0.0,0.0,0.0,0.0,0.0,[0. 0. 0. 0. 0. 0. 0. 0. 0. 0. 0. 0. 0. 0. 0. 0. 0. 0. 0. 0. 0. 0. 0. 0.
 0. 0. 0. 0. 0. 0. 0. 0. 0. 0. 0. 0.]
8.483073711395264,,1.1045167328422452,-4.722952314091446,0.0,0.0,0.0,-0.9127960417484897,0.40841570264656735,[ 0.00264839  0.0010135  -0.00154287  0.0010135   0.00239572 -0.00116341
 -0.00154287 -0.00116341  0.00243494  0.          0.          0.
  0.          0.          0.          0.          0.          0.
  0.          0.          0.          0.          0.          0.
  0.          0.          0.          0.          0.          0.
  0.          0.          0.          0.          0.          0.        ],1.3271428571428572,0.0,0.0,0.0,0.0,0.0,[0. 0. 0. 0. 0. 0. 0. 0. 0. 0. 0. 0. 0. 0. 0. 0. 0. 0. 0. 0. 0. 0. 0. 0.
 0. 0. 0. 0. 0. 0. 0. 0. 0. 0. 0. 0.]
8.505433559417725,,1.0833709826024733,-4.744191898296639,0.0,0.0,0.0,-0.9117127287335614,0.41082830996074704,[ 0.00309371  0.00130928 -0.00246192  0.00130928  0.00299902 -0.00141658
 -0.00246192 -0.00141658  0.00409626  0.          0.          0.
  0.          0.          0.          0.          0.          0.
  0.          0.          0.          0.          0.          0.
  0.          0.          0.          0.          0.          0.
  0.          0.          0.          0.          0.          0.        ],1.3430952380952381,0.0,0.0,0.0,0.0,0.0,[0. 0. 0. 0. 0. 0. 0. 0. 0. 0. 0. 0. 0. 0. 0. 0. 0. 0. 0. 0. 0. 0. 0. 0.
 0. 0. 0. 0. 0. 0. 0. 0. 0. 0. 0. 0.]
8.524275779724121,,1.0521465742882865,-4.757853132316079,0.0,0.0,0.0,-0.915692711187302,0.401879159298474,[ 0.00335406  0.0016548  -0.00263848  0.0016548   0.00357126 -0.00192986
 -0.00263848 -0.00192986  0.00426276  0.          0.          0.
  0.          0.          0.          0.          0.          0.
  0.          0.          0.          0.          0.          0.
  0.          0.          0.          0.          0.          0.
  0.          0.          0.          0.          0.          0.        ],1.3602380952380952,0.0,0.0,0.0,0.0,0.0,[0. 0. 0. 0. 0. 0. 0. 0. 0. 0. 0. 0. 0. 0. 0. 0. 0. 0. 0. 0. 0. 0. 0. 0.
 0. 0. 0. 0. 0. 0. 0. 0. 0. 0. 0. 0.]
8.543343544006348,,1.0299885336341583,-4.775716247613609,0.0,0.0,0.0,-0.9155644090827533,0.40217137245327256,[ 0.00338594  0.00170848 -0.0025185   0.00170848  0.00373637 -0.00202659
 -0.0025185  -0.00202659  0.00391986  0.          0.          0.
  0.          0.          0.          0.          0.          0.
  0.          0.          0.          0.          0.          0.
  0.          0.          0.          0.          0.          0.
  0.          0.          0.          0.          0.          0.        ],1.3826190476190476,0.0,0.0,0.0,0.0,0.0,[0. 0. 0. 0. 0. 0. 0. 0. 0. 0. 0. 0. 0. 0. 0. 0. 0. 0. 0. 0. 0. 0. 0. 0.
 0. 0. 0. 0. 0. 0. 0. 0. 0. 0. 0. 0.]
8.558988809585571,,1.0131232160437047,-4.797696906256583,0.0,0.0,0.0,-0.9120377420927963,0.41010627524859206,[ 0.00335872  0.0015683  -0.00245363  0.0015683   0.00354077 -0.00192727
 -0.00245363 -0.00192727  0.00382136  0.          0.          0.
  0.          0.          0.          0.          0.          0.
  0.          0.          0.          0.          0.          0.
  0.          0.          0.          0.          0.          0.
  0.          0.          0.          0.          0.          0.        ],1.4059523809523808,0.0,0.0,0.0,0.0,0.0,[0. 0. 0. 0. 0. 0. 0. 0. 0. 0. 0. 0. 0. 0. 0. 0. 0. 0. 0. 0. 0. 0. 0. 0.
 0. 0. 0. 0. 0. 0. 0. 0. 0. 0. 0. 0.]
8.57345199584961,,0.9907417312389256,-4.802495321293591,0.0,0.0,0.0,-0.9179610754992524,0.3966704726448084,[ 0.00343844  0.00181708 -0.00260258  0.00181708  0.00386523 -0.00216508
 -0.00260258 -0.00216508  0.00420401  0.          0.          0.
  0.          0.          0.          0.          0.          0.
  0.          0.          0.          0.          0.          0.
  0.          0.          0.          0.          0.          0.
  0.          0.          0.          0.          0.          0.        ],1.4204761904761904,0.0,0.0,0.0,0.0,0.0,[0. 0. 0. 0. 0. 0. 0. 0. 0. 0. 0. 0. 0. 0. 0. 0. 0. 0. 0. 0. 0. 0. 0. 0.
 0. 0. 0. 0. 0. 0. 0. 0. 0. 0. 0. 0.]
8.596086978912354,,0.974131887013771,-4.810575840748373,0.0,0.0,0.0,-0.9173665920051793,0.39804338441029613,[ 0.00306624  0.00173895 -0.00240604  0.00173895  0.00371332 -0.00213606
 -0.00240604 -0.00213606  0.00385387  0.          0.          0.
  0.          0.          0.          0.          0.          0.
  0.          0.          0.          0.          0.          0.
  0.          0.          0.          0.          0.          0.
  0.          0.          0.          0.          0.          0.        ],1.4411904761904761,0.0,0.0,0.0,0.0,0.0,[0. 0. 0. 0. 0. 0. 0. 0. 0. 0. 0. 0. 0. 0. 0. 0. 0. 0. 0. 0. 0. 0. 0. 0.
 0. 0. 0. 0. 0. 0. 0. 0. 0. 0. 0. 0.]
8.611818075180054,,0.9702353811430283,-4.809041148157222,0.0,0.0,0.0,-0.9170349603146688,0.39880682235974063,[ 0.00296141  0.00162485 -0.00224347  0.00162485  0.0038387  -0.00203052
 -0.00224347 -0.00203052  0.00365396  0.          0.          0.
  0.          0.          0.          0.          0.          0.
  0.          0.          0.          0.          0.          0.
  0.          0.          0.          0.          0.          0.
  0.          0.          0.          0.          0.          0.        ],1.4590476190476191,0.0,0.0,0.0,0.0,0.0,[0. 0. 0. 0. 0. 0. 0. 0. 0. 0. 0. 0. 0. 0. 0. 0. 0. 0. 0. 0. 0. 0. 0. 0.
 0. 0. 0. 0. 0. 0. 0. 0. 0. 0. 0. 0.]
8.643491506576538,,0.957359701647942,-4.828124577271685,0.0,0.0,0.0,-0.9281613861213962,0.37217796994611124,[ 0.00378464  0.00185893 -0.00354606  0.00185893  0.00403361 -0.0025699
 -0.00354606 -0.0025699   0.00618524  0.          0.          0.
  0.          0.          0.          0.          0.          0.
  0.          0.          0.          0.          0.          0.
  0.          0.          0.          0.          0.          0.
  0.          0.          0.          0.          0.          0.        ],1.4707142857142856,0.0,0.0,0.0,0.0,0.0,[0. 0. 0. 0. 0. 0. 0. 0. 0. 0. 0. 0. 0. 0. 0. 0. 0. 0. 0. 0. 0. 0. 0. 0.
 0. 0. 0. 0. 0. 0. 0. 0. 0. 0. 0. 0.]
8.665677070617676,,0.9464892411952281,-4.843016207848066,0.0,0.0,0.0,-0.9258874167567415,0.3777995387656372,[ 0.00405519  0.0021075  -0.00375887  0.0021075   0.00457328 -0.00294393
 -0.00375887 -0.00294393  0.00640394  0.          0.          0.
  0.          0.          0.          0.          0.          0.
  0.          0.          0.          0.          0.          0.
  0.          0.          0.          0.          0.          0.
  0.          0.          0.          0.          0.          0.        ],1.4878571428571428,0.0,0.0,0.0,0.0,0.0,[0. 0. 0. 0. 0. 0. 0. 0. 0. 0. 0. 0. 0. 0. 0. 0. 0. 0. 0. 0. 0. 0. 0. 0.
 0. 0. 0. 0. 0. 0. 0. 0. 0. 0. 0. 0.]
8.684654951095581,,0.9129418131380229,-4.866278725418899,0.0,0.0,0.0,-0.9291325025265222,0.3697469306820575,[ 0.00422412  0.00231408 -0.00394712  0.00231408  0.00481183 -0.00334151
 -0.00394712 -0.00334151  0.00718362  0.          0.          0.
  0.          0.          0.          0.          0.          0.
  0.          0.          0.          0.          0.          0.
  0.          0.          0.          0.          0.          0.
  0.          0.          0.          0.          0.          0.        ],1.506190476190476,0.0,0.0,0.0,0.0,0.0,[0. 0. 0. 0. 0. 0. 0. 0. 0. 0. 0. 0. 0. 0. 0. 0. 0. 0. 0. 0. 0. 0. 0. 0.
 0. 0. 0. 0. 0. 0. 0. 0. 0. 0. 0. 0.]
8.710469245910645,,0.8970767874418583,-4.88480814542768,0.0,0.0,0.0,-0.9285691253693817,0.3711595066958967,[ 0.00410358  0.00249816 -0.00399309  0.00249816  0.0055572  -0.00371824
 -0.00399309 -0.00371824  0.00703274  0.          0.          0.
  0.          0.          0.          0.          0.          0.
  0.          0.          0.          0.          0.          0.
  0.          0.          0.          0.          0.          0.
  0.          0.          0.          0.          0.          0.        ],1.524047619047619,0.0,0.0,0.0,0.0,0.0,[0. 0. 0. 0. 0. 0. 0. 0. 0. 0. 0. 0. 0. 0. 0. 0. 0. 0. 0. 0. 0. 0. 0. 0.
 0. 0. 0. 0. 0. 0. 0. 0. 0. 0. 0. 0.]
8.724296569824219,,0.8614968619735276,-4.912684211565861,0.0,0.0,0.0,-0.9309247892247441,0.365210948366647,[ 0.00450991  0.00282882 -0.00460242  0.00282882  0.00623102 -0.00447764
 -0.00460242 -0.00447764  0.00853853  0.          0.          0.
  0.          0.          0.          0.          0.          0.
  0.          0.          0.          0.          0.          0.
  0.          0.          0.          0.          0.          0.
  0.          0.          0.          0.          0.          0.        ],1.5423809523809524,0.0,0.0,0.0,0.0,0.0,[0. 0. 0. 0. 0. 0. 0. 0. 0. 0. 0. 0. 0. 0. 0. 0. 0. 0. 0. 0. 0. 0. 0. 0.
 0. 0. 0. 0. 0. 0. 0. 0. 0. 0. 0. 0.]
8.744544506072998,,0.8392913754972435,-4.935027168835682,0.0,0.0,0.0,-0.9278973501094033,0.3728357649957249,[ 0.00422419  0.00297018 -0.00453397  0.00297018  0.00642681 -0.00489249
 -0.00453397 -0.00489249  0.00816459  0.          0.          0.
  0.          0.          0.          0.          0.          0.
  0.          0.          0.          0.          0.          0.
  0.          0.          0.          0.          0.          0.
  0.          0.          0.          0.          0.          0.        ],1.5514285714285714,0.0,0.0,0.0,0.0,0.0,[0. 0. 0. 0. 0. 0. 0. 0. 0. 0. 0. 0. 0. 0. 0. 0. 0. 0. 0. 0. 0. 0. 0. 0.
 0. 0. 0. 0. 0. 0. 0. 0. 0. 0. 0. 0.]
8.764920949935913,,0.8207252888696086,-4.963767595176557,0.0,0.0,0.0,-0.9232534743971158,0.3841913872195136,[ 0.00432832  0.00281451 -0.00466079  0.00281451  0.00624106 -0.004882
 -0.00466079 -0.004882    0.00858397  0.          0.          0.
  0.          0.          0.          0.          0.          0.
  0.          0.          0.          0.          0.          0.
  0.          0.          0.          0.          0.          0.
  0.          0.          0.          0.          0.          0.        ],1.5640476190476191,0.0,0.0,0.0,0.0,0.0,[0. 0. 0. 0. 0. 0. 0. 0. 0. 0. 0. 0. 0. 0. 0. 0. 0. 0. 0. 0. 0. 0. 0. 0.
 0. 0. 0. 0. 0. 0. 0. 0. 0. 0. 0. 0.]
8.779540538787842,,0.7855982865664556,-5.000670927392819,0.0,0.0,0.0,-0.925202025597709,0.37947491594293314,[ 0.00403954  0.00285549 -0.0044612   0.00285549  0.0065902  -0.00534454
 -0.0044612  -0.00534454  0.00900855  0.          0.          0.
  0.          0.          0.          0.          0.          0.
  0.          0.          0.          0.          0.          0.
  0.          0.          0.          0.          0.          0.
  0.          0.          0.          0.          0.          0.        ],1.5707142857142857,0.0,0.0,0.0,0.0,0.0,[0. 0. 0. 0. 0. 0. 0. 0. 0. 0. 0. 0. 0. 0. 0. 0. 0. 0. 0. 0. 0. 0. 0. 0.
 0. 0. 0. 0. 0. 0. 0. 0. 0. 0. 0. 0.]
8.797313928604126,,0.7612747383637325,-5.033604276270158,0.0,0.0,0.0,-0.9201304801091542,0.3916119247087574,[ 0.00356915  0.00258715 -0.00405434  0.00258715  0.00677438 -0.00534558
 -0.00405434 -0.00534558  0.00852261  0.          0.          0.
  0.          0.          0.          0.          0.          0.
  0.          0.          0.          0.          0.          0.
  0.          0.          0.          0.          0.          0.
  0.          0.          0.          0.          0.          0.        ],1.5754761904761905,0.0,0.0,0.0,0.0,0.0,[0. 0. 0. 0. 0. 0. 0. 0. 0. 0. 0. 0. 0. 0. 0. 0. 0. 0. 0. 0. 0. 0. 0. 0.
 0. 0. 0. 0. 0. 0. 0. 0. 0. 0. 0. 0.]
8.811662435531616,,0.7461926151752424,-5.0597841055913255,0.0,0.0,0.0,-0.9149940398023695,0.4034673557131233,[ 0.00307751  0.00209599 -0.00354691  0.00209599  0.00665435 -0.00514987
 -0.00354691 -0.00514987  0.00812257  0.          0.          0.
  0.          0.          0.          0.          0.          0.
  0.          0.          0.          0.          0.          0.
  0.          0.          0.          0.          0.          0.
  0.          0.          0.          0.          0.          0.        ],1.5792857142857142,0.0,0.0,0.0,0.0,0.0,[0. 0. 0. 0. 0. 0. 0. 0. 0. 0. 0. 0. 0. 0. 0. 0. 0. 0. 0. 0. 0. 0. 0. 0.
 0. 0. 0. 0. 0. 0. 0. 0. 0. 0. 0. 0.]
8.833854913711548,,0.7174650698651269,-5.099820795917392,0.0,0.0,0.0,-0.916667349384582,0.3996510610172887,[ 0.00299636  0.00198966 -0.00353643  0.00198966  0.00667467 -0.00544915
 -0.00353643 -0.00544915  0.00892847  0.          0.          0.
  0.          0.          0.          0.          0.          0.
  0.          0.          0.          0.          0.          0.
  0.          0.          0.          0.          0.          0.
  0.          0.          0.          0.          0.          0.        ],1.585,0.0,0.0,0.0,0.0,0.0,[0. 0. 0. 0. 0. 0. 0. 0. 0. 0. 0. 0. 0. 0. 0. 0. 0. 0. 0. 0. 0. 0. 0. 0.
 0. 0. 0. 0. 0. 0. 0. 0. 0. 0. 0. 0.]
8.8582284450531,,0.6867437554188368,-5.143209838808903,0.0,0.0,0.0,-0.9175000523710249,0.3977356583199029,[ 0.00259553  0.00164345 -0.00298435  0.00164345  0.00665079 -0.00549655
 -0.00298435 -0.00549655  0.00889752  0.          0.          0.
  0.          0.          0.          0.          0.          0.
  0.          0.          0.          0.          0.          0.
  0.          0.          0.          0.          0.          0.
  0.          0.          0.          0.          0.          0.        ],1.5866666666666667,0.0,0.0,0.0,0.0,0.0,[0. 0. 0. 0. 0. 0. 0. 0. 0. 0. 0. 0. 0. 0. 0. 0. 0. 0. 0. 0. 0. 0. 0. 0.
 0. 0. 0. 0. 0. 0. 0. 0. 0. 0. 0. 0.]
8.876415729522705,,0.6459389259082258,-5.196203438050862,0.0,0.0,0.0,-0.9139784783167794,0.4057626660669319,[ 0.00255163  0.00132045 -0.00256295  0.00132045  0.00652573 -0.00543062
 -0.00256295 -0.00543062  0.00881439  0.          0.          0.
  0.          0.          0.          0.          0.          0.
  0.          0.          0.          0.          0.          0.
  0.          0.          0.          0.          0.          0.
  0.          0.          0.          0.          0.          0.        ],1.5904761904761904,0.0,0.0,0.0,0.0,0.0,[0. 0. 0. 0. 0. 0. 0. 0. 0. 0. 0. 0. 0. 0. 0. 0. 0. 0. 0. 0. 0. 0. 0. 0.
 0. 0. 0. 0. 0. 0. 0. 0. 0. 0. 0. 0.]
8.901815176010132,,0.6280995158415664,-5.227814350358708,0.0,0.0,0.0,-0.9102294707394251,0.414104226732143,[ 0.00226022  0.00090981 -0.00223589  0.00090981  0.00576923 -0.00504575
 -0.00223589 -0.00504575  0.00823927  0.          0.          0.
  0.          0.          0.          0.          0.          0.
  0.          0.          0.          0.          0.          0.
  0.          0.          0.          0.          0.          0.
  0.          0.          0.          0.          0.          0.        ],1.5964285714285715,0.0,0.0,0.0,0.0,0.0,[0. 0. 0. 0. 0. 0. 0. 0. 0. 0. 0. 0. 0. 0. 0. 0. 0. 0. 0. 0. 0. 0. 0. 0.
 0. 0. 0. 0. 0. 0. 0. 0. 0. 0. 0. 0.]
8.922457695007324,,0.5980355011514047,-5.268981626523275,0.0,0.0,0.0,-0.9088572225101238,0.4171073591908724,[ 0.0022024   0.00054926 -0.00155404  0.00054926  0.0057737  -0.00492566
 -0.00155404 -0.00492566  0.00777791  0.          0.          0.
  0.          0.          0.          0.          0.          0.
  0.          0.          0.          0.          0.          0.
  0.          0.          0.          0.          0.          0.
  0.          0.          0.          0.          0.          0.        ],1.6057142857142856,0.0,0.0,0.0,0.0,0.0,[0. 0. 0. 0. 0. 0. 0. 0. 0. 0. 0. 0. 0. 0. 0. 0. 0. 0. 0. 0. 0. 0. 0. 0.
 0. 0. 0. 0. 0. 0. 0. 0. 0. 0. 0. 0.]
8.943528652191162,,0.5851018087711717,-5.300738691972563,0.0,0.0,0.0,-0.904247411502151,0.42700892120851464,[ 0.00213083  0.00037965 -0.00144231  0.00037965  0.00531665 -0.00483513
 -0.00144231 -0.00483513  0.00748948  0.          0.          0.
  0.          0.          0.          0.          0.          0.
  0.          0.          0.          0.          0.          0.
  0.          0.          0.          0.          0.          0.
  0.          0.          0.          0.          0.          0.        ],1.6138095238095238,0.0,0.0,0.0,0.0,0.0,[0. 0. 0. 0. 0. 0. 0. 0. 0. 0. 0. 0. 0. 0. 0. 0. 0. 0. 0. 0. 0. 0. 0. 0.
 0. 0. 0. 0. 0. 0. 0. 0. 0. 0. 0. 0.]
8.962929725646973,,0.5791283663332448,-5.328256755229491,0.0,0.0,0.0,-0.8978255188855044,0.4403513797389248,[ 0.00210505  0.00039113 -0.00143166  0.00039113  0.00520626 -0.00482202
 -0.00143166 -0.00482202  0.00759689  0.          0.          0.
  0.          0.          0.          0.          0.          0.
  0.          0.          0.          0.          0.          0.
  0.          0.          0.          0.          0.          0.
  0.          0.          0.          0.          0.          0.        ],1.612142857142857,0.0,0.0,0.0,0.0,0.0,[0. 0. 0. 0. 0. 0. 0. 0. 0. 0. 0. 0. 0. 0. 0. 0. 0. 0. 0. 0. 0. 0. 0. 0.
 0. 0. 0. 0. 0. 0. 0. 0. 0. 0. 0. 0.]
8.978368282318115,,0.5565010519450716,-5.357660513650217,0.0,0.0,0.0,-0.8981944156886996,0.43959844361147987,[ 0.00216784  0.0002582  -0.00103986  0.0002582   0.0049571  -0.0044488
 -0.00103986 -0.0044488   0.0072409   0.          0.          0.
  0.          0.          0.          0.          0.          0.
  0.          0.          0.          0.          0.          0.
  0.          0.          0.          0.          0.          0.
  0.          0.          0.          0.          0.          0.        ],1.6128571428571428,0.0,0.0,0.0,0.0,0.0,[0. 0. 0. 0. 0. 0. 0. 0. 0. 0. 0. 0. 0. 0. 0. 0. 0. 0. 0. 0. 0. 0. 0. 0.
 0. 0. 0. 0. 0. 0. 0. 0. 0. 0. 0. 0.]
9.001936197280884,,0.5385884530328169,-5.384431384702776,0.0,0.0,0.0,-0.8922686981733176,0.45150478431583985,[ 2.11673632e-03 -2.93996292e-05 -8.32886126e-04 -2.93996292e-05
  4.78687411e-03 -4.45140006e-03 -8.32886126e-04 -4.45140006e-03
  6.86747242e-03  0.00000000e+00  0.00000000e+00  0.00000000e+00
  0.00000000e+00  0.00000000e+00  0.00000000e+00  0.00000000e+00
  0.00000000e+00  0.00000000e+00  0.00000000e+00  0.00000000e+00
  0.00000000e+00  0.00000000e+00  0.00000000e+00  0.00000000e+00
  0.00000000e+00  0.00000000e+00  0.00000000e+00  0.00000000e+00
  0.00000000e+00  0.00000000e+00  0.00000000e+00  0.00000000e+00
  0.00000000e+00  0.00000000e+00  0.00000000e+00  0.00000000e+00],1.6069047619047618,0.0,0.0,0.0,0.0,0.0,[0. 0. 0. 0. 0. 0. 0. 0. 0. 0. 0. 0. 0. 0. 0. 0. 0. 0. 0. 0. 0. 0. 0. 0.
 0. 0. 0. 0. 0. 0. 0. 0. 0. 0. 0. 0.]
9.025260210037231,,0.5136393032574914,-5.417923640178943,0.0,0.0,0.0,-0.890231655781569,0.45550806693669654,[ 0.00227611  0.00026252 -0.00081132  0.00026252  0.00472666 -0.00426999
 -0.00081132 -0.00426999  0.00688827  0.          0.          0.
  0.          0.          0.          0.          0.          0.
  0.          0.          0.          0.          0.          0.
  0.          0.          0.          0.          0.          0.
  0.          0.          0.          0.          0.          0.        ],1.605,0.0,0.0,0.0,0.0,0.0,[0. 0. 0. 0. 0. 0. 0. 0. 0. 0. 0. 0. 0. 0. 0. 0. 0. 0. 0. 0. 0. 0. 0. 0.
 0. 0. 0. 0. 0. 0. 0. 0. 0. 0. 0. 0.]
9.056851625442505,,0.4980183691605809,-5.444895251080257,0.0,0.0,0.0,-0.8843905900777983,0.4667475593742764,[ 0.00227913  0.00021845 -0.00074219  0.00021845  0.00476388 -0.00436207
 -0.00074219 -0.00436207  0.00657904  0.          0.          0.
  0.          0.          0.          0.          0.          0.
  0.          0.          0.          0.          0.          0.
  0.          0.          0.          0.          0.          0.
  0.          0.          0.          0.          0.          0.        ],1.5983333333333334,0.0,0.0,0.0,0.0,0.0,[0. 0. 0. 0. 0. 0. 0. 0. 0. 0. 0. 0. 0. 0. 0. 0. 0. 0. 0. 0. 0. 0. 0. 0.
 0. 0. 0. 0. 0. 0. 0. 0. 0. 0. 0. 0.]
9.084270238876343,,0.47654123653404845,-5.484322864110369,0.0,0.0,0.0,-0.8729703139551634,0.4877733397317071,[ 2.38210857e-03  2.05056425e-05 -4.48534291e-04  2.05056425e-05
  4.71840031e-03 -4.44864771e-03 -4.48534291e-04 -4.44864771e-03
  6.37519644e-03  0.00000000e+00  0.00000000e+00  0.00000000e+00
  0.00000000e+00  0.00000000e+00  0.00000000e+00  0.00000000e+00
  0.00000000e+00  0.00000000e+00  0.00000000e+00  0.00000000e+00
  0.00000000e+00  0.00000000e+00  0.00000000e+00  0.00000000e+00
  0.00000000e+00  0.00000000e+00  0.00000000e+00  0.00000000e+00
  0.00000000e+00  0.00000000e+00  0.00000000e+00  0.00000000e+00
  0.00000000e+00  0.00000000e+00  0.00000000e+00  0.00000000e+00],1.5107142857142857,0.0,0.0,0.0,0.0,0.0,[0. 0. 0. 0. 0. 0. 0. 0. 0. 0. 0. 0. 0. 0. 0. 0. 0. 0. 0. 0. 0. 0. 0. 0.
 0. 0. 0. 0. 0. 0. 0. 0. 0. 0. 0. 0.]
9.102981567382812,,0.4575870291878149,-5.519333991328016,0.0,0.0,0.0,-0.8670257326285719,0.4982633630519991,[ 0.00263545  0.00037651 -0.00044058  0.00037651  0.0050249  -0.00439529
 -0.00044058 -0.00439529  0.00645511  0.          0.          0.
  0.          0.          0.          0.          0.          0.
  0.          0.          0.          0.          0.          0.
  0.          0.          0.          0.          0.          0.
  0.          0.          0.          0.          0.          0.        ],1.4419047619047618,0.0,0.0,0.0,0.0,0.0,[0. 0. 0. 0. 0. 0. 0. 0. 0. 0. 0. 0. 0. 0. 0. 0. 0. 0. 0. 0. 0. 0. 0. 0.
 0. 0. 0. 0. 0. 0. 0. 0. 0. 0. 0. 0.]
9.128597736358643,,0.4459120887073318,-5.545590357790895,0.0,0.0,0.0,-0.8567153681412774,0.5157894706084603,[ 0.00257132  0.00043966 -0.00039037  0.00043966  0.00458438 -0.00400935
 -0.00039037 -0.00400935  0.00569571  0.          0.          0.
  0.          0.          0.          0.          0.          0.
  0.          0.          0.          0.          0.          0.
  0.          0.          0.          0.          0.          0.
  0.          0.          0.          0.          0.          0.        ],1.4797619047619048,0.0,0.0,0.0,0.0,0.0,[0. 0. 0. 0. 0. 0. 0. 0. 0. 0. 0. 0. 0. 0. 0. 0. 0. 0. 0. 0. 0. 0. 0. 0.
 0. 0. 0. 0. 0. 0. 0. 0. 0. 0. 0. 0.]
9.147275447845459,,0.43687712423847475,-5.571513530676822,0.0,0.0,0.0,-0.8472533753426649,0.5311889663485693,[ 0.00259635  0.00035521 -0.00032617  0.00035521  0.00456374 -0.00413092
 -0.00032617 -0.00413092  0.00591714  0.          0.          0.
  0.          0.          0.          0.          0.          0.
  0.          0.          0.          0.          0.          0.
  0.          0.          0.          0.          0.          0.
  0.          0.          0.          0.          0.          0.        ],1.4907142857142857,0.0,0.0,0.0,0.0,0.0,[0. 0. 0. 0. 0. 0. 0. 0. 0. 0. 0. 0. 0. 0. 0. 0. 0. 0. 0. 0. 0. 0. 0. 0.
 0. 0. 0. 0. 0. 0. 0. 0. 0. 0. 0. 0.]
9.174480438232422,,0.4339791837659181,-5.597133973675379,0.0,0.0,0.0,-0.8364955430141872,0.5479737279445066,[ 0.00240254  0.00022482 -0.00018277  0.00022482  0.00422277 -0.00390461
 -0.00018277 -0.00390461  0.0054202   0.          0.          0.
  0.          0.          0.          0.          0.          0.
  0.          0.          0.          0.          0.          0.
  0.          0.          0.          0.          0.          0.
  0.          0.          0.          0.          0.          0.        ],1.4895238095238095,0.0,0.0,0.0,0.0,0.0,[0. 0. 0. 0. 0. 0. 0. 0. 0. 0. 0. 0. 0. 0. 0. 0. 0. 0. 0. 0. 0. 0. 0. 0.
 0. 0. 0. 0. 0. 0. 0. 0. 0. 0. 0. 0.]
9.201596975326538,,0.42295932711963763,-5.645241155289986,0.0,0.0,0.0,-0.8191408898344096,0.5735923662334529,[ 2.60180901e-03  5.14702958e-05  1.18720940e-04  5.14702958e-05
  3.82982936e-03 -3.62949721e-03  1.18720940e-04 -3.62949721e-03
  5.13368398e-03  0.00000000e+00  0.00000000e+00  0.00000000e+00
  0.00000000e+00  0.00000000e+00  0.00000000e+00  0.00000000e+00
  0.00000000e+00  0.00000000e+00  0.00000000e+00  0.00000000e+00
  0.00000000e+00  0.00000000e+00  0.00000000e+00  0.00000000e+00
  0.00000000e+00  0.00000000e+00  0.00000000e+00  0.00000000e+00
  0.00000000e+00  0.00000000e+00  0.00000000e+00  0.00000000e+00
  0.00000000e+00  0.00000000e+00  0.00000000e+00  0.00000000e+00],1.4821428571428572,0.0,0.0,0.0,0.0,0.0,[0. 0. 0. 0. 0. 0. 0. 0. 0. 0. 0. 0. 0. 0. 0. 0. 0. 0. 0. 0. 0. 0. 0. 0.
 0. 0. 0. 0. 0. 0. 0. 0. 0. 0. 0. 0.]
9.21971344947815,,0.41869690848120367,-5.686888423847176,0.0,0.0,0.0,-0.8030642887932942,0.5958923963811928,[ 2.67322221e-03  2.88779572e-04  4.97279032e-05  2.88779572e-04
  3.67897140e-03 -2.95294935e-03  4.97279032e-05 -2.95294935e-03
  3.76135733e-03  0.00000000e+00  0.00000000e+00  0.00000000e+00
  0.00000000e+00  0.00000000e+00  0.00000000e+00  0.00000000e+00
  0.00000000e+00  0.00000000e+00  0.00000000e+00  0.00000000e+00
  0.00000000e+00  0.00000000e+00  0.00000000e+00  0.00000000e+00
  0.00000000e+00  0.00000000e+00  0.00000000e+00  0.00000000e+00
  0.00000000e+00  0.00000000e+00  0.00000000e+00  0.00000000e+00
  0.00000000e+00  0.00000000e+00  0.00000000e+00  0.00000000e+00],1.477142857142857,0.0,0.0,0.0,0.0,0.0,[0. 0. 0. 0. 0. 0. 0. 0. 0. 0. 0. 0. 0. 0. 0. 0. 0. 0. 0. 0. 0. 0. 0. 0.
 0. 0. 0. 0. 0. 0. 0. 0. 0. 0. 0. 0.]
9.241156578063965,,0.41839261773255476,-5.710614380200761,0.0,0.0,0.0,-0.7932300751307936,0.6089220376271461,[ 2.64358963e-03  3.18466668e-04  6.89904763e-05  3.18466668e-04
  3.39706331e-03 -2.84022143e-03  6.89904763e-05 -2.84022143e-03
  3.79922502e-03  0.00000000e+00  0.00000000e+00  0.00000000e+00
  0.00000000e+00  0.00000000e+00  0.00000000e+00  0.00000000e+00
  0.00000000e+00  0.00000000e+00  0.00000000e+00  0.00000000e+00
  0.00000000e+00  0.00000000e+00  0.00000000e+00  0.00000000e+00
  0.00000000e+00  0.00000000e+00  0.00000000e+00  0.00000000e+00
  0.00000000e+00  0.00000000e+00  0.00000000e+00  0.00000000e+00
  0.00000000e+00  0.00000000e+00  0.00000000e+00  0.00000000e+00],1.4680952380952381,0.0,0.0,0.0,0.0,0.0,[0. 0. 0. 0. 0. 0. 0. 0. 0. 0. 0. 0. 0. 0. 0. 0. 0. 0. 0. 0. 0. 0. 0. 0.
 0. 0. 0. 0. 0. 0. 0. 0. 0. 0. 0. 0.]
9.260520696640015,,0.41783613049507906,-5.7311613484791035,0.0,0.0,0.0,-0.7876208963924558,0.6161601444153495,[ 2.67416433e-03  4.42224223e-04 -2.49437996e-05  4.42224223e-04
  3.43056046e-03 -2.89459955e-03 -2.49437996e-05 -2.89459955e-03
  4.16378198e-03  0.00000000e+00  0.00000000e+00  0.00000000e+00
  0.00000000e+00  0.00000000e+00  0.00000000e+00  0.00000000e+00
  0.00000000e+00  0.00000000e+00  0.00000000e+00  0.00000000e+00
  0.00000000e+00  0.00000000e+00  0.00000000e+00  0.00000000e+00
  0.00000000e+00  0.00000000e+00  0.00000000e+00  0.00000000e+00
  0.00000000e+00  0.00000000e+00  0.00000000e+00  0.00000000e+00
  0.00000000e+00  0.00000000e+00  0.00000000e+00  0.00000000e+00],1.4588095238095238,0.0,0.0,0.0,0.0,0.0,[0. 0. 0. 0. 0. 0. 0. 0. 0. 0. 0. 0. 0. 0. 0. 0. 0. 0. 0. 0. 0. 0. 0. 0.
 0. 0. 0. 0. 0. 0. 0. 0. 0. 0. 0. 0.]
9.285243511199951,,0.4192883475926495,-5.759792202535695,0.0,0.0,0.0,-0.7756496492563012,0.6311637042864371,[ 2.67904649e-03  3.23974159e-04  7.05714602e-05  3.23974159e-04
  2.92986892e-03 -2.41417753e-03  7.05714602e-05 -2.41417753e-03
  3.77821606e-03  0.00000000e+00  0.00000000e+00  0.00000000e+00
  0.00000000e+00  0.00000000e+00  0.00000000e+00  0.00000000e+00
  0.00000000e+00  0.00000000e+00  0.00000000e+00  0.00000000e+00
  0.00000000e+00  0.00000000e+00  0.00000000e+00  0.00000000e+00
  0.00000000e+00  0.00000000e+00  0.00000000e+00  0.00000000e+00
  0.00000000e+00  0.00000000e+00  0.00000000e+00  0.00000000e+00
  0.00000000e+00  0.00000000e+00  0.00000000e+00  0.00000000e+00],1.455,0.0,0.0,0.0,0.0,0.0,[0. 0. 0. 0. 0. 0. 0. 0. 0. 0. 0. 0. 0. 0. 0. 0. 0. 0. 0. 0. 0. 0. 0. 0.
 0. 0. 0. 0. 0. 0. 0. 0. 0. 0. 0. 0.]
9.304293155670166,,0.41526800901684535,-5.779733690916445,0.0,0.0,0.0,-0.7657329466052675,0.6431586542084422,[ 0.0027327   0.00025228  0.0002535   0.00025228  0.00243698 -0.00196294
  0.0002535  -0.00196294  0.00304391  0.          0.          0.
  0.          0.          0.          0.          0.          0.
  0.          0.          0.          0.          0.          0.
  0.          0.          0.          0.          0.          0.
  0.          0.          0.          0.          0.          0.        ],1.4421428571428572,0.0,0.0,0.0,0.0,0.0,[0. 0. 0. 0. 0. 0. 0. 0. 0. 0. 0. 0. 0. 0. 0. 0. 0. 0. 0. 0. 0. 0. 0. 0.
 0. 0. 0. 0. 0. 0. 0. 0. 0. 0. 0. 0.]
9.32775092124939,,0.42133587724520183,-5.799250767027488,0.0,0.0,0.0,-0.7561740593209867,0.6543705311289781,[ 0.00316436  0.00030115  0.00031179  0.00030115  0.00207459 -0.00181618
  0.00031179 -0.00181618  0.00343734  0.          0.          0.
  0.          0.          0.          0.          0.          0.
  0.          0.          0.          0.          0.          0.
  0.          0.          0.          0.          0.          0.
  0.          0.          0.          0.          0.          0.        ],1.4354761904761906,0.0,0.0,0.0,0.0,0.0,[0. 0. 0. 0. 0. 0. 0. 0. 0. 0. 0. 0. 0. 0. 0. 0. 0. 0. 0. 0. 0. 0. 0. 0.
 0. 0. 0. 0. 0. 0. 0. 0. 0. 0. 0. 0.]
9.357818841934204,,0.4203918291966155,-5.823206427817251,0.0,0.0,0.0,-0.7467368906163564,0.6651195503010084,[ 0.00308947  0.00021178  0.00045002  0.00021178  0.00199351 -0.00188366
  0.00045002 -0.00188366  0.00432344  0.          0.          0.
  0.          0.          0.          0.          0.          0.
  0.          0.          0.          0.          0.          0.
  0.          0.          0.          0.          0.          0.
  0.          0.          0.          0.          0.          0.        ],1.416904761904762,0.0,0.0,0.0,0.0,0.0,[0. 0. 0. 0. 0. 0. 0. 0. 0. 0. 0. 0. 0. 0. 0. 0. 0. 0. 0. 0. 0. 0. 0. 0.
 0. 0. 0. 0. 0. 0. 0. 0. 0. 0. 0. 0.]
9.386609315872192,,0.41982590347480797,-5.869387183937008,0.0,0.0,0.0,-0.7262749312687986,0.6874043382249649,[ 0.00357382  0.00046083  0.00049647  0.00046083  0.00200551 -0.00112589
  0.00049647 -0.00112589  0.00311076  0.          0.          0.
  0.          0.          0.          0.          0.          0.
  0.          0.          0.          0.          0.          0.
  0.          0.          0.          0.          0.          0.
  0.          0.          0.          0.          0.          0.        ],1.4514285714285715,0.0,0.0,0.0,0.0,0.0,[0. 0. 0. 0. 0. 0. 0. 0. 0. 0. 0. 0. 0. 0. 0. 0. 0. 0. 0. 0. 0. 0. 0. 0.
 0. 0. 0. 0. 0. 0. 0. 0. 0. 0. 0. 0.]
9.41541600227356,,0.40932871990995096,-5.899323916938155,0.0,0.0,0.0,-0.7213069665465817,0.6926155210586667,[ 0.00382246  0.00081794  0.00087064  0.00081794  0.00254648 -0.00132332
  0.00087064 -0.00132332  0.00434816  0.          0.          0.
  0.          0.          0.          0.          0.          0.
  0.          0.          0.          0.          0.          0.
  0.          0.          0.          0.          0.          0.
  0.          0.          0.          0.          0.          0.        ],1.477142857142857,0.0,0.0,0.0,0.0,0.0,[0. 0. 0. 0. 0. 0. 0. 0. 0. 0. 0. 0. 0. 0. 0. 0. 0. 0. 0. 0. 0. 0. 0. 0.
 0. 0. 0. 0. 0. 0. 0. 0. 0. 0. 0. 0.]
9.444411516189575,,0.39366017513042073,-5.929225994826237,0.0,0.0,0.0,-0.7203366085977368,0.6936246609758847,[ 0.00367527  0.00062391  0.00075738  0.00062391  0.00256637 -0.0011884
  0.00075738 -0.0011884   0.00410759  0.          0.          0.
  0.          0.          0.          0.          0.          0.
  0.          0.          0.          0.          0.          0.
  0.          0.          0.          0.          0.          0.
  0.          0.          0.          0.          0.          0.        ],1.5247619047619048,0.0,0.0,0.0,0.0,0.0,[0. 0. 0. 0. 0. 0. 0. 0. 0. 0. 0. 0. 0. 0. 0. 0. 0. 0. 0. 0. 0. 0. 0. 0.
 0. 0. 0. 0. 0. 0. 0. 0. 0. 0. 0. 0.]
9.473609209060669,,0.38835261674566723,-5.9879686187529355,0.0,0.0,0.0,-0.7011869378814483,0.7129774737987435,[ 0.00311775  0.00071051  0.00023753  0.00071051  0.0025797  -0.00127167
  0.00023753 -0.00127167  0.00337369  0.          0.          0.
  0.          0.          0.          0.          0.          0.
  0.          0.          0.          0.          0.          0.
  0.          0.          0.          0.          0.          0.
  0.          0.          0.          0.          0.          0.        ],1.6330952380952382,0.0,0.0,0.0,0.0,0.0,[0. 0. 0. 0. 0. 0. 0. 0. 0. 0. 0. 0. 0. 0. 0. 0. 0. 0. 0. 0. 0. 0. 0. 0.
 0. 0. 0. 0. 0. 0. 0. 0. 0. 0. 0. 0.]
9.505171298980713,,0.3833719566505364,-6.024485705398696,0.0,0.0,0.0,-0.6868159261294113,0.7268313997172927,[ 0.00309874  0.00060935  0.00010616  0.00060935  0.0024318  -0.00144503
  0.00010616 -0.00144503  0.0029605   0.          0.          0.
  0.          0.          0.          0.          0.          0.
  0.          0.          0.          0.          0.          0.
  0.          0.          0.          0.          0.          0.
  0.          0.          0.          0.          0.          0.        ],1.7052380952380952,0.0,0.0,0.0,0.0,0.0,[0. 0. 0. 0. 0. 0. 0. 0. 0. 0. 0. 0. 0. 0. 0. 0. 0. 0. 0. 0. 0. 0. 0. 0.
 0. 0. 0. 0. 0. 0. 0. 0. 0. 0. 0. 0.]
9.525784730911255,,0.38645131444379005,-6.10852293558121,0.0,0.0,0.0,-0.6555192003284763,0.7551785073747233,[ 0.00298179  0.00041042  0.00063331  0.00041042  0.0024279  -0.00143716
  0.00063331 -0.00143716  0.0031565   0.          0.          0.
  0.          0.          0.          0.          0.          0.
  0.          0.          0.          0.          0.          0.
  0.          0.          0.          0.          0.          0.
  0.          0.          0.          0.          0.          0.        ],1.9366666666666668,0.0,0.0,0.0,0.0,0.0,[0. 0. 0. 0. 0. 0. 0. 0. 0. 0. 0. 0. 0. 0. 0. 0. 0. 0. 0. 0. 0. 0. 0. 0.
 0. 0. 0. 0. 0. 0. 0. 0. 0. 0. 0. 0.]
9.556007862091064,,0.40320695064837936,-6.158107091981364,0.0,0.0,0.0,-0.6329468838082714,0.7741952223292253,[ 0.00272363  0.00037844  0.0003212   0.00037844  0.0024295  -0.00128572
  0.0003212  -0.00128572  0.00255175  0.          0.          0.
  0.          0.          0.          0.          0.          0.
  0.          0.          0.          0.          0.          0.
  0.          0.          0.          0.          0.          0.
  0.          0.          0.          0.          0.          0.        ],2.0745238095238094,0.0,0.0,0.0,0.0,0.0,[0. 0. 0. 0. 0. 0. 0. 0. 0. 0. 0. 0. 0. 0. 0. 0. 0. 0. 0. 0. 0. 0. 0. 0.
 0. 0. 0. 0. 0. 0. 0. 0. 0. 0. 0. 0.]
9.578458309173584,,0.4274176063547877,-6.231933513815852,0.0,0.0,0.0,-0.6134814233099537,0.7897091510509381,[ 2.61596589e-03  3.52650031e-05  6.43311327e-04  3.52650031e-05
  2.29875963e-03 -1.73040299e-03  6.43311327e-04 -1.73040299e-03
  3.63872661e-03  0.00000000e+00  0.00000000e+00  0.00000000e+00
  0.00000000e+00  0.00000000e+00  0.00000000e+00  0.00000000e+00
  0.00000000e+00  0.00000000e+00  0.00000000e+00  0.00000000e+00
  0.00000000e+00  0.00000000e+00  0.00000000e+00  0.00000000e+00
  0.00000000e+00  0.00000000e+00  0.00000000e+00  0.00000000e+00
  0.00000000e+00  0.00000000e+00  0.00000000e+00  0.00000000e+00
  0.00000000e+00  0.00000000e+00  0.00000000e+00  0.00000000e+00],2.29,0.0,0.0,0.0,0.0,0.0,[0. 0. 0. 0. 0. 0. 0. 0. 0. 0. 0. 0. 0. 0. 0. 0. 0. 0. 0. 0. 0. 0. 0. 0.
 0. 0. 0. 0. 0. 0. 0. 0. 0. 0. 0. 0.]
9.604630708694458,,0.44259999361080493,-6.271506233727431,0.0,0.0,0.0,-0.5925029779001509,0.8055682597889847,[ 2.51580067e-03  3.60735059e-05  5.92758565e-04  3.60735059e-05
  2.37672173e-03 -1.70387063e-03  5.92758565e-04 -1.70387063e-03
  3.30221649e-03  0.00000000e+00  0.00000000e+00  0.00000000e+00
  0.00000000e+00  0.00000000e+00  0.00000000e+00  0.00000000e+00
  0.00000000e+00  0.00000000e+00  0.00000000e+00  0.00000000e+00
  0.00000000e+00  0.00000000e+00  0.00000000e+00  0.00000000e+00
  0.00000000e+00  0.00000000e+00  0.00000000e+00  0.00000000e+00
  0.00000000e+00  0.00000000e+00  0.00000000e+00  0.00000000e+00
  0.00000000e+00  0.00000000e+00  0.00000000e+00  0.00000000e+00],2.4385714285714286,0.0,0.0,0.0,0.0,0.0,[0. 0. 0. 0. 0. 0. 0. 0. 0. 0. 0. 0. 0. 0. 0. 0. 0. 0. 0. 0. 0. 0. 0. 0.
 0. 0. 0. 0. 0. 0. 0. 0. 0. 0. 0. 0.]
9.627959728240967,,0.45499848399218096,-6.286969474801119,0.0,0.0,0.0,-0.5800421392396213,0.8145864697540242,[ 0.00238183  0.00016053  0.00067906  0.00016053  0.00248261 -0.0016498
  0.00067906 -0.0016498   0.00262377  0.          0.          0.
  0.          0.          0.          0.          0.          0.
  0.          0.          0.          0.          0.          0.
  0.          0.          0.          0.          0.          0.
  0.          0.          0.          0.          0.          0.        ],2.5816666666666666,0.0,0.0,0.0,0.0,0.0,[0. 0. 0. 0. 0. 0. 0. 0. 0. 0. 0. 0. 0. 0. 0. 0. 0. 0. 0. 0. 0. 0. 0. 0.
 0. 0. 0. 0. 0. 0. 0. 0. 0. 0. 0. 0.]
9.647611141204834,,0.4813223161807395,-6.334621091911674,0.0,0.0,0.0,-0.552947067569538,0.8332163827399511,[ 2.25078131e-03 -6.95445693e-05  7.53993425e-04 -6.95445693e-05
  2.57465023e-03 -1.65527784e-03  7.53993425e-04 -1.65527784e-03
  2.86371838e-03  0.00000000e+00  0.00000000e+00  0.00000000e+00
  0.00000000e+00  0.00000000e+00  0.00000000e+00  0.00000000e+00
  0.00000000e+00  0.00000000e+00  0.00000000e+00  0.00000000e+00
  0.00000000e+00  0.00000000e+00  0.00000000e+00  0.00000000e+00
  0.00000000e+00  0.00000000e+00  0.00000000e+00  0.00000000e+00
  0.00000000e+00  0.00000000e+00  0.00000000e+00  0.00000000e+00
  0.00000000e+00  0.00000000e+00  0.00000000e+00  0.00000000e+00],2.715952380952381,0.0,0.0,0.0,0.0,0.0,[0. 0. 0. 0. 0. 0. 0. 0. 0. 0. 0. 0. 0. 0. 0. 0. 0. 0. 0. 0. 0. 0. 0. 0.
 0. 0. 0. 0. 0. 0. 0. 0. 0. 0. 0. 0.]
9.671525239944458,,0.49718746937913444,-6.370994732456564,0.0,0.0,0.0,-0.5406316838018674,0.8412594026039517,[ 0.00261916 -0.00031304  0.0011381  -0.00031304  0.0027335  -0.00193831
  0.0011381  -0.00193831  0.00334347  0.          0.          0.
  0.          0.          0.          0.          0.          0.
  0.          0.          0.          0.          0.          0.
  0.          0.          0.          0.          0.          0.
  0.          0.          0.          0.          0.          0.        ],2.8295238095238093,0.0,0.0,0.0,0.0,0.0,[0. 0. 0. 0. 0. 0. 0. 0. 0. 0. 0. 0. 0. 0. 0. 0. 0. 0. 0. 0. 0. 0. 0. 0.
 0. 0. 0. 0. 0. 0. 0. 0. 0. 0. 0. 0.]
9.690412759780884,,0.534570182037028,-6.456672093443214,0.0,0.0,0.0,-0.47231848578560254,0.8814279596116722,[ 0.00244685 -0.00023537  0.00112703 -0.00023537  0.00270769 -0.00173533
  0.00112703 -0.00173533  0.002908    0.          0.          0.
  0.          0.          0.          0.          0.          0.
  0.          0.          0.          0.          0.          0.
  0.          0.          0.          0.          0.          0.
  0.          0.          0.          0.          0.          0.        ],3.0352380952380953,0.0,0.0,0.0,0.0,0.0,[0. 0. 0. 0. 0. 0. 0. 0. 0. 0. 0. 0. 0. 0. 0. 0. 0. 0. 0. 0. 0. 0. 0. 0.
 0. 0. 0. 0. 0. 0. 0. 0. 0. 0. 0. 0.]
9.716394662857056,,0.5493103738976927,-6.490974125253079,0.0,0.0,0.0,-0.4598500701467751,0.8879965726206414,[ 0.00225003 -0.00015935  0.0007474  -0.00015935  0.00240528 -0.00132896
  0.0007474  -0.00132896  0.00197988  0.          0.          0.
  0.          0.          0.          0.          0.          0.
  0.          0.          0.          0.          0.          0.
  0.          0.          0.          0.          0.          0.
  0.          0.          0.          0.          0.          0.        ],3.1364285714285716,0.0,0.0,0.0,0.0,0.0,[0. 0. 0. 0. 0. 0. 0. 0. 0. 0. 0. 0. 0. 0. 0. 0. 0. 0. 0. 0. 0. 0. 0. 0.
 0. 0. 0. 0. 0. 0. 0. 0. 0. 0. 0. 0.]
9.74299669265747,,0.5917496081786382,-6.5433771735220665,0.0,0.0,0.0,-0.4232188684198046,0.906027477184583,[ 0.00253722 -0.00021092  0.0007688  -0.00021092  0.00234387 -0.00147938
  0.0007688  -0.00147938  0.00244178  0.          0.          0.
  0.          0.          0.          0.          0.          0.
  0.          0.          0.          0.          0.          0.
  0.          0.          0.          0.          0.          0.
  0.          0.          0.          0.          0.          0.        ],3.2914285714285714,0.0,0.0,0.0,0.0,0.0,[0. 0. 0. 0. 0. 0. 0. 0. 0. 0. 0. 0. 0. 0. 0. 0. 0. 0. 0. 0. 0. 0. 0. 0.
 0. 0. 0. 0. 0. 0. 0. 0. 0. 0. 0. 0.]
9.76716923713684,,0.6354498837568314,-6.574690367967494,0.0,0.0,0.0,-0.39203592557290107,0.9199499079081419,[ 0.0033378  -0.000614    0.00170131 -0.000614    0.00262764 -0.00197481
  0.00170131 -0.00197481  0.00359214  0.          0.          0.
  0.          0.          0.          0.          0.          0.
  0.          0.          0.          0.          0.          0.
  0.          0.          0.          0.          0.          0.
  0.          0.          0.          0.          0.          0.        ],3.4616666666666664,0.0,0.0,0.0,0.0,0.0,[0. 0. 0. 0. 0. 0. 0. 0. 0. 0. 0. 0. 0. 0. 0. 0. 0. 0. 0. 0. 0. 0. 0. 0.
 0. 0. 0. 0. 0. 0. 0. 0. 0. 0. 0. 0.]
9.79264497756958,,0.7044011541510943,-6.6333546050812755,0.0,0.0,0.0,-0.32025145485465206,0.9473325739482829,[ 0.00419906 -0.00094041  0.00252508 -0.00094041  0.00232972 -0.00181241
  0.00252508 -0.00181241  0.00418599  0.          0.          0.
  0.          0.          0.          0.          0.          0.
  0.          0.          0.          0.          0.          0.
  0.          0.          0.          0.          0.          0.
  0.          0.          0.          0.          0.          0.        ],3.7023809523809526,0.0,0.0,0.0,0.0,0.0,[0. 0. 0. 0. 0. 0. 0. 0. 0. 0. 0. 0. 0. 0. 0. 0. 0. 0. 0. 0. 0. 0. 0. 0.
 0. 0. 0. 0. 0. 0. 0. 0. 0. 0. 0. 0.]
9.833097457885742,,0.7518631996552141,-6.663300811894566,0.0,0.0,0.0,-0.29971046389799344,0.9540302080280527,[ 0.00373488 -0.00085148  0.00228008 -0.00085148  0.00191345 -0.00152011
  0.00228008 -0.00152011  0.00377111  0.          0.          0.
  0.          0.          0.          0.          0.          0.
  0.          0.          0.          0.          0.          0.
  0.          0.          0.          0.          0.          0.
  0.          0.          0.          0.          0.          0.        ],3.7942857142857145,0.0,0.0,0.0,0.0,0.0,[0. 0. 0. 0. 0. 0. 0. 0. 0. 0. 0. 0. 0. 0. 0. 0. 0. 0. 0. 0. 0. 0. 0. 0.
 0. 0. 0. 0. 0. 0. 0. 0. 0. 0. 0. 0.]
9.851715564727783,,0.8145382269188624,-6.6759574270340165,0.0,0.0,0.0,-0.25963256368720816,0.9657074773828811,[ 0.00403218 -0.00076     0.00239831 -0.00076     0.00179957 -0.00144697
  0.00239831 -0.00144697  0.00413925  0.          0.          0.
  0.          0.          0.          0.          0.          0.
  0.          0.          0.          0.          0.          0.
  0.          0.          0.          0.          0.          0.
  0.          0.          0.          0.          0.          0.        ],3.927857142857143,0.0,0.0,0.0,0.0,0.0,[0. 0. 0. 0. 0. 0. 0. 0. 0. 0. 0. 0. 0. 0. 0. 0. 0. 0. 0. 0. 0. 0. 0. 0.
 0. 0. 0. 0. 0. 0. 0. 0. 0. 0. 0. 0.]
9.896260976791382,,0.9270321377644641,-6.728016735270623,0.0,0.0,0.0,-0.18173319364553303,0.9833478765561022,[ 0.00438643 -0.00089615  0.00298008 -0.00089615  0.00190635 -0.0013972
  0.00298008 -0.0013972   0.00405894  0.          0.          0.
  0.          0.          0.          0.          0.          0.
  0.          0.          0.          0.          0.          0.
  0.          0.          0.          0.          0.          0.
  0.          0.          0.          0.          0.          0.        ],4.198095238095238,0.0,0.0,0.0,0.0,0.0,[0. 0. 0. 0. 0. 0. 0. 0. 0. 0. 0. 0. 0. 0. 0. 0. 0. 0. 0. 0. 0. 0. 0. 0.
 0. 0. 0. 0. 0. 0. 0. 0. 0. 0. 0. 0.]
9.91797399520874,,1.0252762038853662,-6.751479150469142,0.0,0.0,0.0,-0.10590942940898129,0.994375780458406,[ 0.00442827 -0.00069889  0.00277447 -0.00069889  0.00195995 -0.00106676
  0.00277447 -0.00106676  0.00387749  0.          0.          0.
  0.          0.          0.          0.          0.          0.
  0.          0.          0.          0.          0.          0.
  0.          0.          0.          0.          0.          0.
  0.          0.          0.          0.          0.          0.        ],4.398333333333333,0.0,0.0,0.0,0.0,0.0,[0. 0. 0. 0. 0. 0. 0. 0. 0. 0. 0. 0. 0. 0. 0. 0. 0. 0. 0. 0. 0. 0. 0. 0.
 0. 0. 0. 0. 0. 0. 0. 0. 0. 0. 0. 0.]
9.937550067901611,,1.0607031133426028,-6.7562315851326975,0.0,0.0,0.0,-0.09414110895500186,0.9955588639576881,[ 0.00401406 -0.00038797  0.00226355 -0.00038797  0.00162766 -0.00081155
  0.00226355 -0.00081155  0.00318769  0.          0.          0.
  0.          0.          0.          0.          0.          0.
  0.          0.          0.          0.          0.          0.
  0.          0.          0.          0.          0.          0.
  0.          0.          0.          0.          0.          0.        ],4.546904761904762,0.0,0.0,0.0,0.0,0.0,[0. 0. 0. 0. 0. 0. 0. 0. 0. 0. 0. 0. 0. 0. 0. 0. 0. 0. 0. 0. 0. 0. 0. 0.
 0. 0. 0. 0. 0. 0. 0. 0. 0. 0. 0. 0.]
9.952221632003784,,1.0717589009804944,-6.749040204156523,0.0,0.0,0.0,-0.08116053125203564,0.9967010425232269,[ 0.00409081 -0.00041256  0.00266266 -0.00041256  0.00143307 -0.0006023
  0.00266266 -0.0006023   0.00349086  0.          0.          0.
  0.          0.          0.          0.          0.          0.
  0.          0.          0.          0.          0.          0.
  0.          0.          0.          0.          0.          0.
  0.          0.          0.          0.          0.          0.        ],4.661904761904762,0.0,0.0,0.0,0.0,0.0,[0. 0. 0. 0. 0. 0. 0. 0. 0. 0. 0. 0. 0. 0. 0. 0. 0. 0. 0. 0. 0. 0. 0. 0.
 0. 0. 0. 0. 0. 0. 0. 0. 0. 0. 0. 0.]
9.971901178359985,,1.1151853488097627,-6.744517507779951,0.0,0.0,0.0,-0.027889222560279998,0.9996110199797635,[ 0.00434305 -0.00063465  0.003208   -0.00063465  0.00148743 -0.00087611
  0.003208   -0.00087611  0.00454333  0.          0.          0.
  0.          0.          0.          0.          0.          0.
  0.          0.          0.          0.          0.          0.
  0.          0.          0.          0.          0.          0.
  0.          0.          0.          0.          0.          0.        ],4.760714285714286,0.0,0.0,0.0,0.0,0.0,[0. 0. 0. 0. 0. 0. 0. 0. 0. 0. 0. 0. 0. 0. 0. 0. 0. 0. 0. 0. 0. 0. 0. 0.
 0. 0. 0. 0. 0. 0. 0. 0. 0. 0. 0. 0.]
9.998403072357178,,1.1539369970465445,-6.723337894926274,0.0,0.0,0.0,-0.0003983574715734109,0.9999999206556592,[ 0.00308415 -0.00056541  0.00207223 -0.00056541  0.00169989 -0.00071665
  0.00207223 -0.00071665  0.00265662  0.          0.          0.
  0.          0.          0.          0.          0.          0.
  0.          0.          0.          0.          0.          0.
  0.          0.          0.          0.          0.          0.
  0.          0.          0.          0.          0.          0.        ],4.758809523809524,0.0,0.0,0.0,0.0,0.0,[0. 0. 0. 0. 0. 0. 0. 0. 0. 0. 0. 0. 0. 0. 0. 0. 0. 0. 0. 0. 0. 0. 0. 0.
 0. 0. 0. 0. 0. 0. 0. 0. 0. 0. 0. 0.]
10.024940252304077,,1.223600287981957,-6.71251200128402,0.0,0.0,0.0,0.06278357626739142,0.9980271652370374,[ 0.00405835 -0.00055207  0.00293349 -0.00055207  0.00191466 -0.00105192
  0.00293349 -0.00105192  0.00477196  0.          0.          0.
  0.          0.          0.          0.          0.          0.
  0.          0.          0.          0.          0.          0.
  0.          0.          0.          0.          0.          0.
  0.          0.          0.          0.          0.          0.        ],4.685238095238096,0.0,0.0,0.0,0.0,0.0,[0. 0. 0. 0. 0. 0. 0. 0. 0. 0. 0. 0. 0. 0. 0. 0. 0. 0. 0. 0. 0. 0. 0. 0.
 0. 0. 0. 0. 0. 0. 0. 0. 0. 0. 0. 0.]
10.050388097763062,,1.2541078383708069,-6.689733787556087,0.0,0.0,0.0,0.09528234384032827,0.9954502875343868,[ 0.00395703 -0.00071545  0.00259859 -0.00071545  0.00191814 -0.00081153
  0.00259859 -0.00081153  0.00368226  0.          0.          0.
  0.          0.          0.          0.          0.          0.
  0.          0.          0.          0.          0.          0.
  0.          0.          0.          0.          0.          0.
  0.          0.          0.          0.          0.          0.        ],4.620238095238095,0.0,0.0,0.0,0.0,0.0,[0. 0. 0. 0. 0. 0. 0. 0. 0. 0. 0. 0. 0. 0. 0. 0. 0. 0. 0. 0. 0. 0. 0. 0.
 0. 0. 0. 0. 0. 0. 0. 0. 0. 0. 0. 0.]
10.070346117019653,,1.277002107153432,-6.659341983860263,0.0,0.0,0.0,0.13436968900404284,0.9909312724285962,[ 0.00411198 -0.00085042  0.00228353 -0.00085042  0.00202882 -0.00096822
  0.00228353 -0.00096822  0.00318479  0.          0.          0.
  0.          0.          0.          0.          0.          0.
  0.          0.          0.          0.          0.          0.
  0.          0.          0.          0.          0.          0.
  0.          0.          0.          0.          0.          0.        ],4.531666666666666,0.0,0.0,0.0,0.0,0.0,[0. 0. 0. 0. 0. 0. 0. 0. 0. 0. 0. 0. 0. 0. 0. 0. 0. 0. 0. 0. 0. 0. 0. 0.
 0. 0. 0. 0. 0. 0. 0. 0. 0. 0. 0. 0.]
10.086828231811523,,1.29606483925041,-6.629626377937445,0.0,0.0,0.0,0.13322582048177098,0.9910857080782464,[ 0.00400222 -0.00058663  0.00183426 -0.00058663  0.00184575 -0.00095446
  0.00183426 -0.00095446  0.00311745  0.          0.          0.
  0.          0.          0.          0.          0.          0.
  0.          0.          0.          0.          0.          0.
  0.          0.          0.          0.          0.          0.
  0.          0.          0.          0.          0.          0.        ],4.377857142857143,0.0,0.0,0.0,0.0,0.0,[0. 0. 0. 0. 0. 0. 0. 0. 0. 0. 0. 0. 0. 0. 0. 0. 0. 0. 0. 0. 0. 0. 0. 0.
 0. 0. 0. 0. 0. 0. 0. 0. 0. 0. 0. 0.]
10.109399795532227,,1.333986995680801,-6.614012065224093,0.0,0.0,0.0,0.16721731230193096,0.985920062919159,[ 0.00396835 -0.00068457  0.00225784 -0.00068457  0.00189246 -0.00082606
  0.00225784 -0.00082606  0.00364534  0.          0.          0.
  0.          0.          0.          0.          0.          0.
  0.          0.          0.          0.          0.          0.
  0.          0.          0.          0.          0.          0.
  0.          0.          0.          0.          0.          0.        ],4.259285714285714,0.0,0.0,0.0,0.0,0.0,[0. 0. 0. 0. 0. 0. 0. 0. 0. 0. 0. 0. 0. 0. 0. 0. 0. 0. 0. 0. 0. 0. 0. 0.
 0. 0. 0. 0. 0. 0. 0. 0. 0. 0. 0. 0.]
10.128084659576416,,1.3794706247139719,-6.59547978912708,0.0,0.0,0.0,0.20308315939966642,0.9791614935077102,[ 0.00398093 -0.00075332  0.00257279 -0.00075332  0.00171714 -0.00081555
  0.00257279 -0.00081555  0.00379212  0.          0.          0.
  0.          0.          0.          0.          0.          0.
  0.          0.          0.          0.          0.          0.
  0.          0.          0.          0.          0.          0.
  0.          0.          0.          0.          0.          0.        ],4.123809523809523,0.0,0.0,0.0,0.0,0.0,[0. 0. 0. 0. 0. 0. 0. 0. 0. 0. 0. 0. 0. 0. 0. 0. 0. 0. 0. 0. 0. 0. 0. 0.
 0. 0. 0. 0. 0. 0. 0. 0. 0. 0. 0. 0.]
10.158131837844849,,1.4381391149184655,-6.575015550608648,0.0,0.0,0.0,0.2378609018134186,0.9712992285534398,[ 0.0036501  -0.00066645  0.00239234 -0.00066645  0.00151393 -0.00059183
  0.00239234 -0.00059183  0.00349168  0.          0.          0.
  0.          0.          0.          0.          0.          0.
  0.          0.          0.          0.          0.          0.
  0.          0.          0.          0.          0.          0.
  0.          0.          0.          0.          0.          0.        ],3.981904761904762,0.0,0.0,0.0,0.0,0.0,[0. 0. 0. 0. 0. 0. 0. 0. 0. 0. 0. 0. 0. 0. 0. 0. 0. 0. 0. 0. 0. 0. 0. 0.
 0. 0. 0. 0. 0. 0. 0. 0. 0. 0. 0. 0.]
10.18062686920166,,1.4957567105026597,-6.559346814383627,0.0,0.0,0.0,0.27449583496058033,0.9615882885046457,[ 0.00331666 -0.00064691  0.00168009 -0.00064691  0.00138192 -0.00033683
  0.00168009 -0.00033683  0.00279461  0.          0.          0.
  0.          0.          0.          0.          0.          0.
  0.          0.          0.          0.          0.          0.
  0.          0.          0.          0.          0.          0.
  0.          0.          0.          0.          0.          0.        ],3.8321428571428573,0.0,0.0,0.0,0.0,0.0,[0. 0. 0. 0. 0. 0. 0. 0. 0. 0. 0. 0. 0. 0. 0. 0. 0. 0. 0. 0. 0. 0. 0. 0.
 0. 0. 0. 0. 0. 0. 0. 0. 0. 0. 0. 0.]
10.1984384059906,,1.5991925444469233,-6.520498889013628,0.0,0.0,0.0,0.31031273731102765,0.9506345275985599,[ 0.00360818 -0.00051715  0.00163211 -0.00051715  0.00164816 -0.00063879
  0.00163211 -0.00063879  0.00347315  0.          0.          0.
  0.          0.          0.          0.          0.          0.
  0.          0.          0.          0.          0.          0.
  0.          0.          0.          0.          0.          0.
  0.          0.          0.          0.          0.          0.        ],3.576904761904762,0.0,0.0,0.0,0.0,0.0,[0. 0. 0. 0. 0. 0. 0. 0. 0. 0. 0. 0. 0. 0. 0. 0. 0. 0. 0. 0. 0. 0. 0. 0.
 0. 0. 0. 0. 0. 0. 0. 0. 0. 0. 0. 0.]
10.21883249282837,,1.6347510744853224,-6.509575976057203,0.0,0.0,0.0,0.30669797111318675,0.9518068892979578,[ 0.00432213 -0.00054977  0.00241153 -0.00054977  0.00149662 -0.00032515
  0.00241153 -0.00032515  0.00361038  0.          0.          0.
  0.          0.          0.          0.          0.          0.
  0.          0.          0.          0.          0.          0.
  0.          0.          0.          0.          0.          0.
  0.          0.          0.          0.          0.          0.        ],3.472857142857143,0.0,0.0,0.0,0.0,0.0,[0. 0. 0. 0. 0. 0. 0. 0. 0. 0. 0. 0. 0. 0. 0. 0. 0. 0. 0. 0. 0. 0. 0. 0.
 0. 0. 0. 0. 0. 0. 0. 0. 0. 0. 0. 0.]
10.24120545387268,,1.6897904703086033,-6.497762907249171,0.0,0.0,0.0,0.30330510691323,0.9528934946363912,[ 0.00431648 -0.00068222  0.0022278  -0.00068222  0.00131972 -0.00021031
  0.0022278  -0.00021031  0.0035004   0.          0.          0.
  0.          0.          0.          0.          0.          0.
  0.          0.          0.          0.          0.          0.
  0.          0.          0.          0.          0.          0.
  0.          0.          0.          0.          0.          0.        ],3.3604761904761906,0.0,0.0,0.0,0.0,0.0,[0. 0. 0. 0. 0. 0. 0. 0. 0. 0. 0. 0. 0. 0. 0. 0. 0. 0. 0. 0. 0. 0. 0. 0.
 0. 0. 0. 0. 0. 0. 0. 0. 0. 0. 0. 0.]
10.26671028137207,,1.7300470282833789,-6.486113015827903,0.0,0.0,0.0,0.31206600473485885,0.9500604237041048,[ 0.00486467 -0.00065861  0.00251879 -0.00065861  0.00133179 -0.00030805
  0.00251879 -0.00030805  0.00425902  0.          0.          0.
  0.          0.          0.          0.          0.          0.
  0.          0.          0.          0.          0.          0.
  0.          0.          0.          0.          0.          0.
  0.          0.          0.          0.          0.          0.        ],3.249761904761905,0.0,0.0,0.0,0.0,0.0,[0. 0. 0. 0. 0. 0. 0. 0. 0. 0. 0. 0. 0. 0. 0. 0. 0. 0. 0. 0. 0. 0. 0. 0.
 0. 0. 0. 0. 0. 0. 0. 0. 0. 0. 0. 0.]
10.285351753234863,,1.7715422929558848,-6.473547407873455,0.0,0.0,0.0,0.29794865186446445,0.9545818984519601,[ 0.00522618 -0.00052929  0.00310541 -0.00052929  0.00116091 -0.00025601
  0.00310541 -0.00025601  0.00499926  0.          0.          0.
  0.          0.          0.          0.          0.          0.
  0.          0.          0.          0.          0.          0.
  0.          0.          0.          0.          0.          0.
  0.          0.          0.          0.          0.          0.        ],3.1564285714285716,0.0,0.0,0.0,0.0,0.0,[0. 0. 0. 0. 0. 0. 0. 0. 0. 0. 0. 0. 0. 0. 0. 0. 0. 0. 0. 0. 0. 0. 0. 0.
 0. 0. 0. 0. 0. 0. 0. 0. 0. 0. 0. 0.]
10.308757305145264,,1.7979344849304502,-6.472595908458561,0.0,0.0,0.0,0.2661233296460359,0.9639389884313775,[ 0.00479326 -0.00050951  0.00201957 -0.00050951  0.00120185 -0.00012267
  0.00201957 -0.00012267  0.00326433  0.          0.          0.
  0.          0.          0.          0.          0.          0.
  0.          0.          0.          0.          0.          0.
  0.          0.          0.          0.          0.          0.
  0.          0.          0.          0.          0.          0.        ],3.078809523809524,0.0,0.0,0.0,0.0,0.0,[0. 0. 0. 0. 0. 0. 0. 0. 0. 0. 0. 0. 0. 0. 0. 0. 0. 0. 0. 0. 0. 0. 0. 0.
 0. 0. 0. 0. 0. 0. 0. 0. 0. 0. 0. 0.]
10.335724592208862,,1.8692525802313305,-6.445730371662517,0.0,0.0,0.0,0.2209036022685805,0.9752956467168121,[ 4.05302358e-03 -2.71832416e-04  1.44014403e-03 -2.71832416e-04
  1.27075807e-03 -6.24560190e-06  1.44014403e-03 -6.24560190e-06
  2.96085840e-03  0.00000000e+00  0.00000000e+00  0.00000000e+00
  0.00000000e+00  0.00000000e+00  0.00000000e+00  0.00000000e+00
  0.00000000e+00  0.00000000e+00  0.00000000e+00  0.00000000e+00
  0.00000000e+00  0.00000000e+00  0.00000000e+00  0.00000000e+00
  0.00000000e+00  0.00000000e+00  0.00000000e+00  0.00000000e+00
  0.00000000e+00  0.00000000e+00  0.00000000e+00  0.00000000e+00
  0.00000000e+00  0.00000000e+00  0.00000000e+00  0.00000000e+00],2.9492857142857143,0.0,0.0,0.0,0.0,0.0,[0. 0. 0. 0. 0. 0. 0. 0. 0. 0. 0. 0. 0. 0. 0. 0. 0. 0. 0. 0. 0. 0. 0. 0.
 0. 0. 0. 0. 0. 0. 0. 0. 0. 0. 0. 0.]
10.3592848777771,,1.9146227700053857,-6.441712692755132,0.0,0.0,0.0,0.19986859619877068,0.9798227106234744,[ 4.24513687e-03 -4.94105091e-05  2.01029744e-03 -4.94105091e-05
  1.22217994e-03  2.26877016e-04  2.01029744e-03  2.26877016e-04
  4.31773735e-03  0.00000000e+00  0.00000000e+00  0.00000000e+00
  0.00000000e+00  0.00000000e+00  0.00000000e+00  0.00000000e+00
  0.00000000e+00  0.00000000e+00  0.00000000e+00  0.00000000e+00
  0.00000000e+00  0.00000000e+00  0.00000000e+00  0.00000000e+00
  0.00000000e+00  0.00000000e+00  0.00000000e+00  0.00000000e+00
  0.00000000e+00  0.00000000e+00  0.00000000e+00  0.00000000e+00
  0.00000000e+00  0.00000000e+00  0.00000000e+00  0.00000000e+00],2.9,0.0,0.0,0.0,0.0,0.0,[0. 0. 0. 0. 0. 0. 0. 0. 0. 0. 0. 0. 0. 0. 0. 0. 0. 0. 0. 0. 0. 0. 0. 0.
 0. 0. 0. 0. 0. 0. 0. 0. 0. 0. 0. 0.]
10.389018535614014,,1.955986029231324,-6.440550259249231,0.0,0.0,0.0,0.1790723114641133,0.9838359148084093,[ 4.94138185e-03 -9.47337005e-05  2.29107344e-03 -9.47337005e-05
  1.34063966e-03  2.42728808e-04  2.29107344e-03  2.42728808e-04
  4.92094924e-03  0.00000000e+00  0.00000000e+00  0.00000000e+00
  0.00000000e+00  0.00000000e+00  0.00000000e+00  0.00000000e+00
  0.00000000e+00  0.00000000e+00  0.00000000e+00  0.00000000e+00
  0.00000000e+00  0.00000000e+00  0.00000000e+00  0.00000000e+00
  0.00000000e+00  0.00000000e+00  0.00000000e+00  0.00000000e+00
  0.00000000e+00  0.00000000e+00  0.00000000e+00  0.00000000e+00
  0.00000000e+00  0.00000000e+00  0.00000000e+00  0.00000000e+00],2.8545238095238097,0.0,0.0,0.0,0.0,0.0,[0. 0. 0. 0. 0. 0. 0. 0. 0. 0. 0. 0. 0. 0. 0. 0. 0. 0. 0. 0. 0. 0. 0. 0.
 0. 0. 0. 0. 0. 0. 0. 0. 0. 0. 0. 0.]
10.412632703781128,,1.997052512621576,-6.426761755126062,0.0,0.0,0.0,0.12300773467594316,0.9924057119998316,[ 0.00449871 -0.00014533  0.00079095 -0.00014533  0.00134542 -0.00017564
  0.00079095 -0.00017564  0.00209355  0.          0.          0.
  0.          0.          0.          0.          0.          0.
  0.          0.          0.          0.          0.          0.
  0.          0.          0.          0.          0.          0.
  0.          0.          0.          0.          0.          0.        ],2.7864285714285715,0.0,0.0,0.0,0.0,0.0,[0. 0. 0. 0. 0. 0. 0. 0. 0. 0. 0. 0. 0. 0. 0. 0. 0. 0. 0. 0. 0. 0. 0. 0.
 0. 0. 0. 0. 0. 0. 0. 0. 0. 0. 0. 0.]
10.449382066726685,,2.1064752370377433,-6.404388420053818,0.0,0.0,0.0,0.04902991540050952,0.9987973104668528,[ 4.42877199e-03  3.87337642e-05  7.92029053e-05  3.87337642e-05
  1.50651631e-03 -4.10115540e-04  7.92029053e-05 -4.10115540e-04
  2.98991256e-03  0.00000000e+00  0.00000000e+00  0.00000000e+00
  0.00000000e+00  0.00000000e+00  0.00000000e+00  0.00000000e+00
  0.00000000e+00  0.00000000e+00  0.00000000e+00  0.00000000e+00
  0.00000000e+00  0.00000000e+00  0.00000000e+00  0.00000000e+00
  0.00000000e+00  0.00000000e+00  0.00000000e+00  0.00000000e+00
  0.00000000e+00  0.00000000e+00  0.00000000e+00  0.00000000e+00
  0.00000000e+00  0.00000000e+00  0.00000000e+00  0.00000000e+00],2.6080952380952382,0.0,0.0,0.0,0.0,0.0,[0. 0. 0. 0. 0. 0. 0. 0. 0. 0. 0. 0. 0. 0. 0. 0. 0. 0. 0. 0. 0. 0. 0. 0.
 0. 0. 0. 0. 0. 0. 0. 0. 0. 0. 0. 0.]
10.471092939376831,,2.1728635141129824,-6.396468102598303,0.0,0.0,0.0,0.017782746609874254,0.9998418744596612,[ 0.00448751  0.000182   -0.00016514  0.000182    0.00161674 -0.00064607
 -0.00016514 -0.00064607  0.00444787  0.          0.          0.
  0.          0.          0.          0.          0.          0.
  0.          0.          0.          0.          0.          0.
  0.          0.          0.          0.          0.          0.
  0.          0.          0.          0.          0.          0.        ],2.5092857142857143,0.0,0.0,0.0,0.0,0.0,[0. 0. 0. 0. 0. 0. 0. 0. 0. 0. 0. 0. 0. 0. 0. 0. 0. 0. 0. 0. 0. 0. 0. 0.
 0. 0. 0. 0. 0. 0. 0. 0. 0. 0. 0. 0.]
10.486207962036133,,2.208795209073904,-6.3953178364602445,0.0,0.0,0.0,-0.005154422346425454,0.9999867158769034,[ 0.00532959  0.00024179 -0.00062618  0.00024179  0.00165286 -0.00088127
 -0.00062618 -0.00088127  0.00587265  0.          0.          0.
  0.          0.          0.          0.          0.          0.
  0.          0.          0.          0.          0.          0.
  0.          0.          0.          0.          0.          0.
  0.          0.          0.          0.          0.          0.        ],2.4585714285714286,0.0,0.0,0.0,0.0,0.0,[0. 0. 0. 0. 0. 0. 0. 0. 0. 0. 0. 0. 0. 0. 0. 0. 0. 0. 0. 0. 0. 0. 0. 0.
 0. 0. 0. 0. 0. 0. 0. 0. 0. 0. 0. 0.]
10.50302791595459,,2.2526149280112153,-6.395536117896316,0.0,0.0,0.0,-0.007876645948754512,0.9999689787431398,[ 0.00585689  0.00033454 -0.00036883  0.00033454  0.0015642  -0.00072762
 -0.00036883 -0.00072762  0.00535943  0.          0.          0.
  0.          0.          0.          0.          0.          0.
  0.          0.          0.          0.          0.          0.
  0.          0.          0.          0.          0.          0.
  0.          0.          0.          0.          0.          0.        ],2.3823809523809523,0.0,0.0,0.0,0.0,0.0,[0. 0. 0. 0. 0. 0. 0. 0. 0. 0. 0. 0. 0. 0. 0. 0. 0. 0. 0. 0. 0. 0. 0. 0.
 0. 0. 0. 0. 0. 0. 0. 0. 0. 0. 0. 0.]
10.521072387695312,,2.2875369482067778,-6.399539360498955,0.0,0.0,0.0,-0.03950372855891532,0.9992194230647958,[ 6.38948882e-03  2.67928965e-04 -7.95204407e-05  2.67928965e-04
  1.65347993e-03 -5.19315307e-04 -7.95204407e-05 -5.19315307e-04
  3.45767928e-03  0.00000000e+00  0.00000000e+00  0.00000000e+00
  0.00000000e+00  0.00000000e+00  0.00000000e+00  0.00000000e+00
  0.00000000e+00  0.00000000e+00  0.00000000e+00  0.00000000e+00
  0.00000000e+00  0.00000000e+00  0.00000000e+00  0.00000000e+00
  0.00000000e+00  0.00000000e+00  0.00000000e+00  0.00000000e+00
  0.00000000e+00  0.00000000e+00  0.00000000e+00  0.00000000e+00
  0.00000000e+00  0.00000000e+00  0.00000000e+00  0.00000000e+00],2.2835714285714284,0.0,0.0,0.0,0.0,0.0,[0. 0. 0. 0. 0. 0. 0. 0. 0. 0. 0. 0. 0. 0. 0. 0. 0. 0. 0. 0. 0. 0. 0. 0.
 0. 0. 0. 0. 0. 0. 0. 0. 0. 0. 0. 0.]
10.540629148483276,,2.3350766257599584,-6.406908520226551,0.0,0.0,0.0,-0.07289435199566577,0.9973396680404986,[ 0.00589846  0.00016289 -0.00023307  0.00016289  0.00167403 -0.00059442
 -0.00023307 -0.00059442  0.00330473  0.          0.          0.
  0.          0.          0.          0.          0.          0.
  0.          0.          0.          0.          0.          0.
  0.          0.          0.          0.          0.          0.
  0.          0.          0.          0.          0.          0.        ],2.1866666666666665,0.0,0.0,0.0,0.0,0.0,[0. 0. 0. 0. 0. 0. 0. 0. 0. 0. 0. 0. 0. 0. 0. 0. 0. 0. 0. 0. 0. 0. 0. 0.
 0. 0. 0. 0. 0. 0. 0. 0. 0. 0. 0. 0.]
10.566466808319092,,2.344896590481233,-6.41321773292851,0.0,0.0,0.0,-0.07291322951410775,0.997338288125861,[ 0.00570999  0.00011926 -0.00021399  0.00011926  0.00162163 -0.00057933
 -0.00021399 -0.00057933  0.00317096  0.          0.          0.
  0.          0.          0.          0.          0.          0.
  0.          0.          0.          0.          0.          0.
  0.          0.          0.          0.          0.          0.
  0.          0.          0.          0.          0.          0.        ],2.0695238095238095,0.0,0.0,0.0,0.0,0.0,[0. 0. 0. 0. 0. 0. 0. 0. 0. 0. 0. 0. 0. 0. 0. 0. 0. 0. 0. 0. 0. 0. 0. 0.
 0. 0. 0. 0. 0. 0. 0. 0. 0. 0. 0. 0.]
10.591498851776123,,2.360926504576317,-6.421186286568423,0.0,0.0,0.0,-0.0878605822939502,0.9961327813494384,[ 0.00660074  0.00025575 -0.00068076  0.00025575  0.00160205 -0.00079624
 -0.00068076 -0.00079624  0.00387575  0.          0.          0.
  0.          0.          0.          0.          0.          0.
  0.          0.          0.          0.          0.          0.
  0.          0.          0.          0.          0.          0.
  0.          0.          0.          0.          0.          0.        ],1.9502380952380953,0.0,0.0,0.0,0.0,0.0,[0. 0. 0. 0. 0. 0. 0. 0. 0. 0. 0. 0. 0. 0. 0. 0. 0. 0. 0. 0. 0. 0. 0. 0.
 0. 0. 0. 0. 0. 0. 0. 0. 0. 0. 0. 0.]
10.607933759689331,,2.381195012544062,-6.4323400544587646,0.0,0.0,0.0,-0.1178215483394608,0.9930347842582817,[ 0.00730498  0.00039895 -0.0011408   0.00039895  0.00170873 -0.00081669
 -0.0011408  -0.00081669  0.00402075  0.          0.          0.
  0.          0.          0.          0.          0.          0.
  0.          0.          0.          0.          0.          0.
  0.          0.          0.          0.          0.          0.
  0.          0.          0.          0.          0.          0.        ],1.8292857142857142,0.0,0.0,0.0,0.0,0.0,[0. 0. 0. 0. 0. 0. 0. 0. 0. 0. 0. 0. 0. 0. 0. 0. 0. 0. 0. 0. 0. 0. 0. 0.
 0. 0. 0. 0. 0. 0. 0. 0. 0. 0. 0. 0.]
10.628024339675903,,2.409220108338989,-6.4450482993400975,0.0,0.0,0.0,-0.14814110896733695,0.9889662339200098,[ 0.00884345  0.00073468 -0.00136013  0.00073468  0.00176414 -0.00088216
 -0.00136013 -0.00088216  0.0043296   0.          0.          0.
  0.          0.          0.          0.          0.          0.
  0.          0.          0.          0.          0.          0.
  0.          0.          0.          0.          0.          0.
  0.          0.          0.          0.          0.          0.        ],1.6995238095238094,0.0,0.0,0.0,0.0,0.0,[0. 0. 0. 0. 0. 0. 0. 0. 0. 0. 0. 0. 0. 0. 0. 0. 0. 0. 0. 0. 0. 0. 0. 0.
 0. 0. 0. 0. 0. 0. 0. 0. 0. 0. 0. 0.]
10.644779205322266,,2.421776062847422,-6.452218887117992,0.0,0.0,0.0,-0.14785300111289373,0.9890093478132098,[ 0.00897085  0.0007417  -0.00150961  0.0007417   0.00172359 -0.00077299
 -0.00150961 -0.00077299  0.00432276  0.          0.          0.
  0.          0.          0.          0.          0.          0.
  0.          0.          0.          0.          0.          0.
  0.          0.          0.          0.          0.          0.
  0.          0.          0.          0.          0.          0.        ],1.5807142857142857,0.0,0.0,0.0,0.0,0.0,[0. 0. 0. 0. 0. 0. 0. 0. 0. 0. 0. 0. 0. 0. 0. 0. 0. 0. 0. 0. 0. 0. 0. 0.
 0. 0. 0. 0. 0. 0. 0. 0. 0. 0. 0. 0.]
10.66147255897522,,2.4370482338861343,-6.458314432457484,0.0,0.0,0.0,-0.1758661375618443,0.9844140905427342,[ 0.00920946  0.00075528 -0.00143615  0.00075528  0.00181963 -0.0007749
 -0.00143615 -0.0007749   0.00438049  0.          0.          0.
  0.          0.          0.          0.          0.          0.
  0.          0.          0.          0.          0.          0.
  0.          0.          0.          0.          0.          0.
  0.          0.          0.          0.          0.          0.        ],1.4764285714285714,0.0,0.0,0.0,0.0,0.0,[0. 0. 0. 0. 0. 0. 0. 0. 0. 0. 0. 0. 0. 0. 0. 0. 0. 0. 0. 0. 0. 0. 0. 0.
 0. 0. 0. 0. 0. 0. 0. 0. 0. 0. 0. 0.]
10.679171085357666,,2.4506725094534914,-6.467133054749873,0.0,0.0,0.0,-0.1973803437506994,0.9803269862147301,[ 0.01034905  0.000673   -0.001285    0.000673    0.00180867 -0.00082236
 -0.001285   -0.00082236  0.00395468  0.          0.          0.
  0.          0.          0.          0.          0.          0.
  0.          0.          0.          0.          0.          0.
  0.          0.          0.          0.          0.          0.
  0.          0.          0.          0.          0.          0.        ],1.3438095238095238,0.0,0.0,0.0,0.0,0.0,[0. 0. 0. 0. 0. 0. 0. 0. 0. 0. 0. 0. 0. 0. 0. 0. 0. 0. 0. 0. 0. 0. 0. 0.
 0. 0. 0. 0. 0. 0. 0. 0. 0. 0. 0. 0.]
10.710345029830933,,2.4865419945959872,-6.474007773890036,0.0,0.0,0.0,-0.2130253171188508,0.9770466796762646,[ 0.01083206  0.00056365 -0.00129458  0.00056365  0.00164877 -0.00059002
 -0.00129458 -0.00059002  0.00419534  0.          0.          0.
  0.          0.          0.          0.          0.          0.
  0.          0.          0.          0.          0.          0.
  0.          0.          0.          0.          0.          0.
  0.          0.          0.          0.          0.          0.        ],1.2316666666666667,0.0,0.0,0.0,0.0,0.0,[0. 0. 0. 0. 0. 0. 0. 0. 0. 0. 0. 0. 0. 0. 0. 0. 0. 0. 0. 0. 0. 0. 0. 0.
 0. 0. 0. 0. 0. 0. 0. 0. 0. 0. 0. 0.]
10.728750944137573,,2.5058856859318905,-6.478257646553501,0.0,0.0,0.0,-0.22491365374423358,0.9743786986379674,[ 0.01037812  0.00053631 -0.00140899  0.00053631  0.00161037 -0.00055603
 -0.00140899 -0.00055603  0.00382021  0.          0.          0.
  0.          0.          0.          0.          0.          0.
  0.          0.          0.          0.          0.          0.
  0.          0.          0.          0.          0.          0.
  0.          0.          0.          0.          0.          0.        ],1.1128571428571428,0.0,0.0,0.0,0.0,0.0,[0. 0. 0. 0. 0. 0. 0. 0. 0. 0. 0. 0. 0. 0. 0. 0. 0. 0. 0. 0. 0. 0. 0. 0.
 0. 0. 0. 0. 0. 0. 0. 0. 0. 0. 0. 0.]
10.744801044464111,,2.531126438975494,-6.4804073439911125,0.0,0.0,0.0,-0.23224781538150732,0.9726566466387393,[ 0.01002008  0.00042385 -0.00117245  0.00042385  0.00156392 -0.00056471
 -0.00117245 -0.00056471  0.00375225  0.          0.          0.
  0.          0.          0.          0.          0.          0.
  0.          0.          0.          0.          0.          0.
  0.          0.          0.          0.          0.          0.
  0.          0.          0.          0.          0.          0.        ],0.9876190476190476,0.0,0.0,0.0,0.0,0.0,[0. 0. 0. 0. 0. 0. 0. 0. 0. 0. 0. 0. 0. 0. 0. 0. 0. 0. 0. 0. 0. 0. 0. 0.
 0. 0. 0. 0. 0. 0. 0. 0. 0. 0. 0. 0.]
10.764731407165527,,2.551414342950798,-6.482065088970527,0.0,0.0,0.0,-0.23458591268580373,0.9720953911882149,[ 0.00938266  0.00031521 -0.00089091  0.00031521  0.00154859 -0.00045816
 -0.00089091 -0.00045816  0.00362699  0.          0.          0.
  0.          0.          0.          0.          0.          0.
  0.          0.          0.          0.          0.          0.
  0.          0.          0.          0.          0.          0.
  0.          0.          0.          0.          0.          0.        ],0.8630952380952381,0.0,0.0,0.0,0.0,0.0,[0. 0. 0. 0. 0. 0. 0. 0. 0. 0. 0. 0. 0. 0. 0. 0. 0. 0. 0. 0. 0. 0. 0. 0.
 0. 0. 0. 0. 0. 0. 0. 0. 0. 0. 0. 0.]
10.786307573318481,,2.5668124750901025,-6.487577541574581,0.0,0.0,0.0,-0.23428883579197476,0.9721670337052378,[ 0.00859738  0.00023442 -0.00074805  0.00023442  0.00146225 -0.00043613
 -0.00074805 -0.00043613  0.0033149   0.          0.          0.
  0.          0.          0.          0.          0.          0.
  0.          0.          0.          0.          0.          0.
  0.          0.          0.          0.          0.          0.
  0.          0.          0.          0.          0.          0.        ],0.745,0.0,0.0,0.0,0.0,0.0,[0. 0. 0. 0. 0. 0. 0. 0. 0. 0. 0. 0. 0. 0. 0. 0. 0. 0. 0. 0. 0. 0. 0. 0.
 0. 0. 0. 0. 0. 0. 0. 0. 0. 0. 0. 0.]
10.810247659683228,,2.5701360814221474,-6.492314061690225,0.0,0.0,0.0,-0.2249874991149181,0.9743616501289523,[ 0.00915285  0.00024552 -0.00096444  0.00024552  0.00154616 -0.0004259
 -0.00096444 -0.0004259   0.00370257  0.          0.          0.
  0.          0.          0.          0.          0.          0.
  0.          0.          0.          0.          0.          0.
  0.          0.          0.          0.          0.          0.
  0.          0.          0.          0.          0.          0.        ],0.6285714285714286,0.0,0.0,0.0,0.0,0.0,[0. 0. 0. 0. 0. 0. 0. 0. 0. 0. 0. 0. 0. 0. 0. 0. 0. 0. 0. 0. 0. 0. 0. 0.
 0. 0. 0. 0. 0. 0. 0. 0. 0. 0. 0. 0.]
10.828497886657715,,2.572115832974496,-6.491060390052098,0.0,0.0,0.0,-0.21710500240761274,0.9761482561217791,[ 0.00950263  0.0002309  -0.00103808  0.0002309   0.00164693 -0.0005335
 -0.00103808 -0.0005335   0.00356478  0.          0.          0.
  0.          0.          0.          0.          0.          0.
  0.          0.          0.          0.          0.          0.
  0.          0.          0.          0.          0.          0.
  0.          0.          0.          0.          0.          0.        ],0.0,0.0,0.0,0.0,0.0,0.0,[0. 0. 0. 0. 0. 0. 0. 0. 0. 0. 0. 0. 0. 0. 0. 0. 0. 0. 0. 0. 0. 0. 0. 0.
 0. 0. 0. 0. 0. 0. 0. 0. 0. 0. 0. 0.]
10.852498769760132,,2.5757576723268163,-6.491908992154819,0.0,0.0,0.0,-0.21703550411682676,0.9761637106309345,[ 0.00914535  0.000173   -0.00098626  0.000173    0.00158642 -0.00049508
 -0.00098626 -0.00049508  0.00352615  0.          0.          0.
  0.          0.          0.          0.          0.          0.
  0.          0.          0.          0.          0.          0.
  0.          0.          0.          0.          0.          0.
  0.          0.          0.          0.          0.          0.        ],0.0,0.0,0.0,0.0,0.0,0.0,[0. 0. 0. 0. 0. 0. 0. 0. 0. 0. 0. 0. 0. 0. 0. 0. 0. 0. 0. 0. 0. 0. 0. 0.
 0. 0. 0. 0. 0. 0. 0. 0. 0. 0. 0. 0.]
10.873528957366943,,2.5861605831828154,-6.496218717161397,0.0,0.0,0.0,-0.1976313565236753,0.9802764135276396,[ 0.01021677  0.00035411 -0.00122531  0.00035411  0.00163855 -0.00053646
 -0.00122531 -0.00053646  0.00358033  0.          0.          0.
  0.          0.          0.          0.          0.          0.
  0.          0.          0.          0.          0.          0.
  0.          0.          0.          0.          0.          0.
  0.          0.          0.          0.          0.          0.        ],0.11666666666666667,0.0,0.0,0.0,0.0,0.0,[0. 0. 0. 0. 0. 0. 0. 0. 0. 0. 0. 0. 0. 0. 0. 0. 0. 0. 0. 0. 0. 0. 0. 0.
 0. 0. 0. 0. 0. 0. 0. 0. 0. 0. 0. 0.]
10.896555423736572,,2.596967246532832,-6.5018861582332415,0.0,0.0,0.0,-0.18054307254575844,0.9835670790320998,[ 0.01126737  0.00076719 -0.00180415  0.00076719  0.00164692 -0.00065593
 -0.00180415 -0.00065593  0.00412229  0.          0.          0.
  0.          0.          0.          0.          0.          0.
  0.          0.          0.          0.          0.          0.
  0.          0.          0.          0.          0.          0.
  0.          0.          0.          0.          0.          0.        ],0.20095238095238097,0.0,0.0,0.0,0.0,0.0,[0. 0. 0. 0. 0. 0. 0. 0. 0. 0. 0. 0. 0. 0. 0. 0. 0. 0. 0. 0. 0. 0. 0. 0.
 0. 0. 0. 0. 0. 0. 0. 0. 0. 0. 0. 0.]
10.91805624961853,,2.6121177685011014,-6.508655703322217,0.0,0.0,0.0,-0.16795080136389462,0.9857953785249887,[ 0.01238243  0.00100292 -0.00229125  0.00100292  0.0016743  -0.00075399
 -0.00229125 -0.00075399  0.00366899  0.          0.          0.
  0.          0.          0.          0.          0.          0.
  0.          0.          0.          0.          0.          0.
  0.          0.          0.          0.          0.          0.
  0.          0.          0.          0.          0.          0.        ],0.0,0.0,0.0,0.0,0.0,0.0,[0. 0. 0. 0. 0. 0. 0. 0. 0. 0. 0. 0. 0. 0. 0. 0. 0. 0. 0. 0. 0. 0. 0. 0.
 0. 0. 0. 0. 0. 0. 0. 0. 0. 0. 0. 0.]
10.937389373779297,,2.6264212664776565,-6.512458954419982,0.0,0.0,0.0,-0.16812526744147516,0.9857656387031009,[ 0.01366808  0.00093304 -0.00259428  0.00093304  0.00158188 -0.00066169
 -0.00259428 -0.00066169  0.00375234  0.          0.          0.
  0.          0.          0.          0.          0.          0.
  0.          0.          0.          0.          0.          0.
  0.          0.          0.          0.          0.          0.
  0.          0.          0.          0.          0.          0.        ],0.0,0.0,0.0,0.0,0.0,0.0,[0. 0. 0. 0. 0. 0. 0. 0. 0. 0. 0. 0. 0. 0. 0. 0. 0. 0. 0. 0. 0. 0. 0. 0.
 0. 0. 0. 0. 0. 0. 0. 0. 0. 0. 0. 0.]
10.957525968551636,,2.630434372600319,-6.519570142702116,0.0,0.0,0.0,-0.14300160506888362,0.9897224565239101,[ 0.01571044  0.0015139  -0.00271713  0.0015139   0.00164835 -0.00078914
 -0.00271713 -0.00078914  0.00508796  0.          0.          0.
  0.          0.          0.          0.          0.          0.
  0.          0.          0.          0.          0.          0.
  0.          0.          0.          0.          0.          0.
  0.          0.          0.          0.          0.          0.        ],0.10714285714285714,0.0,0.0,0.0,0.0,0.0,[0. 0. 0. 0. 0. 0. 0. 0. 0. 0. 0. 0. 0. 0. 0. 0. 0. 0. 0. 0. 0. 0. 0. 0.
 0. 0. 0. 0. 0. 0. 0. 0. 0. 0. 0. 0.]
10.976941585540771,,2.651533727343962,-6.52608191911664,0.0,0.0,0.0,-0.12798915577005135,0.9917755673564809,[ 0.01543285  0.00133581 -0.0035422   0.00133581  0.00171893 -0.00077646
 -0.0035422  -0.00077646  0.0061396   0.          0.          0.
  0.          0.          0.          0.          0.          0.
  0.          0.          0.          0.          0.          0.
  0.          0.          0.          0.          0.          0.
  0.          0.          0.          0.          0.          0.        ],0.175,0.0,0.0,0.0,0.0,0.0,[0. 0. 0. 0. 0. 0. 0. 0. 0. 0. 0. 0. 0. 0. 0. 0. 0. 0. 0. 0. 0. 0. 0. 0.
 0. 0. 0. 0. 0. 0. 0. 0. 0. 0. 0. 0.]
10.992910146713257,,2.666514128108169,-6.530739728272677,0.0,0.0,0.0,-0.1260525127365579,0.9920235703010286,[ 0.01649572  0.00160278 -0.00372367  0.00160278  0.00173222 -0.0008834
 -0.00372367 -0.0008834   0.00662763  0.          0.          0.
  0.          0.          0.          0.          0.          0.
  0.          0.          0.          0.          0.          0.
  0.          0.          0.          0.          0.          0.
  0.          0.          0.          0.          0.          0.        ],0.2088095238095238,0.0,0.0,0.0,0.0,0.0,[0. 0. 0. 0. 0. 0. 0. 0. 0. 0. 0. 0. 0. 0. 0. 0. 0. 0. 0. 0. 0. 0. 0. 0.
 0. 0. 0. 0. 0. 0. 0. 0. 0. 0. 0. 0.]
11.008814334869385,,2.65500948863224,-6.540488693792228,0.0,0.0,0.0,-0.10458638941034858,0.994515805379737,[ 0.01885688  0.0022224  -0.00410944  0.0022224   0.00188319 -0.0011124
 -0.00410944 -0.0011124   0.00703346  0.          0.          0.
  0.          0.          0.          0.          0.          0.
  0.          0.          0.          0.          0.          0.
  0.          0.          0.          0.          0.          0.
  0.          0.          0.          0.          0.          0.        ],0.22595238095238096,0.0,0.0,0.0,0.0,0.0,[0. 0. 0. 0. 0. 0. 0. 0. 0. 0. 0. 0. 0. 0. 0. 0. 0. 0. 0. 0. 0. 0. 0. 0.
 0. 0. 0. 0. 0. 0. 0. 0. 0. 0. 0. 0.]
11.043014526367188,,2.6456560384318237,-6.546138539002727,0.0,0.0,0.0,-0.07802228403517268,0.9969516152722432,[ 0.02102715  0.00304829 -0.00451254  0.00304829  0.00205798 -0.001345
 -0.00451254 -0.001345    0.00724461  0.          0.          0.
  0.          0.          0.          0.          0.          0.
  0.          0.          0.          0.          0.          0.
  0.          0.          0.          0.          0.          0.
  0.          0.          0.          0.          0.          0.        ],0.0,0.0,0.0,0.0,0.0,0.0,[0. 0. 0. 0. 0. 0. 0. 0. 0. 0. 0. 0. 0. 0. 0. 0. 0. 0. 0. 0. 0. 0. 0. 0.
 0. 0. 0. 0. 0. 0. 0. 0. 0. 0. 0. 0.]
11.06484055519104,,2.6071481815051674,-6.55771024064487,0.0,0.0,0.0,-0.05499771917285381,0.9984864800716051,[ 0.02640158  0.0042466  -0.00658193  0.0042466   0.00222082 -0.00192063
 -0.00658193 -0.00192063  0.00562508  0.          0.          0.
  0.          0.          0.          0.          0.          0.
  0.          0.          0.          0.          0.          0.
  0.          0.          0.          0.          0.          0.
  0.          0.          0.          0.          0.          0.        ],0.05238095238095238,0.0,0.0,0.0,0.0,0.0,[0. 0. 0. 0. 0. 0. 0. 0. 0. 0. 0. 0. 0. 0. 0. 0. 0. 0. 0. 0. 0. 0. 0. 0.
 0. 0. 0. 0. 0. 0. 0. 0. 0. 0. 0. 0.]
11.088216304779053,,2.6072356931413245,-6.562912719123007,0.0,0.0,0.0,-0.04557775329888602,0.9989607942277945,[ 0.03194538  0.00538254 -0.00794377  0.00538254  0.00252036 -0.00206366
 -0.00794377 -0.00206366  0.00930838  0.          0.          0.
  0.          0.          0.          0.          0.          0.
  0.          0.          0.          0.          0.          0.
  0.          0.          0.          0.          0.          0.
  0.          0.          0.          0.          0.          0.        ],0.11952380952380952,0.0,0.0,0.0,0.0,0.0,[0. 0. 0. 0. 0. 0. 0. 0. 0. 0. 0. 0. 0. 0. 0. 0. 0. 0. 0. 0. 0. 0. 0. 0.
 0. 0. 0. 0. 0. 0. 0. 0. 0. 0. 0. 0.]
11.104651689529419,,2.6497146479225404,-6.5572995353479016,0.0,0.0,0.0,-0.02606626860944294,0.9996602170941786,[ 0.0335205   0.00568961 -0.00981335  0.00568961  0.00273982 -0.00246854
 -0.00981335 -0.00246854  0.01295091  0.          0.          0.
  0.          0.          0.          0.          0.          0.
  0.          0.          0.          0.          0.          0.
  0.          0.          0.          0.          0.          0.
  0.          0.          0.          0.          0.          0.        ],0.18357142857142858,0.0,0.0,0.0,0.0,0.0,[0. 0. 0. 0. 0. 0. 0. 0. 0. 0. 0. 0. 0. 0. 0. 0. 0. 0. 0. 0. 0. 0. 0. 0.
 0. 0. 0. 0. 0. 0. 0. 0. 0. 0. 0. 0.]
11.126364707946777,,2.6582764670094603,-6.557319615396601,0.0,0.0,0.0,-0.02635281284349654,0.9996527043204733,[ 0.03590797  0.00653727 -0.00987222  0.00653727  0.00287955 -0.00248035
 -0.00987222 -0.00248035  0.00814869  0.          0.          0.
  0.          0.          0.          0.          0.          0.
  0.          0.          0.          0.          0.          0.
  0.          0.          0.          0.          0.          0.
  0.          0.          0.          0.          0.          0.        ],0.21714285714285714,0.0,0.0,0.0,0.0,0.0,[0. 0. 0. 0. 0. 0. 0. 0. 0. 0. 0. 0. 0. 0. 0. 0. 0. 0. 0. 0. 0. 0. 0. 0.
 0. 0. 0. 0. 0. 0. 0. 0. 0. 0. 0. 0.]
11.145078897476196,,2.6588285912524365,-6.55851820915065,0.0,0.0,0.0,-0.02557720670455272,0.9996728497349483,[ 0.03895289  0.00743106 -0.01056707  0.00743106  0.00313452 -0.00280063
 -0.01056707 -0.00280063  0.00837691  0.          0.          0.
  0.          0.          0.          0.          0.          0.
  0.          0.          0.          0.          0.          0.
  0.          0.          0.          0.          0.          0.
  0.          0.          0.          0.          0.          0.        ],0.25595238095238093,0.0,0.0,0.0,0.0,0.0,[0. 0. 0. 0. 0. 0. 0. 0. 0. 0. 0. 0. 0. 0. 0. 0. 0. 0. 0. 0. 0. 0. 0. 0.
 0. 0. 0. 0. 0. 0. 0. 0. 0. 0. 0. 0.]
11.184549808502197,,2.6824612332004194,-6.554049964640543,0.0,0.0,0.0,-0.01466153969421056,0.9998925138502613,[ 0.04015661  0.00762177 -0.0111969   0.00762177  0.00321246 -0.00281611
 -0.0111969  -0.00281611  0.01049345  0.          0.          0.
  0.          0.          0.          0.          0.          0.
  0.          0.          0.          0.          0.          0.
  0.          0.          0.          0.          0.          0.
  0.          0.          0.          0.          0.          0.        ],0.27666666666666667,0.0,0.0,0.0,0.0,0.0,[0. 0. 0. 0. 0. 0. 0. 0. 0. 0. 0. 0. 0. 0. 0. 0. 0. 0. 0. 0. 0. 0. 0. 0.
 0. 0. 0. 0. 0. 0. 0. 0. 0. 0. 0. 0.]
11.20824384689331,,2.728276723675507,-6.546308833488126,0.0,0.0,0.0,-0.001918201969048414,0.9999981602489106,[ 0.04232728  0.00823745 -0.01258446  0.00823745  0.00344916 -0.00330978
 -0.01258446 -0.00330978  0.01073763  0.          0.          0.
  0.          0.          0.          0.          0.          0.
  0.          0.          0.          0.          0.          0.
  0.          0.          0.          0.          0.          0.
  0.          0.          0.          0.          0.          0.        ],0.23023809523809524,0.0,0.0,0.0,0.0,0.0,[0. 0. 0. 0. 0. 0. 0. 0. 0. 0. 0. 0. 0. 0. 0. 0. 0. 0. 0. 0. 0. 0. 0. 0.
 0. 0. 0. 0. 0. 0. 0. 0. 0. 0. 0. 0.]
11.228504419326782,,2.7414764164342644,-6.537612890166875,0.0,0.0,0.0,0.00545906358947303,0.9999850992013462,[ 0.04537225  0.00853865 -0.01295504  0.00853865  0.00345598 -0.00333392
 -0.01295504 -0.00333392  0.00947478  0.          0.          0.
  0.          0.          0.          0.          0.          0.
  0.          0.          0.          0.          0.          0.
  0.          0.          0.          0.          0.          0.
  0.          0.          0.          0.          0.          0.        ],0.0,0.0,0.0,0.0,0.0,0.0,[0. 0. 0. 0. 0. 0. 0. 0. 0. 0. 0. 0. 0. 0. 0. 0. 0. 0. 0. 0. 0. 0. 0. 0.
 0. 0. 0. 0. 0. 0. 0. 0. 0. 0. 0. 0.]
11.25724482536316,,2.7853663842414726,-6.527040722184359,0.0,0.0,0.0,0.005629641246600995,0.9999841534441606,[ 0.04341359  0.00834098 -0.01243633  0.00834098  0.00354891 -0.00334842
 -0.01243633 -0.00334842  0.0109028   0.          0.          0.
  0.          0.          0.          0.          0.          0.
  0.          0.          0.          0.          0.          0.
  0.          0.          0.          0.          0.          0.
  0.          0.          0.          0.          0.          0.        ],0.07380952380952381,0.0,0.0,0.0,0.0,0.0,[0. 0. 0. 0. 0. 0. 0. 0. 0. 0. 0. 0. 0. 0. 0. 0. 0. 0. 0. 0. 0. 0. 0. 0.
 0. 0. 0. 0. 0. 0. 0. 0. 0. 0. 0. 0.]
11.281914234161377,,2.8641591558207433,-6.5111995476536,0.0,0.0,0.0,0.004933685278435598,0.9999878293007237,[ 0.03899162  0.00717398 -0.01296471  0.00717398  0.00318932 -0.00345909
 -0.01296471 -0.00345909  0.01312246  0.          0.          0.
  0.          0.          0.          0.          0.          0.
  0.          0.          0.          0.          0.          0.
  0.          0.          0.          0.          0.          0.
  0.          0.          0.          0.          0.          0.        ],0.3892857142857143,0.0,0.0,0.0,0.0,0.0,[0. 0. 0. 0. 0. 0. 0. 0. 0. 0. 0. 0. 0. 0. 0. 0. 0. 0. 0. 0. 0. 0. 0. 0.
 0. 0. 0. 0. 0. 0. 0. 0. 0. 0. 0. 0.]
11.300847291946411,,2.9527478263859375,-6.494529753687114,0.0,0.0,0.0,-0.0028125335543623593,0.9999960448196811,[ 0.02892187  0.00484724 -0.01146946  0.00484724  0.00263123 -0.00295562
 -0.01146946 -0.00295562  0.01434621  0.          0.          0.
  0.          0.          0.          0.          0.          0.
  0.          0.          0.          0.          0.          0.
  0.          0.          0.          0.          0.          0.
  0.          0.          0.          0.          0.          0.        ],0.4780952380952381,0.0,0.0,0.0,0.0,0.0,[0. 0. 0. 0. 0. 0. 0. 0. 0. 0. 0. 0. 0. 0. 0. 0. 0. 0. 0. 0. 0. 0. 0. 0.
 0. 0. 0. 0. 0. 0. 0. 0. 0. 0. 0. 0.]
11.32506799697876,,3.037087298316654,-6.477024341749355,0.0,0.0,0.0,-0.016393877195118034,0.9998656113651031,[ 0.01552036  0.00212987 -0.00454651  0.00212987  0.00190954 -0.00134406
 -0.00454651 -0.00134406  0.00795262  0.          0.          0.
  0.          0.          0.          0.          0.          0.
  0.          0.          0.          0.          0.          0.
  0.          0.          0.          0.          0.          0.
  0.          0.          0.          0.          0.          0.        ],0.48595238095238097,0.0,0.0,0.0,0.0,0.0,[0. 0. 0. 0. 0. 0. 0. 0. 0. 0. 0. 0. 0. 0. 0. 0. 0. 0. 0. 0. 0. 0. 0. 0.
 0. 0. 0. 0. 0. 0. 0. 0. 0. 0. 0. 0.]
11.347171545028687,,3.0840437162241163,-6.469727025325241,0.0,0.0,0.0,-0.023928306878540063,0.9997136770745544,[ 0.00871797  0.00065716 -0.00160589  0.00065716  0.00147839 -0.00071313
 -0.00160589 -0.00071313  0.00571753  0.          0.          0.
  0.          0.          0.          0.          0.          0.
  0.          0.          0.          0.          0.          0.
  0.          0.          0.          0.          0.          0.
  0.          0.          0.          0.          0.          0.        ],0.5178571428571429,0.0,0.0,0.0,0.0,0.0,[0. 0. 0. 0. 0. 0. 0. 0. 0. 0. 0. 0. 0. 0. 0. 0. 0. 0. 0. 0. 0. 0. 0. 0.
 0. 0. 0. 0. 0. 0. 0. 0. 0. 0. 0. 0.]
11.378682851791382,,3.1290697355697037,-6.461583985820656,0.0,0.0,0.0,-0.036215313647374875,0.9993440103675122,[ 6.07567256e-03 -8.36977099e-05 -6.20155538e-04 -8.36977099e-05
  1.23237016e-03 -4.72735930e-04 -6.20155538e-04 -4.72735930e-04
  4.54547841e-03  0.00000000e+00  0.00000000e+00  0.00000000e+00
  0.00000000e+00  0.00000000e+00  0.00000000e+00  0.00000000e+00
  0.00000000e+00  0.00000000e+00  0.00000000e+00  0.00000000e+00
  0.00000000e+00  0.00000000e+00  0.00000000e+00  0.00000000e+00
  0.00000000e+00  0.00000000e+00  0.00000000e+00  0.00000000e+00
  0.00000000e+00  0.00000000e+00  0.00000000e+00  0.00000000e+00
  0.00000000e+00  0.00000000e+00  0.00000000e+00  0.00000000e+00],0.5240476190476191,0.0,0.0,0.0,0.0,0.0,[0. 0. 0. 0. 0. 0. 0. 0. 0. 0. 0. 0. 0. 0. 0. 0. 0. 0. 0. 0. 0. 0. 0. 0.
 0. 0. 0. 0. 0. 0. 0. 0. 0. 0. 0. 0.]
11.399705648422241,,3.170938092865523,-6.4571520008573335,0.0,0.0,0.0,-0.03994735007611472,0.9992017860381838,[ 0.00586525 -0.00025062 -0.00059573 -0.00025062  0.00112029 -0.00038739
 -0.00059573 -0.00038739  0.00421671  0.          0.          0.
  0.          0.          0.          0.          0.          0.
  0.          0.          0.          0.          0.          0.
  0.          0.          0.          0.          0.          0.
  0.          0.          0.          0.          0.          0.        ],0.6033333333333334,0.0,0.0,0.0,0.0,0.0,[0. 0. 0. 0. 0. 0. 0. 0. 0. 0. 0. 0. 0. 0. 0. 0. 0. 0. 0. 0. 0. 0. 0. 0.
 0. 0. 0. 0. 0. 0. 0. 0. 0. 0. 0. 0.]
11.419991731643677,,3.1931326592009635,-6.453782722909949,0.0,0.0,0.0,-0.04248481044276069,0.9990971128382079,[ 0.00587501 -0.00036188 -0.00048961 -0.00036188  0.00112141 -0.00047284
 -0.00048961 -0.00047284  0.00400141  0.          0.          0.
  0.          0.          0.          0.          0.          0.
  0.          0.          0.          0.          0.          0.
  0.          0.          0.          0.          0.          0.
  0.          0.          0.          0.          0.          0.        ],0.7007142857142857,0.0,0.0,0.0,0.0,0.0,[0. 0. 0. 0. 0. 0. 0. 0. 0. 0. 0. 0. 0. 0. 0. 0. 0. 0. 0. 0. 0. 0. 0. 0.
 0. 0. 0. 0. 0. 0. 0. 0. 0. 0. 0. 0.]
11.433845520019531,,3.2120481177562294,-6.4524018189877745,0.0,0.0,0.0,-0.04450425265289594,0.9990091949005311,[ 0.00560882 -0.00044046 -0.00038357 -0.00044046  0.00108461 -0.00047165
 -0.00038357 -0.00047165  0.00373458  0.          0.          0.
  0.          0.          0.          0.          0.          0.
  0.          0.          0.          0.          0.          0.
  0.          0.          0.          0.          0.          0.
  0.          0.          0.          0.          0.          0.        ],0.7361904761904762,0.0,0.0,0.0,0.0,0.0,[0. 0. 0. 0. 0. 0. 0. 0. 0. 0. 0. 0. 0. 0. 0. 0. 0. 0. 0. 0. 0. 0. 0. 0.
 0. 0. 0. 0. 0. 0. 0. 0. 0. 0. 0. 0.]
11.448248863220215,,3.227625607331531,-6.45389259514161,0.0,0.0,0.0,-0.045817819929686136,0.9989498122412811,[ 0.00566284 -0.00035599 -0.00031512 -0.00035599  0.00107917 -0.00035373
 -0.00031512 -0.00035373  0.00342207  0.          0.          0.
  0.          0.          0.          0.          0.          0.
  0.          0.          0.          0.          0.          0.
  0.          0.          0.          0.          0.          0.
  0.          0.          0.          0.          0.          0.        ],0.7545238095238095,0.0,0.0,0.0,0.0,0.0,[0. 0. 0. 0. 0. 0. 0. 0. 0. 0. 0. 0. 0. 0. 0. 0. 0. 0. 0. 0. 0. 0. 0. 0.
 0. 0. 0. 0. 0. 0. 0. 0. 0. 0. 0. 0.]
11.46977686882019,,3.242782397687073,-6.45628057828779,0.0,0.0,0.0,-0.047002942736842766,0.9988947508992512,[ 0.00557034 -0.00034633 -0.00032058 -0.00034633  0.00102913 -0.00029397
 -0.00032058 -0.00029397  0.00321028  0.          0.          0.
  0.          0.          0.          0.          0.          0.
  0.          0.          0.          0.          0.          0.
  0.          0.          0.          0.          0.          0.
  0.          0.          0.          0.          0.          0.        ],0.789047619047619,0.0,0.0,0.0,0.0,0.0,[0. 0. 0. 0. 0. 0. 0. 0. 0. 0. 0. 0. 0. 0. 0. 0. 0. 0. 0. 0. 0. 0. 0. 0.
 0. 0. 0. 0. 0. 0. 0. 0. 0. 0. 0. 0.]
11.48735761642456,,3.2539356744925896,-6.456111135398695,0.0,0.0,0.0,-0.04575605882227441,0.9989526430622487,[ 0.0054304  -0.00050433 -0.00016715 -0.00050433  0.00117267 -0.00052854
 -0.00016715 -0.00052854  0.00348171  0.          0.          0.
  0.          0.          0.          0.          0.          0.
  0.          0.          0.          0.          0.          0.
  0.          0.          0.          0.          0.          0.
  0.          0.          0.          0.          0.          0.        ],0.8235714285714286,0.0,0.0,0.0,0.0,0.0,[0. 0. 0. 0. 0. 0. 0. 0. 0. 0. 0. 0. 0. 0. 0. 0. 0. 0. 0. 0. 0. 0. 0. 0.
 0. 0. 0. 0. 0. 0. 0. 0. 0. 0. 0. 0.]
11.511917352676392,,3.2667905289846155,-6.4540683922736575,0.0,0.0,0.0,-0.04788939065428147,0.9988526449195405,[ 5.04568618e-03 -5.79972342e-04 -3.76520765e-05 -5.79972342e-04
  1.09624999e-03 -4.70904243e-04 -3.76520765e-05 -4.70904243e-04
  3.27798480e-03  0.00000000e+00  0.00000000e+00  0.00000000e+00
  0.00000000e+00  0.00000000e+00  0.00000000e+00  0.00000000e+00
  0.00000000e+00  0.00000000e+00  0.00000000e+00  0.00000000e+00
  0.00000000e+00  0.00000000e+00  0.00000000e+00  0.00000000e+00
  0.00000000e+00  0.00000000e+00  0.00000000e+00  0.00000000e+00
  0.00000000e+00  0.00000000e+00  0.00000000e+00  0.00000000e+00
  0.00000000e+00  0.00000000e+00  0.00000000e+00  0.00000000e+00],0.865,0.0,0.0,0.0,0.0,0.0,[0. 0. 0. 0. 0. 0. 0. 0. 0. 0. 0. 0. 0. 0. 0. 0. 0. 0. 0. 0. 0. 0. 0. 0.
 0. 0. 0. 0. 0. 0. 0. 0. 0. 0. 0. 0.]
11.528255224227905,,3.275602988215068,-6.452904513650395,0.0,0.0,0.0,-0.047320251025190066,0.9988797694632288,[ 5.00288849e-03 -4.58727702e-04 -6.73980434e-05 -4.58727702e-04
  1.08890363e-03 -4.84960236e-04 -6.73980434e-05 -4.84960236e-04
  3.28730313e-03  0.00000000e+00  0.00000000e+00  0.00000000e+00
  0.00000000e+00  0.00000000e+00  0.00000000e+00  0.00000000e+00
  0.00000000e+00  0.00000000e+00  0.00000000e+00  0.00000000e+00
  0.00000000e+00  0.00000000e+00  0.00000000e+00  0.00000000e+00
  0.00000000e+00  0.00000000e+00  0.00000000e+00  0.00000000e+00
  0.00000000e+00  0.00000000e+00  0.00000000e+00  0.00000000e+00
  0.00000000e+00  0.00000000e+00  0.00000000e+00  0.00000000e+00],0.905952380952381,0.0,0.0,0.0,0.0,0.0,[0. 0. 0. 0. 0. 0. 0. 0. 0. 0. 0. 0. 0. 0. 0. 0. 0. 0. 0. 0. 0. 0. 0. 0.
 0. 0. 0. 0. 0. 0. 0. 0. 0. 0. 0. 0.]
11.546961784362793,,3.2869672560713536,-6.452708223693653,0.0,0.0,0.0,-0.04485286689922589,0.9989936037487529,[ 5.54495266e-03 -5.56546853e-04  7.57173885e-05 -5.56546853e-04
  1.08139379e-03 -5.19866917e-04  7.57173885e-05 -5.19866917e-04
  3.52251611e-03  0.00000000e+00  0.00000000e+00  0.00000000e+00
  0.00000000e+00  0.00000000e+00  0.00000000e+00  0.00000000e+00
  0.00000000e+00  0.00000000e+00  0.00000000e+00  0.00000000e+00
  0.00000000e+00  0.00000000e+00  0.00000000e+00  0.00000000e+00
  0.00000000e+00  0.00000000e+00  0.00000000e+00  0.00000000e+00
  0.00000000e+00  0.00000000e+00  0.00000000e+00  0.00000000e+00
  0.00000000e+00  0.00000000e+00  0.00000000e+00  0.00000000e+00],0.9261904761904762,0.0,0.0,0.0,0.0,0.0,[0. 0. 0. 0. 0. 0. 0. 0. 0. 0. 0. 0. 0. 0. 0. 0. 0. 0. 0. 0. 0. 0. 0. 0.
 0. 0. 0. 0. 0. 0. 0. 0. 0. 0. 0. 0.]
11.572304725646973,,3.3006728160545102,-6.45463239727454,0.0,0.0,0.0,-0.04591302791003946,0.9989454408866042,[ 0.00564423 -0.00066895 -0.00011227 -0.00066895  0.00108317 -0.00040575
 -0.00011227 -0.00040575  0.00335161  0.          0.          0.
  0.          0.          0.          0.          0.          0.
  0.          0.          0.          0.          0.          0.
  0.          0.          0.          0.          0.          0.
  0.          0.          0.          0.          0.          0.        ],0.9597619047619048,0.0,0.0,0.0,0.0,0.0,[0. 0. 0. 0. 0. 0. 0. 0. 0. 0. 0. 0. 0. 0. 0. 0. 0. 0. 0. 0. 0. 0. 0. 0.
 0. 0. 0. 0. 0. 0. 0. 0. 0. 0. 0. 0.]
11.598997592926025,,3.3187071333836125,-6.457281194027535,0.0,0.0,0.0,-0.04580423943369236,0.998950435031639,[ 0.00591338 -0.00058508 -0.00011926 -0.00058508  0.00108539 -0.00044539
 -0.00011926 -0.00044539  0.00327475  0.          0.          0.
  0.          0.          0.          0.          0.          0.
  0.          0.          0.          0.          0.          0.
  0.          0.          0.          0.          0.          0.
  0.          0.          0.          0.          0.          0.        ],0.9902380952380953,0.0,0.0,0.0,0.0,0.0,[0. 0. 0. 0. 0. 0. 0. 0. 0. 0. 0. 0. 0. 0. 0. 0. 0. 0. 0. 0. 0. 0. 0. 0.
 0. 0. 0. 0. 0. 0. 0. 0. 0. 0. 0. 0.]
11.619028806686401,,3.3417138211974526,-6.45741124110687,0.0,0.0,0.0,-0.05111321945658852,0.9986928650975647,[ 0.00655384 -0.00053335 -0.0004175  -0.00053335  0.00115503 -0.0005047
 -0.0004175  -0.0005047   0.00326482  0.          0.          0.
  0.          0.          0.          0.          0.          0.
  0.          0.          0.          0.          0.          0.
  0.          0.          0.          0.          0.          0.
  0.          0.          0.          0.          0.          0.        ],1.0135714285714286,0.0,0.0,0.0,0.0,0.0,[0. 0. 0. 0. 0. 0. 0. 0. 0. 0. 0. 0. 0. 0. 0. 0. 0. 0. 0. 0. 0. 0. 0. 0.
 0. 0. 0. 0. 0. 0. 0. 0. 0. 0. 0. 0.]
11.644909858703613,,3.356205419013599,-6.457577962651616,0.0,0.0,0.0,-0.05257920309978578,0.9986167570201251,[ 0.00642566 -0.00064774 -0.00032184 -0.00064774  0.00114858 -0.00049865
 -0.00032184 -0.00049865  0.00322747  0.          0.          0.
  0.          0.          0.          0.          0.          0.
  0.          0.          0.          0.          0.          0.
  0.          0.          0.          0.          0.          0.
  0.          0.          0.          0.          0.          0.        ],1.0426190476190476,0.0,0.0,0.0,0.0,0.0,[0. 0. 0. 0. 0. 0. 0. 0. 0. 0. 0. 0. 0. 0. 0. 0. 0. 0. 0. 0. 0. 0. 0. 0.
 0. 0. 0. 0. 0. 0. 0. 0. 0. 0. 0. 0.]
11.659632444381714,,3.3753074739587188,-6.458946633694976,0.0,0.0,0.0,-0.05390478199393082,0.9985460802978432,[ 0.00614617 -0.00069    -0.00026627 -0.00069     0.00112144 -0.00042197
 -0.00026627 -0.00042197  0.00308808  0.          0.          0.
  0.          0.          0.          0.          0.          0.
  0.          0.          0.          0.          0.          0.
  0.          0.          0.          0.          0.          0.
  0.          0.          0.          0.          0.          0.        ],1.0685714285714285,0.0,0.0,0.0,0.0,0.0,[0. 0. 0. 0. 0. 0. 0. 0. 0. 0. 0. 0. 0. 0. 0. 0. 0. 0. 0. 0. 0. 0. 0. 0.
 0. 0. 0. 0. 0. 0. 0. 0. 0. 0. 0. 0.]
11.68590521812439,,3.4027979642695176,-6.460722692063332,0.0,0.0,0.0,-0.05290436820864688,0.9985995833287955,[ 0.00652124 -0.00072254 -0.00034244 -0.00072254  0.0011839  -0.00044151
 -0.00034244 -0.00044151  0.00314097  0.          0.          0.
  0.          0.          0.          0.          0.          0.
  0.          0.          0.          0.          0.          0.
  0.          0.          0.          0.          0.          0.
  0.          0.          0.          0.          0.          0.        ],1.089047619047619,0.0,0.0,0.0,0.0,0.0,[0. 0. 0. 0. 0. 0. 0. 0. 0. 0. 0. 0. 0. 0. 0. 0. 0. 0. 0. 0. 0. 0. 0. 0.
 0. 0. 0. 0. 0. 0. 0. 0. 0. 0. 0. 0.]
11.700692892074585,,3.423639134911497,-6.462066187481763,0.0,0.0,0.0,-0.05261230492934607,0.9986150135913346,[ 0.00666922 -0.00083016 -0.00017633 -0.00083016  0.00110491 -0.00041271
 -0.00017633 -0.00041271  0.00299861  0.          0.          0.
  0.          0.          0.          0.          0.          0.
  0.          0.          0.          0.          0.          0.
  0.          0.          0.          0.          0.          0.
  0.          0.          0.          0.          0.          0.        ],1.1052380952380951,0.0,0.0,0.0,0.0,0.0,[0. 0. 0. 0. 0. 0. 0. 0. 0. 0. 0. 0. 0. 0. 0. 0. 0. 0. 0. 0. 0. 0. 0. 0.
 0. 0. 0. 0. 0. 0. 0. 0. 0. 0. 0. 0.]
11.727061033248901,,3.441673813308497,-6.465635958204741,0.0,0.0,0.0,-0.05369530259346542,0.9985573666441985,[ 0.00604071 -0.00075395 -0.0003533  -0.00075395  0.00106016 -0.000405
 -0.0003533  -0.000405    0.00290301  0.          0.          0.
  0.          0.          0.          0.          0.          0.
  0.          0.          0.          0.          0.          0.
  0.          0.          0.          0.          0.          0.
  0.          0.          0.          0.          0.          0.        ],1.1207142857142858,0.0,0.0,0.0,0.0,0.0,[0. 0. 0. 0. 0. 0. 0. 0. 0. 0. 0. 0. 0. 0. 0. 0. 0. 0. 0. 0. 0. 0. 0. 0.
 0. 0. 0. 0. 0. 0. 0. 0. 0. 0. 0. 0.]
11.744845628738403,,3.454200751361369,-6.4678240629854,0.0,0.0,0.0,-0.05235316327154586,0.9986286328237653,[ 0.00599435 -0.00081208 -0.00022868 -0.00081208  0.00107504 -0.00032229
 -0.00022868 -0.00032229  0.00299015  0.          0.          0.
  0.          0.          0.          0.          0.          0.
  0.          0.          0.          0.          0.          0.
  0.          0.          0.          0.          0.          0.
  0.          0.          0.          0.          0.          0.        ],1.1342857142857143,0.0,0.0,0.0,0.0,0.0,[0. 0. 0. 0. 0. 0. 0. 0. 0. 0. 0. 0. 0. 0. 0. 0. 0. 0. 0. 0. 0. 0. 0. 0.
 0. 0. 0. 0. 0. 0. 0. 0. 0. 0. 0. 0.]
11.764290571212769,,3.4720298405142285,-6.469588704585035,0.0,0.0,0.0,-0.05390203988212036,0.9985462283222276,[ 0.00592827 -0.00081297 -0.00022987 -0.00081297  0.00101349 -0.0003196
 -0.00022987 -0.0003196   0.00289829  0.          0.          0.
  0.          0.          0.          0.          0.          0.
  0.          0.          0.          0.          0.          0.
  0.          0.          0.          0.          0.          0.
  0.          0.          0.          0.          0.          0.        ],1.1485714285714286,0.0,0.0,0.0,0.0,0.0,[0. 0. 0. 0. 0. 0. 0. 0. 0. 0. 0. 0. 0. 0. 0. 0. 0. 0. 0. 0. 0. 0. 0. 0.
 0. 0. 0. 0. 0. 0. 0. 0. 0. 0. 0. 0.]
11.785725593566895,,3.501182024829989,-6.46877121785119,0.0,0.0,0.0,-0.06005689242179976,0.998194955743935,[ 0.00584317 -0.00088751 -0.00021718 -0.00088751  0.00096895 -0.00032228
 -0.00021718 -0.00032228  0.0025352   0.          0.          0.
  0.          0.          0.          0.          0.          0.
  0.          0.          0.          0.          0.          0.
  0.          0.          0.          0.          0.          0.
  0.          0.          0.          0.          0.          0.        ],1.1647619047619047,0.0,0.0,0.0,0.0,0.0,[0. 0. 0. 0. 0. 0. 0. 0. 0. 0. 0. 0. 0. 0. 0. 0. 0. 0. 0. 0. 0. 0. 0. 0.
 0. 0. 0. 0. 0. 0. 0. 0. 0. 0. 0. 0.]
11.815478324890137,,3.522710264576187,-6.468408495851408,0.0,0.0,0.0,-0.06063099394615686,0.9981602489445776,[ 0.00655899 -0.00098446 -0.00025436 -0.00098446  0.00096226 -0.00034576
 -0.00025436 -0.00034576  0.00258519  0.          0.          0.
  0.          0.          0.          0.          0.          0.
  0.          0.          0.          0.          0.          0.
  0.          0.          0.          0.          0.          0.
  0.          0.          0.          0.          0.          0.        ],1.1797619047619048,0.0,0.0,0.0,0.0,0.0,[0. 0. 0. 0. 0. 0. 0. 0. 0. 0. 0. 0. 0. 0. 0. 0. 0. 0. 0. 0. 0. 0. 0. 0.
 0. 0. 0. 0. 0. 0. 0. 0. 0. 0. 0. 0.]
11.833574771881104,,3.5571561444777697,-6.474207386242063,0.0,0.0,0.0,-0.062371237290640716,0.9980530190119333,[ 6.77449208e-03 -1.09384914e-03 -5.84693503e-05 -1.09384914e-03
  1.00500281e-03 -3.49667666e-04 -5.84693503e-05 -3.49667666e-04
  2.50928863e-03  0.00000000e+00  0.00000000e+00  0.00000000e+00
  0.00000000e+00  0.00000000e+00  0.00000000e+00  0.00000000e+00
  0.00000000e+00  0.00000000e+00  0.00000000e+00  0.00000000e+00
  0.00000000e+00  0.00000000e+00  0.00000000e+00  0.00000000e+00
  0.00000000e+00  0.00000000e+00  0.00000000e+00  0.00000000e+00
  0.00000000e+00  0.00000000e+00  0.00000000e+00  0.00000000e+00
  0.00000000e+00  0.00000000e+00  0.00000000e+00  0.00000000e+00],1.1954761904761906,0.0,0.0,0.0,0.0,0.0,[0. 0. 0. 0. 0. 0. 0. 0. 0. 0. 0. 0. 0. 0. 0. 0. 0. 0. 0. 0. 0. 0. 0. 0.
 0. 0. 0. 0. 0. 0. 0. 0. 0. 0. 0. 0.]
11.85735273361206,,3.5739257215287124,-6.47458223493819,0.0,0.0,0.0,-0.06349720586869927,0.9979820162943158,[ 0.00685413 -0.00124926  0.00011151 -0.00124926  0.00104212 -0.00036334
  0.00011151 -0.00036334  0.00245613  0.          0.          0.
  0.          0.          0.          0.          0.          0.
  0.          0.          0.          0.          0.          0.
  0.          0.          0.          0.          0.          0.
  0.          0.          0.          0.          0.          0.        ],1.1997619047619048,0.0,0.0,0.0,0.0,0.0,[0. 0. 0. 0. 0. 0. 0. 0. 0. 0. 0. 0. 0. 0. 0. 0. 0. 0. 0. 0. 0. 0. 0. 0.
 0. 0. 0. 0. 0. 0. 0. 0. 0. 0. 0. 0.]
11.876543760299683,,3.586483864543845,-6.475962387316075,0.0,0.0,0.0,-0.06799946264980576,0.9976853577553084,[ 0.0070987  -0.00120518 -0.00012629 -0.00120518  0.00103914 -0.00032355
 -0.00012629 -0.00032355  0.0022346   0.          0.          0.
  0.          0.          0.          0.          0.          0.
  0.          0.          0.          0.          0.          0.
  0.          0.          0.          0.          0.          0.
  0.          0.          0.          0.          0.          0.        ],1.2061904761904763,0.0,0.0,0.0,0.0,0.0,[0. 0. 0. 0. 0. 0. 0. 0. 0. 0. 0. 0. 0. 0. 0. 0. 0. 0. 0. 0. 0. 0. 0. 0.
 0. 0. 0. 0. 0. 0. 0. 0. 0. 0. 0. 0.]
11.898262023925781,,3.6087875118215518,-6.48104464787307,0.0,0.0,0.0,-0.06877501483884128,0.9976321954176885,[ 0.00720671 -0.00130386 -0.0001925  -0.00130386  0.00109551 -0.00031802
 -0.0001925  -0.00031802  0.00218513  0.          0.          0.
  0.          0.          0.          0.          0.          0.
  0.          0.          0.          0.          0.          0.
  0.          0.          0.          0.          0.          0.
  0.          0.          0.          0.          0.          0.        ],1.2090476190476191,0.0,0.0,0.0,0.0,0.0,[0. 0. 0. 0. 0. 0. 0. 0. 0. 0. 0. 0. 0. 0. 0. 0. 0. 0. 0. 0. 0. 0. 0. 0.
 0. 0. 0. 0. 0. 0. 0. 0. 0. 0. 0. 0.]
11.918618440628052,,3.622306441508914,-6.483740682173428,0.0,0.0,0.0,-0.07499606955798399,0.9971838293669096,[ 6.62153592e-03 -1.13264966e-03  2.84778580e-05 -1.13264966e-03
  1.03503374e-03 -2.93242929e-04  2.84778580e-05 -2.93242929e-04
  1.76074839e-03  0.00000000e+00  0.00000000e+00  0.00000000e+00
  0.00000000e+00  0.00000000e+00  0.00000000e+00  0.00000000e+00
  0.00000000e+00  0.00000000e+00  0.00000000e+00  0.00000000e+00
  0.00000000e+00  0.00000000e+00  0.00000000e+00  0.00000000e+00
  0.00000000e+00  0.00000000e+00  0.00000000e+00  0.00000000e+00
  0.00000000e+00  0.00000000e+00  0.00000000e+00  0.00000000e+00
  0.00000000e+00  0.00000000e+00  0.00000000e+00  0.00000000e+00],1.2116666666666667,0.0,0.0,0.0,0.0,0.0,[0. 0. 0. 0. 0. 0. 0. 0. 0. 0. 0. 0. 0. 0. 0. 0. 0. 0. 0. 0. 0. 0. 0. 0.
 0. 0. 0. 0. 0. 0. 0. 0. 0. 0. 0. 0.]
11.934024810791016,,3.664490825855643,-6.4919021901647165,0.0,0.0,0.0,-0.08887997590700741,0.9960423434185767,[ 0.00762715 -0.00120351 -0.00098873 -0.00120351  0.00099134 -0.00028808
 -0.00098873 -0.00028808  0.00275857  0.          0.          0.
  0.          0.          0.          0.          0.          0.
  0.          0.          0.          0.          0.          0.
  0.          0.          0.          0.          0.          0.
  0.          0.          0.          0.          0.          0.        ],1.2190476190476192,0.0,0.0,0.0,0.0,0.0,[0. 0. 0. 0. 0. 0. 0. 0. 0. 0. 0. 0. 0. 0. 0. 0. 0. 0. 0. 0. 0. 0. 0. 0.
 0. 0. 0. 0. 0. 0. 0. 0. 0. 0. 0. 0.]
11.948400735855103,,3.709039334632293,-6.500073644878797,0.0,0.0,0.0,-0.09894071259615875,0.9950933299901896,[ 0.00895539 -0.0014986  -0.00120429 -0.0014986   0.00111847 -0.000241
 -0.00120429 -0.000241    0.00235503  0.          0.          0.
  0.          0.          0.          0.          0.          0.
  0.          0.          0.          0.          0.          0.
  0.          0.          0.          0.          0.          0.
  0.          0.          0.          0.          0.          0.        ],1.2188095238095238,0.0,0.0,0.0,0.0,0.0,[0. 0. 0. 0. 0. 0. 0. 0. 0. 0. 0. 0. 0. 0. 0. 0. 0. 0. 0. 0. 0. 0. 0. 0.
 0. 0. 0. 0. 0. 0. 0. 0. 0. 0. 0. 0.]
11.97522759437561,,3.7582219890071,-6.511465227719746,0.0,0.0,0.0,-0.10568030101584741,0.9944001578726744,[ 0.00881195 -0.00182949 -0.00054742 -0.00182949  0.00128969 -0.00039094
 -0.00054742 -0.00039094  0.00183581  0.          0.          0.
  0.          0.          0.          0.          0.          0.
  0.          0.          0.          0.          0.          0.
  0.          0.          0.          0.          0.          0.
  0.          0.          0.          0.          0.          0.        ],1.2173809523809525,0.0,0.0,0.0,0.0,0.0,[0. 0. 0. 0. 0. 0. 0. 0. 0. 0. 0. 0. 0. 0. 0. 0. 0. 0. 0. 0. 0. 0. 0. 0.
 0. 0. 0. 0. 0. 0. 0. 0. 0. 0. 0. 0.]
12.001884937286377,,3.79525824951742,-6.517899211101766,0.0,0.0,0.0,-0.10870526650231833,0.994074023921086,[ 0.00869071 -0.0020696  -0.00020868 -0.0020696   0.0014202  -0.00044766
 -0.00020868 -0.00044766  0.00173428  0.          0.          0.
  0.          0.          0.          0.          0.          0.
  0.          0.          0.          0.          0.          0.
  0.          0.          0.          0.          0.          0.
  0.          0.          0.          0.          0.          0.        ],1.2204761904761905,0.0,0.0,0.0,0.0,0.0,[0. 0. 0. 0. 0. 0. 0. 0. 0. 0. 0. 0. 0. 0. 0. 0. 0. 0. 0. 0. 0. 0. 0. 0.
 0. 0. 0. 0. 0. 0. 0. 0. 0. 0. 0. 0.]
12.02238655090332,,3.850514211256016,-6.533730481216076,0.0,0.0,0.0,-0.10923696289381031,0.9940157372686492,[ 1.01053596e-02 -2.99173369e-03  9.67669767e-05 -2.99173369e-03
  2.03026687e-03 -7.14531291e-04  9.67669767e-05 -7.14531291e-04
  1.78279568e-03  0.00000000e+00  0.00000000e+00  0.00000000e+00
  0.00000000e+00  0.00000000e+00  0.00000000e+00  0.00000000e+00
  0.00000000e+00  0.00000000e+00  0.00000000e+00  0.00000000e+00
  0.00000000e+00  0.00000000e+00  0.00000000e+00  0.00000000e+00
  0.00000000e+00  0.00000000e+00  0.00000000e+00  0.00000000e+00
  0.00000000e+00  0.00000000e+00  0.00000000e+00  0.00000000e+00
  0.00000000e+00  0.00000000e+00  0.00000000e+00  0.00000000e+00],1.2214285714285715,0.0,0.0,0.0,0.0,0.0,[0. 0. 0. 0. 0. 0. 0. 0. 0. 0. 0. 0. 0. 0. 0. 0. 0. 0. 0. 0. 0. 0. 0. 0.
 0. 0. 0. 0. 0. 0. 0. 0. 0. 0. 0. 0.]
12.044265508651733,,3.908813236836696,-6.553719808146876,0.0,0.0,0.0,-0.10687601559018287,0.9942723556911189,[ 0.01130527 -0.00343963  0.00057507 -0.00343963  0.00230303 -0.00093882
  0.00057507 -0.00093882  0.00209008  0.          0.          0.
  0.          0.          0.          0.          0.          0.
  0.          0.          0.          0.          0.          0.
  0.          0.          0.          0.          0.          0.
  0.          0.          0.          0.          0.          0.        ],1.2276190476190476,0.0,0.0,0.0,0.0,0.0,[0. 0. 0. 0. 0. 0. 0. 0. 0. 0. 0. 0. 0. 0. 0. 0. 0. 0. 0. 0. 0. 0. 0. 0.
 0. 0. 0. 0. 0. 0. 0. 0. 0. 0. 0. 0.]
12.068300008773804,,3.9537926701117105,-6.571367045153184,0.0,0.0,0.0,-0.106815542341288,0.9942788542025505,[ 0.0123309  -0.00400425  0.00074145 -0.00400425  0.00259887 -0.00105386
  0.00074145 -0.00105386  0.00206539  0.          0.          0.
  0.          0.          0.          0.          0.          0.
  0.          0.          0.          0.          0.          0.
  0.          0.          0.          0.          0.          0.
  0.          0.          0.          0.          0.          0.        ],1.2311904761904762,0.0,0.0,0.0,0.0,0.0,[0. 0. 0. 0. 0. 0. 0. 0. 0. 0. 0. 0. 0. 0. 0. 0. 0. 0. 0. 0. 0. 0. 0. 0.
 0. 0. 0. 0. 0. 0. 0. 0. 0. 0. 0. 0.]
12.088834047317505,,4.004988570906686,-6.594130314553472,0.0,0.0,0.0,-0.10418759695584037,0.9945576628032019,[ 0.01322705 -0.00469456  0.00142427 -0.00469456  0.00311647 -0.00143713
  0.00142427 -0.00143713  0.00228901  0.          0.          0.
  0.          0.          0.          0.          0.          0.
  0.          0.          0.          0.          0.          0.
  0.          0.          0.          0.          0.          0.
  0.          0.          0.          0.          0.          0.        ],1.236904761904762,0.0,0.0,0.0,0.0,0.0,[0. 0. 0. 0. 0. 0. 0. 0. 0. 0. 0. 0. 0. 0. 0. 0. 0. 0. 0. 0. 0. 0. 0. 0.
 0. 0. 0. 0. 0. 0. 0. 0. 0. 0. 0. 0.]
12.104917049407959,,4.086287389302176,-6.623306873802142,0.0,0.0,0.0,-0.11836327177249259,0.9929703600285917,[ 0.01056882 -0.00380609  0.00086101 -0.00380609  0.00289682 -0.00135831
  0.00086101 -0.00135831  0.00254184  0.          0.          0.
  0.          0.          0.          0.          0.          0.
  0.          0.          0.          0.          0.          0.
  0.          0.          0.          0.          0.          0.
  0.          0.          0.          0.          0.          0.        ],1.2383333333333333,0.0,0.0,0.0,0.0,0.0,[0. 0. 0. 0. 0. 0. 0. 0. 0. 0. 0. 0. 0. 0. 0. 0. 0. 0. 0. 0. 0. 0. 0. 0.
 0. 0. 0. 0. 0. 0. 0. 0. 0. 0. 0. 0.]
12.117777347564697,,4.15666974403755,-6.649024474592768,0.0,0.0,0.0,-0.11587243905571175,0.9932641027779472,[ 0.00853526 -0.00287246  0.00079995 -0.00287246  0.00250095 -0.00137013
  0.00079995 -0.00137013  0.00253017  0.          0.          0.
  0.          0.          0.          0.          0.          0.
  0.          0.          0.          0.          0.          0.
  0.          0.          0.          0.          0.          0.
  0.          0.          0.          0.          0.          0.        ],1.235952380952381,0.0,0.0,0.0,0.0,0.0,[0. 0. 0. 0. 0. 0. 0. 0. 0. 0. 0. 0. 0. 0. 0. 0. 0. 0. 0. 0. 0. 0. 0. 0.
 0. 0. 0. 0. 0. 0. 0. 0. 0. 0. 0. 0.]
12.134501218795776,,4.1942577555355385,-6.666936921286184,0.0,0.0,0.0,-0.11323867270874924,0.993567814999641,[ 0.00738969 -0.00249804  0.00066917 -0.00249804  0.00225921 -0.00123087
  0.00066917 -0.00123087  0.00251684  0.          0.          0.
  0.          0.          0.          0.          0.          0.
  0.          0.          0.          0.          0.          0.
  0.          0.          0.          0.          0.          0.
  0.          0.          0.          0.          0.          0.        ],1.2380952380952381,0.0,0.0,0.0,0.0,0.0,[0. 0. 0. 0. 0. 0. 0. 0. 0. 0. 0. 0. 0. 0. 0. 0. 0. 0. 0. 0. 0. 0. 0. 0.
 0. 0. 0. 0. 0. 0. 0. 0. 0. 0. 0. 0.]
12.150376558303833,,4.222715539121848,-6.681645224075932,0.0,0.0,0.0,-0.1111911013090893,0.9937990435644783,[ 0.00702561 -0.00230422  0.00075374 -0.00230422  0.00219912 -0.00129858
  0.00075374 -0.00129858  0.00267301  0.          0.          0.
  0.          0.          0.          0.          0.          0.
  0.          0.          0.          0.          0.          0.
  0.          0.          0.          0.          0.          0.
  0.          0.          0.          0.          0.          0.        ],1.2397619047619048,0.0,0.0,0.0,0.0,0.0,[0. 0. 0. 0. 0. 0. 0. 0. 0. 0. 0. 0. 0. 0. 0. 0. 0. 0. 0. 0. 0. 0. 0. 0.
 0. 0. 0. 0. 0. 0. 0. 0. 0. 0. 0. 0.]
12.169069290161133,,4.252647669805213,-6.693380257532217,0.0,0.0,0.0,-0.1093735510258285,0.9940007174725783,[ 0.0070469  -0.00205174  0.00073604 -0.00205174  0.00217068 -0.00140782
  0.00073604 -0.00140782  0.00294141  0.          0.          0.
  0.          0.          0.          0.          0.          0.
  0.          0.          0.          0.          0.          0.
  0.          0.          0.          0.          0.          0.
  0.          0.          0.          0.          0.          0.        ],1.2421428571428572,0.0,0.0,0.0,0.0,0.0,[0. 0. 0. 0. 0. 0. 0. 0. 0. 0. 0. 0. 0. 0. 0. 0. 0. 0. 0. 0. 0. 0. 0. 0.
 0. 0. 0. 0. 0. 0. 0. 0. 0. 0. 0. 0.]
12.198840141296387,,4.285906876666664,-6.710242765066445,0.0,0.0,0.0,-0.10616702254421845,0.9943483108670198,[ 0.00725972 -0.00225145  0.00095369 -0.00225145  0.00224562 -0.00147228
  0.00095369 -0.00147228  0.0029246   0.          0.          0.
  0.          0.          0.          0.          0.          0.
  0.          0.          0.          0.          0.          0.
  0.          0.          0.          0.          0.          0.
  0.          0.          0.          0.          0.          0.        ],1.2421428571428572,0.0,0.0,0.0,0.0,0.0,[0. 0. 0. 0. 0. 0. 0. 0. 0. 0. 0. 0. 0. 0. 0. 0. 0. 0. 0. 0. 0. 0. 0. 0.
 0. 0. 0. 0. 0. 0. 0. 0. 0. 0. 0. 0.]
12.2156662940979,,4.299559681632387,-6.718020056658909,0.0,0.0,0.0,-0.10315145375615944,0.9946656612088259,[ 0.00751939 -0.00236416  0.00108542 -0.00236416  0.0023815  -0.00154445
  0.00108542 -0.00154445  0.00302699  0.          0.          0.
  0.          0.          0.          0.          0.          0.
  0.          0.          0.          0.          0.          0.
  0.          0.          0.          0.          0.          0.
  0.          0.          0.          0.          0.          0.        ],1.243095238095238,0.0,0.0,0.0,0.0,0.0,[0. 0. 0. 0. 0. 0. 0. 0. 0. 0. 0. 0. 0. 0. 0. 0. 0. 0. 0. 0. 0. 0. 0. 0.
 0. 0. 0. 0. 0. 0. 0. 0. 0. 0. 0. 0.]
12.244312763214111,,4.320707905451243,-6.72466921262141,0.0,0.0,0.0,-0.1022924565217185,0.9947543683436391,[ 0.00835569 -0.0028342   0.00159494 -0.0028342   0.00242503 -0.00161154
  0.00159494 -0.00161154  0.00322211  0.          0.          0.
  0.          0.          0.          0.          0.          0.
  0.          0.          0.          0.          0.          0.
  0.          0.          0.          0.          0.          0.
  0.          0.          0.          0.          0.          0.        ],1.2414285714285713,0.0,0.0,0.0,0.0,0.0,[0. 0. 0. 0. 0. 0. 0. 0. 0. 0. 0. 0. 0. 0. 0. 0. 0. 0. 0. 0. 0. 0. 0. 0.
 0. 0. 0. 0. 0. 0. 0. 0. 0. 0. 0. 0.]
12.263795852661133,,4.346438296111835,-6.735589950367856,0.0,0.0,0.0,-0.10073783636878496,0.9949130054048625,[ 0.00920068 -0.00291272  0.00134173 -0.00291272  0.0024648  -0.00155169
  0.00134173 -0.00155169  0.00346919  0.          0.          0.
  0.          0.          0.          0.          0.          0.
  0.          0.          0.          0.          0.          0.
  0.          0.          0.          0.          0.          0.
  0.          0.          0.          0.          0.          0.        ],1.233809523809524,0.0,0.0,0.0,0.0,0.0,[0. 0. 0. 0. 0. 0. 0. 0. 0. 0. 0. 0. 0. 0. 0. 0. 0. 0. 0. 0. 0. 0. 0. 0.
 0. 0. 0. 0. 0. 0. 0. 0. 0. 0. 0. 0.]
12.279420852661133,,4.373421036961575,-6.744846819237852,0.0,0.0,0.0,-0.10081228066687248,0.9949054648893751,[ 0.00903725 -0.00291438  0.00153558 -0.00291438  0.00248317 -0.00170815
  0.00153558 -0.00170815  0.00366992  0.          0.          0.
  0.          0.          0.          0.          0.          0.
  0.          0.          0.          0.          0.          0.
  0.          0.          0.          0.          0.          0.
  0.          0.          0.          0.          0.          0.        ],1.233809523809524,0.0,0.0,0.0,0.0,0.0,[0. 0. 0. 0. 0. 0. 0. 0. 0. 0. 0. 0. 0. 0. 0. 0. 0. 0. 0. 0. 0. 0. 0. 0.
 0. 0. 0. 0. 0. 0. 0. 0. 0. 0. 0. 0.]
12.298054218292236,,4.395138657745069,-6.75561015384339,0.0,0.0,0.0,-0.09894005872594265,0.9950933950033569,[ 0.00862562 -0.00261654  0.00105904 -0.00261654  0.00236188 -0.00151865
  0.00105904 -0.00151865  0.00363239  0.          0.          0.
  0.          0.          0.          0.          0.          0.
  0.          0.          0.          0.          0.          0.
  0.          0.          0.          0.          0.          0.
  0.          0.          0.          0.          0.          0.        ],1.233809523809524,0.0,0.0,0.0,0.0,0.0,[0. 0. 0. 0. 0. 0. 0. 0. 0. 0. 0. 0. 0. 0. 0. 0. 0. 0. 0. 0. 0. 0. 0. 0.
 0. 0. 0. 0. 0. 0. 0. 0. 0. 0. 0. 0.]
12.313504457473755,,4.433451149412599,-6.767813634593699,0.0,0.0,0.0,-0.1164078058790991,0.9932015015747881,[ 0.00740931 -0.00234017  0.00109853 -0.00234017  0.00239152 -0.00172839
  0.00109853 -0.00172839  0.00329937  0.          0.          0.
  0.          0.          0.          0.          0.          0.
  0.          0.          0.          0.          0.          0.
  0.          0.          0.          0.          0.          0.
  0.          0.          0.          0.          0.          0.        ],1.235,0.0,0.0,0.0,0.0,0.0,[0. 0. 0. 0. 0. 0. 0. 0. 0. 0. 0. 0. 0. 0. 0. 0. 0. 0. 0. 0. 0. 0. 0. 0.
 0. 0. 0. 0. 0. 0. 0. 0. 0. 0. 0. 0.]
12.337723016738892,,4.461687609270226,-6.778887057261055,0.0,0.0,0.0,-0.11659708943958619,0.9931792983818265,[ 0.00740598 -0.00242842  0.0011545  -0.00242842  0.00247432 -0.00175085
  0.0011545  -0.00175085  0.00342224  0.          0.          0.
  0.          0.          0.          0.          0.          0.
  0.          0.          0.          0.          0.          0.
  0.          0.          0.          0.          0.          0.
  0.          0.          0.          0.          0.          0.        ],1.2373809523809525,0.0,0.0,0.0,0.0,0.0,[0. 0. 0. 0. 0. 0. 0. 0. 0. 0. 0. 0. 0. 0. 0. 0. 0. 0. 0. 0. 0. 0. 0. 0.
 0. 0. 0. 0. 0. 0. 0. 0. 0. 0. 0. 0.]
12.35956883430481,,4.483893753305896,-6.785502848885609,0.0,0.0,0.0,-0.11514137458546703,0.9933491147922613,[ 0.00798564 -0.00246504  0.00129042 -0.00246504  0.00241379 -0.00172349
  0.00129042 -0.00172349  0.00353795  0.          0.          0.
  0.          0.          0.          0.          0.          0.
  0.          0.          0.          0.          0.          0.
  0.          0.          0.          0.          0.          0.
  0.          0.          0.          0.          0.          0.        ],1.2404761904761905,0.0,0.0,0.0,0.0,0.0,[0. 0. 0. 0. 0. 0. 0. 0. 0. 0. 0. 0. 0. 0. 0. 0. 0. 0. 0. 0. 0. 0. 0. 0.
 0. 0. 0. 0. 0. 0. 0. 0. 0. 0. 0. 0.]
12.378300428390503,,4.497096758763335,-6.792998722400971,0.0,0.0,0.0,-0.11287162545673135,0.9936095793453057,[ 0.00822403 -0.00250875  0.00128952 -0.00250875  0.00243183 -0.00179193
  0.00128952 -0.00179193  0.00378594  0.          0.          0.
  0.          0.          0.          0.          0.          0.
  0.          0.          0.          0.          0.          0.
  0.          0.          0.          0.          0.          0.
  0.          0.          0.          0.          0.          0.        ],1.2407142857142857,0.0,0.0,0.0,0.0,0.0,[0. 0. 0. 0. 0. 0. 0. 0. 0. 0. 0. 0. 0. 0. 0. 0. 0. 0. 0. 0. 0. 0. 0. 0.
 0. 0. 0. 0. 0. 0. 0. 0. 0. 0. 0. 0.]
12.404158115386963,,4.52176242929847,-6.8036149966029305,0.0,0.0,0.0,-0.110928858454359,0.9938283495463454,[ 0.00867196 -0.00265052  0.00137774 -0.00265052  0.00242073 -0.00176541
  0.00137774 -0.00176541  0.00400673  0.          0.          0.
  0.          0.          0.          0.          0.          0.
  0.          0.          0.          0.          0.          0.
  0.          0.          0.          0.          0.          0.
  0.          0.          0.          0.          0.          0.        ],1.237142857142857,0.0,0.0,0.0,0.0,0.0,[0. 0. 0. 0. 0. 0. 0. 0. 0. 0. 0. 0. 0. 0. 0. 0. 0. 0. 0. 0. 0. 0. 0. 0.
 0. 0. 0. 0. 0. 0. 0. 0. 0. 0. 0. 0.]
12.42424488067627,,4.541729734132535,-6.812342014675515,0.0,0.0,0.0,-0.10965891533368508,0.9939692763299275,[ 0.00819005 -0.00243923  0.00115453 -0.00243923  0.00240484 -0.00184231
  0.00115453 -0.00184231  0.00436253  0.          0.          0.
  0.          0.          0.          0.          0.          0.
  0.          0.          0.          0.          0.          0.
  0.          0.          0.          0.          0.          0.
  0.          0.          0.          0.          0.          0.        ],1.2383333333333333,0.0,0.0,0.0,0.0,0.0,[0. 0. 0. 0. 0. 0. 0. 0. 0. 0. 0. 0. 0. 0. 0. 0. 0. 0. 0. 0. 0. 0. 0. 0.
 0. 0. 0. 0. 0. 0. 0. 0. 0. 0. 0. 0.]
12.44137454032898,,4.560019766415472,-6.817763831971647,0.0,0.0,0.0,-0.10842040367015775,0.9941051333073379,[ 0.00837266 -0.0025683   0.00147059 -0.0025683   0.00247258 -0.00186611
  0.00147059 -0.00186611  0.00450958  0.          0.          0.
  0.          0.          0.          0.          0.          0.
  0.          0.          0.          0.          0.          0.
  0.          0.          0.          0.          0.          0.
  0.          0.          0.          0.          0.          0.        ],1.2378571428571428,0.0,0.0,0.0,0.0,0.0,[0. 0. 0. 0. 0. 0. 0. 0. 0. 0. 0. 0. 0. 0. 0. 0. 0. 0. 0. 0. 0. 0. 0. 0.
 0. 0. 0. 0. 0. 0. 0. 0. 0. 0. 0. 0.]
12.45523476600647,,4.577819862797473,-6.824344852837615,0.0,0.0,0.0,-0.10845026240414951,0.9941018763610051,[ 0.00806387 -0.00224212  0.00098861 -0.00224212  0.0022709  -0.00162284
  0.00098861 -0.00162284  0.00456591  0.          0.          0.
  0.          0.          0.          0.          0.          0.
  0.          0.          0.          0.          0.          0.
  0.          0.          0.          0.          0.          0.
  0.          0.          0.          0.          0.          0.        ],1.2380952380952381,0.0,0.0,0.0,0.0,0.0,[0. 0. 0. 0. 0. 0. 0. 0. 0. 0. 0. 0. 0. 0. 0. 0. 0. 0. 0. 0. 0. 0. 0. 0.
 0. 0. 0. 0. 0. 0. 0. 0. 0. 0. 0. 0.]
12.472334384918213,,4.617445569726243,-6.837034378925909,0.0,0.0,0.0,-0.1260447257452261,0.9920245597321725,[ 0.00746463 -0.00209841  0.00086474 -0.00209841  0.00230449 -0.00176593
  0.00086474 -0.00176593  0.00402113  0.          0.          0.
  0.          0.          0.          0.          0.          0.
  0.          0.          0.          0.          0.          0.
  0.          0.          0.          0.          0.          0.
  0.          0.          0.          0.          0.          0.        ],1.239047619047619,0.0,0.0,0.0,0.0,0.0,[0. 0. 0. 0. 0. 0. 0. 0. 0. 0. 0. 0. 0. 0. 0. 0. 0. 0. 0. 0. 0. 0. 0. 0.
 0. 0. 0. 0. 0. 0. 0. 0. 0. 0. 0. 0.]
12.49487566947937,,4.6471834096757725,-6.849597907362955,0.0,0.0,0.0,-0.12277171670698173,0.992434937704644,[ 0.00659875 -0.00177406  0.00079775 -0.00177406  0.00242303 -0.00201822
  0.00079775 -0.00201822  0.00430788  0.          0.          0.
  0.          0.          0.          0.          0.          0.
  0.          0.          0.          0.          0.          0.
  0.          0.          0.          0.          0.          0.
  0.          0.          0.          0.          0.          0.        ],1.2364285714285714,0.0,0.0,0.0,0.0,0.0,[0. 0. 0. 0. 0. 0. 0. 0. 0. 0. 0. 0. 0. 0. 0. 0. 0. 0. 0. 0. 0. 0. 0. 0.
 0. 0. 0. 0. 0. 0. 0. 0. 0. 0. 0. 0.]
12.51540732383728,,4.669696956649032,-6.860287578549992,0.0,0.0,0.0,-0.12128578011286928,0.9926176300783766,[ 0.00609585 -0.00158526  0.00082509 -0.00158526  0.00232915 -0.00200401
  0.00082509 -0.00200401  0.00476256  0.          0.          0.
  0.          0.          0.          0.          0.          0.
  0.          0.          0.          0.          0.          0.
  0.          0.          0.          0.          0.          0.
  0.          0.          0.          0.          0.          0.        ],1.2364285714285714,0.0,0.0,0.0,0.0,0.0,[0. 0. 0. 0. 0. 0. 0. 0. 0. 0. 0. 0. 0. 0. 0. 0. 0. 0. 0. 0. 0. 0. 0. 0.
 0. 0. 0. 0. 0. 0. 0. 0. 0. 0. 0. 0.]
12.533072233200073,,4.690157562823612,-6.868122467954502,0.0,0.0,0.0,-0.11887293980128735,0.9929094743142496,[ 0.0060962  -0.00148559  0.00076036 -0.00148559  0.00233397 -0.00216072
  0.00076036 -0.00216072  0.00534703  0.          0.          0.
  0.          0.          0.          0.          0.          0.
  0.          0.          0.          0.          0.          0.
  0.          0.          0.          0.          0.          0.
  0.          0.          0.          0.          0.          0.        ],1.2288095238095238,0.0,0.0,0.0,0.0,0.0,[0. 0. 0. 0. 0. 0. 0. 0. 0. 0. 0. 0. 0. 0. 0. 0. 0. 0. 0. 0. 0. 0. 0. 0.
 0. 0. 0. 0. 0. 0. 0. 0. 0. 0. 0. 0.]
12.555992603302002,,4.708582165897211,-6.877941392459308,0.0,0.0,0.0,-0.11693786733797207,0.9931392325260576,[ 0.00596857 -0.00131169  0.0004913  -0.00131169  0.00212699 -0.0018612
  0.0004913  -0.0018612   0.00532306  0.          0.          0.
  0.          0.          0.          0.          0.          0.
  0.          0.          0.          0.          0.          0.
  0.          0.          0.          0.          0.          0.
  0.          0.          0.          0.          0.          0.        ],1.2280952380952381,0.0,0.0,0.0,0.0,0.0,[0. 0. 0. 0. 0. 0. 0. 0. 0. 0. 0. 0. 0. 0. 0. 0. 0. 0. 0. 0. 0. 0. 0. 0.
 0. 0. 0. 0. 0. 0. 0. 0. 0. 0. 0. 0.]
12.573781728744507,,4.726569882667418,-6.889310908429019,0.0,0.0,0.0,-0.11246472721745063,0.9936557176064074,[ 0.00571507 -0.00129429  0.00065783 -0.00129429  0.00220709 -0.00206776
  0.00065783 -0.00206776  0.00580362  0.          0.          0.
  0.          0.          0.          0.          0.          0.
  0.          0.          0.          0.          0.          0.
  0.          0.          0.          0.          0.          0.
  0.          0.          0.          0.          0.          0.        ],1.2295238095238095,0.0,0.0,0.0,0.0,0.0,[0. 0. 0. 0. 0. 0. 0. 0. 0. 0. 0. 0. 0. 0. 0. 0. 0. 0. 0. 0. 0. 0. 0. 0.
 0. 0. 0. 0. 0. 0. 0. 0. 0. 0. 0. 0.]
12.598073720932007,,4.762102582743136,-6.901048901438272,0.0,0.0,0.0,-0.12963930614520516,0.9915612186356372,[ 0.00539231 -0.00117804  0.0004437  -0.00117804  0.00204989 -0.00196813
  0.0004437  -0.00196813  0.00478248  0.          0.          0.
  0.          0.          0.          0.          0.          0.
  0.          0.          0.          0.          0.          0.
  0.          0.          0.          0.          0.          0.
  0.          0.          0.          0.          0.          0.        ],1.2283333333333333,0.0,0.0,0.0,0.0,0.0,[0. 0. 0. 0. 0. 0. 0. 0. 0. 0. 0. 0. 0. 0. 0. 0. 0. 0. 0. 0. 0. 0. 0. 0.
 0. 0. 0. 0. 0. 0. 0. 0. 0. 0. 0. 0.]
12.622081995010376,,4.7905520509053545,-6.913939495522008,0.0,0.0,0.0,-0.1265140879152546,0.9919648106455043,[ 0.00496942 -0.00109086  0.0005187  -0.00109086  0.00225191 -0.00226028
  0.0005187  -0.00226028  0.00553883  0.          0.          0.
  0.          0.          0.          0.          0.          0.
  0.          0.          0.          0.          0.          0.
  0.          0.          0.          0.          0.          0.
  0.          0.          0.          0.          0.          0.        ],1.2328571428571429,0.0,0.0,0.0,0.0,0.0,[0. 0. 0. 0. 0. 0. 0. 0. 0. 0. 0. 0. 0. 0. 0. 0. 0. 0. 0. 0. 0. 0. 0. 0.
 0. 0. 0. 0. 0. 0. 0. 0. 0. 0. 0. 0.]
12.638873100280762,,4.812517289587973,-6.924768718638612,0.0,0.0,0.0,-0.12345403200949005,0.9923502919738573,[ 0.00514162 -0.00107084  0.00051071 -0.00107084  0.00228981 -0.00235367
  0.00051071 -0.00235367  0.00583553  0.          0.          0.
  0.          0.          0.          0.          0.          0.
  0.          0.          0.          0.          0.          0.
  0.          0.          0.          0.          0.          0.
  0.          0.          0.          0.          0.          0.        ],1.2323809523809524,0.0,0.0,0.0,0.0,0.0,[0. 0. 0. 0. 0. 0. 0. 0. 0. 0. 0. 0. 0. 0. 0. 0. 0. 0. 0. 0. 0. 0. 0. 0.
 0. 0. 0. 0. 0. 0. 0. 0. 0. 0. 0. 0.]
12.655746698379517,,4.835398367696204,-6.935215709824107,0.0,0.0,0.0,-0.12029503518831994,0.9927381852779921,[ 0.00524758 -0.00123507  0.00059761 -0.00123507  0.00225362 -0.00215454
  0.00059761 -0.00215454  0.00614103  0.          0.          0.
  0.          0.          0.          0.          0.          0.
  0.          0.          0.          0.          0.          0.
  0.          0.          0.          0.          0.          0.
  0.          0.          0.          0.          0.          0.        ],1.2342857142857142,0.0,0.0,0.0,0.0,0.0,[0. 0. 0. 0. 0. 0. 0. 0. 0. 0. 0. 0. 0. 0. 0. 0. 0. 0. 0. 0. 0. 0. 0. 0.
 0. 0. 0. 0. 0. 0. 0. 0. 0. 0. 0. 0.]
12.672380685806274,,4.843078221479324,-6.94383905108637,0.0,0.0,0.0,-0.11511768049290756,0.9933518609425025,[ 0.00580517 -0.0014275   0.00079189 -0.0014275   0.00234383 -0.00230358
  0.00079189 -0.00230358  0.00625406  0.          0.          0.
  0.          0.          0.          0.          0.          0.
  0.          0.          0.          0.          0.          0.
  0.          0.          0.          0.          0.          0.
  0.          0.          0.          0.          0.          0.        ],1.2321428571428572,0.0,0.0,0.0,0.0,0.0,[0. 0. 0. 0. 0. 0. 0. 0. 0. 0. 0. 0. 0. 0. 0. 0. 0. 0. 0. 0. 0. 0. 0. 0.
 0. 0. 0. 0. 0. 0. 0. 0. 0. 0. 0. 0.]
12.694838523864746,,4.857699074944976,-6.9505334345021765,0.0,0.0,0.0,-0.1131848532904333,0.9935739474169112,[ 0.00616648 -0.0015471   0.00102968 -0.0015471   0.00241582 -0.0024519
  0.00102968 -0.0024519   0.00693897  0.          0.          0.
  0.          0.          0.          0.          0.          0.
  0.          0.          0.          0.          0.          0.
  0.          0.          0.          0.          0.          0.
  0.          0.          0.          0.          0.          0.        ],1.2311904761904762,0.0,0.0,0.0,0.0,0.0,[0. 0. 0. 0. 0. 0. 0. 0. 0. 0. 0. 0. 0. 0. 0. 0. 0. 0. 0. 0. 0. 0. 0. 0.
 0. 0. 0. 0. 0. 0. 0. 0. 0. 0. 0. 0.]
12.715852975845337,,4.894901030746652,-6.963001809238318,0.0,0.0,0.0,-0.1302385835552026,0.9914826833351829,[ 0.00583758 -0.00157742  0.00103073 -0.00157742  0.00250371 -0.00250737
  0.00103073 -0.00250737  0.00605724  0.          0.          0.
  0.          0.          0.          0.          0.          0.
  0.          0.          0.          0.          0.          0.
  0.          0.          0.          0.          0.          0.
  0.          0.          0.          0.          0.          0.        ],1.234047619047619,0.0,0.0,0.0,0.0,0.0,[0. 0. 0. 0. 0. 0. 0. 0. 0. 0. 0. 0. 0. 0. 0. 0. 0. 0. 0. 0. 0. 0. 0. 0.
 0. 0. 0. 0. 0. 0. 0. 0. 0. 0. 0. 0.]
12.734062910079956,,4.9157380984346535,-6.975181589709323,0.0,0.0,0.0,-0.12438416258326154,0.9922341357252635,[ 0.00553764 -0.00149651  0.00106692 -0.00149651  0.00249203 -0.00266628
  0.00106692 -0.00266628  0.00665472  0.          0.          0.
  0.          0.          0.          0.          0.          0.
  0.          0.          0.          0.          0.          0.
  0.          0.          0.          0.          0.          0.
  0.          0.          0.          0.          0.          0.        ],1.2328571428571429,0.0,0.0,0.0,0.0,0.0,[0. 0. 0. 0. 0. 0. 0. 0. 0. 0. 0. 0. 0. 0. 0. 0. 0. 0. 0. 0. 0. 0. 0. 0.
 0. 0. 0. 0. 0. 0. 0. 0. 0. 0. 0. 0.]
12.75051212310791,,4.936767164751663,-6.9875373242240935,0.0,0.0,0.0,-0.11985241050026472,0.992791720199799,[ 0.00563946 -0.00157107  0.00114882 -0.00157107  0.00245893 -0.00264915
  0.00114882 -0.00264915  0.00738604  0.          0.          0.
  0.          0.          0.          0.          0.          0.
  0.          0.          0.          0.          0.          0.
  0.          0.          0.          0.          0.          0.
  0.          0.          0.          0.          0.          0.        ],1.2335714285714285,0.0,0.0,0.0,0.0,0.0,[0. 0. 0. 0. 0. 0. 0. 0. 0. 0. 0. 0. 0. 0. 0. 0. 0. 0. 0. 0. 0. 0. 0. 0.
 0. 0. 0. 0. 0. 0. 0. 0. 0. 0. 0. 0.]
12.771543741226196,,4.975164354128696,-6.998547342860305,0.0,0.0,0.0,-0.13678609951667495,0.9906006071969744,[ 0.00471242 -0.00144384  0.00133331 -0.00144384  0.00232856 -0.00252949
  0.00133331 -0.00252949  0.00621331  0.          0.          0.
  0.          0.          0.          0.          0.          0.
  0.          0.          0.          0.          0.          0.
  0.          0.          0.          0.          0.          0.
  0.          0.          0.          0.          0.          0.        ],1.2314285714285715,0.0,0.0,0.0,0.0,0.0,[0. 0. 0. 0. 0. 0. 0. 0. 0. 0. 0. 0. 0. 0. 0. 0. 0. 0. 0. 0. 0. 0. 0. 0.
 0. 0. 0. 0. 0. 0. 0. 0. 0. 0. 0. 0.]
12.79963207244873,,5.001193968382622,-7.011771493176745,0.0,0.0,0.0,-0.13224221209533224,0.991217431919018,[ 0.0046356  -0.00153352  0.00133578 -0.00153352  0.00226243 -0.00245297
  0.00133578 -0.00245297  0.00683656  0.          0.          0.
  0.          0.          0.          0.          0.          0.
  0.          0.          0.          0.          0.          0.
  0.          0.          0.          0.          0.          0.
  0.          0.          0.          0.          0.          0.        ],1.2261904761904763,0.0,0.0,0.0,0.0,0.0,[0. 0. 0. 0. 0. 0. 0. 0. 0. 0. 0. 0. 0. 0. 0. 0. 0. 0. 0. 0. 0. 0. 0. 0.
 0. 0. 0. 0. 0. 0. 0. 0. 0. 0. 0. 0.]
12.819016695022583,,5.014560640853937,-7.020777948267827,0.0,0.0,0.0,-0.12949024883268642,0.9915806953835119,[ 0.00442524 -0.00145043  0.00119337 -0.00145043  0.00205029 -0.00221825
  0.00119337 -0.00221825  0.00677998  0.          0.          0.
  0.          0.          0.          0.          0.          0.
  0.          0.          0.          0.          0.          0.
  0.          0.          0.          0.          0.          0.
  0.          0.          0.          0.          0.          0.        ],1.2228571428571429,0.0,0.0,0.0,0.0,0.0,[0. 0. 0. 0. 0. 0. 0. 0. 0. 0. 0. 0. 0. 0. 0. 0. 0. 0. 0. 0. 0. 0. 0. 0.
 0. 0. 0. 0. 0. 0. 0. 0. 0. 0. 0. 0.]
12.83461856842041,,5.029216551680829,-7.030555931140955,0.0,0.0,0.0,-0.12549353746903352,0.9920944370640873,[ 0.00435418 -0.00133241  0.00126643 -0.00133241  0.00172645 -0.00196256
  0.00126643 -0.00196256  0.00681753  0.          0.          0.
  0.          0.          0.          0.          0.          0.
  0.          0.          0.          0.          0.          0.
  0.          0.          0.          0.          0.          0.
  0.          0.          0.          0.          0.          0.        ],1.223095238095238,0.0,0.0,0.0,0.0,0.0,[0. 0. 0. 0. 0. 0. 0. 0. 0. 0. 0. 0. 0. 0. 0. 0. 0. 0. 0. 0. 0. 0. 0. 0.
 0. 0. 0. 0. 0. 0. 0. 0. 0. 0. 0. 0.]
12.852704286575317,,5.0542440063580925,-7.038157756837406,0.0,0.0,0.0,-0.14117290380579356,0.9899849550528736,[ 0.00380306 -0.00110658  0.00103579 -0.00110658  0.00164893 -0.00179599
  0.00103579 -0.00179599  0.00566834  0.          0.          0.
  0.          0.          0.          0.          0.          0.
  0.          0.          0.          0.          0.          0.
  0.          0.          0.          0.          0.          0.
  0.          0.          0.          0.          0.          0.        ],1.2252380952380952,0.0,0.0,0.0,0.0,0.0,[0. 0. 0. 0. 0. 0. 0. 0. 0. 0. 0. 0. 0. 0. 0. 0. 0. 0. 0. 0. 0. 0. 0. 0.
 0. 0. 0. 0. 0. 0. 0. 0. 0. 0. 0. 0.]
12.882754802703857,,5.07797812276308,-7.045143558523273,0.0,0.0,0.0,-0.1409497107049151,0.9900167569552552,[ 0.00377155 -0.00101713  0.00097531 -0.00101713  0.00172238 -0.00189711
  0.00097531 -0.00189711  0.00633104  0.          0.          0.
  0.          0.          0.          0.          0.          0.
  0.          0.          0.          0.          0.          0.
  0.          0.          0.          0.          0.          0.
  0.          0.          0.          0.          0.          0.        ],1.224047619047619,0.0,0.0,0.0,0.0,0.0,[0. 0. 0. 0. 0. 0. 0. 0. 0. 0. 0. 0. 0. 0. 0. 0. 0. 0. 0. 0. 0. 0. 0. 0.
 0. 0. 0. 0. 0. 0. 0. 0. 0. 0. 0. 0.]
12.896484851837158,,5.108474679887175,-7.052977860574203,0.0,0.0,0.0,-0.1569657699605056,0.9876040436636059,[ 0.0035876  -0.00103249  0.00126264 -0.00103249  0.00176211 -0.0020457
  0.00126264 -0.0020457   0.00579331  0.          0.          0.
  0.          0.          0.          0.          0.          0.
  0.          0.          0.          0.          0.          0.
  0.          0.          0.          0.          0.          0.
  0.          0.          0.          0.          0.          0.        ],1.2264285714285714,0.0,0.0,0.0,0.0,0.0,[0. 0. 0. 0. 0. 0. 0. 0. 0. 0. 0. 0. 0. 0. 0. 0. 0. 0. 0. 0. 0. 0. 0. 0.
 0. 0. 0. 0. 0. 0. 0. 0. 0. 0. 0. 0.]
12.91336727142334,,5.130893236502665,-7.063600399168002,0.0,0.0,0.0,-0.15337752023740944,0.9881676660799134,[ 0.00382194 -0.00111246  0.00121578 -0.00111246  0.0017816  -0.00189044
  0.00121578 -0.00189044  0.00605323  0.          0.          0.
  0.          0.          0.          0.          0.          0.
  0.          0.          0.          0.          0.          0.
  0.          0.          0.          0.          0.          0.
  0.          0.          0.          0.          0.          0.        ],1.2266666666666666,0.0,0.0,0.0,0.0,0.0,[0. 0. 0. 0. 0. 0. 0. 0. 0. 0. 0. 0. 0. 0. 0. 0. 0. 0. 0. 0. 0. 0. 0. 0.
 0. 0. 0. 0. 0. 0. 0. 0. 0. 0. 0. 0.]
12.931550741195679,,5.147725262004171,-7.069211631319188,0.0,0.0,0.0,-0.15153954999662433,0.988451194944303,[ 0.00369562 -0.00090935  0.00101715 -0.00090935  0.00164123 -0.00173691
  0.00101715 -0.00173691  0.00618112  0.          0.          0.
  0.          0.          0.          0.          0.          0.
  0.          0.          0.          0.          0.          0.
  0.          0.          0.          0.          0.          0.
  0.          0.          0.          0.          0.          0.        ],1.2264285714285714,0.0,0.0,0.0,0.0,0.0,[0. 0. 0. 0. 0. 0. 0. 0. 0. 0. 0. 0. 0. 0. 0. 0. 0. 0. 0. 0. 0. 0. 0. 0.
 0. 0. 0. 0. 0. 0. 0. 0. 0. 0. 0. 0.]
12.95215892791748,,5.1845942807626235,-7.072727119544856,0.0,0.0,0.0,-0.16473025376231268,0.9863386555820491,[ 0.00329741 -0.00085556  0.00093729 -0.00085556  0.00182582 -0.00183282
  0.00093729 -0.00183282  0.00520579  0.          0.          0.
  0.          0.          0.          0.          0.          0.
  0.          0.          0.          0.          0.          0.
  0.          0.          0.          0.          0.          0.
  0.          0.          0.          0.          0.          0.        ],1.2257142857142858,0.0,0.0,0.0,0.0,0.0,[0. 0. 0. 0. 0. 0. 0. 0. 0. 0. 0. 0. 0. 0. 0. 0. 0. 0. 0. 0. 0. 0. 0. 0.
 0. 0. 0. 0. 0. 0. 0. 0. 0. 0. 0. 0.]
12.972822427749634,,5.2184423249095,-7.078943025844209,0.0,0.0,0.0,-0.14826298772410967,0.9889479695469932,[ 0.00301447 -0.00063824  0.00093891 -0.00063824  0.00215624 -0.0019887
  0.00093891 -0.0019887   0.0051384   0.          0.          0.
  0.          0.          0.          0.          0.          0.
  0.          0.          0.          0.          0.          0.
  0.          0.          0.          0.          0.          0.
  0.          0.          0.          0.          0.          0.        ],1.225,0.0,0.0,0.0,0.0,0.0,[0. 0. 0. 0. 0. 0. 0. 0. 0. 0. 0. 0. 0. 0. 0. 0. 0. 0. 0. 0. 0. 0. 0. 0.
 0. 0. 0. 0. 0. 0. 0. 0. 0. 0. 0. 0.]
12.993873119354248,,5.234498041560902,-7.087598198430213,0.0,0.0,0.0,-0.14467960181548886,0.9894785560175176,[ 0.00299962 -0.00045536  0.00081664 -0.00045536  0.00221696 -0.00198327
  0.00081664 -0.00198327  0.00525188  0.          0.          0.
  0.          0.          0.          0.          0.          0.
  0.          0.          0.          0.          0.          0.
  0.          0.          0.          0.          0.          0.
  0.          0.          0.          0.          0.          0.        ],1.2242857142857142,0.0,0.0,0.0,0.0,0.0,[0. 0. 0. 0. 0. 0. 0. 0. 0. 0. 0. 0. 0. 0. 0. 0. 0. 0. 0. 0. 0. 0. 0. 0.
 0. 0. 0. 0. 0. 0. 0. 0. 0. 0. 0. 0.]
13.020258665084839,,5.265284107266781,-7.099498586490105,0.0,0.0,0.0,-0.1547501603376017,0.9879536365009679,[ 0.00281616 -0.00031734  0.00085164 -0.00031734  0.00223512 -0.00209234
  0.00085164 -0.00209234  0.00498907  0.          0.          0.
  0.          0.          0.          0.          0.          0.
  0.          0.          0.          0.          0.          0.
  0.          0.          0.          0.          0.          0.
  0.          0.          0.          0.          0.          0.        ],1.2226190476190477,0.0,0.0,0.0,0.0,0.0,[0. 0. 0. 0. 0. 0. 0. 0. 0. 0. 0. 0. 0. 0. 0. 0. 0. 0. 0. 0. 0. 0. 0. 0.
 0. 0. 0. 0. 0. 0. 0. 0. 0. 0. 0. 0.]
13.038532495498657,,5.286656418380989,-7.107004648745794,0.0,0.0,0.0,-0.1509583057320496,0.9885401306626398,[ 0.00293762 -0.0001388   0.00077782 -0.0001388   0.00243608 -0.0022033
  0.00077782 -0.0022033   0.00564852  0.          0.          0.
  0.          0.          0.          0.          0.          0.
  0.          0.          0.          0.          0.          0.
  0.          0.          0.          0.          0.          0.
  0.          0.          0.          0.          0.          0.        ],1.2211904761904762,0.0,0.0,0.0,0.0,0.0,[0. 0. 0. 0. 0. 0. 0. 0. 0. 0. 0. 0. 0. 0. 0. 0. 0. 0. 0. 0. 0. 0. 0. 0.
 0. 0. 0. 0. 0. 0. 0. 0. 0. 0. 0. 0.]
13.057157754898071,,5.316015316741566,-7.1141172152651935,0.0,0.0,0.0,-0.1664809322886091,0.9860446740307031,[ 0.0026904  -0.00018309  0.00079415 -0.00018309  0.00275067 -0.00257454
  0.00079415 -0.00257454  0.00540481  0.          0.          0.
  0.          0.          0.          0.          0.          0.
  0.          0.          0.          0.          0.          0.
  0.          0.          0.          0.          0.          0.
  0.          0.          0.          0.          0.          0.        ],1.2190476190476192,0.0,0.0,0.0,0.0,0.0,[0. 0. 0. 0. 0. 0. 0. 0. 0. 0. 0. 0. 0. 0. 0. 0. 0. 0. 0. 0. 0. 0. 0. 0.
 0. 0. 0. 0. 0. 0. 0. 0. 0. 0. 0. 0.]
13.072466850280762,,5.332858822020007,-7.118677092504862,0.0,0.0,0.0,-0.1639442155143497,0.986469611391747,[ 0.00298359 -0.00028195  0.00089718 -0.00028195  0.00282936 -0.00269896
  0.00089718 -0.00269896  0.00622356  0.          0.          0.
  0.          0.          0.          0.          0.          0.
  0.          0.          0.          0.          0.          0.
  0.          0.          0.          0.          0.          0.
  0.          0.          0.          0.          0.          0.        ],1.2111904761904762,0.0,0.0,0.0,0.0,0.0,[0. 0. 0. 0. 0. 0. 0. 0. 0. 0. 0. 0. 0. 0. 0. 0. 0. 0. 0. 0. 0. 0. 0. 0.
 0. 0. 0. 0. 0. 0. 0. 0. 0. 0. 0. 0.]
13.097820043563843,,5.347419527378591,-7.122849542440563,0.0,0.0,0.0,-0.1594026345573909,0.9872136547354695,[ 0.00314681 -0.00034466  0.0010988  -0.00034466  0.00291089 -0.0025776
  0.0010988  -0.0025776   0.0062257   0.          0.          0.
  0.          0.          0.          0.          0.          0.
  0.          0.          0.          0.          0.          0.
  0.          0.          0.          0.          0.          0.
  0.          0.          0.          0.          0.          0.        ],1.2092857142857143,0.0,0.0,0.0,0.0,0.0,[0. 0. 0. 0. 0. 0. 0. 0. 0. 0. 0. 0. 0. 0. 0. 0. 0. 0. 0. 0. 0. 0. 0. 0.
 0. 0. 0. 0. 0. 0. 0. 0. 0. 0. 0. 0.]
13.12740159034729,,5.3823614057150495,-7.125236652206789,0.0,0.0,0.0,-0.17646180080906426,0.9843074889764998,[ 0.00296555 -0.00039751  0.0011819  -0.00039751  0.00299822 -0.00270354
  0.0011819  -0.00270354  0.00608562  0.          0.          0.
  0.          0.          0.          0.          0.          0.
  0.          0.          0.          0.          0.          0.
  0.          0.          0.          0.          0.          0.
  0.          0.          0.          0.          0.          0.        ],1.2092857142857143,0.0,0.0,0.0,0.0,0.0,[0. 0. 0. 0. 0. 0. 0. 0. 0. 0. 0. 0. 0. 0. 0. 0. 0. 0. 0. 0. 0. 0. 0. 0.
 0. 0. 0. 0. 0. 0. 0. 0. 0. 0. 0. 0.]
13.148982763290405,,5.396670068953397,-7.127970558180853,0.0,0.0,0.0,-0.17443955408155357,0.984667884096881,[ 0.00278846 -0.00048337  0.00113528 -0.00048337  0.00313256 -0.00284485
  0.00113528 -0.00284485  0.00648693  0.          0.          0.
  0.          0.          0.          0.          0.          0.
  0.          0.          0.          0.          0.          0.
  0.          0.          0.          0.          0.          0.
  0.          0.          0.          0.          0.          0.        ],1.2114285714285715,0.0,0.0,0.0,0.0,0.0,[0. 0. 0. 0. 0. 0. 0. 0. 0. 0. 0. 0. 0. 0. 0. 0. 0. 0. 0. 0. 0. 0. 0. 0.
 0. 0. 0. 0. 0. 0. 0. 0. 0. 0. 0. 0.]
13.181855201721191,,5.4592842273317785,-7.141974711150538,0.0,0.0,0.0,-0.16499904034111623,0.9862937273888092,[ 0.0026482  -0.00053002  0.00157047 -0.00053002  0.00297054 -0.0026717
  0.00157047 -0.0026717   0.00627565  0.          0.          0.
  0.          0.          0.          0.          0.          0.
  0.          0.          0.          0.          0.          0.
  0.          0.          0.          0.          0.          0.
  0.          0.          0.          0.          0.          0.        ],1.2126190476190477,0.0,0.0,0.0,0.0,0.0,[0. 0. 0. 0. 0. 0. 0. 0. 0. 0. 0. 0. 0. 0. 0. 0. 0. 0. 0. 0. 0. 0. 0. 0.
 0. 0. 0. 0. 0. 0. 0. 0. 0. 0. 0. 0.]
13.20138168334961,,5.5064782404100026,-7.148437666234604,0.0,0.0,0.0,-0.17283227450707536,0.9849512703117403,[ 0.00245324 -0.00056484  0.0015954  -0.00056484  0.00259666 -0.00230973
  0.0015954  -0.00230973  0.00594028  0.          0.          0.
  0.          0.          0.          0.          0.          0.
  0.          0.          0.          0.          0.          0.
  0.          0.          0.          0.          0.          0.
  0.          0.          0.          0.          0.          0.        ],1.2161904761904763,0.0,0.0,0.0,0.0,0.0,[0. 0. 0. 0. 0. 0. 0. 0. 0. 0. 0. 0. 0. 0. 0. 0. 0. 0. 0. 0. 0. 0. 0. 0.
 0. 0. 0. 0. 0. 0. 0. 0. 0. 0. 0. 0.]
13.218750476837158,,5.541582539242584,-7.152807151348775,0.0,0.0,0.0,-0.15346751358492797,0.9881536936499605,[ 0.00238477 -0.00059073  0.00171265 -0.00059073  0.00233034 -0.00220273
  0.00171265 -0.00220273  0.00604202  0.          0.          0.
  0.          0.          0.          0.          0.          0.
  0.          0.          0.          0.          0.          0.
  0.          0.          0.          0.          0.          0.
  0.          0.          0.          0.          0.          0.        ],1.2119047619047618,0.0,0.0,0.0,0.0,0.0,[0. 0. 0. 0. 0. 0. 0. 0. 0. 0. 0. 0. 0. 0. 0. 0. 0. 0. 0. 0. 0. 0. 0. 0.
 0. 0. 0. 0. 0. 0. 0. 0. 0. 0. 0. 0.]
13.244434833526611,,5.565784489618478,-7.158559774417269,0.0,0.0,0.0,-0.1430511920709997,0.9897152905998098,[ 0.00231479 -0.00058064  0.00166688 -0.00058064  0.00223769 -0.00198685
  0.00166688 -0.00198685  0.00608082  0.          0.          0.
  0.          0.          0.          0.          0.          0.
  0.          0.          0.          0.          0.          0.
  0.          0.          0.          0.          0.          0.
  0.          0.          0.          0.          0.          0.        ],1.21,0.0,0.0,0.0,0.0,0.0,[0. 0. 0. 0. 0. 0. 0. 0. 0. 0. 0. 0. 0. 0. 0. 0. 0. 0. 0. 0. 0. 0. 0. 0.
 0. 0. 0. 0. 0. 0. 0. 0. 0. 0. 0. 0.]
13.265966176986694,,5.595512961788966,-7.163439679985739,0.0,0.0,0.0,-0.12280366123377592,0.9924309854028037,[ 0.00240492 -0.00058126  0.00191802 -0.00058126  0.00205865 -0.00189875
  0.00191802 -0.00189875  0.00656617  0.          0.          0.
  0.          0.          0.          0.          0.          0.
  0.          0.          0.          0.          0.          0.
  0.          0.          0.          0.          0.          0.
  0.          0.          0.          0.          0.          0.        ],1.207142857142857,0.0,0.0,0.0,0.0,0.0,[0. 0. 0. 0. 0. 0. 0. 0. 0. 0. 0. 0. 0. 0. 0. 0. 0. 0. 0. 0. 0. 0. 0. 0.
 0. 0. 0. 0. 0. 0. 0. 0. 0. 0. 0. 0.]
13.289045810699463,,5.632579746889336,-7.166430741943314,0.0,0.0,0.0,-0.1298401254016038,0.9915349423170602,[ 0.0024539  -0.00063219  0.00211293 -0.00063219  0.00194741 -0.00177839
  0.00211293 -0.00177839  0.00629212  0.          0.          0.
  0.          0.          0.          0.          0.          0.
  0.          0.          0.          0.          0.          0.
  0.          0.          0.          0.          0.          0.
  0.          0.          0.          0.          0.          0.        ],1.2026190476190477,0.0,0.0,0.0,0.0,0.0,[0. 0. 0. 0. 0. 0. 0. 0. 0. 0. 0. 0. 0. 0. 0. 0. 0. 0. 0. 0. 0. 0. 0. 0.
 0. 0. 0. 0. 0. 0. 0. 0. 0. 0. 0. 0.]
13.311208248138428,,5.666782564328662,-7.167415479676587,0.0,0.0,0.0,-0.10911533947325264,0.9940290954955175,[ 0.00247262 -0.00076201  0.00225501 -0.00076201  0.00196781 -0.00181235
  0.00225501 -0.00181235  0.00672458  0.          0.          0.
  0.          0.          0.          0.          0.          0.
  0.          0.          0.          0.          0.          0.
  0.          0.          0.          0.          0.          0.
  0.          0.          0.          0.          0.          0.        ],1.2052380952380952,0.0,0.0,0.0,0.0,0.0,[0. 0. 0. 0. 0. 0. 0. 0. 0. 0. 0. 0. 0. 0. 0. 0. 0. 0. 0. 0. 0. 0. 0. 0.
 0. 0. 0. 0. 0. 0. 0. 0. 0. 0. 0. 0.]
13.334065437316895,,5.710670919244078,-7.16842286891237,0.0,0.0,0.0,-0.08112331767799941,0.9967040720940766,[ 0.00262553 -0.00061874  0.00236717 -0.00061874  0.00192082 -0.0015387
  0.00236717 -0.0015387   0.00664246  0.          0.          0.
  0.          0.          0.          0.          0.          0.
  0.          0.          0.          0.          0.          0.
  0.          0.          0.          0.          0.          0.
  0.          0.          0.          0.          0.          0.        ],1.2426190476190475,0.0,0.0,0.0,0.0,0.0,[0. 0. 0. 0. 0. 0. 0. 0. 0. 0. 0. 0. 0. 0. 0. 0. 0. 0. 0. 0. 0. 0. 0. 0.
 0. 0. 0. 0. 0. 0. 0. 0. 0. 0. 0. 0.]
13.355103492736816,,5.744162340367195,-7.164849035219389,0.0,0.0,0.0,-0.058813806991709655,0.9982689698208304,[ 0.00246952 -0.00062532  0.00243892 -0.00062532  0.00192935 -0.00156119
  0.00243892 -0.00156119  0.00702548  0.          0.          0.
  0.          0.          0.          0.          0.          0.
  0.          0.          0.          0.          0.          0.
  0.          0.          0.          0.          0.          0.
  0.          0.          0.          0.          0.          0.        ],1.2480952380952381,0.0,0.0,0.0,0.0,0.0,[0. 0. 0. 0. 0. 0. 0. 0. 0. 0. 0. 0. 0. 0. 0. 0. 0. 0. 0. 0. 0. 0. 0. 0.
 0. 0. 0. 0. 0. 0. 0. 0. 0. 0. 0. 0.]
13.378553867340088,,5.782867648564917,-7.161017190500923,0.0,0.0,0.0,-0.06560349997846858,0.9978457700419314,[ 0.0024464  -0.00040259  0.00251927 -0.00040259  0.00180566 -0.00125246
  0.00251927 -0.00125246  0.00760926  0.          0.          0.
  0.          0.          0.          0.          0.          0.
  0.          0.          0.          0.          0.          0.
  0.          0.          0.          0.          0.          0.
  0.          0.          0.          0.          0.          0.        ],1.2723809523809524,0.0,0.0,0.0,0.0,0.0,[0. 0. 0. 0. 0. 0. 0. 0. 0. 0. 0. 0. 0. 0. 0. 0. 0. 0. 0. 0. 0. 0. 0. 0.
 0. 0. 0. 0. 0. 0. 0. 0. 0. 0. 0. 0.]
13.405231714248657,,5.813081657131492,-7.1551419311146,0.0,0.0,0.0,-0.04761133205244249,0.9988659374811978,[ 0.00242057 -0.00042059  0.00261504 -0.00042059  0.00191533 -0.00125397
  0.00261504 -0.00125397  0.00751367  0.          0.          0.
  0.          0.          0.          0.          0.          0.
  0.          0.          0.          0.          0.          0.
  0.          0.          0.          0.          0.          0.
  0.          0.          0.          0.          0.          0.        ],1.2926190476190476,0.0,0.0,0.0,0.0,0.0,[0. 0. 0. 0. 0. 0. 0. 0. 0. 0. 0. 0. 0. 0. 0. 0. 0. 0. 0. 0. 0. 0. 0. 0.
 0. 0. 0. 0. 0. 0. 0. 0. 0. 0. 0. 0.]
13.425554275512695,,5.863029862034953,-7.145676905028607,0.0,0.0,0.0,-0.041056368685360715,0.9991568318289035,[ 0.00246104 -0.00041842  0.00288394 -0.00041842  0.00202936 -0.001068
  0.00288394 -0.001068    0.00757878  0.          0.          0.
  0.          0.          0.          0.          0.          0.
  0.          0.          0.          0.          0.          0.
  0.          0.          0.          0.          0.          0.
  0.          0.          0.          0.          0.          0.        ],1.3166666666666667,0.0,0.0,0.0,0.0,0.0,[0. 0. 0. 0. 0. 0. 0. 0. 0. 0. 0. 0. 0. 0. 0. 0. 0. 0. 0. 0. 0. 0. 0. 0.
 0. 0. 0. 0. 0. 0. 0. 0. 0. 0. 0. 0.]
13.447722434997559,,5.895614471812602,-7.134355212266323,0.0,0.0,0.0,-0.021152554550225276,0.9997762596881363,[ 0.00256882 -0.00033694  0.00290323 -0.00033694  0.00192638 -0.00065887
  0.00290323 -0.00065887  0.00753185  0.          0.          0.
  0.          0.          0.          0.          0.          0.
  0.          0.          0.          0.          0.          0.
  0.          0.          0.          0.          0.          0.
  0.          0.          0.          0.          0.          0.        ],1.3423809523809525,0.0,0.0,0.0,0.0,0.0,[0. 0. 0. 0. 0. 0. 0. 0. 0. 0. 0. 0. 0. 0. 0. 0. 0. 0. 0. 0. 0. 0. 0. 0.
 0. 0. 0. 0. 0. 0. 0. 0. 0. 0. 0. 0.]
13.46772813796997,,5.919591558852499,-7.127987464909635,0.0,0.0,0.0,-0.005780513232909069,0.999983292693815,[ 0.00260074 -0.00038211  0.00289741 -0.00038211  0.00199742 -0.00073685
  0.00289741 -0.00073685  0.00799107  0.          0.          0.
  0.          0.          0.          0.          0.          0.
  0.          0.          0.          0.          0.          0.
  0.          0.          0.          0.          0.          0.
  0.          0.          0.          0.          0.          0.        ],1.3533333333333333,0.0,0.0,0.0,0.0,0.0,[0. 0. 0. 0. 0. 0. 0. 0. 0. 0. 0. 0. 0. 0. 0. 0. 0. 0. 0. 0. 0. 0. 0. 0.
 0. 0. 0. 0. 0. 0. 0. 0. 0. 0. 0. 0.]
13.497377157211304,,5.950153543330776,-7.114441340927051,0.0,0.0,0.0,-0.012559660996163903,0.9999211243471464,[ 0.00277339 -0.00038145  0.00331796 -0.00038145  0.00205069 -0.00058084
  0.00331796 -0.00058084  0.0085208   0.          0.          0.
  0.          0.          0.          0.          0.          0.
  0.          0.          0.          0.          0.          0.
  0.          0.          0.          0.          0.          0.
  0.          0.          0.          0.          0.          0.        ],1.365952380952381,0.0,0.0,0.0,0.0,0.0,[0. 0. 0. 0. 0. 0. 0. 0. 0. 0. 0. 0. 0. 0. 0. 0. 0. 0. 0. 0. 0. 0. 0. 0.
 0. 0. 0. 0. 0. 0. 0. 0. 0. 0. 0. 0.]
13.512650489807129,,5.979750854936226,-7.099437801179607,0.0,0.0,0.0,0.008182412486681112,0.999966523502611,[ 0.00270751 -0.00038856  0.00330784 -0.00038856  0.00212581 -0.00042712
  0.00330784 -0.00042712  0.00875769  0.          0.          0.
  0.          0.          0.          0.          0.          0.
  0.          0.          0.          0.          0.          0.
  0.          0.          0.          0.          0.          0.
  0.          0.          0.          0.          0.          0.        ],1.3935714285714285,0.0,0.0,0.0,0.0,0.0,[0. 0. 0. 0. 0. 0. 0. 0. 0. 0. 0. 0. 0. 0. 0. 0. 0. 0. 0. 0. 0. 0. 0. 0.
 0. 0. 0. 0. 0. 0. 0. 0. 0. 0. 0. 0.]
13.527118682861328,,6.022308307472305,-7.084605975302231,0.0,0.0,0.0,0.01045334381387908,0.9999453623089157,[ 0.0027265  -0.0004652   0.00342561 -0.0004652   0.00207709 -0.00042852
  0.00342561 -0.00042852  0.00864482  0.          0.          0.
  0.          0.          0.          0.          0.          0.
  0.          0.          0.          0.          0.          0.
  0.          0.          0.          0.          0.          0.
  0.          0.          0.          0.          0.          0.        ],1.4035714285714285,0.0,0.0,0.0,0.0,0.0,[0. 0. 0. 0. 0. 0. 0. 0. 0. 0. 0. 0. 0. 0. 0. 0. 0. 0. 0. 0. 0. 0. 0. 0.
 0. 0. 0. 0. 0. 0. 0. 0. 0. 0. 0. 0.]
13.54522442817688,,6.03968550336046,-7.068564139970333,0.0,0.0,0.0,0.021861543307566848,0.9997610079034946,[ 0.002899   -0.00050165  0.00362514 -0.00050165  0.00210454 -0.00029673
  0.00362514 -0.00029673  0.00914451  0.          0.          0.
  0.          0.          0.          0.          0.          0.
  0.          0.          0.          0.          0.          0.
  0.          0.          0.          0.          0.          0.
  0.          0.          0.          0.          0.          0.        ],1.4133333333333333,0.0,0.0,0.0,0.0,0.0,[0. 0. 0. 0. 0. 0. 0. 0. 0. 0. 0. 0. 0. 0. 0. 0. 0. 0. 0. 0. 0. 0. 0. 0.
 0. 0. 0. 0. 0. 0. 0. 0. 0. 0. 0. 0.]
13.55796480178833,,6.057016804630487,-7.055553214200808,0.0,0.0,0.0,0.03528936250136007,0.9993771364676338,[ 0.00295945 -0.00062066  0.00365202 -0.00062066  0.00228848 -0.00026468
  0.00365202 -0.00026468  0.00955206  0.          0.          0.
  0.          0.          0.          0.          0.          0.
  0.          0.          0.          0.          0.          0.
  0.          0.          0.          0.          0.          0.
  0.          0.          0.          0.          0.          0.        ],1.4238095238095239,0.0,0.0,0.0,0.0,0.0,[0. 0. 0. 0. 0. 0. 0. 0. 0. 0. 0. 0. 0. 0. 0. 0. 0. 0. 0. 0. 0. 0. 0. 0.
 0. 0. 0. 0. 0. 0. 0. 0. 0. 0. 0. 0.]
13.578597068786621,,6.0980860686398195,-7.036810796350534,0.0,0.0,0.0,0.04007170808359351,0.9991968065457691,[ 0.0031185  -0.00045557  0.00396071 -0.00045557  0.00215961  0.00022773
  0.00396071  0.00022773  0.01000098  0.          0.          0.
  0.          0.          0.          0.          0.          0.
  0.          0.          0.          0.          0.          0.
  0.          0.          0.          0.          0.          0.
  0.          0.          0.          0.          0.          0.        ],1.4345238095238095,0.0,0.0,0.0,0.0,0.0,[0. 0. 0. 0. 0. 0. 0. 0. 0. 0. 0. 0. 0. 0. 0. 0. 0. 0. 0. 0. 0. 0. 0. 0.
 0. 0. 0. 0. 0. 0. 0. 0. 0. 0. 0. 0.]
13.598160982131958,,6.110430825734366,-7.026221319377841,0.0,0.0,0.0,0.04776830437061352,0.9988584429725548,[ 0.00308204 -0.00041758  0.00379856 -0.00041758  0.00222745  0.00030667
  0.00379856  0.00030667  0.00976911  0.          0.          0.
  0.          0.          0.          0.          0.          0.
  0.          0.          0.          0.          0.          0.
  0.          0.          0.          0.          0.          0.
  0.          0.          0.          0.          0.          0.        ],1.445,0.0,0.0,0.0,0.0,0.0,[0. 0. 0. 0. 0. 0. 0. 0. 0. 0. 0. 0. 0. 0. 0. 0. 0. 0. 0. 0. 0. 0. 0. 0.
 0. 0. 0. 0. 0. 0. 0. 0. 0. 0. 0. 0.]
13.615598917007446,,6.148637809353795,-7.010162303960472,0.0,0.0,0.0,0.053487169250227,0.9985685368193801,[ 0.00323834 -0.00041681  0.00391647 -0.00041681  0.00235663  0.00063841
  0.00391647  0.00063841  0.00991462  0.          0.          0.
  0.          0.          0.          0.          0.          0.
  0.          0.          0.          0.          0.          0.
  0.          0.          0.          0.          0.          0.
  0.          0.          0.          0.          0.          0.        ],1.4492857142857143,0.0,0.0,0.0,0.0,0.0,[0. 0. 0. 0. 0. 0. 0. 0. 0. 0. 0. 0. 0. 0. 0. 0. 0. 0. 0. 0. 0. 0. 0. 0.
 0. 0. 0. 0. 0. 0. 0. 0. 0. 0. 0. 0.]
13.631648540496826,,6.169314003921747,-6.993556314776628,0.0,0.0,0.0,0.07219596700200982,0.9973904663413645,[ 0.00321936 -0.00028652  0.00382606 -0.00028652  0.00238878  0.00104323
  0.00382606  0.00104323  0.00995453  0.          0.          0.
  0.          0.          0.          0.          0.          0.
  0.          0.          0.          0.          0.          0.
  0.          0.          0.          0.          0.          0.
  0.          0.          0.          0.          0.          0.        ],1.4611904761904762,0.0,0.0,0.0,0.0,0.0,[0. 0. 0. 0. 0. 0. 0. 0. 0. 0. 0. 0. 0. 0. 0. 0. 0. 0. 0. 0. 0. 0. 0. 0.
 0. 0. 0. 0. 0. 0. 0. 0. 0. 0. 0. 0.]
13.649904489517212,,6.2008569579468,-6.9748970733950575,0.0,0.0,0.0,0.09187463498976019,0.9957705817333119,[ 0.00340396 -0.00017906  0.00372826 -0.00017906  0.00244534  0.00141863
  0.00372826  0.00141863  0.00973998  0.          0.          0.
  0.          0.          0.          0.          0.          0.
  0.          0.          0.          0.          0.          0.
  0.          0.          0.          0.          0.          0.
  0.          0.          0.          0.          0.          0.        ],1.47,0.0,0.0,0.0,0.0,0.0,[0. 0. 0. 0. 0. 0. 0. 0. 0. 0. 0. 0. 0. 0. 0. 0. 0. 0. 0. 0. 0. 0. 0. 0.
 0. 0. 0. 0. 0. 0. 0. 0. 0. 0. 0. 0.]
13.668152332305908,,6.228036322262457,-6.954512813736134,0.0,0.0,0.0,0.12401179123065213,0.9922807443640964,[ 0.00316648 -0.00023009  0.00330008 -0.00023009  0.00238253  0.00153698
  0.00330008  0.00153698  0.00922858  0.          0.          0.
  0.          0.          0.          0.          0.          0.
  0.          0.          0.          0.          0.          0.
  0.          0.          0.          0.          0.          0.
  0.          0.          0.          0.          0.          0.        ],1.4811904761904762,0.0,0.0,0.0,0.0,0.0,[0. 0. 0. 0. 0. 0. 0. 0. 0. 0. 0. 0. 0. 0. 0. 0. 0. 0. 0. 0. 0. 0. 0. 0.
 0. 0. 0. 0. 0. 0. 0. 0. 0. 0. 0. 0.]
13.694314002990723,,6.241020637329303,-6.93948136990854,0.0,0.0,0.0,0.1368995227360375,0.9905849386471839,[ 0.00316568 -0.00027104  0.00309008 -0.00027104  0.00241087  0.00165625
  0.00309008  0.00165625  0.00896199  0.          0.          0.
  0.          0.          0.          0.          0.          0.
  0.          0.          0.          0.          0.          0.
  0.          0.          0.          0.          0.          0.
  0.          0.          0.          0.          0.          0.        ],1.4919047619047618,0.0,0.0,0.0,0.0,0.0,[0. 0. 0. 0. 0. 0. 0. 0. 0. 0. 0. 0. 0. 0. 0. 0. 0. 0. 0. 0. 0. 0. 0. 0.
 0. 0. 0. 0. 0. 0. 0. 0. 0. 0. 0. 0.]
13.70863676071167,,6.262295575886429,-6.919743551984679,0.0,0.0,0.0,0.15825339623816395,0.9873985328017693,[ 0.00317078 -0.00018144  0.00271803 -0.00018144  0.00258039  0.00207796
  0.00271803  0.00207796  0.00884503  0.          0.          0.
  0.          0.          0.          0.          0.          0.
  0.          0.          0.          0.          0.          0.
  0.          0.          0.          0.          0.          0.
  0.          0.          0.          0.          0.          0.        ],1.5054761904761904,0.0,0.0,0.0,0.0,0.0,[0. 0. 0. 0. 0. 0. 0. 0. 0. 0. 0. 0. 0. 0. 0. 0. 0. 0. 0. 0. 0. 0. 0. 0.
 0. 0. 0. 0. 0. 0. 0. 0. 0. 0. 0. 0.]
13.730066061019897,,6.286119901751267,-6.883803562963006,0.0,0.0,0.0,0.20982567614096254,0.9777388125833953,[0.00393081 0.0004845  0.00389384 0.0004845  0.00341252 0.0032163
 0.00389384 0.0032163  0.0131128  0.         0.         0.
 0.         0.         0.         0.         0.         0.
 0.         0.         0.         0.         0.         0.
 0.         0.         0.         0.         0.         0.
 0.         0.         0.         0.         0.         0.        ],1.5083333333333333,0.0,0.0,0.0,0.0,0.0,[0. 0. 0. 0. 0. 0. 0. 0. 0. 0. 0. 0. 0. 0. 0. 0. 0. 0. 0. 0. 0. 0. 0. 0.
 0. 0. 0. 0. 0. 0. 0. 0. 0. 0. 0. 0.]
13.758095026016235,,6.348588862354457,-6.80665489897574,0.0,0.0,0.0,0.26450584579077135,0.9643840819624248,[0.00481301 0.00139914 0.00302099 0.00139914 0.00431968 0.00342298
 0.00302099 0.00342298 0.00759215 0.         0.         0.
 0.         0.         0.         0.         0.         0.
 0.         0.         0.         0.         0.         0.
 0.         0.         0.         0.         0.         0.
 0.         0.         0.         0.         0.         0.        ],1.510952380952381,0.0,0.0,0.0,0.0,0.0,[0. 0. 0. 0. 0. 0. 0. 0. 0. 0. 0. 0. 0. 0. 0. 0. 0. 0. 0. 0. 0. 0. 0. 0.
 0. 0. 0. 0. 0. 0. 0. 0. 0. 0. 0. 0.]
13.782399415969849,,6.395511602499494,-6.743436208366504,0.0,0.0,0.0,0.29006269797632483,0.9570076442968966,[0.00365183 0.00026543 0.00103465 0.00026543 0.00252683 0.00120292
 0.00103465 0.00120292 0.00262448 0.         0.         0.
 0.         0.         0.         0.         0.         0.
 0.         0.         0.         0.         0.         0.
 0.         0.         0.         0.         0.         0.
 0.         0.         0.         0.         0.         0.        ],1.5085714285714287,0.0,0.0,0.0,0.0,0.0,[0. 0. 0. 0. 0. 0. 0. 0. 0. 0. 0. 0. 0. 0. 0. 0. 0. 0. 0. 0. 0. 0. 0. 0.
 0. 0. 0. 0. 0. 0. 0. 0. 0. 0. 0. 0.]
13.79939341545105,,6.419369157799909,-6.691266161812007,0.0,0.0,0.0,0.327135160880191,0.9449775587366568,[ 0.00341567 -0.00032844  0.0005281  -0.00032844  0.00130818  0.00051171
  0.0005281   0.00051171  0.00162923  0.          0.          0.
  0.          0.          0.          0.          0.          0.
  0.          0.          0.          0.          0.          0.
  0.          0.          0.          0.          0.          0.
  0.          0.          0.          0.          0.          0.        ],1.510952380952381,0.0,0.0,0.0,0.0,0.0,[0. 0. 0. 0. 0. 0. 0. 0. 0. 0. 0. 0. 0. 0. 0. 0. 0. 0. 0. 0. 0. 0. 0. 0.
 0. 0. 0. 0. 0. 0. 0. 0. 0. 0. 0. 0.]
13.822545051574707,,6.437380200571912,-6.650254823814631,0.0,0.0,0.0,0.3390688586214117,0.9407615580545228,[ 0.00350515 -0.00039022  0.00033193 -0.00039022  0.00177303  0.00045289
  0.00033193  0.00045289  0.00137509  0.          0.          0.
  0.          0.          0.          0.          0.          0.
  0.          0.          0.          0.          0.          0.
  0.          0.          0.          0.          0.          0.
  0.          0.          0.          0.          0.          0.        ],1.5076190476190476,0.0,0.0,0.0,0.0,0.0,[0. 0. 0. 0. 0. 0. 0. 0. 0. 0. 0. 0. 0. 0. 0. 0. 0. 0. 0. 0. 0. 0. 0. 0.
 0. 0. 0. 0. 0. 0. 0. 0. 0. 0. 0. 0.]
13.840856552124023,,6.432514747841856,-6.616996561730916,0.0,0.0,0.0,0.3418197116359758,0.9397655477495961,[ 0.00408973 -0.00096223  0.00033419 -0.00096223  0.00247269  0.00038151
  0.00033419  0.00038151  0.00118011  0.          0.          0.
  0.          0.          0.          0.          0.          0.
  0.          0.          0.          0.          0.          0.
  0.          0.          0.          0.          0.          0.
  0.          0.          0.          0.          0.          0.        ],1.515,0.0,0.0,0.0,0.0,0.0,[0. 0. 0. 0. 0. 0. 0. 0. 0. 0. 0. 0. 0. 0. 0. 0. 0. 0. 0. 0. 0. 0. 0. 0.
 0. 0. 0. 0. 0. 0. 0. 0. 0. 0. 0. 0.]
13.858156681060791,,6.435990804021002,-6.5738343379565585,0.0,0.0,0.0,0.3596701810467526,0.9330795040433565,[ 0.00479038 -0.00133247  0.00038516 -0.00133247  0.00278915  0.00056989
  0.00038516  0.00056989  0.00117214  0.          0.          0.
  0.          0.          0.          0.          0.          0.
  0.          0.          0.          0.          0.          0.
  0.          0.          0.          0.          0.          0.
  0.          0.          0.          0.          0.          0.        ],1.5202380952380952,0.0,0.0,0.0,0.0,0.0,[0. 0. 0. 0. 0. 0. 0. 0. 0. 0. 0. 0. 0. 0. 0. 0. 0. 0. 0. 0. 0. 0. 0. 0.
 0. 0. 0. 0. 0. 0. 0. 0. 0. 0. 0. 0.]
13.878742456436157,,6.42140671432153,-6.516039338657691,0.0,0.0,0.0,0.3859648318973287,0.9225134950440924,[ 4.63479471e-03 -1.30442145e-03  8.20123713e-05 -1.30442145e-03
  1.98725011e-03  6.17678744e-04  8.20123713e-05  6.17678744e-04
  9.34194808e-04  0.00000000e+00  0.00000000e+00  0.00000000e+00
  0.00000000e+00  0.00000000e+00  0.00000000e+00  0.00000000e+00
  0.00000000e+00  0.00000000e+00  0.00000000e+00  0.00000000e+00
  0.00000000e+00  0.00000000e+00  0.00000000e+00  0.00000000e+00
  0.00000000e+00  0.00000000e+00  0.00000000e+00  0.00000000e+00
  0.00000000e+00  0.00000000e+00  0.00000000e+00  0.00000000e+00
  0.00000000e+00  0.00000000e+00  0.00000000e+00  0.00000000e+00],1.5245238095238096,0.0,0.0,0.0,0.0,0.0,[0. 0. 0. 0. 0. 0. 0. 0. 0. 0. 0. 0. 0. 0. 0. 0. 0. 0. 0. 0. 0. 0. 0. 0.
 0. 0. 0. 0. 0. 0. 0. 0. 0. 0. 0. 0.]
13.890967607498169,,6.410416835951668,-6.492429787803857,0.0,0.0,0.0,0.39055235267723365,0.9205807187956294,[ 0.00500017 -0.00097776  0.00039376 -0.00097776  0.00139734  0.00039697
  0.00039376  0.00039697  0.00075036  0.          0.          0.
  0.          0.          0.          0.          0.          0.
  0.          0.          0.          0.          0.          0.
  0.          0.          0.          0.          0.          0.
  0.          0.          0.          0.          0.          0.        ],1.5264285714285715,0.0,0.0,0.0,0.0,0.0,[0. 0. 0. 0. 0. 0. 0. 0. 0. 0. 0. 0. 0. 0. 0. 0. 0. 0. 0. 0. 0. 0. 0. 0.
 0. 0. 0. 0. 0. 0. 0. 0. 0. 0. 0. 0.]
13.916388273239136,,6.409863776604693,-6.471669047482565,0.0,0.0,0.0,0.40076836458931453,0.9161794136218114,[ 0.00496848 -0.00059182  0.00039461 -0.00059182  0.00100378  0.00028034
  0.00039461  0.00028034  0.00051868  0.          0.          0.
  0.          0.          0.          0.          0.          0.
  0.          0.          0.          0.          0.          0.
  0.          0.          0.          0.          0.          0.
  0.          0.          0.          0.          0.          0.        ],1.5276190476190477,0.0,0.0,0.0,0.0,0.0,[0. 0. 0. 0. 0. 0. 0. 0. 0. 0. 0. 0. 0. 0. 0. 0. 0. 0. 0. 0. 0. 0. 0. 0.
 0. 0. 0. 0. 0. 0. 0. 0. 0. 0. 0. 0.]
13.9364595413208,,6.424455267735677,-6.425584732303426,0.0,0.0,0.0,0.4264756366217699,0.9044990499542032,[ 0.00442103 -0.0003936   0.00043957 -0.0003936   0.00125789  0.00047539
  0.00043957  0.00047539  0.00090192  0.          0.          0.
  0.          0.          0.          0.          0.          0.
  0.          0.          0.          0.          0.          0.
  0.          0.          0.          0.          0.          0.
  0.          0.          0.          0.          0.          0.        ],1.5273809523809523,0.0,0.0,0.0,0.0,0.0,[0. 0. 0. 0. 0. 0. 0. 0. 0. 0. 0. 0. 0. 0. 0. 0. 0. 0. 0. 0. 0. 0. 0. 0.
 0. 0. 0. 0. 0. 0. 0. 0. 0. 0. 0. 0.]
13.964784383773804,,6.435646496105016,-6.401100264971689,0.0,0.0,0.0,0.4407204809115979,0.8976443937913554,[ 0.00477141 -0.00019975  0.0004971  -0.00019975  0.00129176  0.00045248
  0.0004971   0.00045248  0.00068215  0.          0.          0.
  0.          0.          0.          0.          0.          0.
  0.          0.          0.          0.          0.          0.
  0.          0.          0.          0.          0.          0.
  0.          0.          0.          0.          0.          0.        ],1.5342857142857143,0.0,0.0,0.0,0.0,0.0,[0. 0. 0. 0. 0. 0. 0. 0. 0. 0. 0. 0. 0. 0. 0. 0. 0. 0. 0. 0. 0. 0. 0. 0.
 0. 0. 0. 0. 0. 0. 0. 0. 0. 0. 0. 0.]
13.979776859283447,,6.4551999273589065,-6.369992120079028,0.0,0.0,0.0,0.45657087582987493,0.8896870434843597,[ 0.00452375 -0.0002813   0.00049514 -0.0002813   0.00134048  0.0004652
  0.00049514  0.0004652   0.0008105   0.          0.          0.
  0.          0.          0.          0.          0.          0.
  0.          0.          0.          0.          0.          0.
  0.          0.          0.          0.          0.          0.
  0.          0.          0.          0.          0.          0.        ],1.5385714285714285,0.0,0.0,0.0,0.0,0.0,[0. 0. 0. 0. 0. 0. 0. 0. 0. 0. 0. 0. 0. 0. 0. 0. 0. 0. 0. 0. 0. 0. 0. 0.
 0. 0. 0. 0. 0. 0. 0. 0. 0. 0. 0. 0.]
13.991983413696289,,6.460629360679581,-6.349757412603612,0.0,0.0,0.0,0.4612488431322107,0.8872708181323204,[ 0.00449137 -0.00033036  0.00044878 -0.00033036  0.00157269  0.00050634
  0.00044878  0.00050634  0.00076775  0.          0.          0.
  0.          0.          0.          0.          0.          0.
  0.          0.          0.          0.          0.          0.
  0.          0.          0.          0.          0.          0.
  0.          0.          0.          0.          0.          0.        ],1.5366666666666666,0.0,0.0,0.0,0.0,0.0,[0. 0. 0. 0. 0. 0. 0. 0. 0. 0. 0. 0. 0. 0. 0. 0. 0. 0. 0. 0. 0. 0. 0. 0.
 0. 0. 0. 0. 0. 0. 0. 0. 0. 0. 0. 0.]
14.01297926902771,,6.466568269530142,-6.323046450641509,0.0,0.0,0.0,0.48330988468128977,0.8754493448334737,[ 0.00463113 -0.00030253  0.00048778 -0.00030253  0.00164408  0.00056002
  0.00048778  0.00056002  0.00073764  0.          0.          0.
  0.          0.          0.          0.          0.          0.
  0.          0.          0.          0.          0.          0.
  0.          0.          0.          0.          0.          0.
  0.          0.          0.          0.          0.          0.        ],1.5323809523809524,0.0,0.0,0.0,0.0,0.0,[0. 0. 0. 0. 0. 0. 0. 0. 0. 0. 0. 0. 0. 0. 0. 0. 0. 0. 0. 0. 0. 0. 0. 0.
 0. 0. 0. 0. 0. 0. 0. 0. 0. 0. 0. 0.]
14.03738260269165,,6.474234501471043,-6.297946105920443,0.0,0.0,0.0,0.49117812379872233,0.871059154536342,[ 0.00437618 -0.00012013  0.0004591  -0.00012013  0.00159441  0.00046331
  0.0004591   0.00046331  0.00054774  0.          0.          0.
  0.          0.          0.          0.          0.          0.
  0.          0.          0.          0.          0.          0.
  0.          0.          0.          0.          0.          0.
  0.          0.          0.          0.          0.          0.        ],1.5338095238095237,0.0,0.0,0.0,0.0,0.0,[0. 0. 0. 0. 0. 0. 0. 0. 0. 0. 0. 0. 0. 0. 0. 0. 0. 0. 0. 0. 0. 0. 0. 0.
 0. 0. 0. 0. 0. 0. 0. 0. 0. 0. 0. 0.]
14.062560081481934,,6.491148795282086,-6.270015652922288,0.0,0.0,0.0,0.5095711205529361,0.8604285403788191,[ 4.23933430e-03 -6.29846925e-05  3.88571860e-04 -6.29846925e-05
  1.92408048e-03  6.40315673e-04  3.88571860e-04  6.40315673e-04
  7.86121059e-04  0.00000000e+00  0.00000000e+00  0.00000000e+00
  0.00000000e+00  0.00000000e+00  0.00000000e+00  0.00000000e+00
  0.00000000e+00  0.00000000e+00  0.00000000e+00  0.00000000e+00
  0.00000000e+00  0.00000000e+00  0.00000000e+00  0.00000000e+00
  0.00000000e+00  0.00000000e+00  0.00000000e+00  0.00000000e+00
  0.00000000e+00  0.00000000e+00  0.00000000e+00  0.00000000e+00
  0.00000000e+00  0.00000000e+00  0.00000000e+00  0.00000000e+00],1.5345238095238096,0.0,0.0,0.0,0.0,0.0,[0. 0. 0. 0. 0. 0. 0. 0. 0. 0. 0. 0. 0. 0. 0. 0. 0. 0. 0. 0. 0. 0. 0. 0.
 0. 0. 0. 0. 0. 0. 0. 0. 0. 0. 0. 0.]
14.079948902130127,,6.492432051290441,-6.245846114637453,0.0,0.0,0.0,0.5287910073884731,0.8487520665689621,[ 0.00412453 -0.00013259  0.00044661 -0.00013259  0.00201081  0.00065382
  0.00044661  0.00065382  0.0006849   0.          0.          0.
  0.          0.          0.          0.          0.          0.
  0.          0.          0.          0.          0.          0.
  0.          0.          0.          0.          0.          0.
  0.          0.          0.          0.          0.          0.        ],1.5385714285714285,0.0,0.0,0.0,0.0,0.0,[0. 0. 0. 0. 0. 0. 0. 0. 0. 0. 0. 0. 0. 0. 0. 0. 0. 0. 0. 0. 0. 0. 0. 0.
 0. 0. 0. 0. 0. 0. 0. 0. 0. 0. 0. 0.]
14.103108644485474,,6.509054273435987,-6.215267264137062,0.0,0.0,0.0,0.5455847734077887,0.8380556395762586,[ 0.00435579 -0.00012063  0.00044279 -0.00012063  0.00218843  0.00082544
  0.00044279  0.00082544  0.00095033  0.          0.          0.
  0.          0.          0.          0.          0.          0.
  0.          0.          0.          0.          0.          0.
  0.          0.          0.          0.          0.          0.
  0.          0.          0.          0.          0.          0.        ],1.5414285714285714,0.0,0.0,0.0,0.0,0.0,[0. 0. 0. 0. 0. 0. 0. 0. 0. 0. 0. 0. 0. 0. 0. 0. 0. 0. 0. 0. 0. 0. 0. 0.
 0. 0. 0. 0. 0. 0. 0. 0. 0. 0. 0. 0.]
14.119182348251343,,6.503588394166981,-6.188878572304054,0.0,0.0,0.0,0.5651426705162547,0.8249931890396163,[ 0.00398075 -0.00028669  0.00024696 -0.00028669  0.00218256  0.00070533
  0.00024696  0.00070533  0.00080246  0.          0.          0.
  0.          0.          0.          0.          0.          0.
  0.          0.          0.          0.          0.          0.
  0.          0.          0.          0.          0.          0.
  0.          0.          0.          0.          0.          0.        ],1.5407142857142857,0.0,0.0,0.0,0.0,0.0,[0. 0. 0. 0. 0. 0. 0. 0. 0. 0. 0. 0. 0. 0. 0. 0. 0. 0. 0. 0. 0. 0. 0. 0.
 0. 0. 0. 0. 0. 0. 0. 0. 0. 0. 0. 0.]
14.144697904586792,,6.499273022398146,-6.152126186451641,0.0,0.0,0.0,0.5696749180265721,0.8218701161201922,[ 0.00442806 -0.00079053  0.00018492 -0.00079053  0.00242786  0.00069034
  0.00018492  0.00069034  0.00078696  0.          0.          0.
  0.          0.          0.          0.          0.          0.
  0.          0.          0.          0.          0.          0.
  0.          0.          0.          0.          0.          0.
  0.          0.          0.          0.          0.          0.        ],1.54,0.0,0.0,0.0,0.0,0.0,[0. 0. 0. 0. 0. 0. 0. 0. 0. 0. 0. 0. 0. 0. 0. 0. 0. 0. 0. 0. 0. 0. 0. 0.
 0. 0. 0. 0. 0. 0. 0. 0. 0. 0. 0. 0.]
14.165487051010132,,6.503463291035223,-6.125709255642735,0.0,0.0,0.0,0.5852836014253221,0.8108286538490143,[ 0.00424983 -0.00065294  0.00033815 -0.00065294  0.00229367  0.00071043
  0.00033815  0.00071043  0.00092263  0.          0.          0.
  0.          0.          0.          0.          0.          0.
  0.          0.          0.          0.          0.          0.
  0.          0.          0.          0.          0.          0.
  0.          0.          0.          0.          0.          0.        ],1.535,0.0,0.0,0.0,0.0,0.0,[0. 0. 0. 0. 0. 0. 0. 0. 0. 0. 0. 0. 0. 0. 0. 0. 0. 0. 0. 0. 0. 0. 0. 0.
 0. 0. 0. 0. 0. 0. 0. 0. 0. 0. 0. 0.]
14.19688367843628,,6.513699908161512,-6.100109315066468,0.0,0.0,0.0,0.5958815204314281,0.8030723588869995,[ 0.00439493 -0.00045063  0.00029197 -0.00045063  0.0024064   0.00074738
  0.00029197  0.00074738  0.00087577  0.          0.          0.
  0.          0.          0.          0.          0.          0.
  0.          0.          0.          0.          0.          0.
  0.          0.          0.          0.          0.          0.
  0.          0.          0.          0.          0.          0.        ],1.5338095238095237,0.0,0.0,0.0,0.0,0.0,[0. 0. 0. 0. 0. 0. 0. 0. 0. 0. 0. 0. 0. 0. 0. 0. 0. 0. 0. 0. 0. 0. 0. 0.
 0. 0. 0. 0. 0. 0. 0. 0. 0. 0. 0. 0.]
14.219850778579712,,6.5032968159298585,-6.069664270716316,0.0,0.0,0.0,0.6120499685251375,0.7908190918461555,[ 0.00498506 -0.00074291  0.00031756 -0.00074291  0.00249149  0.00070198
  0.00031756  0.00070198  0.00077463  0.          0.          0.
  0.          0.          0.          0.          0.          0.
  0.          0.          0.          0.          0.          0.
  0.          0.          0.          0.          0.          0.
  0.          0.          0.          0.          0.          0.        ],1.532857142857143,0.0,0.0,0.0,0.0,0.0,[0. 0. 0. 0. 0. 0. 0. 0. 0. 0. 0. 0. 0. 0. 0. 0. 0. 0. 0. 0. 0. 0. 0. 0.
 0. 0. 0. 0. 0. 0. 0. 0. 0. 0. 0. 0.]
14.24418044090271,,6.5048486351554065,-6.014383448228405,0.0,0.0,0.0,0.6323112808078655,0.7747144274912638,[ 0.00497772 -0.00040057  0.00040119 -0.00040057  0.00245169  0.00073757
  0.00040119  0.00073757  0.00090127  0.          0.          0.
  0.          0.          0.          0.          0.          0.
  0.          0.          0.          0.          0.          0.
  0.          0.          0.          0.          0.          0.
  0.          0.          0.          0.          0.          0.        ],1.5395238095238095,0.0,0.0,0.0,0.0,0.0,[0. 0. 0. 0. 0. 0. 0. 0. 0. 0. 0. 0. 0. 0. 0. 0. 0. 0. 0. 0. 0. 0. 0. 0.
 0. 0. 0. 0. 0. 0. 0. 0. 0. 0. 0. 0.]
14.268628597259521,,6.503519367181175,-5.979982685269601,0.0,0.0,0.0,0.6624737176962806,0.7490851576167217,[ 0.00468811 -0.00064474  0.00030394 -0.00064474  0.00242786  0.00078326
  0.00030394  0.00078326  0.00100503  0.          0.          0.
  0.          0.          0.          0.          0.          0.
  0.          0.          0.          0.          0.          0.
  0.          0.          0.          0.          0.          0.
  0.          0.          0.          0.          0.          0.        ],1.5445238095238096,0.0,0.0,0.0,0.0,0.0,[0. 0. 0. 0. 0. 0. 0. 0. 0. 0. 0. 0. 0. 0. 0. 0. 0. 0. 0. 0. 0. 0. 0. 0.
 0. 0. 0. 0. 0. 0. 0. 0. 0. 0. 0. 0.]
14.284846305847168,,6.498302592571182,-5.949474509564299,0.0,0.0,0.0,0.6663798057711094,0.7456124693568761,[ 0.00470924 -0.00087819  0.00029036 -0.00087819  0.00253062  0.00081036
  0.00029036  0.00081036  0.00106871  0.          0.          0.
  0.          0.          0.          0.          0.          0.
  0.          0.          0.          0.          0.          0.
  0.          0.          0.          0.          0.          0.
  0.          0.          0.          0.          0.          0.        ],1.5452380952380953,0.0,0.0,0.0,0.0,0.0,[0. 0. 0. 0. 0. 0. 0. 0. 0. 0. 0. 0. 0. 0. 0. 0. 0. 0. 0. 0. 0. 0. 0. 0.
 0. 0. 0. 0. 0. 0. 0. 0. 0. 0. 0. 0.]
14.305347442626953,,6.509099979261933,-5.926921168534481,0.0,0.0,0.0,0.6752827375305016,0.7375589633333132,[ 0.00539801 -0.00085734  0.00038621 -0.00085734  0.00266197  0.00079519
  0.00038621  0.00079519  0.00100198  0.          0.          0.
  0.          0.          0.          0.          0.          0.
  0.          0.          0.          0.          0.          0.
  0.          0.          0.          0.          0.          0.
  0.          0.          0.          0.          0.          0.        ],1.5426190476190476,0.0,0.0,0.0,0.0,0.0,[0. 0. 0. 0. 0. 0. 0. 0. 0. 0. 0. 0. 0. 0. 0. 0. 0. 0. 0. 0. 0. 0. 0. 0.
 0. 0. 0. 0. 0. 0. 0. 0. 0. 0. 0. 0.]
14.323138236999512,,6.506089377139739,-5.90313961522928,0.0,0.0,0.0,0.6784777004432128,0.7346209975227295,[ 0.0054328  -0.00097484  0.00032668 -0.00097484  0.00297924  0.00089516
  0.00032668  0.00089516  0.00099824  0.          0.          0.
  0.          0.          0.          0.          0.          0.
  0.          0.          0.          0.          0.          0.
  0.          0.          0.          0.          0.          0.
  0.          0.          0.          0.          0.          0.        ],1.5364285714285715,0.0,0.0,0.0,0.0,0.0,[0. 0. 0. 0. 0. 0. 0. 0. 0. 0. 0. 0. 0. 0. 0. 0. 0. 0. 0. 0. 0. 0. 0. 0.
 0. 0. 0. 0. 0. 0. 0. 0. 0. 0. 0. 0.]
14.347615480422974,,6.501106313656332,-5.881555405018478,0.0,0.0,0.0,0.7003942381971705,0.7137561986422291,[ 0.00591935 -0.0010483   0.00030382 -0.0010483   0.00297956  0.00089243
  0.00030382  0.00089243  0.00110071  0.          0.          0.
  0.          0.          0.          0.          0.          0.
  0.          0.          0.          0.          0.          0.
  0.          0.          0.          0.          0.          0.
  0.          0.          0.          0.          0.          0.        ],1.5395238095238095,0.0,0.0,0.0,0.0,0.0,[0. 0. 0. 0. 0. 0. 0. 0. 0. 0. 0. 0. 0. 0. 0. 0. 0. 0. 0. 0. 0. 0. 0. 0.
 0. 0. 0. 0. 0. 0. 0. 0. 0. 0. 0. 0.]
14.371023178100586,,6.509150241325636,-5.8505031466471795,0.0,0.0,0.0,0.7097921316124028,0.7044111937647792,[ 0.00670781 -0.0017581   0.00024268 -0.0017581   0.00323667  0.00086961
  0.00024268  0.00086961  0.00097041  0.          0.          0.
  0.          0.          0.          0.          0.          0.
  0.          0.          0.          0.          0.          0.
  0.          0.          0.          0.          0.          0.
  0.          0.          0.          0.          0.          0.        ],1.536190476190476,0.0,0.0,0.0,0.0,0.0,[0. 0. 0. 0. 0. 0. 0. 0. 0. 0. 0. 0. 0. 0. 0. 0. 0. 0. 0. 0. 0. 0. 0. 0.
 0. 0. 0. 0. 0. 0. 0. 0. 0. 0. 0. 0.]
14.392447471618652,,6.484492787395091,-5.831908686215368,0.0,0.0,0.0,0.7216687825685012,0.6922385197791997,[ 6.53801231e-03 -1.77672780e-03 -8.93646147e-05 -1.77672780e-03
  3.59384501e-03  9.50513810e-04 -8.93646147e-05  9.50513810e-04
  1.09640314e-03  0.00000000e+00  0.00000000e+00  0.00000000e+00
  0.00000000e+00  0.00000000e+00  0.00000000e+00  0.00000000e+00
  0.00000000e+00  0.00000000e+00  0.00000000e+00  0.00000000e+00
  0.00000000e+00  0.00000000e+00  0.00000000e+00  0.00000000e+00
  0.00000000e+00  0.00000000e+00  0.00000000e+00  0.00000000e+00
  0.00000000e+00  0.00000000e+00  0.00000000e+00  0.00000000e+00
  0.00000000e+00  0.00000000e+00  0.00000000e+00  0.00000000e+00],1.534047619047619,0.0,0.0,0.0,0.0,0.0,[0. 0. 0. 0. 0. 0. 0. 0. 0. 0. 0. 0. 0. 0. 0. 0. 0. 0. 0. 0. 0. 0. 0. 0.
 0. 0. 0. 0. 0. 0. 0. 0. 0. 0. 0. 0.]
14.409076452255249,,6.4835733369320705,-5.800815004452548,0.0,0.0,0.0,0.7383672089568366,0.6743988914116713,[ 5.97719833e-03 -1.74616719e-03 -8.98550449e-06 -1.74616719e-03
  3.85849677e-03  1.12549278e-03 -8.98550449e-06  1.12549278e-03
  1.08237628e-03  0.00000000e+00  0.00000000e+00  0.00000000e+00
  0.00000000e+00  0.00000000e+00  0.00000000e+00  0.00000000e+00
  0.00000000e+00  0.00000000e+00  0.00000000e+00  0.00000000e+00
  0.00000000e+00  0.00000000e+00  0.00000000e+00  0.00000000e+00
  0.00000000e+00  0.00000000e+00  0.00000000e+00  0.00000000e+00
  0.00000000e+00  0.00000000e+00  0.00000000e+00  0.00000000e+00
  0.00000000e+00  0.00000000e+00  0.00000000e+00  0.00000000e+00],1.5280952380952382,0.0,0.0,0.0,0.0,0.0,[0. 0. 0. 0. 0. 0. 0. 0. 0. 0. 0. 0. 0. 0. 0. 0. 0. 0. 0. 0. 0. 0. 0. 0.
 0. 0. 0. 0. 0. 0. 0. 0. 0. 0. 0. 0.]
14.431677103042603,,6.483264449415256,-5.776514856572274,0.0,0.0,0.0,0.7453328067353874,0.6666925882323499,[ 0.00618111 -0.00157222  0.00011392 -0.00157222  0.00342096  0.00097727
  0.00011392  0.00097727  0.00099241  0.          0.          0.
  0.          0.          0.          0.          0.          0.
  0.          0.          0.          0.          0.          0.
  0.          0.          0.          0.          0.          0.
  0.          0.          0.          0.          0.          0.        ],1.5297619047619047,0.0,0.0,0.0,0.0,0.0,[0. 0. 0. 0. 0. 0. 0. 0. 0. 0. 0. 0. 0. 0. 0. 0. 0. 0. 0. 0. 0. 0. 0. 0.
 0. 0. 0. 0. 0. 0. 0. 0. 0. 0. 0. 0.]
14.452277898788452,,6.468074639460639,-5.751699157009072,0.0,0.0,0.0,0.7664902129731729,0.6422559874507516,[ 5.05452886e-03 -1.43040331e-03 -6.61566813e-05 -1.43040331e-03
  3.49811538e-03  1.14281138e-03 -6.61566813e-05  1.14281138e-03
  1.12809263e-03  0.00000000e+00  0.00000000e+00  0.00000000e+00
  0.00000000e+00  0.00000000e+00  0.00000000e+00  0.00000000e+00
  0.00000000e+00  0.00000000e+00  0.00000000e+00  0.00000000e+00
  0.00000000e+00  0.00000000e+00  0.00000000e+00  0.00000000e+00
  0.00000000e+00  0.00000000e+00  0.00000000e+00  0.00000000e+00
  0.00000000e+00  0.00000000e+00  0.00000000e+00  0.00000000e+00
  0.00000000e+00  0.00000000e+00  0.00000000e+00  0.00000000e+00],1.53,0.0,0.0,0.0,0.0,0.0,[0. 0. 0. 0. 0. 0. 0. 0. 0. 0. 0. 0. 0. 0. 0. 0. 0. 0. 0. 0. 0. 0. 0. 0.
 0. 0. 0. 0. 0. 0. 0. 0. 0. 0. 0. 0.]
14.476577520370483,,6.45435361332488,-5.711937209481064,0.0,0.0,0.0,0.7710651269221047,0.6367562877935314,[ 5.45564008e-03 -1.56496567e-03  4.21901914e-06 -1.56496567e-03
  3.51293568e-03  1.05349911e-03  4.21901914e-06  1.05349911e-03
  1.10467206e-03  0.00000000e+00  0.00000000e+00  0.00000000e+00
  0.00000000e+00  0.00000000e+00  0.00000000e+00  0.00000000e+00
  0.00000000e+00  0.00000000e+00  0.00000000e+00  0.00000000e+00
  0.00000000e+00  0.00000000e+00  0.00000000e+00  0.00000000e+00
  0.00000000e+00  0.00000000e+00  0.00000000e+00  0.00000000e+00
  0.00000000e+00  0.00000000e+00  0.00000000e+00  0.00000000e+00
  0.00000000e+00  0.00000000e+00  0.00000000e+00  0.00000000e+00],1.539047619047619,0.0,0.0,0.0,0.0,0.0,[0. 0. 0. 0. 0. 0. 0. 0. 0. 0. 0. 0. 0. 0. 0. 0. 0. 0. 0. 0. 0. 0. 0. 0.
 0. 0. 0. 0. 0. 0. 0. 0. 0. 0. 0. 0.]
14.499141216278076,,6.440786078713063,-5.671379189724245,0.0,0.0,0.0,0.7789734144079595,0.6270569508789496,[ 5.36202485e-03 -1.63718654e-03 -8.40138896e-05 -1.63718654e-03
  3.19378538e-03  8.93086233e-04 -8.40138896e-05  8.93086233e-04
  9.33218366e-04  0.00000000e+00  0.00000000e+00  0.00000000e+00
  0.00000000e+00  0.00000000e+00  0.00000000e+00  0.00000000e+00
  0.00000000e+00  0.00000000e+00  0.00000000e+00  0.00000000e+00
  0.00000000e+00  0.00000000e+00  0.00000000e+00  0.00000000e+00
  0.00000000e+00  0.00000000e+00  0.00000000e+00  0.00000000e+00
  0.00000000e+00  0.00000000e+00  0.00000000e+00  0.00000000e+00
  0.00000000e+00  0.00000000e+00  0.00000000e+00  0.00000000e+00],1.5452380952380953,0.0,0.0,0.0,0.0,0.0,[0. 0. 0. 0. 0. 0. 0. 0. 0. 0. 0. 0. 0. 0. 0. 0. 0. 0. 0. 0. 0. 0. 0. 0.
 0. 0. 0. 0. 0. 0. 0. 0. 0. 0. 0. 0.]
14.520662307739258,,6.4215176907312586,-5.638860146975894,0.0,0.0,0.0,0.8001741979890041,0.5997676657445398,[ 5.28693311e-03 -1.39741675e-03 -2.00535881e-05 -1.39741675e-03
  3.22311769e-03  1.06228415e-03 -2.00535881e-05  1.06228415e-03
  1.19038005e-03  0.00000000e+00  0.00000000e+00  0.00000000e+00
  0.00000000e+00  0.00000000e+00  0.00000000e+00  0.00000000e+00
  0.00000000e+00  0.00000000e+00  0.00000000e+00  0.00000000e+00
  0.00000000e+00  0.00000000e+00  0.00000000e+00  0.00000000e+00
  0.00000000e+00  0.00000000e+00  0.00000000e+00  0.00000000e+00
  0.00000000e+00  0.00000000e+00  0.00000000e+00  0.00000000e+00
  0.00000000e+00  0.00000000e+00  0.00000000e+00  0.00000000e+00],1.5445238095238096,0.0,0.0,0.0,0.0,0.0,[0. 0. 0. 0. 0. 0. 0. 0. 0. 0. 0. 0. 0. 0. 0. 0. 0. 0. 0. 0. 0. 0. 0. 0.
 0. 0. 0. 0. 0. 0. 0. 0. 0. 0. 0. 0.]
14.55060076713562,,6.424616303050422,-5.619848180442322,0.0,0.0,0.0,0.8062367748526756,0.5915929875135066,[ 0.00540041 -0.00129878  0.00010417 -0.00129878  0.00321895  0.00100705
  0.00010417  0.00100705  0.0010433   0.          0.          0.
  0.          0.          0.          0.          0.          0.
  0.          0.          0.          0.          0.          0.
  0.          0.          0.          0.          0.          0.
  0.          0.          0.          0.          0.          0.        ],1.5376190476190477,0.0,0.0,0.0,0.0,0.0,[0. 0. 0. 0. 0. 0. 0. 0. 0. 0. 0. 0. 0. 0. 0. 0. 0. 0. 0. 0. 0. 0. 0. 0.
 0. 0. 0. 0. 0. 0. 0. 0. 0. 0. 0. 0.]
14.570060968399048,,6.416678115289563,-5.6050159673038795,0.0,0.0,0.0,0.828448625622779,0.5600650629201294,[ 4.39859425e-03 -8.45220635e-04 -2.32684641e-05 -8.45220635e-04
  2.98697502e-03  9.83533950e-04 -2.32684641e-05  9.83533950e-04
  1.09417723e-03  0.00000000e+00  0.00000000e+00  0.00000000e+00
  0.00000000e+00  0.00000000e+00  0.00000000e+00  0.00000000e+00
  0.00000000e+00  0.00000000e+00  0.00000000e+00  0.00000000e+00
  0.00000000e+00  0.00000000e+00  0.00000000e+00  0.00000000e+00
  0.00000000e+00  0.00000000e+00  0.00000000e+00  0.00000000e+00
  0.00000000e+00  0.00000000e+00  0.00000000e+00  0.00000000e+00
  0.00000000e+00  0.00000000e+00  0.00000000e+00  0.00000000e+00],1.5333333333333334,0.0,0.0,0.0,0.0,0.0,[0. 0. 0. 0. 0. 0. 0. 0. 0. 0. 0. 0. 0. 0. 0. 0. 0. 0. 0. 0. 0. 0. 0. 0.
 0. 0. 0. 0. 0. 0. 0. 0. 0. 0. 0. 0.]
14.599961280822754,,6.391235478872493,-5.555489970401076,0.0,0.0,0.0,0.8327251631594349,0.5536865563124072,[ 0.00451024 -0.00069688  0.00017504 -0.00069688  0.00322845  0.00106566
  0.00017504  0.00106566  0.00108292  0.          0.          0.
  0.          0.          0.          0.          0.          0.
  0.          0.          0.          0.          0.          0.
  0.          0.          0.          0.          0.          0.
  0.          0.          0.          0.          0.          0.        ],1.5264285714285715,0.0,0.0,0.0,0.0,0.0,[0. 0. 0. 0. 0. 0. 0. 0. 0. 0. 0. 0. 0. 0. 0. 0. 0. 0. 0. 0. 0. 0. 0. 0.
 0. 0. 0. 0. 0. 0. 0. 0. 0. 0. 0. 0.]
14.615755796432495,,6.381075472199397,-5.535863149959102,0.0,0.0,0.0,0.8374630403958965,0.5464939670031692,[ 0.0049922  -0.00082818  0.0001299  -0.00082818  0.00311626  0.00101496
  0.0001299   0.00101496  0.00105824  0.          0.          0.
  0.          0.          0.          0.          0.          0.
  0.          0.          0.          0.          0.          0.
  0.          0.          0.          0.          0.          0.
  0.          0.          0.          0.          0.          0.        ],1.5285714285714285,0.0,0.0,0.0,0.0,0.0,[0. 0. 0. 0. 0. 0. 0. 0. 0. 0. 0. 0. 0. 0. 0. 0. 0. 0. 0. 0. 0. 0. 0. 0.
 0. 0. 0. 0. 0. 0. 0. 0. 0. 0. 0. 0.]
14.641383409500122,,6.352710179287945,-5.5134115774227395,0.0,0.0,0.0,0.8552412419239561,0.5182300822148104,[ 0.00432267 -0.00103381 -0.00012267 -0.00103381  0.00325437  0.00108865
 -0.00012267  0.00108865  0.00107777  0.          0.          0.
  0.          0.          0.          0.          0.          0.
  0.          0.          0.          0.          0.          0.
  0.          0.          0.          0.          0.          0.
  0.          0.          0.          0.          0.          0.        ],1.5307142857142857,0.0,0.0,0.0,0.0,0.0,[0. 0. 0. 0. 0. 0. 0. 0. 0. 0. 0. 0. 0. 0. 0. 0. 0. 0. 0. 0. 0. 0. 0. 0.
 0. 0. 0. 0. 0. 0. 0. 0. 0. 0. 0. 0.]
14.658035516738892,,6.335725100721828,-5.500007047298249,0.0,0.0,0.0,0.8586594901347218,0.5125464661877787,[ 3.91783753e-03 -9.48651976e-04 -5.65174502e-05 -9.48651976e-04
  3.06931378e-03  9.62680519e-04 -5.65174502e-05  9.62680519e-04
  9.48258753e-04  0.00000000e+00  0.00000000e+00  0.00000000e+00
  0.00000000e+00  0.00000000e+00  0.00000000e+00  0.00000000e+00
  0.00000000e+00  0.00000000e+00  0.00000000e+00  0.00000000e+00
  0.00000000e+00  0.00000000e+00  0.00000000e+00  0.00000000e+00
  0.00000000e+00  0.00000000e+00  0.00000000e+00  0.00000000e+00
  0.00000000e+00  0.00000000e+00  0.00000000e+00  0.00000000e+00
  0.00000000e+00  0.00000000e+00  0.00000000e+00  0.00000000e+00],1.5311904761904762,0.0,0.0,0.0,0.0,0.0,[0. 0. 0. 0. 0. 0. 0. 0. 0. 0. 0. 0. 0. 0. 0. 0. 0. 0. 0. 0. 0. 0. 0. 0.
 0. 0. 0. 0. 0. 0. 0. 0. 0. 0. 0. 0.]
14.677942991256714,,6.321319268545039,-5.482861242379056,0.0,0.0,0.0,0.8599152437009443,0.5104368458984377,[ 4.11222435e-03 -8.14689939e-04 -9.22444865e-05 -8.14689939e-04
  2.87909024e-03  1.01239105e-03 -9.22444865e-05  1.01239105e-03
  1.07349732e-03  0.00000000e+00  0.00000000e+00  0.00000000e+00
  0.00000000e+00  0.00000000e+00  0.00000000e+00  0.00000000e+00
  0.00000000e+00  0.00000000e+00  0.00000000e+00  0.00000000e+00
  0.00000000e+00  0.00000000e+00  0.00000000e+00  0.00000000e+00
  0.00000000e+00  0.00000000e+00  0.00000000e+00  0.00000000e+00
  0.00000000e+00  0.00000000e+00  0.00000000e+00  0.00000000e+00
  0.00000000e+00  0.00000000e+00  0.00000000e+00  0.00000000e+00],1.529047619047619,0.0,0.0,0.0,0.0,0.0,[0. 0. 0. 0. 0. 0. 0. 0. 0. 0. 0. 0. 0. 0. 0. 0. 0. 0. 0. 0. 0. 0. 0. 0.
 0. 0. 0. 0. 0. 0. 0. 0. 0. 0. 0. 0.]
14.697871685028076,,6.306496293009697,-5.461565131548048,0.0,0.0,0.0,0.8798512589965587,0.4752491578552987,[ 0.0043934  -0.00103342 -0.00018828 -0.00103342  0.00301671  0.00101519
 -0.00018828  0.00101519  0.00102181  0.          0.          0.
  0.          0.          0.          0.          0.          0.
  0.          0.          0.          0.          0.          0.
  0.          0.          0.          0.          0.          0.
  0.          0.          0.          0.          0.          0.        ],1.5278571428571428,0.0,0.0,0.0,0.0,0.0,[0. 0. 0. 0. 0. 0. 0. 0. 0. 0. 0. 0. 0. 0. 0. 0. 0. 0. 0. 0. 0. 0. 0. 0.
 0. 0. 0. 0. 0. 0. 0. 0. 0. 0. 0. 0.]
14.723836183547974,,6.296484990476536,-5.44088495003786,0.0,0.0,0.0,0.8819957773079986,0.4712573063739801,[ 0.00441752 -0.00137472 -0.00019839 -0.00137472  0.00291637  0.00091467
 -0.00019839  0.00091467  0.00100073  0.          0.          0.
  0.          0.          0.          0.          0.          0.
  0.          0.          0.          0.          0.          0.
  0.          0.          0.          0.          0.          0.
  0.          0.          0.          0.          0.          0.        ],1.5314285714285714,0.0,0.0,0.0,0.0,0.0,[0. 0. 0. 0. 0. 0. 0. 0. 0. 0. 0. 0. 0. 0. 0. 0. 0. 0. 0. 0. 0. 0. 0. 0.
 0. 0. 0. 0. 0. 0. 0. 0. 0. 0. 0. 0.]
14.738981008529663,,6.263994249704541,-5.421451558154377,0.0,0.0,0.0,0.8966283377257854,0.44278394730059356,[ 0.00461335 -0.00148763 -0.00043059 -0.00148763  0.00311632  0.00103924
 -0.00043059  0.00103924  0.00120519  0.          0.          0.
  0.          0.          0.          0.          0.          0.
  0.          0.          0.          0.          0.          0.
  0.          0.          0.          0.          0.          0.
  0.          0.          0.          0.          0.          0.        ],1.5323809523809524,0.0,0.0,0.0,0.0,0.0,[0. 0. 0. 0. 0. 0. 0. 0. 0. 0. 0. 0. 0. 0. 0. 0. 0. 0. 0. 0. 0. 0. 0. 0.
 0. 0. 0. 0. 0. 0. 0. 0. 0. 0. 0. 0.]
14.754463195800781,,6.242821661322019,-5.40697780601553,0.0,0.0,0.0,0.8996987510332876,0.43651134852274176,[ 0.00468151 -0.00156126 -0.00032121 -0.00156126  0.00311297  0.00106464
 -0.00032121  0.00106464  0.00107645  0.          0.          0.
  0.          0.          0.          0.          0.          0.
  0.          0.          0.          0.          0.          0.
  0.          0.          0.          0.          0.          0.
  0.          0.          0.          0.          0.          0.        ],1.534047619047619,0.0,0.0,0.0,0.0,0.0,[0. 0. 0. 0. 0. 0. 0. 0. 0. 0. 0. 0. 0. 0. 0. 0. 0. 0. 0. 0. 0. 0. 0. 0.
 0. 0. 0. 0. 0. 0. 0. 0. 0. 0. 0. 0.]
14.773957967758179,,6.2316995380445235,-5.3985315933726765,0.0,0.0,0.0,0.9004230128162902,0.43501539971687764,[ 0.00435808 -0.00134457 -0.00027762 -0.00134457  0.00281274  0.00093129
 -0.00027762  0.00093129  0.00101356  0.          0.          0.
  0.          0.          0.          0.          0.          0.
  0.          0.          0.          0.          0.          0.
  0.          0.          0.          0.          0.          0.
  0.          0.          0.          0.          0.          0.        ],1.5457142857142858,0.0,0.0,0.0,0.0,0.0,[0. 0. 0. 0. 0. 0. 0. 0. 0. 0. 0. 0. 0. 0. 0. 0. 0. 0. 0. 0. 0. 0. 0. 0.
 0. 0. 0. 0. 0. 0. 0. 0. 0. 0. 0. 0.]
14.805892705917358,,6.209078852559188,-5.370283724342984,0.0,0.0,0.0,0.9100417311885719,0.41451664320664744,[ 0.0039885  -0.00133157 -0.00049745 -0.00133157  0.00273417  0.00099029
 -0.00049745  0.00099029  0.00155506  0.          0.          0.
  0.          0.          0.          0.          0.          0.
  0.          0.          0.          0.          0.          0.
  0.          0.          0.          0.          0.          0.
  0.          0.          0.          0.          0.          0.        ],1.5623809523809524,0.0,0.0,0.0,0.0,0.0,[0. 0. 0. 0. 0. 0. 0. 0. 0. 0. 0. 0. 0. 0. 0. 0. 0. 0. 0. 0. 0. 0. 0. 0.
 0. 0. 0. 0. 0. 0. 0. 0. 0. 0. 0. 0.]
14.8381667137146,,6.165837612820417,-5.3518461633215795,0.0,0.0,0.0,0.924863247080893,0.38029984775041287,[ 0.00441833 -0.00129997 -0.00054787 -0.00129997  0.00291535  0.00117358
 -0.00054787  0.00117358  0.00176027  0.          0.          0.
  0.          0.          0.          0.          0.          0.
  0.          0.          0.          0.          0.          0.
  0.          0.          0.          0.          0.          0.
  0.          0.          0.          0.          0.          0.        ],1.5626190476190476,0.0,0.0,0.0,0.0,0.0,[0. 0. 0. 0. 0. 0. 0. 0. 0. 0. 0. 0. 0. 0. 0. 0. 0. 0. 0. 0. 0. 0. 0. 0.
 0. 0. 0. 0. 0. 0. 0. 0. 0. 0. 0. 0.]
14.872741222381592,,6.115987359335168,-5.317418472693368,0.0,0.0,0.0,0.9344061358776968,0.3562094513542715,[ 0.00494448 -0.00145403 -0.00027704 -0.00145403  0.00283349  0.00097726
 -0.00027704  0.00097726  0.00115591  0.          0.          0.
  0.          0.          0.          0.          0.          0.
  0.          0.          0.          0.          0.          0.
  0.          0.          0.          0.          0.          0.
  0.          0.          0.          0.          0.          0.        ],1.575,0.0,0.0,0.0,0.0,0.0,[0. 0. 0. 0. 0. 0. 0. 0. 0. 0. 0. 0. 0. 0. 0. 0. 0. 0. 0. 0. 0. 0. 0. 0.
 0. 0. 0. 0. 0. 0. 0. 0. 0. 0. 0. 0.]
14.889623880386353,,6.08182869786127,-5.2899391457931495,0.0,0.0,0.0,0.9423441246695922,0.3346454103983798,[ 0.00519763 -0.00160363 -0.00057543 -0.00160363  0.00281318  0.00102808
 -0.00057543  0.00102808  0.0016802   0.          0.          0.
  0.          0.          0.          0.          0.          0.
  0.          0.          0.          0.          0.          0.
  0.          0.          0.          0.          0.          0.
  0.          0.          0.          0.          0.          0.        ],1.5869047619047618,0.0,0.0,0.0,0.0,0.0,[0. 0. 0. 0. 0. 0. 0. 0. 0. 0. 0. 0. 0. 0. 0. 0. 0. 0. 0. 0. 0. 0. 0. 0.
 0. 0. 0. 0. 0. 0. 0. 0. 0. 0. 0. 0.]
14.912672758102417,,6.050135197248517,-5.280368623095756,0.0,0.0,0.0,0.9484441763683413,0.3169442290261468,[ 0.0050878  -0.00161743 -0.00042    -0.00161743  0.00258563  0.00085391
 -0.00042     0.00085391  0.00107658  0.          0.          0.
  0.          0.          0.          0.          0.          0.
  0.          0.          0.          0.          0.          0.
  0.          0.          0.          0.          0.          0.
  0.          0.          0.          0.          0.          0.        ],1.589047619047619,0.0,0.0,0.0,0.0,0.0,[0. 0. 0. 0. 0. 0. 0. 0. 0. 0. 0. 0. 0. 0. 0. 0. 0. 0. 0. 0. 0. 0. 0. 0.
 0. 0. 0. 0. 0. 0. 0. 0. 0. 0. 0. 0.]
14.937572240829468,,5.998452707148014,-5.265503449372491,0.0,0.0,0.0,0.9584986762813018,0.28509697923161564,[ 0.00510163 -0.00161417 -0.00071037 -0.00161417  0.00249411  0.00086912
 -0.00071037  0.00086912  0.00137502  0.          0.          0.
  0.          0.          0.          0.          0.          0.
  0.          0.          0.          0.          0.          0.
  0.          0.          0.          0.          0.          0.
  0.          0.          0.          0.          0.          0.        ],1.592142857142857,0.0,0.0,0.0,0.0,0.0,[0. 0. 0. 0. 0. 0. 0. 0. 0. 0. 0. 0. 0. 0. 0. 0. 0. 0. 0. 0. 0. 0. 0. 0.
 0. 0. 0. 0. 0. 0. 0. 0. 0. 0. 0. 0.]
14.955986738204956,,5.9666858190058525,-5.254165518446545,0.0,0.0,0.0,0.9608951591830489,0.27691242850147246,[ 0.00453895 -0.00182645 -0.00060843 -0.00182645  0.00288668  0.00090441
 -0.00060843  0.00090441  0.00103854  0.          0.          0.
  0.          0.          0.          0.          0.          0.
  0.          0.          0.          0.          0.          0.
  0.          0.          0.          0.          0.          0.
  0.          0.          0.          0.          0.          0.        ],1.5978571428571429,0.0,0.0,0.0,0.0,0.0,[0. 0. 0. 0. 0. 0. 0. 0. 0. 0. 0. 0. 0. 0. 0. 0. 0. 0. 0. 0. 0. 0. 0. 0.
 0. 0. 0. 0. 0. 0. 0. 0. 0. 0. 0. 0.]
14.975600719451904,,5.927250655188509,-5.249442312158388,0.0,0.0,0.0,0.9689944396767497,0.2470825284708368,[ 0.00424474 -0.00176666 -0.00062247 -0.00176666  0.00295577  0.0010574
 -0.00062247  0.0010574   0.00125304  0.          0.          0.
  0.          0.          0.          0.          0.          0.
  0.          0.          0.          0.          0.          0.
  0.          0.          0.          0.          0.          0.
  0.          0.          0.          0.          0.          0.        ],1.6073809523809524,0.0,0.0,0.0,0.0,0.0,[0. 0. 0. 0. 0. 0. 0. 0. 0. 0. 0. 0. 0. 0. 0. 0. 0. 0. 0. 0. 0. 0. 0. 0.
 0. 0. 0. 0. 0. 0. 0. 0. 0. 0. 0. 0.]
14.995495557785034,,5.902216473040654,-5.2439822945967665,0.0,0.0,0.0,0.9692489184101518,0.24608237271440403,[ 0.00440972 -0.00167707 -0.00064084 -0.00167707  0.002666    0.00097013
 -0.00064084  0.00097013  0.00123306  0.          0.          0.
  0.          0.          0.          0.          0.          0.
  0.          0.          0.          0.          0.          0.
  0.          0.          0.          0.          0.          0.
  0.          0.          0.          0.          0.          0.        ],1.6133333333333333,0.0,0.0,0.0,0.0,0.0,[0. 0. 0. 0. 0. 0. 0. 0. 0. 0. 0. 0. 0. 0. 0. 0. 0. 0. 0. 0. 0. 0. 0. 0.
 0. 0. 0. 0. 0. 0. 0. 0. 0. 0. 0. 0.]
15.024171352386475,,5.897480263513959,-5.230982522323646,0.0,0.0,0.0,0.971745548874589,0.23603090526967824,[ 0.00504088 -0.00175501 -0.0003901  -0.00175501  0.0025123   0.00081506
 -0.0003901   0.00081506  0.00112344  0.          0.          0.
  0.          0.          0.          0.          0.          0.
  0.          0.          0.          0.          0.          0.
  0.          0.          0.          0.          0.          0.
  0.          0.          0.          0.          0.          0.        ],1.6230952380952381,0.0,0.0,0.0,0.0,0.0,[0. 0. 0. 0. 0. 0. 0. 0. 0. 0. 0. 0. 0. 0. 0. 0. 0. 0. 0. 0. 0. 0. 0. 0.
 0. 0. 0. 0. 0. 0. 0. 0. 0. 0. 0. 0.]
15.037947177886963,,5.867130457727005,-5.223317708837918,0.0,0.0,0.0,0.9790861877854964,0.20344590653946248,[ 0.00508784 -0.0018012  -0.00065548 -0.0018012   0.00257288  0.00088519
 -0.00065548  0.00088519  0.00112136  0.          0.          0.
  0.          0.          0.          0.          0.          0.
  0.          0.          0.          0.          0.          0.
  0.          0.          0.          0.          0.          0.
  0.          0.          0.          0.          0.          0.        ],1.6273809523809524,0.0,0.0,0.0,0.0,0.0,[0. 0. 0. 0. 0. 0. 0. 0. 0. 0. 0. 0. 0. 0. 0. 0. 0. 0. 0. 0. 0. 0. 0. 0.
 0. 0. 0. 0. 0. 0. 0. 0. 0. 0. 0. 0.]
15.056497573852539,,5.823370241836816,-5.215483863660481,0.0,0.0,0.0,0.9819960448327846,0.18890147678821295,[ 0.00562636 -0.00185423 -0.00081692 -0.00185423  0.00248365  0.00069631
 -0.00081692  0.00069631  0.0012953   0.          0.          0.
  0.          0.          0.          0.          0.          0.
  0.          0.          0.          0.          0.          0.
  0.          0.          0.          0.          0.          0.
  0.          0.          0.          0.          0.          0.        ],1.627857142857143,0.0,0.0,0.0,0.0,0.0,[0. 0. 0. 0. 0. 0. 0. 0. 0. 0. 0. 0. 0. 0. 0. 0. 0. 0. 0. 0. 0. 0. 0. 0.
 0. 0. 0. 0. 0. 0. 0. 0. 0. 0. 0. 0.]
15.07650899887085,,5.7871222300852985,-5.203234428672004,0.0,0.0,0.0,0.9865816160161536,0.1632688425234737,[ 0.00451256 -0.00168914 -0.00063322 -0.00168914  0.00252087  0.00096122
 -0.00063322  0.00096122  0.00120902  0.          0.          0.
  0.          0.          0.          0.          0.          0.
  0.          0.          0.          0.          0.          0.
  0.          0.          0.          0.          0.          0.
  0.          0.          0.          0.          0.          0.        ],1.6245238095238095,0.0,0.0,0.0,0.0,0.0,[0. 0. 0. 0. 0. 0. 0. 0. 0. 0. 0. 0. 0. 0. 0. 0. 0. 0. 0. 0. 0. 0. 0. 0.
 0. 0. 0. 0. 0. 0. 0. 0. 0. 0. 0. 0.]
15.098582983016968,,5.7633937482312145,-5.194421327622721,0.0,0.0,0.0,0.9869913964504035,0.16077308024940742,[ 0.00441757 -0.00166336 -0.00053375 -0.00166336  0.00239248  0.00076242
 -0.00053375  0.00076242  0.00109563  0.          0.          0.
  0.          0.          0.          0.          0.          0.
  0.          0.          0.          0.          0.          0.
  0.          0.          0.          0.          0.          0.
  0.          0.          0.          0.          0.          0.        ],1.6285714285714286,0.0,0.0,0.0,0.0,0.0,[0. 0. 0. 0. 0. 0. 0. 0. 0. 0. 0. 0. 0. 0. 0. 0. 0. 0. 0. 0. 0. 0. 0. 0.
 0. 0. 0. 0. 0. 0. 0. 0. 0. 0. 0. 0.]
15.130342960357666,,5.720652874177032,-5.187399211261687,0.0,0.0,0.0,0.9912628085997752,0.13190164626298415,[ 0.004396   -0.00166474 -0.00073517 -0.00166474  0.00254138  0.00097371
 -0.00073517  0.00097371  0.0014366   0.          0.          0.
  0.          0.          0.          0.          0.          0.
  0.          0.          0.          0.          0.          0.
  0.          0.          0.          0.          0.          0.
  0.          0.          0.          0.          0.          0.        ],1.6307142857142858,0.0,0.0,0.0,0.0,0.0,[0. 0. 0. 0. 0. 0. 0. 0. 0. 0. 0. 0. 0. 0. 0. 0. 0. 0. 0. 0. 0. 0. 0. 0.
 0. 0. 0. 0. 0. 0. 0. 0. 0. 0. 0. 0.]
15.159753799438477,,5.686256727668614,-5.181449410462119,0.0,0.0,0.0,0.9960660055712923,0.08861440371209534,[ 0.00450075 -0.00184019 -0.00073586 -0.00184019  0.00252152  0.00089074
 -0.00073586  0.00089074  0.00124873  0.          0.          0.
  0.          0.          0.          0.          0.          0.
  0.          0.          0.          0.          0.          0.
  0.          0.          0.          0.          0.          0.
  0.          0.          0.          0.          0.          0.        ],1.6297619047619047,0.0,0.0,0.0,0.0,0.0,[0. 0. 0. 0. 0. 0. 0. 0. 0. 0. 0. 0. 0. 0. 0. 0. 0. 0. 0. 0. 0. 0. 0. 0.
 0. 0. 0. 0. 0. 0. 0. 0. 0. 0. 0. 0.]
15.183448553085327,,5.620077372419981,-5.176815399080898,0.0,0.0,0.0,0.9974531129104682,0.07132522376562679,[ 0.00437263 -0.00178974 -0.00063723 -0.00178974  0.00231578  0.00078347
 -0.00063723  0.00078347  0.00106275  0.          0.          0.
  0.          0.          0.          0.          0.          0.
  0.          0.          0.          0.          0.          0.
  0.          0.          0.          0.          0.          0.
  0.          0.          0.          0.          0.          0.        ],1.6283333333333334,0.0,0.0,0.0,0.0,0.0,[0. 0. 0. 0. 0. 0. 0. 0. 0. 0. 0. 0. 0. 0. 0. 0. 0. 0. 0. 0. 0. 0. 0. 0.
 0. 0. 0. 0. 0. 0. 0. 0. 0. 0. 0. 0.]
15.203400611877441,,5.570590405480554,-5.180803302480036,0.0,0.0,0.0,0.9991727710691493,0.04066661473490766,[ 0.00448298 -0.00186261 -0.00076987 -0.00186261  0.00241265  0.00086236
 -0.00076987  0.00086236  0.00114801  0.          0.          0.
  0.          0.          0.          0.          0.          0.
  0.          0.          0.          0.          0.          0.
  0.          0.          0.          0.          0.          0.
  0.          0.          0.          0.          0.          0.        ],1.637857142857143,0.0,0.0,0.0,0.0,0.0,[0. 0. 0. 0. 0. 0. 0. 0. 0. 0. 0. 0. 0. 0. 0. 0. 0. 0. 0. 0. 0. 0. 0. 0.
 0. 0. 0. 0. 0. 0. 0. 0. 0. 0. 0. 0.]
15.22458004951477,,5.529975175298052,-5.1767936252742635,0.0,0.0,0.0,0.9992023094442147,0.039934255988409946,[ 0.00421503 -0.00170722 -0.0004866  -0.00170722  0.00233238  0.00073409
 -0.0004866   0.00073409  0.00103972  0.          0.          0.
  0.          0.          0.          0.          0.          0.
  0.          0.          0.          0.          0.          0.
  0.          0.          0.          0.          0.          0.
  0.          0.          0.          0.          0.          0.        ],1.6466666666666667,0.0,0.0,0.0,0.0,0.0,[0. 0. 0. 0. 0. 0. 0. 0. 0. 0. 0. 0. 0. 0. 0. 0. 0. 0. 0. 0. 0. 0. 0. 0.
 0. 0. 0. 0. 0. 0. 0. 0. 0. 0. 0. 0.]
15.241933345794678,,5.482320976715145,-5.174547505927497,0.0,0.0,0.0,0.9999618949637435,0.00872975489456708,[ 0.00449079 -0.0017047  -0.00068056 -0.0017047   0.00226809  0.00073924
 -0.00068056  0.00073924  0.00124882  0.          0.          0.
  0.          0.          0.          0.          0.          0.
  0.          0.          0.          0.          0.          0.
  0.          0.          0.          0.          0.          0.
  0.          0.          0.          0.          0.          0.        ],1.651904761904762,0.0,0.0,0.0,0.0,0.0,[0. 0. 0. 0. 0. 0. 0. 0. 0. 0. 0. 0. 0. 0. 0. 0. 0. 0. 0. 0. 0. 0. 0. 0.
 0. 0. 0. 0. 0. 0. 0. 0. 0. 0. 0. 0.]
15.259424924850464,,5.475890089545964,-5.172832088701332,0.0,-0.0,0.0,0.9999990107896707,-0.0014065630736417346,[ 0.00440161 -0.00170721 -0.00041777 -0.00170721  0.00222845  0.00069887
 -0.00041777  0.00069887  0.00104301  0.          0.          0.
  0.          0.          0.          0.          0.          0.
  0.          0.          0.          0.          0.          0.
  0.          0.          0.          0.          0.          0.
  0.          0.          0.          0.          0.          0.        ],1.6492857142857142,0.0,0.0,0.0,0.0,0.0,[0. 0. 0. 0. 0. 0. 0. 0. 0. 0. 0. 0. 0. 0. 0. 0. 0. 0. 0. 0. 0. 0. 0. 0.
 0. 0. 0. 0. 0. 0. 0. 0. 0. 0. 0. 0.]
15.274980306625366,,5.439510473282465,-5.172495986095252,0.0,-0.0,0.0,0.9994945933944857,-0.03178927138504048,[ 0.00438032 -0.00167689 -0.00055618 -0.00167689  0.00212042  0.00072766
 -0.00055618  0.00072766  0.00115052  0.          0.          0.
  0.          0.          0.          0.          0.          0.
  0.          0.          0.          0.          0.          0.
  0.          0.          0.          0.          0.          0.
  0.          0.          0.          0.          0.          0.        ],1.6347619047619049,0.0,0.0,0.0,0.0,0.0,[0. 0. 0. 0. 0. 0. 0. 0. 0. 0. 0. 0. 0. 0. 0. 0. 0. 0. 0. 0. 0. 0. 0. 0.
 0. 0. 0. 0. 0. 0. 0. 0. 0. 0. 0. 0.]
15.306047201156616,,5.41985175477237,-5.16774559355109,0.0,-0.0,0.0,0.9994382031347705,-0.03351534148328589,[ 0.00452833 -0.00187568 -0.0005547  -0.00187568  0.00241854  0.00080321
 -0.0005547   0.00080321  0.00118491  0.          0.          0.
  0.          0.          0.          0.          0.          0.
  0.          0.          0.          0.          0.          0.
  0.          0.          0.          0.          0.          0.
  0.          0.          0.          0.          0.          0.        ],1.561904761904762,0.0,0.0,0.0,0.0,0.0,[0. 0. 0. 0. 0. 0. 0. 0. 0. 0. 0. 0. 0. 0. 0. 0. 0. 0. 0. 0. 0. 0. 0. 0.
 0. 0. 0. 0. 0. 0. 0. 0. 0. 0. 0. 0.]
15.32446837425232,,5.386554092442773,-5.175020963864429,0.0,-0.0,0.0,0.9989672773453213,-0.04543543543618765,[ 0.00571154 -0.00244615 -0.00089495 -0.00244615  0.00267426  0.00089977
 -0.00089495  0.00089977  0.00127253  0.          0.          0.
  0.          0.          0.          0.          0.          0.
  0.          0.          0.          0.          0.          0.
  0.          0.          0.          0.          0.          0.
  0.          0.          0.          0.          0.          0.        ],1.4773809523809525,0.0,0.0,0.0,0.0,0.0,[0. 0. 0. 0. 0. 0. 0. 0. 0. 0. 0. 0. 0. 0. 0. 0. 0. 0. 0. 0. 0. 0. 0. 0.
 0. 0. 0. 0. 0. 0. 0. 0. 0. 0. 0. 0.]
15.35299301147461,,5.340378920933961,-5.181195473270132,0.0,-0.0,0.0,0.997147524158907,-0.07547724864992125,[ 0.00431904 -0.00198544 -0.00081606 -0.00198544  0.00229214  0.00078255
 -0.00081606  0.00078255  0.00103525  0.          0.          0.
  0.          0.          0.          0.          0.          0.
  0.          0.          0.          0.          0.          0.
  0.          0.          0.          0.          0.          0.
  0.          0.          0.          0.          0.          0.        ],1.4852380952380952,0.0,0.0,0.0,0.0,0.0,[0. 0. 0. 0. 0. 0. 0. 0. 0. 0. 0. 0. 0. 0. 0. 0. 0. 0. 0. 0. 0. 0. 0. 0.
 0. 0. 0. 0. 0. 0. 0. 0. 0. 0. 0. 0.]
15.383548021316528,,5.258806808073109,-5.187685895004818,0.0,-0.0,0.0,0.9946589606324643,-0.10321604542679387,[ 0.003559   -0.00174187 -0.00060248 -0.00174187  0.00206616  0.00060683
 -0.00060248  0.00060683  0.00090917  0.          0.          0.
  0.          0.          0.          0.          0.          0.
  0.          0.          0.          0.          0.          0.
  0.          0.          0.          0.          0.          0.
  0.          0.          0.          0.          0.          0.        ],1.5157142857142858,0.0,0.0,0.0,0.0,0.0,[0. 0. 0. 0. 0. 0. 0. 0. 0. 0. 0. 0. 0. 0. 0. 0. 0. 0. 0. 0. 0. 0. 0. 0.
 0. 0. 0. 0. 0. 0. 0. 0. 0. 0. 0. 0.]
15.404531240463257,,5.242408422872708,-5.192187677753355,0.0,-0.0,0.0,0.9945026760838744,-0.10471116111481298,[ 0.0035023  -0.00155439 -0.00044697 -0.00155439  0.00189991  0.00057754
 -0.00044697  0.00057754  0.00090634  0.          0.          0.
  0.          0.          0.          0.          0.          0.
  0.          0.          0.          0.          0.          0.
  0.          0.          0.          0.          0.          0.
  0.          0.          0.          0.          0.          0.        ],1.5154761904761904,0.0,0.0,0.0,0.0,0.0,[0. 0. 0. 0. 0. 0. 0. 0. 0. 0. 0. 0. 0. 0. 0. 0. 0. 0. 0. 0. 0. 0. 0. 0.
 0. 0. 0. 0. 0. 0. 0. 0. 0. 0. 0. 0.]
15.425050735473633,,5.233729131555448,-5.19335938969952,0.0,-0.0,0.0,0.9945260585819983,-0.10448884534415988,[ 0.00351132 -0.00138503 -0.00046441 -0.00138503  0.00188439  0.00053647
 -0.00046441  0.00053647  0.00094068  0.          0.          0.
  0.          0.          0.          0.          0.          0.
  0.          0.          0.          0.          0.          0.
  0.          0.          0.          0.          0.          0.
  0.          0.          0.          0.          0.          0.        ],1.5114285714285713,0.0,0.0,0.0,0.0,0.0,[0. 0. 0. 0. 0. 0. 0. 0. 0. 0. 0. 0. 0. 0. 0. 0. 0. 0. 0. 0. 0. 0. 0. 0.
 0. 0. 0. 0. 0. 0. 0. 0. 0. 0. 0. 0.]
15.447015047073364,,5.164351256806971,-5.205156370988456,0.0,-0.0,0.0,0.9945254992181187,-0.10449416923901422,[ 0.00347836 -0.00125604 -0.0004801  -0.00125604  0.00189854  0.00057524
 -0.0004801   0.00057524  0.00095018  0.          0.          0.
  0.          0.          0.          0.          0.          0.
  0.          0.          0.          0.          0.          0.
  0.          0.          0.          0.          0.          0.
  0.          0.          0.          0.          0.          0.        ],1.5088095238095238,0.0,0.0,0.0,0.0,0.0,[0. 0. 0. 0. 0. 0. 0. 0. 0. 0. 0. 0. 0. 0. 0. 0. 0. 0. 0. 0. 0. 0. 0. 0.
 0. 0. 0. 0. 0. 0. 0. 0. 0. 0. 0. 0.]
15.465056896209717,,5.132609547244396,-5.206004168260803,0.0,-0.0,0.0,0.99464500941118,-0.10335040035449196,[ 0.00351138 -0.0014396  -0.00038552 -0.0014396   0.00194934  0.00053617
 -0.00038552  0.00053617  0.00078054  0.          0.          0.
  0.          0.          0.          0.          0.          0.
  0.          0.          0.          0.          0.          0.
  0.          0.          0.          0.          0.          0.
  0.          0.          0.          0.          0.          0.        ],1.4878571428571428,0.0,0.0,0.0,0.0,0.0,[0. 0. 0. 0. 0. 0. 0. 0. 0. 0. 0. 0. 0. 0. 0. 0. 0. 0. 0. 0. 0. 0. 0. 0.
 0. 0. 0. 0. 0. 0. 0. 0. 0. 0. 0. 0.]
15.48533821105957,,5.080638033527218,-5.21456814842451,0.0,-0.0,0.0,0.9957067908684694,-0.09256341943993934,[ 0.00344009 -0.00134947 -0.00027499 -0.00134947  0.00188693  0.00051415
 -0.00027499  0.00051415  0.00084261  0.          0.          0.
  0.          0.          0.          0.          0.          0.
  0.          0.          0.          0.          0.          0.
  0.          0.          0.          0.          0.          0.
  0.          0.          0.          0.          0.          0.        ],1.4338095238095239,0.0,0.0,0.0,0.0,0.0,[0. 0. 0. 0. 0. 0. 0. 0. 0. 0. 0. 0. 0. 0. 0. 0. 0. 0. 0. 0. 0. 0. 0. 0.
 0. 0. 0. 0. 0. 0. 0. 0. 0. 0. 0. 0.]
15.508383989334106,,5.045078147044962,-5.200468295256736,0.0,-0.0,0.0,0.9969066478929957,-0.07859475419358981,[ 0.00406045 -0.00160474 -0.0005095  -0.00160474  0.00203715  0.00047266
 -0.0005095   0.00047266  0.00095787  0.          0.          0.
  0.          0.          0.          0.          0.          0.
  0.          0.          0.          0.          0.          0.
  0.          0.          0.          0.          0.          0.
  0.          0.          0.          0.          0.          0.        ],1.4116666666666666,0.0,0.0,0.0,0.0,0.0,[0. 0. 0. 0. 0. 0. 0. 0. 0. 0. 0. 0. 0. 0. 0. 0. 0. 0. 0. 0. 0. 0. 0. 0.
 0. 0. 0. 0. 0. 0. 0. 0. 0. 0. 0. 0.]
15.524937391281128,,5.028173587804868,-5.189714760273192,0.0,-0.0,0.0,0.9968827302160213,-0.07889754240184722,[ 0.0043622  -0.00161    -0.00053993 -0.00161     0.00201889  0.00051438
 -0.00053993  0.00051438  0.00113499  0.          0.          0.
  0.          0.          0.          0.          0.          0.
  0.          0.          0.          0.          0.          0.
  0.          0.          0.          0.          0.          0.
  0.          0.          0.          0.          0.          0.        ],1.3530952380952381,0.0,0.0,0.0,0.0,0.0,[0. 0. 0. 0. 0. 0. 0. 0. 0. 0. 0. 0. 0. 0. 0. 0. 0. 0. 0. 0. 0. 0. 0. 0.
 0. 0. 0. 0. 0. 0. 0. 0. 0. 0. 0. 0.]
15.540725231170654,,4.981170456889756,-5.187480411052718,0.0,-0.0,0.0,0.9977367891096872,-0.06724061017786388,[ 0.00472681 -0.00190385 -0.00052905 -0.00190385  0.00209821  0.00047315
 -0.00052905  0.00047315  0.00081033  0.          0.          0.
  0.          0.          0.          0.          0.          0.
  0.          0.          0.          0.          0.          0.
  0.          0.          0.          0.          0.          0.
  0.          0.          0.          0.          0.          0.        ],1.2964285714285715,0.0,0.0,0.0,0.0,0.0,[0. 0. 0. 0. 0. 0. 0. 0. 0. 0. 0. 0. 0. 0. 0. 0. 0. 0. 0. 0. 0. 0. 0. 0.
 0. 0. 0. 0. 0. 0. 0. 0. 0. 0. 0. 0.]
15.562259674072266,,4.951631242435273,-5.17667888765869,0.0,-0.0,0.0,0.9976870695881871,-0.06797434204562743,[ 0.00423033 -0.00177921 -0.00045025 -0.00177921  0.00195135  0.00047797
 -0.00045025  0.00047797  0.00073453  0.          0.          0.
  0.          0.          0.          0.          0.          0.
  0.          0.          0.          0.          0.          0.
  0.          0.          0.          0.          0.          0.
  0.          0.          0.          0.          0.          0.        ],1.2147619047619047,0.0,0.0,0.0,0.0,0.0,[0. 0. 0. 0. 0. 0. 0. 0. 0. 0. 0. 0. 0. 0. 0. 0. 0. 0. 0. 0. 0. 0. 0. 0.
 0. 0. 0. 0. 0. 0. 0. 0. 0. 0. 0. 0.]
15.588769912719727,,4.902978319837355,-5.182420440522898,0.0,-0.0,0.0,0.9983125213375746,-0.058069869473028286,[ 0.00426523 -0.00154109 -0.00024374 -0.00154109  0.00201494  0.00046673
 -0.00024374  0.00046673  0.00086991  0.          0.          0.
  0.          0.          0.          0.          0.          0.
  0.          0.          0.          0.          0.          0.
  0.          0.          0.          0.          0.          0.
  0.          0.          0.          0.          0.          0.        ],1.114047619047619,0.0,0.0,0.0,0.0,0.0,[0. 0. 0. 0. 0. 0. 0. 0. 0. 0. 0. 0. 0. 0. 0. 0. 0. 0. 0. 0. 0. 0. 0. 0.
 0. 0. 0. 0. 0. 0. 0. 0. 0. 0. 0. 0.]
15.608889102935791,,4.8731279195828145,-5.183159455938637,0.0,-0.0,0.0,0.9984060940049441,-0.05643820916534031,[ 0.00398475 -0.00148677 -0.00027483 -0.00148677  0.00202245  0.00048794
 -0.00027483  0.00048794  0.00077537  0.          0.          0.
  0.          0.          0.          0.          0.          0.
  0.          0.          0.          0.          0.          0.
  0.          0.          0.          0.          0.          0.
  0.          0.          0.          0.          0.          0.        ],1.016190476190476,0.0,0.0,0.0,0.0,0.0,[0. 0. 0. 0. 0. 0. 0. 0. 0. 0. 0. 0. 0. 0. 0. 0. 0. 0. 0. 0. 0. 0. 0. 0.
 0. 0. 0. 0. 0. 0. 0. 0. 0. 0. 0. 0.]
15.621691703796387,,4.860352471657851,-5.1836980709891245,0.0,-0.0,0.0,0.9983649571486719,-0.05716128355390939,[ 0.0041058  -0.00151496 -0.00034438 -0.00151496  0.00200518  0.00051197
 -0.00034438  0.00051197  0.00071715  0.          0.          0.
  0.          0.          0.          0.          0.          0.
  0.          0.          0.          0.          0.          0.
  0.          0.          0.          0.          0.          0.
  0.          0.          0.          0.          0.          0.        ],0.9011904761904762,0.0,0.0,0.0,0.0,0.0,[0. 0. 0. 0. 0. 0. 0. 0. 0. 0. 0. 0. 0. 0. 0. 0. 0. 0. 0. 0. 0. 0. 0. 0.
 0. 0. 0. 0. 0. 0. 0. 0. 0. 0. 0. 0.]
15.634607315063477,,4.84486179487596,-5.18068764035726,0.0,-0.0,0.0,0.998378009121948,-0.05693286310818639,[ 0.00449377 -0.00180454 -0.00035354 -0.00180454  0.00210842  0.00050427
 -0.00035354  0.00050427  0.00076036  0.          0.          0.
  0.          0.          0.          0.          0.          0.
  0.          0.          0.          0.          0.          0.
  0.          0.          0.          0.          0.          0.
  0.          0.          0.          0.          0.          0.        ],0.7821428571428571,0.0,0.0,0.0,0.0,0.0,[0. 0. 0. 0. 0. 0. 0. 0. 0. 0. 0. 0. 0. 0. 0. 0. 0. 0. 0. 0. 0. 0. 0. 0.
 0. 0. 0. 0. 0. 0. 0. 0. 0. 0. 0. 0.]
15.655696392059326,,4.838874993414519,-5.182627473355588,0.0,-0.0,0.0,0.9984017032085242,-0.05651582990913287,[ 0.00452762 -0.00191018 -0.00031551 -0.00191018  0.0021372   0.00049156
 -0.00031551  0.00049156  0.00067503  0.          0.          0.
  0.          0.          0.          0.          0.          0.
  0.          0.          0.          0.          0.          0.
  0.          0.          0.          0.          0.          0.
  0.          0.          0.          0.          0.          0.        ],0.4064285714285714,0.0,0.0,0.0,0.0,0.0,[0. 0. 0. 0. 0. 0. 0. 0. 0. 0. 0. 0. 0. 0. 0. 0. 0. 0. 0. 0. 0. 0. 0. 0.
 0. 0. 0. 0. 0. 0. 0. 0. 0. 0. 0. 0.]
15.673916578292847,,4.8284195524744264,-5.181095080246321,0.0,-0.0,0.0,0.998337580257165,-0.05763745176765291,[ 0.00436658 -0.00178878 -0.00032295 -0.00178878  0.00204303  0.00043237
 -0.00032295  0.00043237  0.0006735   0.          0.          0.
  0.          0.          0.          0.          0.          0.
  0.          0.          0.          0.          0.          0.
  0.          0.          0.          0.          0.          0.
  0.          0.          0.          0.          0.          0.        ],0.5745238095238095,0.0,0.0,0.0,0.0,0.0,[0. 0. 0. 0. 0. 0. 0. 0. 0. 0. 0. 0. 0. 0. 0. 0. 0. 0. 0. 0. 0. 0. 0. 0.
 0. 0. 0. 0. 0. 0. 0. 0. 0. 0. 0. 0.]
15.695790767669678,,4.776876921427587,-5.187021343305291,0.0,-0.0,0.0,0.9985833442639837,-0.05321000430894898,[ 0.00434685 -0.001583   -0.00014806 -0.001583    0.00218392  0.00061839
 -0.00014806  0.00061839  0.00093416  0.          0.          0.
  0.          0.          0.          0.          0.          0.
  0.          0.          0.          0.          0.          0.
  0.          0.          0.          0.          0.          0.
  0.          0.          0.          0.          0.          0.        ],0.6316666666666667,0.0,0.0,0.0,0.0,0.0,[0. 0. 0. 0. 0. 0. 0. 0. 0. 0. 0. 0. 0. 0. 0. 0. 0. 0. 0. 0. 0. 0. 0. 0.
 0. 0. 0. 0. 0. 0. 0. 0. 0. 0. 0. 0.]
15.7098548412323,,4.732370786089823,-5.188418030083421,0.0,-0.0,0.0,0.9986066759241136,-0.0527703212022852,[ 0.00482606 -0.00165944 -0.0001189  -0.00165944  0.00213436  0.00052655
 -0.0001189   0.00052655  0.00071218  0.          0.          0.
  0.          0.          0.          0.          0.          0.
  0.          0.          0.          0.          0.          0.
  0.          0.          0.          0.          0.          0.
  0.          0.          0.          0.          0.          0.        ],0.69,0.0,0.0,0.0,0.0,0.0,[0. 0. 0. 0. 0. 0. 0. 0. 0. 0. 0. 0. 0. 0. 0. 0. 0. 0. 0. 0. 0. 0. 0. 0.
 0. 0. 0. 0. 0. 0. 0. 0. 0. 0. 0. 0.]
15.740772008895874,,4.7024101547394945,-5.186197425815862,0.0,-0.0,0.0,0.9985954185381974,-0.05298292248000649,[ 0.00428326 -0.00156883 -0.00021432 -0.00156883  0.00198287  0.0004621
 -0.00021432  0.0004621   0.00069303  0.          0.          0.
  0.          0.          0.          0.          0.          0.
  0.          0.          0.          0.          0.          0.
  0.          0.          0.          0.          0.          0.
  0.          0.          0.          0.          0.          0.        ],0.7204761904761905,0.0,0.0,0.0,0.0,0.0,[0. 0. 0. 0. 0. 0. 0. 0. 0. 0. 0. 0. 0. 0. 0. 0. 0. 0. 0. 0. 0. 0. 0. 0.
 0. 0. 0. 0. 0. 0. 0. 0. 0. 0. 0. 0.]
15.756220579147339,,4.6779798180181515,-5.18012530263306,0.0,-0.0,0.0,0.9986142823623885,-0.052626182284598276,[ 0.00459258 -0.00167791 -0.00026283 -0.00167791  0.00195305  0.00041516
 -0.00026283  0.00041516  0.00071531  0.          0.          0.
  0.          0.          0.          0.          0.          0.
  0.          0.          0.          0.          0.          0.
  0.          0.          0.          0.          0.          0.
  0.          0.          0.          0.          0.          0.        ],0.736904761904762,0.0,0.0,0.0,0.0,0.0,[0. 0. 0. 0. 0. 0. 0. 0. 0. 0. 0. 0. 0. 0. 0. 0. 0. 0. 0. 0. 0. 0. 0. 0.
 0. 0. 0. 0. 0. 0. 0. 0. 0. 0. 0. 0.]
15.774792671203613,,4.6704913040467755,-5.1789967658736025,0.0,-0.0,0.0,0.9985581851464979,-0.05368007895795635,[ 0.00484249 -0.00178546 -0.00028402 -0.00178546  0.00205311  0.00042087
 -0.00028402  0.00042087  0.00068925  0.          0.          0.
  0.          0.          0.          0.          0.          0.
  0.          0.          0.          0.          0.          0.
  0.          0.          0.          0.          0.          0.
  0.          0.          0.          0.          0.          0.        ],0.7359523809523809,0.0,0.0,0.0,0.0,0.0,[0. 0. 0. 0. 0. 0. 0. 0. 0. 0. 0. 0. 0. 0. 0. 0. 0. 0. 0. 0. 0. 0. 0. 0.
 0. 0. 0. 0. 0. 0. 0. 0. 0. 0. 0. 0.]
15.794601440429688,,4.6565206590943715,-5.174379793053179,0.0,-0.0,0.0,0.9985109127541604,-0.05455233368842786,[ 0.00499683 -0.0020158  -0.00029885 -0.0020158   0.00206469  0.00045601
 -0.00029885  0.00045601  0.00065539  0.          0.          0.
  0.          0.          0.          0.          0.          0.
  0.          0.          0.          0.          0.          0.
  0.          0.          0.          0.          0.          0.
  0.          0.          0.          0.          0.          0.        ],0.7042857142857143,0.0,0.0,0.0,0.0,0.0,[0. 0. 0. 0. 0. 0. 0. 0. 0. 0. 0. 0. 0. 0. 0. 0. 0. 0. 0. 0. 0. 0. 0. 0.
 0. 0. 0. 0. 0. 0. 0. 0. 0. 0. 0. 0.]
15.81640911102295,,4.643173534645681,-5.170361616689235,0.0,-0.0,0.0,0.9984578381239604,-0.05551527257275573,[ 0.00475703 -0.00193118 -0.00023461 -0.00193118  0.00212321  0.00039932
 -0.00023461  0.00039932  0.00065079  0.          0.          0.
  0.          0.          0.          0.          0.          0.
  0.          0.          0.          0.          0.          0.
  0.          0.          0.          0.          0.          0.
  0.          0.          0.          0.          0.          0.        ],0.65,0.0,0.0,0.0,0.0,0.0,[0. 0. 0. 0. 0. 0. 0. 0. 0. 0. 0. 0. 0. 0. 0. 0. 0. 0. 0. 0. 0. 0. 0. 0.
 0. 0. 0. 0. 0. 0. 0. 0. 0. 0. 0. 0.]
15.840641498565674,,4.631359951415391,-5.161793486802709,0.0,-0.0,0.0,0.9983792569274694,-0.05691097729747781,[ 0.00441593 -0.0016911  -0.00021056 -0.0016911   0.00190158  0.00041177
 -0.00021056  0.00041177  0.00066554  0.          0.          0.
  0.          0.          0.          0.          0.          0.
  0.          0.          0.          0.          0.          0.
  0.          0.          0.          0.          0.          0.
  0.          0.          0.          0.          0.          0.        ],0.5611904761904762,0.0,0.0,0.0,0.0,0.0,[0. 0. 0. 0. 0. 0. 0. 0. 0. 0. 0. 0. 0. 0. 0. 0. 0. 0. 0. 0. 0. 0. 0. 0.
 0. 0. 0. 0. 0. 0. 0. 0. 0. 0. 0. 0.]
15.856211185455322,,4.619729172740258,-5.156538634678707,0.0,-0.0,0.0,0.9982597093191489,-0.058970778781090964,[ 0.00456479 -0.00173579 -0.00022732 -0.00173579  0.00184423  0.000375
 -0.00022732  0.000375    0.00066486  0.          0.          0.
  0.          0.          0.          0.          0.          0.
  0.          0.          0.          0.          0.          0.
  0.          0.          0.          0.          0.          0.
  0.          0.          0.          0.          0.          0.        ],0.0,0.0,0.0,0.0,0.0,0.0,[0. 0. 0. 0. 0. 0. 0. 0. 0. 0. 0. 0. 0. 0. 0. 0. 0. 0. 0. 0. 0. 0. 0. 0.
 0. 0. 0. 0. 0. 0. 0. 0. 0. 0. 0. 0.]
15.872260332107544,,4.6115855931356915,-5.151082627938981,0.0,-0.0,0.0,0.9981995484619927,-0.059980508919764954,[ 0.00489764 -0.00195627 -0.0002353  -0.00195627  0.0019692   0.00045003
 -0.0002353   0.00045003  0.00069387  0.          0.          0.
  0.          0.          0.          0.          0.          0.
  0.          0.          0.          0.          0.          0.
  0.          0.          0.          0.          0.          0.
  0.          0.          0.          0.          0.          0.        ],0.0,0.0,0.0,0.0,0.0,0.0,[0. 0. 0. 0. 0. 0. 0. 0. 0. 0. 0. 0. 0. 0. 0. 0. 0. 0. 0. 0. 0. 0. 0. 0.
 0. 0. 0. 0. 0. 0. 0. 0. 0. 0. 0. 0.]
15.895058393478394,,4.576752033297351,-5.1608158702828355,0.0,-0.0,0.0,0.9985877423154162,-0.053127402509437115,[ 5.22010433e-03 -1.73069686e-03 -2.40986661e-06 -1.73069686e-03
  2.05921407e-03  5.57315188e-04 -2.40986661e-06  5.57315188e-04
  9.90102263e-04  0.00000000e+00  0.00000000e+00  0.00000000e+00
  0.00000000e+00  0.00000000e+00  0.00000000e+00  0.00000000e+00
  0.00000000e+00  0.00000000e+00  0.00000000e+00  0.00000000e+00
  0.00000000e+00  0.00000000e+00  0.00000000e+00  0.00000000e+00
  0.00000000e+00  0.00000000e+00  0.00000000e+00  0.00000000e+00
  0.00000000e+00  0.00000000e+00  0.00000000e+00  0.00000000e+00
  0.00000000e+00  0.00000000e+00  0.00000000e+00  0.00000000e+00],0.115,0.0,0.0,0.0,0.0,0.0,[0. 0. 0. 0. 0. 0. 0. 0. 0. 0. 0. 0. 0. 0. 0. 0. 0. 0. 0. 0. 0. 0. 0. 0.
 0. 0. 0. 0. 0. 0. 0. 0. 0. 0. 0. 0.]
15.91879653930664,,4.543931424524251,-5.169407633384085,0.0,-0.0,0.0,0.9987652371280688,-0.049678980509997285,[ 0.00535371 -0.00176364 -0.00015873 -0.00176364  0.00201934  0.00051894
 -0.00015873  0.00051894  0.00082251  0.          0.          0.
  0.          0.          0.          0.          0.          0.
  0.          0.          0.          0.          0.          0.
  0.          0.          0.          0.          0.          0.
  0.          0.          0.          0.          0.          0.        ],0.17023809523809524,0.0,0.0,0.0,0.0,0.0,[0. 0. 0. 0. 0. 0. 0. 0. 0. 0. 0. 0. 0. 0. 0. 0. 0. 0. 0. 0. 0. 0. 0. 0.
 0. 0. 0. 0. 0. 0. 0. 0. 0. 0. 0. 0.]
15.943958759307861,,4.528928657190078,-5.174573413369606,0.0,-0.0,0.0,0.9988046488788047,-0.04888019412898779,[ 0.00531446 -0.00180153 -0.00014456 -0.00180153  0.00191016  0.00040068
 -0.00014456  0.00040068  0.00076492  0.          0.          0.
  0.          0.          0.          0.          0.          0.
  0.          0.          0.          0.          0.          0.
  0.          0.          0.          0.          0.          0.
  0.          0.          0.          0.          0.          0.        ],0.21714285714285714,0.0,0.0,0.0,0.0,0.0,[0. 0. 0. 0. 0. 0. 0. 0. 0. 0. 0. 0. 0. 0. 0. 0. 0. 0. 0. 0. 0. 0. 0. 0.
 0. 0. 0. 0. 0. 0. 0. 0. 0. 0. 0. 0.]
15.959061861038208,,4.516815361396263,-5.17223376939,0.0,-0.0,0.0,0.998810513883133,-0.04876020258891103,[ 4.89724008e-03 -1.57106341e-03 -4.75807096e-05 -1.57106341e-03
  1.81619935e-03  3.62002088e-04 -4.75807096e-05  3.62002088e-04
  7.50705784e-04  0.00000000e+00  0.00000000e+00  0.00000000e+00
  0.00000000e+00  0.00000000e+00  0.00000000e+00  0.00000000e+00
  0.00000000e+00  0.00000000e+00  0.00000000e+00  0.00000000e+00
  0.00000000e+00  0.00000000e+00  0.00000000e+00  0.00000000e+00
  0.00000000e+00  0.00000000e+00  0.00000000e+00  0.00000000e+00
  0.00000000e+00  0.00000000e+00  0.00000000e+00  0.00000000e+00
  0.00000000e+00  0.00000000e+00  0.00000000e+00  0.00000000e+00],0.23642857142857143,0.0,0.0,0.0,0.0,0.0,[0. 0. 0. 0. 0. 0. 0. 0. 0. 0. 0. 0. 0. 0. 0. 0. 0. 0. 0. 0. 0. 0. 0. 0.
 0. 0. 0. 0. 0. 0. 0. 0. 0. 0. 0. 0.]
15.984645128250122,,4.5138518421971,-5.17127553530809,0.0,-0.0,0.0,0.9988651597222487,-0.04762764631017036,[ 0.0055816  -0.00203584 -0.00015833 -0.00203584  0.00226602  0.00045003
 -0.00015833  0.00045003  0.00073445  0.          0.          0.
  0.          0.          0.          0.          0.          0.
  0.          0.          0.          0.          0.          0.
  0.          0.          0.          0.          0.          0.
  0.          0.          0.          0.          0.          0.        ],0.0,0.0,0.0,0.0,0.0,0.0,[0. 0. 0. 0. 0. 0. 0. 0. 0. 0. 0. 0. 0. 0. 0. 0. 0. 0. 0. 0. 0. 0. 0. 0.
 0. 0. 0. 0. 0. 0. 0. 0. 0. 0. 0. 0.]
16.00429368019104,,4.506409507604014,-5.171518478798707,0.0,-0.0,0.0,0.9987929214032425,-0.049119244240687955,[ 0.00575514 -0.00207765 -0.00022842 -0.00207765  0.00215321  0.00047711
 -0.00022842  0.00047711  0.00077307  0.          0.          0.
  0.          0.          0.          0.          0.          0.
  0.          0.          0.          0.          0.          0.
  0.          0.          0.          0.          0.          0.
  0.          0.          0.          0.          0.          0.        ],0.0,0.0,0.0,0.0,0.0,0.0,[0. 0. 0. 0. 0. 0. 0. 0. 0. 0. 0. 0. 0. 0. 0. 0. 0. 0. 0. 0. 0. 0. 0. 0.
 0. 0. 0. 0. 0. 0. 0. 0. 0. 0. 0. 0.]
16.016512870788574,,4.501424198546798,-5.170247404555923,0.0,-0.0,0.0,0.9988289366658474,-0.04838135259552718,[ 0.00603381 -0.00218053 -0.00028957 -0.00218053  0.00214357  0.00049007
 -0.00028957  0.00049007  0.00077867  0.          0.          0.
  0.          0.          0.          0.          0.          0.
  0.          0.          0.          0.          0.          0.
  0.          0.          0.          0.          0.          0.
  0.          0.          0.          0.          0.          0.        ],0.0,0.0,0.0,0.0,0.0,0.0,[0. 0. 0. 0. 0. 0. 0. 0. 0. 0. 0. 0. 0. 0. 0. 0. 0. 0. 0. 0. 0. 0. 0. 0.
 0. 0. 0. 0. 0. 0. 0. 0. 0. 0. 0. 0.]
16.0325345993042,,4.496349940187148,-5.169551735435007,0.0,-0.0,0.0,0.9988306971379226,-0.048344994104575496,[ 0.00612568 -0.00214256 -0.00028125 -0.00214256  0.00198136  0.00048181
 -0.00028125  0.00048181  0.00080266  0.          0.          0.
  0.          0.          0.          0.          0.          0.
  0.          0.          0.          0.          0.          0.
  0.          0.          0.          0.          0.          0.
  0.          0.          0.          0.          0.          0.        ],0.0,0.0,0.0,0.0,0.0,0.0,[0. 0. 0. 0. 0. 0. 0. 0. 0. 0. 0. 0. 0. 0. 0. 0. 0. 0. 0. 0. 0. 0. 0. 0.
 0. 0. 0. 0. 0. 0. 0. 0. 0. 0. 0. 0.]
16.05201745033264,,4.490159972169989,-5.166161151848029,0.0,-0.0,0.0,0.9987893492313157,-0.0491918271879066,[ 0.00575299 -0.00211983 -0.00026402 -0.00211983  0.00198508  0.00044237
 -0.00026402  0.00044237  0.00076059  0.          0.          0.
  0.          0.          0.          0.          0.          0.
  0.          0.          0.          0.          0.          0.
  0.          0.          0.          0.          0.          0.
  0.          0.          0.          0.          0.          0.        ],0.0,0.0,0.0,0.0,0.0,0.0,[0. 0. 0. 0. 0. 0. 0. 0. 0. 0. 0. 0. 0. 0. 0. 0. 0. 0. 0. 0. 0. 0. 0. 0.
 0. 0. 0. 0. 0. 0. 0. 0. 0. 0. 0. 0.]
16.071754217147827,,4.49396356606808,-5.168178934157541,0.0,-0.0,0.0,0.9987967806942865,-0.04904070630333055,[ 0.0056809  -0.00191075 -0.00016521 -0.00191075  0.00185423  0.00042641
 -0.00016521  0.00042641  0.00074998  0.          0.          0.
  0.          0.          0.          0.          0.          0.
  0.          0.          0.          0.          0.          0.
  0.          0.          0.          0.          0.          0.
  0.          0.          0.          0.          0.          0.        ],0.0,0.0,0.0,0.0,0.0,0.0,[0. 0. 0. 0. 0. 0. 0. 0. 0. 0. 0. 0. 0. 0. 0. 0. 0. 0. 0. 0. 0. 0. 0. 0.
 0. 0. 0. 0. 0. 0. 0. 0. 0. 0. 0. 0.]
16.091843366622925,,4.498450860679937,-5.168859246619255,0.0,-0.0,0.0,0.9988259039583941,-0.04844392203049743,[ 0.00538686 -0.00168858 -0.00015604 -0.00168858  0.00169936  0.00041654
 -0.00015604  0.00041654  0.0007954   0.          0.          0.
  0.          0.          0.          0.          0.          0.
  0.          0.          0.          0.          0.          0.
  0.          0.          0.          0.          0.          0.
  0.          0.          0.          0.          0.          0.        ],0.0,0.0,0.0,0.0,0.0,0.0,[0. 0. 0. 0. 0. 0. 0. 0. 0. 0. 0. 0. 0. 0. 0. 0. 0. 0. 0. 0. 0. 0. 0. 0.
 0. 0. 0. 0. 0. 0. 0. 0. 0. 0. 0. 0.]
16.1115665435791,,4.490868351377088,-5.16673949438485,0.0,-0.0,0.0,0.9988274531211879,-0.04841197053871215,[ 0.00546033 -0.00177934 -0.00020246 -0.00177934  0.00179163  0.00040831
 -0.00020246  0.00040831  0.00079322  0.          0.          0.
  0.          0.          0.          0.          0.          0.
  0.          0.          0.          0.          0.          0.
  0.          0.          0.          0.          0.          0.
  0.          0.          0.          0.          0.          0.        ],0.0,0.0,0.0,0.0,0.0,0.0,[0. 0. 0. 0. 0. 0. 0. 0. 0. 0. 0. 0. 0. 0. 0. 0. 0. 0. 0. 0. 0. 0. 0. 0.
 0. 0. 0. 0. 0. 0. 0. 0. 0. 0. 0. 0.]
16.135370016098022,,4.485810782487054,-5.161739898387997,0.0,-0.0,0.0,0.9987266938674334,-0.050447903391775246,[ 5.16561363e-03 -1.62358288e-03 -7.48076553e-05 -1.62358288e-03
  1.79815533e-03  3.73663939e-04 -7.48076553e-05  3.73663939e-04
  7.33864245e-04  0.00000000e+00  0.00000000e+00  0.00000000e+00
  0.00000000e+00  0.00000000e+00  0.00000000e+00  0.00000000e+00
  0.00000000e+00  0.00000000e+00  0.00000000e+00  0.00000000e+00
  0.00000000e+00  0.00000000e+00  0.00000000e+00  0.00000000e+00
  0.00000000e+00  0.00000000e+00  0.00000000e+00  0.00000000e+00
  0.00000000e+00  0.00000000e+00  0.00000000e+00  0.00000000e+00
  0.00000000e+00  0.00000000e+00  0.00000000e+00  0.00000000e+00],0.0,0.0,0.0,0.0,0.0,0.0,[0. 0. 0. 0. 0. 0. 0. 0. 0. 0. 0. 0. 0. 0. 0. 0. 0. 0. 0. 0. 0. 0. 0. 0.
 0. 0. 0. 0. 0. 0. 0. 0. 0. 0. 0. 0.]
16.155476331710815,,4.480862334379484,-5.158785536793265,0.0,-0.0,0.0,0.9987808047766219,-0.0493650079485823,[ 0.00510754 -0.00166024 -0.00016874 -0.00166024  0.00171129  0.00042184
 -0.00016874  0.00042184  0.00081602  0.          0.          0.
  0.          0.          0.          0.          0.          0.
  0.          0.          0.          0.          0.          0.
  0.          0.          0.          0.          0.          0.
  0.          0.          0.          0.          0.          0.        ],0.0,0.0,0.0,0.0,0.0,0.0,[0. 0. 0. 0. 0. 0. 0. 0. 0. 0. 0. 0. 0. 0. 0. 0. 0. 0. 0. 0. 0. 0. 0. 0.
 0. 0. 0. 0. 0. 0. 0. 0. 0. 0. 0. 0.]
16.175841093063354,,4.478624961921546,-5.159753517302899,0.0,-0.0,0.0,0.9987379421395024,-0.05022472429941154,[ 0.00509993 -0.00170934 -0.00018899 -0.00170934  0.0018027   0.00043628
 -0.00018899  0.00043628  0.00075795  0.          0.          0.
  0.          0.          0.          0.          0.          0.
  0.          0.          0.          0.          0.          0.
  0.          0.          0.          0.          0.          0.
  0.          0.          0.          0.          0.          0.        ],0.0,0.0,0.0,0.0,0.0,0.0,[0. 0. 0. 0. 0. 0. 0. 0. 0. 0. 0. 0. 0. 0. 0. 0. 0. 0. 0. 0. 0. 0. 0. 0.
 0. 0. 0. 0. 0. 0. 0. 0. 0. 0. 0. 0.]
16.19851326942444,,4.481811127800156,-5.162742295121525,0.0,-0.0,0.0,0.9988010514119037,-0.04895364846950391,[ 0.00523233 -0.00182647 -0.00025671 -0.00182647  0.00191057  0.00048697
 -0.00025671  0.00048697  0.00076131  0.          0.          0.
  0.          0.          0.          0.          0.          0.
  0.          0.          0.          0.          0.          0.
  0.          0.          0.          0.          0.          0.
  0.          0.          0.          0.          0.          0.        ],0.0,0.0,0.0,0.0,0.0,0.0,[0. 0. 0. 0. 0. 0. 0. 0. 0. 0. 0. 0. 0. 0. 0. 0. 0. 0. 0. 0. 0. 0. 0. 0.
 0. 0. 0. 0. 0. 0. 0. 0. 0. 0. 0. 0.]
16.21664834022522,,4.482711812517326,-5.163839732557821,0.0,-0.0,0.0,0.9988131467551968,-0.04870624055479619,[ 0.00561819 -0.00196969 -0.00026644 -0.00196969  0.00192886  0.00043964
 -0.00026644  0.00043964  0.00076444  0.          0.          0.
  0.          0.          0.          0.          0.          0.
  0.          0.          0.          0.          0.          0.
  0.          0.          0.          0.          0.          0.
  0.          0.          0.          0.          0.          0.        ],0.0,0.0,0.0,0.0,0.0,0.0,[0. 0. 0. 0. 0. 0. 0. 0. 0. 0. 0. 0. 0. 0. 0. 0. 0. 0. 0. 0. 0. 0. 0. 0.
 0. 0. 0. 0. 0. 0. 0. 0. 0. 0. 0. 0.]
16.23000192642212,,4.484546799664935,-5.165655862517654,0.0,-0.0,0.0,0.9987966795929032,-0.04904276536036243,[ 0.0054556  -0.00172145 -0.0002011  -0.00172145  0.0017916   0.00041399
 -0.0002011   0.00041399  0.00076985  0.          0.          0.
  0.          0.          0.          0.          0.          0.
  0.          0.          0.          0.          0.          0.
  0.          0.          0.          0.          0.          0.
  0.          0.          0.          0.          0.          0.        ],0.0,0.0,0.0,0.0,0.0,0.0,[0. 0. 0. 0. 0. 0. 0. 0. 0. 0. 0. 0. 0. 0. 0. 0. 0. 0. 0. 0. 0. 0. 0. 0.
 0. 0. 0. 0. 0. 0. 0. 0. 0. 0. 0. 0.]
16.251270294189453,,4.488733806445921,-5.165561523812166,0.0,-0.0,0.0,0.9987700191969945,-0.049582746527752485,[ 0.00515623 -0.00158962 -0.00021439 -0.00158962  0.00171732  0.00043127
 -0.00021439  0.00043127  0.00079774  0.          0.          0.
  0.          0.          0.          0.          0.          0.
  0.          0.          0.          0.          0.          0.
  0.          0.          0.          0.          0.          0.
  0.          0.          0.          0.          0.          0.        ],0.0,0.0,0.0,0.0,0.0,0.0,[0. 0. 0. 0. 0. 0. 0. 0. 0. 0. 0. 0. 0. 0. 0. 0. 0. 0. 0. 0. 0. 0. 0. 0.
 0. 0. 0. 0. 0. 0. 0. 0. 0. 0. 0. 0.]
16.27261519432068,,4.484009032560722,-5.1641423476142645,0.0,-0.0,0.0,0.9988023810070601,-0.0489265132073363,[ 0.00498874 -0.0015813  -0.00023794 -0.0015813   0.00176182  0.00045529
 -0.00023794  0.00045529  0.00077547  0.          0.          0.
  0.          0.          0.          0.          0.          0.
  0.          0.          0.          0.          0.          0.
  0.          0.          0.          0.          0.          0.
  0.          0.          0.          0.          0.          0.        ],0.0,0.0,0.0,0.0,0.0,0.0,[0. 0. 0. 0. 0. 0. 0. 0. 0. 0. 0. 0. 0. 0. 0. 0. 0. 0. 0. 0. 0. 0. 0. 0.
 0. 0. 0. 0. 0. 0. 0. 0. 0. 0. 0. 0.]
16.29491353034973,,4.490360067489466,-5.1640628080207405,0.0,-0.0,0.0,0.9987855758883567,-0.04926838131462874,[ 0.00490061 -0.0015172  -0.0001283  -0.0015172   0.00164468  0.00041044
 -0.0001283   0.00041044  0.00078814  0.          0.          0.
  0.          0.          0.          0.          0.          0.
  0.          0.          0.          0.          0.          0.
  0.          0.          0.          0.          0.          0.
  0.          0.          0.          0.          0.          0.        ],0.0,0.0,0.0,0.0,0.0,0.0,[0. 0. 0. 0. 0. 0. 0. 0. 0. 0. 0. 0. 0. 0. 0. 0. 0. 0. 0. 0. 0. 0. 0. 0.
 0. 0. 0. 0. 0. 0. 0. 0. 0. 0. 0. 0.]
16.306964635849,,4.48575398581363,-5.163936290966627,0.0,-0.0,0.0,0.9988014620330204,-0.04894526985011705,[ 0.00505872 -0.00147172 -0.00020805 -0.00147172  0.00169207  0.00046432
 -0.00020805  0.00046432  0.00079357  0.          0.          0.
  0.          0.          0.          0.          0.          0.
  0.          0.          0.          0.          0.          0.
  0.          0.          0.          0.          0.          0.
  0.          0.          0.          0.          0.          0.        ],0.0,0.0,0.0,0.0,0.0,0.0,[0. 0. 0. 0. 0. 0. 0. 0. 0. 0. 0. 0. 0. 0. 0. 0. 0. 0. 0. 0. 0. 0. 0. 0.
 0. 0. 0. 0. 0. 0. 0. 0. 0. 0. 0. 0.]
16.334686994552612,,4.482342719092347,-5.163564217374708,0.0,-0.0,0.0,0.9988228554670399,-0.04850673558041919,[ 0.00529448 -0.0015983  -0.00014306 -0.0015983   0.00180176  0.00045317
 -0.00014306  0.00045317  0.00083267  0.          0.          0.
  0.          0.          0.          0.          0.          0.
  0.          0.          0.          0.          0.          0.
  0.          0.          0.          0.          0.          0.
  0.          0.          0.          0.          0.          0.        ],0.0,0.0,0.0,0.0,0.0,0.0,[0. 0. 0. 0. 0. 0. 0. 0. 0. 0. 0. 0. 0. 0. 0. 0. 0. 0. 0. 0. 0. 0. 0. 0.
 0. 0. 0. 0. 0. 0. 0. 0. 0. 0. 0. 0.]
16.35337543487549,,4.485485108938937,-5.164716294513166,0.0,-0.0,0.0,0.9988067501979612,-0.04883723742174215,[ 5.02641704e-03 -1.46079992e-03 -5.60946858e-05 -1.46079992e-03
  1.67237926e-03  3.46653023e-04 -5.60946858e-05  3.46653023e-04
  7.49165268e-04  0.00000000e+00  0.00000000e+00  0.00000000e+00
  0.00000000e+00  0.00000000e+00  0.00000000e+00  0.00000000e+00
  0.00000000e+00  0.00000000e+00  0.00000000e+00  0.00000000e+00
  0.00000000e+00  0.00000000e+00  0.00000000e+00  0.00000000e+00
  0.00000000e+00  0.00000000e+00  0.00000000e+00  0.00000000e+00
  0.00000000e+00  0.00000000e+00  0.00000000e+00  0.00000000e+00
  0.00000000e+00  0.00000000e+00  0.00000000e+00  0.00000000e+00],0.0,0.0,0.0,0.0,0.0,0.0,[0. 0. 0. 0. 0. 0. 0. 0. 0. 0. 0. 0. 0. 0. 0. 0. 0. 0. 0. 0. 0. 0. 0. 0.
 0. 0. 0. 0. 0. 0. 0. 0. 0. 0. 0. 0.]
16.373865604400635,,4.485134603960912,-5.163900253608467,0.0,-0.0,0.0,0.9987546929049266,-0.04989051413230506,[ 0.00537474 -0.00171294 -0.00022225 -0.00171294  0.0018182   0.00044489
 -0.00022225  0.00044489  0.00078393  0.          0.          0.
  0.          0.          0.          0.          0.          0.
  0.          0.          0.          0.          0.          0.
  0.          0.          0.          0.          0.          0.
  0.          0.          0.          0.          0.          0.        ],0.0,0.0,0.0,0.0,0.0,0.0,[0. 0. 0. 0. 0. 0. 0. 0. 0. 0. 0. 0. 0. 0. 0. 0. 0. 0. 0. 0. 0. 0. 0. 0.
 0. 0. 0. 0. 0. 0. 0. 0. 0. 0. 0. 0.]
16.40462017059326,,4.485476332914509,-5.1608983929263745,0.0,-0.0,0.0,0.998790004029389,-0.04917853038647221,[ 5.19689532e-03 -1.63366139e-03 -9.07495030e-05 -1.63366139e-03
  1.76221610e-03  4.17792311e-04 -9.07495030e-05  4.17792311e-04
  7.84725945e-04  0.00000000e+00  0.00000000e+00  0.00000000e+00
  0.00000000e+00  0.00000000e+00  0.00000000e+00  0.00000000e+00
  0.00000000e+00  0.00000000e+00  0.00000000e+00  0.00000000e+00
  0.00000000e+00  0.00000000e+00  0.00000000e+00  0.00000000e+00
  0.00000000e+00  0.00000000e+00  0.00000000e+00  0.00000000e+00
  0.00000000e+00  0.00000000e+00  0.00000000e+00  0.00000000e+00
  0.00000000e+00  0.00000000e+00  0.00000000e+00  0.00000000e+00],0.0,0.0,0.0,0.0,0.0,0.0,[0. 0. 0. 0. 0. 0. 0. 0. 0. 0. 0. 0. 0. 0. 0. 0. 0. 0. 0. 0. 0. 0. 0. 0.
 0. 0. 0. 0. 0. 0. 0. 0. 0. 0. 0. 0.]
16.41852045059204,,4.484695817809023,-5.157862852254324,0.0,-0.0,0.0,0.9987333638188168,-0.05031568339147118,[ 0.0046219  -0.00141761 -0.00012205 -0.00141761  0.00176643  0.00051622
 -0.00012205  0.00051622  0.00086797  0.          0.          0.
  0.          0.          0.          0.          0.          0.
  0.          0.          0.          0.          0.          0.
  0.          0.          0.          0.          0.          0.
  0.          0.          0.          0.          0.          0.        ],0.0,0.0,0.0,0.0,0.0,0.0,[0. 0. 0. 0. 0. 0. 0. 0. 0. 0. 0. 0. 0. 0. 0. 0. 0. 0. 0. 0. 0. 0. 0. 0.
 0. 0. 0. 0. 0. 0. 0. 0. 0. 0. 0. 0.]
16.433597564697266,,4.489958573236862,-5.160677496128005,0.0,-0.0,0.0,0.9987912922952519,-0.049152359406041415,[ 0.00550081 -0.0016699  -0.00015325 -0.0016699   0.00174582  0.00038303
 -0.00015325  0.00038303  0.00074851  0.          0.          0.
  0.          0.          0.          0.          0.          0.
  0.          0.          0.          0.          0.          0.
  0.          0.          0.          0.          0.          0.
  0.          0.          0.          0.          0.          0.        ],0.0,0.0,0.0,0.0,0.0,0.0,[0. 0. 0. 0. 0. 0. 0. 0. 0. 0. 0. 0. 0. 0. 0. 0. 0. 0. 0. 0. 0. 0. 0. 0.
 0. 0. 0. 0. 0. 0. 0. 0. 0. 0. 0. 0.]
16.451422214508057,,4.4808361777071335,-5.158197076143346,0.0,-0.0,0.0,0.998723977936692,-0.0505016424912092,[ 0.00508354 -0.00163248 -0.00020402 -0.00163248  0.00175402  0.00044086
 -0.00020402  0.00044086  0.00080438  0.          0.          0.
  0.          0.          0.          0.          0.          0.
  0.          0.          0.          0.          0.          0.
  0.          0.          0.          0.          0.          0.
  0.          0.          0.          0.          0.          0.        ],0.0,0.0,0.0,0.0,0.0,0.0,[0. 0. 0. 0. 0. 0. 0. 0. 0. 0. 0. 0. 0. 0. 0. 0. 0. 0. 0. 0. 0. 0. 0. 0.
 0. 0. 0. 0. 0. 0. 0. 0. 0. 0. 0. 0.]
16.471765995025635,,4.483716674338632,-5.1578848127593915,0.0,-0.0,0.0,0.998770264847831,-0.04957779801275328,[ 0.00529565 -0.00177307 -0.00013402 -0.00177307  0.00177695  0.0003834
 -0.00013402  0.0003834   0.0007757   0.          0.          0.
  0.          0.          0.          0.          0.          0.
  0.          0.          0.          0.          0.          0.
  0.          0.          0.          0.          0.          0.
  0.          0.          0.          0.          0.          0.        ],0.0,0.0,0.0,0.0,0.0,0.0,[0. 0. 0. 0. 0. 0. 0. 0. 0. 0. 0. 0. 0. 0. 0. 0. 0. 0. 0. 0. 0. 0. 0. 0.
 0. 0. 0. 0. 0. 0. 0. 0. 0. 0. 0. 0.]
16.49719738960266,,4.4807513413204365,-5.158704556037924,0.0,-0.0,0.0,0.9987880216779195,-0.04921877439258294,[ 0.00491784 -0.00151483 -0.0001751  -0.00151483  0.00167734  0.00038299
 -0.0001751   0.00038299  0.00073739  0.          0.          0.
  0.          0.          0.          0.          0.          0.
  0.          0.          0.          0.          0.          0.
  0.          0.          0.          0.          0.          0.
  0.          0.          0.          0.          0.          0.        ],0.0,0.0,0.0,0.0,0.0,0.0,[0. 0. 0. 0. 0. 0. 0. 0. 0. 0. 0. 0. 0. 0. 0. 0. 0. 0. 0. 0. 0. 0. 0. 0.
 0. 0. 0. 0. 0. 0. 0. 0. 0. 0. 0. 0.]
16.515087604522705,,4.4836525861127,-5.159010967287712,0.0,-0.0,0.0,0.9987318470025045,-0.05034578217652259,[ 0.00466431 -0.00144819 -0.00021096 -0.00144819  0.00174906  0.0004219
 -0.00021096  0.0004219   0.00075161  0.          0.          0.
  0.          0.          0.          0.          0.          0.
  0.          0.          0.          0.          0.          0.
  0.          0.          0.          0.          0.          0.
  0.          0.          0.          0.          0.          0.        ],0.0,0.0,0.0,0.0,0.0,0.0,[0. 0. 0. 0. 0. 0. 0. 0. 0. 0. 0. 0. 0. 0. 0. 0. 0. 0. 0. 0. 0. 0. 0. 0.
 0. 0. 0. 0. 0. 0. 0. 0. 0. 0. 0. 0.]
16.53615164756775,,4.481871148721904,-5.158268197005318,0.0,-0.0,0.0,0.9987339476612859,-0.05030409316252512,[ 5.17945125e-03 -1.57725784e-03 -5.60306895e-05 -1.57725784e-03
  1.85100110e-03  3.43086345e-04 -5.60306895e-05  3.43086345e-04
  7.89366244e-04  0.00000000e+00  0.00000000e+00  0.00000000e+00
  0.00000000e+00  0.00000000e+00  0.00000000e+00  0.00000000e+00
  0.00000000e+00  0.00000000e+00  0.00000000e+00  0.00000000e+00
  0.00000000e+00  0.00000000e+00  0.00000000e+00  0.00000000e+00
  0.00000000e+00  0.00000000e+00  0.00000000e+00  0.00000000e+00
  0.00000000e+00  0.00000000e+00  0.00000000e+00  0.00000000e+00
  0.00000000e+00  0.00000000e+00  0.00000000e+00  0.00000000e+00],0.0,0.0,0.0,0.0,0.0,0.0,[0. 0. 0. 0. 0. 0. 0. 0. 0. 0. 0. 0. 0. 0. 0. 0. 0. 0. 0. 0. 0. 0. 0. 0.
 0. 0. 0. 0. 0. 0. 0. 0. 0. 0. 0. 0.]
16.551045894622803,,4.479900120824537,-5.158899601420716,0.0,-0.0,0.0,0.9987353748492697,-0.050275749866995637,[ 4.61410492e-03 -1.33229491e-03 -6.27679501e-05 -1.33229491e-03
  1.70967726e-03  3.83008305e-04 -6.27679501e-05  3.83008305e-04
  8.02030763e-04  0.00000000e+00  0.00000000e+00  0.00000000e+00
  0.00000000e+00  0.00000000e+00  0.00000000e+00  0.00000000e+00
  0.00000000e+00  0.00000000e+00  0.00000000e+00  0.00000000e+00
  0.00000000e+00  0.00000000e+00  0.00000000e+00  0.00000000e+00
  0.00000000e+00  0.00000000e+00  0.00000000e+00  0.00000000e+00
  0.00000000e+00  0.00000000e+00  0.00000000e+00  0.00000000e+00
  0.00000000e+00  0.00000000e+00  0.00000000e+00  0.00000000e+00],0.0,0.0,0.0,0.0,0.0,0.0,[0. 0. 0. 0. 0. 0. 0. 0. 0. 0. 0. 0. 0. 0. 0. 0. 0. 0. 0. 0. 0. 0. 0. 0.
 0. 0. 0. 0. 0. 0. 0. 0. 0. 0. 0. 0.]
16.572093725204468,,4.481782709287625,-5.159069259314778,0.0,-0.0,0.0,0.9988052511730899,-0.04886788545722681,[ 0.00471866 -0.0013831  -0.0001047  -0.0013831   0.00164536  0.00041811
 -0.0001047   0.00041811  0.0007989   0.          0.          0.
  0.          0.          0.          0.          0.          0.
  0.          0.          0.          0.          0.          0.
  0.          0.          0.          0.          0.          0.
  0.          0.          0.          0.          0.          0.        ],0.0,0.0,0.0,0.0,0.0,0.0,[0. 0. 0. 0. 0. 0. 0. 0. 0. 0. 0. 0. 0. 0. 0. 0. 0. 0. 0. 0. 0. 0. 0. 0.
 0. 0. 0. 0. 0. 0. 0. 0. 0. 0. 0. 0.]
16.598281621932983,,4.476226267100748,-5.158503644213639,0.0,-0.0,0.0,0.9987131862842191,-0.050714608763379285,[ 0.00446174 -0.00149477 -0.00014375 -0.00149477  0.0018342   0.00043063
 -0.00014375  0.00043063  0.00073613  0.          0.          0.
  0.          0.          0.          0.          0.          0.
  0.          0.          0.          0.          0.          0.
  0.          0.          0.          0.          0.          0.
  0.          0.          0.          0.          0.          0.        ],0.0,0.0,0.0,0.0,0.0,0.0,[0. 0. 0. 0. 0. 0. 0. 0. 0. 0. 0. 0. 0. 0. 0. 0. 0. 0. 0. 0. 0. 0. 0. 0.
 0. 0. 0. 0. 0. 0. 0. 0. 0. 0. 0. 0.]
16.611607789993286,,4.473791145907665,-5.157743335184384,0.0,-0.0,0.0,0.9987614199779936,-0.049755662627904526,[ 0.00493441 -0.00151489 -0.00016427 -0.00151489  0.00186677  0.00045739
 -0.00016427  0.00045739  0.0007956   0.          0.          0.
  0.          0.          0.          0.          0.          0.
  0.          0.          0.          0.          0.          0.
  0.          0.          0.          0.          0.          0.
  0.          0.          0.          0.          0.          0.        ],0.0,0.0,0.0,0.0,0.0,0.0,[0. 0. 0. 0. 0. 0. 0. 0. 0. 0. 0. 0. 0. 0. 0. 0. 0. 0. 0. 0. 0. 0. 0. 0.
 0. 0. 0. 0. 0. 0. 0. 0. 0. 0. 0. 0.]
16.631772994995117,,4.4735043497329645,-5.156484222011345,0.0,-0.0,0.0,0.998711263179552,-0.05075246593323072,[ 0.00472992 -0.00150021 -0.00016135 -0.00150021  0.0017838   0.00042387
 -0.00016135  0.00042387  0.00079609  0.          0.          0.
  0.          0.          0.          0.          0.          0.
  0.          0.          0.          0.          0.          0.
  0.          0.          0.          0.          0.          0.
  0.          0.          0.          0.          0.          0.        ],0.0,0.0,0.0,0.0,0.0,0.0,[0. 0. 0. 0. 0. 0. 0. 0. 0. 0. 0. 0. 0. 0. 0. 0. 0. 0. 0. 0. 0. 0. 0. 0.
 0. 0. 0. 0. 0. 0. 0. 0. 0. 0. 0. 0.]
16.65320920944214,,4.480578036259025,-5.158679323929809,0.0,-0.0,0.0,0.9987650079654351,-0.0496835874691476,[ 0.00466524 -0.00167565 -0.00019054 -0.00167565  0.00185649  0.0003866
 -0.00019054  0.0003866   0.00073928  0.          0.          0.
  0.          0.          0.          0.          0.          0.
  0.          0.          0.          0.          0.          0.
  0.          0.          0.          0.          0.          0.
  0.          0.          0.          0.          0.          0.        ],0.0,0.0,0.0,0.0,0.0,0.0,[0. 0. 0. 0. 0. 0. 0. 0. 0. 0. 0. 0. 0. 0. 0. 0. 0. 0. 0. 0. 0. 0. 0. 0.
 0. 0. 0. 0. 0. 0. 0. 0. 0. 0. 0. 0.]
16.672366857528687,,4.48012889285302,-5.159450530013342,0.0,-0.0,0.0,0.9987652468145156,-0.04967878576957931,[ 0.00478575 -0.00176723 -0.00019539 -0.00176723  0.00191627  0.00039341
 -0.00019539  0.00039341  0.00075347  0.          0.          0.
  0.          0.          0.          0.          0.          0.
  0.          0.          0.          0.          0.          0.
  0.          0.          0.          0.          0.          0.
  0.          0.          0.          0.          0.          0.        ],0.0,0.0,0.0,0.0,0.0,0.0,[0. 0. 0. 0. 0. 0. 0. 0. 0. 0. 0. 0. 0. 0. 0. 0. 0. 0. 0. 0. 0. 0. 0. 0.
 0. 0. 0. 0. 0. 0. 0. 0. 0. 0. 0. 0.]
16.694000244140625,,4.483668683749821,-5.160990864514671,0.0,-0.0,0.0,0.9988028181973797,-0.0489175874402256,[ 0.00502207 -0.00171303 -0.00015701 -0.00171303  0.00192516  0.00041515
 -0.00015701  0.00041515  0.00076074  0.          0.          0.
  0.          0.          0.          0.          0.          0.
  0.          0.          0.          0.          0.          0.
  0.          0.          0.          0.          0.          0.
  0.          0.          0.          0.          0.          0.        ],0.0,0.0,0.0,0.0,0.0,0.0,[0. 0. 0. 0. 0. 0. 0. 0. 0. 0. 0. 0. 0. 0. 0. 0. 0. 0. 0. 0. 0. 0. 0. 0.
 0. 0. 0. 0. 0. 0. 0. 0. 0. 0. 0. 0.]
16.713332891464233,,4.482706050870918,-5.158910160273972,0.0,-0.0,0.0,0.9987222493752892,-0.050535815049950014,[ 0.00495113 -0.00150548 -0.00013982 -0.00150548  0.00172706  0.00042999
 -0.00013982  0.00042999  0.00079804  0.          0.          0.
  0.          0.          0.          0.          0.          0.
  0.          0.          0.          0.          0.          0.
  0.          0.          0.          0.          0.          0.
  0.          0.          0.          0.          0.          0.        ],0.0,0.0,0.0,0.0,0.0,0.0,[0. 0. 0. 0. 0. 0. 0. 0. 0. 0. 0. 0. 0. 0. 0. 0. 0. 0. 0. 0. 0. 0. 0. 0.
 0. 0. 0. 0. 0. 0. 0. 0. 0. 0. 0. 0.]
16.734230995178223,,4.479909150855971,-5.156142728955148,0.0,-0.0,0.0,0.9987189515494466,-0.05060094678930691,[ 0.00532421 -0.00173912 -0.00017404 -0.00173912  0.00176643  0.00045648
 -0.00017404  0.00045648  0.00080621  0.          0.          0.
  0.          0.          0.          0.          0.          0.
  0.          0.          0.          0.          0.          0.
  0.          0.          0.          0.          0.          0.
  0.          0.          0.          0.          0.          0.        ],0.0,0.0,0.0,0.0,0.0,0.0,[0. 0. 0. 0. 0. 0. 0. 0. 0. 0. 0. 0. 0. 0. 0. 0. 0. 0. 0. 0. 0. 0. 0. 0.
 0. 0. 0. 0. 0. 0. 0. 0. 0. 0. 0. 0.]
16.746904611587524,,4.474618391461752,-5.1554234296898995,0.0,-0.0,0.0,0.998725314487105,-0.050475203839440895,[ 0.00528787 -0.00178682 -0.00029941 -0.00178682  0.0018842   0.00044141
 -0.00029941  0.00044141  0.00080385  0.          0.          0.
  0.          0.          0.          0.          0.          0.
  0.          0.          0.          0.          0.          0.
  0.          0.          0.          0.          0.          0.
  0.          0.          0.          0.          0.          0.        ],0.0,0.0,0.0,0.0,0.0,0.0,[0. 0. 0. 0. 0. 0. 0. 0. 0. 0. 0. 0. 0. 0. 0. 0. 0. 0. 0. 0. 0. 0. 0. 0.
 0. 0. 0. 0. 0. 0. 0. 0. 0. 0. 0. 0.]
16.780198574066162,,4.481178133487894,-5.156982853735093,0.0,-0.0,0.0,0.9987401995530828,-0.05017981463365955,[ 0.00521728 -0.00173016 -0.00014616 -0.00173016  0.00183412  0.0004177
 -0.00014616  0.0004177   0.00076989  0.          0.          0.
  0.          0.          0.          0.          0.          0.
  0.          0.          0.          0.          0.          0.
  0.          0.          0.          0.          0.          0.
  0.          0.          0.          0.          0.          0.        ],0.0,0.0,0.0,0.0,0.0,0.0,[0. 0. 0. 0. 0. 0. 0. 0. 0. 0. 0. 0. 0. 0. 0. 0. 0. 0. 0. 0. 0. 0. 0. 0.
 0. 0. 0. 0. 0. 0. 0. 0. 0. 0. 0. 0.]
16.79939341545105,,4.479033657430037,-5.160230190192538,0.0,-0.0,0.0,0.99870913443845,-0.05079433816088142,[ 0.00516497 -0.00161124 -0.00024    -0.00161124  0.00171748  0.0004236
 -0.00024     0.0004236   0.00074947  0.          0.          0.
  0.          0.          0.          0.          0.          0.
  0.          0.          0.          0.          0.          0.
  0.          0.          0.          0.          0.          0.
  0.          0.          0.          0.          0.          0.        ],0.0,0.0,0.0,0.0,0.0,0.0,[0. 0. 0. 0. 0. 0. 0. 0. 0. 0. 0. 0. 0. 0. 0. 0. 0. 0. 0. 0. 0. 0. 0. 0.
 0. 0. 0. 0. 0. 0. 0. 0. 0. 0. 0. 0.]
16.812989234924316,,4.483280714349602,-5.161255118230737,0.0,-0.0,0.0,0.9987434452652483,-0.05011517274939772,[ 0.00527058 -0.001791   -0.00023979 -0.001791    0.00188454  0.00043555
 -0.00023979  0.00043555  0.00079723  0.          0.          0.
  0.          0.          0.          0.          0.          0.
  0.          0.          0.          0.          0.          0.
  0.          0.          0.          0.          0.          0.
  0.          0.          0.          0.          0.          0.        ],0.0,0.0,0.0,0.0,0.0,0.0,[0. 0. 0. 0. 0. 0. 0. 0. 0. 0. 0. 0. 0. 0. 0. 0. 0. 0. 0. 0. 0. 0. 0. 0.
 0. 0. 0. 0. 0. 0. 0. 0. 0. 0. 0. 0.]
16.833516120910645,,4.4817106815893935,-5.1598762145823125,0.0,-0.0,0.0,0.998774138883821,-0.049499691886735864,[ 0.00552123 -0.0017658  -0.00021066 -0.0017658   0.00177504  0.00039802
 -0.00021066  0.00039802  0.00074711  0.          0.          0.
  0.          0.          0.          0.          0.          0.
  0.          0.          0.          0.          0.          0.
  0.          0.          0.          0.          0.          0.
  0.          0.          0.          0.          0.          0.        ],0.0,0.0,0.0,0.0,0.0,0.0,[0. 0. 0. 0. 0. 0. 0. 0. 0. 0. 0. 0. 0. 0. 0. 0. 0. 0. 0. 0. 0. 0. 0. 0.
 0. 0. 0. 0. 0. 0. 0. 0. 0. 0. 0. 0.]
16.852303981781006,,4.4783202497681325,-5.158072982726748,0.0,-0.0,0.0,0.9987469877440224,-0.05004452489775153,[ 0.00554715 -0.00207065 -0.00019613 -0.00207065  0.00202818  0.00041864
 -0.00019613  0.00041864  0.00072888  0.          0.          0.
  0.          0.          0.          0.          0.          0.
  0.          0.          0.          0.          0.          0.
  0.          0.          0.          0.          0.          0.
  0.          0.          0.          0.          0.          0.        ],0.0,0.0,0.0,0.0,0.0,0.0,[0. 0. 0. 0. 0. 0. 0. 0. 0. 0. 0. 0. 0. 0. 0. 0. 0. 0. 0. 0. 0. 0. 0. 0.
 0. 0. 0. 0. 0. 0. 0. 0. 0. 0. 0. 0.]
16.868366956710815,,4.475624660282917,-5.155530457903366,0.0,-0.0,0.0,0.998746393592353,-0.05005638107443244,[ 0.00539638 -0.00189327 -0.00023837 -0.00189327  0.0018704   0.00045198
 -0.00023837  0.00045198  0.0007708   0.          0.          0.
  0.          0.          0.          0.          0.          0.
  0.          0.          0.          0.          0.          0.
  0.          0.          0.          0.          0.          0.
  0.          0.          0.          0.          0.          0.        ],0.0,0.0,0.0,0.0,0.0,0.0,[0. 0. 0. 0. 0. 0. 0. 0. 0. 0. 0. 0. 0. 0. 0. 0. 0. 0. 0. 0. 0. 0. 0. 0.
 0. 0. 0. 0. 0. 0. 0. 0. 0. 0. 0. 0.]
16.896709442138672,,4.479362237128199,-5.15146036591877,0.0,-0.0,0.0,0.9987389967622375,-0.0502037483297746,[ 0.00521574 -0.00157285 -0.00023965 -0.00157285  0.00167803  0.00045481
 -0.00023965  0.00045481  0.00084472  0.          0.          0.
  0.          0.          0.          0.          0.          0.
  0.          0.          0.          0.          0.          0.
  0.          0.          0.          0.          0.          0.
  0.          0.          0.          0.          0.          0.        ],0.0,0.0,0.0,0.0,0.0,0.0,[0. 0. 0. 0. 0. 0. 0. 0. 0. 0. 0. 0. 0. 0. 0. 0. 0. 0. 0. 0. 0. 0. 0. 0.
 0. 0. 0. 0. 0. 0. 0. 0. 0. 0. 0. 0.]
16.915190935134888,,4.48379072479354,-5.154395021102558,0.0,-0.0,0.0,0.9987377671340237,-0.05022820422974112,[ 4.88601667e-03 -1.44528569e-03 -2.51678224e-05 -1.44528569e-03
  1.78483446e-03  3.41885758e-04 -2.51678224e-05  3.41885758e-04
  7.48227428e-04  0.00000000e+00  0.00000000e+00  0.00000000e+00
  0.00000000e+00  0.00000000e+00  0.00000000e+00  0.00000000e+00
  0.00000000e+00  0.00000000e+00  0.00000000e+00  0.00000000e+00
  0.00000000e+00  0.00000000e+00  0.00000000e+00  0.00000000e+00
  0.00000000e+00  0.00000000e+00  0.00000000e+00  0.00000000e+00
  0.00000000e+00  0.00000000e+00  0.00000000e+00  0.00000000e+00
  0.00000000e+00  0.00000000e+00  0.00000000e+00  0.00000000e+00],0.0,0.0,0.0,0.0,0.0,0.0,[0. 0. 0. 0. 0. 0. 0. 0. 0. 0. 0. 0. 0. 0. 0. 0. 0. 0. 0. 0. 0. 0. 0. 0.
 0. 0. 0. 0. 0. 0. 0. 0. 0. 0. 0. 0.]
16.93605089187622,,4.486047043730425,-5.158692977786338,0.0,-0.0,0.0,0.9987123839385057,-0.05073040673862929,[ 4.45284780e-03 -1.37831763e-03 -4.42911321e-05 -1.37831763e-03
  1.64872535e-03  3.67748265e-04 -4.42911321e-05  3.67748265e-04
  7.41900202e-04  0.00000000e+00  0.00000000e+00  0.00000000e+00
  0.00000000e+00  0.00000000e+00  0.00000000e+00  0.00000000e+00
  0.00000000e+00  0.00000000e+00  0.00000000e+00  0.00000000e+00
  0.00000000e+00  0.00000000e+00  0.00000000e+00  0.00000000e+00
  0.00000000e+00  0.00000000e+00  0.00000000e+00  0.00000000e+00
  0.00000000e+00  0.00000000e+00  0.00000000e+00  0.00000000e+00
  0.00000000e+00  0.00000000e+00  0.00000000e+00  0.00000000e+00],0.0,0.0,0.0,0.0,0.0,0.0,[0. 0. 0. 0. 0. 0. 0. 0. 0. 0. 0. 0. 0. 0. 0. 0. 0. 0. 0. 0. 0. 0. 0. 0.
 0. 0. 0. 0. 0. 0. 0. 0. 0. 0. 0. 0.]
16.95461416244507,,4.4880082927245875,-5.160629817496145,0.0,-0.0,0.0,0.9987036641141221,-0.050901780764789184,[ 0.0044095  -0.001339   -0.00014507 -0.001339    0.00155122  0.00038322
 -0.00014507  0.00038322  0.00073865  0.          0.          0.
  0.          0.          0.          0.          0.          0.
  0.          0.          0.          0.          0.          0.
  0.          0.          0.          0.          0.          0.
  0.          0.          0.          0.          0.          0.        ],0.0,0.0,0.0,0.0,0.0,0.0,[0. 0. 0. 0. 0. 0. 0. 0. 0. 0. 0. 0. 0. 0. 0. 0. 0. 0. 0. 0. 0. 0. 0. 0.
 0. 0. 0. 0. 0. 0. 0. 0. 0. 0. 0. 0.]
16.974745988845825,,4.488373047089936,-5.162078723814979,0.0,-0.0,0.0,0.9987112981659831,-0.050751777462633305,[ 0.00433443 -0.00130237 -0.00013211 -0.00130237  0.00166918  0.00043897
 -0.00013211  0.00043897  0.00075783  0.          0.          0.
  0.          0.          0.          0.          0.          0.
  0.          0.          0.          0.          0.          0.
  0.          0.          0.          0.          0.          0.
  0.          0.          0.          0.          0.          0.        ],0.0,0.0,0.0,0.0,0.0,0.0,[0. 0. 0. 0. 0. 0. 0. 0. 0. 0. 0. 0. 0. 0. 0. 0. 0. 0. 0. 0. 0. 0. 0. 0.
 0. 0. 0. 0. 0. 0. 0. 0. 0. 0. 0. 0.]
16.993780612945557,,4.48571078601809,-5.1579515952566295,0.0,-0.0,0.0,0.998734659935153,-0.05028994973366188,[ 4.77922320e-03 -1.47854745e-03 -4.17012322e-05 -1.47854745e-03
  1.63166960e-03  4.28176465e-04 -4.17012322e-05  4.28176465e-04
  7.96628190e-04  0.00000000e+00  0.00000000e+00  0.00000000e+00
  0.00000000e+00  0.00000000e+00  0.00000000e+00  0.00000000e+00
  0.00000000e+00  0.00000000e+00  0.00000000e+00  0.00000000e+00
  0.00000000e+00  0.00000000e+00  0.00000000e+00  0.00000000e+00
  0.00000000e+00  0.00000000e+00  0.00000000e+00  0.00000000e+00
  0.00000000e+00  0.00000000e+00  0.00000000e+00  0.00000000e+00
  0.00000000e+00  0.00000000e+00  0.00000000e+00  0.00000000e+00],0.0,0.0,0.0,0.0,0.0,0.0,[0. 0. 0. 0. 0. 0. 0. 0. 0. 0. 0. 0. 0. 0. 0. 0. 0. 0. 0. 0. 0. 0. 0. 0.
 0. 0. 0. 0. 0. 0. 0. 0. 0. 0. 0. 0.]
17.008047342300415,,4.480175357537163,-5.158809884538755,0.0,-0.0,0.0,0.9987910602889486,-0.04915707361995769,[ 0.00445617 -0.00142641 -0.00014384 -0.00142641  0.00160042  0.00035825
 -0.00014384  0.00035825  0.00072576  0.          0.          0.
  0.          0.          0.          0.          0.          0.
  0.          0.          0.          0.          0.          0.
  0.          0.          0.          0.          0.          0.
  0.          0.          0.          0.          0.          0.        ],0.0,0.0,0.0,0.0,0.0,0.0,[0. 0. 0. 0. 0. 0. 0. 0. 0. 0. 0. 0. 0. 0. 0. 0. 0. 0. 0. 0. 0. 0. 0. 0.
 0. 0. 0. 0. 0. 0. 0. 0. 0. 0. 0. 0.]
17.026503086090088,,4.474892016689591,-5.158072009461824,0.0,-0.0,0.0,0.9987341207919144,-0.05030065572138967,[ 4.36134254e-03 -1.33207214e-03 -9.77339191e-05 -1.33207214e-03
  1.59040019e-03  3.35087198e-04 -9.77339191e-05  3.35087198e-04
  6.82284988e-04  0.00000000e+00  0.00000000e+00  0.00000000e+00
  0.00000000e+00  0.00000000e+00  0.00000000e+00  0.00000000e+00
  0.00000000e+00  0.00000000e+00  0.00000000e+00  0.00000000e+00
  0.00000000e+00  0.00000000e+00  0.00000000e+00  0.00000000e+00
  0.00000000e+00  0.00000000e+00  0.00000000e+00  0.00000000e+00
  0.00000000e+00  0.00000000e+00  0.00000000e+00  0.00000000e+00
  0.00000000e+00  0.00000000e+00  0.00000000e+00  0.00000000e+00],0.0,0.0,0.0,0.0,0.0,0.0,[0. 0. 0. 0. 0. 0. 0. 0. 0. 0. 0. 0. 0. 0. 0. 0. 0. 0. 0. 0. 0. 0. 0. 0.
 0. 0. 0. 0. 0. 0. 0. 0. 0. 0. 0. 0.]
17.049052715301514,,4.483301724202636,-5.162982498702866,0.0,-0.0,0.0,0.9988149598010021,-0.04866904640243661,[ 0.00493218 -0.00181045 -0.00016217 -0.00181045  0.00191058  0.00039049
 -0.00016217  0.00039049  0.00077985  0.          0.          0.
  0.          0.          0.          0.          0.          0.
  0.          0.          0.          0.          0.          0.
  0.          0.          0.          0.          0.          0.
  0.          0.          0.          0.          0.          0.        ],0.0,0.0,0.0,0.0,0.0,0.0,[0. 0. 0. 0. 0. 0. 0. 0. 0. 0. 0. 0. 0. 0. 0. 0. 0. 0. 0. 0. 0. 0. 0. 0.
 0. 0. 0. 0. 0. 0. 0. 0. 0. 0. 0. 0.]
17.06865406036377,,4.481561848098248,-5.160176890360828,0.0,-0.0,0.0,0.9987391835080536,-0.05020003312415707,[ 5.11770036e-03 -1.58299919e-03 -6.41151287e-05 -1.58299919e-03
  1.70384907e-03  3.68023783e-04 -6.41151287e-05  3.68023783e-04
  8.27086138e-04  0.00000000e+00  0.00000000e+00  0.00000000e+00
  0.00000000e+00  0.00000000e+00  0.00000000e+00  0.00000000e+00
  0.00000000e+00  0.00000000e+00  0.00000000e+00  0.00000000e+00
  0.00000000e+00  0.00000000e+00  0.00000000e+00  0.00000000e+00
  0.00000000e+00  0.00000000e+00  0.00000000e+00  0.00000000e+00
  0.00000000e+00  0.00000000e+00  0.00000000e+00  0.00000000e+00
  0.00000000e+00  0.00000000e+00  0.00000000e+00  0.00000000e+00],0.0,0.0,0.0,0.0,0.0,0.0,[0. 0. 0. 0. 0. 0. 0. 0. 0. 0. 0. 0. 0. 0. 0. 0. 0. 0. 0. 0. 0. 0. 0. 0.
 0. 0. 0. 0. 0. 0. 0. 0. 0. 0. 0. 0.]
17.08792471885681,,4.478881173835056,-5.162174974288909,0.0,-0.0,0.0,0.9987628866006917,-0.049726213902266315,[ 0.00482384 -0.00168828 -0.00028308 -0.00168828  0.0017674   0.00043001
 -0.00028308  0.00043001  0.00071839  0.          0.          0.
  0.          0.          0.          0.          0.          0.
  0.          0.          0.          0.          0.          0.
  0.          0.          0.          0.          0.          0.
  0.          0.          0.          0.          0.          0.        ],0.0,0.0,0.0,0.0,0.0,0.0,[0. 0. 0. 0. 0. 0. 0. 0. 0. 0. 0. 0. 0. 0. 0. 0. 0. 0. 0. 0. 0. 0. 0. 0.
 0. 0. 0. 0. 0. 0. 0. 0. 0. 0. 0. 0.]
17.117244005203247,,4.4820568713969795,-5.162406791168469,0.0,-0.0,0.0,0.9987820258803192,-0.04934029568623862,[ 0.00512691 -0.00177143 -0.00012913 -0.00177143  0.00186475  0.00032111
 -0.00012913  0.00032111  0.00071559  0.          0.          0.
  0.          0.          0.          0.          0.          0.
  0.          0.          0.          0.          0.          0.
  0.          0.          0.          0.          0.          0.
  0.          0.          0.          0.          0.          0.        ],0.0,0.0,0.0,0.0,0.0,0.0,[0. 0. 0. 0. 0. 0. 0. 0. 0. 0. 0. 0. 0. 0. 0. 0. 0. 0. 0. 0. 0. 0. 0. 0.
 0. 0. 0. 0. 0. 0. 0. 0. 0. 0. 0. 0.]
17.144469261169434,,4.480246590463038,-5.158945315265885,0.0,-0.0,0.0,0.998797558384016,-0.049024864774196084,[ 0.00523716 -0.00174472 -0.00019811 -0.00174472  0.00173456  0.00044274
 -0.00019811  0.00044274  0.00081125  0.          0.          0.
  0.          0.          0.          0.          0.          0.
  0.          0.          0.          0.          0.          0.
  0.          0.          0.          0.          0.          0.
  0.          0.          0.          0.          0.          0.        ],0.0,0.0,0.0,0.0,0.0,0.0,[0. 0. 0. 0. 0. 0. 0. 0. 0. 0. 0. 0. 0. 0. 0. 0. 0. 0. 0. 0. 0. 0. 0. 0.
 0. 0. 0. 0. 0. 0. 0. 0. 0. 0. 0. 0.]
17.162842750549316,,4.4782546518068775,-5.157429710059119,0.0,-0.0,0.0,0.9987093799897123,-0.05078950994609508,[ 0.00493381 -0.00153624 -0.00016652 -0.00153624  0.00164368  0.00039811
 -0.00016652  0.00039811  0.00074034  0.          0.          0.
  0.          0.          0.          0.          0.          0.
  0.          0.          0.          0.          0.          0.
  0.          0.          0.          0.          0.          0.
  0.          0.          0.          0.          0.          0.        ],0.0,0.0,0.0,0.0,0.0,0.0,[0. 0. 0. 0. 0. 0. 0. 0. 0. 0. 0. 0. 0. 0. 0. 0. 0. 0. 0. 0. 0. 0. 0. 0.
 0. 0. 0. 0. 0. 0. 0. 0. 0. 0. 0. 0.]
17.177322149276733,,4.482469235950823,-5.158492200267794,0.0,-0.0,0.0,0.9987250107577949,-0.0504812132069198,[ 0.00524909 -0.00176683 -0.00010306 -0.00176683  0.00167237  0.00030333
 -0.00010306  0.00030333  0.00068412  0.          0.          0.
  0.          0.          0.          0.          0.          0.
  0.          0.          0.          0.          0.          0.
  0.          0.          0.          0.          0.          0.
  0.          0.          0.          0.          0.          0.        ],0.0,0.0,0.0,0.0,0.0,0.0,[0. 0. 0. 0. 0. 0. 0. 0. 0. 0. 0. 0. 0. 0. 0. 0. 0. 0. 0. 0. 0. 0. 0. 0.
 0. 0. 0. 0. 0. 0. 0. 0. 0. 0. 0. 0.]
17.204338788986206,,4.48385998763496,-5.160184065348184,0.0,-0.0,0.0,0.9987123601918814,-0.05073087422824229,[ 0.00532148 -0.00171591 -0.0001506  -0.00171591  0.00176352  0.00041345
 -0.0001506   0.00041345  0.00076968  0.          0.          0.
  0.          0.          0.          0.          0.          0.
  0.          0.          0.          0.          0.          0.
  0.          0.          0.          0.          0.          0.
  0.          0.          0.          0.          0.          0.        ],0.0,0.0,0.0,0.0,0.0,0.0,[0. 0. 0. 0. 0. 0. 0. 0. 0. 0. 0. 0. 0. 0. 0. 0. 0. 0. 0. 0. 0. 0. 0. 0.
 0. 0. 0. 0. 0. 0. 0. 0. 0. 0. 0. 0.]
17.219635009765625,,4.480723666823886,-5.162045136953136,0.0,-0.0,0.0,0.9987216816701082,-0.05054703316744791,[ 0.0053321  -0.00183441 -0.00024365 -0.00183441  0.00193231  0.00049812
 -0.00024365  0.00049812  0.00075866  0.          0.          0.
  0.          0.          0.          0.          0.          0.
  0.          0.          0.          0.          0.          0.
  0.          0.          0.          0.          0.          0.
  0.          0.          0.          0.          0.          0.        ],0.0,0.0,0.0,0.0,0.0,0.0,[0. 0. 0. 0. 0. 0. 0. 0. 0. 0. 0. 0. 0. 0. 0. 0. 0. 0. 0. 0. 0. 0. 0. 0.
 0. 0. 0. 0. 0. 0. 0. 0. 0. 0. 0. 0.]
17.23290753364563,,4.483704371753834,-5.161179756001626,0.0,-0.0,0.0,0.9987886849212574,-0.04920531346577548,[ 0.00542581 -0.00178631 -0.00013178 -0.00178631  0.00190908  0.00042986
 -0.00013178  0.00042986  0.00079444  0.          0.          0.
  0.          0.          0.          0.          0.          0.
  0.          0.          0.          0.          0.          0.
  0.          0.          0.          0.          0.          0.
  0.          0.          0.          0.          0.          0.        ],0.0,0.0,0.0,0.0,0.0,0.0,[0. 0. 0. 0. 0. 0. 0. 0. 0. 0. 0. 0. 0. 0. 0. 0. 0. 0. 0. 0. 0. 0. 0. 0.
 0. 0. 0. 0. 0. 0. 0. 0. 0. 0. 0. 0.]
17.255975484848022,,4.484169963345137,-5.158745098669972,0.0,-0.0,0.0,0.9987373252943847,-0.0502369890003208,[ 0.00545516 -0.00185937 -0.00023836 -0.00185937  0.00190737  0.0004884
 -0.00023836  0.0004884   0.00079174  0.          0.          0.
  0.          0.          0.          0.          0.          0.
  0.          0.          0.          0.          0.          0.
  0.          0.          0.          0.          0.          0.
  0.          0.          0.          0.          0.          0.        ],0.0,0.0,0.0,0.0,0.0,0.0,[0. 0. 0. 0. 0. 0. 0. 0. 0. 0. 0. 0. 0. 0. 0. 0. 0. 0. 0. 0. 0. 0. 0. 0.
 0. 0. 0. 0. 0. 0. 0. 0. 0. 0. 0. 0.]
17.27612066268921,,4.480986430198902,-5.159451809498077,0.0,-0.0,0.0,0.9987419445291892,-0.05014507192191526,[ 0.00546427 -0.00182985 -0.00015844 -0.00182985  0.00189412  0.00040262
 -0.00015844  0.00040262  0.00073183  0.          0.          0.
  0.          0.          0.          0.          0.          0.
  0.          0.          0.          0.          0.          0.
  0.          0.          0.          0.          0.          0.
  0.          0.          0.          0.          0.          0.        ],0.0,0.0,0.0,0.0,0.0,0.0,[0. 0. 0. 0. 0. 0. 0. 0. 0. 0. 0. 0. 0. 0. 0. 0. 0. 0. 0. 0. 0. 0. 0. 0.
 0. 0. 0. 0. 0. 0. 0. 0. 0. 0. 0. 0.]
17.294254779815674,,4.485789656568124,-5.159880543026458,0.0,-0.0,0.0,0.9987202380596274,-0.050575548342269676,[ 0.00538477 -0.00190207 -0.00028437 -0.00190207  0.00201707  0.00053022
 -0.00028437  0.00053022  0.00082551  0.          0.          0.
  0.          0.          0.          0.          0.          0.
  0.          0.          0.          0.          0.          0.
  0.          0.          0.          0.          0.          0.
  0.          0.          0.          0.          0.          0.        ],0.0,0.0,0.0,0.0,0.0,0.0,[0. 0. 0. 0. 0. 0. 0. 0. 0. 0. 0. 0. 0. 0. 0. 0. 0. 0. 0. 0. 0. 0. 0. 0.
 0. 0. 0. 0. 0. 0. 0. 0. 0. 0. 0. 0.]
17.31284999847412,,4.4841964265161645,-5.160830745810539,0.0,-0.0,0.0,0.9987376849450915,-0.05022983844806899,[ 0.00537983 -0.00180383 -0.00028846 -0.00180383  0.00206655  0.00053252
 -0.00028846  0.00053252  0.00084159  0.          0.          0.
  0.          0.          0.          0.          0.          0.
  0.          0.          0.          0.          0.          0.
  0.          0.          0.          0.          0.          0.
  0.          0.          0.          0.          0.          0.        ],0.0,0.0,0.0,0.0,0.0,0.0,[0. 0. 0. 0. 0. 0. 0. 0. 0. 0. 0. 0. 0. 0. 0. 0. 0. 0. 0. 0. 0. 0. 0. 0.
 0. 0. 0. 0. 0. 0. 0. 0. 0. 0. 0. 0.]
17.333903074264526,,4.487834974485082,-5.1615176515955445,0.0,-0.0,0.0,0.9987806123793208,-0.04936890048592267,[ 0.00558673 -0.00194762 -0.00019941 -0.00194762  0.00207273  0.00047957
 -0.00019941  0.00047957  0.00079458  0.          0.          0.
  0.          0.          0.          0.          0.          0.
  0.          0.          0.          0.          0.          0.
  0.          0.          0.          0.          0.          0.
  0.          0.          0.          0.          0.          0.        ],0.0,0.0,0.0,0.0,0.0,0.0,[0. 0. 0. 0. 0. 0. 0. 0. 0. 0. 0. 0. 0. 0. 0. 0. 0. 0. 0. 0. 0. 0. 0. 0.
 0. 0. 0. 0. 0. 0. 0. 0. 0. 0. 0. 0.]
17.353454113006592,,4.493476122280603,-5.164065949550983,0.0,-0.0,0.0,0.9987545112231839,-0.04989415107343732,[ 0.0054684  -0.00199367 -0.00030484 -0.00199367  0.00190425  0.00043283
 -0.00030484  0.00043283  0.00080154  0.          0.          0.
  0.          0.          0.          0.          0.          0.
  0.          0.          0.          0.          0.          0.
  0.          0.          0.          0.          0.          0.
  0.          0.          0.          0.          0.          0.        ],0.0,0.0,0.0,0.0,0.0,0.0,[0. 0. 0. 0. 0. 0. 0. 0. 0. 0. 0. 0. 0. 0. 0. 0. 0. 0. 0. 0. 0. 0. 0. 0.
 0. 0. 0. 0. 0. 0. 0. 0. 0. 0. 0. 0.]
17.37613558769226,,4.489651017581518,-5.161946331779344,0.0,-0.0,0.0,0.9987630398821278,-0.049723135112451786,[ 0.00505587 -0.00177255 -0.00036631 -0.00177255  0.00187203  0.000503
 -0.00036631  0.000503    0.00081447  0.          0.          0.
  0.          0.          0.          0.          0.          0.
  0.          0.          0.          0.          0.          0.
  0.          0.          0.          0.          0.          0.
  0.          0.          0.          0.          0.          0.        ],0.0,0.0,0.0,0.0,0.0,0.0,[0. 0. 0. 0. 0. 0. 0. 0. 0. 0. 0. 0. 0. 0. 0. 0. 0. 0. 0. 0. 0. 0. 0. 0.
 0. 0. 0. 0. 0. 0. 0. 0. 0. 0. 0. 0.]
17.405044078826904,,4.4863462849400895,-5.1630205168561485,0.0,-0.0,0.0,0.9987121814745876,-0.05073439242043094,[ 0.00506619 -0.00170672 -0.00020265 -0.00170672  0.00186665  0.00043809
 -0.00020265  0.00043809  0.00075062  0.          0.          0.
  0.          0.          0.          0.          0.          0.
  0.          0.          0.          0.          0.          0.
  0.          0.          0.          0.          0.          0.
  0.          0.          0.          0.          0.          0.        ],0.0,0.0,0.0,0.0,0.0,0.0,[0. 0. 0. 0. 0. 0. 0. 0. 0. 0. 0. 0. 0. 0. 0. 0. 0. 0. 0. 0. 0. 0. 0. 0.
 0. 0. 0. 0. 0. 0. 0. 0. 0. 0. 0. 0.]
17.425330877304077,,4.48585364389932,-5.162732686499951,0.0,-0.0,0.0,0.998800132282911,-0.048972397854706036,[ 0.00453711 -0.00143801 -0.00010595 -0.00143801  0.00178804  0.00038532
 -0.00010595  0.00038532  0.00074284  0.          0.          0.
  0.          0.          0.          0.          0.          0.
  0.          0.          0.          0.          0.          0.
  0.          0.          0.          0.          0.          0.
  0.          0.          0.          0.          0.          0.        ],0.0,0.0,0.0,0.0,0.0,0.0,[0. 0. 0. 0. 0. 0. 0. 0. 0. 0. 0. 0. 0. 0. 0. 0. 0. 0. 0. 0. 0. 0. 0. 0.
 0. 0. 0. 0. 0. 0. 0. 0. 0. 0. 0. 0.]
17.43942093849182,,4.488712758306967,-5.1630031860701395,0.0,-0.0,0.0,0.9987726489795684,-0.049529745106710585,[ 0.00477942 -0.00153691 -0.00017639 -0.00153691  0.00181299  0.0004273
 -0.00017639  0.0004273   0.00082072  0.          0.          0.
  0.          0.          0.          0.          0.          0.
  0.          0.          0.          0.          0.          0.
  0.          0.          0.          0.          0.          0.
  0.          0.          0.          0.          0.          0.        ],0.0,0.0,0.0,0.0,0.0,0.0,[0. 0. 0. 0. 0. 0. 0. 0. 0. 0. 0. 0. 0. 0. 0. 0. 0. 0. 0. 0. 0. 0. 0. 0.
 0. 0. 0. 0. 0. 0. 0. 0. 0. 0. 0. 0.]
17.453874111175537,,4.486123164423239,-5.160865470076976,0.0,-0.0,0.0,0.9987702183398053,-0.0495787349320017,[ 0.005168   -0.00156807 -0.00011141 -0.00156807  0.00180544  0.00043154
 -0.00011141  0.00043154  0.00076107  0.          0.          0.
  0.          0.          0.          0.          0.          0.
  0.          0.          0.          0.          0.          0.
  0.          0.          0.          0.          0.          0.
  0.          0.          0.          0.          0.          0.        ],0.0,0.0,0.0,0.0,0.0,0.0,[0. 0. 0. 0. 0. 0. 0. 0. 0. 0. 0. 0. 0. 0. 0. 0. 0. 0. 0. 0. 0. 0. 0. 0.
 0. 0. 0. 0. 0. 0. 0. 0. 0. 0. 0. 0.]
17.47094702720642,,4.483749378005617,-5.158903942073193,0.0,-0.0,0.0,0.9987309041543279,-0.050364482396613945,[ 0.00492685 -0.00150799 -0.00019189 -0.00150799  0.00173752  0.00042075
 -0.00019189  0.00042075  0.00076577  0.          0.          0.
  0.          0.          0.          0.          0.          0.
  0.          0.          0.          0.          0.          0.
  0.          0.          0.          0.          0.          0.
  0.          0.          0.          0.          0.          0.        ],0.0,0.0,0.0,0.0,0.0,0.0,[0. 0. 0. 0. 0. 0. 0. 0. 0. 0. 0. 0. 0. 0. 0. 0. 0. 0. 0. 0. 0. 0. 0. 0.
 0. 0. 0. 0. 0. 0. 0. 0. 0. 0. 0. 0.]
17.48664903640747,,4.4822457761217045,-5.159087039327645,0.0,-0.0,0.0,0.99874989467321,-0.04998647707382562,[ 0.00518724 -0.00167364 -0.00018534 -0.00167364  0.00193146  0.00046593
 -0.00018534  0.00046593  0.00079447  0.          0.          0.
  0.          0.          0.          0.          0.          0.
  0.          0.          0.          0.          0.          0.
  0.          0.          0.          0.          0.          0.
  0.          0.          0.          0.          0.          0.        ],0.0,0.0,0.0,0.0,0.0,0.0,[0. 0. 0. 0. 0. 0. 0. 0. 0. 0. 0. 0. 0. 0. 0. 0. 0. 0. 0. 0. 0. 0. 0. 0.
 0. 0. 0. 0. 0. 0. 0. 0. 0. 0. 0. 0.]
17.51329016685486,,4.485953863639396,-5.159774650723186,0.0,-0.0,0.0,0.9987812994780186,-0.049354997852299284,[ 0.00532155 -0.00181603 -0.0002055  -0.00181603  0.0019578   0.00044106
 -0.0002055   0.00044106  0.00077446  0.          0.          0.
  0.          0.          0.          0.          0.          0.
  0.          0.          0.          0.          0.          0.
  0.          0.          0.          0.          0.          0.
  0.          0.          0.          0.          0.          0.        ],0.0,0.0,0.0,0.0,0.0,0.0,[0. 0. 0. 0. 0. 0. 0. 0. 0. 0. 0. 0. 0. 0. 0. 0. 0. 0. 0. 0. 0. 0. 0. 0.
 0. 0. 0. 0. 0. 0. 0. 0. 0. 0. 0. 0.]
17.533278465270996,,4.481846339834198,-5.16002161588355,0.0,-0.0,0.0,0.9987375806217776,-0.050231912702566536,[ 0.00507377 -0.00172032 -0.0001175  -0.00172032  0.00203445  0.00043001
 -0.0001175   0.00043001  0.00072801  0.          0.          0.
  0.          0.          0.          0.          0.          0.
  0.          0.          0.          0.          0.          0.
  0.          0.          0.          0.          0.          0.
  0.          0.          0.          0.          0.          0.        ],0.0,0.0,0.0,0.0,0.0,0.0,[0. 0. 0. 0. 0. 0. 0. 0. 0. 0. 0. 0. 0. 0. 0. 0. 0. 0. 0. 0. 0. 0. 0. 0.
 0. 0. 0. 0. 0. 0. 0. 0. 0. 0. 0. 0.]
17.551520586013794,,4.489333307882762,-5.1624376498203945,0.0,-0.0,0.0,0.9987520032325943,-0.04994432939663956,[ 0.00490515 -0.00169573 -0.0001738  -0.00169573  0.00197828  0.00047749
 -0.0001738   0.00047749  0.00082905  0.          0.          0.
  0.          0.          0.          0.          0.          0.
  0.          0.          0.          0.          0.          0.
  0.          0.          0.          0.          0.          0.
  0.          0.          0.          0.          0.          0.        ],0.0,0.0,0.0,0.0,0.0,0.0,[0. 0. 0. 0. 0. 0. 0. 0. 0. 0. 0. 0. 0. 0. 0. 0. 0. 0. 0. 0. 0. 0. 0. 0.
 0. 0. 0. 0. 0. 0. 0. 0. 0. 0. 0. 0.]
17.57405948638916,,4.490035215745706,-5.159200453470443,0.0,-0.0,0.0,0.9987757796761867,-0.0494665738880854,[ 0.00510589 -0.00166991 -0.0002399  -0.00166991  0.00184483  0.00044801
 -0.0002399   0.00044801  0.00074708  0.          0.          0.
  0.          0.          0.          0.          0.          0.
  0.          0.          0.          0.          0.          0.
  0.          0.          0.          0.          0.          0.
  0.          0.          0.          0.          0.          0.        ],0.0,0.0,0.0,0.0,0.0,0.0,[0. 0. 0. 0. 0. 0. 0. 0. 0. 0. 0. 0. 0. 0. 0. 0. 0. 0. 0. 0. 0. 0. 0. 0.
 0. 0. 0. 0. 0. 0. 0. 0. 0. 0. 0. 0.]
17.596940279006958,,4.488482902704627,-5.1610380911075415,0.0,-0.0,0.0,0.9987945431337752,-0.04908625679549411,[ 0.0047348  -0.00160289 -0.00013618 -0.00160289  0.00178226  0.00042222
 -0.00013618  0.00042222  0.00077473  0.          0.          0.
  0.          0.          0.          0.          0.          0.
  0.          0.          0.          0.          0.          0.
  0.          0.          0.          0.          0.          0.
  0.          0.          0.          0.          0.          0.        ],0.0,0.0,0.0,0.0,0.0,0.0,[0. 0. 0. 0. 0. 0. 0. 0. 0. 0. 0. 0. 0. 0. 0. 0. 0. 0. 0. 0. 0. 0. 0. 0.
 0. 0. 0. 0. 0. 0. 0. 0. 0. 0. 0. 0.]
17.610613107681274,,4.484115120144842,-5.162914756832116,0.0,-0.0,0.0,0.9987883529163962,-0.04921205216765846,[ 0.00542966 -0.00177113 -0.0001074  -0.00177113  0.00184795  0.00038259
 -0.0001074   0.00038259  0.00072354  0.          0.          0.
  0.          0.          0.          0.          0.          0.
  0.          0.          0.          0.          0.          0.
  0.          0.          0.          0.          0.          0.
  0.          0.          0.          0.          0.          0.        ],0.0,0.0,0.0,0.0,0.0,0.0,[0. 0. 0. 0. 0. 0. 0. 0. 0. 0. 0. 0. 0. 0. 0. 0. 0. 0. 0. 0. 0. 0. 0. 0.
 0. 0. 0. 0. 0. 0. 0. 0. 0. 0. 0. 0.]
17.627540588378906,,4.48529957024648,-5.161959027159606,0.0,-0.0,0.0,0.9987353031238065,-0.05027717468392875,[ 0.0053026  -0.00193266 -0.00016704 -0.00193266  0.00185015  0.00040433
 -0.00016704  0.00040433  0.00075972  0.          0.          0.
  0.          0.          0.          0.          0.          0.
  0.          0.          0.          0.          0.          0.
  0.          0.          0.          0.          0.          0.
  0.          0.          0.          0.          0.          0.        ],0.0,0.0,0.0,0.0,0.0,0.0,[0. 0. 0. 0. 0. 0. 0. 0. 0. 0. 0. 0. 0. 0. 0. 0. 0. 0. 0. 0. 0. 0. 0. 0.
 0. 0. 0. 0. 0. 0. 0. 0. 0. 0. 0. 0.]
17.655235528945923,,4.487454347196201,-5.1610457324811065,0.0,-0.0,0.0,0.9987539620214458,-0.04990514348706207,[ 0.00513876 -0.00175542 -0.00020694 -0.00175542  0.00187195  0.00049815
 -0.00020694  0.00049815  0.00079397  0.          0.          0.
  0.          0.          0.          0.          0.          0.
  0.          0.          0.          0.          0.          0.
  0.          0.          0.          0.          0.          0.
  0.          0.          0.          0.          0.          0.        ],0.0,0.0,0.0,0.0,0.0,0.0,[0. 0. 0. 0. 0. 0. 0. 0. 0. 0. 0. 0. 0. 0. 0. 0. 0. 0. 0. 0. 0. 0. 0. 0.
 0. 0. 0. 0. 0. 0. 0. 0. 0. 0. 0. 0.]
17.674087285995483,,4.4815007993513785,-5.157841554464606,0.0,-0.0,0.0,0.9987312213271641,-0.05035819244523483,[ 0.0052698  -0.0017321  -0.00014792 -0.0017321   0.00195456  0.00044899
 -0.00014792  0.00044899  0.00080911  0.          0.          0.
  0.          0.          0.          0.          0.          0.
  0.          0.          0.          0.          0.          0.
  0.          0.          0.          0.          0.          0.
  0.          0.          0.          0.          0.          0.        ],0.0,0.0,0.0,0.0,0.0,0.0,[0. 0. 0. 0. 0. 0. 0. 0. 0. 0. 0. 0. 0. 0. 0. 0. 0. 0. 0. 0. 0. 0. 0. 0.
 0. 0. 0. 0. 0. 0. 0. 0. 0. 0. 0. 0.]
17.69086718559265,,4.477759086861493,-5.157140912892704,0.0,-0.0,0.0,0.9987372347710464,-0.05023878861879311,[ 0.00509003 -0.00166267 -0.0002075  -0.00166267  0.00181466  0.00044908
 -0.0002075   0.00044908  0.00077461  0.          0.          0.
  0.          0.          0.          0.          0.          0.
  0.          0.          0.          0.          0.          0.
  0.          0.          0.          0.          0.          0.
  0.          0.          0.          0.          0.          0.        ],0.0,0.0,0.0,0.0,0.0,0.0,[0. 0. 0. 0. 0. 0. 0. 0. 0. 0. 0. 0. 0. 0. 0. 0. 0. 0. 0. 0. 0. 0. 0. 0.
 0. 0. 0. 0. 0. 0. 0. 0. 0. 0. 0. 0.]
17.71309232711792,,4.469764528329675,-5.153749633217199,0.0,-0.0,0.0,0.9987331051290029,-0.05032081795221412,[ 0.0053364  -0.00171831 -0.00020993 -0.00171831  0.00192565  0.00044446
 -0.00020993  0.00044446  0.00075141  0.          0.          0.
  0.          0.          0.          0.          0.          0.
  0.          0.          0.          0.          0.          0.
  0.          0.          0.          0.          0.          0.
  0.          0.          0.          0.          0.          0.        ],0.0,0.0,0.0,0.0,0.0,0.0,[0. 0. 0. 0. 0. 0. 0. 0. 0. 0. 0. 0. 0. 0. 0. 0. 0. 0. 0. 0. 0. 0. 0. 0.
 0. 0. 0. 0. 0. 0. 0. 0. 0. 0. 0. 0.]
17.733542442321777,,4.47113588629072,-5.151483461879132,0.0,-0.0,0.0,0.9987425468350559,-0.05013307432649706,[ 0.0049632  -0.00170336 -0.00017032 -0.00170336  0.00198613  0.00046518
 -0.00017032  0.00046518  0.00079179  0.          0.          0.
  0.          0.          0.          0.          0.          0.
  0.          0.          0.          0.          0.          0.
  0.          0.          0.          0.          0.          0.
  0.          0.          0.          0.          0.          0.        ],0.0,0.0,0.0,0.0,0.0,0.0,[0. 0. 0. 0. 0. 0. 0. 0. 0. 0. 0. 0. 0. 0. 0. 0. 0. 0. 0. 0. 0. 0. 0. 0.
 0. 0. 0. 0. 0. 0. 0. 0. 0. 0. 0. 0.]
17.75320315361023,,4.475211127864576,-5.154984047230807,0.0,-0.0,0.0,0.998758084551289,-0.04982257062256169,[ 0.0057067  -0.0019616  -0.00019238 -0.0019616   0.00190628  0.00039548
 -0.00019238  0.00039548  0.00075094  0.          0.          0.
  0.          0.          0.          0.          0.          0.
  0.          0.          0.          0.          0.          0.
  0.          0.          0.          0.          0.          0.
  0.          0.          0.          0.          0.          0.        ],0.0,0.0,0.0,0.0,0.0,0.0,[0. 0. 0. 0. 0. 0. 0. 0. 0. 0. 0. 0. 0. 0. 0. 0. 0. 0. 0. 0. 0. 0. 0. 0.
 0. 0. 0. 0. 0. 0. 0. 0. 0. 0. 0. 0.]
17.7768337726593,,4.474441541987415,-5.154922541102565,0.0,-0.0,0.0,0.9987094789135745,-0.05078756470019514,[ 0.00597558 -0.00210739 -0.00027326 -0.00210739  0.00209128  0.00049202
 -0.00027326  0.00049202  0.00081289  0.          0.          0.
  0.          0.          0.          0.          0.          0.
  0.          0.          0.          0.          0.          0.
  0.          0.          0.          0.          0.          0.
  0.          0.          0.          0.          0.          0.        ],0.0,0.0,0.0,0.0,0.0,0.0,[0. 0. 0. 0. 0. 0. 0. 0. 0. 0. 0. 0. 0. 0. 0. 0. 0. 0. 0. 0. 0. 0. 0. 0.
 0. 0. 0. 0. 0. 0. 0. 0. 0. 0. 0. 0.]
17.802796125411987,,4.47157639221749,-5.15425419884411,0.0,-0.0,0.0,0.998759904512311,-0.049786073741151106,[ 0.00564358 -0.00195568 -0.00023242 -0.00195568  0.00203915  0.0004574
 -0.00023242  0.0004574   0.00080365  0.          0.          0.
  0.          0.          0.          0.          0.          0.
  0.          0.          0.          0.          0.          0.
  0.          0.          0.          0.          0.          0.
  0.          0.          0.          0.          0.          0.        ],0.0,0.0,0.0,0.0,0.0,0.0,[0. 0. 0. 0. 0. 0. 0. 0. 0. 0. 0. 0. 0. 0. 0. 0. 0. 0. 0. 0. 0. 0. 0. 0.
 0. 0. 0. 0. 0. 0. 0. 0. 0. 0. 0. 0.]
17.816330909729004,,4.471325008342916,-5.150641565966348,0.0,-0.0,0.0,0.9986876265998926,-0.051215471063667944,[ 0.00572297 -0.00204436 -0.00030051 -0.00204436  0.00199559  0.00048421
 -0.00030051  0.00048421  0.00074999  0.          0.          0.
  0.          0.          0.          0.          0.          0.
  0.          0.          0.          0.          0.          0.
  0.          0.          0.          0.          0.          0.
  0.          0.          0.          0.          0.          0.        ],0.0,0.0,0.0,0.0,0.0,0.0,[0. 0. 0. 0. 0. 0. 0. 0. 0. 0. 0. 0. 0. 0. 0. 0. 0. 0. 0. 0. 0. 0. 0. 0.
 0. 0. 0. 0. 0. 0. 0. 0. 0. 0. 0. 0.]
17.833765983581543,,4.471432939444388,-5.1513772226130365,0.0,-0.0,0.0,0.9986720103363943,-0.051519081617053875,[ 0.00571067 -0.00200291 -0.00020592 -0.00200291  0.00203622  0.00045251
 -0.00020592  0.00045251  0.00077238  0.          0.          0.
  0.          0.          0.          0.          0.          0.
  0.          0.          0.          0.          0.          0.
  0.          0.          0.          0.          0.          0.
  0.          0.          0.          0.          0.          0.        ],0.0,0.0,0.0,0.0,0.0,0.0,[0. 0. 0. 0. 0. 0. 0. 0. 0. 0. 0. 0. 0. 0. 0. 0. 0. 0. 0. 0. 0. 0. 0. 0.
 0. 0. 0. 0. 0. 0. 0. 0. 0. 0. 0. 0.]
17.850901126861572,,4.474077403183168,-5.1526111354730135,0.0,-0.0,0.0,0.9986912000022432,-0.05114574310809682,[ 0.00635668 -0.00218949 -0.00030362 -0.00218949  0.00210214  0.00049607
 -0.00030362  0.00049607  0.00082073  0.          0.          0.
  0.          0.          0.          0.          0.          0.
  0.          0.          0.          0.          0.          0.
  0.          0.          0.          0.          0.          0.
  0.          0.          0.          0.          0.          0.        ],0.0,0.0,0.0,0.0,0.0,0.0,[0. 0. 0. 0. 0. 0. 0. 0. 0. 0. 0. 0. 0. 0. 0. 0. 0. 0. 0. 0. 0. 0. 0. 0.
 0. 0. 0. 0. 0. 0. 0. 0. 0. 0. 0. 0.]
17.87227439880371,,4.472025806531632,-5.15229533758122,0.0,-0.0,0.0,0.998718856415799,-0.05060282442234494,[ 0.0059122  -0.00203322 -0.00022912 -0.00203322  0.00195308  0.00041031
 -0.00022912  0.00041031  0.00073389  0.          0.          0.
  0.          0.          0.          0.          0.          0.
  0.          0.          0.          0.          0.          0.
  0.          0.          0.          0.          0.          0.
  0.          0.          0.          0.          0.          0.        ],0.0,0.0,0.0,0.0,0.0,0.0,[0. 0. 0. 0. 0. 0. 0. 0. 0. 0. 0. 0. 0. 0. 0. 0. 0. 0. 0. 0. 0. 0. 0. 0.
 0. 0. 0. 0. 0. 0. 0. 0. 0. 0. 0. 0.]
17.888484954833984,,4.474025597293969,-5.152162005542065,0.0,-0.0,0.0,0.9987109713725147,-0.05075820781083538,[ 0.00554152 -0.00186333 -0.00019853 -0.00186333  0.00185168  0.00038667
 -0.00019853  0.00038667  0.00071973  0.          0.          0.
  0.          0.          0.          0.          0.          0.
  0.          0.          0.          0.          0.          0.
  0.          0.          0.          0.          0.          0.
  0.          0.          0.          0.          0.          0.        ],0.0,0.0,0.0,0.0,0.0,0.0,[0. 0. 0. 0. 0. 0. 0. 0. 0. 0. 0. 0. 0. 0. 0. 0. 0. 0. 0. 0. 0. 0. 0. 0.
 0. 0. 0. 0. 0. 0. 0. 0. 0. 0. 0. 0.]
17.911194324493408,,4.47784906178857,-5.155366977198664,0.0,-0.0,0.0,0.9987543952943883,-0.04989647162015523,[ 0.00487224 -0.00172805 -0.00020936 -0.00172805  0.00181213  0.00042231
 -0.00020936  0.00042231  0.00075697  0.          0.          0.
  0.          0.          0.          0.          0.          0.
  0.          0.          0.          0.          0.          0.
  0.          0.          0.          0.          0.          0.
  0.          0.          0.          0.          0.          0.        ],0.0,0.0,0.0,0.0,0.0,0.0,[0. 0. 0. 0. 0. 0. 0. 0. 0. 0. 0. 0. 0. 0. 0. 0. 0. 0. 0. 0. 0. 0. 0. 0.
 0. 0. 0. 0. 0. 0. 0. 0. 0. 0. 0. 0.]
17.936362504959106,,4.480131019956002,-5.1572782164390185,0.0,-0.0,0.0,0.998743960126216,-0.05010491105074914,[ 0.0048876  -0.00166881 -0.00016621 -0.00166881  0.00177686  0.00037628
 -0.00016621  0.00037628  0.00074514  0.          0.          0.
  0.          0.          0.          0.          0.          0.
  0.          0.          0.          0.          0.          0.
  0.          0.          0.          0.          0.          0.
  0.          0.          0.          0.          0.          0.        ],0.0,0.0,0.0,0.0,0.0,0.0,[0. 0. 0. 0. 0. 0. 0. 0. 0. 0. 0. 0. 0. 0. 0. 0. 0. 0. 0. 0. 0. 0. 0. 0.
 0. 0. 0. 0. 0. 0. 0. 0. 0. 0. 0. 0.]
17.951096534729004,,4.486267557652902,-5.160315357821251,0.0,-0.0,0.0,0.9987085681207153,-0.050805471774903396,[ 0.0053192  -0.00185903 -0.00017155 -0.00185903  0.00199267  0.00042642
 -0.00017155  0.00042642  0.00074984  0.          0.          0.
  0.          0.          0.          0.          0.          0.
  0.          0.          0.          0.          0.          0.
  0.          0.          0.          0.          0.          0.
  0.          0.          0.          0.          0.          0.        ],0.0,0.0,0.0,0.0,0.0,0.0,[0. 0. 0. 0. 0. 0. 0. 0. 0. 0. 0. 0. 0. 0. 0. 0. 0. 0. 0. 0. 0. 0. 0. 0.
 0. 0. 0. 0. 0. 0. 0. 0. 0. 0. 0. 0.]
17.97011923789978,,4.48234727961841,-5.158320722955003,0.0,-0.0,0.0,0.998715155713785,-0.05067581028054865,[ 0.00506493 -0.0016202  -0.00012207 -0.0016202   0.00187549  0.00045874
 -0.00012207  0.00045874  0.00074439  0.          0.          0.
  0.          0.          0.          0.          0.          0.
  0.          0.          0.          0.          0.          0.
  0.          0.          0.          0.          0.          0.
  0.          0.          0.          0.          0.          0.        ],0.0,0.0,0.0,0.0,0.0,0.0,[0. 0. 0. 0. 0. 0. 0. 0. 0. 0. 0. 0. 0. 0. 0. 0. 0. 0. 0. 0. 0. 0. 0. 0.
 0. 0. 0. 0. 0. 0. 0. 0. 0. 0. 0. 0.]
17.996885061264038,,4.481016079004935,-5.156958818104564,0.0,-0.0,0.0,0.9987697563591837,-0.049588040717664726,[ 0.00493525 -0.00152786 -0.00010888 -0.00152786  0.00184642  0.00039619
 -0.00010888  0.00039619  0.0007665   0.          0.          0.
  0.          0.          0.          0.          0.          0.
  0.          0.          0.          0.          0.          0.
  0.          0.          0.          0.          0.          0.
  0.          0.          0.          0.          0.          0.        ],0.0,0.0,0.0,0.0,0.0,0.0,[0. 0. 0. 0. 0. 0. 0. 0. 0. 0. 0. 0. 0. 0. 0. 0. 0. 0. 0. 0. 0. 0. 0. 0.
 0. 0. 0. 0. 0. 0. 0. 0. 0. 0. 0. 0.]
18.01104974746704,,4.482075954143074,-5.159372468820416,0.0,-0.0,0.0,0.9987645595565743,-0.04969260079490996,[ 4.92892955e-03 -1.56433213e-03 -6.98054161e-05 -1.56433213e-03
  1.71317379e-03  3.62553376e-04 -6.98054161e-05  3.62553376e-04
  7.73971483e-04  0.00000000e+00  0.00000000e+00  0.00000000e+00
  0.00000000e+00  0.00000000e+00  0.00000000e+00  0.00000000e+00
  0.00000000e+00  0.00000000e+00  0.00000000e+00  0.00000000e+00
  0.00000000e+00  0.00000000e+00  0.00000000e+00  0.00000000e+00
  0.00000000e+00  0.00000000e+00  0.00000000e+00  0.00000000e+00
  0.00000000e+00  0.00000000e+00  0.00000000e+00  0.00000000e+00
  0.00000000e+00  0.00000000e+00  0.00000000e+00  0.00000000e+00],0.0,0.0,0.0,0.0,0.0,0.0,[0. 0. 0. 0. 0. 0. 0. 0. 0. 0. 0. 0. 0. 0. 0. 0. 0. 0. 0. 0. 0. 0. 0. 0.
 0. 0. 0. 0. 0. 0. 0. 0. 0. 0. 0. 0.]
18.032751083374023,,4.482294289900188,-5.160822519954049,0.0,-0.0,0.0,0.9987746021601659,-0.049490343298490155,[ 0.00509311 -0.00171652 -0.00022214 -0.00171652  0.00184546  0.00043411
 -0.00022214  0.00043411  0.00076864  0.          0.          0.
  0.          0.          0.          0.          0.          0.
  0.          0.          0.          0.          0.          0.
  0.          0.          0.          0.          0.          0.
  0.          0.          0.          0.          0.          0.        ],0.0,0.0,0.0,0.0,0.0,0.0,[0. 0. 0. 0. 0. 0. 0. 0. 0. 0. 0. 0. 0. 0. 0. 0. 0. 0. 0. 0. 0. 0. 0. 0.
 0. 0. 0. 0. 0. 0. 0. 0. 0. 0. 0. 0.]
18.047667980194092,,4.481562632029572,-5.158879641274822,0.0,-0.0,0.0,0.9987661182497674,-0.049661262934925676,[ 0.00470612 -0.00146421 -0.0001111  -0.00146421  0.00170348  0.00040114
 -0.0001111   0.00040114  0.00076083  0.          0.          0.
  0.          0.          0.          0.          0.          0.
  0.          0.          0.          0.          0.          0.
  0.          0.          0.          0.          0.          0.
  0.          0.          0.          0.          0.          0.        ],0.0,0.0,0.0,0.0,0.0,0.0,[0. 0. 0. 0. 0. 0. 0. 0. 0. 0. 0. 0. 0. 0. 0. 0. 0. 0. 0. 0. 0. 0. 0. 0.
 0. 0. 0. 0. 0. 0. 0. 0. 0. 0. 0. 0.]
18.07091522216797,,4.484155711966921,-5.160965632979117,0.0,-0.0,0.0,0.9987541211406816,-0.04990195892452073,[ 0.00551774 -0.00175299 -0.00016364 -0.00175299  0.00174161  0.00043668
 -0.00016364  0.00043668  0.00075384  0.          0.          0.
  0.          0.          0.          0.          0.          0.
  0.          0.          0.          0.          0.          0.
  0.          0.          0.          0.          0.          0.
  0.          0.          0.          0.          0.          0.        ],0.0,0.0,0.0,0.0,0.0,0.0,[0. 0. 0. 0. 0. 0. 0. 0. 0. 0. 0. 0. 0. 0. 0. 0. 0. 0. 0. 0. 0. 0. 0. 0.
 0. 0. 0. 0. 0. 0. 0. 0. 0. 0. 0. 0.]
18.093441009521484,,4.482193188303903,-5.160014027591721,0.0,-0.0,0.0,0.998750169481717,-0.04998098598708906,[ 0.00505682 -0.00157502 -0.00013843 -0.00157502  0.0017323   0.00039997
 -0.00013843  0.00039997  0.00077412  0.          0.          0.
  0.          0.          0.          0.          0.          0.
  0.          0.          0.          0.          0.          0.
  0.          0.          0.          0.          0.          0.
  0.          0.          0.          0.          0.          0.        ],0.0,0.0,0.0,0.0,0.0,0.0,[0. 0. 0. 0. 0. 0. 0. 0. 0. 0. 0. 0. 0. 0. 0. 0. 0. 0. 0. 0. 0. 0. 0. 0.
 0. 0. 0. 0. 0. 0. 0. 0. 0. 0. 0. 0.]
18.112563610076904,,4.481395901261213,-5.160235742520659,0.0,-0.0,0.0,0.9987429023371371,-0.0501259915731516,[ 0.00525289 -0.00169782 -0.00027647 -0.00169782  0.00177173  0.00046585
 -0.00027647  0.00046585  0.00079011  0.          0.          0.
  0.          0.          0.          0.          0.          0.
  0.          0.          0.          0.          0.          0.
  0.          0.          0.          0.          0.          0.
  0.          0.          0.          0.          0.          0.        ],0.0,0.0,0.0,0.0,0.0,0.0,[0. 0. 0. 0. 0. 0. 0. 0. 0. 0. 0. 0. 0. 0. 0. 0. 0. 0. 0. 0. 0. 0. 0. 0.
 0. 0. 0. 0. 0. 0. 0. 0. 0. 0. 0. 0.]
18.13282823562622,,4.4806513122633085,-5.158857529349695,0.0,-0.0,0.0,0.9987233948405848,-0.05051317252061526,[ 0.00533187 -0.0017284  -0.00023504 -0.0017284   0.00180964  0.00047552
 -0.00023504  0.00047552  0.00079899  0.          0.          0.
  0.          0.          0.          0.          0.          0.
  0.          0.          0.          0.          0.          0.
  0.          0.          0.          0.          0.          0.
  0.          0.          0.          0.          0.          0.        ],0.0,0.0,0.0,0.0,0.0,0.0,[0. 0. 0. 0. 0. 0. 0. 0. 0. 0. 0. 0. 0. 0. 0. 0. 0. 0. 0. 0. 0. 0. 0. 0.
 0. 0. 0. 0. 0. 0. 0. 0. 0. 0. 0. 0.]
18.15912652015686,,4.481892825136759,-5.1596847820097995,0.0,-0.0,0.0,0.998778371838584,-0.049414207951431505,[ 0.00538967 -0.00178577 -0.00021315 -0.00178577  0.00177294  0.00036853
 -0.00021315  0.00036853  0.00076186  0.          0.          0.
  0.          0.          0.          0.          0.          0.
  0.          0.          0.          0.          0.          0.
  0.          0.          0.          0.          0.          0.
  0.          0.          0.          0.          0.          0.        ],0.0,0.0,0.0,0.0,0.0,0.0,[0. 0. 0. 0. 0. 0. 0. 0. 0. 0. 0. 0. 0. 0. 0. 0. 0. 0. 0. 0. 0. 0. 0. 0.
 0. 0. 0. 0. 0. 0. 0. 0. 0. 0. 0. 0.]
18.184012174606323,,4.48613282083108,-5.161087120846417,0.0,-0.0,0.0,0.9987826576643942,-0.04932750499315364,[ 0.00525357 -0.00195907 -0.00014168 -0.00195907  0.00193798  0.00039899
 -0.00014168  0.00039899  0.00071253  0.          0.          0.
  0.          0.          0.          0.          0.          0.
  0.          0.          0.          0.          0.          0.
  0.          0.          0.          0.          0.          0.
  0.          0.          0.          0.          0.          0.        ],0.0,0.0,0.0,0.0,0.0,0.0,[0. 0. 0. 0. 0. 0. 0. 0. 0. 0. 0. 0. 0. 0. 0. 0. 0. 0. 0. 0. 0. 0. 0. 0.
 0. 0. 0. 0. 0. 0. 0. 0. 0. 0. 0. 0.]
18.209853649139404,,4.486295054934013,-5.159683071470873,0.0,-0.0,0.0,0.9987257309504332,-0.05046696283236263,[ 0.00514209 -0.00187474 -0.00022214 -0.00187474  0.00190005  0.00042487
 -0.00022214  0.00042487  0.00075014  0.          0.          0.
  0.          0.          0.          0.          0.          0.
  0.          0.          0.          0.          0.          0.
  0.          0.          0.          0.          0.          0.
  0.          0.          0.          0.          0.          0.        ],0.0,0.0,0.0,0.0,0.0,0.0,[0. 0. 0. 0. 0. 0. 0. 0. 0. 0. 0. 0. 0. 0. 0. 0. 0. 0. 0. 0. 0. 0. 0. 0.
 0. 0. 0. 0. 0. 0. 0. 0. 0. 0. 0. 0.]
18.233453273773193,,4.488039383759807,-5.159756736966797,0.0,-0.0,0.0,0.9987354882843428,-0.05027349641148421,[ 0.00519689 -0.00177459 -0.00017119 -0.00177459  0.00182965  0.00042369
 -0.00017119  0.00042369  0.00075289  0.          0.          0.
  0.          0.          0.          0.          0.          0.
  0.          0.          0.          0.          0.          0.
  0.          0.          0.          0.          0.          0.
  0.          0.          0.          0.          0.          0.        ],0.0,0.0,0.0,0.0,0.0,0.0,[0. 0. 0. 0. 0. 0. 0. 0. 0. 0. 0. 0. 0. 0. 0. 0. 0. 0. 0. 0. 0. 0. 0. 0.
 0. 0. 0. 0. 0. 0. 0. 0. 0. 0. 0. 0.]
18.256999254226685,,4.482407752250297,-5.1592902567849865,0.0,-0.0,0.0,0.9987339237800372,-0.050304567296923376,[ 0.0044731  -0.00145909 -0.00013644 -0.00145909  0.00169067  0.00038634
 -0.00013644  0.00038634  0.00073203  0.          0.          0.
  0.          0.          0.          0.          0.          0.
  0.          0.          0.          0.          0.          0.
  0.          0.          0.          0.          0.          0.
  0.          0.          0.          0.          0.          0.        ],0.0,0.0,0.0,0.0,0.0,0.0,[0. 0. 0. 0. 0. 0. 0. 0. 0. 0. 0. 0. 0. 0. 0. 0. 0. 0. 0. 0. 0. 0. 0. 0.
 0. 0. 0. 0. 0. 0. 0. 0. 0. 0. 0. 0.]
18.270414113998413,,4.481800719342701,-5.1601360261121405,0.0,-0.0,0.0,0.9987874842445201,-0.04922967922404477,[ 0.00445714 -0.00136309 -0.00012533 -0.00136309  0.00165057  0.00037224
 -0.00012533  0.00037224  0.00076488  0.          0.          0.
  0.          0.          0.          0.          0.          0.
  0.          0.          0.          0.          0.          0.
  0.          0.          0.          0.          0.          0.
  0.          0.          0.          0.          0.          0.        ],0.0,0.0,0.0,0.0,0.0,0.0,[0. 0. 0. 0. 0. 0. 0. 0. 0. 0. 0. 0. 0. 0. 0. 0. 0. 0. 0. 0. 0. 0. 0. 0.
 0. 0. 0. 0. 0. 0. 0. 0. 0. 0. 0. 0.]
