time,imu.ypr.x,imu.ypr.y,imu.ypr.z,imu.linear_acceleration.x,imu.linear_acceleration.y,imu.linear_acceleration.z,imu.angular_velocity.x,imu.angular_velocity.y,imu.angular_velocity.z,imu.compass.x,imu.compass.y,imu.compass.z,imu.orientation.x,imu.orientation.y,imu.orientation.z,imu.orientation.w
0.36742734909057617,-0.8784583767988431,2.296784083662191,12.892659100900545,-0.04052734375,0.01513671875,1.00146484375,-0.42724609375,-1.0986328125,-0.30517578125,0.0,0.0,0.0,0.009866006672382355,0.019054079428315163,-0.11239927262067795,0.9934315085411072
0.38894033432006836,-0.9181002611330682,2.3082750231670914,12.893645209461965,-0.04052734375,0.015625,1.00341796875,0.06103515625,-0.30517578125,-0.1220703125,0.0,0.0,0.0,0.010221079923212528,0.01911473087966442,-0.11241497844457626,0.9934248924255371
0.40570783615112305,-0.8587886592888229,2.359953515087877,12.898531356039463,-0.04150390625,0.01513671875,1.00390625,0.3662109375,-0.54931640625,0.0,0.0,0.0,0.0,0.009758281521499157,0.01962052658200264,-0.1124497503042221,0.9934158325195312
0.4268317222595215,-0.894050311291807,2.3434287261646776,12.899610525928326,-0.04052734375,0.015625,1.0029296875,-0.18310546875,-1.15966796875,-0.244140625,0.0,0.0,0.0,0.010047984309494495,0.019442565739154816,-0.11246436834335327,0.9934147000312805
0.4463379383087158,-0.9638884619466586,2.383998769174084,12.900458323159054,-0.04150390625,0.0166015625,1.00439453125,-0.1220703125,-1.15966796875,-0.244140625,0.0,0.0,0.0,0.010693266987800598,0.019725659862160683,-0.11248568445444107,0.993399977684021
0.4658660888671875,-1.0346982070109443,2.3987538987720156,12.900092908038458,-0.0419921875,0.017578125,1.00390625,0.06103515625,-0.244140625,-0.06103515625,0.0,0.0,0.0,0.011321492493152618,0.019784102216362953,-0.1124955266714096,0.9933907389640808
0.4869873523712158,-1.0251660376939569,2.318367694882843,12.904615347042652,-0.04052734375,0.017578125,1.00146484375,-0.06103515625,-0.3662109375,-0.18310546875,0.0,0.0,0.0,0.011160953901708126,0.019096117466688156,-0.1125284731388092,0.993402361869812
0.5057721138000488,-0.9006656696680817,2.2750378285619286,12.910911927683758,-0.03955078125,0.01611328125,1.001953125,-0.1220703125,-0.91552734375,-0.06103515625,0.0,0.0,0.0,0.01004025898873806,0.018842164427042007,-0.11256015300750732,0.9934155344963074
0.5257000923156738,-0.8988793617567118,2.368312172528092,12.914385078876709,-0.04150390625,0.01611328125,1.00390625,-0.1220703125,-1.0986328125,-0.18310546875,0.0,0.0,0.0,0.01011673454195261,0.01965225115418434,-0.11259444802999496,0.9933951497077942
0.5457158088684082,-1.0374158752486689,2.352446283416387,12.911175743740449,-0.04150390625,0.01806640625,1.00341796875,-0.1220703125,-0.48828125,-0.18310546875,0.0,0.0,0.0,0.0113016152754426,0.01937888376414776,-0.11258938163518906,0.9933884143829346
0.5664539337158203,-0.9490836000338327,2.3452410741722582,12.917050560200307,-0.041015625,0.01708984375,1.001953125,-0.18310546875,-0.6103515625,-0.1220703125,0.0,0.0,0.0,0.010529803112149239,0.01940266415476799,-0.11262496560811996,0.993392288684845
0.5856122970581055,-0.9497239302685214,2.4244979489708514,12.918398668787738,-0.04248046875,0.0166015625,1.0009765625,-0.244140625,-0.54931640625,-0.06103515625,0.0,0.0,0.0,0.010613251477479935,0.020089006051421165,-0.11264084279537201,0.9933760166168213
0.6057829856872559,-0.9495931961789391,2.3717057093285305,12.920440895349572,-0.041015625,0.01708984375,1.00341796875,-0.06103515625,-0.91552734375,-0.1220703125,0.0,0.0,0.0,0.010560735128819942,0.0196312814950943,-0.11265581846237183,0.9933839440345764
0.626007080078125,-0.8447913605236453,2.308544815639307,12.927948127021063,-0.04052734375,0.0146484375,1.00390625,0.1220703125,-0.8544921875,-0.30517578125,0.0,0.0,0.0,0.009591550566256046,0.01918611116707325,-0.11270012706518173,0.9933974742889404
0.6418592929840088,-0.8563085535681677,2.300553494310392,12.92929965070308,-0.04052734375,0.01513671875,1.0009765625,0.0,-0.48828125,0.0,0.0,0.0,0.0,0.009683779440820217,0.019105389714241028,-0.11271340399980545,0.9933966994285583
0.6653244495391846,-0.91303652963715,2.33613899332957,12.92829049025321,-0.041015625,0.015625,1.00244140625,-0.3662109375,-0.48828125,-0.06103515625,0.0,0.0,0.0,0.010210289619863033,0.019358178600668907,-0.11271584779024124,0.9933862686157227
0.6856274604797363,-0.9389801494257972,2.3421260810239093,12.930473589466674,-0.041015625,0.0166015625,1.00439453125,0.244140625,-0.6103515625,-0.18310546875,0.0,0.0,0.0,0.010441435500979424,0.019384363666176796,-0.11273946613073349,0.993380606174469
0.7066855430603027,-0.9494461336683723,2.3309687535712817,12.932380066018753,-0.041015625,0.0166015625,1.005859375,0.3662109375,-0.732421875,-0.18310546875,0.0,0.0,0.0,0.0105215385556221,0.019277168437838554,-0.11275718361139297,0.9933798313140869
0.7253818511962891,-0.8949651831146185,2.304269757549114,12.937459165440305,-0.04052734375,0.01611328125,1.0029296875,-0.18310546875,-0.732421875,-0.1220703125,0.0,0.0,0.0,0.010023900307714939,0.01909887045621872,-0.11279076337814331,0.993384599685669
0.7457294464111328,-0.8801191266233611,2.240708870906621,12.939796797683742,-0.03955078125,0.015625,1.00390625,-0.42724609375,-1.15966796875,-0.244140625,0.0,0.0,0.0,0.009833186864852905,0.018562253564596176,-0.1128055527806282,0.9933950304985046
0.7652897834777832,-0.9129368515639501,2.3162716805812953,12.943025769613865,-0.04052734375,0.01611328125,1.00439453125,0.1220703125,-0.732421875,-0.18310546875,0.0,0.0,0.0,0.010192407295107841,0.01918473280966282,-0.11284259706735611,0.9933753609657288
0.7881674766540527,-0.9775844853364151,2.3756646577261993,12.942730363932263,-0.0419921875,0.01708984375,1.0029296875,-0.18310546875,-0.3662109375,-0.06103515625,0.0,0.0,0.0,0.010811085812747478,0.01963597722351551,-0.11285403370857239,0.9933587908744812
0.805609941482544,-1.0775470786039019,2.2880348247788165,12.940906703423869,-0.04052734375,0.0185546875,1.00244140625,-0.30517578125,-0.42724609375,0.0,0.0,0.0,0.0,0.011591305956244469,0.018778039142489433,-0.11284991353750229,0.993367075920105
0.8257296085357666,-0.9368182878317823,2.3442033123052393,12.948444670946625,-0.041015625,0.0166015625,1.00390625,-0.1220703125,-1.15966796875,-0.18310546875,0.0,0.0,0.0,0.010427773930132389,0.019402863457798958,-0.11289498209953308,0.9933627247810364
0.8457889556884766,-0.9554854082768388,2.3196112161986084,12.95001476068208,-0.041015625,0.0166015625,1.00537109375,0.0,-0.732421875,-0.244140625,0.0,0.0,0.0,0.010565700009465218,0.01917113922536373,-0.11291047185659409,0.9933640956878662
0.86582350730896,-0.9705287932020861,2.237450870672525,12.953127619396314,-0.0390625,0.01708984375,1.00439453125,-0.06103515625,-0.18310546875,-0.1220703125,0.0,0.0,0.0,0.010615892708301544,0.018443768844008446,-0.11293554306030273,0.9933744668960571
0.8869011402130127,-0.973773666666371,2.4181524897884983,12.95610985074267,-0.0419921875,0.01708984375,1.00341796875,-0.54931640625,-0.6103515625,-0.06103515625,0.0,0.0,0.0,0.01082210149616003,0.020006796345114708,-0.11297162622213364,0.9933378100395203
0.9057512283325195,-0.8499856660265871,2.269466315189902,12.964221554155708,-0.0400390625,0.01513671875,1.0048828125,0.06103515625,-0.3662109375,-0.1220703125,0.0,0.0,0.0,0.009604210965335369,0.01883917674422264,-0.11301369965076447,0.9933684468269348
0.927377462387085,-0.9060606653387455,2.2917910019355,12.966132299576019,-0.0400390625,0.01513671875,1.00244140625,0.30517578125,-0.6103515625,-0.1220703125,0.0,0.0,0.0,0.010112586431205273,0.01897723600268364,-0.11304056644439697,0.9933576583862305
0.9439182281494141,-0.9593273896849709,2.2883564840000417,12.965330606122189,-0.0400390625,0.01806640625,1.0009765625,-0.06103515625,-0.6103515625,-0.06103515625,0.0,0.0,0.0,0.010570826008915901,0.018894989043474197,-0.11304222792387009,0.993354320526123
0.9662661552429199,-1.1072767576268518,2.310301668359881,12.963225200310532,-0.04052734375,0.01953125,1.0029296875,-0.42724609375,-0.732421875,-0.244140625,0.0,0.0,0.0,0.01187457051128149,0.018939483910799026,-0.1130496934056282,0.993337869644165
0.9857609272003174,-1.033373043590256,2.376233057531191,12.969156365831042,-0.04150390625,0.01806640625,1.00244140625,0.06103515625,-0.48828125,-0.1220703125,0.0,0.0,0.0,0.011299774050712585,0.019583357498049736,-0.11309269815683365,0.9933271408081055
1.0011866092681885,-1.0040401558694017,2.356485699980215,12.974889455865622,-0.04052734375,0.017578125,1.00439453125,0.244140625,-0.79345703125,-0.06103515625,0.0,0.0,0.0,0.011027051135897636,0.01944056898355484,-0.11313628405332565,0.9933280348777771
1.0257322788238525,-0.8323880571560195,2.3319324505744885,12.984784692425677,-0.041015625,0.01513671875,1.0029296875,-0.06103515625,-1.0986328125,-0.30517578125,0.0,0.0,0.0,0.009516589343547821,0.0193963460624218,-0.11319175362586975,0.9933382272720337
1.0455327033996582,-0.957883445005748,2.290504578494011,12.98206883845695,-0.04052734375,0.0166015625,1.00390625,-0.42724609375,-0.8544921875,-0.244140625,0.0,0.0,0.0,0.010563183575868607,0.018913492560386658,-0.11318720132112503,0.9933375716209412
1.0662825107574463,-0.9722517084202218,2.3926827143735205,12.986260867060047,-0.04150390625,0.0166015625,1.00390625,0.06103515625,-0.48828125,-0.244140625,0.0,0.0,0.0,0.010789083316922188,0.01978466287255287,-0.11323137581348419,0.9933130741119385
1.0879795551300049,-1.0015008196020379,2.3769600457909745,12.987178673729767,-0.0419921875,0.017578125,1.001953125,-0.06103515625,-0.06103515625,0.0,0.0,0.0,0.0,0.011027292348444462,0.019619377329945564,-0.11324349790811539,0.9933123588562012
1.1057016849517822,-1.0374664613372093,2.3036714756665027,12.988294555885417,-0.041015625,0.0185546875,1.00341796875,0.1220703125,-0.9765625,-0.06103515625,0.0,0.0,0.0,0.011267042718827724,0.018948407843708992,-0.11325506120920181,0.993321418762207
1.1258492469787598,-1.0029121074392917,2.352517146629026,12.991774537267538,-0.041015625,0.017578125,1.0048828125,-0.42724609375,-1.0986328125,-0.18310546875,0.0,0.0,0.0,0.011016225442290306,0.019405653700232506,-0.1132822334766388,0.9933122992515564
1.1474003791809082,-1.0053127054891395,2.3626192098548864,12.99589484888435,-0.0419921875,0.017578125,1.00390625,0.1220703125,-0.79345703125,-0.30517578125,0.0,0.0,0.0,0.011047691106796265,0.019490454345941544,-0.11331891268491745,0.9933061003684998
1.1657836437225342,-0.9597720990329622,2.3455518477794937,12.999878556717759,-0.0400390625,0.0166015625,1.00439453125,-0.06103515625,-0.3662109375,-0.1220703125,0.0,0.0,0.0,0.010636781342327595,0.019387168809771538,-0.11334478855133057,0.9933096766471863
1.186858892440796,-0.8828328461579718,2.3162496959099044,13.004833005186956,-0.04052734375,0.015625,1.00439453125,-0.42724609375,-0.42724609375,0.0,0.0,0.0,0.0,0.009941780008375645,0.019208824262022972,-0.11337333917617798,0.9933170080184937
1.2006149291992188,-0.9099836485215659,2.455343723592864,13.006109396788103,-0.04248046875,0.015625,1.001953125,-0.18310546875,-0.732421875,0.0,0.0,0.0,0.0,0.010314584709703922,0.02038758620619774,-0.11339565366506577,0.993287205696106
1.2223429679870605,-0.9301229948978773,2.4493903599575515,13.008101250704808,-0.04248046875,0.015625,1.00341796875,0.244140625,-0.9765625,-0.1220703125,0.0,0.0,0.0,0.01048363372683525,0.02031587064266205,-0.11341620981693268,0.9932845234870911
1.2448687553405762,-0.8971533516091085,2.439608675292447,13.013046307663897,-0.04296875,0.015625,1.00390625,-0.06103515625,-1.03759765625,-0.244140625,0.0,0.0,0.0,0.010189073160290718,0.020263271406292915,-0.11345277726650238,0.9932844638824463
1.2656147480010986,-0.8903326073100574,2.3848260758373017,13.01358076996645,-0.0419921875,0.015625,1.0029296875,-0.54931640625,-0.54931640625,0.1220703125,0.0,0.0,0.0,0.010075961239635944,0.019795097410678864,-0.11345364153385162,0.9932950139045715
1.2858572006225586,-1.0083585429721422,2.3201535759073897,13.012143868919809,-0.041015625,0.017578125,1.0048828125,0.0,-0.42724609375,0.06103515625,0.0,0.0,0.0,0.011034943163394928,0.01911776140332222,-0.11345791071653366,0.9932975172996521
1.3055860996246338,-0.9072811347660622,2.396199834909254,13.018975765637114,-0.04150390625,0.01611328125,1.00390625,0.244140625,-0.67138671875,-0.06103515625,0.0,0.0,0.0,0.010235036723315716,0.019876426085829735,-0.11350387334823608,0.9932860732078552
1.3256852626800537,-0.9300300402921418,2.266804675847713,13.020655992172937,-0.04052734375,0.0166015625,1.00244140625,-0.1220703125,-0.8544921875,-0.06103515625,0.0,0.0,0.0,0.010304702445864677,0.018732083961367607,-0.11351588368415833,0.9933062195777893
1.3468213081359863,-0.9290322990647909,2.3299201060902734,13.02498291701214,-0.04052734375,0.0166015625,1.00390625,-0.244140625,-1.46484375,-0.3662109375,0.0,0.0,0.0,0.010359128005802631,0.01927979849278927,-0.11355642229318619,0.9932904839515686
1.36527419090271,-1.0089825447858463,2.397186797244321,13.024424549047492,-0.0419921875,0.017578125,1.001953125,-0.06103515625,-0.30517578125,-0.06103515625,0.0,0.0,0.0,0.011118503287434578,0.019783711060881615,-0.11356877535581589,0.9932708740234375
1.387237310409546,-0.9904884202258616,2.4244475763257225,13.027113082259538,-0.0419921875,0.01708984375,1.00146484375,-0.06103515625,-0.18310546875,0.06103515625,0.0,0.0,0.0,0.010985597968101501,0.02003808505833149,-0.11359034478664398,0.9932648539543152
1.4066603183746338,-1.0043952189845364,2.410150069402182,13.030081653227555,-0.04150390625,0.017578125,1.00341796875,-0.18310546875,-0.54931640625,-0.18310546875,0.0,0.0,0.0,0.011092527769505978,0.01990007609128952,-0.11361771821975708,0.993263304233551
1.4256548881530762,-0.9271656297089677,2.3555190147692464,13.036086243281643,-0.04150390625,0.01611328125,1.00341796875,-0.06103515625,-1.0986328125,-0.18310546875,0.0,0.0,0.0,0.010370131582021713,0.0195025447756052,-0.11365362256765366,0.9932749271392822
1.4457929134368896,-1.0278333332865526,2.285262408306026,13.034544328076512,-0.0400390625,0.01806640625,1.00390625,0.1220703125,-0.6103515625,-0.244140625,0.0,0.0,0.0,0.011172988452017307,0.01879383809864521,-0.1136532872915268,0.9932799339294434
1.4664292335510254,-0.9857891433551871,2.308594974841024,13.040864814379713,-0.04052734375,0.01708984375,1.001953125,-0.06103515625,-0.42724609375,-0.244140625,0.0,0.0,0.0,0.010832670144736767,0.019037196412682533,-0.1137024536728859,0.9932733774185181
1.4856371879577637,-0.9340467251326381,2.3533482952736517,13.04456250804163,-0.0419921875,0.01611328125,1.0029296875,-0.244140625,-0.48828125,0.06103515625,0.0,0.0,0.0,0.010429071262478828,0.019476132467389107,-0.11372815817594528,0.9932662844657898
1.5062029361724854,-0.893819312159643,2.272938826052619,13.050301574491732,-0.0400390625,0.015625,1.00634765625,0.1220703125,-0.67138671875,-0.18310546875,0.0,0.0,0.0,0.010001747868955135,0.01881854049861431,-0.11376722902059555,0.9932789206504822
1.5255978107452393,-0.9465460780354672,2.3361202103093524,13.051658220815625,-0.04052734375,0.0166015625,1.0048828125,0.1220703125,-0.6103515625,-0.244140625,0.0,0.0,0.0,0.010521561838686466,0.019313737750053406,-0.11379089206457138,0.9932613372802734
1.54671311378479,-0.845041996449673,2.3714470159137164,13.05709163630037,-0.04150390625,0.0146484375,1.00244140625,-0.1220703125,-0.91552734375,-0.1220703125,0.0,0.0,0.0,0.009677654132246971,0.0197202879935503,-0.11382238566875458,0.9932582378387451
1.5655040740966797,-0.9417874638963781,2.290974367442861,13.054421886108543,-0.0400390625,0.0166015625,1.00244140625,-0.3662109375,-0.42724609375,-0.1220703125,0.0,0.0,0.0,0.010436071082949638,0.01892687752842903,-0.11381173878908157,0.993267297744751
1.586540699005127,-0.8633858034870645,2.3057785890254516,13.062213424404234,-0.04052734375,0.015625,1.0029296875,-0.06103515625,-0.79345703125,-0.244140625,0.0,0.0,0.0,0.009772456251084805,0.019132403656840324,-0.11386697739362717,0.9932637214660645
1.6057026386260986,-0.9621152808050998,2.3333006228426068,13.061749825314319,-0.041015625,0.01611328125,1.00341796875,0.244140625,-0.8544921875,-0.18310546875,0.0,0.0,0.0,0.010655418038368225,0.019272899255156517,-0.11388085037469864,0.9932503700256348
1.6258234977722168,-0.8626524652857873,2.391774726100732,13.06938000039087,-0.0419921875,0.01513671875,1.00341796875,-0.06103515625,-0.732421875,-0.30517578125,0.0,0.0,0.0,0.009852566756308079,0.01987794041633606,-0.11393283307552338,0.9932407140731812
1.6458725929260254,-1.004492122293386,2.310915104724713,13.067301915335893,-0.04052734375,0.017578125,1.00048828125,-0.3662109375,-0.9765625,-0.18310546875,0.0,0.0,0.0,0.011001471430063248,0.01903621107339859,-0.11393483728170395,0.993245005607605
1.662663221359253,-0.9433923449079196,2.287124702071912,13.073446524267966,-0.04052734375,0.0166015625,1.0029296875,0.06103515625,-0.6103515625,-0.18310546875,0.0,0.0,0.0,0.010449306108057499,0.018890179693698883,-0.11397670954465866,0.9932489395141602
1.6859138011932373,-0.9495556301385041,2.308979172981837,13.07563218480237,-0.04052734375,0.0166015625,1.00439453125,0.244140625,-0.1220703125,-0.06103515625,0.0,0.0,0.0,0.010524764657020569,0.019073281437158585,-0.11399780213832855,0.9932422637939453
1.7078661918640137,-0.8928752519503004,2.242856538513767,13.081004128584585,-0.0400390625,0.015625,1.00439453125,-0.06103515625,-0.91552734375,-0.1220703125,0.0,0.0,0.0,0.009968752041459084,0.01855604723095894,-0.11403176188468933,0.9932538270950317
1.7205326557159424,-0.9132172094850379,2.3273822639267907,13.083806213691583,-0.041015625,0.01611328125,1.00341796875,-0.30517578125,-1.0986328125,-0.244140625,0.0,0.0,0.0,0.010229427367448807,0.019268224015831947,-0.11406350880861282,0.9932339191436768
1.7414674758911133,-0.9957851252055007,2.385710371891407,13.084176751454056,-0.04150390625,0.017578125,1.00048828125,0.0,-0.54931640625,-0.244140625,0.0,0.0,0.0,0.011003040708601475,0.019691573455929756,-0.11408377438783646,0.993215024471283
1.7656102180480957,-1.0082646278710545,2.448051642880229,13.086357289346584,-0.04248046875,0.01708984375,1.001953125,0.06103515625,-0.06103515625,-0.1220703125,0.0,0.0,0.0,0.01117345504462719,0.02021929621696472,-0.11410824954509735,0.9931997656822205
1.7857332229614258,-1.0033331245685995,2.3446139774290864,13.089572600898366,-0.041015625,0.017578125,1.00146484375,-0.18310546875,-0.54931640625,-0.06103515625,0.0,0.0,0.0,0.011028587818145752,0.019327325746417046,-0.11412957310676575,0.9932165741920471
1.8054676055908203,-0.9309268227858232,2.415986892934781,13.09744354014316,-0.0419921875,0.0166015625,1.001953125,-0.06103515625,-0.91552734375,-0.3662109375,0.0,0.0,0.0,0.010473250411450863,0.020017359405755997,-0.11418910324573517,0.9932021498680115
1.8205835819244385,-0.926939806579534,2.3495991617495493,13.102322002757841,-0.041015625,0.01611328125,1.001953125,0.18310546875,-0.732421875,-0.30517578125,0.0,0.0,0.0,0.010373561643064022,0.01944546215236187,-0.11422739923000336,0.9932101964950562
1.846156120300293,-0.9412784013598007,2.322186410959115,13.104511932160477,-0.041015625,0.0166015625,1.00439453125,0.18310546875,-0.48828125,-0.1220703125,0.0,0.0,0.0,0.010470961220562458,0.019193362444639206,-0.11424741894006729,0.9932117462158203
1.8655054569244385,-1.055350671348653,2.3814918763052777,13.102974285823578,-0.04150390625,0.01806640625,1.00390625,-0.48828125,-0.732421875,-0.30517578125,0.0,0.0,0.0,0.011518346145749092,0.01959381438791752,-0.11425666511058807,0.9931913018226624
1.885852575302124,-0.9242373995457362,2.2843860096581485,13.11051993730915,-0.0400390625,0.01611328125,1.00244140625,0.0,-0.67138671875,-0.06103515625,0.0,0.0,0.0,0.010286668315529823,0.018882164731621742,-0.11429474502801895,0.9932142496109009
1.9023220539093018,-0.8640147144992346,2.330481462262684,13.116123253749498,-0.0400390625,0.01513671875,1.00341796875,0.244140625,-0.79345703125,-0.1220703125,0.0,0.0,0.0,0.00981148798018694,0.01934129372239113,-0.11433545500040054,0.9932055473327637
1.9307308197021484,-0.9809009690652793,2.3505577361108783,13.114349112112588,-0.0419921875,0.0166015625,1.00244140625,-0.1220703125,-0.9765625,-0.244140625,0.0,0.0,0.0,0.010844253934919834,0.019398842006921768,-0.11434084922075272,0.9931929111480713
1.9456548690795898,-1.0623848056984142,2.338363287121467,13.11371305074613,-0.04150390625,0.0185546875,1.0029296875,-0.30517578125,-1.03759765625,-0.18310546875,0.0,0.0,0.0,0.011538253165781498,0.019211895763874054,-0.11434835940599442,0.9931880235671997
1.963696002960205,-1.0640196755092801,2.2691995109254486,13.116187286772968,-0.0400390625,0.0185546875,1.001953125,-0.1220703125,-0.30517578125,-0.1220703125,0.0,0.0,0.0,0.011484033428132534,0.018610531464219093,-0.11436590552330017,0.9931979775428772
1.9855611324310303,-0.9926294710872491,2.411092635507644,13.123314589171876,-0.04296875,0.01708984375,1.001953125,0.244140625,-0.42724609375,-0.06103515625,0.0,0.0,0.0,0.01100767869502306,0.019910963252186775,-0.11442382633686066,0.9931715130805969
2.0065910816192627,-0.9020920052658508,2.311439535186923,13.12972557548158,-0.0400390625,0.015625,1.00244140625,-0.18310546875,-1.03759765625,-0.06103515625,0.0,0.0,0.0,0.010124841704964638,0.019137049093842506,-0.11445885896682739,0.9931921362876892
2.0256974697113037,-0.9749150553097036,2.332780461248628,13.128942665047965,-0.041015625,0.01708984375,1.00244140625,-0.244140625,-1.0986328125,-0.244140625,0.0,0.0,0.0,0.01077713817358017,0.01924935355782509,-0.11446535587310791,0.9931823015213013
2.046281099319458,-1.0053162273054304,2.423339378132888,13.129724721707932,-0.04248046875,0.017578125,1.0029296875,0.0,-0.30517578125,-0.06103515625,0.0,0.0,0.0,0.011130943894386292,0.020003819838166237,-0.11448224633932114,0.9931615591049194
2.065758228302002,-0.8910018591270128,2.4051563473452564,13.139124769553163,-0.0419921875,0.015625,1.00537109375,0.244140625,-0.1220703125,-0.06103515625,0.0,0.0,0.0,0.010123705491423607,0.01995958387851715,-0.11454286426305771,0.9931662678718567
2.085538864135742,-0.9212998845941018,2.368483567587577,13.13984279318966,-0.04150390625,0.01611328125,1.0029296875,-0.06103515625,-0.8544921875,-0.06103515625,0.0,0.0,0.0,0.010349869728088379,0.019611379131674767,-0.1145525723695755,0.9931697249412537
2.105767250061035,-0.9778646298140913,2.3225983567434314,13.14025260453986,-0.041015625,0.01708984375,1.00341796875,-0.06103515625,-0.9765625,-0.06103515625,0.0,0.0,0.0,0.01079445332288742,0.019157087430357933,-0.11456333845853806,0.9931725859642029
2.1254935264587402,-0.9182354775342932,2.4090587332388607,13.145305236978379,-0.04150390625,0.01611328125,1.00244140625,0.18310546875,-0.91552734375,-0.1220703125,0.0,0.0,0.0,0.010364707559347153,0.019965628162026405,-0.11460137367248535,0.9931568503379822
2.145655870437622,-1.0148946071210212,2.4033211608926384,13.143636109499957,-0.04150390625,0.017578125,1.0029296875,0.0,-0.48828125,-0.06103515625,0.0,0.0,0.0,0.011196432635188103,0.019819386303424835,-0.11460338532924652,0.993150532245636
2.1659414768218994,-0.9774671981817612,2.463101964716352,13.149515194828044,-0.04248046875,0.01708984375,1.0029296875,-0.54931640625,-0.79345703125,-0.30517578125,0.0,0.0,0.0,0.01093269418925047,0.020374389365315437,-0.11465099453926086,0.9931367635726929
2.1884500980377197,-1.0044215792458644,2.3179824295249722,13.151898077074733,-0.041015625,0.017578125,1.00146484375,-0.1220703125,-0.244140625,-0.1220703125,0.0,0.0,0.0,0.011021962389349937,0.019089410081505775,-0.11466845124959946,0.9931592345237732
2.2058610916137695,-0.9190284198082495,2.3658242761229147,13.158818766251247,-0.041015625,0.0166015625,1.00341796875,0.244140625,-0.244140625,-0.06103515625,0.0,0.0,0.0,0.010330777615308762,0.0195888914167881,-0.1147165298461914,0.9931513667106628
2.2257497310638428,-0.8934783896705243,2.3273289030738997,13.163032992969146,-0.041015625,0.015625,1.00244140625,-0.06103515625,-0.91552734375,-0.18310546875,0.0,0.0,0.0,0.010071616619825363,0.01928044855594635,-0.11474685370922089,0.9931566715240479
2.2475342750549316,-0.9180765689143847,2.4511273624408503,13.163685276034883,-0.04296875,0.01611328125,1.00146484375,-0.54931640625,-0.8544921875,-0.1220703125,0.0,0.0,0.0,0.010408538393676281,0.020328734070062637,-0.11476266384124756,0.9931303858757019
2.265885829925537,-1.0133627237562344,2.35795995362388,13.163181549583594,-0.04150390625,0.017578125,1.00341796875,-0.1220703125,-0.3662109375,-0.30517578125,0.0,0.0,0.0,0.011141247116029263,0.019425861537456512,-0.11476997286081314,0.9931397438049316
2.285555362701416,-0.9486759231177476,2.3608139054798873,13.169804271757567,-0.04052734375,0.0166015625,1.00439453125,0.06103515625,-0.06103515625,-0.1220703125,0.0,0.0,0.0,0.01058459747582674,0.019514771178364754,-0.11481653898954391,0.9931386113166809
2.306046724319458,-0.9473286683039626,2.3014937125383264,13.172718201212223,-0.04052734375,0.0166015625,1.00390625,0.0,-1.03759765625,-0.1220703125,0.0,0.0,0.0,0.01051414106041193,0.019001714885234833,-0.11483851820230484,0.9931468367576599
2.326239585876465,-1.0180298773934686,2.3611244656437114,13.171979687008216,-0.041015625,0.017578125,1.00390625,-0.30517578125,-1.220703125,-0.244140625,0.0,0.0,0.0,0.01118635106831789,0.019447756931185722,-0.11484720557928085,0.9931297302246094
2.3456695079803467,-0.9705757507526299,2.2608301813146556,13.176829121318926,-0.0400390625,0.01708984375,1.0048828125,-0.1220703125,-0.42724609375,-0.18310546875,0.0,0.0,0.0,0.010675654746592045,0.018625596538186073,-0.11487582325935364,0.9931479096412659
2.366144895553589,-0.9204705502184741,2.3899173415333115,13.182171183023522,-0.0419921875,0.01611328125,1.00390625,-0.06103515625,-0.30517578125,-0.1220703125,0.0,0.0,0.0,0.010371359065175056,0.019794151186943054,-0.11492033302783966,0.9931233525276184
2.390770673751831,-1.0217689790772275,2.344436392510666,13.179975277205363,-0.041015625,0.01806640625,1.0029296875,-0.30517578125,-0.42724609375,0.0,0.0,0.0,0.0,0.011203428730368614,0.01929858885705471,-0.11491616815328598,0.9931246042251587
2.405656576156616,-0.9839484073738686,2.360563536358124,13.183985452021806,-0.04150390625,0.01708984375,1.001953125,-0.3662109375,-1.15966796875,-0.18310546875,0.0,0.0,0.0,0.010892455466091633,0.01947591081261635,-0.1149454340338707,0.9931211471557617
2.4256508350372314,-0.884901272898575,2.3284765882978733,13.191490976146005,-0.041015625,0.015625,1.00390625,0.06103515625,-0.732421875,-0.3662109375,0.0,0.0,0.0,0.010003219358623028,0.019296500831842422,-0.11499211192131042,0.9931285977363586
2.4455599784851074,-0.8903207612007156,2.2204750758206933,13.193043990408535,-0.03955078125,0.015625,1.00390625,-0.06103515625,-0.1220703125,-0.1220703125,0.0,0.0,0.0,0.009942347183823586,0.0183548703789711,-0.11500135809183121,0.9931460618972778
2.465625762939453,-0.9409483111238186,2.37526189000858,13.19355796214358,-0.04150390625,0.01611328125,1.0029296875,-0.244140625,-0.42724609375,-0.06103515625,0.0,0.0,0.0,0.010536130517721176,0.01964554935693741,-0.11502181738615036,0.9931128621101379
2.485719680786133,-0.9696800354760062,2.428492115531428,13.195362839631755,-0.04248046875,0.0166015625,1.0029296875,-0.18310546875,-0.9765625,-0.1220703125,0.0,0.0,0.0,0.010838720947504044,0.02007787674665451,-0.11504516750574112,0.993098258972168
2.505488634109497,-1.032945729880307,2.3409593993363065,13.197096000133646,-0.04150390625,0.01806640625,1.0029296875,0.244140625,-0.732421875,-0.244140625,0.0,0.0,0.0,0.011299695819616318,0.019255558028817177,-0.11506623774766922,0.9931069612503052
2.5257623195648193,-0.9501088754612751,2.3596707025675565,13.2038254440134,-0.04150390625,0.0166015625,1.00341796875,0.0,-0.91552734375,-0.18310546875,0.0,0.0,0.0,0.010601664893329144,0.019500279799103737,-0.1151115819811821,0.9931045174598694
2.5419700145721436,-0.9816103482436086,2.3819023279857134,13.203950094965753,-0.0419921875,0.0166015625,1.00244140625,-0.42724609375,-0.8544921875,-0.18310546875,0.0,0.0,0.0,0.010896958410739899,0.019661299884319305,-0.11511919647455215,0.9930973052978516
2.567038059234619,-0.972704742061264,2.406676064435584,13.208762817009674,-0.04248046875,0.01708984375,1.00390625,0.0,-0.6103515625,-0.30517578125,0.0,0.0,0.0,0.0108454255387187,0.019884498789906502,-0.11516068875789642,0.9930886030197144
2.5858235359191895,-0.9255785712222917,2.4252095693050024,13.211956784220302,-0.04248046875,0.01611328125,1.00537109375,0.244140625,-0.244140625,0.06103515625,0.0,0.0,0.0,0.010456142947077751,0.0200921893119812,-0.1151810809969902,0.9930862784385681
2.6057276725769043,-0.8226247819851623,2.3914150739522486,13.219504997026812,-0.04248046875,0.0146484375,1.0048828125,0.0,-0.8544921875,-0.30517578125,0.0,0.0,0.0,0.009531344287097454,0.019902149215340614,-0.11522700637578964,0.9930940866470337
2.6273818016052246,-0.8854051060715692,2.329580517622477,13.218343011094262,-0.041015625,0.015625,1.00537109375,-0.30517578125,-1.15966796875,-0.18310546875,0.0,0.0,0.0,0.010013213381171227,0.0193032156676054,-0.11522495746612549,0.9931014180183411
2.6459474563598633,-0.9545270473589214,2.311872184982161,13.218477053556725,-0.0400390625,0.0166015625,1.0009765625,0.0,-0.67138671875,-0.244140625,0.0,0.0,0.0,0.010594520717859268,0.019080225378274918,-0.11523683369159698,0.993098258972168
2.667351484298706,-0.9670173289167591,2.3454547310272327,13.218216652594618,-0.041015625,0.01611328125,1.001953125,0.06103515625,-0.18310546875,0.1220703125,0.0,0.0,0.0,0.010736394673585892,0.019358739256858826,-0.11523842066526413,0.9930911660194397
2.6864614486694336,-0.9486928918689669,2.336655739828964,13.221943374560507,-0.041015625,0.0166015625,1.0048828125,0.0,-0.732421875,-0.1220703125,0.0,0.0,0.0,0.010569391772150993,0.019300563260912895,-0.11526716500520706,0.993090808391571
2.706629514694214,-0.9388472809020992,2.4280656555951254,13.226093568254935,-0.0419921875,0.0166015625,1.0048828125,-0.1220703125,-1.3427734375,-0.30517578125,0.0,0.0,0.0,0.010576474480330944,0.020102299749851227,-0.115306057035923,0.9930703043937683
2.7260594367980957,-0.8868603098907522,2.3614474055254058,13.232694092314105,-0.04150390625,0.015625,1.001953125,0.1220703125,-0.732421875,-0.244140625,0.0,0.0,0.0,0.010060233063995838,0.019576678052544594,-0.11535106599330902,0.9930809140205383
2.7466518878936768,-0.9641799189251476,2.3107116931534937,13.23351798388274,-0.04052734375,0.01708984375,1.0029296875,0.06103515625,-0.732421875,-0.18310546875,0.0,0.0,0.0,0.010679514147341251,0.019059058278799057,-0.11536873131990433,0.9930824637413025
2.7657670974731445,-0.9951176876575435,2.239269408539041,13.233216601785612,-0.03955078125,0.01806640625,1.00390625,-0.3662109375,-0.42724609375,0.06103515625,0.0,0.0,0.0,0.010875864885747433,0.018408771604299545,-0.11536730825901031,0.9930927753448486
2.786583185195923,-0.9058059206270452,2.3052025052576437,13.23870209746278,-0.041015625,0.01611328125,1.005859375,-0.1220703125,-0.67138671875,-0.1220703125,0.0,0.0,0.0,0.010168957524001598,0.019069617614150047,-0.11540365219116211,0.993083655834198
2.807020902633667,-0.9803651193805507,2.400163479061977,13.240815187237251,-0.0419921875,0.01708984375,1.00244140625,0.244140625,-0.42724609375,-0.244140625,0.0,0.0,0.0,0.01091083139181137,0.019817303866147995,-0.11543943732976913,0.9930568933486938
2.8255867958068848,-0.9788997236384656,2.462359821974348,13.242533833587157,-0.04248046875,0.01708984375,1.00244140625,0.1220703125,-0.67138671875,-0.1220703125,0.0,0.0,0.0,0.010960899293422699,0.020357633009552956,-0.11545734852552414,0.9930433630943298
2.845604419708252,-1.0334623696579952,2.3565296693229967,13.24303158362292,-0.04150390625,0.01806640625,1.00439453125,-0.3662109375,-0.54931640625,-0.244140625,0.0,0.0,0.0,0.011327531188726425,0.01938544772565365,-0.11546532809734344,0.9930577278137207
2.8656299114227295,-0.9651442562585888,2.394101045843356,13.24879199441418,-0.0419921875,0.017578125,1.00146484375,-0.18310546875,-0.48828125,-0.1220703125,0.0,0.0,0.0,0.010774213820695877,0.019779348745942116,-0.11550562083721161,0.9930514693260193
2.885556221008301,-0.9714383823004613,2.413115652162437,13.254371405192433,-0.0419921875,0.01708984375,1.00390625,0.3662109375,-0.6103515625,-0.244140625,0.0,0.0,0.0,0.010848837904632092,0.019937263801693916,-0.11555605381727219,0.9930415749549866
2.908360481262207,-0.9990700193094537,2.3919518841323293,13.255912466623919,-0.04150390625,0.01708984375,1.00634765625,0.06103515625,-0.91552734375,-0.244140625,0.0,0.0,0.0,0.011067281477153301,0.01972583867609501,-0.11557306349277496,0.9930413961410522
2.9256975650787354,-0.9871749247047592,2.4180615628951725,13.259807381998119,-0.04248046875,0.017578125,1.00537109375,-0.48828125,-0.9765625,-0.1220703125,0.0,0.0,0.0,0.010991127230226994,0.019963733851909637,-0.1156061515212059,0.9930337071418762
2.945812940597534,-0.9433751627132888,2.3746593392577378,13.265133222003435,-0.04150390625,0.0166015625,1.00244140625,-0.1220703125,-0.42724609375,-0.244140625,0.0,0.0,0.0,0.010568823665380478,0.019631296396255493,-0.1156424880027771,0.9930406808853149
2.9655253887176514,-1.0411434509882034,2.3904829665739533,13.26480878801786,-0.0419921875,0.017578125,1.00146484375,0.1220703125,-0.30517578125,-0.1220703125,0.0,0.0,0.0,0.011431935243308544,0.019669784232974052,-0.11565729975700378,0.9930286407470703
2.985527515411377,-0.8703714861824009,2.3154780979771044,13.275439977460985,-0.04052734375,0.01513671875,1.0009765625,0.06103515625,-0.8544921875,-0.18310546875,0.0,0.0,0.0,0.009878347627818584,0.019191192463040352,-0.1157166063785553,0.9930477142333984
3.005594491958618,-0.855060816745024,2.2828980956361438,13.279437345672735,-0.04052734375,0.01416015625,1.00439453125,-0.244140625,-1.220703125,-0.30517578125,0.0,0.0,0.0,0.009713510051369667,0.018923964351415634,-0.11574722826480865,0.9930509924888611
3.0256333351135254,-0.912479869219794,2.385284125398516,13.27988472306337,-0.0419921875,0.01611328125,1.0048828125,-0.1220703125,-0.54931640625,-0.18310546875,0.0,0.0,0.0,0.010314321145415306,0.019753221422433853,-0.1157655343413353,0.993026614189148
3.0456650257110596,-0.9265749250674673,2.3675365191704723,13.281318209015426,-0.04150390625,0.0166015625,1.005859375,0.0,-0.42724609375,-0.1220703125,0.0,0.0,0.0,0.01041883323341608,0.019585048779845238,-0.11577951908111572,0.9930272102355957
3.0655338764190674,-0.9328203860115035,2.342110072768042,13.282705591190586,-0.041015625,0.0166015625,1.00146484375,-0.30517578125,-0.48828125,-0.1220703125,0.0,0.0,0.0,0.01044757291674614,0.019358264282345772,-0.11579133570194244,0.9930299520492554
3.090341567993164,-0.9895898234631818,2.366268665305789,13.28376853938017,-0.04052734375,0.0166015625,1.00341796875,-0.244140625,-0.42724609375,-0.244140625,0.0,0.0,0.0,0.010964046232402325,0.01951015740633011,-0.11581142991781235,0.9930191040039062
3.105584144592285,-1.0457400615779162,2.370593455710876,13.285414614970142,-0.04150390625,0.0185546875,1.0048828125,0.30517578125,-0.244140625,-0.18310546875,0.0,0.0,0.0,0.011455263011157513,0.019490720704197884,-0.11583548784255981,0.9930111169815063
3.128324508666992,-1.0699998262927437,2.3567992483518005,13.28608482728245,-0.04052734375,0.01904296875,1.00390625,0.0,-0.79345703125,-0.18310546875,0.0,0.0,0.0,0.011651705950498581,0.019346587359905243,-0.11584459990262985,0.9930105805397034
3.146415948867798,-0.939710232615048,2.3608565941622,13.295484875127679,-0.041015625,0.01708984375,1.0029296875,-0.244140625,-1.0986328125,-0.244140625,0.0,0.0,0.0,0.010528343729674816,0.019512586295604706,-0.11590418219566345,0.9930129647254944
3.165532350540161,-0.8895701874439547,2.362122740479591,13.29946858296109,-0.04150390625,0.015625,1.0048828125,-0.1220703125,-0.42724609375,-0.06103515625,0.0,0.0,0.0,0.010095803067088127,0.019573921337723732,-0.1159302219748497,0.9930132031440735
3.185394287109375,-0.9903635558300973,2.3160953763233443,13.299047672553488,-0.04052734375,0.0166015625,1.00390625,0.06103515625,-0.06103515625,-0.06103515625,0.0,0.0,0.0,0.010922739282250404,0.019073110073804855,-0.11594122648239136,0.9930129647254944
3.205914258956909,-0.9216647661061685,2.361234815887489,13.303226040778243,-0.04150390625,0.01611328125,1.00390625,0.0,-0.91552734375,-0.1220703125,0.0,0.0,0.0,0.010373667813837528,0.019533416256308556,-0.11596821248531342,0.993006706237793
3.2255399227142334,-0.8971314736594233,2.357023363933942,13.305845418324942,-0.041015625,0.01611328125,1.00244140625,-0.30517578125,-1.03759765625,-0.06103515625,0.0,0.0,0.0,0.0101572684943676,0.01952151581645012,-0.11598654091358185,0.9930070042610168
3.24560809135437,-0.9454169623882995,2.361867889046185,13.30700996557843,-0.0419921875,0.01708984375,1.0029296875,0.0,-0.48828125,-0.1220703125,0.0,0.0,0.0,0.010580778121948242,0.01951451413333416,-0.11600508540868759,0.9930005669593811
3.2658791542053223,-0.9516157859469092,2.340484060858756,13.30912134780561,-0.041015625,0.0166015625,1.00439453125,0.1220703125,-0.06103515625,0.0,0.0,0.0,0.0,0.010613266378641129,0.019322732463479042,-0.11602333188056946,0.9930018782615662
3.287043809890747,-0.917967499331076,2.3323612583883184,13.313711234927858,-0.041015625,0.01611328125,1.00439453125,-0.244140625,-0.54931640625,0.0,0.0,0.0,0.0,0.010314255952835083,0.01928599551320076,-0.11605703830718994,0.9930017590522766
3.3055684566497803,-0.8793308267436064,2.3622939220956645,13.318616164525574,-0.04150390625,0.01513671875,1.00244140625,-0.244140625,-1.03759765625,-0.30517578125,0.0,0.0,0.0,0.010010517202317715,0.019584091380238533,-0.11609440296888351,0.9929946660995483
3.3268587589263916,-0.8535173540751597,2.2535588046129424,13.322900400682464,-0.0400390625,0.01513671875,1.001953125,0.244140625,-0.8544921875,-0.1220703125,0.0,0.0,0.0,0.00967765599489212,0.018667591735720634,-0.11612231284379959,0.9930123090744019
3.3456149101257324,-0.8939168557987274,2.338363287121467,13.322119197796145,-0.041015625,0.015625,1.00390625,0.18310546875,-0.18310546875,-0.06103515625,0.0,0.0,0.0,0.010113324970006943,0.019361624494194984,-0.11612612754106522,0.9929943084716797
3.365886926651001,-0.9724397520658087,2.399298179471501,13.322697202554657,-0.0419921875,0.0166015625,1.0029296875,-0.1220703125,-0.3662109375,-0.18310546875,0.0,0.0,0.0,0.010855438187718391,0.019810037687420845,-0.11614758521318436,0.9929750561714172
3.3857438564300537,-0.9209124848021152,2.4223933969328413,13.32762091517259,-0.0419921875,0.01611328125,1.001953125,-0.1220703125,-0.54931640625,-0.1220703125,0.0,0.0,0.0,0.010433138348162174,0.020061951130628586,-0.11618246138095856,0.9929704070091248
3.4057199954986572,-0.948540493273111,2.36637944243639,13.331532052246068,-0.041015625,0.0166015625,1.001953125,0.42724609375,-0.91552734375,-0.30517578125,0.0,0.0,0.0,0.010616584680974483,0.01954817771911621,-0.11621834337711334,0.9929745197296143
3.428941011428833,-0.8900930704414309,2.3154708409011113,13.336568462985307,-0.041015625,0.015625,1.00341796875,0.0,-0.54931640625,-0.244140625,0.0,0.0,0.0,0.010059471242129803,0.019165849313139915,-0.11624962091445923,0.9929841756820679
3.4458425045013428,-0.8692864999605737,2.347807731196302,13.339092217883627,-0.04150390625,0.015625,1.00341796875,-0.3662109375,-0.48828125,-0.06103515625,0.0,0.0,0.0,0.009912319481372833,0.019466960802674294,-0.11626946926116943,0.992977499961853
3.465886354446411,-0.8533422237559724,2.269610389492707,13.342178609614825,-0.0400390625,0.01513671875,1.0068359375,-0.1220703125,-0.54931640625,-0.06103515625,0.0,0.0,0.0,0.009695528075098991,0.018805239349603653,-0.11629006266593933,0.9929899573326111
3.4857826232910156,-0.9741365204660279,2.3647297383084203,13.342770274751677,-0.0419921875,0.017578125,1.00146484375,0.18310546875,-0.18310546875,-0.18310546875,0.0,0.0,0.0,0.010838627815246582,0.01950686052441597,-0.11631999909877777,0.992961049079895
3.506129264831543,-0.929374128688409,2.421376552520156,13.34850507233355,-0.04248046875,0.01611328125,1.00390625,-0.06103515625,-0.91552734375,-0.18310546875,0.0,0.0,0.0,0.010509083047509193,0.020042642951011658,-0.11636484414339066,0.9929487705230713
3.5261707305908203,-0.936999608009905,2.3067693933419267,13.35126788385282,-0.04052734375,0.0166015625,1.001953125,-0.3662109375,-1.15966796875,-0.18310546875,0.0,0.0,0.0,0.01045957487076521,0.01904151774942875,-0.11638440191745758,0.9929666519165039
3.5457327365875244,-1.0504359233540057,2.421055960515988,13.349137718605423,-0.0419921875,0.0185546875,1.001953125,-0.18310546875,-0.6103515625,-0.244140625,0.0,0.0,0.0,0.01155787706375122,0.01991685852408409,-0.11639141291379929,0.9929364919662476
3.5656661987304688,-0.9498449526828776,2.369362954443216,13.357694238088156,-0.04150390625,0.0166015625,1.0029296875,0.06103515625,-0.244140625,-0.18310546875,0.0,0.0,0.0,0.010635371319949627,0.019570279866456985,-0.11644541472196579,0.9929473400115967
3.584855318069458,-0.8902123853084946,2.450821711475492,13.362222653507875,-0.04296875,0.015625,1.00244140625,-0.244140625,-0.3662109375,-0.06103515625,0.0,0.0,0.0,0.010201993398368359,0.020336348563432693,-0.11647819727659225,0.9929326176643372
3.605787992477417,-0.957063075253406,2.3766136271340077,13.36194603084649,-0.04150390625,0.0166015625,1.00244140625,-0.18310546875,-0.79345703125,-0.1220703125,0.0,0.0,0.0,0.010705992579460144,0.019625378772616386,-0.11648386716842651,0.9929409623146057
3.625934600830078,-0.8918129974518048,2.3083885750620428,13.369006738900989,-0.04052734375,0.015625,1.00341796875,0.244140625,-0.79345703125,-0.244140625,0.0,0.0,0.0,0.010072615928947926,0.019099880009889603,-0.1165306493639946,0.9929524660110474
3.6498706340789795,-1.086931011471559,2.3416161647136855,13.363064474323078,-0.041015625,0.01953125,1.0048828125,-0.1220703125,-0.67138671875,-0.1220703125,0.0,0.0,0.0,0.011796019971370697,0.019189974293112755,-0.11651357263326645,0.9929336905479431
3.6658551692962646,-1.0413208224632122,2.3013746111146745,13.367354686895492,-0.04052734375,0.01806640625,1.005859375,-0.30517578125,-0.42724609375,-0.18310546875,0.0,0.0,0.0,0.011360729113221169,0.01888721063733101,-0.11654074490070343,0.9929414391517639
3.680727005004883,-1.0209116836146852,2.4210691940075053,13.37058963524114,-0.04248046875,0.017578125,1.00341796875,-0.18310546875,-0.732421875,-0.06103515625,0.0,0.0,0.0,0.011305796913802624,0.019944842904806137,-0.11657215654850006,0.9929176568984985
3.7058699131011963,-0.9031669062864816,2.4008526878379137,13.377523131022349,-0.04150390625,0.01611328125,1.0009765625,0.18310546875,-0.54931640625,-0.06103515625,0.0,0.0,0.0,0.010266251862049103,0.01988881267607212,-0.11661075055599213,0.9929254055023193
3.7257213592529297,-1.002031546644889,2.3257626553198514,13.3754732204977,-0.04052734375,0.01708984375,1.00146484375,0.0,-0.732421875,-0.1220703125,0.0,0.0,0.0,0.011046369560062885,0.01913771964609623,-0.1166059747338295,0.9929324388504028
3.7455081939697266,-0.9201861368725666,2.3693104473639717,13.381394140734454,-0.04150390625,0.01611328125,1.001953125,-0.42724609375,-0.54931640625,-0.1220703125,0.0,0.0,0.0,0.010382374748587608,0.019597817212343216,-0.1166457086801529,0.9929260015487671
3.765563726425171,-0.9328485605418297,2.401588427277571,13.383317692759459,-0.0419921875,0.015625,1.0029296875,-0.244140625,-0.48828125,-0.1220703125,0.0,0.0,0.0,0.010525190271437168,0.01986444741487503,-0.11666613817214966,0.9929167628288269
3.787045478820801,-0.9347073324914252,2.3873487635185637,13.387735971378811,-0.041015625,0.0166015625,1.00390625,0.244140625,-0.6103515625,-0.18310546875,0.0,0.0,0.0,0.010527603328227997,0.019738761708140373,-0.1167040467262268,0.9929147362709045
3.8057310581207275,-0.9450674488018652,2.424766247339186,13.392525641534283,-0.04248046875,0.01708984375,1.00146484375,0.06103515625,-0.8544921875,-0.1220703125,0.0,0.0,0.0,0.010656205005943775,0.0200519897043705,-0.11674919724464417,0.9929018020629883
3.8255205154418945,-0.9947675337408746,2.397180820828797,13.39254186323356,-0.04150390625,0.017578125,1.001953125,-0.3662109375,-0.79345703125,-0.18310546875,0.0,0.0,0.0,0.011058825068175793,0.019762324169278145,-0.11675653606653214,0.9929023385047913
3.845604419708252,-0.9490842403640675,2.3900168061631,13.397479236229834,-0.04150390625,0.01611328125,1.00439453125,-0.244140625,-0.42724609375,-0.1220703125,0.0,0.0,0.0,0.010656563565135002,0.019746331498026848,-0.11679106950759888,0.9929029941558838
3.8657517433166504,-0.9786588527485168,2.419679037067996,13.400491349653809,-0.04248046875,0.01708984375,1.00390625,0.30517578125,-0.48828125,-0.1220703125,0.0,0.0,0.0,0.010943485423922539,0.019972926005721092,-0.11682382225990295,0.9928914904594421
3.8815908432006836,-0.8779950445131929,2.290157732950221,13.406950147287702,-0.0400390625,0.015625,1.001953125,0.1220703125,-0.79345703125,0.1220703125,0.0,0.0,0.0,0.009940668009221554,0.018952663987874985,-0.11685629934072495,0.9929182529449463
3.9055581092834473,-0.9436000253473703,2.3016049165557506,13.40825812851376,-0.041015625,0.0166015625,1.0048828125,-0.30517578125,-1.0986328125,-0.18310546875,0.0,0.0,0.0,0.010520980693399906,0.018984828144311905,-0.11687904596328735,0.9929090142250061
3.925403594970703,-0.9313002420343525,2.3149434222311394,13.412881312808212,-0.04052734375,0.01611328125,1.0029296875,0.0,-0.91552734375,-0.3662109375,0.0,0.0,0.0,0.010428745299577713,0.01911253295838833,-0.11691772937774658,0.992902934551239
3.941236972808838,-0.9610492376860489,2.354890423922194,13.414008294021265,-0.04150390625,0.01708984375,1.00341796875,0.06103515625,-0.244140625,-0.1220703125,0.0,0.0,0.0,0.010727343149483204,0.01942821405827999,-0.11693452298641205,0.9928917288780212
3.965765953063965,-0.9622083421325411,2.34254955275245,13.417151888586764,-0.041015625,0.0166015625,1.00244140625,-0.30517578125,-0.42724609375,-0.06103515625,0.0,0.0,0.0,0.010725361295044422,0.0193198062479496,-0.11696133017539978,0.9928906559944153
3.9855360984802246,-0.9036646563222462,2.2369253729932574,13.422009006860288,-0.0390625,0.015625,1.0048828125,-0.1220703125,-0.732421875,0.0,0.0,0.0,0.0,0.010111374780535698,0.01846388913691044,-0.11698845773935318,0.9929102063179016
4.005537509918213,-0.9481586430098249,2.3350990970284355,13.425629860894041,-0.041015625,0.0166015625,1.00439453125,0.30517578125,-0.79345703125,-0.30517578125,0.0,0.0,0.0,0.010597468353807926,0.019268803298473358,-0.11703203618526459,0.9928846955299377
4.025634527206421,-0.9786272631236056,2.4260708134706586,13.428831512067484,-0.04248046875,0.0166015625,1.00244140625,0.0,-0.732421875,-0.18310546875,0.0,0.0,0.0,0.010954659432172775,0.02002563141286373,-0.11706970632076263,0.9928613901138306
4.046388626098633,-0.9739561607832573,2.3929029879742534,13.430645781065769,-0.0419921875,0.01708984375,1.00439453125,-0.42724609375,-0.67138671875,-0.1220703125,0.0,0.0,0.0,0.010880719870328903,0.019742842763662338,-0.11708288639783859,0.9928662180900574
4.065556526184082,-1.0431385065560819,2.308185376934235,13.430275243303296,-0.041015625,0.01806640625,1.0029296875,-0.3662109375,-0.54931640625,-0.06103515625,0.0,0.0,0.0,0.01139378547668457,0.018938127905130386,-0.11708663403987885,0.9928758144378662
4.088568210601807,-0.9201443019639003,2.351755793979981,13.437717588177671,-0.04150390625,0.015625,1.0029296875,0.244140625,-0.54931640625,0.1220703125,0.0,0.0,0.0,0.010373751632869244,0.019440647214651108,-0.11713287234306335,0.9928717613220215
4.103374242782593,-0.860695989614549,2.427745063590958,13.443825484842955,-0.04248046875,0.01513671875,1.00244140625,0.18310546875,-0.8544921875,-0.1220703125,0.0,0.0,0.0,0.009937199763953686,0.020159311592578888,-0.1171790063381195,0.992856502532959
4.12645149230957,-0.9340568636946873,2.360210074068576,13.442875234774677,-0.041015625,0.0166015625,1.0029296875,-0.3662109375,-1.03759765625,-0.18310546875,0.0,0.0,0.0,0.010503789409995079,0.01949920877814293,-0.11718033254146576,0.9928637146949768
4.14582633972168,-0.8708359924068146,2.3623852758758135,13.448966909740681,-0.04150390625,0.015625,1.0029296875,-0.1220703125,-0.79345703125,-0.18310546875,0.0,0.0,0.0,0.009959278628230095,0.019582172855734825,-0.11722242832183838,0.9928627014160156
4.167115926742554,-0.9799151806689761,2.339205107936671,13.446251909545602,-0.041015625,0.01708984375,1.00390625,0.06103515625,-0.1220703125,-0.06103515625,0.0,0.0,0.0,0.010880273766815662,0.01926998980343342,-0.11721627414226532,0.9928598403930664
4.185587167739868,-0.9245938500430463,2.3595422096337955,13.449913744714376,-0.04150390625,0.01611328125,1.00146484375,0.06103515625,-0.6103515625,0.1220703125,0.0,0.0,0.0,0.010422316379845142,0.019502460956573486,-0.11723967641592026,0.9928574562072754
4.207270622253418,-0.9980001342089947,2.305659914488623,13.451218310845848,-0.04052734375,0.017578125,1.00244140625,-0.30517578125,-1.220703125,-0.30517578125,0.0,0.0,0.0,0.011003579013049603,0.01896035484969616,-0.11726050078868866,0.9928591847419739
4.2220048904418945,-1.0423519675844726,2.345970196866157,13.454176636530109,-0.0419921875,0.017578125,1.00146484375,0.1220703125,-0.91552734375,-0.18310546875,0.0,0.0,0.0,0.01142947655171156,0.019263945519924164,-0.11729580909013748,0.9928444623947144
4.245779275894165,-0.9017963861408362,2.415943990809057,13.462370302213186,-0.04248046875,0.015625,1.00341796875,0.1220703125,-0.30517578125,-0.18310546875,0.0,0.0,0.0,0.010284511372447014,0.020013364031910896,-0.1173463687300682,0.9928361177444458
4.265838623046875,-0.9629106776782889,2.464723067427172,13.461876821045653,-0.04296875,0.0166015625,1.0048828125,-0.1220703125,-0.42724609375,-0.06103515625,0.0,0.0,0.0,0.010863730683922768,0.020373469218611717,-0.11735524237155914,0.9928215146064758
4.285586595535278,-0.94071224271063,2.44639788332744,13.465849429821661,-0.04248046875,0.0166015625,1.0048828125,-0.244140625,-0.91552734375,-0.06103515625,0.0,0.0,0.0,0.010653393343091011,0.02023705653846264,-0.11738480627536774,0.9928231239318848
4.305792331695557,-0.93033366354509,2.457715933668974,13.469677750851453,-0.04296875,0.01611328125,1.00390625,0.0,-0.8544921875,-0.1220703125,0.0,0.0,0.0,0.01057571079581976,0.020345395430922508,-0.11741667985916138,0.9928180575370789
4.326009511947632,-0.98454540859601,2.363254204004286,13.473260185071124,-0.041015625,0.01708984375,1.00439453125,0.18310546875,-0.732421875,-0.30517578125,0.0,0.0,0.0,0.010949507355690002,0.019471051171422005,-0.11745233833789825,0.992827296257019
4.345844268798828,-0.9351744533976307,2.2688025061799415,13.477515392924044,-0.0400390625,0.01611328125,1.00244140625,-0.18310546875,-0.42724609375,-0.1220703125,0.0,0.0,0.0,0.010425918735563755,0.01870288886129856,-0.11747608333826065,0.992844820022583
4.365902662277222,-0.9738618187953465,2.3807429033741037,13.479820581768923,-0.04150390625,0.0166015625,1.0029296875,-0.18310546875,-0.48828125,-0.18310546875,0.0,0.0,0.0,0.010875940322875977,0.019632909446954727,-0.11750828474760056,0.9928182363510132
4.385519981384277,-0.9903429585408815,2.320848334212027,13.482733657449932,-0.041015625,0.01708984375,1.0029296875,0.18310546875,-0.79345703125,-0.18310546875,0.0,0.0,0.0,0.010957981459796429,0.019096780568361282,-0.1175331100821495,0.992824912071228
4.408013105392456,-0.9366146628171513,2.383266871715835,13.486480869983332,-0.0419921875,0.0166015625,1.0029296875,0.06103515625,-0.67138671875,-0.06103515625,0.0,0.0,0.0,0.010556956753134727,0.019692357629537582,-0.11755971610546112,0.9928144216537476
4.425387382507324,-0.8704556896082625,2.36084293378386,13.49137811561823,-0.04150390625,0.01611328125,1.0029296875,-0.244140625,-1.03759765625,-0.244140625,0.0,0.0,0.0,0.009961651638150215,0.019565511494874954,-0.11758975684642792,0.992819607257843
4.445623397827148,-1.044018853907073,2.349044208879486,13.485161789699873,-0.041015625,0.017578125,1.00244140625,-0.244140625,-0.54931640625,0.0,0.0,0.0,0.0,0.011452271603047848,0.01928577944636345,-0.11756472289562225,0.992811918258667
4.4658801555633545,-0.919523288357958,2.4037313991296623,13.49239154493633,-0.0419921875,0.01611328125,1.00341796875,0.244140625,-0.244140625,0.0,0.0,0.0,0.0,0.010430837981402874,0.019886663183569908,-0.11760897189378738,0.992806077003479
4.485583305358887,-0.9379080231695167,2.436246087786685,13.49484699794295,-0.04248046875,0.0166015625,1.00244140625,-0.06103515625,-0.48828125,-0.06103515625,0.0,0.0,0.0,0.010623827576637268,0.02014928124845028,-0.11763504147529602,0.9927956461906433
4.505609035491943,-1.061275433566816,2.2518694000104222,13.49377465824326,-0.03955078125,0.0185546875,1.001953125,-0.244140625,-1.0986328125,-0.18310546875,0.0,0.0,0.0,0.011503780260682106,0.01842525228857994,-0.11763643473386765,0.9928192496299744
4.521175146102905,-0.9125097512974127,2.3548543519856397,13.504842979793263,-0.041015625,0.01611328125,1.00048828125,0.18310546875,-0.91552734375,-0.18310546875,0.0,0.0,0.0,0.010322166606783867,0.019469257444143295,-0.11771330237388611,0.992803156375885
4.545532464981079,-0.9458712766898111,2.3165626039512555,13.504630390155347,-0.04052734375,0.0166015625,1.0029296875,0.1220703125,-0.18310546875,-0.06103515625,0.0,0.0,0.0,0.010571944527328014,0.019103238359093666,-0.11771519482135773,0.9928073883056641
4.565916061401367,-0.887483938178486,2.4383045360477977,13.510006602805793,-0.04296875,0.015625,1.00390625,-0.3662109375,-0.54931640625,-0.06103515625,0.0,0.0,0.0,0.010191744193434715,0.020217526704072952,-0.11775758862495422,0.992784321308136
4.586796283721924,-0.9313838051299794,2.432528117000671,13.511263357613077,-0.04248046875,0.01708984375,1.00146484375,-0.06103515625,-0.8544921875,-0.18310546875,0.0,0.0,0.0,0.010566380806267262,0.02012225240468979,-0.11777593940496445,0.9927800893783569
4.605748891830444,-0.9474537461431385,2.333767850470518,13.515516004145056,-0.04150390625,0.01611328125,1.001953125,0.1220703125,-0.9765625,-0.1220703125,0.0,0.0,0.0,0.010605107992887497,0.019249675795435905,-0.11781063675880432,0.9927928447723389
4.625560522079468,-0.8671189821161526,2.3397743615153095,13.520933197930521,-0.04052734375,0.0146484375,1.0029296875,0.1220703125,-0.67138671875,-0.18310546875,0.0,0.0,0.0,0.009916180744767189,0.019383834674954414,-0.11784432083368301,0.9927933812141418
4.645791292190552,-0.9289332613218257,2.37417204794914,13.521905646113602,-0.04150390625,0.01611328125,1.0029296875,-0.42724609375,-0.79345703125,-0.18310546875,0.0,0.0,0.0,0.010487166233360767,0.019618196412920952,-0.11786486208438873,0.9927805066108704
4.665802717208862,-0.8635213934142599,2.338960074900197,13.526408448323933,-0.041015625,0.01513671875,1.0048828125,-0.244140625,-0.67138671875,-0.06103515625,0.0,0.0,0.0,0.009885103441774845,0.019380008801817894,-0.1178911104798317,0.9927881360054016
4.685667276382446,-0.9407691253798116,2.3546270347523253,13.52772325973916,-0.04150390625,0.0166015625,1.00341796875,0.18310546875,-0.244140625,0.0,0.0,0.0,0.0,0.010570649057626724,0.019436147063970566,-0.11791632324457169,0.9927770495414734
4.705805063247681,-0.9649846005867397,2.2947194455421434,13.530930033554482,-0.0400390625,0.017578125,1.00439453125,0.1220703125,-0.6103515625,-0.1220703125,0.0,0.0,0.0,0.010719501413404942,0.018891889601945877,-0.11794508248567581,0.9927825927734375
4.726231336593628,-1.050852351449965,2.321171700980545,13.529382141933828,-0.04052734375,0.0185546875,1.00341796875,-0.3662109375,-1.0986328125,-0.244140625,0.0,0.0,0.0,0.011490315198898315,0.01903284154832363,-0.11794735491275787,0.9927709698677063
4.745596885681152,-0.9460458734004695,2.4347696997089043,13.534969236674899,-0.04248046875,0.0166015625,0.99951171875,-0.42724609375,-0.732421875,-0.06103515625,0.0,0.0,0.0,0.010699868202209473,0.020124388858675957,-0.11798399686813354,0.9927539229393005
4.7656872272491455,-0.600696781369227,2.35620779665836,13.54272662402474,-0.0400390625,-0.16015625,0.8955078125,-15.68603515625,4.0283203125,1.40380859375,0.0,0.0,0.0,0.007628566585481167,0.019798697903752327,-0.11798814684152603,0.9927883148193359
4.7864649295806885,-0.33442367084527824,2.3605624691410663,13.538537156742583,-0.02734375,-0.29443359375,1.0673828125,-6.103515625,-4.150390625,-1.708984375,0.0,0.0,0.0,0.005325376987457275,0.020110733807086945,-0.11790554225444794,0.9928069114685059
4.806014776229858,-0.2827979794884278,2.361903960982739,13.546344062963907,-0.04541015625,-0.1064453125,1.076171875,8.1787109375,1.46484375,0.9765625,0.0,0.0,0.0,0.0048808506689965725,0.020175138488411903,-0.11796409636735916,0.9928009510040283
4.825564622879028,-0.04731035916293791,2.3512460911131687,13.56858059758053,-0.0625,-0.15673828125,0.88916015625,-12.5732421875,6.77490234375,1.46484375,0.0,0.0,0.0,0.002833597594872117,0.020324626937508583,-0.11811523139476776,0.9927878379821777
4.845702886581421,0.1865922170480726,2.3016074778766895,13.609011048598775,-0.041015625,-0.17724609375,1.068359375,7.99560546875,-5.67626953125,-2.13623046875,0.0,0.0,0.0,0.0007630581967532635,0.020135357975959778,-0.11842551827430725,0.9927584528923035
4.865516901016235,0.26139149961894664,2.2920076469982367,13.617915907729179,-0.041015625,-0.02734375,1.0341796875,5.06591796875,-3.35693359375,-2.38037109375,0.0,0.0,0.0,0.00010667473543435335,0.020129479467868805,-0.11848988384008408,0.9927512407302856
4.884683609008789,0.5361323905272717,2.2766367331579462,13.632681069167454,-0.02490234375,-0.099609375,0.97509765625,-1.77001953125,-4.21142578125,-2.5634765625,0.0,0.0,0.0,-0.0022868087980896235,0.020280644297599792,-0.11857014149427414,0.9927358627319336
4.905824184417725,0.4660993660376633,2.2248794806182937,13.658149990808786,-0.04345703125,0.01123046875,1.02978515625,3.173828125,-1.03759765625,-1.220703125,0.0,0.0,0.0,-0.0017293354030698538,0.01976017840206623,-0.11880602687597275,0.9927194118499756
4.925613164901733,0.7329989329745492,2.3115069833049766,13.68463831818374,-0.05224609375,-0.11181640625,0.927734375,-5.67626953125,-2.62451171875,-1.64794921875,0.0,0.0,0.0,-0.003946737386286259,0.02078818716108799,-0.11898257583379745,0.9926708340644836
4.946295738220215,0.7400513167359989,2.2910243132011665,13.727997212808628,-0.0390625,-0.00830078125,1.05517578125,5.0048828125,-1.15966796875,-1.28173828125,0.0,0.0,0.0,-0.004021341912448406,0.020619601011276245,-0.11935846507549286,0.9926289319992065
4.965799331665039,0.8309794373614101,2.193479180013041,13.751141308811217,-0.02392578125,-0.029296875,0.95556640625,0.91552734375,-2.13623046875,-2.197265625,0.0,0.0,0.0,-0.004906808491796255,0.019870353862643242,-0.1195506602525711,0.992617130279541
4.985608339309692,1.062413193672152,2.1010443089845543,13.796543283771584,-0.04052734375,-0.03076171875,1.0166015625,-0.6103515625,3.23486328125,-0.67138671875,0.0,0.0,0.0,-0.007000559009611607,0.019313884899020195,-0.11991279572248459,0.9925718903541565
5.005818605422974,1.1410546043935037,2.2285092992753324,13.808841893145837,-0.05517578125,-0.0234375,1.03076171875,2.50244140625,-1.28173828125,-0.9765625,0.0,0.0,0.0,-0.0075457594357430935,0.020500997081398964,-0.11999252438545227,0.9925343990325928
5.025570631027222,0.9287714712158611,2.364122918689347,13.804348482445615,-0.05126953125,-0.0009765625,0.98388671875,1.5869140625,1.46484375,0.1220703125,0.0,0.0,0.0,-0.005565473809838295,0.021453024819493294,-0.11997899413108826,0.992529034614563
5.0456862449646,0.9761177022121548,2.4769565765609,13.80420846356763,-0.04248046875,-0.00927734375,0.99560546875,1.40380859375,-3.60107421875,-0.48828125,0.0,0.0,0.0,-0.00585711095482111,0.022479837760329247,-0.11995808780193329,0.9925071597099304
5.065700054168701,0.8188316257574251,2.414038581474035,13.809256827137917,-0.02978515625,0.0107421875,0.99462890625,-0.30517578125,1.64794921875,-0.48828125,0.0,0.0,0.0,-0.00455990107730031,0.021770428866147995,-0.12003785371780396,0.9925201535224915
5.085664749145508,0.8521196198945401,2.4598441779256675,13.819816299594756,-0.06103515625,-0.05419921875,0.97314453125,-4.69970703125,0.06103515625,-0.244140625,0.0,0.0,0.0,-0.004798069596290588,0.02220246195793152,-0.12011901289224625,0.9924996495246887
5.1056599617004395,1.25043015883262,2.540534752119729,13.834897357282143,-0.076171875,-0.21240234375,1.025390625,-2.9296875,-1.0986328125,-2.13623046875,0.0,0.0,0.0,-0.008159952238202095,0.02331973984837532,-0.12016225606203079,0.9924468398094177
5.12548041343689,1.4688187340763137,2.664822637229393,13.956210054678033,-0.0654296875,-0.22021484375,1.0205078125,-0.732421875,6.2255859375,-9.58251953125,0.0,0.0,0.0,-0.00989436637610197,0.02463550865650177,-0.1211513802409172,0.9922789931297302
5.145492792129517,1.600327836685974,2.7370271282665364,14.12434796770259,-0.1376953125,-0.2216796875,0.99560546875,0.9765625,1.220703125,-10.25390625,0.0,0.0,0.0,-0.010919124819338322,0.025415753945708275,-0.1225682720541954,0.9920745491981506
5.166615009307861,1.8324385821373403,2.812568380156643,14.460166171077315,-0.072265625,-0.25146484375,0.9658203125,-1.03759765625,3.23486328125,-18.5546875,0.0,0.0,0.0,-0.012770145200192928,0.026355423033237457,-0.12541082501411438,0.9916725158691406
5.185928821563721,2.0862721039136978,2.859354749084407,14.948430781632139,-0.0546875,-0.30078125,0.9990234375,0.18310546875,6.28662109375,-25.81787109375,0.0,0.0,0.0,-0.014799896627664566,0.027101289480924606,-0.12956759333610535,0.9910897016525269
5.207699298858643,2.2497829906623945,2.9954046468316564,15.709733911805515,-0.11669921875,-0.24267578125,1.0439453125,7.50732421875,2.8076171875,-31.79931640625,0.0,0.0,0.0,-0.01586967334151268,0.028568686917424202,-0.13608293235301971,0.9901583194732666
5.220842123031616,2.2960319090798436,3.073194525062578,16.218985986132495,-0.13525390625,-0.1904296875,0.9765625,7.38525390625,2.74658203125,-35.0341796875,0.0,0.0,0.0,-0.016045866534113884,0.02936725877225399,-0.14045432209968567,0.9895215034484863
5.2455668449401855,2.4555966540355656,3.189763015749658,16.955679944726317,-0.14990234375,-0.15673828125,0.9208984375,-1.8310546875,3.7841796875,-36.4990234375,0.0,0.0,0.0,-0.01708284020423889,0.03067965619266033,-0.14674608409404755,0.9885507225990295
5.265829563140869,2.7924705485238803,3.2857431818442047,17.974453885852494,-0.07861328125,-0.173828125,1.01806640625,1.28173828125,3.90625,-41.50390625,0.0,0.0,0.0,-0.019580185413360596,0.03211404010653496,-0.1554136872291565,0.9871332049369812
5.285588026046753,2.936382207449226,3.267795152252704,18.6485372078721,-0.021484375,-0.17626953125,1.095703125,7.01904296875,2.99072265625,-45.2880859375,0.0,0.0,0.0,-0.02065492980182171,0.03227668255567551,-0.16118186712265015,0.9861804842948914
5.306565761566162,3.094850707043161,3.3054373919857016,19.831556707969572,-0.09912109375,-0.13525390625,0.9736328125,3.5400390625,1.15966796875,-46.875,0.0,0.0,0.0,-0.02162523940205574,0.033048417419195175,-0.17129875719547272,0.9844271540641785
5.326227426528931,3.1932129016107496,3.3698584555767925,20.51209968139672,-0.162109375,-0.12353515625,0.94189453125,1.0986328125,-1.46484375,-44.25048828125,0.0,0.0,0.0,-0.022172236815094948,0.03388097137212753,-0.1770952045917511,0.9833604693412781
5.345661163330078,3.427772056436154,3.410537354726096,21.55938283211853,-0.1220703125,-0.12158203125,0.9775390625,-2.197265625,-5.37109375,-38.6962890625,0.0,0.0,0.0,-0.023804431781172752,0.0348113588988781,-0.18599233031272888,0.9816457629203796
5.366053581237793,3.5960416640456456,3.3453720139588854,22.10401357879888,-0.0947265625,-0.12939453125,1.01611328125,0.3662109375,-7.8125,-34.7900390625,0.0,0.0,0.0,-0.025188276544213295,0.034646518528461456,-0.19062501192092896,0.9807279706001282
5.386162281036377,3.8112472644144075,3.2093295867310405,22.71480836796915,-0.05224609375,-0.1220703125,0.986328125,1.708984375,-6.04248046875,-27.28271484375,0.0,0.0,0.0,-0.027077771723270416,0.03398542478680611,-0.19582945108413696,0.9796748161315918
5.404400825500488,3.960149657188917,2.959323745654241,23.251164340470034,-0.01171875,-0.11181640625,0.970703125,5.06591796875,-3.2958984375,-16.05224609375,0.0,0.0,0.0,-0.02863140031695366,0.03223768621683121,-0.20045389235019684,0.9787539839744568
5.421732187271118,4.064961471323701,2.7466884308475197,23.438914287922636,-0.0302734375,-0.0380859375,0.869140625,-8.48388671875,-7.6904296875,-7.4462890625,0.0,0.0,0.0,-0.029851609840989113,0.030654482543468475,-0.20210139453411102,0.9784295558929443
5.445759534835815,4.041005009696705,2.5938657229328346,23.497319235515416,0.0,-0.064453125,1.11181640625,4.33349609375,-4.57763671875,-3.662109375,0.0,0.0,0.0,-0.02990383468568325,0.02932303585112095,-0.20265881717205048,0.9783534407615662
5.465837478637695,3.7491023613642236,2.136140168817607,23.56649880652389,0.0029296875,-0.0234375,1.14404296875,11.23046875,-8.11767578125,-3.41796875,0.0,0.0,0.0,-0.028211884200572968,0.02491649240255356,-0.2034682184457779,0.9783577919006348
5.4856040477752686,3.469920940360891,2.1136553995133367,23.623131320027053,0.05224609375,0.09228515625,1.060546875,14.58740234375,9.94873046875,-2.86865234375,0.0,0.0,0.0,-0.02585638500750065,0.024241548031568527,-0.20401839911937714,0.9783252477645874
5.507410526275635,3.1330694574307905,2.2227486750406613,23.723512902711438,-0.0830078125,0.13623046875,0.869140625,1.28173828125,-2.0751953125,-3.84521484375,0.0,0.0,0.0,-0.022763626649975777,0.02459290809929371,-0.20491661131381989,0.9782056212425232
5.526117324829102,3.036627826680445,2.2426266599595137,23.764946537764025,-0.1005859375,0.125,0.8857421875,-3.35693359375,-1.15966796875,-3.5400390625,0.0,0.0,0.0,-0.02189573459327221,0.0245980117470026,-0.20528572797775269,0.9781479239463806
5.5458152294158936,2.838571977543939,2.2760478427854443,23.842691165991695,-0.03076171875,0.078125,1.052734375,1.5869140625,1.64794921875,-4.57763671875,0.0,0.0,0.0,-0.020128296688199043,0.024542061612010002,-0.20598328113555908,0.9780406951904297
5.566249847412109,2.563904884695162,2.251356708935848,23.93350365364889,-0.05908203125,0.10693359375,1.03369140625,4.8828125,-2.685546875,-5.37109375,0.0,0.0,0.0,-0.017809638753533363,0.023851675912737846,-0.20682217180728912,0.9779256582260132
5.585725545883179,2.153279888209519,2.217172679356992,24.05306269997538,-0.04833984375,0.1640625,0.97802734375,3.84521484375,2.86865234375,-3.11279296875,0.0,0.0,0.0,-0.014343376271426678,0.022833680734038353,-0.207933247089386,0.9777713418006897
5.6018149852752686,1.9410718871127468,2.176077992441964,24.107297817079868,-0.0458984375,0.11083984375,0.9951171875,4.82177734375,-4.08935546875,-3.96728515625,0.0,0.0,0.0,-0.012597006745636463,0.02210393361747265,-0.20844532549381256,0.9777030944824219
5.62058424949646,1.7337493922632377,2.1568663778540107,24.159388254784968,-0.05322265625,0.1611328125,0.93798828125,-2.197265625,-3.173828125,-3.41796875,0.0,0.0,0.0,-0.010853340849280357,0.02156781032681465,-0.2089325487613678,0.9776319861412048
5.645730018615723,1.5746016090120034,2.1319398159214606,24.227659410633834,-0.03076171875,0.1396484375,0.99951171875,-1.64794921875,1.8310546875,-3.96728515625,0.0,0.0,0.0,-0.009528583846986294,0.021070659160614014,-0.20954851806163788,0.9775247573852539
5.661839962005615,1.2560296332915613,2.1122340798357393,24.348681824989995,-0.00634765625,0.126953125,1.0927734375,4.94384765625,0.732421875,-5.0048828125,0.0,0.0,0.0,-0.006825617514550686,0.02032715268433094,-0.2106410712003708,0.9773283004760742
5.680741548538208,1.0486023377269746,2.08260279822552,24.424659141769926,-0.03076171875,0.134765625,1.03955078125,4.2724609375,-1.953125,-5.2490234375,0.0,0.0,0.0,-0.005098004825413227,0.019696509465575218,-0.21132880449295044,0.9772032499313354
5.70989990234375,0.786044743389807,2.0443654782610845,24.563614217791958,-0.03271484375,0.14501953125,0.9228515625,-0.48828125,-1.708984375,-6.2255859375,0.0,0.0,0.0,-0.002906689653173089,0.01888972334563732,-0.212561696767807,0.9769608378410339
5.725633859634399,0.6868386469337519,2.0413157987966737,24.64350352541901,-0.0625,0.130859375,0.9228515625,-4.0283203125,-1.52587890625,-5.06591796875,0.0,0.0,0.0,-0.002053537406027317,0.018681133165955544,-0.21325929462909698,0.976814866065979
5.745893478393555,0.5423954605527618,2.055304453103683,24.753918655994145,-0.080078125,0.09619140625,1.013671875,-3.23486328125,-3.11279296875,-4.45556640625,0.0,0.0,0.0,-0.0007783437613397837,0.018532302230596542,-0.2142227590084076,0.9766086935997009
5.765703439712524,0.4400965157023074,2.079611815699289,24.801847800947417,-0.07275390625,0.08447265625,0.98876953125,-2.5634765625,-2.74658203125,-3.662109375,0.0,0.0,0.0,0.00014673237456008792,0.01854814402759075,-0.21464604139328003,0.9765158295631409
5.785558462142944,0.27627637613068207,2.1147981755388443,24.851976266813434,-0.041015625,0.07275390625,0.98583984375,-1.3427734375,1.708984375,-2.62451171875,0.0,0.0,0.0,0.0016168132424354553,0.018540402874350548,-0.215097576379776,0.9764152765274048
5.805598258972168,0.058505145934294595,2.127791329774324,24.903552732783492,-0.02783203125,0.06640625,1.01611328125,1.15966796875,1.28173828125,-3.11279296875,0.0,0.0,0.0,0.0035050061997026205,0.018240731209516525,-0.2155713587999344,0.9763115048408508
5.826894998550415,-0.026580431542098396,2.1416704876112016,24.94031964108567,-0.052734375,0.107421875,0.92041015625,-12.20703125,-2.44140625,-2.25830078125,0.0,0.0,0.0,0.004261878319084644,0.018197547644376755,-0.21589764952659607,0.9762370586395264
5.845988035202026,-0.0640099448999943,2.11180399136144,24.968079237419893,-0.02587890625,0.0703125,1.08154296875,-4.2724609375,-1.953125,-3.2958984375,0.0,0.0,0.0,0.004528811667114496,0.017871486023068428,-0.21614094078540802,0.9761881828308105
5.8665852546691895,-0.3814286858677622,1.969071820728391,25.058483621274185,-0.04345703125,0.0224609375,1.11962890625,2.01416015625,-7.50732421875,-4.82177734375,0.0,0.0,0.0,0.006976363714784384,0.016051270067691803,-0.21696047484874725,0.9760234355926514
5.886169195175171,-0.17636395540512564,1.8891904105075648,25.16228542118545,-0.02001953125,-0.0439453125,0.97802734375,-3.35693359375,-5.859375,-5.859375,0.0,0.0,0.0,0.005092817358672619,0.015754491090774536,-0.21781693398952484,0.9758492112159729
5.905925273895264,-0.11019310940646855,1.8087028209978997,25.22383567089102,-0.02197265625,-0.00634765625,0.9970703125,-0.91552734375,6.9580078125,-1.953125,0.0,0.0,0.0,0.004384508356451988,0.015192478895187378,-0.21833373606204987,0.9757461547851562
5.9256181716918945,-0.01995855647166442,1.7652820277836594,25.297620496947378,-0.00537109375,-0.04052734375,1.0283203125,6.04248046875,5.06591796875,-2.3193359375,0.0,0.0,0.0,0.0035430912394076586,0.01499239169061184,-0.21895116567611694,0.9756142497062683
5.945785284042358,0.11878704818729165,1.89014300845337,25.33603348083953,-0.06103515625,-0.01171875,0.93212890625,-2.50244140625,-2.62451171875,-2.13623046875,0.0,0.0,0.0,0.0026058880612254143,0.016319645568728447,-0.2192549854516983,0.9755276441574097
5.965647459030151,0.30045457878186604,2.050335917369322,25.361129303397448,-0.07421875,-0.0341796875,0.99267578125,-5.43212890625,-3.41796875,-1.89208984375,0.0,0.0,0.0,0.0013698695693165064,0.018030615523457527,-0.21943359076976776,0.9754599332809448
5.9834229946136475,0.4979348777590927,2.052424674594876,25.427455562880148,-0.02587890625,-0.0537109375,1.08837890625,1.5869140625,0.91552734375,-3.47900390625,0.0,0.0,0.0,-0.0002965138992294669,0.018426701426506042,-0.21996662020683289,0.9753333926200867
6.00577712059021,0.6338660476086602,2.053273539042662,25.504631577859417,-0.052734375,-0.03955078125,0.98486328125,1.3427734375,-2.197265625,-3.72314453125,0.0,0.0,0.0,-0.0014392549637705088,0.01869581639766693,-0.22060136497020721,0.9751838445663452
6.020782232284546,0.7747634053150615,2.182076606080528,25.571060290179666,-0.056640625,-0.03369140625,0.96826171875,1.5869140625,-1.52587890625,-2.9296875,0.0,0.0,0.0,-0.0023784697987139225,0.020064476877450943,-0.22113147377967834,0.975034773349762
6.045750379562378,0.9021983000848092,2.209850289679915,25.62574790731667,-0.04833984375,-0.05078125,1.033203125,3.96728515625,-1.953125,-2.197265625,0.0,0.0,0.0,-0.003399315755814314,0.02054830826818943,-0.2215714454650879,0.974921703338623
6.065786838531494,0.9516205884236694,2.3836743351885086,25.651704333710008,-0.0576171875,-0.015625,0.9365234375,-0.42724609375,-3.173828125,-0.06103515625,0.0,0.0,0.0,-0.003478212282061577,0.02212338335812092,-0.22176437079906464,0.9748430848121643
6.085693359375,0.9272340383223735,2.345974038847565,25.67950491117925,-0.025390625,-0.0078125,0.95556640625,-4.638671875,-0.6103515625,-1.77001953125,0.0,0.0,0.0,-0.0033385436981916428,0.02175629884004593,-0.22200967371463776,0.9747960567474365
6.108853578567505,0.9445911498289626,2.1871499425299663,25.72685861269495,0.0185546875,-0.0263671875,1.08056640625,1.3427734375,0.6103515625,-3.5400390625,0.0,0.0,0.0,-0.0037859033327549696,0.020440511405467987,-0.2224264293909073,0.9747278094291687
6.130325555801392,0.881651009988148,2.040852626593582,25.82589977075472,0.01171875,-0.021484375,1.13720703125,6.8359375,1.28173828125,-5.0048828125,0.0,0.0,0.0,-0.0035183867439627647,0.019077027216553688,-0.22329480946063995,0.9745579957962036
6.145849227905273,0.6704084134418746,1.9371963950889992,25.916719088601088,-0.04345703125,0.01025390625,0.98876953125,2.5634765625,-2.99072265625,-4.7607421875,0.0,0.0,0.0,-0.0019099473720416427,0.017785361036658287,-0.22411061823368073,0.9743995070457458
6.16565203666687,0.49334728515351844,1.9898607821277943,26.009968246244686,-0.03857421875,0.0146484375,0.873046875,-2.01416015625,0.6103515625,-4.82177734375,0.0,0.0,0.0,-0.0002867219445761293,0.017887094989418983,-0.22492694854736328,0.9742114543914795
6.185612440109253,0.49247163355758167,2.1298681341688313,26.09080353507179,-0.08203125,-0.009765625,0.9697265625,-1.5869140625,-1.220703125,-4.150390625,0.0,0.0,0.0,9.170736120722722e-06,0.019075604155659676,-0.22560419142246246,0.9740323424339294
6.205645322799683,0.5125208000925078,2.288561603118554,26.157268105885183,-0.0703125,0.0048828125,0.9853515625,-4.8828125,-0.9765625,-3.173828125,0.0,0.0,0.0,0.0001632716739550233,0.020463814958930016,-0.2261536866426468,0.9738767147064209
6.227705955505371,0.5530365217536715,2.4750276884506057,26.196241165289276,-0.06689453125,-0.01123046875,0.99560546875,-2.44140625,-0.9765625,-1.77001953125,0.0,0.0,0.0,0.00019476411398500204,0.022128324955701828,-0.22646233439445496,0.9737685322761536
6.245818138122559,0.6810632951036829,2.4466625531577777,26.241226498710272,-0.0244140625,-0.0185546875,1.02294921875,2.0751953125,3.72314453125,-1.64794921875,0.0,0.0,0.0,-0.0009405934251844883,0.02214067243039608,-0.2268223762512207,0.9736840128898621
6.265877962112427,0.6465795909749926,2.349260427055399,26.279912690169223,-0.04833984375,0.04052734375,0.88232421875,-8.97216796875,-1.64794921875,-1.3427734375,0.0,0.0,0.0,-0.0008334156009368598,0.021245108917355537,-0.22716644406318665,0.9736238718032837
6.285710096359253,0.5755160616943585,2.312605789987703,26.29590045546893,-0.02490234375,0.00927734375,1.189453125,-0.244140625,0.48828125,-1.89208984375,0.0,0.0,0.0,-0.0002994589740410447,0.020792847499251366,-0.2273184359073639,0.9735984802246094
6.305781841278076,0.41100980827626427,2.133749816051514,26.35865111092113,-0.0634765625,0.01025390625,1.1318359375,3.96728515625,-8.11767578125,-3.0517578125,0.0,0.0,0.0,0.0007535330369137228,0.018946504220366478,-0.22789350152015686,0.9735015034675598
6.325744390487671,0.15972065202765573,2.0880985391864413,26.45488164613744,0.00927734375,0.03271484375,0.98486328125,2.74658203125,4.150390625,-4.0283203125,0.0,0.0,0.0,0.0028126719407737255,0.018056534230709076,-0.2287541925907135,0.9733127355575562
6.346573352813721,-0.026047008108649614,1.9956026233422477,26.51223815969262,-0.0166015625,0.01123046875,0.9521484375,3.11279296875,3.47900390625,-2.197265625,0.0,0.0,0.0,0.0042143273167312145,0.01689792238175869,-0.22927342355251312,0.9732062220573425
6.365899085998535,0.08466060830891795,2.1589828827230684,26.511114593574156,-0.095703125,-0.0390625,0.8740234375,-10.43701171875,1.3427734375,0.79345703125,0.0,0.0,0.0,0.0036008211318403482,0.018506990745663643,-0.22924049198627472,0.9731872081756592
6.385929822921753,0.45113015269793405,2.2562881055165973,26.517686943103,-0.03759765625,-0.1396484375,1.11083984375,-2.38037109375,2.685546875,-1.0986328125,0.0,0.0,0.0,0.0006843885057605803,0.020066330209374428,-0.2292289435863495,0.9731653928756714
6.405625104904175,0.6691038473104022,2.287183825896915,26.55287095506503,-0.0478515625,-0.15673828125,1.03564453125,0.732421875,-2.50244140625,-2.685546875,0.0,0.0,0.0,-0.0010985176777467132,0.02076503075659275,-0.2294863909482956,0.9730896949768066
6.428109884262085,0.7500683227623515,2.3023282762775374,26.578545636155106,-0.05517578125,-0.0966796875,1.017578125,7.2021484375,-0.42724609375,-1.0986328125,0.0,0.0,0.0,-0.0017509744502604008,0.0210561566054821,-0.22968822717666626,0.9730349183082581
6.445756196975708,0.8645432537471173,2.3466732794638454,26.59934697727238,-0.056640625,-0.0703125,0.884765625,1.220703125,1.52587890625,0.3662109375,0.0,0.0,0.0,-0.002630094299092889,0.021662596613168716,-0.22983905673027039,0.9729840159416199
6.466000318527222,1.0479656360302825,2.341149577416009,26.596770288407992,-0.0634765625,-0.04541015625,0.8857421875,-7.14111328125,-3.60107421875,1.15966796875,0.0,0.0,0.0,-0.004199096467345953,0.021983474493026733,-0.22978287935256958,0.9729844927787781
6.485820293426514,1.1622990540331821,2.2455568111134494,26.631773300357015,0.07177734375,-0.0556640625,1.0947265625,-3.47900390625,4.39453125,-4.150390625,0.0,0.0,0.0,-0.005355351604521275,0.021402772516012192,-0.2300701141357422,0.9729239344596863
6.501214981079102,1.179985935610636,2.153795994378678,26.71764756124429,0.0029296875,-0.07861328125,1.20068359375,4.8828125,-1.220703125,-4.8828125,0.0,0.0,0.0,-0.005674578715115786,0.02066352590918541,-0.23080739378929138,0.9727634787559509
6.525784015655518,1.2516694112801543,2.1589705030051975,26.812404483147173,-0.048828125,-0.029296875,0.904296875,-0.9765625,-3.11279296875,-3.60107421875,0.0,0.0,0.0,-0.006255411077290773,0.020857010036706924,-0.23159804940223694,0.9725677967071533
6.546065092086792,1.3441417416273702,2.2899562423697057,26.885439695942118,-0.04541015625,-0.0244140625,0.86279296875,-5.0048828125,-2.5634765625,-4.150390625,0.0,0.0,0.0,-0.00676091481000185,0.02215977944433689,-0.23218275606632233,0.9723962545394897
6.565573453903198,1.5002335488335525,2.414873145213246,26.94450717188439,-0.03857421875,-0.02099609375,0.88427734375,-10.986328125,2.8076171875,-3.90625,0.0,0.0,0.0,-0.007819702848792076,0.023539919406175613,-0.23263446986675262,0.9722478985786438
6.58625864982605,1.8021834054351225,2.4949697063929275,27.03742848044783,-0.0498046875,-0.06201171875,1.037109375,-2.38037109375,0.30517578125,-2.86865234375,0.0,0.0,0.0,-0.010198399424552917,0.02484055608510971,-0.23334576189517975,0.9720229506492615
6.6059346199035645,1.975254849474545,2.475626824106863,27.110537117776353,-0.0185546875,-0.037109375,0.95556640625,-0.79345703125,7.080078125,-2.5634765625,0.0,0.0,0.0,-0.01169000193476677,0.02503637596964836,-0.23393172025680542,0.9718603491783142
6.625725269317627,1.8519786861356888,2.4935394220920446,27.142703893672525,-0.05908203125,-0.01220703125,1.08935546875,-2.5634765625,-0.79345703125,-2.62451171875,0.0,0.0,0.0,-0.0106008006259799,0.02493957057595253,-0.23422808945178986,0.9718039631843567
6.641944646835327,1.955805245482699,2.596853076921069,27.19135191603594,-0.072265625,-0.0439453125,1.17919921875,-0.18310546875,-7.38525390625,-3.90625,0.0,0.0,0.0,-0.011258446611464024,0.026032552123069763,-0.2345982789993286,0.9716785550117493
6.665819883346558,1.833542724905355,2.4748857485819165,27.2671857988433,0.0166015625,-0.03076171875,1.1416015625,6.53076171875,0.30517578125,-6.28662109375,0.0,0.0,0.0,-0.01045580767095089,0.024755094200372696,-0.2352910041809082,0.971553385257721
6.685787200927734,1.6500896067709248,2.362474281778435,27.366488211638824,-0.0419921875,-0.0048828125,0.8701171875,4.33349609375,1.28173828125,-3.5400390625,0.0,0.0,0.0,-0.00911154318600893,0.023433327674865723,-0.2361907958984375,0.971381425857544
6.705884695053101,1.5422370777950154,2.468914882586856,27.412914714974693,-0.05419921875,0.02783203125,0.8720703125,-9.09423828125,3.5400390625,-2.50244140625,0.0,0.0,0.0,-0.007967599667608738,0.024116411805152893,-0.23658950626850128,0.97127765417099
6.725718021392822,1.466731044067817,2.4809466876966564,27.467971162326872,-0.0419921875,-0.01171875,1.06298828125,-4.08935546875,1.52587890625,-3.72314453125,0.0,0.0,0.0,-0.007291147485375404,0.024065986275672913,-0.23707014322280884,0.9711670279502869
6.745778799057007,1.5623508109619393,2.3870023448615973,27.555873989397647,-0.04345703125,-0.02978515625,1.06884765625,5.55419921875,0.3662109375,-4.45556640625,0.0,0.0,0.0,-0.008278326131403446,0.023474086076021194,-0.23780988156795502,0.9709926843643188
6.7655580043792725,1.3541054935225378,2.4257290905687463,27.64096960871954,-0.0732421875,0.013671875,0.8388671875,1.708984375,-9.521484375,-4.45556640625,0.0,0.0,0.0,-0.006415843032300472,0.0233747661113739,-0.23856759071350098,0.9708232879638672
6.785672903060913,1.2635021804086726,2.3261746011041677,27.75861961717301,0.05322265625,0.02001953125,1.02685546875,-1.64794921875,3.47900390625,-8.23974609375,0.0,0.0,0.0,-0.005832975264638662,0.022348785772919655,-0.2395962029695511,0.9705979228019714
6.807354688644409,1.0607958262210342,2.1476294007752146,27.952284508446844,-0.05078125,0.00048828125,1.14111328125,3.72314453125,-6.2255859375,-7.62939453125,0.0,0.0,0.0,-0.0044554658234119415,0.020420290529727936,-0.24129675328731537,0.9702262878417969
6.8258490562438965,0.9572748111176763,2.1513347783999466,28.057436978266484,-0.08642578125,0.0224609375,0.9462890625,0.48828125,-7.32421875,-6.8359375,0.0,0.0,0.0,-0.0035525888670235872,0.02023693546652794,-0.24220487475395203,0.970007598400116
6.845557689666748,0.8163097918498095,2.1110136104084227,28.21033247038451,-0.02685546875,0.02685546875,0.86181640625,-5.43212890625,-1.03759765625,-7.4462890625,0.0,0.0,0.0,-0.002418502466753125,0.019600920379161835,-0.24352765083312988,0.9696928858757019
6.866565704345703,0.7939217657718299,2.192090730620824,28.39151006830827,-0.04443359375,0.01171875,0.9560546875,-8.6669921875,2.44140625,-7.38525390625,0.0,0.0,0.0,-0.0020245679188519716,0.020242607221007347,-0.24505630135536194,0.9692954421043396
6.885734558105469,0.775042002328004,2.2294258252845833,28.501973010207593,-0.037109375,-0.0087890625,0.97216796875,-5.67626953125,1.15966796875,-8.36181640625,0.0,0.0,0.0,-0.0017651644302532077,0.02051972784101963,-0.24599024653434753,0.9690534472465515
6.9065563678741455,0.7180592815473215,2.2946308665263446,28.673110230051435,-0.06884765625,-0.00244140625,1.16162109375,7.2021484375,-1.89208984375,-7.38525390625,0.0,0.0,0.0,-0.0011118835536763072,0.02095046266913414,-0.2474411427974701,0.9686757326126099
6.92584490776062,0.5904520845835897,2.365085335032084,28.751742782871204,-0.0986328125,0.04931640625,1.12451171875,0.54931640625,-2.685546875,-4.82177734375,0.0,0.0,0.0,0.0001336861023446545,0.021270355209708214,-0.24812279641628265,0.9684950113296509
6.945775508880615,0.4032507133791298,2.3318656427866693,28.884255282958623,-0.04052734375,0.03857421875,1.0986328125,3.60107421875,-3.23486328125,-7.4462890625,0.0,0.0,0.0,0.001667675911448896,0.02058231085538864,-0.2492794245481491,0.9682115316390991
6.965661525726318,0.17873800643066043,2.176161875702708,29.047046011636706,-0.02783203125,0.015625,0.94384765625,3.2958984375,-1.220703125,-7.080078125,0.0,0.0,0.0,0.00325245363637805,0.018773706629872322,-0.25070324540138245,0.9678764343261719
6.985974550247192,-0.051461289904147466,2.248947359706126,29.170894416761964,-0.046875,0.05126953125,0.8818359375,-1.953125,1.5869140625,-6.65283203125,0.0,0.0,0.0,0.005376442335546017,0.018879003822803497,-0.2517835795879364,0.9675844311714172
7.006408214569092,-0.13754144030725082,2.3374781372937155,29.302577048865224,-0.06591796875,0.03369140625,1.06298828125,-3.90625,-2.8076171875,-5.37109375,0.0,0.0,0.0,0.0063201067969202995,0.019430140033364296,-0.2529063820838928,0.967275083065033
7.0258097648620605,-0.10766687322848942,2.360348171955857,29.398227018002082,-0.03955078125,-0.01025390625,1.14697265625,3.72314453125,-0.48828125,-6.77490234375,0.0,0.0,0.0,0.006134832743555307,0.01968401111662388,-0.25370773673057556,0.9670612215995789
7.04588770866394,-0.13269406038937806,2.4104051342789994,29.516874234074375,-0.07861328125,0.01123046875,0.91943359375,5.92041015625,-6.2255859375,-5.2490234375,0.0,0.0,0.0,0.006477606948465109,0.020044345408678055,-0.2547113597393036,0.9667877554893494
7.066519498825073,-0.27204784870420945,2.3670368481440036,29.663996508796448,-0.0029296875,0.00048828125,0.9541015625,-1.89208984375,1.28173828125,-7.26318359375,0.0,0.0,0.0,0.00758179510012269,0.019358966499567032,-0.25597772002220154,0.9664590954780579
7.08664345741272,-0.11989762093807985,2.2571113567549954,29.828645048928777,-0.0087890625,-0.0966796875,1.1650390625,2.99072265625,-3.662109375,-9.1552734375,0.0,0.0,0.0,0.006080034654587507,0.018762974068522453,-0.25734418630599976,0.9661185145378113
7.10586142539978,-0.06810498348285413,2.2194300568776812,29.944406510076735,-0.0869140625,-0.01806640625,1.08154296875,2.9296875,-7.080078125,-6.40869140625,0.0,0.0,0.0,0.005577506963163614,0.01855596713721752,-0.25831300020217896,0.9658669829368591
7.125662088394165,0.19608417896240693,2.1856219011465874,30.117609862144505,-0.041015625,-0.06201171875,0.8125,-6.77490234375,-1.220703125,-5.859375,0.0,0.0,0.0,0.0033029974438250065,0.018861521035432816,-0.25973111391067505,0.9654911756515503
7.148595333099365,0.5013668877344655,2.222048153763912,30.251577192525136,-0.02734375,-0.03369140625,0.89990234375,-7.080078125,4.82177734375,-6.16455078125,0.0,0.0,0.0,0.0008366466499865055,0.01985933631658554,-0.26080557703971863,0.9651867151260376
7.166072368621826,0.7723993594494437,2.2564691055296024,30.35074470908455,-0.05078125,-0.037109375,0.92724609375,-10.07080078125,2.685546875,-5.37109375,0.0,0.0,0.0,-0.001349844504147768,0.0207672119140625,-0.26158958673477173,0.9649548530578613
7.186426877975464,0.8988552426512052,2.3621054515632545,30.453504905147394,-0.06591796875,-0.07763671875,1.22119140625,10.80322265625,-2.62451171875,-4.5166015625,0.0,0.0,0.0,-0.0021536252461373806,0.02194727025926113,-0.26241981983184814,0.9647018909454346
7.206708669662476,0.7238878341477224,2.4304169482169025,30.519518683475564,-0.05078125,0.0302734375,1.087890625,0.3662109375,-0.54931640625,-4.08935546875,0.0,0.0,0.0,-0.0005112895742058754,0.022121908143162727,-0.26300182938575745,0.9645415544509888
7.2281174659729,0.5771944739611834,2.394779155561891,30.60439402919673,-0.06494140625,-0.01171875,1.0048828125,5.615234375,-8.7890625,-4.150390625,0.0,0.0,0.0,0.0006575075094588101,0.021484775468707085,-0.26374751329421997,0.9643521904945374
7.2457897663116455,0.5992585996621163,2.321043208046784,30.672047052925706,-0.0126953125,-0.02734375,0.9384765625,5.92041015625,0.1220703125,-4.150390625,0.0,0.0,0.0,0.00031432678224518895,0.020914878696203232,-0.26431941986083984,0.9642083644866943
7.2657248973846436,0.4711897779600268,2.2734630430714176,30.73059884958564,-0.0673828125,0.0322265625,0.92578125,-4.39453125,-0.30517578125,-0.79345703125,0.0,0.0,0.0,0.0012924423208460212,0.020218465477228165,-0.26483914256095886,0.964079737663269
7.285632848739624,0.43040669174545426,2.4347974473524077,30.742732680646167,-0.0576171875,-0.0029296875,1.07275390625,-2.44140625,1.40380859375,-0.18310546875,0.0,0.0,0.0,0.002010911703109741,0.021481255069375038,-0.26493561267852783,0.9640247225761414
7.306530475616455,0.5335218175212988,2.556172897111296,30.747244020592962,-0.0732421875,-0.02783203125,0.96728515625,1.77001953125,-7.14111328125,0.1220703125,0.0,0.0,0.0,0.0014251304091885686,0.022740621119737625,-0.26494327187538147,0.9639947414398193
7.3258750438690186,0.6448191630772747,2.5041437176653125,30.764538059571432,-0.00146484375,-0.08203125,0.95458984375,0.6103515625,1.46484375,-1.953125,0.0,0.0,0.0,0.0003718571679200977,0.02256021462380886,-0.26507166028022766,0.9639647006988525
7.350273132324219,0.7530904146658177,2.2683672950637646,30.905752220661448,-0.00732421875,-0.09228515625,1.01513671875,-0.79345703125,-1.64794921875,-4.150390625,0.0,0.0,0.0,-0.0010591921163722873,0.020828694105148315,-0.26626238226890564,0.9636749625205994
7.365675449371338,0.9920619250559033,2.2047583836536706,30.97152694236867,-0.05126953125,-0.12548828125,0.8916015625,-8.056640625,-6.16455078125,-4.82177734375,0.0,0.0,0.0,-0.003204845590516925,0.020850881934165955,-0.26677900552749634,0.9635268449783325
7.3857481479644775,1.2758471070032358,2.1632745893993635,31.038196418857165,-0.0205078125,-0.13525390625,0.8369140625,-10.25390625,2.197265625,-3.11279296875,0.0,0.0,0.0,-0.005675395485013723,0.021166032180190086,-0.2672928273677826,0.9633661508560181
7.405643939971924,1.6914578214178706,2.1413684651838403,31.15570640843265,0.03662109375,-0.15625,0.83740234375,-17.08984375,7.8125,-4.21142578125,0.0,0.0,0.0,-0.009198041632771492,0.02196064591407776,-0.2682056725025177,0.9630674719810486
7.426523923873901,2.2110314855195043,2.2675254742485604,31.26967494492348,-0.06884765625,-0.34130859375,1.1796875,-1.40380859375,4.21142578125,-3.47900390625,0.0,0.0,0.0,-0.013244563713669777,0.024249661713838577,-0.26903483271598816,0.9627341032028198
7.446229457855225,2.338352401507477,2.218878945989026,31.365423951803304,-0.01611328125,-0.2900390625,1.19287109375,2.62451171875,-1.03759765625,-5.4931640625,0.0,0.0,0.0,-0.014408588409423828,0.024152012541890144,-0.2698226273059845,0.9624993205070496
7.465776681900024,2.517220114831302,2.0987431755644947,31.401149256257057,-0.06103515625,-0.24951171875,1.03173828125,-4.82177734375,-15.93017578125,-1.40380859375,0.0,0.0,0.0,-0.016187289729714394,0.023569386452436447,-0.27011218667030334,0.9624042510986328
7.485568523406982,2.6991825441793766,1.8150019629599439,31.23087947043781,0.01416015625,-0.3251953125,1.0166015625,2.3193359375,-9.82666015625,15.380859375,0.0,0.0,0.0,-0.0184183232486248,0.021588487550616264,-0.2687116861343384,0.962802529335022
7.51106595993042,2.8503143533876605,1.6885550977423212,30.72244018862206,0.060546875,-0.23095703125,0.890625,-6.16455078125,-5.79833984375,31.79931640625,0.0,0.0,0.0,-0.02007787674665451,0.02079182118177414,-0.2644394338130951,0.9639691114425659
7.526486396789551,3.155138652412748,1.5075534839113964,29.84247618199805,0.025390625,-0.2919921875,0.9765625,-5.9814453125,-11.41357421875,48.52294921875,0.0,0.0,0.0,-0.023213554173707962,0.019795283675193787,-0.25702112913131714,0.9659241437911987
7.5473644733428955,3.288202690275644,1.0875122178812449,28.332442592366,0.044921875,-0.271484375,0.92626953125,5.67626953125,-21.91162109375,66.83349609375,0.0,0.0,0.0,-0.025495659559965134,0.016219215467572212,-0.2443600445985794,0.969213604927063
7.5673089027404785,3.4451578760815984,0.9067617202240239,27.163262763074265,0.10205078125,-0.15966796875,0.74072265625,-8.4228515625,-9.1552734375,83.740234375,0.0,0.0,0.0,-0.02736128680408001,0.014746973291039467,-0.23448581993579865,0.9716225266456604
7.58566427230835,3.685514153965051,0.5548023924583841,25.362737812946985,0.158203125,-0.32568359375,1.1064453125,-4.5166015625,-23.0712890625,92.28515625,0.0,0.0,0.0,-0.03030952624976635,0.011780227534472942,-0.21926097571849823,0.9751242399215698
7.605569362640381,3.7543317249475145,0.3821777121597893,22.797110439920512,0.2802734375,-0.302734375,1.193359375,3.84521484375,-0.91552734375,109.06982421875,0.0,0.0,0.0,-0.03145182132720947,0.009741376154124737,-0.19741836190223694,0.9797662496566772
7.625673532485962,3.7245845435648164,0.32355030317130884,21.149241925290312,0.26708984375,-0.27783203125,1.09130859375,7.32421875,-2.5634765625,113.037109375,0.0,0.0,0.0,-0.03142748400568962,0.008737854659557343,-0.1833280622959137,0.982510507106781
7.644944667816162,3.7136255050415308,0.31934117241486204,18.758113932726612,0.14501953125,-0.2802734375,0.90478515625,12.26806640625,-16.4794921875,124.08447265625,0.0,0.0,0.0,-0.03151463344693184,0.008028429001569748,-0.16279004514217377,0.9861246347427368
7.660809516906738,3.7274434046192897,0.042680361354582044,16.07785207976523,0.1953125,-0.140625,0.7685546875,-4.8828125,-2.62451171875,142.15087890625,0.0,0.0,0.0,-0.03215069696307182,0.004916715901345015,-0.1397598683834076,0.9896511435508728
7.685546636581421,4.008452754999247,-0.13557758749810028,13.150253709032052,0.16650390625,-0.26171875,0.828125,0.67138671875,-26.91650390625,149.169921875,0.0,0.0,0.0,-0.034878551959991455,0.0028300003614276648,-0.11447687447071075,0.9928094148635864
7.7055418491363525,4.078699969952359,-0.43071359669085524,10.107388212092093,0.35107421875,-0.41943359375,1.2373046875,8.85009765625,-14.892578125,153.25927734375,0.0,0.0,0.0,-0.03577815741300583,-0.0006069833762012422,-0.08816609531641006,0.9954628348350525
7.725550889968872,3.934994924249406,-0.38920106761726647,6.972924755740385,0.41455078125,-0.29296875,1.05078125,10.68115234375,3.90625,160.70556640625,0.0,0.0,0.0,-0.034475237131118774,-0.0013002855703234673,-0.06089288741350174,0.99754798412323
7.746731996536255,3.861462815192341,-0.5585622515139175,3.6843235666153533,0.30224609375,-0.2802734375,0.9697265625,4.7607421875,-8.11767578125,166.8701171875,0.0,0.0,0.0,-0.033830031752586365,-0.003786036279052496,-0.032291755080223083,0.9988986849784851
7.766220331192017,4.0586405581336775,-0.7803557294197152,-0.648082926283483,0.23779296875,-0.22607421875,0.70849609375,-7.080078125,-24.35302734375,174.1943359375,0.0,0.0,0.0,-0.03537103533744812,-0.007005719933658838,0.005410743877291679,0.9993350505828857
7.782649278640747,4.186258373907134,-1.1950373246638168,-4.228655065632696,0.40283203125,-0.3955078125,1.0908203125,8.72802734375,-16.2353515625,179.6875,0.0,0.0,0.0,-0.03611253201961517,-0.011761849746108055,0.03648635372519493,0.9986121654510498
7.805665731430054,4.156154742027127,-0.9374933026208501,-7.84541397409146,0.556640625,-0.35107421875,1.15576171875,9.27734375,17.4560546875,183.53271484375,0.0,0.0,0.0,-0.03561587259173393,-0.010637125931680202,0.06806743890047073,0.9969881176948547
7.825822353363037,4.022850793769634,-1.0101333249392876,-10.590718864745229,0.3154296875,-0.34619140625,1.00927734375,17.08984375,-21.484375,182.12890625,0.0,0.0,0.0,-0.034134600311517715,-0.012011070735752583,0.09192141145467758,0.9951086044311523
7.846543312072754,4.1093530051737295,-1.3757063936595264,-15.38735922826467,0.29931640625,-0.20947265625,0.666015625,-2.50244140625,-22.64404296875,192.68798828125,0.0,0.0,0.0,-0.03392171487212181,-0.016688862815499306,0.13335461914539337,0.9903470277786255
7.860548734664917,4.2512625648986155,-1.6456554266174115,-18.34903341276704,0.40625,-0.3271484375,0.9404296875,3.0517578125,-15.9912109375,199.89013671875,0.0,0.0,0.0,-0.03432438522577286,-0.020080313086509705,0.15879015624523163,0.9865111708641052
7.885699033737183,4.235582584998381,-1.4658905039130823,-23.31049648624264,0.57763671875,-0.37353515625,1.2021484375,20.751953125,-10.68115234375,194.15283203125,0.0,0.0,0.0,-0.033606596291065216,-0.019984569400548935,0.20140491425991058,0.9787274599075317
7.905634880065918,4.092890114839883,-1.4806906700708535,-26.24453914045773,0.5390625,-0.2412109375,1.0087890625,14.404296875,-0.1220703125,198.1201171875,0.0,0.0,0.0,-0.03184264525771141,-0.02068215236067772,0.22641676664352417,0.9732901453971863
7.9256508350372314,4.0041638230873025,-1.7234236403420593,-31.107796046499594,0.47705078125,-0.2177734375,0.845703125,11.8408203125,-35.5224609375,194.27490234375,0.0,0.0,0.0,-0.029622400179505348,-0.023846335709095,0.26744458079338074,0.9628226161003113
7.94683837890625,4.141826712695732,-1.9183098548168562,-34.02580312409078,0.580078125,-0.20263671875,0.830078125,-5.79833984375,-14.5263671875,195.4345703125,0.0,0.0,0.0,-0.02965557761490345,-0.026568185538053513,0.29177650809288025,0.9556574821472168
7.966465950012207,4.311833109345112,-1.7687084348694786,-37.813552830213055,0.70556640625,-0.29443359375,1.06689453125,3.5400390625,5.37109375,185.1806640625,0.0,0.0,0.0,-0.030587447807192802,-0.026779411360621452,0.3232120871543884,0.9454529881477356
7.985898494720459,4.176936873237359,-1.7362181854830798,-41.39320033270337,0.6630859375,-0.30810546875,1.1435546875,15.2587890625,0.06103515625,174.8046875,0.0,0.0,0.0,-0.028735823929309845,-0.027041645720601082,0.3526275157928467,0.9349314570426941
8.005683898925781,4.035291129569166,-1.479253448859095,-44.89806409397123,0.51025390625,-0.1591796875,0.7841796875,5.67626953125,-1.3427734375,177.490234375,0.0,0.0,0.0,-0.027610324323177338,-0.025366131216287613,0.3811728358268738,0.9237432479858398
8.025861978530884,4.214542187260157,-1.661034131142224,-48.40436219496478,0.55908203125,-0.21826171875,0.9423828125,-2.38037109375,-25.7568359375,170.10498046875,0.0,0.0,0.0,-0.027596820145845413,-0.02828456461429596,0.4091513752937317,0.9116104245185852
8.040621280670166,4.383337079105505,-1.7177650420581152,-51.82727051638165,0.66552734375,-0.2197265625,0.97607421875,-2.44140625,-2.99072265625,167.236328125,0.0,0.0,0.0,-0.0278475321829319,-0.030183443799614906,0.43613147735595703,0.8989453911781311
8.06577444076538,4.3493048077922705,-1.723539540114538,-55.01722499087148,0.66650390625,-0.22998046875,0.9892578125,8.7890625,5.0048828125,156.18896484375,0.0,0.0,0.0,-0.026710063219070435,-0.030854588374495506,0.46099087595939636,0.8864660859107971
8.08626937866211,4.206933356524763,-1.3661163811780053,-58.630897080712224,0.65234375,-0.1982421875,1.06884765625,12.87841796875,0.18310546875,137.14599609375,0.0,0.0,0.0,-0.026168502867221832,-0.028357379138469696,0.48887136578559875,0.8715021014213562
8.105629205703735,4.069707599023213,-1.3217347724466144,-60.544121859692005,0.62353515625,-0.1572265625,1.02197265625,9.33837890625,4.69970703125,124.57275390625,0.0,0.0,0.0,-0.024852925911545753,-0.02785334549844265,0.5034014582633972,0.863245964050293
8.125561952590942,3.9798850619088455,-1.2662703280132317,-62.78815319074302,0.6484375,-0.10107421875,0.95458984375,6.103515625,-7.32421875,98.32763671875,0.0,0.0,0.0,-0.023886069655418396,-0.027514105662703514,0.5202479362487793,0.8532376885414124
8.145837306976318,3.8448838116426045,-1.578051815038212,-64.46306583939189,0.666015625,-0.0751953125,1.0283203125,5.9814453125,-13.61083984375,73.974609375,0.0,0.0,0.0,-0.02103406935930252,-0.029532181099057198,0.5326004028320312,0.8455898761749268
8.16672658920288,3.8092968185195457,-1.664290637272439,-65.7332419683933,0.6328125,-0.052734375,0.921875,4.08935546875,0.732421875,56.396484375,0.0,0.0,0.0,-0.02003624476492405,-0.03022672049701214,0.5419227480888367,0.839645504951477
8.186234712600708,3.722747649564906,-1.975916097163567,-66.89750235393534,0.6015625,-0.05322265625,0.958984375,4.150390625,-11.41357421875,41.015625,0.0,0.0,0.0,-0.01759900152683258,-0.03227978199720383,0.5503508448600769,0.8341236114501953
8.201259851455688,3.628735218281558,-2.1032231393297884,-67.45141703524503,0.69189453125,-0.07177734375,1.076171875,8.48388671875,-0.91552734375,35.5224609375,0.0,0.0,0.0,-0.01614367961883545,-0.03283267840743065,0.5543625354766846,0.831470787525177
8.225381851196289,3.460325591794081,-2.1968673807281904,-68.15894950117749,0.60498046875,-0.02880859375,1.03369140625,6.77490234375,-5.67626953125,34.72900390625,0.0,0.0,0.0,-0.01426570862531662,-0.03278561681509018,0.5595045685768127,0.8280556797981262
8.245609521865845,3.3858899767758706,-2.3269084195531207,-69.01639778920254,0.52880859375,0.0234375,0.86669921875,5.0048828125,-1.15966796875,32.89794921875,0.0,0.0,0.0,-0.012841792777180672,-0.0334581583738327,0.5656658411026001,0.8238555192947388
8.265588760375977,3.2856665556594535,-2.52442254931108,-69.47821419974379,0.52294921875,0.03125,0.845703125,7.62939453125,-8.85009765625,28.564453125,0.0,0.0,0.0,-0.011005853302776814,-0.03442690148949623,0.5689491629600525,0.8215780854225159
8.285900354385376,3.079728027890518,-2.765160250570996,-70.0305989186794,0.650390625,0.052734375,1.03466796875,12.0849609375,-8.9111328125,26.67236328125,0.0,0.0,0.0,-0.00816244538873434,-0.03516865521669388,0.5728899240493774,0.8188368678092957
8.30571460723877,3.033814642516046,-3.096555479571314,-70.56925495738328,0.5673828125,0.13525390625,0.84814453125,-5.79833984375,-8.85009765625,26.123046875,0.0,0.0,0.0,-0.005999062210321426,-0.037333518266677856,0.5766414999961853,0.8161218762397766
8.325616359710693,3.1877417066421576,-3.373173445201776,-71.14860526316211,0.59619140625,0.07568359375,0.9609375,-3.41796875,-3.35693359375,18.1884765625,0.0,0.0,0.0,-0.005497796460986137,-0.0401042178273201,0.5806153416633606,0.8131711483001709
8.345763444900513,3.1344568396059493,-3.2754041964315093,-71.34392818285696,0.60107421875,0.1083984375,1.091796875,3.23486328125,11.41357421875,9.8876953125,0.0,0.0,0.0,-0.00554945832118392,-0.03915073350071907,0.5820525288581848,0.8121892213821411
8.366653442382812,2.771618621318066,-3.24005199106117,-71.2866570466664,0.43212890625,0.2861328125,1.1162109375,9.033203125,15.9912109375,-10.6201171875,0.0,0.0,0.0,-0.0031762190628796816,-0.037055645138025284,0.5817787647247314,0.8124964237213135
8.385539054870605,2.5428836968639783,-2.8940320463873848,-71.0129918571915,0.328125,0.36962890625,1.09814453125,7.50732421875,35.70556640625,-21.6064453125,0.0,0.0,0.0,-0.003394282888621092,-0.033434901386499405,0.5800109505653381,0.8139152526855469
8.407158136367798,2.07629469164019,-2.2494139470038026,-69.90621434370429,0.01806640625,0.39013671875,1.04150390625,10.7421875,24.90234375,-53.64990234375,0.0,0.0,0.0,-0.0036036353558301926,-0.02646332047879696,0.5724099278450012,0.8195326328277588
8.425571918487549,1.748281900382909,-1.888541755979825,-68.92537868832295,-0.0126953125,0.3818359375,0.95947265625,12.451171875,27.40478515625,-67.81005859375,0.0,0.0,0.0,-0.003252445487305522,-0.022217757999897003,0.565519392490387,0.8244293928146362
8.445816993713379,1.3676407940233877,-1.4006159868408572,-67.25475539847285,-0.04296875,0.39892578125,0.8349609375,4.33349609375,24.71923828125,-91.1865234375,0.0,0.0,0.0,-0.0031685696449130774,-0.01678510010242462,0.5535871982574463,0.8326160311698914
8.466912269592285,1.096324229127619,-1.1797194515112996,-65.26432899130442,-0.201171875,0.39404296875,0.9833984375,3.11279296875,1.15966796875,-104.6142578125,0.0,0.0,0.0,-0.002505337819457054,-0.013828094117343426,0.5391073822975159,0.8421198725700378
8.486730337142944,0.7486872905286867,-1.0148029331757549,-62.51525298245516,-0.1416015625,0.38671875,1.1201171875,3.7841796875,7.2021484375,-112.060546875,0.0,0.0,0.0,-0.0009898662101477385,-0.010960085317492485,0.5188061594963074,0.8548210859298706
8.506301164627075,0.5858160936844435,-0.8136255808668473,-60.84917176840312,-0.1611328125,0.37744140625,1.0810546875,-0.18310546875,13.7939453125,-109.9853515625,0.0,0.0,0.0,-0.0008126077591441572,-0.0087111322209239,0.5063531398773193,0.8622817993164062
8.521456480026245,0.2620300956259164,-0.5587896754689378,-58.09213858917079,-0.2587890625,0.3193359375,0.984375,5.92041015625,-5.4931640625,-109.92431640625,0.0,0.0,0.0,0.000368492299458012,-0.005373210180550814,0.4854958653450012,0.874222457408905
8.545646667480469,0.10396651819403584,-0.5482104594965285,-56.44516141422727,-0.189453125,0.3505859375,0.9150390625,1.3427734375,-1.77001953125,-111.572265625,0.0,0.0,0.0,0.0014629429206252098,-0.004644325934350491,0.47288861870765686,0.881108820438385
8.565761089324951,-0.0063081161736081555,-0.31752532927141713,-54.25235650195136,-0.154296875,0.3125,0.97216796875,0.0,5.7373046875,-107.36083984375,0.0,0.0,0.0,0.0013124023098498583,-0.002441038843244314,0.455949991941452,0.8900010585784912
8.585569381713867,-0.24666078261121255,-0.4089058698880624,-52.2138079969856,-0.2392578125,0.29248046875,0.978515625,1.64794921875,-6.65283203125,-98.2666015625,0.0,0.0,0.0,0.0035031435545533895,-0.0022570928558707237,0.4400504529476166,0.8979634046554565
8.60678219795227,-0.37468712907440094,-0.30244240395417776,-50.425831811910925,-0.15625,0.3203125,0.99609375,-4.0283203125,3.72314453125,-82.763671875,0.0,0.0,0.0,0.004082533065229654,-0.0009949917439371347,0.42598727345466614,0.9047194123268127
8.625777959823608,-0.4995290332392031,-0.2120663680529872,-48.700549933227805,-0.25341796875,0.27783203125,1.0634765625,0.9765625,-8.9111328125,-58.65478515625,0.0,0.0,0.0,0.00473443791270256,0.0001113724138122052,0.41231662034988403,0.9110283851623535
8.642021656036377,-0.6142956346458696,-0.22060469148488493,-47.690078087037776,-0.166015625,0.302734375,0.95458984375,-3.90625,-2.99072265625,-43.88427734375,0.0,0.0,0.0,0.0056813801638782024,0.0004063548403792083,0.40426725149154663,0.9146232008934021
8.666743040084839,-0.7123031396242933,-0.18825851640129126,-46.9812752059197,-0.1728515625,0.30517578125,1.005859375,-0.54931640625,-4.5166015625,-30.21240234375,0.0,0.0,0.0,0.006355653516948223,0.0009709964506328106,0.39860033988952637,0.9171022772789001
8.688846349716187,-0.9115722011121227,-0.20885130996525494,-46.488565849762495,-0.17822265625,0.3134765625,1.044921875,4.08935546875,-3.2958984375,-21.6064453125,0.0,0.0,0.0,0.00802843738347292,0.0014648267533630133,0.3946523666381836,0.9187942743301392
8.705599784851074,-1.0630364484339156,-0.1842803714367952,-46.20705960312042,-0.15234375,0.32373046875,0.99169921875,2.44140625,-3.5400390625,-17.578125,0.0,0.0,0.0,0.009163590148091316,0.002160971751436591,0.39239010214805603,0.9197507500648499
8.725702047348022,-1.229980572457602,-0.11846197387148134,-45.88951044822819,-0.13818359375,0.353515625,1.001953125,-0.79345703125,0.244140625,-15.07568359375,0.0,0.0,0.0,0.010287167504429817,0.0032324125058948994,0.38983091711997986,0.920823335647583
8.748686790466309,-1.4090207480579693,0.021784679916924066,-45.48393723040741,-0.15234375,0.3544921875,0.99755859375,-0.6103515625,0.79345703125,-17.51708984375,0.0,0.0,0.0,0.011266300454735756,0.004928612615913153,0.38655030727386475,0.9221863150596619
8.766140222549438,-1.5193882807523245,0.10045112521591473,-45.13924148865896,-0.12890625,0.3564453125,0.98681640625,-0.732421875,-1.220703125,-28.74755859375,0.0,0.0,0.0,0.011906917206943035,0.005898186471313238,0.38376113772392273,0.9233368635177612
8.78642463684082,-1.7199714066034408,0.09628587042075733,-44.442565608412245,-0.13623046875,0.32470703125,0.9990234375,1.15966796875,-4.5166015625,-26.42822265625,0.0,0.0,0.0,0.013576559722423553,0.0064539373852312565,0.3781302869319916,0.9256303906440735
8.80741262435913,-1.8465785678231477,0.13693759555572618,-44.09113530014217,-0.07958984375,0.3134765625,1.01025390625,1.40380859375,-1.0986328125,-22.3388671875,0.0,0.0,0.0,0.01448710449039936,0.0071556782349944115,0.37527698278427124,0.9267719388008118
8.825621843338013,-2.022696062788984,0.09342045932159153,-43.72589434937032,-0.0732421875,0.34423828125,1.04150390625,-1.220703125,-5.615234375,-14.58740234375,0.0,0.0,0.0,0.016077421605587006,0.007329297251999378,0.3723162114620209,0.9279377460479736
8.845759630203247,-2.1632662651063126,0.06482022945113995,-43.48774955867407,-0.0078125,0.318359375,1.03173828125,-0.732421875,-2.5634765625,-8.9111328125,0.0,0.0,0.0,0.017324307933449745,0.00751843536272645,0.3703821301460266,0.9286875128746033
8.866079807281494,-2.3165841617358236,0.06319500461443393,-43.398765854167145,-0.02783203125,0.31689453125,1.0087890625,-0.8544921875,-0.732421875,-2.01416015625,0.0,0.0,0.0,0.018578289076685905,0.007986386306583881,0.36965078115463257,0.9289507269859314
8.88692569732666,-2.519628823730789,0.03603726533996409,-43.42521234663344,-0.0478515625,0.322265625,0.9736328125,-2.3193359375,-0.79345703125,2.3193359375,0.0,0.0,0.0,0.02030993066728115,0.008425899781286716,0.3698553144931793,0.9288290739059448
8.903465747833252,-2.6304834342903307,0.0467629468483985,-43.44736606520637,-0.02001953125,0.3154296875,0.9912109375,0.18310546875,-0.732421875,0.42724609375,0.0,0.0,0.0,0.02117212489247322,0.008874715305864811,0.37002450227737427,0.9287384152412415
8.92597484588623,-2.809311660583016,0.06990001589367166,-43.414775817581656,0.0029296875,0.28662109375,1.03271484375,0.67138671875,0.732421875,-3.11279296875,0.0,0.0,0.0,0.02254948951303959,0.009633255191147327,0.3697414696216583,0.9288110733032227
8.945569038391113,-3.084226561232618,0.08416890138974314,-43.34119418965311,-0.0283203125,0.2626953125,0.9951171875,0.8544921875,0.79345703125,-2.197265625,0.0,0.0,0.0,0.024738499894738197,0.010620029643177986,0.36911770701408386,0.9289926886558533
8.966630697250366,-3.164968361845454,0.09102773866765161,-43.291934865358975,0.0283203125,0.162109375,0.90625,-9.58251953125,2.3193359375,-2.99072265625,0.0,0.0,0.0,0.025375671684741974,0.010924804955720901,0.36870917677879333,0.92913419008255
8.987312316894531,-3.051675373752218,0.008827219923211446,-43.21721259583904,0.00048828125,0.05126953125,1.05224609375,-3.35693359375,4.45556640625,-3.47900390625,0.0,0.0,0.0,0.024728018790483475,0.009877637960016727,0.36813172698020935,0.9293922781944275
9.005761623382568,-2.7999086245300244,0.25123658246829794,-43.20118214185702,-0.08935546875,-0.08056640625,1.02001953125,-7.9345703125,2.50244140625,0.18310546875,0.0,0.0,0.0,0.021908700466156006,0.01103187631815672,0.36797356605529785,0.9295126795768738
9.025813817977905,-2.499853505092898,0.3076175529109318,-43.19241217896272,-0.06689453125,-0.1123046875,1.0390625,-4.57763671875,-0.30517578125,0.91552734375,0.0,0.0,0.0,0.019294416531920433,0.010524175129830837,0.3679196238517761,0.9295979142189026
9.045600891113281,-2.252973115891614,0.34677374676214556,-43.230931030787005,-0.0595703125,-0.16015625,0.9765625,-9.09423828125,-0.91552734375,2.99072265625,0.0,0.0,0.0,0.017162475734949112,0.01005491055548191,0.3682473599910736,0.92951500415802
9.065589904785156,-2.132430735768055,0.14116593621921364,-43.25917727809959,0.03466796875,0.0888671875,1.09716796875,8.544921875,-4.5166015625,1.953125,0.0,0.0,0.0,0.01684362255036831,0.00800391472876072,0.36851924657821655,0.9294330477714539
9.085485696792603,-2.2446900174190922,0.10848392126773897,-43.28936671423105,0.00390625,0.0458984375,0.9052734375,-5.615234375,-1.64794921875,2.5634765625,0.0,0.0,0.0,0.017857108265161514,0.008104565553367138,0.3687613904476166,0.9293172359466553
9.105628490447998,-1.7968078331149109,0.12844462884878555,-43.36545502158499,-0.00634765625,-0.21875,0.947265625,-12.39013671875,-7.01904296875,2.74658203125,0.0,0.0,0.0,0.014155959710478783,0.006834488827735186,0.369404673576355,0.9291356801986694
9.12563443183899,-1.4513440152499533,0.13444384279694427,-43.56213031873551,-0.04150390625,-0.1962890625,1.10107421875,-6.40869140625,-6.591796875,13.24462890625,0.0,0.0,0.0,0.0113255325704813,0.005788889713585377,0.3710171580314636,0.928538978099823
9.145792722702026,-1.2445195906013262,0.0766181539427205,-43.866930925541915,0.001953125,-0.11962890625,0.970703125,-5.79833984375,-3.47900390625,17.08984375,0.0,0.0,0.0,0.009824445471167564,0.004676816985011101,0.3735007643699646,0.9275661706924438
9.161833763122559,-0.8453924705314593,0.008722289141055143,-44.27552650207041,0.12109375,-0.1845703125,0.9541015625,-8.23974609375,7.2021484375,15.5029296875,0.0,0.0,0.0,0.0068048350512981415,0.002850554184988141,0.3768240213394165,0.9262555837631226
9.186645746231079,-0.6167239803392206,0.010774351608850702,-44.5295617278707,0.07763671875,-0.1923828125,1.03173828125,-5.67626953125,3.23486328125,15.9912109375,0.0,0.0,0.0,0.004945021588355303,0.002126148669049144,0.37888142466545105,0.9254295825958252
9.205639123916626,-0.39932250083272625,0.09413096574793814,-44.88839254610649,-0.03564453125,-0.17431640625,1.08984375,-0.244140625,1.52587890625,19.83642578125,0.0,0.0,0.0,0.0029071620665490627,0.0020896345376968384,0.3817782998085022,0.9242470860481262
9.225611209869385,-0.26997878163337163,0.1653589331668616,-45.29033210328882,-0.0751953125,-0.15087890625,1.01171875,1.64794921875,-0.06103515625,21.66748046875,0.0,0.0,0.0,0.0016187758883461356,0.0022388931829482317,0.38501834869384766,0.9229047894477844
9.245902061462402,-0.057506264118713284,0.13354395203358185,-45.69828564203534,-0.01806640625,-0.1474609375,0.9326171875,-4.08935546875,-0.48828125,22.15576171875,0.0,0.0,0.0,9.929357474902645e-06,0.001268808962777257,0.3883052468299866,0.9215299487113953
9.266395807266235,0.2598787728003475,0.09720052213005063,-46.272141060626886,-0.01123046875,-0.14453125,1.01123046875,-0.30517578125,0.54931640625,24.23095703125,0.0,0.0,0.0,-0.002418756717815995,-0.00011106902093160897,0.392916738986969,0.9195708632469177
9.286278009414673,0.38109766181685456,0.07619959808275226,-46.620142613933616,0.02099609375,-0.123046875,1.0966796875,3.11279296875,-0.06103515625,23.4375,0.0,0.0,0.0,-0.003317374037578702,-0.0007053146255202591,0.3957066833972931,0.91837078332901
9.305729627609253,0.4937287618908342,0.04844706539142935,-47.0936796290906,0.0224609375,-0.09228515625,1.02783203125,4.39453125,-1.03759765625,23.62060546875,0.0,0.0,0.0,-0.004118721466511488,-0.001333699095994234,0.39949655532836914,0.9167245626449585
9.32591700553894,0.6654965469332834,0.031912444731084635,-47.57076834261599,-0.01123046875,-0.0751953125,0.9296875,-0.30517578125,-2.5634765625,23.3154296875,0.0,0.0,0.0,-0.005426560062915087,-0.0020874114707112312,0.4033065438270569,0.9150465130805969
9.345837116241455,0.8459320021150374,-0.01727474402757233,-48.0135729216025,-0.0185546875,-0.0830078125,0.935546875,0.9765625,-4.2724609375,21.97265625,0.0,0.0,0.0,-0.006682181730866432,-0.0031410688534379005,0.406832754611969,0.9134728312492371
9.36587405204773,0.8125579902830626,0.06509884647440227,-48.47808042667673,-0.05322265625,0.01806640625,1.0166015625,7.75146484375,-4.7607421875,23.74267578125,0.0,0.0,0.0,-0.006698943208903074,-0.0023931085597723722,0.4105377197265625,0.911815881729126
9.385789155960083,0.5429037760373988,0.039824828683307646,-49.00329806818862,-0.05810546875,0.1240234375,0.95947265625,1.89208984375,-8.9111328125,26.30615234375,0.0,0.0,0.0,-0.004455206450074911,-0.0016485833330079913,0.4147162437438965,0.909938395023346
9.405866146087646,0.27942322570820677,-0.12738445542355264,-49.673158625753864,0.0166015625,0.109375,1.05859375,0.1220703125,-8.23974609375,25.57373046875,0.0,0.0,0.0,-0.0017459708033129573,-0.002033034572377801,0.42002758383750916,0.9075074791908264
9.425715208053589,0.12778747660522305,-0.28360644977057514,-50.082382579686005,0.0068359375,0.08935546875,1.06103515625,-0.30517578125,-11.71875,27.83203125,0.0,0.0,0.0,3.723007102962583e-05,-0.0027143051847815514,0.42326563596725464,0.906001627445221
9.442243814468384,-0.14865789334656393,-0.4972391055982505,-50.9473167550414,0.00537109375,0.1044921875,0.97265625,1.64794921875,-5.37109375,39.85595703125,0.0,0.0,0.0,0.0030374336056411266,-0.0033594160340726376,0.43009674549102783,0.9027714729309082
9.466663122177124,-0.324714850424796,-0.5446754630750766,-51.58318687620208,0.0498046875,0.111328125,1.01513671875,2.0751953125,1.03759765625,44.00634765625,0.0,0.0,0.0,0.004619447980076075,-0.003046744503080845,0.4351044297218323,0.900363028049469
9.485734939575195,-0.55870461826943,-0.6616811925907436,-52.670809124161984,0.048828125,0.103515625,0.9873046875,-1.0986328125,-0.79345703125,42.29736328125,0.0,0.0,0.0,0.006931059528142214,-0.003011969616636634,0.4436376392841339,0.896174430847168
9.505570888519287,-0.6858457081831613,-0.6685325660193541,-53.31120083055321,0.029296875,0.10009765625,1.00244140625,-0.42724609375,3.96728515625,42.29736328125,0.0,0.0,0.0,0.007966152392327785,-0.002528849756345153,0.4486421048641205,0.8936724662780762
9.52636194229126,-0.9647608051697161,-0.7416872004030699,-54.31436778942591,0.0146484375,0.10302734375,1.0693359375,-0.244140625,-4.45556640625,38.330078125,0.0,0.0,0.0,0.010444847866892815,-0.0019160191295668483,0.45645588636398315,0.8896827101707458
9.545868873596191,-1.0989623896945364,-0.8700433169371229,-54.869744131217985,0.03564453125,0.10009765625,0.9833984375,-1.64794921875,-5.126953125,36.92626953125,0.0,0.0,0.0,0.012009314261376858,-0.0023198698181658983,0.4607701897621155,0.887435257434845
9.565811395645142,-1.230883438088513,-0.963279294450058,-55.580930748356394,0.0419921875,0.1005859375,0.947265625,-3.173828125,1.5869140625,34.97314453125,0.0,0.0,0.0,0.013421054929494858,-0.002428269013762474,0.4662759006023407,0.8845342993736267
9.585825681686401,-1.4511129627569366,-1.0023662259142196,-56.494113380008756,0.00830078125,0.064453125,1.04541015625,0.42724609375,-0.06103515625,37.78076171875,0.0,0.0,0.0,0.015294097363948822,-0.001712057855911553,0.473315954208374,0.8807582855224609
9.605790376663208,-1.6235341514430326,-0.9766510972976504,-57.05896660927423,0.00927734375,0.04541015625,1.01220703125,3.23486328125,-0.48828125,37.841796875,0.0,0.0,0.0,0.016516905277967453,-0.0007208018214441836,0.4776517152786255,0.8783937692642212
9.62575650215149,-1.8674014667249892,-0.9582853589497209,-57.791159473205006,0.02001953125,0.048828125,0.947265625,1.220703125,4.45556640625,37.17041015625,0.0,0.0,0.0,0.018306536599993706,0.0005534891388379037,0.4832530617713928,0.8752892017364502
9.6457998752594,-2.0445168096398825,-0.8938924165281034,-58.452731596212445,0.0,0.05517578125,0.97900390625,-0.54931640625,3.11279296875,30.76171875,0.0,0.0,0.0,0.019377298653125763,0.001904236269183457,0.4882901608943939,0.8724641799926758
9.66658902168274,-2.0560937668396426,-0.5655761087395802,-59.08679171724307,-0.0166015625,0.04736328125,1.01318359375,-6.04248046875,6.65283203125,21.42333984375,0.0,0.0,0.0,0.018042143434286118,0.0045535387471318245,0.49307429790496826,0.8697882294654846
9.685747861862183,-1.9947469287052921,-0.34507094858554965,-59.348087434131074,-0.04931640625,0.04248046875,1.013671875,-6.103515625,2.8076171875,16.17431640625,0.0,0.0,0.0,0.01661430113017559,0.006001350469887257,0.4950333833694458,0.8686944246292114
9.706628322601318,-1.8920686949124903,-0.037955014372217065,-59.557234656706036,-0.0244140625,0.03515625,0.9736328125,-5.06591796875,5.615234375,6.34765625,0.0,0.0,0.0,0.014494922012090683,0.007912578992545605,0.4965871274471283,0.8678297996520996
9.725974321365356,-1.8788597493879204,0.2787824419062685,-59.604567867654225,-0.01318359375,0.03369140625,1.05078125,-0.18310546875,4.08935546875,-0.06103515625,0.0,0.0,0.0,0.013018026947975159,0.010259431786835194,0.49690568447113037,0.8676462769508362
9.745280265808105,-1.9336180162941472,0.5305000991438028,-59.58626979086776,-0.04150390625,0.03662109375,1.08447265625,3.662109375,2.01416015625,-1.89208984375,0.0,0.0,0.0,0.012342910282313824,0.012400694191455841,0.4967261254787445,0.867730975151062
9.765790224075317,-2.0311475681132287,0.7222683856233418,-59.56920797832107,-0.0517578125,0.0498046875,0.986328125,0.3662109375,2.0751953125,0.79345703125,0.0,0.0,0.0,0.01225205510854721,0.014273601584136486,0.496555894613266,0.8678008913993835
9.78576135635376,-2.065312387785044,0.8892275574075433,-59.60837228302192,-0.0771484375,0.03662109375,0.9326171875,-0.9765625,-2.62451171875,2.9296875,0.0,0.0,0.0,0.011781650595366955,0.015689866617321968,0.49682027101516724,0.8676316738128662
9.806239128112793,-2.0529845366634056,1.0178721427123236,-59.68121625052011,-0.06640625,0.03369140625,0.97216796875,0.244140625,-4.0283203125,4.638671875,0.0,0.0,0.0,0.011119718663394451,0.016617359593510628,0.49735134840011597,0.867318868637085
9.825824499130249,-2.0192389198519,1.1280734029890713,-59.750385576244824,-0.03271484375,0.0322265625,1.01416015625,-0.30517578125,-3.35693359375,2.9296875,0.0,0.0,0.0,0.010375291109085083,0.01731109991669655,0.49786049127578735,0.8670222759246826
9.84574270248413,-1.9220162996586458,1.2563993172803882,-59.79819690043492,-0.0283203125,0.03369140625,1.00341796875,-0.8544921875,-4.69970703125,1.77001953125,0.0,0.0,0.0,0.009074356406927109,0.017863238230347633,0.49821463227272034,0.8668221831321716
9.866610050201416,-2.1891631407878274,1.2068707341225695,-59.86767358467228,-0.0361328125,0.09326171875,1.0166015625,0.06103515625,-6.103515625,4.7607421875,0.0,0.0,0.0,0.011299313977360725,0.01865696907043457,0.49870654940605164,0.8664963841438293
9.886138200759888,-2.3181487019425795,1.0767534959997112,-59.9656116671811,-0.00537109375,0.0546875,1.0302734375,-1.220703125,-7.99560546875,7.568359375,0.0,0.0,0.0,0.012825718149542809,0.018245624378323555,0.4994511306285858,0.8660549521446228
9.905676126480103,-2.387922926295668,0.7177828189684946,-60.23493285634387,0.00634765625,0.052734375,0.99267578125,0.06103515625,-9.70458984375,17.822265625,0.0,0.0,0.0,0.014881334267556667,0.01587229035794735,0.5015427470207214,0.8648592829704285
9.925666093826294,-2.487766845026326,0.2866214180001804,-60.83465761641684,0.03369140625,0.0615234375,0.96484375,-0.9765625,-5.37109375,27.77099609375,0.0,0.0,0.0,0.017454132437705994,0.013147149235010147,0.506126880645752,0.8621822595596313
9.945768356323242,-2.556080476114089,0.057813816064455584,-61.27504772353175,0.04052734375,0.0634765625,1.03076171875,-0.67138671875,-1.0986328125,31.55517578125,0.0,0.0,0.0,0.018933642655611038,0.011800294741988182,0.5094684958457947,0.8602001070976257
9.961810827255249,-2.6853501304496317,-0.1930051777093328,-61.93096444990642,0.01513671875,0.07275390625,1.05029296875,0.732421875,-3.11279296875,34.48486328125,0.0,0.0,0.0,0.020958708599209785,0.010612387210130692,0.5144134163856506,0.8572205305099487
9.98582410812378,-2.81949611296574,-0.2998343122278643,-62.6422466896932,0.00439453125,0.0703125,0.95556640625,-5.0048828125,-1.40380859375,36.31591796875,0.0,0.0,0.0,0.022376593202352524,0.010554496198892593,0.5197299122810364,0.8539723753929138
10.006217002868652,-2.780330741047829,-0.5023433379815128,-63.35010017451665,0.05126953125,0.0400390625,1.04052734375,-0.48828125,1.5869140625,33.935546875,0.0,0.0,0.0,0.0229477621614933,0.009009478613734245,0.5250319838523865,0.8507254719734192
10.028257369995117,-2.7201836683298737,-0.6748991027385993,-64.0334196198414,0.03369140625,0.03173828125,1.00244140625,3.2958984375,-0.30517578125,33.447265625,0.0,0.0,0.0,0.023246699944138527,0.007591415196657181,0.5301265716552734,0.847565770149231
10.045906066894531,-2.643356633328512,-0.8913844564422393,-64.68034781726833,0.02197265625,0.0361328125,0.93115234375,0.79345703125,-1.64794921875,31.494140625,0.0,0.0,0.0,0.023647306486964226,0.005768055096268654,0.5349379181861877,0.8445407748222351
10.066634893417358,-2.440740992590788,-0.960405065469952,-65.31506363645927,0.01953125,0.03076171875,0.98876953125,-1.15966796875,3.90625,31.43310546875,0.0,0.0,0.0,0.022451790049672127,0.0044378056190907955,0.539625346660614,0.8415942788124084
10.081881284713745,-2.444608587208308,-1.0281859418024544,-65.96087168286232,0.0126953125,0.04736328125,1.03857421875,1.46484375,3.41796875,32.71484375,0.0,0.0,0.0,0.022776534780859947,0.004086531698703766,0.5443674325942993,0.8385276794433594
10.10553526878357,-2.4572627933062257,-0.9195815584093147,-66.6204289000646,-0.037109375,0.0546875,1.04052734375,0.244140625,-5.4931640625,33.75244140625,0.0,0.0,0.0,0.022324688732624054,0.005070130340754986,0.5491716265678406,0.8353961110115051
10.125669002532959,-2.38629670094297,-0.8779916827794608,-67.28733540081382,-0.00830078125,0.01513671875,1.0390625,1.77001953125,-4.94384765625,32.65380859375,0.0,0.0,0.0,0.021578451618552208,0.005158971529453993,0.5540226101875305,0.8322060108184814
10.14594030380249,-2.2890764286272436,-0.9478944000663101,-67.92154578600618,0.02392578125,0.02587890625,0.99462890625,6.16455078125,-3.35693359375,31.18896484375,0.0,0.0,0.0,0.02118673548102379,0.004298483952879906,0.5586316585540771,0.8291341066360474
10.165754795074463,-2.4364938955875095,-1.13606184283193,-68.53141337699662,0.01806640625,0.06005859375,0.95556640625,-0.6103515625,-2.99072265625,31.55517578125,0.0,0.0,0.0,0.023150376975536346,0.003778619458898902,0.5630507469177246,0.8260893821716309
10.185739755630493,-2.51392177379242,-1.3280942121724253,-69.14150636422967,0.03759765625,0.041015625,1.0078125,-0.732421875,1.3427734375,31.55517578125,0.0,0.0,0.0,0.024636348709464073,0.0029055222403258085,0.5674582123756409,0.8230284452438354
10.205607652664185,-2.3262495197416264,-1.2964554952764569,-69.78312067448232,-0.0009765625,0.029296875,0.98583984375,-0.30517578125,-2.74658203125,31.982421875,0.0,0.0,0.0,0.023119131103157997,0.002332970267161727,0.5720589756965637,0.8198832869529724
10.22580885887146,-2.2035103800262625,-1.1255950048157086,-70.42368996579197,0.00634765625,0.0263671875,0.96337890625,0.3662109375,0.732421875,31.6162109375,0.0,0.0,0.0,0.021371694281697273,0.0030626312363892794,0.5766211152076721,0.8167264461517334
10.245603322982788,-1.9844395329175082,-0.9483030374777472,-71.2187581361273,0.0146484375,0.03076171875,1.0693359375,2.01416015625,3.47900390625,30.57861328125,0.0,0.0,0.0,0.018895721063017845,0.0033554243855178356,0.582265317440033,0.8127723932266235
10.265552759170532,-2.051480827828945,-0.7658817581556648,-71.65356114850114,-0.00244140625,0.048828125,1.0498046875,0.1220703125,4.2724609375,28.9306640625,0.0,0.0,0.0,0.018425600603222847,0.005060151219367981,0.5853268504142761,0.8105722665786743
10.285954475402832,-2.150096166282647,-0.7160352510363234,-72.18083126185861,-0.0654296875,0.11865234375,0.97119140625,-5.55419921875,-8.48388671875,26.67236328125,0.0,0.0,0.0,0.018841208890080452,0.006003278773277998,0.5890407562255859,0.8078612685203552
10.305761337280273,-2.008754792919342,-0.7676688664798281,-72.66304261726152,0.06884765625,0.02880859375,1.00830078125,-11.5966796875,4.57763671875,13.427734375,0.0,0.0,0.0,0.018089253455400467,0.004988812375813723,0.5924467444419861,0.8053910732269287
10.326062440872192,-1.796197384957841,-0.8361342024723599,-72.82368866654022,0.05126953125,-0.009765625,1.01220703125,-5.79833984375,1.89208984375,9.46044921875,0.0,0.0,0.0,0.016944369301199913,0.0034323320724070072,0.5935885906219482,0.8045828938484192
10.346800327301025,-1.545772661185849,-0.7294412581906188,-73.06094211754979,-0.05126953125,-0.009765625,0.97802734375,1.708984375,-7.9345703125,9.33837890625,0.0,0.0,0.0,0.014627478085458279,0.0029146706219762564,0.5952529907226562,0.8033999800682068
10.361656665802002,-1.565088542880351,-0.7046404144274794,-73.36336923361961,-0.03857421875,0.01220703125,1.00146484375,5.126953125,-9.58251953125,17.7001953125,0.0,0.0,0.0,0.014625634998083115,0.0032275188714265823,0.5973691344261169,0.8018265962600708
10.385617017745972,-1.6163253136609073,-0.6459909140459021,-73.70401125809566,-0.0107421875,0.03173828125,0.994140625,1.953125,-4.7607421875,25.69580078125,0.0,0.0,0.0,0.014666805043816566,0.003948667552322149,0.5997445583343506,0.8000474572181702
10.405637502670288,-1.8226677830862255,-0.7254014147399678,-74.28744601699815,0.02294921875,0.048828125,1.03955078125,0.8544921875,0.67138671875,31.79931640625,0.0,0.0,0.0,0.016499921679496765,0.0045581962913274765,0.6038082242012024,0.7969458699226379
10.425730466842651,-1.9654750858001446,-0.7654900361345941,-74.9331584407528,-0.00927734375,0.04150390625,1.01513671875,-0.3662109375,-8.9111328125,32.28759765625,0.0,0.0,0.0,0.017675623297691345,0.005131517071276903,0.608286440372467,0.7935041189193726
10.445690870285034,-1.787375982201358,-0.8202162331682337,-75.5802095815848,0.01806640625,0.02490234375,0.98486328125,0.0,-5.615234375,32.2265625,0.0,0.0,0.0,0.01671099290251732,0.0039014944341033697,0.6127685308456421,0.7900761961936951
10.465820074081421,-1.606627085369724,-0.9859184900625941,-76.21758917455205,0.02783203125,0.02294921875,1.03564453125,0.06103515625,-3.90625,30.6396484375,0.0,0.0,0.0,0.016340378671884537,0.0018831813940778375,0.6171680688858032,0.7866595387458801
10.48579740524292,-1.5711991075882794,-1.0937049583026248,-76.82931457699672,0.01953125,0.03271484375,1.0205078125,1.64794921875,-4.57763671875,29.78515625,0.0,0.0,0.0,0.016672184690833092,0.0010413039708510041,0.6213640570640564,0.7833439111709595
10.506027221679688,-1.7175379382682123,-1.1100927165556012,-77.43511137524185,0.0009765625,0.0546875,0.97314453125,-1.40380859375,-5.43212890625,31.18896484375,0.0,0.0,0.0,0.017752008512616158,0.0018166372319683433,0.625495433807373,0.7800238132476807
10.52585744857788,-1.7987260490546266,-1.1815654168562013,-78.0708927039433,0.0283203125,0.03076171875,1.0478515625,0.06103515625,4.69970703125,32.8369140625,0.0,0.0,0.0,0.01868450827896595,0.001876872149296105,0.6298156976699829,0.7765175700187683
10.545661449432373,-1.7853546730938574,-1.1430341853140438,-78.70836791955894,-0.0009765625,0.0302734375,1.02783203125,3.0517578125,-1.77001953125,32.5927734375,0.0,0.0,0.0,0.018370436504483223,0.0021667785476893187,0.6341240406036377,0.7730100154876709
10.565741062164307,-1.8976846045141218,-1.2420647779249412,-79.31021686846378,0.03173828125,0.04443359375,0.94873046875,1.0986328125,-3.35693359375,30.45654296875,0.0,0.0,0.0,0.01966455578804016,0.002223492367193103,0.6381779909133911,0.769634485244751
10.585710525512695,-1.9720256641010099,-1.1795840216666629,-79.92400498803781,0.00927734375,0.0390625,0.9638671875,-2.197265625,-3.5400390625,30.70068359375,0.0,0.0,0.0,0.019799379631876945,0.003163366811349988,0.6422860622406006,0.7662027478218079
10.605496883392334,-1.9209326474581412,-1.0117736375571484,-80.55355035402705,0.0068359375,0.02978515625,1.07080078125,0.06103515625,-0.48828125,31.73828125,0.0,0.0,0.0,0.018495287746191025,0.004101039841771126,0.646477460861206,0.7626979947090149
10.625822067260742,-1.821914968173643,-0.9196135749210491,-81.19084798472426,-0.005859375,0.013671875,1.02978515625,1.708984375,-4.0283203125,32.71484375,0.0,0.0,0.0,0.017293091863393784,0.004252215847373009,0.6507072448730469,0.759119987487793
10.645683765411377,-1.6796532268196789,-0.9851218125289356,-81.8271825587485,0.015625,0.02099609375,0.955078125,1.52587890625,-2.3193359375,32.470703125,0.0,0.0,0.0,0.016705568879842758,0.003103133523836732,0.654920756816864,0.7555065751075745
10.666115999221802,-1.6776170833950745,-1.2097762325624695,-82.45533456614706,0.02294921875,0.02490234375,0.9794921875,1.15966796875,-2.86865234375,30.94482421875,0.0,0.0,0.0,0.017966603860259056,0.0017085261642932892,0.6590616106987,0.7518723607063293
10.685631036758423,-1.5118918279731182,-1.3054138219814575,-83.08270793198024,0.02783203125,0.01904296875,1.0224609375,3.173828125,-1.64794921875,30.94482421875,0.0,0.0,0.0,0.017428118735551834,0.0002231094113085419,0.66317218542099,0.7482638359069824
10.705703496932983,-1.4066230314941774,-1.421596513702138,-83.72168578921328,0.02978515625,0.02587890625,0.99853515625,0.30517578125,2.86865234375,31.982421875,0.0,0.0,0.0,0.0174189954996109,-0.0010478540789335966,0.6673355102539062,0.7445527911186218
10.725574254989624,-1.5081207097776248,-1.311562913225173,-84.35983719355674,-0.017578125,0.0390625,0.9599609375,-3.90625,0.06103515625,33.38623046875,0.0,0.0,0.0,0.017436187714338303,0.000355465424945578,0.6714704036712646,0.7408261299133301
10.745737791061401,-1.4651768558665217,-1.2084992006310888,-85.01865675032866,-0.02734375,0.041015625,1.0087890625,-4.69970703125,-3.35693359375,33.50830078125,0.0,0.0,0.0,0.016550123691558838,0.000865476205945015,0.6757168173789978,0.7369748950004578
10.765598773956299,-1.3473606817171504,-1.0876733676569748,-85.69673061037085,0.0224609375,0.02197265625,1.11376953125,-0.1220703125,1.03759765625,32.65380859375,0.0,0.0,0.0,0.015074231661856174,0.0010372226824983954,0.6800646185874939,0.7329965233802795
10.785660028457642,-1.4243460917298914,-1.2396011073469766,-86.33682861862776,0.02099609375,0.033203125,1.052734375,3.11279296875,-4.5166015625,30.57861328125,0.0,0.0,0.0,0.016464898362755775,0.0006140659097582102,0.6841503381729126,0.7291549444198608
10.805530786514282,-1.468223333679759,-1.2985842731416795,-86.95771330474943,0.01904296875,0.0126953125,0.9072265625,-3.60107421875,-5.4931640625,30.029296875,0.0,0.0,0.0,0.017093170434236526,0.0005932408384978771,0.688091516494751,0.7254223823547363
10.825835943222046,-1.1352150060965542,-1.4814370816810891,-87.57794912289995,0.044921875,-0.13232421875,0.921875,-7.14111328125,-8.30078125,31.18896484375,0.0,0.0,0.0,0.016096334904432297,-0.002477166010066867,0.692004919052124,0.7217090725898743
10.845637083053589,-0.8255326283025894,-1.6474319161318494,-88.19069905372012,0.10302734375,-0.18701171875,1.01318359375,-4.45556640625,-0.18310546875,31.8603515625,0.0,0.0,0.0,0.015176689252257347,-0.0053119054064154625,0.6958389282226562,0.7180179357528687
10.865729093551636,-0.5549628485430266,-1.752334016829725,-88.86142363021538,0.08154296875,-0.2236328125,0.95556640625,-2.74658203125,-3.41796875,34.0576171875,0.0,0.0,0.0,0.01416249293833971,-0.007529536262154579,0.7000090479850769,0.7139539122581482
10.88576078414917,-0.2039255429544857,-1.7660798792560815,-89.63489474239513,0.009765625,-0.244140625,0.94287109375,-7.32421875,0.1220703125,39.55078125,0.0,0.0,0.0,0.012124881148338318,-0.00967792235314846,0.7047848701477051,0.7092515230178833
10.90556788444519,0.06800928746330122,-1.781458583780894,-90.60622277445182,-0.205078125,-0.3251953125,1.19970703125,2.13623046875,-11.71875,54.38232421875,0.0,0.0,0.0,0.010632961057126522,-0.011355869472026825,0.7107451558113098,0.703277587890625
10.925396203994751,0.20428835673350296,-1.9546039859624231,-91.81235221960603,-0.15673828125,-0.28271484375,0.99072265625,-5.2490234375,-10.3759765625,61.34033203125,0.0,0.0,0.0,0.011009523645043373,-0.013148552738130093,0.7180745601654053,0.695754885673523
10.946507930755615,0.6353099922878831,-2.3176086901113253,-93.29444862798543,0.1474609375,-0.31689453125,0.86279296875,-11.65771484375,-10.1318359375,59.08203125,0.0,0.0,0.0,0.010899977758526802,-0.01791354827582836,0.7269039154052734,0.6864189505577087
10.965786933898926,0.9086016024316961,-2.4899300940025157,-94.22961080838691,0.1845703125,-0.375,1.04248046875,-1.8310546875,-8.1787109375,62.255859375,0.0,0.0,0.0,0.010524665005505085,-0.0205937922000885,0.7324055433273315,0.6804758310317993
10.985474348068237,1.1503538002267701,-2.729397380076809,-95.53863705338736,0.1396484375,-0.376953125,1.0361328125,0.54931640625,-12.451171875,66.7724609375,0.0,0.0,0.0,0.010888539254665375,-0.023437384516000748,0.7400367856025696,0.6720697283744812
11.005645513534546,1.3713601521915768,-3.0106596608994685,-96.91420300128208,0.17822265625,-0.35546875,1.01171875,-2.25830078125,-6.591796875,70.86181640625,0.0,0.0,0.0,0.011726973578333855,-0.02637425623834133,0.7479390501976013,0.6631395220756531
11.025801420211792,1.636972441913327,-3.049242545747224,-98.42557360044415,0.17333984375,-0.353515625,1.00390625,-0.06103515625,-0.42724609375,77.20947265625,0.0,0.0,0.0,0.010814566165208817,-0.028190750628709793,0.7565473318099976,0.6532415747642517
11.045947074890137,1.8798373202128784,-3.1786255385343063,-100.07582243600011,0.080078125,-0.337890625,0.85693359375,-0.54931640625,-4.2724609375,84.77783203125,0.0,0.0,0.0,0.010723435319960117,-0.030379658564925194,0.765779435634613,0.6422958374023438
11.06609320640564,2.132259981038805,-3.151399123842166,-101.8244123352259,0.19580078125,-0.37255859375,0.99853515625,2.8076171875,-2.13623046875,86.85302734375,0.0,0.0,0.0,0.009612377732992172,-0.031771041452884674,0.7754303812980652,0.6305601000785828
11.08606219291687,2.6347589192673473,-3.3012765261206947,-104.19929643039602,0.17822265625,-0.2587890625,0.95947265625,-17.333984375,-3.11279296875,99.67041015625,0.0,0.0,0.0,0.008606492541730404,-0.03582388907670975,0.7881376147270203,0.6143954992294312
11.105844974517822,3.3484441049815103,-3.310717981987768,-106.31718782785524,0.14697265625,-0.3369140625,0.935546875,-12.939453125,-12.3291015625,104.4921875,0.0,0.0,0.0,0.005597719922661781,-0.040685754269361496,0.7991167306900024,0.5997715592384338
11.125646591186523,3.592381536424165,-3.6601596379923174,-107.87761284563634,0.103515625,-0.5498046875,1.12158203125,5.859375,-34.5458984375,102.5390625,0.0,0.0,0.0,0.007362219505012035,-0.04411501809954643,0.8069902062416077,0.5888688564300537
11.145607709884644,3.7188766398528013,-3.871609061204395,-110.06050032323739,0.32421875,-0.44677734375,1.099609375,9.27734375,-8.72802734375,108.0322265625,0.0,0.0,0.0,0.009079842828214169,-0.04592463746666908,0.8179276585578918,0.5734134316444397
11.161481142044067,3.781695597196701,-3.9596130604522477,-112.37950664080763,0.28564453125,-0.3720703125,1.01171875,8.6669921875,-4.2724609375,116.88232421875,0.0,0.0,0.0,0.010339963249862194,-0.04661228507757187,0.8293025493621826,0.556756317615509
11.182005405426025,3.8566069775792853,-3.8648407706237355,-114.91760493638438,0.19140625,-0.294921875,0.83203125,5.67626953125,-0.9765625,130.2490234375,0.0,0.0,0.0,0.010320976376533508,-0.04647834599018097,0.8414379954338074,0.5382521152496338
11.20626187324524,4.223723242165124,-4.201167823091626,-118.36349001416917,0.1767578125,-0.33837890625,0.88623046875,2.9296875,-32.77587890625,141.05224609375,0.0,0.0,0.0,0.012590385042130947,-0.0503915399312973,0.856944739818573,0.5127844214439392
11.22573208808899,4.639619864029547,-4.341348918069675,-121.35841868219303,0.31494140625,-0.318359375,0.861328125,2.5634765625,2.9296875,152.64892578125,0.0,0.0,0.0,0.013189565390348434,-0.05379926785826683,0.8698012232780457,0.49028316140174866
11.24581527709961,4.720896126944937,-4.334196429348203,-124.37564108766783,0.59130859375,-0.49072265625,1.26806640625,18.98193359375,-16.6015625,148.98681640625,0.0,0.0,0.0,0.014214830473065376,-0.05403023213148117,0.8823726773262024,0.4672228693962097
11.26636815071106,4.773414305246812,-4.3953287568539325,-126.68637604615319,0.5732421875,-0.4287109375,1.15771484375,7.080078125,-11.29150390625,152.4658203125,0.0,0.0,0.0,0.015571841038763523,-0.05437945947051048,0.8915613293647766,0.44935381412506104
11.286426305770874,4.886581575170637,-4.543492635424434,-129.90446065473972,0.408203125,-0.37744140625,0.91015625,9.70458984375,-17.02880859375,163.818359375,0.0,0.0,0.0,0.017844097688794136,-0.05535789206624031,0.9037047028541565,0.4241873621940613
11.301189422607422,5.079826409810515,-4.703857793173517,-133.3087772012358,0.5341796875,-0.40185546875,0.87158203125,8.056640625,-16.90673828125,168.39599609375,0.0,0.0,0.0,0.020094353705644608,-0.056899186223745346,0.9157359004020691,0.3972233533859253
11.32573413848877,5.263734802741809,-4.60481834266104,-136.79636741409269,0.56689453125,-0.26513671875,0.8125,0.9765625,12.3291015625,179.99267578125,0.0,0.0,0.0,0.020421314984560013,-0.05743357539176941,0.927355170249939,0.36918407678604126
11.345751762390137,5.627970008158371,-4.622485480722924,-140.36120706646244,0.31689453125,-0.37841796875,0.83544921875,5.18798828125,-33.63037109375,177.978515625,0.0,0.0,0.0,0.02126137539744377,-0.05980490893125534,0.9381960034370422,0.34023478627204895
11.367326498031616,5.904016372332668,-4.738275116401211,-145.000790645112,0.6201171875,-0.51025390625,1.13720703125,26.55029296875,-19.10400390625,186.82861328125,0.0,0.0,0.0,0.023899396881461143,-0.061487700790166855,0.9509991407394409,0.3020738959312439
11.386601209640503,5.924282824260565,-4.5315620024917145,-147.7109823870164,0.748046875,-0.4150390625,1.16162109375,14.34326171875,4.39453125,181.33544921875,0.0,0.0,0.0,0.02356729656457901,-0.060577813535928726,0.9579620361328125,0.27943477034568787
11.405826568603516,6.031611136217676,-4.33137598810781,-151.49139646997008,0.53759765625,-0.37158203125,0.8173828125,8.4228515625,-17.333984375,182.67822265625,0.0,0.0,0.0,0.023630164563655853,-0.06024708226323128,0.9666892290115356,0.24763640761375427
11.425791501998901,6.102037643636501,-4.739390998556862,-155.34000316159717,0.392578125,-0.4140625,0.8681640625,10.7421875,-32.53173828125,192.44384765625,0.0,0.0,0.0,0.028980141505599022,-0.06076984480023384,0.9742448925971985,0.2152068167924881
11.445645332336426,6.298213910090784,-4.8072250222988435,-159.3080835221861,0.751953125,-0.3896484375,1.00244140625,10.498046875,2.38037109375,199.8291015625,0.0,0.0,0.0,0.031337376683950424,-0.06151435151696205,0.9809778332710266,0.18142881989479065
11.46638536453247,6.462555945484107,-3.957502531998714,-164.2881793517175,0.5546875,-0.4140625,0.87939453125,3.2958984375,-5.859375,199.462890625,0.0,0.0,0.0,0.026450706645846367,-0.060516227036714554,0.9881842136383057,0.13831163942813873
11.486783266067505,6.6487938598091985,-4.677000635583381,-168.3721133810082,0.6669921875,-0.45947265625,1.0166015625,10.55908203125,-29.541015625,204.833984375,0.0,0.0,0.0,0.03465569019317627,-0.06176912412047386,0.9921151995658875,0.10339765250682831
11.505936861038208,6.826362556530252,-4.355431914364595,-171.33518604674313,1.00048828125,-0.28271484375,1.00732421875,7.38525390625,6.65283203125,199.89013671875,0.0,0.0,0.0,0.033329106867313385,-0.06218849867582321,0.994484007358551,0.07761014252901077
11.525785207748413,6.988650412530693,-4.052201397293648,-175.4282178880083,0.45556640625,-0.20751953125,0.740234375,5.615234375,-23.3154296875,202.33154296875,0.0,0.0,0.0,0.03283144161105156,-0.0622706338763237,0.9966371655464172,0.0419398732483387
11.545845746994019,6.970853500874578,-4.156777143015244,-179.36679183138278,0.92822265625,-0.3916015625,1.080078125,19.4091796875,-24.658203125,192.3828125,0.0,0.0,0.0,0.03586341813206673,-0.0609537698328495,0.9974662661552429,0.007716683205217123
11.565744638442993,6.774027085788675,-4.089995395292267,176.8797970111761,1.02978515625,-0.1982421875,1.05859375,24.71923828125,-4.33349609375,185.6689453125,0.0,0.0,0.0,0.03721629083156586,-0.058050770312547684,0.9973050951957703,-0.025053242221474648
11.585534572601318,6.554219645466617,-3.8462366159850903,173.26045244922966,0.8701171875,-0.11328125,0.98046875,21.8505859375,12.26806640625,184.814453125,0.0,0.0,0.0,0.03680390119552612,-0.055064860731363297,0.9961900115013123,-0.0567355714738369
11.605889320373535,6.5754346399155,-3.5678931738155537,169.6327750564958,0.6865234375,-0.15478515625,0.7314453125,11.53564453125,-25.32958984375,177.67333984375,0.0,0.0,0.0,0.03613130375742912,-0.054279815405607224,0.9939505457878113,-0.08837732672691345
11.625586986541748,6.63774560193988,-3.5673988388743743,165.91944709157,0.7919921875,-0.162109375,0.82763671875,0.9765625,3.84521484375,182.7392578125,0.0,0.0,0.0,0.037932220846414566,-0.053619854152202606,0.9905365109443665,-0.12051382660865784
11.645998477935791,6.6721535336574656,-3.200694946959675,162.35391075990492,1.0087890625,-0.2490234375,1.078125,10.25390625,-1.3427734375,169.61669921875,0.0,0.0,0.0,0.03647275269031525,-0.053205203264951706,0.9863567352294922,-0.15145769715309143
11.661766290664673,6.222536267860689,-2.7772740179508366,158.17561083704132,0.81396484375,-0.24169921875,0.9814453125,24.0478515625,6.2255859375,169.73876953125,0.0,0.0,0.0,0.03403216972947121,-0.0486973337829113,0.9804322123527527,-0.18767838180065155
11.68560266494751,6.2530719092057,-2.557653980944131,155.75865277658392,0.79736328125,-0.13623046875,0.6591796875,7.62939453125,6.65283203125,154.6630859375,0.0,0.0,0.0,0.033237140625715256,-0.04863298311829567,0.9762646555900574,-0.20841650664806366
11.705622911453247,6.171704292510162,-2.923053733614181,153.02900865592335,0.78759765625,-0.26806640625,0.92724609375,25.7568359375,-49.072265625,123.291015625,0.0,0.0,0.0,0.037316061556339264,-0.046391721814870834,0.9710232615470886,-0.2314501702785492
11.72598910331726,6.022573942172103,-3.1755626255783787,150.8090605718858,1.00732421875,-0.12646484375,0.91748046875,6.7138671875,0.0,101.62353515625,0.0,0.0,0.0,0.04001003876328468,-0.04384518414735794,0.9663886427879333,-0.2501397132873535
11.745900630950928,5.969625035065695,-2.9249435615801587,149.01022097093622,0.9951171875,-0.12060546875,0.9384765625,-0.67138671875,1.3427734375,83.740234375,0.0,0.0,0.0,0.038467615842819214,-0.04335327073931694,0.9623885750770569,-0.26542243361473083
11.767091751098633,5.9537623476051635,-2.545535517809236,147.71475265143823,1.11962890625,-0.15673828125,1.07275390625,5.4931640625,42.1142578125,54.443359375,0.0,0.0,0.0,0.03574293851852417,-0.043705809861421585,0.9593604207038879,-0.2764776647090912
11.785629272460938,5.657703102275907,-1.513169820399851,146.98270663657462,0.69677734375,-0.08984375,0.74609375,14.58740234375,11.65771484375,30.029296875,0.0,0.0,0.0,0.026667604222893715,-0.043566491454839706,0.9577102661132812,-0.2831643223762512
11.805612802505493,5.618331757465837,-1.855383748880352,146.71048261701458,0.51806640625,-0.0205078125,0.70751953125,-0.9765625,-8.9111328125,2.3193359375,0.0,0.0,0.0,0.029529834166169167,-0.04231785237789154,0.9570496082305908,-0.28529492020606995
11.826305150985718,6.023733366783713,-1.805561360866517,147.29984598011666,0.658203125,0.04296875,1.15673828125,-25.20751953125,25.7568359375,-53.466796875,0.0,0.0,0.0,0.029887033626437187,-0.04598245024681091,0.958348274230957,-0.28028735518455505
11.846227407455444,6.136011004568145,-1.523459500384475,148.8090855602577,0.2412109375,0.041015625,1.2119140625,-11.04736328125,27.03857421875,-82.45849609375,0.0,0.0,0.0,0.027174057438969612,-0.047977253794670105,0.9619096517562866,-0.26774901151657104
11.865718841552734,5.927574548553689,-1.056385871894733,150.92311107064668,0.1181640625,0.04248046875,1.2060546875,2.01416015625,54.6875,-111.99951171875,0.0,0.0,0.0,0.02189033292233944,-0.047735996544361115,0.9667632579803467,-0.25022178888320923
11.885627269744873,5.9280876665150855,0.12001927034245748,153.5513405425109,-0.06494140625,0.20458984375,0.6982421875,-15.56396484375,67.9931640625,-131.28662109375,0.0,0.0,0.0,0.010810996405780315,-0.05057726427912712,0.9721666574478149,-0.22851087152957916
11.90566372871399,5.964991605487488,0.7281252728366278,156.33931447868338,-0.51953125,0.04931640625,1.10693359375,4.08935546875,16.90673828125,-143.6767578125,0.0,0.0,0.0,0.004456203430891037,-0.05222555249929428,0.9773457050323486,-0.20505617558956146
11.925630331039429,5.7340547987997175,1.2187921889885922,159.17219007845952,-0.4296875,0.060546875,1.21337890625,16.11328125,38.2080078125,-141.357421875,0.0,0.0,0.0,-0.0014068117598071694,-0.05111158266663551,0.982144832611084,-0.1810445636510849
11.945678234100342,5.43682374914098,1.686063786242559,162.00283903656626,-0.60595703125,0.140625,1.01025390625,15.380859375,33.0810546875,-136.8408203125,0.0,0.0,0.0,-0.007098386529833078,-0.049137335270643234,0.9863649010658264,-0.1569063365459442
11.965799808502197,5.111779315408304,2.0457430420393115,164.7810731229823,-0.6845703125,0.18701171875,0.947265625,17.15087890625,12.451171875,-134.8876953125,0.0,0.0,0.0,-0.011772527359426022,-0.046555690467357635,0.9899445176124573,-0.13305644690990448
11.986222743988037,4.654307758952837,2.004818896410122,168.2194586530584,-0.52392578125,0.2607421875,1.01318359375,17.4560546875,4.0283203125,-138.5498046875,0.0,0.0,0.0,-0.01322130300104618,-0.04217863082885742,0.9936748743057251,-0.10322996228933334
12.00554609298706,4.35743187913094,1.9241129542904283,170.3841368463322,-0.412109375,0.30029296875,0.947265625,20.20263671875,7.4462890625,-148.37646484375,0.0,0.0,0.0,-0.013533147983253002,-0.039283763617277145,0.9955670833587646,-0.08437943458557129
12.02566647529602,4.0823904065382814,2.133547258253941,173.4575990294329,-0.4296875,0.3271484375,0.89599609375,12.6953125,8.36181640625,-155.70068359375,0.0,0.0,0.0,-0.01654341258108616,-0.0366155244410038,0.9975264668464661,-0.05767817422747612
12.045778274536133,3.80986415110748,2.155365657227312,176.62339170973382,-0.490234375,0.2763671875,1.04296875,18.4326171875,10.43701171875,-161.1328125,0.0,0.0,0.0,-0.017810264602303505,-0.0337747223675251,0.9988183379173279,-0.030065633356571198
12.067991495132446,3.3933444879247046,1.9968512672998906,-179.29435084504564,-0.42138671875,0.279296875,0.93408203125,20.8740234375,1.77001953125,-166.50390625,0.0,0.0,0.0,-0.017599258571863174,-0.029495874419808388,0.9993941187858582,0.005638353526592255
12.085864305496216,3.1285907743259664,2.1330902759097845,-176.72640462279594,-0.39453125,0.27978515625,0.89697265625,17.822265625,12.6953125,-173.2177734375,0.0,0.0,0.0,-0.01937873661518097,-0.02675137110054493,0.999060869216919,0.02804013155400753
12.108989477157593,2.8072043337806556,2.1561955252114684,-172.3640037810438,-0.4755859375,0.28857421875,1.0263671875,16.17431640625,17.2119140625,-177.001953125,0.0,0.0,0.0,-0.02039862424135208,-0.023183859884738922,0.9973353147506714,0.06609570235013962
12.125670671463013,2.59502045178939,2.389507530183111,-169.6547136241099,-0.47216796875,0.2890625,1.0634765625,14.70947265625,12.75634765625,-180.2978515625,0.0,0.0,0.0,-0.022801699116826057,-0.02066739834845066,0.9954983592033386,0.08964412659406662
12.145599603652954,2.3816400060329026,2.30312890251431,-165.99881388972554,-0.611328125,0.26904296875,1.00244140625,18.4326171875,-10.8642578125,-185.24169921875,0.0,0.0,0.0,-0.02247552201151848,-0.018174219876527786,0.9921810030937195,0.12141416221857071
12.167453050613403,2.1410704981812985,2.1977032251278708,-161.23821301936167,-0.4423828125,0.2705078125,0.93603515625,9.6435546875,-1.03759765625,-193.2373046875,0.0,0.0,0.0,-0.02196238748729229,-0.015304715372622013,0.9863314032554626,0.16258504986763
12.186121940612793,2.053023596807722,2.105460239726379,-158.33617492404997,-0.4638671875,0.2041015625,0.89794921875,10.3759765625,-4.45556640625,-193.7255859375,0.0,0.0,0.0,-0.021408505737781525,-0.014140710234642029,0.9819212555885315,0.18754327297210693
12.20139765739441,1.9275756467562133,1.951067655519649,-154.52413706523913,-0.49609375,0.16943359375,0.8876953125,5.9814453125,-11.962890625,-188.5986328125,0.0,0.0,0.0,-0.02031233347952366,-0.012650683522224426,0.9751725792884827,0.22014953196048737
12.226259708404541,1.9434872127579925,2.0053486629576214,-150.913603447322,-0.42529296875,0.19140625,0.990234375,1.0986328125,9.6435546875,-176.025390625,0.0,0.0,0.0,-0.021193942055106163,-0.012019841000437737,0.9677457213401794,0.25074800848960876
12.245728731155396,1.8185944290199592,2.0263132882847406,-147.5910169444343,-0.57373046875,0.18115234375,1.09423828125,10.68115234375,-7.99560546875,-156.67724609375,0.0,0.0,0.0,-0.021405354142189026,-0.01030287891626358,0.9600791335105896,0.2787182629108429
12.269188165664673,1.6319733837711123,1.9511649857153217,-143.80475621955108,-0.42138671875,0.21337890625,0.974609375,6.2255859375,1.708984375,-143.1884765625,0.0,0.0,0.0,-0.0206055399030447,-0.008246215991675854,0.9503698348999023,0.31033003330230713
12.28557538986206,1.4909179178575958,1.9289002765683725,-141.76139584631505,-0.4501953125,0.1787109375,0.9560546875,11.90185546875,-8.60595703125,-132.26318359375,0.0,0.0,0.0,-0.02016296610236168,-0.006778302136808634,0.9446965456008911,0.32725512981414795
12.308162927627563,1.3414125474454213,1.9683136697305195,-139.22758690953708,-0.4248046875,0.2294921875,0.96728515625,7.87353515625,0.3662109375,-125.06103515625,0.0,0.0,0.0,-0.02017608843743801,-0.0049882009625434875,0.9372334480285645,0.3480827212333679
12.325770616531372,1.195591957368763,2.02498438960435,-136.78873126260063,-0.47265625,0.23681640625,1.0166015625,6.77490234375,-2.62451171875,-119.93408203125,0.0,0.0,0.0,-0.020269105210900307,-0.0031925903167575598,0.9296124577522278,0.36796706914901733
12.345962762832642,1.0866015615658116,1.959719157320528,-134.52590325095375,-0.49560546875,0.22412109375,1.01513671875,4.7607421875,-7.8125,-109.4970703125,0.0,0.0,0.0,-0.019435666501522064,-0.0021348248701542616,0.9221746921539307,0.3862791061401367
12.36576533317566,0.9757775801358293,1.9485445409515638,-132.5191253709123,-0.423828125,0.21826171875,0.9912109375,5.0048828125,-4.21142578125,-94.482421875,0.0,0.0,0.0,-0.018991678953170776,-0.0009482383029535413,0.9152714014053345,0.4023886024951935
12.385770559310913,0.8338349900430044,2.0375905709346664,-130.8779265360066,-0.4208984375,0.21728515625,0.99755859375,7.4462890625,1.220703125,-73.486328125,0.0,0.0,0.0,-0.019195275381207466,0.0007733615348115563,0.9094048738479614,0.41546809673309326
12.405928134918213,0.6404778308077912,2.0351016073124315,-129.63249618236816,-0.46044921875,0.27294921875,0.96435546875,4.2724609375,-9.58251953125,-55.72509765625,0.0,0.0,0.0,-0.018448377028107643,0.0024994704872369766,0.904833197593689,0.4253591299057007
12.426557540893555,0.5530502888537172,1.985980167462169,-128.7709224600844,-0.42529296875,0.2822265625,0.99365234375,0.6103515625,-7.38525390625,-35.64453125,0.0,0.0,0.0,-0.017712892964482307,0.003140668384730816,0.9016130566596985,0.4321692883968353
12.446364402770996,0.4617937855396165,2.0611184381912446,-128.28612929317524,-0.3916015625,0.26953125,1.0068359375,-0.67138671875,2.01416015625,-10.43701171875,0.0,0.0,0.0,-0.017942184582352638,0.0042180875316262245,0.8997645974159241,0.4359862506389618
12.467868566513062,0.3741478376146608,2.2407003331701585,-128.20901645744578,-0.3720703125,0.25927734375,0.96337890625,-1.03759765625,1.03759765625,-1.28173828125,0.0,0.0,0.0,-0.019014902412891388,0.005602509714663029,0.8994432687759399,0.4365878701210022
12.486050605773926,0.3412016464207374,2.273321103202728,-128.26671789555405,-0.388671875,0.2529296875,0.9677734375,-2.8076171875,-4.82177734375,5.2490234375,0.0,0.0,0.0,-0.01914842240512371,0.005975780542939901,0.8996566534042358,0.43613702058792114
12.505929231643677,0.2225967188243618,2.3227417907160017,-128.4771013823688,-0.34716796875,0.25146484375,1.02392578125,1.708984375,-2.50244140625,13.0615234375,0.0,0.0,0.0,-0.01909797638654709,0.007060025352984667,0.9004418253898621,0.4344996511936188
12.526272058486938,0.12226525532105452,2.3694267740232733,-128.71226479549233,-0.302734375,0.2763671875,1.00439453125,0.1220703125,-2.685546875,16.41845703125,0.0,0.0,0.0,-0.019100800156593323,0.00798626709729433,0.9013177752494812,0.4326634109020233
12.545804023742676,0.016137285744560463,2.425975831152513,-129.11646173019534,-0.2705078125,0.29638671875,0.9951171875,-1.8310546875,-1.03759765625,21.91162109375,0.0,0.0,0.0,-0.019176609814167023,0.008966950699687004,0.9028212428092957,0.4294946491718292
12.566596031188965,-0.11606823269122989,2.531335767968191,-129.60087240651097,-0.23291015625,0.314453125,1.025390625,-0.18310546875,0.3662109375,25.32958984375,0.0,0.0,0.0,-0.019554976373910904,0.01032083947211504,0.9045995473861694,0.4256885349750519
12.585716009140015,-0.26949231741799334,2.574322203839901,-130.14723289859865,-0.25927734375,0.306640625,0.97705078125,-1.28173828125,-5.0048828125,28.6865234375,0.0,0.0,0.0,-0.019379887729883194,0.011599368415772915,0.9065964818000793,0.42139381170272827
12.605631351470947,-0.4168359596382852,2.4819678009775736,-130.74876765880168,-0.18408203125,0.294921875,0.9931640625,-1.953125,-5.7373046875,31.67724609375,0.0,0.0,0.0,-0.01797437109053135,0.012541764415800571,0.9093720316886902,0.415406197309494
12.625877141952515,-0.5901341072612138,2.4334254331028813,-131.3674325334431,-0.14306640625,0.3095703125,1.04931640625,0.8544921875,-3.84521484375,30.6396484375,0.0,0.0,0.0,-0.01722993701696396,0.01343544665724039,0.911023736000061,0.4117748439311981
12.645618200302124,-0.7984367876174728,2.3780191519991494,-131.97594774697785,-0.130859375,0.302734375,1.02685546875,1.15966796875,-4.8828125,29.541015625,0.0,0.0,0.0,-0.016119712963700294,0.014807092025876045,0.9131823778152466,0.40696293115615845
12.665676355361938,-1.02766364577436,2.29264861756316,-132.53512167394845,-0.08837890625,0.2939453125,1.0166015625,2.38037109375,-7.50732421875,26.79443359375,0.0,0.0,0.0,-0.01470470055937767,0.016259251162409782,0.9151427149772644,0.4025336802005768
12.685490846633911,-1.2468036485484608,2.1749695808057177,-133.0137266894696,-0.0263671875,0.3037109375,0.99560546875,1.28173828125,-3.662109375,21.91162109375,0.0,0.0,0.0,-0.013068311847746372,0.01754186488687992,0.9168061017990112,0.3987332582473755
12.705830574035645,-1.4845773678737082,2.023146428387382,-133.38998815046725,-0.02197265625,0.28857421875,0.99365234375,2.01416015625,-6.591796875,17.39501953125,0.0,0.0,0.0,-0.011088075116276741,0.018880123272538185,0.9181011319160461,0.3957410156726837
12.725642204284668,-1.6908227205467652,1.9326378841482506,-133.72405270277258,-0.02001953125,0.275390625,0.97998046875,0.8544921875,-4.21142578125,15.19775390625,0.0,0.0,0.0,-0.00970940850675106,0.020192084833979607,0.9192326664924622,0.39307695627212524
12.74575424194336,-1.8596895428218103,1.8548529151157949,-134.00339377944778,-0.03857421875,0.2509765625,0.97998046875,-2.50244140625,-0.3662109375,12.8173828125,0.0,0.0,0.0,-0.00855789240449667,0.021259387955069542,0.9201720356941223,0.3908430337905884
12.765628099441528,-2.0343067440477713,1.8538341497124051,-134.23249198458834,-0.0703125,0.2177734375,1.00244140625,0.0,-1.52587890625,10.31494140625,0.0,0.0,0.0,-0.007999408058822155,0.022642124444246292,0.920918345451355,0.38901522755622864
12.785578966140747,-2.201837624009844,1.855416832609144,-134.41347833721534,-0.07861328125,0.22119140625,0.99462890625,-1.28173828125,-1.77001953125,7.9345703125,0.0,0.0,0.0,-0.007481277454644442,0.02398204617202282,0.9214972257614136,0.38757163286209106
12.80672550201416,-2.3971479505434163,1.8757944885544655,-134.55307374347205,-0.07080078125,0.205078125,1.0205078125,0.244140625,0.30517578125,6.103515625,0.0,0.0,0.0,-0.007015799637883902,0.02561289817094803,0.9219223856925964,0.3864634037017822
12.825883626937866,-2.6176879286539583,1.8890363043644163,-134.68597556434216,-0.06494140625,0.19677734375,0.9951171875,-0.3662109375,-0.42724609375,4.8828125,0.0,0.0,0.0,-0.006410383153706789,0.027424322441220284,0.9223161935806274,0.3854084610939026
12.841838359832764,-2.778399931946831,1.8942494462484285,-134.74558945541804,-0.06591796875,0.18359375,0.99072265625,-2.74658203125,1.52587890625,3.11279296875,0.0,0.0,0.0,-0.0059267678298056126,0.028732242062687874,0.9224761128425598,0.38493800163269043
12.867167472839355,-2.953369741688694,1.9122662046184526,-134.78708968481502,-0.072265625,0.18408203125,1.02490234375,1.15966796875,-1.40380859375,1.89208984375,0.0,0.0,0.0,-0.005495017860084772,0.030199147760868073,0.9225665330886841,0.3846152722835541
12.886770009994507,-3.2215033317095307,1.8532465400003726,-134.76221413585785,-0.03466796875,0.298828125,1.0107421875,5.0048828125,-4.45556640625,-3.173828125,0.0,0.0,0.0,-0.0041127512231469154,0.03216101974248886,0.9224231839179993,0.38481709361076355
12.906769752502441,-3.3143685046557283,1.8874408148629835,-134.706056320502,-0.0537109375,0.326171875,0.91455078125,-5.0048828125,3.96728515625,-4.638671875,0.0,0.0,0.0,-0.004060062114149332,0.0330251045525074,0.9222003817558289,0.3852784037590027
12.926167249679565,-3.538387610374745,1.8898565673950525,-134.58699246289032,-0.08544921875,0.28076171875,1.076171875,4.33349609375,-2.685546875,-6.591796875,0.0,0.0,0.0,-0.0032901091035455465,0.03483942523598671,0.9217325448989868,0.3862440288066864
12.945785999298096,-3.529586911629184,1.9266315865468704,-134.40535041210302,-0.0712890625,0.14013671875,0.86083984375,-18.5546875,4.57763671875,-9.21630859375,0.0,0.0,0.0,-0.003560394048690796,0.034897975623607635,0.921113133430481,0.3877112865447998
12.96552038192749,-2.8695242604283213,1.97586188253703,-134.24462240055428,-0.12939453125,-0.28466796875,0.8642578125,-27.83203125,5.0048828125,-4.69970703125,0.0,0.0,0.0,-0.006147782318294048,0.029766559600830078,0.9207432866096497,0.38898345828056335
12.985732078552246,-2.460093479830373,1.8382598243008952,-134.1089748436378,-0.06396484375,-0.03466796875,1.1943359375,2.3193359375,-9.8876953125,-5.31005859375,0.0,0.0,0.0,-0.0064006675966084,0.02601793222129345,0.9204111099243164,0.3900327682495117
13.005550622940063,-2.433442722019218,1.7330682943369404,-133.99652260914274,0.0400390625,0.0361328125,1.08935546875,1.953125,-8.11767578125,-10.7421875,0.0,0.0,0.0,-0.005621244199573994,0.02545192465186119,0.9200547933578491,0.3909219205379486
13.025566339492798,-2.573638117705842,1.6365770379934066,-133.92110366032745,-0.025390625,0.048828125,0.96337890625,-0.48828125,4.39453125,-2.50244140625,0.0,0.0,0.0,-0.004350769799202681,0.026251740753650665,0.9197842478752136,0.3915213942527771
13.045792818069458,-2.2832063079224407,1.5367138026340024,-133.76152312055927,-0.02587890625,0.00634765625,1.02294921875,-1.220703125,-0.732421875,-5.92041015625,0.0,0.0,0.0,-0.004508405923843384,0.023586031049489975,0.9193196296691895,0.3927784264087677
13.065565586090088,-2.127329438231702,1.5698659400396575,-133.67676047295942,-0.06298828125,-0.0078125,1.0400390625,-1.40380859375,-0.8544921875,-3.11279296875,0.0,0.0,0.0,-0.005292114801704884,0.02245289459824562,0.9190543293952942,0.39345529675483704
13.080565214157104,-2.010592113806075,1.6894673548833408,-133.65489020723703,-0.0712890625,-0.0009765625,1.00048828125,-0.67138671875,-1.77001953125,0.0,0.0,0.0,0.0,-0.0066482010297477245,0.02192806638777256,0.9189807772636414,0.3936361074447632
13.105496168136597,-1.8329683486848394,1.7544521225243694,-133.68292130359077,-0.0361328125,0.00244140625,0.98583984375,-0.732421875,-1.15966796875,1.708984375,0.0,0.0,0.0,-0.007784695364534855,0.020724639296531677,0.9190984964370728,0.39340558648109436
13.127775192260742,-1.5732475240090484,1.6649396119652962,-133.6866505868776,-0.02587890625,0.0009765625,1.0068359375,-0.18310546875,0.30517578125,-0.244140625,0.0,0.0,0.0,-0.007958809845149517,0.018334202468395233,0.9191708564758301,0.39335164427757263
13.140674114227295,-1.4428110812641977,1.7391824875828654,-133.67454749166833,-0.05615234375,0.00244140625,1.01025390625,-0.3662109375,-0.6103515625,-0.6103515625,0.0,0.0,0.0,-0.009000320918858051,0.017543496564030647,0.9191374778747559,0.39344310760498047
13.165629148483276,-1.3534758354584273,1.9064874376937988,-133.66270394364753,-0.0751953125,0.0078125,1.00537109375,-0.3662109375,-1.77001953125,-0.30517578125,0.0,0.0,0.0,-0.010647410526871681,0.017401957884430885,0.9190821051597595,0.3935377895832062
13.185619592666626,-1.2384742328556302,2.047431592868185,-133.65628356582772,-0.04736328125,0.00927734375,0.9990234375,-0.54931640625,-1.40380859375,0.0,0.0,0.0,0.0,-0.012172029353678226,0.016963865607976913,0.9190523624420166,0.3935822546482086
13.206255435943604,-1.1210313712330824,2.100987319593667,-133.6518029617322,-0.03662109375,0.021484375,0.99951171875,-0.732421875,-2.25830078125,0.3662109375,0.0,0.0,0.0,-0.013004367239773273,0.016206232830882072,0.9190442562103271,0.3936062753200531
13.225592851638794,-1.1901583284406063,2.1645189644887752,-133.69103556832474,-0.046875,0.0224609375,1.0,-0.244140625,-4.39453125,3.7841796875,0.0,0.0,0.0,-0.013282343745231628,0.01697412319481373,0.9191573262214661,0.3933006823062897
13.249372243881226,-1.2140859752070419,2.320367232762364,-133.86704954323596,-0.0517578125,0.0234375,0.9951171875,-0.67138671875,-4.08935546875,8.60595703125,0.0,0.0,0.0,-0.01447767298668623,0.017678221687674522,0.9197266697883606,0.39189398288726807
13.266225099563599,-1.3144375690921022,2.138601171352927,-134.02956706434725,-0.02783203125,0.0244140625,0.9970703125,-1.03759765625,-4.0283203125,7.2021484375,0.0,0.0,0.0,-0.012700635008513927,0.01784466579556465,0.9203011989593506,0.39059701561927795
13.285695314407349,-1.2966236886847684,1.9234480780634098,-134.11529959880926,-0.0283203125,0.0224609375,1.0068359375,-0.91552734375,-2.62451171875,5.18798828125,0.0,0.0,0.0,-0.011045785620808601,0.016960671171545982,0.9206348657608032,0.38989976048469543
13.30537462234497,-1.4033840277237106,1.9922558306489415,-134.1933959817792,-0.0498046875,0.03271484375,1.013671875,-0.42724609375,-0.732421875,2.8076171875,0.0,0.0,0.0,-0.011247716844081879,0.018044615164399147,0.9208718538284302,0.38928520679473877
13.325373888015747,-1.5036401056820965,2.152858124028271,-134.2126161341036,-0.05517578125,0.03759765625,1.013671875,0.0,-0.9765625,-0.42724609375,0.0,0.0,0.0,-0.012201216071844101,0.019393229857087135,0.9208905100822449,0.38914754986763
13.345522165298462,-1.635895193015169,2.2932074124146316,-134.2101299452457,-0.064453125,0.04736328125,1.0087890625,1.0986328125,-1.64794921875,0.30517578125,0.0,0.0,0.0,-0.01287972740828991,0.020932350307703018,0.9208304286003113,0.38918817043304443
13.36555528640747,-1.8268954567390518,2.3612651248519314,-134.24799651400426,-0.04833984375,0.06884765625,0.99609375,-0.1220703125,-1.03759765625,2.197265625,0.0,0.0,0.0,-0.012785532511770725,0.022693736478686333,0.9209079146385193,0.38890883326530457
13.385643243789673,-2.0151015327621646,2.2915922861193354,-134.2981027817555,-0.02099609375,0.0732421875,1.00244140625,-0.8544921875,-0.6103515625,1.708984375,0.0,0.0,0.0,-0.01159717794507742,0.023965071886777878,0.9210549592971802,0.3885215222835541
13.405743837356567,-2.194475747301628,2.189276052352544,-134.31800595299688,-0.03076171875,0.0654296875,1.01171875,0.1220703125,0.0,0.244140625,0.0,0.0,0.0,-0.010170725174248219,0.02505873702466488,0.9211064577102661,0.38837024569511414
13.425703525543213,-2.3830713575508433,2.25755040985258,-134.3226778023892,-0.0615234375,0.0673828125,0.9970703125,0.18310546875,-0.79345703125,-0.1220703125,0.0,0.0,0.0,-0.01008157804608345,0.026805216446518898,0.9210643768310547,0.38835591077804565
13.445568799972534,-2.541218838253788,2.376845426678965,-134.3285244443187,-0.06005859375,0.0693359375,1.0,-0.244140625,-0.9765625,0.1220703125,0.0,0.0,0.0,-0.01050623320043087,0.02847926691174507,0.9210180044174194,0.3883354961872101
13.465595960617065,-2.734471570299894,2.412450562492007,-134.34091440747312,-0.04052734375,0.06494140625,1.0107421875,-0.1220703125,-1.0986328125,-0.06103515625,0.0,0.0,0.0,-0.01014084555208683,0.030151762068271637,0.9210017919540405,0.3882574439048767
13.485534429550171,-2.9009437709406147,2.280543814806605,-134.33808670915673,-0.0322265625,0.06005859375,1.00146484375,-0.67138671875,-0.244140625,-0.67138671875,0.0,0.0,0.0,-0.008515430614352226,0.031044088304042816,0.9209804534912109,0.3882767856121063
13.505659341812134,-2.9000332213468876,2.2132730682277377,-134.32610655735252,-0.03564453125,0.04736328125,1.005859375,-0.48828125,0.6103515625,-0.30517578125,0.0,0.0,0.0,-0.007974403910338879,0.03081020712852478,0.9209564328193665,0.388363778591156
13.525630474090576,-2.4918732828213845,2.162156572809597,-134.31276036771433,-0.05859375,-0.19970703125,0.84912109375,-20.81298828125,1.953125,3.23486328125,0.0,0.0,0.0,-0.008943460881710052,0.027357852086424828,0.9210267066955566,0.3884344696998596
13.545637130737305,-1.998767348805491,2.108432012345569,-134.39009176949722,-0.03662109375,-0.376953125,1.06298828125,-10.7421875,-2.5634765625,6.28662109375,0.0,0.0,0.0,-0.010198547504842281,0.023205598816275597,0.921409010887146,0.3877665400505066
13.565778017044067,-1.684388789070319,2.047737457276955,-134.59686891643017,-0.0107421875,-0.361328125,1.1123046875,-5.55419921875,-2.38037109375,12.3291015625,0.0,0.0,0.0,-0.010811077430844307,0.02045307122170925,0.9221792817115784,0.3860703408718109
13.585576057434082,-1.468253535922495,1.9787566020846459,-134.84868433075022,0.0185546875,-0.29931640625,1.02978515625,-3.7841796875,-1.46484375,14.34326171875,0.0,0.0,0.0,-0.011024571023881435,0.018457358703017235,0.9230750203132629,0.3840186297893524
13.605532169342041,-1.2252879123326859,1.922490357475727,-135.17374669372944,-0.02099609375,-0.30859375,0.98095703125,-4.45556640625,-1.5869140625,16.845703125,0.0,0.0,0.0,-0.011431662365794182,0.016279401257634163,0.9242074489593506,0.3813726305961609
13.625635147094727,-1.0142049714582615,1.9095655051319473,-135.60227276225606,-0.04833984375,-0.34033203125,1.015625,-3.2958984375,-3.7841796875,22.3388671875,0.0,0.0,0.0,-0.012084158137440681,0.014488873071968555,0.9256575703620911,0.3778917193412781
13.6457679271698,-0.8854394170999779,1.832656507860546,-136.10404577944186,-0.02294921875,-0.30810546875,0.99951171875,2.62451171875,-3.90625,26.7333984375,0.0,0.0,0.0,-0.011945107951760292,0.013143072836101055,0.9273311495780945,0.37382033467292786
13.666776418685913,-0.8481390603514507,1.6599570956874776,-136.58831985197412,0.0380859375,-0.140625,1.0,5.9814453125,-1.46484375,25.93994140625,0.0,0.0,0.0,-0.010720862075686455,0.012232963927090168,0.9289323091506958,0.3698921203613281
13.685693502426147,-0.8628821837574819,1.5863623409891192,-137.1492969488856,-0.0498046875,-0.0068359375,0.99658203125,6.40869140625,-6.28662109375,28.99169921875,0.0,0.0,0.0,-0.010135813616216183,0.012065572664141655,0.9307406544685364,0.36534035205841064
13.70581579208374,-1.0367000927679928,1.542054156791306,-137.74826355796068,-0.0546875,0.0576171875,0.9482421875,2.3193359375,-7.62939453125,30.6396484375,0.0,0.0,0.0,-0.009291306138038635,0.013287786394357681,0.9326244592666626,0.36048424243927
13.726181268692017,-1.2930765793497103,1.4171361867307082,-138.37315756512515,0.00634765625,0.1123046875,0.9736328125,0.18310546875,-2.86865234375,31.494140625,0.0,0.0,0.0,-0.007114780135452747,0.015271253883838654,0.9350510835647583,0.3541126549243927
13.745497465133667,-1.4974940026461427,1.2727646639751502,-138.97697360851097,0.0390625,0.109375,1.0048828125,0.6103515625,-2.01416015625,27.64892578125,0.0,0.0,0.0,-0.0058231111615896225,0.01612992212176323,0.9364132285118103,0.35047996044158936
13.765401363372803,-1.6567714527699013,1.1336871781565871,-139.52297893076178,0.07470703125,0.0751953125,1.03076171875,-0.67138671875,2.13623046875,25.69580078125,0.0,0.0,0.0,-0.004280318971723318,0.01698625087738037,0.9380673170089722,0.3460100591182709
13.786247730255127,-1.6279132631963629,0.9877363875988754,-140.0351611562427,0.01806640625,0.0244140625,1.0595703125,1.77001953125,-2.38037109375,24.7802734375,0.0,0.0,0.0,-0.0032454098109155893,0.01629529520869255,0.9396259784698486,0.341799795627594
13.805760860443115,-1.941677852958174,1.0109749323110802,-140.56348994892153,-0.0234375,0.13427734375,0.96923828125,5.31005859375,2.3193359375,26.2451171875,0.0,0.0,0.0,-0.0025873607955873013,0.018925564363598824,0.94114089012146,0.3374742865562439
13.825698375701904,-2.2786629514639127,1.003201536705371,-141.0369586621868,-0.025390625,0.24072265625,1.009765625,8.30078125,-3.11279296875,22.216796875,0.0,0.0,0.0,-0.0016205975553020835,0.021663755178451538,0.9424685835838318,0.3335883319377899
13.847551107406616,-2.5855664027610343,1.016138982210433,-141.44488488017666,-0.01953125,0.32373046875,0.96435546875,3.0517578125,4.2724609375,19.04296875,0.0,0.0,0.0,-0.0009198103216476738,0.024222329258918762,0.9435869455337524,0.33023661375045776
13.86582612991333,-2.8407311710953094,1.107572056586749,-141.78470045176314,-0.072265625,0.30859375,0.98095703125,3.7841796875,4.57763671875,14.7705078125,0.0,0.0,0.0,-0.0010162587277591228,0.02658364549279213,0.9444923400878906,0.32745468616485596
13.885823011398315,-3.105936104066092,1.145235854104315,-141.99098582507585,-0.04931640625,0.30810546875,1.0224609375,2.86865234375,1.28173828125,6.65283203125,0.0,0.0,0.0,-0.0006208658451214433,0.028875848278403282,0.9450103044509888,0.3257628083229065
13.905722618103027,-3.298130583677669,1.198596600273334,-142.04524484784244,-0.06494140625,0.34716796875,1.037109375,0.244140625,1.5869140625,-0.732421875,0.0,0.0,0.0,-0.0005291052511893213,0.03061198629438877,0.945105791091919,0.32532697916030884
13.925629615783691,-3.5055437919770926,1.223874169896199,-142.0096049207533,-0.10009765625,0.32861328125,1.02392578125,3.11279296875,-1.708984375,-3.90625,0.0,0.0,0.0,-0.00013869331451132894,0.03239427134394646,0.9449431896209717,0.325626939535141
13.94570541381836,-3.7246268053603058,1.1954618636094154,-141.90261683759422,-0.08984375,0.32177734375,0.998046875,3.662109375,-6.9580078125,-6.103515625,0.0,0.0,0.0,0.0007500526262447238,0.03411954641342163,0.9445802569389343,0.3265020251274109
13.965481996536255,-3.943725186669152,1.1769816128711823,-141.76862218645692,-0.05517578125,0.32666015625,1.01904296875,3.35693359375,-0.42724609375,-7.38525390625,0.0,0.0,0.0,0.0015686224214732647,0.03587115556001663,0.9441342353820801,0.3275994062423706
13.98766803741455,-4.260178523086421,1.2668433168515723,-141.6193005908221,-0.0625,0.3173828125,0.9912109375,2.62451171875,-1.15966796875,-5.859375,0.0,0.0,0.0,0.001783281797543168,0.03873234987258911,0.9435864090919495,0.3288484513759613
14.00556230545044,-4.354483798730433,1.3019566790443733,-141.5538400578167,-0.08154296875,0.32080078125,0.8955078125,-2.99072265625,-0.18310546875,-3.23486328125,0.0,0.0,0.0,0.0017873240867629647,0.03960838168859482,0.9433591365814209,0.329395592212677
14.025721549987793,-4.4803693077756455,1.3566576363945955,-141.50982631880512,-0.0439453125,0.3095703125,0.95703125,-4.2724609375,6.9580078125,-1.0986328125,0.0,0.0,0.0,0.0017144199227914214,0.04080086946487427,0.9431771039962769,0.3297715485095978
14.046562910079956,-4.684119400245827,1.401451084188597,-141.55672239764644,-0.09130859375,0.30419921875,1.0419921875,-0.3662109375,-2.9296875,4.150390625,0.0,0.0,0.0,0.0019145527621731162,0.042607154697179794,0.9432282447814941,0.329395592212677
14.066024780273438,-4.853138834560139,1.3916157185054843,-141.636130176937,-0.0498046875,0.3017578125,1.11474609375,2.25830078125,-3.47900390625,5.79833984375,0.0,0.0,0.0,0.0024509092327207327,0.043971866369247437,0.9433946013450623,0.3287356197834015
14.085990905761719,-5.051564367685472,1.327095297006311,-141.8295338134751,-0.0322265625,0.2880859375,0.9697265625,-1.28173828125,-0.1220703125,11.8408203125,0.0,0.0,0.0,0.0034748052712529898,0.04542676731944084,0.9438849687576294,0.32711708545684814
14.105715990066528,-5.204965293802081,1.3761579331966878,-142.14108606227606,-0.03564453125,0.2646484375,1.03076171875,-1.40380859375,-0.8544921875,18.4326171875,0.0,0.0,0.0,0.003381130751222372,0.04683927819132805,0.9446980953216553,0.3245617151260376
14.123956680297852,-5.46705203197334,1.358056864679096,-142.71616066963446,-0.01611328125,0.234375,1.08203125,2.25830078125,-2.74658203125,27.099609375,0.0,0.0,0.0,0.004027003422379494,0.04896954074501991,0.9462094902992249,0.31980207562446594
14.145574808120728,-5.638955940551514,1.3683346985543785,-143.1866104392866,0.01904296875,0.244140625,1.00048828125,1.77001953125,4.82177734375,32.71484375,0.0,0.0,0.0,0.004214830696582794,0.05043524503707886,0.9474375247955322,0.31591254472732544
14.165932178497314,-5.879264193667365,1.1361266229073395,-143.86372807284496,-0.11572265625,0.27001953125,0.94921875,3.84521484375,-19.775390625,36.7431640625,0.0,0.0,0.0,0.006491648033261299,0.05182335525751114,0.9492329955101013,0.3102078437805176
14.186128854751587,-6.1343858464325045,0.9207621139186691,-144.61319107009214,0.06689453125,0.31640625,1.03125,-5.4931640625,7.080078125,27.099609375,0.0,0.0,0.0,0.00861749891191721,0.05341288447380066,0.9511703252792358,0.30388790369033813
14.209671020507812,-6.135133752146621,0.7398277347623867,-145.3227657625864,-0.05517578125,0.2861328125,0.8515625,-10.80322265625,-4.638671875,29.60205078125,0.0,0.0,0.0,0.009793718345463276,0.05300214886665344,0.9530696272850037,0.29791492223739624
14.225853204727173,-6.245590717630421,0.5675183370630967,-145.76171469978647,-0.01416015625,0.23779296875,1.0390625,0.79345703125,-7.6904296875,32.77587890625,0.0,0.0,0.0,0.011309304274618626,0.05351751670241356,0.9541844725608826,0.2941768169403076
14.245735168457031,-6.531547686290406,0.4434675875836789,-146.40330168928244,-0.00048828125,0.2578125,1.12158203125,7.2021484375,0.30517578125,32.28759765625,0.0,0.0,0.0,0.012764954008162022,0.0556529238820076,0.9557023048400879,0.28874388337135315
14.267142295837402,-6.799034542774208,0.40317350022499693,-147.0015716190622,-0.046875,0.30322265625,1.00927734375,3.662109375,-0.91552734375,26.91650390625,0.0,0.0,0.0,0.01347311306744814,0.057853393256664276,0.9570711851119995,0.28370076417922974
14.28322982788086,-6.876704465807831,0.3951603009463968,-147.36626273960584,-0.06640625,0.31884765625,0.916015625,-5.67626953125,2.197265625,22.88818359375,0.0,0.0,0.0,0.013546142727136612,0.058525677770376205,0.9579312801361084,0.2806404232978821
14.305850505828857,-6.992213209956501,0.5632170787941341,-147.74104887974278,-0.099609375,0.27880859375,1.05908203125,-0.6103515625,5.9814453125,15.80810546875,0.0,0.0,0.0,0.01222806517034769,0.05994246155023575,0.9587537050247192,0.2775765061378479
14.325940608978271,-7.0282561182066585,0.8414883237297095,-147.9964023320529,-0.1796875,0.17919921875,0.955078125,-7.14111328125,7.87353515625,6.34765625,0.0,0.0,0.0,0.00985098909586668,0.06093858554959297,0.9592957496643066,0.2755744755268097
14.345645189285278,-7.029119283363019,1.0370298628388575,-148.01536293718885,-0.1220703125,0.1767578125,1.00732421875,-3.84521484375,4.45556640625,-0.3662109375,0.0,0.0,0.0,0.008205508813261986,0.06141585856676102,0.9592985510826111,0.2755123972892761
14.365614175796509,-6.935066297831474,1.2140235430091597,-147.9843265576003,-0.109375,0.10302734375,1.03515625,-8.11767578125,-5.18798828125,-4.82177734375,0.0,0.0,0.0,0.00651366263628006,0.061050571501255035,0.9592336416244507,0.27586451172828674
14.385602951049805,-6.757989801617485,1.3669933134344114,-147.87195628537526,-0.072265625,0.06494140625,0.99462890625,-6.103515625,-2.9296875,-7.26318359375,0.0,0.0,0.0,0.004865056835114956,0.05993007495999336,0.9590197205543518,0.27688637375831604
14.40591812133789,-6.304902372835519,1.4454148774418534,-147.57328577334894,-0.01953125,-0.025390625,1.0068359375,-10.80322265625,-0.30517578125,-15.93017578125,0.0,0.0,0.0,0.003260304918512702,0.05631803721189499,0.9585056304931641,0.2794363498687744
14.426198482513428,-6.024999513101104,1.5739286219353457,-147.28338522421691,-0.0283203125,-0.046875,1.0390625,-7.4462890625,7.14111328125,-22.52197265625,0.0,0.0,0.0,0.0016395533457398415,0.05428457632660866,0.9578995108604431,0.2819201946258545
14.4472975730896,-5.619477521699107,1.8400986392915095,-146.56890645589857,-0.08056640625,-0.06201171875,1.01025390625,-3.90625,4.8828125,-33.50830078125,0.0,0.0,0.0,-0.0012630067067220807,0.05155496671795845,0.9562433958053589,0.2879914343357086
14.466492891311646,-5.34332187449809,1.9518371190183332,-145.78200036162139,-0.1005859375,-0.1064453125,0.9462890625,-5.18798828125,-5.615234375,-43.212890625,0.0,0.0,0.0,-0.0025498145259916782,0.049548424780368805,0.9543359279632568,0.2945869266986847
14.482394933700562,-5.077590803517805,1.9526191756782996,-145.06786310276155,-0.08349609375,-0.21337890625,0.919921875,-6.2255859375,-7.62939453125,-48.095703125,0.0,0.0,0.0,-0.002944385167211294,0.04735651612281799,0.9525936841964722,0.3005228638648987
14.500824689865112,-4.719527954676819,1.909289309357385,-144.0655465024405,-0.041015625,-0.26025390625,1.00537109375,-5.4931640625,-8.4228515625,-48.4619140625,0.0,0.0,0.0,-0.0031356739345937967,0.04429572820663452,0.9500829577445984,0.3088212013244629
14.527240753173828,-4.451035352837733,1.7485411274062523,-143.17564115547955,0.00341796875,-0.32763671875,1.0419921875,-1.77001953125,-9.765625,-39.48974609375,0.0,0.0,0.0,-0.0022023424971848726,0.04165637120604515,0.9477957487106323,0.31613796949386597
14.545789241790771,-4.196334183593373,1.63115706944359,-142.4878820871943,0.06103515625,-0.31884765625,1.04150390625,-2.9296875,-6.04248046875,-30.3955078125,0.0,0.0,0.0,-0.0016981965163722634,0.03923774138092995,0.945997953414917,0.32178500294685364
14.565653800964355,-3.960763947327395,1.5543149866817136,-141.9371502740378,0.0849609375,-0.27001953125,1.0205078125,-1.40380859375,-2.5634765625,-25.390625,0.0,0.0,0.0,-0.0015468531055375934,0.0370856374502182,0.9445355534553528,0.32630518078804016
14.585541725158691,-3.721203173038837,1.5146862291172996,-141.465990164712,0.0556640625,-0.25732421875,0.97265625,-2.25830078125,-1.03759765625,-22.3388671875,0.0,0.0,0.0,-0.0017583278240635991,0.03500591963529587,0.9432694315910339,0.33017316460609436
14.604199171066284,-3.451686256267661,1.527299774245315,-140.93294854150585,0.00390625,-0.2314453125,0.974609375,-0.30517578125,1.0986328125,-20.5078125,0.0,0.0,0.0,-0.0024860352277755737,0.032835450023412704,0.9418006539344788,0.33455538749694824
14.62578535079956,-3.3232366515193434,1.533865080141578,-140.63621780320383,-0.03955078125,-0.21826171875,0.9921875,1.77001953125,-1.3427734375,-19.47021484375,0.0,0.0,0.0,-0.0028326723258942366,0.031806305050849915,0.9409660696983337,0.3369913697242737
14.645944356918335,-3.144974904040946,1.5543436948205687,-140.28831528764005,-0.044921875,-0.18896484375,0.99267578125,1.5869140625,-1.15966796875,-15.68603515625,0.0,0.0,0.0,-0.0034327940084040165,0.030413134023547173,0.939983069896698,0.33984580636024475
14.661688089370728,-2.9712375165574474,1.5559052468195629,-140.01229368290151,-0.01416015625,-0.16064453125,1.009765625,0.91552734375,-0.3662109375,-12.451171875,0.0,0.0,0.0,-0.0038910110015422106,0.029002029448747635,0.9392064809799194,0.3421037793159485
14.685864686965942,-2.665359233966062,1.5788300297167703,-139.80910921547198,-0.03662109375,-0.2705078125,0.95263671875,-7.9345703125,2.3193359375,-7.4462890625,0.0,0.0,0.0,-0.004945015534758568,0.02657203935086727,0.9386683702468872,0.34376052021980286
14.705650568008423,-2.395842317194886,1.54333641808627,-139.70735305721712,-0.0185546875,-0.39501953125,1.06591796875,-0.67138671875,-4.150390625,-2.86865234375,0.0,0.0,0.0,-0.005441154818981886,0.024262776598334312,0.9384288191795349,0.3445766270160675
14.72663950920105,-2.1942509913892523,1.526180476995079,-139.71350022747012,0.00244140625,-0.3564453125,0.99951171875,-3.7841796875,2.50244140625,2.50244140625,0.0,0.0,0.0,-0.005908010061830282,0.022560007870197296,0.9384914636611938,0.34451428055763245
14.745842933654785,-1.9863007594663367,1.531073987370276,-139.8220592541383,-0.06298828125,-0.35205078125,1.0078125,-0.06103515625,-4.21142578125,7.38525390625,0.0,0.0,0.0,-0.006593049969524145,0.020865341648459435,0.9388559460639954,0.3436141908168793
14.765824317932129,-1.9552803881336658,1.4482900669173113,-139.98356590725243,0.00244140625,-0.2275390625,1.05078125,14.09912109375,-5.859375,7.568359375,0.0,0.0,0.0,-0.0060363877564668655,0.020354770123958588,0.9393579363822937,0.34228047728538513
14.785966634750366,-2.1152679644876944,1.2455589532939317,-140.11040252013956,0.0380859375,0.06591796875,0.8564453125,-7.080078125,3.662109375,6.9580078125,0.0,0.0,0.0,-0.003919698763638735,0.021057093515992165,0.9397376179695129,0.3412250578403473
14.800699710845947,-1.7493481569453715,1.1996018120200893,-140.25536645508393,-0.044921875,-0.31005859375,0.9814453125,-4.33349609375,-11.5966796875,8.6669921875,0.0,0.0,0.0,-0.0046550072729587555,0.0179135762155056,0.9402370452880859,0.34001731872558594
14.82566237449646,-1.7979252093744427,1.0792184472381452,-140.49557054781494,-0.01806640625,0.03515625,1.140625,9.6435546875,-3.96728515625,12.6953125,0.0,0.0,0.0,-0.0035606243181973696,0.017947841435670853,0.9409554600715637,0.3380357325077057
14.845841884613037,-1.4011986873544238,1.197375277072371,-140.84158793116777,-0.0322265625,-0.29345703125,0.845703125,-8.6669921875,-6.28662109375,16.29638671875,0.0,0.0,0.0,-0.0057466644793748856,0.015021088533103466,0.9420144557952881,0.335186630487442
14.866809129714966,-0.9794829577605612,1.1246189280946315,-141.17800206854758,-0.0126953125,-0.353515625,0.978515625,-18.61572265625,7.01904296875,22.216796875,0.0,0.0,0.0,-0.006415259558707476,0.011322745122015476,0.9430510997772217,0.33239319920539856
14.887141942977905,-0.662994616623796,1.1085744935691542,-141.69454195471897,-0.0234375,-0.3359375,1.02880859375,-2.99072265625,-3.5400390625,28.01513671875,0.0,0.0,0.0,-0.00724022975191474,0.008639038540422916,0.9445690512657166,0.3281194865703583
14.900982856750488,-0.41004296298273724,1.2413482483923246,-142.36582660672616,0.00048828125,-0.34033203125,1.01171875,-4.7607421875,1.220703125,31.55517578125,0.0,0.0,0.0,-0.00909945648163557,0.006880853790789843,0.946479082107544,0.3225637376308441
14.926000595092773,-0.21119637270745684,1.1184808291866115,-143.22346614004798,-0.00146484375,-0.35888671875,1.06005859375,0.18310546875,-9.27734375,33.0810546875,0.0,0.0,0.0,-0.00868068728595972,0.004827816504985094,0.9488881230354309,0.3154562711715698
14.945908308029175,-0.14346254730699076,1.0231773854284252,-143.78641033144044,0.0380859375,-0.3203125,0.99267578125,3.5400390625,-4.2724609375,39.4287109375,0.0,0.0,0.0,-0.008097542449831963,0.0039648693054914474,0.9504367709159851,0.3107871115207672
14.965585947036743,-0.002104825512381244,0.8277355243924772,-144.56893144427045,0.06591796875,-0.259765625,0.9326171875,-2.50244140625,-1.953125,43.27392578125,0.0,0.0,0.0,-0.0068751671351492405,0.0022154818288981915,0.9525541663169861,0.3042835593223572
14.985627174377441,0.22451037241115543,0.6584358922396356,-145.43688456323898,0.044921875,-0.2373046875,0.91259765625,-2.3193359375,-8.4228515625,44.921875,0.0,0.0,0.0,-0.006068515591323376,-0.00016382541798520833,0.9548422694206238,0.2970513701438904
15.005680561065674,0.5531276087295559,0.4898956383842819,-146.3701889321862,0.05029296875,-0.27197265625,0.99658203125,-5.4931640625,-8.72802734375,46.2646484375,0.0,0.0,0.0,-0.005488624330610037,-0.003383808536455035,0.9572303891181946,0.28925520181655884
15.025745630264282,0.7239174494210767,0.29347956825710786,-147.29226447013792,0.12548828125,-0.24609375,1.08984375,1.708984375,-10.009765625,44.00634765625,0.0,0.0,0.0,-0.004236179403960705,-0.00534060737118125,0.9595232605934143,0.2815469205379486
15.045572757720947,0.914988362914187,0.06792773873987097,-148.2583537471012,0.07470703125,-0.1982421875,0.97021484375,-5.126953125,-10.31494140625,46.0205078125,0.0,0.0,0.0,-0.002753736451268196,-0.007518220227211714,0.961851179599762,0.2734561264514923
15.066412448883057,1.099790763574812,-0.2628573489282813,-149.4646744375522,0.111328125,-0.208984375,0.9736328125,4.82177734375,-9.521484375,50.59814453125,0.0,0.0,0.0,-0.0003144465445075184,-0.009862598031759262,0.9646534323692322,0.26333698630332947
15.085663795471191,1.188416630202253,-0.3799095557468162,-150.2205714729975,0.130859375,-0.18115234375,0.98828125,1.28173828125,-4.0283203125,49.01123046875,0.0,0.0,0.0,0.0005390016012825072,-0.010874283500015736,0.966356098651886,0.2569773495197296
15.105769157409668,1.2928776500901338,-0.4913405969197098,-151.25718928333035,0.12060546875,-0.17822265625,1.046875,0.1220703125,-7.32421875,51.20849609375,0.0,0.0,0.0,0.0013530008727684617,-0.011993270367383957,0.9686245918273926,0.2482353001832962
15.125730037689209,1.4438517246172724,-0.6414714632494694,-152.3475060409178,0.04345703125,-0.16162109375,1.02880859375,2.3193359375,-6.9580078125,56.21337890625,0.0,0.0,0.0,0.0024242387153208256,-0.013572043739259243,0.9709157943725586,0.23902414739131927
15.14641809463501,1.517035387304961,-0.777881600114584,-153.4883388776067,0.0830078125,-0.1494140625,1.0576171875,6.77490234375,-5.126953125,57.4951171875,0.0,0.0,0.0,0.0035713459365069866,-0.01444163080304861,0.9732276797294617,0.2293616533279419
15.165780782699585,1.5690630726470636,-0.9191954392777975,-154.66198394306832,0.103515625,-0.10498046875,0.97705078125,3.60107421875,1.28173828125,60.1806640625,0.0,0.0,0.0,0.004822517279535532,-0.015117517672479153,0.9755063652992249,0.21939799189567566
15.18679690361023,1.6696528693794281,-1.0741757399182659,-155.89203271069593,0.0654296875,-0.08984375,0.9326171875,1.40380859375,-6.04248046875,62.07275390625,0.0,0.0,0.0,0.0061236037872731686,-0.0162054356187582,0.9777759909629822,0.2089354246854782
15.20159363746643,1.929310728248808,-1.3049949392862652,-157.50921660047985,0.09716796875,-0.0888671875,0.93310546875,-0.54931640625,0.0,65.00244140625,0.0,0.0,0.0,0.007884837687015533,-0.018731791526079178,0.9805609583854675,0.1951591670513153
15.229278564453125,2.028915376915104,-1.2952055706583445,-158.82329035527695,0.189453125,-0.08154296875,1.08935546875,0.732421875,6.4697265625,66.40625,0.0,0.0,0.0,0.007855306379497051,-0.01947866566479206,0.9827190637588501,0.18390779197216034
15.245637655258179,2.0362215448929017,-1.3993309507815426,-159.85601495778286,0.0458984375,-0.1123046875,1.08349609375,10.986328125,-6.8359375,69.76318359375,0.0,0.0,0.0,0.008913862518966198,-0.019628528505563736,0.9843220710754395,0.1750584989786148
15.260884284973145,2.058708448631288,-1.530407830482788,-161.27221370105,0.03564453125,-0.04052734375,0.931640625,4.69970703125,-8.11767578125,71.10595703125,0.0,0.0,0.0,0.010252184234559536,-0.0198962464928627,0.986388623714447,0.1629001796245575
15.285953521728516,1.9737677892261862,-1.7812671250407222,-162.73798595731307,0.05322265625,0.0,0.91748046875,-5.92041015625,-11.1083984375,74.52392578125,0.0,0.0,0.0,0.012781123630702496,-0.019358741119503975,0.9883691072463989,0.15029467642307281
15.305899620056152,2.151269891602831,-2.1823506674209745,-164.6863930407076,0.08642578125,-0.05517578125,1.0498046875,-1.77001953125,-7.26318359375,80.13916015625,0.0,0.0,0.0,0.016369586810469627,-0.021138401702046394,0.9906820058822632,0.13354571163654327
15.328270196914673,2.1864442986113395,-2.412068712228721,-166.31908145990744,0.0849609375,-0.0654296875,1.03857421875,10.68115234375,-8.30078125,82.82470703125,0.0,0.0,0.0,0.01862216368317604,-0.02144559472799301,0.9924331903457642,0.11945575475692749
15.345700740814209,2.160241985407878,-2.6816246891442126,-167.56932026672158,0.09521484375,-0.02001953125,0.97265625,4.94384765625,-9.09423828125,82.70263671875,0.0,0.0,0.0,0.021217476576566696,-0.021267520263791084,0.9936254620552063,0.10865507274866104
15.365554332733154,2.102715784340503,-2.964151622180382,-169.21857872484787,0.1708984375,0.005859375,1.048828125,2.685546875,-9.94873046875,82.21435546875,0.0,0.0,0.0,0.02402227185666561,-0.02069081738591194,0.995032012462616,0.09437211602926254
15.38585376739502,2.1021872984534737,-3.2018874553000773,-170.89431099619716,0.19873046875,0.00048828125,1.015625,2.01416015625,-2.86865234375,83.92333984375,0.0,0.0,0.0,0.026389703154563904,-0.0204963069409132,0.9962471723556519,0.079845130443573
15.40574026107788,2.089096814022321,-3.3209175888527125,-172.61080583651307,0.20068359375,0.001953125,0.98828125,2.685546875,0.67138671875,86.60888671875,0.0,0.0,0.0,0.02773718722164631,-0.020051149651408195,0.9973028898239136,0.06492757797241211
15.42572021484375,2.0849274104208515,-3.5422831660791796,-174.35324173529668,0.11181640625,0.02392578125,0.95556640625,0.1220703125,-12.3291015625,87.46337890625,0.0,0.0,0.0,0.029968971386551857,-0.019684813916683197,0.9981160163879395,0.04978731647133827
15.445541143417358,2.078323044380272,-3.872535405610578,-176.10502133286485,0.189453125,0.001953125,0.9951171875,-0.42724609375,-3.173828125,87.890625,0.0,0.0,0.0,0.033146779984235764,-0.0192630123347044,0.9986666440963745,0.03457098826766014
15.461857080459595,2.099084685022995,-3.9525677203233793,-177.84882326948247,0.2646484375,0.0009765625,1.10888671875,6.53076171875,-2.3193359375,87.0361328125,0.0,0.0,0.0,0.03413033112883568,-0.018950067460536957,0.9990495443344116,0.01938873715698719
15.485634565353394,2.0048961629251076,-4.284955888074288,-179.56825509114148,0.1630859375,0.00927734375,0.93408203125,4.39453125,-10.68115234375,85.26611328125,0.0,0.0,0.0,0.03731272742152214,-0.017623605206608772,0.9991384148597717,0.004418515600264072
15.505731105804443,2.092666441637299,-4.490019084412404,178.71364816181116,0.20458984375,0.06884765625,0.8271484375,-7.26318359375,-3.35693359375,86.5478515625,0.0,0.0,0.0,0.039368610829114914,-0.017806127667427063,0.9990109205245972,-0.010499515570700169
15.520749568939209,2.3702796938958786,-4.517396617039931,177.02480192725545,0.20458984375,-0.001953125,0.94189453125,-10.6201171875,6.7138671875,81.97021484375,0.0,0.0,0.0,0.039926327764987946,-0.019637156277894974,0.9986938238143921,-0.025119952857494354
15.545676708221436,2.492616279337035,-4.521933570196111,175.50881412021445,0.12939453125,-0.044921875,1.1083984375,2.685546875,1.64794921875,70.4345703125,0.0,0.0,0.0,0.04026303440332413,-0.0201713964343071,0.9982516169548035,-0.03828581050038338
15.565792560577393,2.336021812896622,-4.53743383074381,174.26300127598248,0.1015625,0.00537109375,1.09912109375,4.57763671875,2.685546875,57.18994140625,0.0,0.0,0.0,0.04054772108793259,-0.01836208812892437,0.9977972507476807,-0.04918830469250679
15.586160659790039,2.2135520387666503,-4.4124960104459365,173.36511826807092,0.119140625,0.0517578125,1.06494140625,1.03759765625,8.6669921875,40.283203125,0.0,0.0,0.0,0.039542026817798615,-0.017041705548763275,0.9974411725997925,-0.057071931660175323
15.605814933776855,2.086986925899022,-4.158118848300329,172.72519784473243,0.0126953125,0.01611328125,1.001953125,3.2958984375,7.26318359375,27.64892578125,0.0,0.0,0.0,0.037353988736867905,-0.015861544758081436,0.9972051382064819,-0.0627303496003151
15.625853776931763,1.928957692846083,-3.877377155958471,172.38479487687735,0.00048828125,0.04052734375,0.98291015625,0.91552734375,6.7138671875,11.23046875,0.0,0.0,0.0,0.03486772999167442,-0.014539554715156555,0.9971181750297546,-0.06579077243804932
15.64555549621582,1.7846929985180124,-3.57801786204304,172.35864891273454,-0.041015625,0.064453125,1.01904296875,-0.06103515625,5.9814453125,-3.2958984375,0.0,0.0,0.0,0.032183095812797546,-0.013451571576297283,0.9972026348114014,-0.06610831618309021
15.666182041168213,1.6477130211048778,-3.2855367820652233,172.58591662717754,-0.08642578125,0.03271484375,0.9892578125,3.84521484375,6.103515625,-15.44189453125,0.0,0.0,0.0,0.02953410893678665,-0.01248920988291502,0.9974210858345032,-0.06421034783124924
15.686018943786621,1.3591632486029324,-2.87380550837745,173.11878066546524,-0.00927734375,0.072265625,1.02783203125,5.126953125,17.333984375,-32.2265625,0.0,0.0,0.0,0.02574067749083042,-0.010330751538276672,0.9978312849998474,-0.059693921357393265
15.705637216567993,1.0854332790526222,-2.6573207416431917,173.93351295042106,-0.17236328125,0.13671875,1.01708984375,6.53076171875,-8.97216796875,-42.54150390625,0.0,0.0,0.0,0.02365497685968876,-0.008229320868849754,0.998297393321991,-0.052679482847452164
15.725780487060547,0.814972995763191,-2.74572430695749,174.79164425736312,-0.1240234375,0.111328125,0.94970703125,4.21142578125,-7.9345703125,-42.6025390625,0.0,0.0,0.0,0.02425636723637581,-0.006013982929289341,0.9986630082130432,-0.04525139927864075
15.746708154678345,0.6114425899243612,-2.6629567149255102,175.61399903343263,-0.056640625,0.1435546875,0.92236328125,-2.8076171875,0.732421875,-38.9404296875,0.0,0.0,0.0,0.023423364385962486,-0.004441316705197096,0.9989883303642273,-0.03813101723790169
15.765875816345215,0.6132369019636646,-2.53868035576007,176.2747925148747,-0.10986328125,0.1083984375,0.9267578125,-10.43701171875,-3.11279296875,-28.62548828125,0.0,0.0,0.0,0.022314226254820824,-0.004627329763025045,0.9992160201072693,-0.03237598016858101
15.781011819839478,0.6382572189147436,-2.4839353223453604,176.6524336740847,-0.0419921875,0.07080078125,1.00732421875,-5.92041015625,3.173828125,-13.97705078125,0.0,0.0,0.0,0.02182779088616371,-0.004933047108352184,0.9993266463279724,-0.029080858454108238
15.80594277381897,0.3973126643085971,-2.332951642864701,176.8151287801144,-0.0615234375,0.087890625,1.12158203125,8.23974609375,-8.544921875,-6.2255859375,0.0,0.0,0.0,0.02044578455388546,-0.0028994190506637096,0.999402642250061,-0.027713222429156303
15.820711135864258,0.1622020917696331,-2.3722399581876723,176.8717100671988,-0.06982421875,0.14794921875,1.06640625,4.69970703125,-4.0283203125,-1.0986328125,0.0,0.0,0.0,0.020731113851070404,-0.000849613337777555,0.9994130730628967,-0.02726098708808422
15.845721006393433,-0.06992008624446518,-2.2940234065770366,176.94426033656268,0.03857421875,0.1513671875,1.05859375,3.11279296875,3.72314453125,-4.21142578125,0.0,0.0,0.0,0.019994406029582024,0.001143567729741335,0.9994437098503113,-0.026670100167393684
15.866542339324951,-0.29358535614796377,-2.1728558507010103,177.04758743832662,-0.09130859375,0.11962890625,0.94873046875,3.5400390625,-4.8828125,-3.7841796875,0.0,0.0,0.0,0.018888263031840324,0.0030491601210087538,0.9994838833808899,-0.02580566704273224
15.885615825653076,-0.4457630113924792,-2.1297464714242405,177.1182935566146,-0.05712890625,0.1201171875,0.97509765625,2.13623046875,-2.62451171875,-4.94384765625,0.0,0.0,0.0,0.018480658531188965,0.004355408251285553,0.9995018243789673,-0.025212764739990234
15.905830144882202,-0.6475831485353085,-2.0425823720008878,177.22864209284532,-0.0107421875,0.12939453125,1.01171875,0.67138671875,0.79345703125,-5.18798828125,0.0,0.0,0.0,0.01768181473016739,0.006079666782170534,0.9995303750038147,-0.024278825148940086
15.925644636154175,-0.822845642555277,-1.8740122360679154,177.32972889256152,-0.03662109375,0.10107421875,1.0703125,0.91552734375,4.08935546875,-3.84521484375,0.0,0.0,0.0,0.016180962324142456,0.007558736950159073,0.9995663166046143,-0.023414108902215958
15.945586681365967,-0.9749767404556453,-1.731455089032348,177.38755327407483,-0.09130859375,0.09033203125,0.9169921875,1.89208984375,-3.84521484375,-1.52587890625,0.0,0.0,0.0,0.01491081714630127,0.00884940754622221,0.9995869994163513,-0.022921038791537285
15.965762615203857,-1.173578684560635,-1.6038613923643976,177.44086973073595,0.0029296875,0.1083984375,0.9970703125,2.62451171875,6.7138671875,-3.7841796875,0.0,0.0,0.0,0.013762976974248886,0.010550192557275295,0.9995971322059631,-0.022470766678452492
15.985908031463623,-1.4162203010516916,-1.430638616946177,177.51526415117573,-0.04150390625,0.1123046875,1.1240234375,2.685546875,0.30517578125,-3.2958984375,0.0,0.0,0.0,0.012212531641125679,0.012625331059098244,0.9996073246002197,-0.021832598373293877
16.005552530288696,-1.6142406118601724,-1.4318955851968709,177.5780199292698,-0.07373046875,0.09716796875,0.96044921875,3.5400390625,-6.8359375,-2.685546875,0.0,0.0,0.0,0.012193607166409492,0.014346246607601643,0.9995957612991333,-0.021306438371539116
16.025548934936523,-1.8276510464159845,-1.3822153504951369,177.63707374483374,-0.00732421875,0.1171875,0.90478515625,-0.54931640625,0.30517578125,-2.38037109375,0.0,0.0,0.0,0.011728894896805286,0.016192706301808357,0.9995835423469543,-0.020807160064578056
16.045615434646606,-1.8530348041361022,-1.2327450915241647,177.65730476515532,-0.05029296875,0.12109375,0.91943359375,-8.7890625,1.52587890625,-0.06103515625,0.0,0.0,0.0,0.010423331521451473,0.0163856390863657,0.9995989799499512,-0.02061249315738678
16.065568447113037,-1.8498734937674441,-1.0343335389422892,177.6517040100359,-0.046875,0.0703125,1.0478515625,-4.08935546875,0.8544921875,0.79345703125,0.0,0.0,0.0,0.008692302741110325,0.016323376446962357,0.9996161460876465,-0.020633433014154434
16.08571720123291,-1.922294629867324,-0.7449259907301253,177.6393140468815,-0.01318359375,0.0771484375,1.005859375,-1.5869140625,10.80322265625,0.1220703125,0.0,0.0,0.0,0.006152831017971039,0.016904376447200775,0.9996237754821777,-0.0207050871104002
16.10086417198181,-2.1300040976219967,-0.4561770755251917,177.7203064300595,-0.07373046875,0.1025390625,1.05908203125,3.72314453125,2.86865234375,-8.11767578125,0.0,0.0,0.0,0.00360967218875885,0.018662072718143463,0.9996200799942017,-0.019963126629590988
16.12565779685974,-2.288554559485972,-0.22983050280521355,178.07165136096498,-0.10400390625,0.1435546875,1.03564453125,2.62451171875,2.01416015625,-22.76611328125,0.0,0.0,0.0,0.0016689245821908116,0.02000095322728157,0.9996563792228699,-0.01686384528875351
16.14564275741577,-2.4851551514424424,0.038733162349709284,178.69094461301003,-0.06591796875,0.1298828125,1.0859375,3.35693359375,6.8359375,-35.2783203125,0.0,0.0,0.0,-0.0005856307107023895,0.021680094301700592,0.9996996521949768,-0.011413429863750935
16.16714382171631,-2.679710315185905,0.40164231055129757,179.4898991609831,-0.0927734375,0.11328125,0.99853515625,3.0517578125,10.8642578125,-43.39599609375,0.0,0.0,0.0,-0.003608077997341752,0.023366779088974,0.9997109174728394,-0.004368301015347242
16.18234133720398,-2.8109848434862577,0.7706896777228249,-179.55746339225286,-0.15234375,0.1064453125,0.9765625,1.64794921875,6.53076171875,-51.45263671875,0.0,0.0,0.0,-0.0066286916844546795,0.024553239345550537,0.9996684193611145,0.004025507718324661
16.20120596885681,-2.874561311497794,1.0413362971105504,-178.46000225679356,-0.1552734375,0.08056640625,0.98291015625,0.06103515625,-2.62451171875,-56.2744140625,0.0,0.0,0.0,-0.00874650850892067,0.025201426818966866,0.9995508193969727,0.013661685399711132
16.225647926330566,-2.8401510319026815,1.2214107127616458,-177.35423561130352,-0.138671875,0.03125,1.00537109375,-0.1220703125,-2.197265625,-54.3212890625,0.0,0.0,0.0,-0.01008039154112339,0.02502043917775154,0.9993636012077332,0.02334231697022915
16.245643615722656,-2.7225684715672656,1.5078448341681798,-176.30637530959683,-0.0703125,-0.00048828125,1.01513671875,1.52587890625,5.2490234375,-51.025390625,0.0,0.0,0.0,-0.012381953187286854,0.02416619099676609,0.9991019368171692,0.032527945935726166
16.261761903762817,-2.582950226865508,1.7712422216081416,-175.34566822169953,-0.1220703125,0.0126953125,0.9306640625,-2.8076171875,-1.89208984375,-46.32568359375,0.0,0.0,0.0,-0.014524634927511215,0.023144761100411415,0.9987879991531372,0.04093851149082184
16.28649663925171,-2.413608706443147,1.8433871619334592,-174.50759035016063,-0.12890625,-0.00927734375,0.9619140625,-3.60107421875,-8.4228515625,-37.841796875,0.0,0.0,0.0,-0.01505490392446518,0.021804779767990112,0.9984845519065857,0.04823358729481697
16.30571436882019,-2.233565773695257,1.8186552603922546,-173.8764672104731,-0.0576171875,-0.03125,1.09765625,3.35693359375,-7.080078125,-27.52685546875,0.0,0.0,0.0,-0.014803535304963589,0.020307529717683792,0.9982406497001648,0.053704485297203064
16.325763940811157,-2.1373625592356276,1.7381597734763619,-173.43049683880628,0.01171875,0.001953125,1.091796875,2.3193359375,2.25830078125,-17.333984375,0.0,0.0,0.0,-0.014071624726057053,0.019487077370285988,0.9980524778366089,0.05756426975131035
16.345886707305908,-1.9899408234071303,1.7106099920157039,-173.1524125169384,-0.0625,0.00439453125,0.9609375,1.64794921875,-7.2021484375,-7.8125,0.0,0.0,0.0,-0.013861527666449547,0.018223049119114876,0.9979379177093506,0.05996399745345116
16.365997314453125,-1.88706750233616,1.7324628621000422,-173.0620081330841,-0.0458984375,0.00390625,0.908203125,1.15966796875,-3.5400390625,-4.69970703125,0.0,0.0,0.0,-0.014091985300183296,0.017349617555737495,0.9979032874107361,0.060741834342479706
16.38561773300171,-1.7106065769211187,1.8501691128924587,-172.99710767559066,-0.03125,0.02587890625,0.90380859375,-3.41796875,-1.15966796875,-2.38037109375,0.0,0.0,0.0,-0.015201589092612267,0.015883425250649452,0.997877299785614,0.061299506574869156
16.400845289230347,-1.5909516945028388,1.8211950235464416,-172.94043076585788,0.021484375,0.01416015625,0.98193359375,-4.45556640625,12.8173828125,-2.8076171875,0.0,0.0,0.0,-0.015005931258201599,0.014833487570285797,0.9978671669960022,0.061773885041475296
16.42570185661316,-1.5048160721581023,1.9147045821521473,-172.86411023207216,-0.10986328125,0.01025390625,1.08349609375,3.23486328125,-6.2255859375,-3.173828125,0.0,0.0,0.0,-0.015857253223657608,0.014144034124910831,0.997822642326355,0.06243707984685898
16.44574737548828,-1.535202623280137,1.9908033482332559,-172.78244849035548,-0.07421875,0.064453125,1.0595703125,-1.64794921875,-1.28173828125,-4.21142578125,0.0,0.0,0.0,-0.016493046656250954,0.014461550861597061,0.9977623820304871,0.0631604790687561
16.465686321258545,-1.5963224643462903,1.8811692071010309,-172.66216885907156,-0.03564453125,0.025390625,1.07275390625,0.54931640625,-4.39453125,-6.77490234375,0.0,0.0,0.0,-0.015489048324525356,0.014950010925531387,0.9977046251296997,0.06420427560806274
16.485701322555542,-1.5177225683684876,1.8067498137820992,-172.53423941591723,-0.009765625,0.013671875,0.96533203125,6.28662109375,4.2724609375,-5.67626953125,0.0,0.0,0.0,-0.014869225211441517,0.014240866526961327,0.9976533055305481,0.06529952585697174
16.50611686706543,-1.6754203238032692,1.6854370096645044,-172.42663661573283,-0.009765625,0.04248046875,0.984375,7.14111328125,1.46484375,-5.37109375,0.0,0.0,0.0,-0.01370855513960123,0.015558002516627312,0.9975880980491638,0.06624238193035126
16.525959730148315,-1.8354062993317108,1.7289340021766728,-172.32083698548934,-0.03955078125,0.0810546875,0.9267578125,-5.126953125,0.9765625,-6.28662109375,0.0,0.0,0.0,-0.0139790503308177,0.01698864810168743,0.9974977970123291,0.0671880692243576
16.545488119125366,-1.8701414397992222,1.806216205253192,-172.1818153151229,-0.03759765625,0.02685546875,1.1025390625,0.18310546875,-0.732421875,-8.1787109375,0.0,0.0,0.0,-0.014610380865633488,0.01735372468829155,0.9973992705345154,0.0684126764535904
16.566498279571533,-1.7745388550997305,1.777397716154204,-171.9679620922098,-0.01904296875,0.02587890625,1.00439453125,4.39453125,5.06591796875,-8.48388671875,0.0,0.0,0.0,-0.01438577938824892,0.01653139665722847,0.997288167476654,0.07025820761919022
16.58565855026245,-1.9266917775889312,1.8238494058126378,-171.85725838614223,-0.04345703125,0.0654296875,0.89404296875,-0.54931640625,4.45556640625,-7.568359375,0.0,0.0,0.0,-0.014679468236863613,0.017898032441735268,0.9971901178359985,0.07124697417020798
16.605685234069824,-1.9428562740334128,2.0085407091775442,-171.72596848991626,-0.076171875,0.05029296875,0.95654296875,-6.53076171875,1.52587890625,-7.568359375,0.0,0.0,0.0,-0.016255855560302734,0.01817127875983715,0.9970763921737671,0.07241679728031158
16.625800609588623,-1.8771573247372948,2.1281608003197396,-171.56824576160233,-0.1162109375,0.005859375,1.072265625,2.685546875,-6.34765625,-6.7138671875,0.0,0.0,0.0,-0.017313901335000992,0.017698442563414574,0.9969661235809326,0.07379546016454697
16.645748138427734,-1.8589134625773676,2.173880592519924,-171.4637028861661,-0.03271484375,0.03125,1.06689453125,3.72314453125,2.99072265625,-7.62939453125,0.0,0.0,0.0,-0.017707403749227524,0.01758508011698723,0.9968931674957275,0.07470802217721939
16.665640592575073,-2.038680199550695,2.129090346377096,-171.32418944217943,-0.0419921875,0.06396484375,1.0341796875,0.8544921875,-0.06103515625,-7.6904296875,0.0,0.0,0.0,-0.01717722788453102,0.019140923395752907,0.9967804551124573,0.0759429782629013
16.68573236465454,-2.0550020037894985,2.2148982263633776,-171.18945713061174,-0.0810546875,0.03466796875,0.90673828125,-2.38037109375,-6.34765625,-7.2021484375,0.0,0.0,0.0,-0.017890093848109245,0.019360313192009926,0.9966725707054138,0.07712963968515396
16.705951929092407,-1.941929289296995,2.3365927740225527,-171.04329108237349,-0.04833984375,0.02685546875,0.88916015625,-4.82177734375,-1.28173828125,-7.38525390625,0.0,0.0,0.0,-0.019001148641109467,0.018482280895113945,0.9965695738792419,0.07839947938919067
16.726500511169434,-1.7745941369433254,2.2482570837131317,-170.86342488077037,0.00439453125,0.029296875,0.958984375,-7.01904296875,8.30078125,-7.26318359375,0.0,0.0,0.0,-0.018320664763450623,0.016995839774608612,0.996487557888031,0.07992514222860336
16.7413489818573,-1.6586802771995084,2.2541026584256048,-170.7755203461523,-0.04052734375,0.01123046875,1.09326171875,-0.6103515625,2.86865234375,-5.9814453125,0.0,0.0,0.0,-0.018440065905451775,0.016006041318178177,0.9964416027069092,0.08067160844802856
16.765933752059937,-1.6145467964340594,2.304043507532857,-170.66315007392726,-0.1220703125,0.05419921875,1.06640625,-4.638671875,-8.6669921875,-5.18798828125,0.0,0.0,0.0,-0.018890056759119034,0.01567571796476841,0.9963589906692505,0.08164704591035843
16.785791397094727,-1.6609065987038152,2.334252153571354,-170.54594402776982,-0.04541015625,0.060546875,1.08935546875,-3.72314453125,-1.77001953125,-7.14111328125,0.0,0.0,0.0,-0.019103214144706726,0.01611972786486149,0.9962629675865173,0.08267711848020554
16.805755376815796,-1.657247751742804,2.316438379885726,-170.3892458278314,-0.0498046875,0.021484375,1.0224609375,0.9765625,-7.8125,-8.30078125,0.0,0.0,0.0,-0.018928976729512215,0.016101058572530746,0.9961526989936829,0.08403680473566055
16.825711250305176,-1.7337950691533122,2.2781558099180392,-170.23928219441459,-0.015625,0.02490234375,0.9716796875,7.38525390625,2.197265625,-7.50732421875,0.0,0.0,0.0,-0.018518105149269104,0.016762858256697655,0.996038019657135,0.08534849435091019
16.84556531906128,-1.923680944825425,2.123847322415465,-170.08201025858588,-0.02392578125,0.05615234375,0.982421875,4.57763671875,-1.8310546875,-8.1787109375,0.0,0.0,0.0,-0.01701020635664463,0.01832260750234127,0.9959184527397156,0.08672566711902618
16.866328716278076,-2.086541896385913,2.122036681955177,-169.92469734162214,-0.04296875,0.0888671875,0.974609375,-4.8828125,1.03759765625,-8.36181640625,0.0,0.0,0.0,-0.01684408448636532,0.019759800285100937,0.9957717061042786,0.08811663836240768
16.880913496017456,-2.073163476792562,2.2002224977145475,-169.76484359428716,-0.04345703125,0.02099609375,1.12109375,1.8310546875,-1.15966796875,-9.033203125,0.0,0.0,0.0,-0.017506321892142296,0.019727645441889763,0.9956362247467041,0.0895148292183876
16.905674934387207,-1.9794867919956025,2.158325690458866,-169.58027822253507,-0.02392578125,0.01708984375,1.00048828125,5.859375,1.708984375,-9.27734375,0.0,0.0,0.0,-0.01718500815331936,0.018908940255641937,0.9955140948295593,0.09109831601381302
16.925934314727783,-2.165449364319778,2.2608058487657376,-169.3717252264179,-0.0625,0.05029296875,0.93359375,-1.46484375,3.2958984375,-8.4228515625,0.0,0.0,0.0,-0.01788993738591671,0.020637908950448036,0.9952958822250366,0.09295292943716049
16.94612145423889,-2.1472671873057925,2.399862310408262,-169.25699170874003,-0.12353515625,0.04638671875,0.99609375,-3.35693359375,-3.0517578125,-6.77490234375,0.0,0.0,0.0,-0.01909192092716694,0.020610999315977097,0.9951788783073425,0.09396684169769287
16.966853380203247,-2.081235052844225,2.5057229854674663,-169.11754656664505,-0.0927734375,0.0087890625,1.0546875,2.62451171875,-2.685546875,-6.89697265625,0.0,0.0,0.0,-0.020040981471538544,0.020148027688264847,0.995054304599762,0.09518170356750488
16.985817909240723,-2.037248634589343,2.5065575492066774,-168.96695455582463,-0.02880859375,0.0244140625,1.09814453125,8.30078125,2.685546875,-7.62939453125,0.0,0.0,0.0,-0.02005877159535885,0.019793136045336723,0.9949358105659485,0.09648161381483078
17.00549602508545,-2.173670137316123,2.492775935008884,-168.83481771614154,-0.0458984375,0.0732421875,0.962890625,-3.41796875,4.150390625,-6.2255859375,0.0,0.0,0.0,-0.019800040870904922,0.020988933742046356,0.9948024153709412,0.09765063971281052
17.025640726089478,-2.1677201887753954,2.6202014382685226,-168.73751484122556,-0.0830078125,0.04833984375,0.86962890625,-5.79833984375,-3.7841796875,-5.126953125,0.0,0.0,0.0,-0.020893530920147896,0.021062688902020454,0.9946935176849365,0.09851276129484177
17.045645236968994,-1.9740783493900103,2.6677455313073355,-168.61836902134385,-0.03564453125,0.00732421875,0.95703125,-4.08935546875,-1.0986328125,-6.89697265625,0.0,0.0,0.0,-0.02145250514149666,0.019444629549980164,0.9946145415306091,0.09951774030923843
17.06568479537964,-1.834622962011275,2.590100581152865,-168.49060350272958,-0.0341796875,0.02978515625,0.97998046875,-1.953125,5.43212890625,-5.67626953125,0.0,0.0,0.0,-0.020879333838820457,0.018190570175647736,0.9945424199104309,0.10059113800525665
17.08564591407776,-1.7764009354222055,2.8102753575862227,-168.42056674298027,-0.1025390625,0.033203125,1.0986328125,0.9765625,-3.41796875,-3.35693359375,0.0,0.0,0.0,-0.022830521687865257,0.01789109595119953,0.9944418668746948,0.1012134850025177
17.105594635009766,-1.76562150952975,2.8201204349445614,-168.3678513429661,-0.10888671875,0.07080078125,1.033203125,-6.53076171875,-7.14111328125,-2.74658203125,0.0,0.0,0.0,-0.02291729301214218,0.017816727980971336,0.9943946003913879,0.10166992247104645
17.121483087539673,-1.7622930729698383,2.7486149710802863,-168.27087631713027,-0.05029296875,0.029296875,1.0625,-2.86865234375,-2.74658203125,-4.21142578125,0.0,0.0,0.0,-0.022284680977463722,0.017743732780218124,0.9943247437477112,0.10250268876552582
17.147077083587646,-1.679730279891253,2.8028460327599527,-168.2004707271658,-0.1083984375,0.01123046875,0.9619140625,2.13623046875,-7.14111328125,-2.01416015625,0.0,0.0,0.0,-0.022818636149168015,0.017089514061808586,0.9942620992660522,0.10310331732034683
17.165788412094116,-1.6406117588021802,2.8179110821914737,-168.1644346491048,-0.03662109375,0.0078125,0.98681640625,5.2490234375,-0.244140625,-2.685546875,0.0,0.0,0.0,-0.022979283705353737,0.01677078753709793,0.9942319393157959,0.10340970009565353
17.18102788925171,-1.7078205000699882,2.556409178967896,-168.11559879653922,-0.01953125,0.04833984375,0.9619140625,-0.79345703125,-4.94384765625,-2.74658203125,0.0,0.0,0.0,-0.020642252638936043,0.017128311097621918,0.994234561920166,0.1038186177611351
17.205935955047607,-1.8343000221295802,2.324813472468631,-168.11636377772626,-0.03076171875,0.04638671875,1.02783203125,-2.9296875,-5.2490234375,1.64794921875,0.0,0.0,0.0,-0.018518222495913506,0.018017083406448364,0.9942618608474731,0.10380687564611435
17.225764513015747,-1.7645425530842995,2.1072130370221336,-168.20205533105323,0.0224609375,0.009765625,1.06494140625,-0.42724609375,-0.244140625,5.7373046875,0.0,0.0,0.0,-0.016706079244613647,0.01720338501036167,0.994389533996582,0.10302674770355225
17.246619939804077,-1.7419131758686954,1.832060360412051,-168.37681255115717,0.0205078125,-0.00146484375,0.9736328125,5.55419921875,-4.8828125,10.92529296875,0.0,0.0,0.0,-0.014364086091518402,0.01673904061317444,0.9945935606956482,0.10147478431463242
17.268730640411377,-1.8199591861934923,1.523341359456175,-168.70960668827686,0.0361328125,0.0400390625,0.96923828125,3.0517578125,-5.06591796875,20.32470703125,0.0,0.0,0.0,-0.011665038764476776,0.017110519111156464,0.9949159622192383,0.0985570102930069
17.282991886138916,-1.9191085600629245,1.1441924359868898,-169.24897306665446,0.00927734375,0.0634765625,0.98388671875,-3.7841796875,-10.8642578125,30.8837890625,0.0,0.0,0.0,-0.008370699360966682,0.017607389017939568,0.99539715051651,0.09383151680231094
17.305710315704346,-1.9319537980141914,0.7319002863743821,-169.98350527037596,0.07666015625,0.02490234375,1.05126953125,0.8544921875,-5.31005859375,40.52734375,0.0,0.0,0.0,-0.004889983218163252,0.01735146902501583,0.996010959148407,0.08739228546619415
17.327736854553223,-2.0316143688543167,0.43317534627811594,-170.89916043050786,0.095703125,0.0419921875,1.08154296875,5.7373046875,-2.9296875,49.6826171875,0.0,0.0,0.0,-0.0023611660581082106,0.017972098663449287,0.99667888879776,0.07939014583826065
17.341596364974976,-2.1490998124374716,0.09780256595279023,-172.24730316888497,0.0693359375,0.076171875,0.93115234375,-3.96728515625,-4.57763671875,56.33544921875,0.0,0.0,0.0,0.0004164046549703926,0.01876811496913433,0.9975353479385376,0.06760755181312561
17.365721940994263,-2.141944548951648,-0.17826233444777928,-173.09438322974995,0.06640625,0.02783203125,0.908203125,-0.79345703125,-6.16455078125,56.82373046875,0.0,0.0,0.0,0.0026782213244587183,0.018563279882073402,0.9980109930038452,0.060186807066202164
17.38569974899292,-2.065539064688124,-0.4684897721646091,-174.2086739513242,0.10888671875,0.03271484375,0.9560546875,-3.11279296875,-0.67138671875,55.23681640625,0.0,0.0,0.0,0.004992980044335127,0.017794588580727577,0.9985563158988953,0.05043515935540199
17.40574026107788,-1.9661775280675982,-0.6227335329526269,-175.30158618079625,0.14794921875,0.05810546875,1.0166015625,-5.7373046875,2.74658203125,53.77197265625,0.0,0.0,0.0,0.006132247392088175,0.016919897869229317,0.9990016222000122,0.04089013859629631
17.4258029460907,-1.897011617437464,-0.8672778907360611,-176.40998927930593,0.06787109375,0.03515625,1.078125,-0.91552734375,1.28173828125,56.33544921875,0.0,0.0,0.0,0.008082115091383457,0.01630816049873829,0.9993476271629333,0.031193241477012634
17.44604468345642,-1.9103725346710667,-1.0170845365236565,-177.52052339683664,0.05126953125,0.03857421875,1.06982421875,1.708984375,-1.3427734375,54.6875,0.0,0.0,0.0,0.009232972748577595,0.016473809257149696,0.9995908141136169,0.021484050899744034
17.466010093688965,-1.9893679412904954,-1.1428268250397104,-178.58906551135013,-0.021484375,0.06298828125,0.9541015625,-3.23486328125,-8.60595703125,54.0771484375,0.0,0.0,0.0,0.010184349492192268,0.017234688624739647,0.9997259378433228,0.01213681511580944
17.485650539398193,-2.0402103753681895,-1.4011049856967477,-179.64008136045334,0.099609375,0.03076171875,1.07470703125,4.08935546875,-5.2490234375,52.6123046875,0.0,0.0,0.0,0.012280558235943317,0.017763439565896988,0.9997625350952148,0.002922424813732505
17.505743741989136,-2.063063761444229,-1.7989781257236825,179.04052735510962,0.126953125,0.05908203125,0.97119140625,-0.67138671875,0.42724609375,54.01611328125,0.0,0.0,0.0,0.0155445896089077,0.018131224438548088,0.9996773600578308,-0.00865309126675129
17.525726795196533,-2.0677699752257794,-1.9225844860202264,178.21330948435104,0.1103515625,0.03369140625,1.0185546875,2.13623046875,2.25830078125,55.419921875,0.0,0.0,0.0,0.01649087481200695,0.018300514668226242,0.9995702505111694,-0.015889087691903114
17.546112060546875,-2.103045981298191,-2.189789383757353,176.8449493860307,0.0390625,0.04443359375,0.95068359375,-0.8544921875,0.48828125,54.26025390625,0.0,0.0,0.0,0.018592780455946922,0.018867159262299538,0.9992604851722717,-0.02787039428949356
17.56583261489868,-2.1312651212975102,-2.3713012340636186,176.04614510221936,0.0537109375,0.04638671875,1.001953125,-2.62451171875,-0.9765625,53.955078125,0.0,0.0,0.0,0.020034708082675934,0.01929636485874653,0.9990047812461853,-0.03486831486225128
17.58565044403076,-2.0962855881237594,-2.3898770007285264,174.95179853302156,0.02197265625,0.0341796875,1.025390625,-3.96728515625,-6.28662109375,55.72509765625,0.0,0.0,0.0,0.02002495899796486,0.019189056009054184,0.9986286163330078,-0.044403836131095886
17.605727910995483,-1.884467761583324,-2.5143518622667194,173.83354630172875,0.07666015625,0.0185546875,0.96435546875,-0.54931640625,-1.15966796875,55.419921875,0.0,0.0,0.0,0.021021103486418724,0.01759650558233261,0.998157799243927,-0.0541265644133091
17.625756978988647,-1.8623793566943259,-2.630020262087239,172.76645218731932,0.166015625,0.01416015625,1.06787109375,5.4931640625,7.9345703125,52.24609375,0.0,0.0,0.0,0.02187558263540268,0.017662476748228073,0.997590184211731,-0.06342994421720505
17.646209239959717,-1.9449443909287325,-2.7390614574221424,171.7121988285495,0.029296875,0.0625,0.97802734375,-1.220703125,-5.615234375,52.734375,0.0,0.0,0.0,0.022608550265431404,0.018649667501449585,0.9969278573989868,-0.07263524830341339
17.665682077407837,-1.9098758518523598,-2.761665328150065,170.62103512750494,0.00146484375,0.0263671875,0.98486328125,0.0,-8.60595703125,55.908203125,0.0,0.0,0.0,0.022651590406894684,0.01857527531683445,0.9961918592453003,-0.08212076127529144
17.685964107513428,-1.6795589915534739,-3.009260752780085,169.21734929079727,0.06396484375,0.03369140625,0.955078125,-2.50244140625,-2.5634765625,56.2744140625,0.0,0.0,0.0,0.024762164801359177,0.01705337129533291,0.9950898885726929,-0.09429824352264404
17.70576000213623,-1.73434105740009,-3.088918687749005,168.36420402194932,0.0517578125,0.03857421875,0.99462890625,-1.03759765625,-2.50244140625,58.41064453125,0.0,0.0,0.0,0.025277161970734596,0.017782775685191154,0.9943324327468872,-0.10172447562217712
17.725695371627808,-1.6270397460345416,-3.011823567822721,167.193222730264,0.029296875,0.03173828125,1.00927734375,-2.86865234375,-4.94384765625,59.814453125,0.0,0.0,0.0,0.024530567228794098,0.017035333439707756,0.9932764172554016,-0.11184874922037125
17.74868130683899,-1.5401647557121512,-3.213526097645779,165.70820300091984,0.0908203125,0.02197265625,1.0087890625,-1.77001953125,-1.953125,59.38720703125,0.0,0.0,0.0,0.026148082688450813,0.016818145290017128,0.9917060136795044,-0.12471021711826324
17.765846490859985,-1.399223908910644,-3.4697967162953613,164.8217537296789,0.07373046875,0.01171875,0.98046875,-0.42724609375,-7.6904296875,58.7158203125,0.0,0.0,0.0,0.028395788744091988,0.016095802187919617,0.9906635880470276,-0.13236428797245026
17.7857563495636,-1.3379008697166828,-3.7274621876395075,163.69145304469018,0.19384765625,0.0224609375,1.041015625,2.86865234375,2.9296875,54.26025390625,0.0,0.0,0.0,0.030536388978362083,0.016163615509867668,0.989244818687439,-0.14213019609451294
17.806056022644043,-1.3635957212091534,-3.8927826476314347,162.59593168295515,0.1298828125,0.05078125,1.013671875,2.8076171875,0.48828125,55.419921875,0.0,0.0,0.0,0.031771764159202576,0.016893882304430008,0.987787127494812,-0.15159738063812256
17.825643301010132,-1.5214673263026528,-3.940342535482703,161.49191356589262,0.06982421875,0.04638671875,1.06005859375,2.8076171875,-0.42724609375,54.19921875,0.0,0.0,0.0,0.03179493173956871,0.018624480813741684,0.9862412810325623,-0.16115356981754303
17.84577775001526,-1.6646687522760228,-3.968376620044197,160.16159762124923,0.0654296875,0.0546875,1.0205078125,0.54931640625,-2.86865234375,53.16162109375,0.0,0.0,0.0,0.031601715832948685,0.020264359191060066,0.9842705130577087,-0.17263315618038177
17.865752458572388,-1.726889427737312,-4.153011147461628,159.11585467818526,0.10400390625,0.060546875,0.978515625,-2.44140625,-1.03759765625,53.28369140625,0.0,0.0,0.0,0.03290038928389549,0.021376419812440872,0.9825823903083801,-0.18163876235485077
17.88643169403076,-1.7181845650835421,-4.304082125297616,158.03713558180849,0.0546875,0.0244140625,0.9111328125,-0.244140625,-4.21142578125,54.931640625,0.0,0.0,0.0,0.03400552645325661,0.021860890090465546,0.9807790517807007,-0.19088782370090485
17.90573763847351,-1.6418006386045856,-4.224752893182504,157.19562895530623,0.02392578125,0.0126953125,0.947265625,2.99072265625,-0.67138671875,55.84716796875,0.0,0.0,0.0,0.033297955989837646,0.021320810541510582,0.9793925881385803,-0.19805772602558136
17.92750597000122,-1.7180177590574057,-4.163863891165955,155.84551912244814,0.0859375,0.046875,1.103515625,2.3193359375,3.2958984375,53.40576171875,0.0,0.0,0.0,0.03238578885793686,0.022250646725296974,0.9769971966743469,-0.20960122346878052
17.9459285736084,-1.754321388434787,-4.157385883625021,155.04660555561009,0.02392578125,0.05322265625,1.052734375,0.67138671875,-8.60595703125,54.50439453125,0.0,0.0,0.0,0.03210615739226341,0.022772768512368202,0.9755071997642517,-0.21641725301742554
17.965762853622437,-1.6959830351864158,-4.195349782579244,153.9506470617682,0.04150390625,0.01953125,0.95849609375,1.708984375,-7.14111328125,54.6875,0.0,0.0,0.0,0.032324377447366714,0.022657666355371475,0.9733914732933044,-0.2257227897644043
17.986693143844604,-1.5925661804679005,-4.447945546011948,152.5596790372951,0.09423828125,0.03759765625,0.873046875,-3.41796875,1.0986328125,56.33544921875,0.0,0.0,0.0,0.03440127521753311,0.022693688049912453,0.9705123901367188,-0.23750239610671997
18.005839824676514,-1.5799446312119516,-4.454184070045109,151.70728508925583,0.0615234375,0.04296875,0.96533203125,-3.5400390625,2.9296875,58.349609375,0.0,0.0,0.0,0.03431122377514839,0.022855520248413086,0.9687191843986511,-0.24471135437488556
18.02577018737793,-1.4292609464462442,-4.390555735284563,150.5173295320562,-0.00439453125,0.03955078125,1.013671875,-6.7138671875,-6.34765625,60.1806640625,0.0,0.0,0.0,0.0338703952729702,0.021799227222800255,0.9661779999732971,-0.2547112703323364
18.045907735824585,-1.2441957969459851,-4.296698263918009,149.3071019734,0.0693359375,0.00244140625,1.11083984375,-2.25830078125,-3.11279296875,59.326171875,0.0,0.0,0.0,0.03327672556042671,0.020383471623063087,0.9635008573532104,-0.2648458480834961
18.065950632095337,-0.9702380832755374,-4.511200781689083,148.1208073975955,0.078125,-0.13427734375,1.013671875,0.8544921875,-14.2822265625,57.6171875,0.0,0.0,0.0,0.03551951050758362,0.018943097442388535,0.9606808423995972,-0.2747216820716858
18.085752964019775,-0.7456242708510533,-4.753127362751404,146.97373176800522,0.21044921875,-0.1484375,1.017578125,4.0283203125,-5.79833984375,56.15234375,0.0,0.0,0.0,0.03790794312953949,0.018019134178757668,0.9578329920768738,-0.2842434048652649
18.10588240623474,-0.5726263580669142,-4.959121172363934,145.82243508150788,0.1767578125,-0.07177734375,0.984375,2.99072265625,-0.1220703125,57.92236328125,0.0,0.0,0.0,0.03988540172576904,0.01748480461537838,0.9548801779747009,-0.29378101229667664
18.12644624710083,-0.21428904767908422,-5.0908050851276645,144.28512342387808,0.115234375,-0.06298828125,0.95849609375,-0.48828125,-1.0986328125,59.6923828125,0.0,0.0,0.0,0.04169847443699837,0.015396783128380775,0.9508562088012695,-0.30642566084861755
18.145872831344604,0.006487776745829604,-5.152121400854162,143.365001320029,0.15478515625,-0.0556640625,0.9677734375,-2.13623046875,5.4931640625,60.72998046875,0.0,0.0,0.0,0.04268595576286316,0.014071919023990631,0.9483709931373596,-0.313962459564209
18.165845155715942,0.23609533373884908,-5.170436126226727,142.14974674214363,0.16259765625,-0.05908203125,1.01220703125,1.953125,8.056640625,61.03515625,0.0,0.0,0.0,0.0433344691991806,0.012682102620601654,0.9450086355209351,-0.32391369342803955
18.18580913543701,0.39750655096757553,-5.152339540020779,140.89680318041815,-0.0205078125,-0.05029296875,1.00439453125,3.60107421875,-10.1318359375,62.07275390625,0.0,0.0,0.0,0.04351530224084854,0.011776268482208252,0.9414346814155579,-0.3341684937477112
18.202205896377563,0.5790412930797314,-5.042563459019864,139.31580563285695,0.11669921875,-0.0146484375,1.1328125,1.40380859375,0.79345703125,63.4765625,0.0,0.0,0.0,0.043001290410757065,0.010558641515672207,0.9367914199829102,-0.3470754027366638
18.22594714164734,0.733289055931716,-5.125948115954673,138.32699914671423,0.08447265625,-0.01708984375,1.0703125,1.03759765625,-11.1083984375,65.73486328125,0.0,0.0,0.0,0.044065915048122406,0.00993114523589611,0.9337470531463623,-0.3550718426704407
18.247227907180786,0.9888791636243831,-5.253102332638215,136.60879675910581,0.08837890625,-0.03076171875,0.85693359375,3.23486328125,-4.08935546875,68.9697265625,0.0,0.0,0.0,0.04576481506228447,0.008930322714149952,0.9282965064048767,-0.3689059913158417
18.267619132995605,1.0454235249985684,-5.378271525594222,135.56327238209528,0.0810546875,0.00732421875,0.8349609375,-5.31005859375,-2.38037109375,70.25146484375,0.0,0.0,0.0,0.046877533197402954,0.009304127655923367,0.9248533248901367,-0.37730923295021057
18.286828756332397,1.2199504396614382,-5.335898739530756,133.75493881819938,0.02685546875,-0.00830078125,1.05615234375,-4.2724609375,-9.46044921875,75.439453125,0.0,0.0,0.0,0.04698202759027481,0.008498133160173893,0.9188129305839539,-0.39179527759552
18.305643320083618,1.3894670904029864,-5.291608377857808,132.5979047727992,0.10791015625,-0.03759765625,1.126953125,1.953125,-2.685546875,76.5380859375,0.0,0.0,0.0,0.04713364690542221,0.007463387679308653,0.9148369431495667,-0.40099403262138367
18.326277256011963,1.4774983036858131,-5.570996838970356,130.64824093459742,0.15576171875,-0.015625,0.98779296875,7.87353515625,-1.77001953125,76.23291015625,0.0,0.0,0.0,0.04953199625015259,0.00858475174754858,0.9077965021133423,-0.4163872301578522
18.341325044631958,1.4399380262228552,-5.718416226921327,129.51934726857772,0.1796875,0.03125,0.9677734375,2.8076171875,-4.2724609375,75.3173828125,0.0,0.0,0.0,0.050467412918806076,0.00991707295179367,0.9035971164703369,-0.4252847135066986
18.366013050079346,1.4388001593958133,-5.917955507768195,127.99316881929505,0.16259765625,0.03955078125,1.0458984375,0.0,-5.0048828125,76.416015625,0.0,0.0,0.0,0.051888931542634964,0.011360619217157364,0.8977830410003662,-0.4372231662273407
18.38594126701355,1.434841531163262,-6.095989938013278,126.44884938757683,0.18896484375,0.0107421875,1.05712890625,3.173828125,-2.3193359375,77.57568359375,0.0,0.0,0.0,0.053100183606147766,0.012789472937583923,0.8917450308799744,-0.44923004508018494
18.40074324607849,1.4556716871410968,-6.218502187382151,124.88737252066353,0.1611328125,0.03857421875,0.95654296875,-1.3427734375,-1.03759765625,78.2470703125,0.0,0.0,0.0,0.053950898349285126,0.013845345936715603,0.8854988217353821,-0.46129104495048523
18.425739288330078,1.5642707344489477,-6.452955260832008,122.924663021147,0.1357421875,0.0146484375,0.88330078125,-3.84521484375,-5.79833984375,78.4912109375,0.0,0.0,0.0,0.055951062589883804,0.014912965707480907,0.8773959875106812,-0.47625982761383057
18.44593906402588,1.689961476381109,-6.4705579389836005,121.38151838196602,0.29541015625,0.01220703125,1.06982421875,-0.30517578125,9.94873046875,77.20947265625,0.0,0.0,0.0,0.05641409754753113,0.014784964732825756,0.8709133267402649,-0.48796403408050537
18.465731620788574,1.7513464141644235,-6.505870016992566,120.23610931853322,0.1943359375,0.021484375,0.97607421875,1.708984375,2.74658203125,77.57568359375,0.0,0.0,0.0,0.0567961223423481,0.015037708915770054,0.8659877181053162,-0.49660196900367737
18.485846996307373,1.6751739033846198,-6.557186935774165,118.68211833895026,0.08154296875,0.0234375,0.95703125,1.77001953125,-9.70458984375,77.5146484375,0.0,0.0,0.0,0.05663346126675606,0.016605915501713753,0.8591445088386536,-0.5083184242248535
18.505645751953125,1.7760644418838765,-6.5928610138091415,117.11826456620581,0.1298828125,0.0732421875,1.0166015625,-7.2021484375,-3.90625,78.79638671875,0.0,0.0,0.0,0.057124361395835876,0.016789322718977928,0.8521298766136169,-0.5199324488639832
18.526169300079346,1.9042947335268132,-6.728035580125571,115.53338747119605,0.13623046875,0.03369140625,1.08056640625,-7.62939453125,-7.26318359375,80.9326171875,0.0,0.0,0.0,0.058476995676755905,0.01726132445037365,0.8448292016983032,-0.5315508842468262
18.546595573425293,2.215241229925759,-6.891053839480381,113.47340924770937,0.126953125,-0.07470703125,1.0458984375,6.77490234375,-10.986328125,81.1767578125,0.0,0.0,0.0,0.060826703906059265,0.01682359166443348,0.8351287245750427,-0.5464221835136414
18.56601309776306,2.172731413192069,-6.900994752930512,112.25347599024256,0.1357421875,0.001953125,0.9921875,6.16455078125,-0.54931640625,81.1767578125,0.0,0.0,0.0,0.06050999462604523,0.017826147377490997,0.8292543888092041,-0.5552998781204224
18.585923194885254,2.2081213980462557,-7.087106735642781,110.26263294153476,0.18310546875,0.04931640625,0.974609375,-4.150390625,-3.5400390625,80.6884765625,0.0,0.0,0.0,0.06169582158327103,0.019549764692783356,0.8194246292114258,-0.5695214867591858
18.606013298034668,2.256158118478955,-7.223523542614506,108.65391848632166,0.208984375,-0.00830078125,1.09375,6.53076171875,-1.8310546875,80.810546875,0.0,0.0,0.0,0.06262298673391342,0.02076774276793003,0.8113106489181519,-0.5808805227279663
18.625834465026855,2.2615210976378846,-7.229953311944428,107.43748228570989,0.21142578125,0.00341796875,1.01611328125,5.859375,7.2021484375,81.6650390625,0.0,0.0,0.0,0.06247168779373169,0.021426837891340256,0.8050975799560547,-0.5894541144371033
18.645864725112915,2.3568707518946743,-7.31050344037368,105.39065900656466,0.087890625,0.0458984375,0.85595703125,-6.16455078125,-11.53564453125,82.275390625,0.0,0.0,0.0,0.0631386861205101,0.022303976118564606,0.7944326996803284,-0.6036495566368103
18.66589593887329,2.390617009036415,-7.413783584587089,103.75438473805056,0.2177734375,-0.01416015625,1.134765625,5.9814453125,2.13623046875,81.11572265625,0.0,0.0,0.0,0.06370154768228531,0.02352793514728546,0.7857052683830261,-0.6148623824119568
18.685861349105835,2.3984971263479054,-7.433784086024179,102.5385154431399,0.244140625,0.01025390625,1.1513671875,6.2255859375,2.44140625,81.60400390625,0.0,0.0,0.0,0.06362686306238174,0.024258047342300415,0.7791323065757751,-0.6231500506401062
18.705641508102417,2.3336884495214165,-7.562588647165926,100.88582139986109,0.080078125,0.0205078125,0.91748046875,5.0048828125,-13.671875,83.06884765625,0.0,0.0,0.0,0.06377526372671127,0.026323983445763588,0.7700077295303345,-0.634293258190155
18.725756406784058,2.466333497967414,-7.663121347785697,99.22071690286036,0.20263671875,0.05419921875,0.81005859375,-8.60595703125,-0.79345703125,84.1064453125,0.0,0.0,0.0,0.06479886174201965,0.02693535014986992,0.7607088685035706,-0.6452887654304504
18.745753526687622,2.759171882216187,-7.740340905220923,97.53037485687643,0.2021484375,0.02587890625,0.95166015625,-7.568359375,-3.662109375,84.89990234375,0.0,0.0,0.0,0.06657657027244568,0.026412559673190117,0.751153290271759,-0.6562307476997375
18.76567029953003,2.9383147240975163,-7.742809164832236,95.84418556590788,0.2646484375,-0.0126953125,1.07080078125,3.2958984375,6.34765625,82.8857421875,0.0,0.0,0.0,0.06723962724208832,0.026244642212986946,0.7414572238922119,-0.667106568813324
18.7862606048584,2.828918572369184,-7.829550005970459,93.81657560889789,0.166015625,0.04248046875,1.1259765625,4.94384765625,-3.47900390625,79.16259765625,0.0,0.0,0.0,0.0666658952832222,0.02864338830113411,0.7294865250587463,-0.6801357865333557
18.80648446083069,2.8469274333329806,-7.89142810475619,92.20809338011657,0.20068359375,0.07470703125,1.06494140625,0.0,-3.60107421875,81.1767578125,0.0,0.0,0.0,0.06675321608781815,0.02983723394572735,0.7198554277420044,-0.6902622580528259
18.825817346572876,2.8806026138186707,-7.895431449383463,91.00154729342299,0.23291015625,0.033203125,1.0361328125,4.638671875,0.3662109375,80.810546875,0.0,0.0,0.0,0.06666523218154907,0.030353477224707603,0.7125556468963623,-0.6977813839912415
18.845745086669922,2.8548634728183004,-7.902913921619213,89.3564552506904,0.15771484375,0.037109375,0.91064453125,3.35693359375,-2.3193359375,81.84814453125,0.0,0.0,0.0,0.0661093145608902,0.031511545181274414,0.7024560570716858,-0.707949161529541
18.865631818771362,2.943851019306635,-7.943348641505688,87.73928502128481,0.1494140625,0.048828125,0.89501953125,-4.94384765625,-6.103515625,81.4208984375,0.0,0.0,0.0,0.06645884364843369,0.0321577787399292,0.6924101114273071,-0.7177168726921082
18.885605335235596,3.0233356382253658,-8.048059710350215,86.13153362274468,0.1865234375,0.00634765625,1.04345703125,3.173828125,-1.64794921875,79.77294921875,0.0,0.0,0.0,0.06712663918733597,0.0332806296646595,0.6822693943977356,-0.7272517085075378
18.90575671195984,3.01949045516606,-7.958701199212584,84.53027090391606,0.23828125,0.01708984375,1.13427734375,6.8359375,7.50732421875,81.23779296875,0.0,0.0,0.0,0.06610839068889618,0.03366146236658096,0.672061026096344,-0.7367703914642334
18.926684379577637,2.984782635455229,-8.001457329643218,82.89649648463819,0.07373046875,0.0498046875,0.85546875,-0.48828125,-11.5966796875,81.72607421875,0.0,0.0,0.0,0.06564151495695114,0.035080235451459885,0.6614682674407959,-0.746271014213562
18.940717220306396,3.2076845783581254,-8.02942012410525,81.2418148563109,0.18017578125,0.0703125,0.873046875,-11.8408203125,0.6103515625,84.77783203125,0.0,0.0,0.0,0.06675614416599274,0.034943755716085434,0.6506865620613098,-0.755598783493042
18.965752124786377,3.412100614272383,-8.04052174282746,79.54508658345301,0.14697265625,0.01513671875,1.10400390625,-4.69970703125,-6.9580078125,86.5478515625,0.0,0.0,0.0,0.06765789538621902,0.03486199304461479,0.6394886374473572,-0.7650238275527954
18.985876083374023,3.5175363234991655,-7.967583860228186,77.82304562953105,0.1552734375,0.01904296875,1.07861328125,-1.5869140625,-1.708984375,86.12060546875,0.0,0.0,0.0,0.0674414336681366,0.034802306443452835,0.6279658079147339,-0.7745318412780762
19.005911827087402,3.5313655355777374,-8.082028802413626,76.11616086537735,0.18408203125,0.0166015625,1.025390625,4.8828125,-6.16455078125,84.77783203125,0.0,0.0,0.0,0.0676223561167717,0.03651399537920952,0.6163450479507446,-0.7837172150611877
19.025731325149536,3.6130279176246445,-8.10472295970464,74.45807097265423,0.26708984375,0.04931640625,0.97314453125,-0.06103515625,0.18310546875,83.06884765625,0.0,0.0,0.0,0.06777084618806839,0.0372149683535099,0.6049639582633972,-0.7924901843070984
19.04691457748413,3.810501493134407,-8.00228805140102,72.36559470909664,0.25537109375,0.0185546875,0.958984375,-0.244140625,8.6669921875,83.55712890625,0.0,0.0,0.0,0.06793996691703796,0.036708179861307144,0.5904713273048401,-0.8033556938171387
19.065673351287842,3.870528610655064,-7.977568743021098,71.13519760182137,0.1767578125,0.0341796875,0.9716796875,-2.44140625,-1.77001953125,82.94677734375,0.0,0.0,0.0,0.06784133613109589,0.03695552423596382,0.5818339586257935,-0.809630274772644
19.085762977600098,3.969500613049487,-7.950615109008935,69.50931888122402,0.15966796875,0.044921875,1.10205078125,-4.2724609375,-5.31005859375,81.1767578125,0.0,0.0,0.0,0.06788327544927597,0.037228770554065704,0.5703235268592834,-0.8177633881568909
19.105621814727783,4.06556636995207,-8.00260480142378,67.85586668694734,0.14599609375,0.0224609375,1.0556640625,0.9765625,-7.14111328125,82.3974609375,0.0,0.0,0.0,0.06828293204307556,0.0381120964884758,0.5584924817085266,-0.8258154988288879
19.126070737838745,4.088976416445466,-7.830459274903717,66.23214630612772,0.26416015625,0.0205078125,1.05859375,5.06591796875,10.986328125,82.6416015625,0.0,0.0,0.0,0.06709121912717819,0.0377076230943203,0.5467551946640015,-0.833747923374176
19.14583110809326,4.080530460649922,-7.858404993892824,64.18690080068076,0.06787109375,0.0283203125,0.85595703125,1.5869140625,-12.14599609375,82.275390625,0.0,0.0,0.0,0.0664740726351738,0.03914450854063034,0.5317836403846741,-0.8433594107627869
19.16582202911377,4.233417415031488,-7.841339766251547,62.53356471961996,0.17431640625,0.04638671875,0.9013671875,-8.85009765625,0.67138671875,84.28955078125,0.0,0.0,0.0,0.06696092337369919,0.03927916660904884,0.5196142792701721,-0.8508667945861816
19.18596577644348,4.349583991774595,-7.833218671328402,61.276516214203305,0.1689453125,0.01318359375,1.05029296875,-3.35693359375,-5.55419921875,85.38818359375,0.0,0.0,0.0,0.06735841184854507,0.03943316638469696,0.5102897882461548,-0.8564533591270447
19.20582866668701,4.342049866233248,-7.802511848367318,59.57072428031681,0.17529296875,0.0009765625,1.08154296875,3.96728515625,-0.3662109375,85.0830078125,0.0,0.0,0.0,0.0665750727057457,0.04023195430636406,0.4974823296070099,-0.8639794588088989
19.225760459899902,4.312779517431982,-7.873930013876263,57.91822148233476,0.212890625,0.0224609375,1.03662109375,7.26318359375,-3.41796875,81.9091796875,0.0,0.0,0.0,0.06606493145227432,0.041856106370687485,0.4849610924720764,-0.8710317611694336
19.246853351593018,4.251633529547911,-7.917420389642674,56.30613291367167,0.22607421875,0.03857421875,1.0458984375,7.080078125,-2.44140625,81.787109375,0.0,0.0,0.0,0.06517886370420456,0.04336760565638542,0.4726369082927704,-0.8777729272842407
19.266099214553833,4.190613473276664,-7.928224041362341,54.696742269730734,0.18994140625,0.03857421875,1.00244140625,5.615234375,-1.5869140625,79.833984375,0.0,0.0,0.0,0.06413543224334717,0.044607385993003845,0.4602391719818115,-0.8843509554862976
19.28738522529602,4.121628562659535,-7.933575494577046,52.71311190078646,0.19189453125,0.0478515625,0.99755859375,3.5400390625,-0.91552734375,79.4677734375,0.0,0.0,0.0,0.0628371387720108,0.04602043330669403,0.4448349177837372,-0.8922194838523865
19.30577540397644,4.151708288877448,-7.931803060487428,51.52268847562869,0.19287109375,0.05615234375,0.955078125,-0.67138671875,-1.46484375,80.56640625,0.0,0.0,0.0,0.06258440762758255,0.046542488038539886,0.43555453419685364,-0.8967771530151367
19.325617790222168,4.225047871977283,-7.947626047473408,49.8970010003281,0.16455078125,0.01611328125,0.89013671875,-1.220703125,-0.6103515625,82.21435546875,0.0,0.0,0.0,0.06255341321229935,0.04728000983595848,0.4228195548057556,-0.9028152823448181
19.346210718154907,4.227032895704818,-7.721665460482815,47.90448797036823,0.236328125,0.03125,1.01220703125,2.197265625,6.9580078125,79.4677734375,0.0,0.0,0.0,0.0609440915286541,0.04655477777123451,0.4070475399494171,-0.9101817011833191
19.366257190704346,4.213638040968777,-7.733474857557767,46.31675244119082,0.0625,0.03369140625,0.98486328125,2.01416015625,-15.380859375,79.9560546875,0.0,0.0,0.0,0.06022633984684944,0.04753537476062775,0.3943929374217987,-0.9157333374023438
19.38600754737854,4.230686620023952,-7.7356161218625665,45.11343361888007,0.1611328125,0.04638671875,1.0078125,-2.99072265625,-0.48828125,81.54296875,0.0,0.0,0.0,0.059867821633815765,0.04812515899538994,0.38476261496543884,-0.919813871383667
19.405912160873413,4.301205761883395,-7.647182247583826,43.45591404695264,0.14013671875,0.037109375,1.009765625,-1.40380859375,-1.15966796875,85.51025390625,0.0,0.0,0.0,0.05945182219147682,0.04804197698831558,0.37144047021865845,-0.9253051280975342
19.425776958465576,4.405673932125563,-7.547440141360484,41.72959056442109,0.07080078125,0.04638671875,0.951171875,-5.859375,-3.84521484375,86.5478515625,0.0,0.0,0.0,0.059262871742248535,0.047794487327337265,0.35749295353889465,-0.93080735206604
19.44579315185547,4.3917326622559205,-7.592303385150066,39.597195260259355,0.1826171875,0.00048828125,1.083984375,6.591796875,-6.65283203125,84.228515625,0.0,0.0,0.0,0.05838052183389664,0.04929795488715172,0.34011033177375793,-0.9372761249542236
19.46722650527954,4.347182753394512,-7.619846976751789,38.34937775550597,0.2451171875,0.02197265625,1.06103515625,8.97216796875,0.06103515625,83.1298828125,0.0,0.0,0.0,0.05755259841680527,0.05028556287288666,0.32986804842948914,-0.9409283399581909
19.48573875427246,4.306353163196645,-7.613644311211771,36.67047627638181,0.177734375,0.046875,0.9814453125,3.84521484375,-2.74658203125,84.5947265625,0.0,0.0,0.0,0.05645589902997017,0.05118468031287193,0.3160283863544464,-0.9456844329833984
19.505759239196777,4.339307972168311,-7.621066165518636,34.98710443844588,0.18310546875,0.05029296875,0.9677734375,-1.3427734375,-1.52587890625,85.3271484375,0.0,0.0,0.0,0.05599045008420944,0.05198322981595993,0.3021184802055359,-0.9502038955688477
19.52825617790222,4.481261501235978,-7.565315600192053,32.88727206115219,0.22265625,0.03857421875,1.001953125,-1.220703125,-0.244140625,84.716796875,0.0,0.0,0.0,0.05607613921165466,0.052182186394929886,0.2847130596637726,-0.955547571182251
19.54592800140381,4.503094627804748,-7.608188697612223,31.615487422601227,0.11572265625,0.0234375,0.97021484375,1.708984375,-10.43701171875,85.3271484375,0.0,0.0,0.0,0.055776894092559814,0.053108274936676025,0.2741081416606903,-0.9586100578308105
19.56678605079651,4.463968316031153,-7.546997032838079,29.950567340708087,0.23974609375,0.01806640625,1.107421875,5.06591796875,6.4697265625,83.31298828125,0.0,0.0,0.0,0.05453453212976456,0.05348715931177139,0.2601225674152374,-0.9625493884086609
19.58586072921753,4.39889838446891,-7.58231252594163,28.278719739449265,0.10888671875,0.02294921875,1.01123046875,8.48388671875,-16.54052734375,84.28955078125,0.0,0.0,0.0,0.053274016827344894,0.054714951664209366,0.24602775275707245,-0.9662497639656067
19.606106281280518,4.384718057978318,-7.671119499303782,26.58268131569755,0.17431640625,0.046875,0.83056640625,-2.25830078125,-3.173828125,85.8154296875,0.0,0.0,0.0,0.05251411348581314,0.05627856031060219,0.23171021044254303,-0.9697347283363342
19.626085996627808,4.631445408253511,-7.5933133993735815,24.41234943333827,0.20361328125,0.03125,0.9052734375,-3.47900390625,-3.662109375,86.7919921875,0.0,0.0,0.0,0.05339440330862999,0.05614159256219864,0.21340881288051605,-0.9738860726356506
19.6460599899292,4.801994378055084,-7.637663525201767,23.131180114867714,0.1796875,0.04541015625,0.96435546875,-11.1083984375,-3.90625,85.26611328125,0.0,0.0,0.0,0.05429256334900856,0.056811798363924026,0.2026023119688034,-0.9761030077934265
19.66569685935974,4.948678240009808,-7.681436500045087,21.465238919693657,0.2216796875,-0.0009765625,1.18115234375,2.25830078125,-11.16943359375,82.94677734375,0.0,0.0,0.0,0.054783809930086136,0.057728204876184464,0.18847571313381195,-0.9788479208946228
19.68592929840088,4.80703463077573,-7.698473553156037,19.83801635937711,0.232421875,0.0107421875,1.18994140625,13.73291015625,1.46484375,80.9326171875,0.0,0.0,0.0,0.05277052894234657,0.05886209011077881,0.1744893193244934,-0.9814805388450623
19.705734252929688,4.742282303009893,-7.635466765609962,18.185115702875905,0.134765625,0.09033203125,0.90673828125,0.48828125,-2.9296875,82.82470703125,0.0,0.0,0.0,0.05127492919564247,0.059166211634874344,0.16026419401168823,-0.9839642643928528
19.72570013999939,4.813445617085433,-7.577557860505655,16.512439941180215,0.16796875,0.05712890625,0.96533203125,-1.40380859375,-3.23486328125,84.3505859375,0.0,0.0,0.0,0.05094733461737633,0.05931895226240158,0.14590588212013245,-0.9862034320831299
19.74570059776306,4.8733105176133025,-7.502327595666196,14.850504651954374,0.2353515625,0.0244140625,1.0556640625,-0.48828125,4.150390625,83.43505859375,0.0,0.0,0.0,0.05051519721746445,0.05933358147740364,0.13159732520580292,-0.9882357716560364
19.76581311225891,4.862192677191814,-7.451368408042377,13.183011296291433,0.13232421875,0.01806640625,0.91259765625,4.94384765625,-5.43212890625,83.49609375,0.0,0.0,0.0,0.04950075224041939,0.05963315814733505,0.11718226224184036,-0.9900817275047302
19.78575086593628,4.807285640227728,-7.365033109386124,11.537526517681567,0.23388671875,0.041015625,1.05615234375,2.13623046875,6.4697265625,82.70263671875,0.0,0.0,0.0,0.04809073731303215,0.05963953584432602,0.10289812833070755,-0.9917370080947876
19.80120348930359,4.817173619711791,-7.3650416471225855,9.88503567253056,0.1533203125,0.03759765625,0.99560546875,2.50244140625,-9.1552734375,83.67919921875,0.0,0.0,0.0,0.04731141775846481,0.06031924486160278,0.0885915756225586,-0.9931136965751648
19.82572913169861,4.876662006061663,-7.438484109946794,8.21526871764765,0.1650390625,0.04833984375,0.845703125,-5.06591796875,-4.5166015625,83.49609375,0.0,0.0,0.0,0.04698766767978668,0.061601199209690094,0.0741673931479454,-0.9942317605018616
19.845946073532104,5.072147142749305,-7.419907702951652,6.5259132071119685,0.1611328125,0.0439453125,0.97265625,-5.859375,-3.23486328125,85.99853515625,0.0,0.0,0.0,0.047763414680957794,0.06202422082424164,0.059602122753858566,-0.9951479434967041
19.866468906402588,5.1903499696387225,-7.4161485375872065,4.7931360495884,0.12109375,0.02294921875,1.0615234375,-4.638671875,-7.26318359375,87.5244140625,0.0,0.0,0.0,0.047846127301454544,0.06266068667173386,0.04461121931672096,-0.9958887100219727
19.88071298599243,5.212494723588374,-7.443388185770863,3.0453572353265446,0.16015625,-0.00634765625,1.0732421875,4.5166015625,-11.3525390625,87.5244140625,0.0,0.0,0.0,0.0470830462872982,0.06361434608697891,0.029439706355333328,-0.9964284896850586
19.90608024597168,5.188413184122201,-7.4063549000910545,1.3350890729344589,0.30859375,0.0166015625,1.015625,6.65283203125,7.01904296875,84.3505859375,0.0,0.0,0.0,0.0459161140024662,0.06399084627628326,0.014537510462105274,-0.9967876672744751
19.92575716972351,5.237485105100981,-7.416185249853995,-0.34146994478907194,0.189453125,0.0791015625,0.8681640625,-5.126953125,-7.38525390625,84.3505859375,0.0,0.0,0.0,0.04540139436721802,0.06474128365516663,-1.5647099644411355e-05,-0.9968687891960144
19.94555687904358,5.402720614615106,-7.396927531489144,-1.9780261987302776,0.259765625,0.04736328125,1.03759765625,-5.67626953125,0.244140625,81.97021484375,0.0,0.0,0.0,0.04591282829642296,0.06523606926202774,-0.014165882021188736,-0.9967125058174133
19.965542793273926,5.433556784283598,-7.340304409496092,-3.6091539197047777,0.234375,0.02099609375,1.1884765625,2.5634765625,2.0751953125,81.6650390625,0.0,0.0,0.0,0.04526476562023163,0.06539834290742874,-0.028358077630400658,-0.9964286684989929
19.98701548576355,5.319788030825988,-7.229002208102503,-5.685412325965002,0.0576171875,0.11865234375,0.91796875,6.04248046875,-13.3056640625,82.8857421875,0.0,0.0,0.0,0.043134722858667374,0.06519464403390884,-0.04652019217610359,-0.9958539009094238
20.0057213306427,5.332048647272984,-7.121350742820286,-6.918132978218543,0.1923828125,0.16455078125,0.93505859375,0.06103515625,6.7138671875,82.58056640625,0.0,0.0,0.0,0.04259663447737694,0.06472630053758621,-0.05727025866508484,-0.9953473210334778
20.025727033615112,5.3373070391602475,-7.011946907129137,-8.493162647992435,0.17822265625,0.14501953125,1.06396484375,5.126953125,-5.615234375,79.40673828125,0.0,0.0,0.0,0.04182184487581253,0.06435983628034592,-0.07099079340696335,-0.9945195913314819
20.04564929008484,5.153329063676784,-6.981126532273101,-10.033023673729932,0.1376953125,0.2529296875,0.9716796875,7.8125,2.197265625,77.45361328125,0.0,0.0,0.0,0.039382338523864746,0.06451340019702911,-0.08446572721004486,-0.9935556054115295
20.06066870689392,5.091273379972633,-6.713383970582247,-11.45754414872707,0.13232421875,0.3310546875,0.875,-1.89208984375,7.6904296875,70.068359375,0.0,0.0,0.0,0.03827863559126854,0.06262777745723724,-0.09696223586797714,-0.9925779104232788
20.085646152496338,5.122277743049437,-6.409601915735822,-12.695014770661532,0.01708984375,0.32177734375,1.01611328125,-4.21142578125,6.7138671875,59.08203125,0.0,0.0,0.0,0.03816741332411766,0.060439568012952805,-0.107792429625988,-0.9916002750396729
20.100876569747925,5.073722782013463,-6.191172466078814,-13.666603203680323,-0.01025390625,0.302734375,1.056640625,0.48828125,0.30517578125,43.701171875,0.0,0.0,0.0,0.03746467083692551,0.05882440507411957,-0.1163177564740181,-0.9907605648040771
20.126020669937134,4.9356462390734235,-6.078277549948142,-14.330056190030449,0.01904296875,0.30615234375,1.00390625,2.62451171875,-0.6103515625,27.4658203125,0.0,0.0,0.0,0.0360553003847599,0.05791831761598587,-0.12217167764902115,-0.9901613593101501
20.14666509628296,4.6945490991084355,-5.977704295080174,-14.755047635661569,0.0166015625,0.34912109375,1.02734375,2.50244140625,0.48828125,11.16943359375,0.0,0.0,0.0,0.03387219458818436,0.05691850557923317,-0.12600645422935486,-0.9898158311843872
20.165755033493042,4.592591877159894,-5.925763267763165,-14.863249784945618,0.00634765625,0.35791015625,1.03125,-0.1220703125,0.1220703125,6.9580078125,0.0,0.0,0.0,0.03299728035926819,0.05638912692666054,-0.12701267004013062,-0.9897470474243164
20.185633897781372,4.444595765110881,-5.915512007592623,-14.968538858548657,0.0,0.3349609375,1.0498046875,-0.6103515625,-1.40380859375,6.04248046875,0.0,0.0,0.0,0.031679119914770126,0.0561656691133976,-0.12799881398677826,-0.9896758198738098
20.206021070480347,4.25749895449766,-5.906140561164542,-15.072011101832473,0.0341796875,0.31494140625,0.99609375,1.64794921875,1.40380859375,5.92041015625,0.0,0.0,0.0,0.030023524537682533,0.055902838706970215,-0.12898753583431244,-0.989613950252533
20.22620677947998,4.057844414208548,-5.799458982744467,-15.194792289899913,0.01220703125,0.30908203125,0.96826171875,1.5869140625,2.86865234375,8.11767578125,0.0,0.0,0.0,0.02836410328745842,0.054787516593933105,-0.13018397986888885,-0.9895685911178589
20.24604034423828,3.8683425232338364,-5.760114104917432,-15.354598225910703,-0.046875,0.345703125,1.01220703125,0.67138671875,-4.45556640625,8.7890625,0.0,0.0,0.0,0.026697829365730286,0.054269805550575256,-0.13166815042495728,-0.9894471168518066
20.265883684158325,3.7381548487851624,-5.7225139135365115,-15.461285780746302,0.01953125,0.36181640625,1.068359375,-1.220703125,2.25830078125,4.45556640625,0.0,0.0,0.0,0.02556789480149746,0.053819481283426285,-0.13266368210315704,-0.9893685579299927
20.285749673843384,3.57926202368904,-5.681860200709772,-15.499896840124384,-0.00146484375,0.32958984375,1.05126953125,-0.18310546875,0.8544921875,2.13623046875,0.0,0.0,0.0,0.024226240813732147,0.05329276993870735,-0.13308486342430115,-0.9893743395805359
20.306424140930176,3.4187333682867,-5.685704743438843,-15.518896718848067,-0.02392578125,0.3173828125,0.953125,0.244140625,-2.38037109375,1.708984375,0.0,0.0,0.0,0.022826852276921272,0.05314325913786888,-0.13332225382328033,-0.9893835783004761
20.32679557800293,3.251949113378274,-5.639527115120856,-15.51147742586214,0.00146484375,0.3095703125,0.966796875,-0.30517578125,0.18310546875,0.3662109375,0.0,0.0,0.0,0.02144509181380272,0.05254920572042465,-0.13334938883781433,-0.9894425868988037
20.34556007385254,3.048704454906674,-5.606504431144314,-15.511637935307636,-0.0302734375,0.29736328125,1.02294921875,3.23486328125,0.0,1.28173828125,0.0,0.0,0.0,0.019729267805814743,0.052027590572834015,-0.13345327973365784,-0.9894918203353882
20.36561679840088,2.840758278408578,-5.55836611164771,-15.532032880169293,-0.03515625,0.29931640625,1.02734375,1.5869140625,0.06103515625,1.28173828125,0.0,0.0,0.0,0.017981598153710365,0.05137297511100769,-0.13373664021492004,-0.9895211458206177
20.38578510284424,2.7086007347145897,-5.478757695550273,-15.547744022807615,-0.03466796875,0.2880859375,0.994140625,-2.13623046875,-0.54931640625,1.5869140625,0.0,0.0,0.0,0.01692797616124153,0.050533778965473175,-0.13395224511623383,-0.9895537495613098
20.405791521072388,2.5577553665646233,-5.419951901230579,-15.551830183478575,-0.01416015625,0.24169921875,1.0068359375,-0.6103515625,2.74658203125,1.64794921875,0.0,0.0,0.0,0.0156934205442667,0.04985027760267258,-0.134068563580513,-0.9895930886268616
20.425697565078735,2.388599755353734,-5.317653596710359,-15.56357298620912,-0.02392578125,0.232421875,1.00048828125,0.67138671875,-0.3662109375,1.3427734375,0.0,0.0,0.0,0.014349096454679966,0.04877055063843727,-0.13426747918128967,-0.9896403551101685
20.445780992507935,2.236262417756943,-5.237220862157466,-15.56972527910401,-0.033203125,0.22607421875,0.99169921875,-1.77001953125,2.197265625,0.9765625,0.0,0.0,0.0,0.01312643475830555,0.04789823293685913,-0.1344032734632492,-0.9896814227104187
20.46647596359253,2.090050052298361,-5.149195518568457,-15.559246061369917,-0.02294921875,0.2001953125,1.02197265625,-0.9765625,-0.54931640625,0.1220703125,0.0,0.0,0.0,0.011972498148679733,0.04696551710367203,-0.13439235091209412,-0.9897422194480896
20.48648166656494,1.8900821770810745,-5.044628737470147,-15.541299739325709,-0.02978515625,0.19140625,1.0009765625,-0.732421875,1.46484375,0.54931640625,0.0,0.0,0.0,0.01037655584514141,0.04582628980278969,-0.13433946669101715,-0.9898208379745483
20.50590419769287,1.7480463655782494,-4.950313643429203,-15.533711399157824,-0.04150390625,0.1708984375,0.9853515625,-1.5869140625,1.46484375,1.220703125,0.0,0.0,0.0,0.009264344349503517,0.044844575226306915,-0.13434790074825287,-0.9898757338523865
20.525940656661987,1.6229678860721564,-4.902984701349245,-15.52312119084972,-0.03955078125,0.1826171875,1.01953125,0.9765625,-0.79345703125,0.244140625,0.0,0.0,0.0,0.008243977092206478,0.04428836330771446,-0.13431347906589508,-0.9899144172668457
20.540881156921387,1.4928611066764643,-4.806263246286341,-15.512066529678053,-0.02490234375,0.134765625,1.0009765625,-2.50244140625,-1.03759765625,0.06103515625,0.0,0.0,0.0,0.007238542195409536,0.043299704790115356,-0.1342839002609253,-0.9899699687957764
20.566147327423096,1.2817529794794755,-4.693009745224244,-15.488538235534653,-0.0205078125,0.14306640625,1.02783203125,0.9765625,-0.30517578125,-0.732421875,0.0,0.0,0.0,0.005557093303650618,0.042072784155607224,-0.13417662680149078,-0.9900482892990112
20.585653066635132,1.1599148911260244,-4.6213875278138445,-15.477879725334848,-0.03125,0.1494140625,0.98828125,-0.6103515625,-0.30517578125,0.06103515625,0.0,0.0,0.0,0.004592680372297764,0.04131092503666878,-0.13413886725902557,-0.990090548992157
20.605748653411865,1.025386204572984,-4.504921703407725,-15.462378611013504,-0.03466796875,0.119140625,0.99365234375,-1.46484375,-0.18310546875,0.06103515625,0.0,0.0,0.0,0.0035728623624891043,0.040146730840206146,-0.1340678185224533,-0.99015212059021
20.62600827217102,0.8835300057009892,-4.337922297540445,-15.438531005526404,-0.0224609375,0.0654296875,1.005859375,-1.0986328125,-0.9765625,-0.67138671875,0.0,0.0,0.0,0.002551470184698701,0.03853728249669075,-0.1339300125837326,-0.9902378916740417
20.645490884780884,0.8100308202901579,-4.201644228786234,-15.425036259273751,-0.0244140625,0.048828125,1.0029296875,-0.8544921875,1.03759765625,-0.3662109375,0.0,0.0,0.0,0.0020806549582630396,0.03727353736758232,-0.13385234773159027,-0.9902979731559753
20.66670274734497,0.7020229045106307,-3.962600414440482,-15.407055786283692,-0.033203125,0.03515625,1.0078125,-0.42724609375,0.18310546875,-0.3662109375,0.0,0.0,0.0,0.0014329788973554969,0.03508136793971062,-0.1337546408176422,-0.9903923869132996
20.6863009929657,0.6498508247006056,-3.825450215906626,-15.398306313956907,-0.0361328125,0.033203125,1.00439453125,-0.732421875,-0.244140625,-0.30517578125,0.0,0.0,0.0,0.0011452175676822662,0.03383505716919899,-0.13370715081691742,-0.9904425144195557
20.707369327545166,0.5729851030808986,-3.60518686045747,-15.37994505792062,-0.03466796875,0.02783203125,1.00439453125,-0.67138671875,-0.9765625,-0.48828125,0.0,0.0,0.0,0.0007436348823830485,0.031841475516557693,-0.1335889846086502,-0.9905248880386353
20.72593402862549,0.5257503962671465,-3.4648841027348296,-15.372040821503623,-0.03125,0.02392578125,1.005859375,-0.42724609375,-0.42724609375,-0.244140625,0.0,0.0,0.0,0.0005013781483285129,0.03057362511754036,-0.13354440033435822,-0.9905710220336914
20.745930910110474,0.4652528494674048,-3.2712296701881622,-15.368244943872387,-0.03271484375,0.02001953125,1.00146484375,-0.18310546875,-0.54931640625,0.1220703125,0.0,0.0,0.0,0.0002054926153505221,0.028829103335738182,-0.13354113698005676,-0.990623950958252
20.766250610351562,0.41790528444978886,-3.080761947776129,-15.366621066397217,-0.0283203125,0.01513671875,1.00439453125,-0.54931640625,-0.18310546875,0.1220703125,0.0,0.0,0.0,1.8892571461037733e-05,0.027127373963594437,-0.13355116546154022,-0.9906705617904663
20.785767793655396,0.37728524232122385,-2.8901305142674265,-15.362188273625879,-0.0283203125,0.013671875,1.00634765625,-0.42724609375,-1.03759765625,-0.06103515625,0.0,0.0,0.0,-0.00010881256457651034,0.025431983172893524,-0.13353365659713745,-0.9907179474830627
20.805697679519653,0.32749905964607534,-2.689966271111502,-15.355800339204624,-0.029296875,0.01513671875,1.00390625,-0.244140625,-0.1220703125,-0.06103515625,0.0,0.0,0.0,-0.0003044072072952986,0.023643430322408676,-0.1335000991821289,-0.990766704082489
20.82576036453247,0.27819136373879794,-2.4878505148436587,-15.354038150398761,-0.033203125,0.01513671875,1.00244140625,-0.3662109375,-0.48828125,0.06103515625,0.0,0.0,0.0,-0.0004947043489664793,0.0218384750187397,-0.13350458443164825,-0.9908075332641602
20.84586191177368,0.2264032419457481,-2.2994785932897615,-15.346149281907397,-0.0283203125,0.01806640625,1.005859375,-0.3662109375,-0.79345703125,-0.3662109375,0.0,0.0,0.0,-0.0007214800571091473,0.020149433985352516,-0.13345403969287872,-0.9908499717712402
20.86573338508606,0.16505510981071503,-2.1130835846137597,-15.332980677187612,-0.02587890625,0.01611328125,1.0048828125,0.0,-0.48828125,-0.6103515625,0.0,0.0,0.0,-0.0010326337069272995,0.018466372042894363,-0.133357435464859,-0.9908954501152039
20.885783195495605,0.10698329402253279,-1.9195559374535605,-15.322708072675912,-0.0322265625,0.015625,1.0009765625,0.244140625,-0.3662109375,-0.30517578125,0.0,0.0,0.0,-0.0013079963391646743,0.016725417226552963,-0.13328346610069275,-0.9909360408782959
20.90561556816101,0.055923934737624796,-1.7197924343028455,-15.317039015664802,-0.0361328125,0.01513671875,1.001953125,-0.244140625,-0.8544921875,-0.18310546875,0.0,0.0,0.0,-0.0015164029318839312,0.014938618056476116,-0.13324640691280365,-0.9909692406654358
20.92571520805359,0.004884351068174432,-1.5291522496142693,-15.313910789024936,-0.03271484375,0.01806640625,1.00537109375,-0.48828125,-0.9765625,-0.06103515625,0.0,0.0,0.0,-0.0017357331234961748,0.013230673037469387,-0.13322922587394714,-0.9909954071044922
20.941941738128662,-0.05660343850844189,-1.3400255921570856,-15.307427231955302,-0.02783203125,0.017578125,1.0029296875,-0.06103515625,-0.42724609375,-0.244140625,0.0,0.0,0.0,-0.00204695132561028,0.011523700319230556,-0.13318218290805817,-0.9910224080085754
20.966041088104248,-0.12621417187837972,-1.1482286508995443,-15.303219835426574,-0.02978515625,0.0185546875,1.00341796875,0.244140625,-0.244140625,-0.06103515625,0.0,0.0,0.0,-0.002425720449537039,0.009784146212041378,-0.13315334916114807,-0.9910442233085632
20.986780881881714,-0.2178846486892067,-0.9127131628686321,-15.299958420097893,-0.03369140625,0.0234375,1.0029296875,-0.18310546875,-0.79345703125,0.0,0.0,0.0,0.0,-0.0029447041451931,0.007640829309821129,-0.13313153386116028,-0.9910645484924316
21.005675315856934,-0.27624286551506666,-0.7766036076878511,-15.297429542557696,-0.03125,0.02490234375,1.00341796875,-0.3662109375,-1.15966796875,-0.244140625,0.0,0.0,0.0,-0.003291190369054675,0.006395924370735884,-0.1331118494272232,-0.9910749793052673
21.025893688201904,-0.3729059171244821,-0.5994890118248983,-15.294338881958264,-0.02880859375,0.029296875,1.0048828125,-0.06103515625,-0.54931640625,-0.06103515625,0.0,0.0,0.0,-0.003921390976756811,0.004751909524202347,-0.13308672606945038,-0.9910852909088135
21.04614806175232,-0.49176513586530846,-0.4287073620242962,-15.293237513954601,-0.029296875,0.0341796875,1.00439453125,0.244140625,0.0,0.244140625,0.0,0.0,0.0,-0.004751061554998159,0.0031368383206427097,-0.13307660818099976,-0.9910894632339478
21.06579327583313,-0.609548973337828,-0.26729152908179477,-15.290846947745095,-0.02978515625,0.0341796875,1.00537109375,-0.06103515625,-0.67138671875,-0.06103515625,0.0,0.0,0.0,-0.005582315847277641,0.0016040998743847013,-0.13305222988128662,-0.9910920858383179
21.085657596588135,-0.7272039977114694,-0.11103531041774946,-15.286909343688583,-0.03125,0.037109375,1.00341796875,-0.06103515625,-0.732421875,-0.1220703125,0.0,0.0,0.0,-0.00641850009560585,0.00011626665946096182,-0.13301147520542145,-0.9910936951637268
21.106266498565674,-0.8648042416786058,0.04107310245003367,-15.280562390402348,-0.02880859375,0.03857421875,1.0048828125,0.1220703125,-0.79345703125,-0.42724609375,0.0,0.0,0.0,-0.007432117126882076,-0.0013586052227765322,-0.13294674456119537,-0.9910944700241089
21.12569499015808,-1.002314252443504,0.19424757844718754,-15.278552607239073,-0.02978515625,0.0390625,1.00439453125,-0.06103515625,-0.79345703125,-0.1220703125,0.0,0.0,0.0,-0.008443753235042095,-0.0028427722863852978,-0.13291586935520172,-0.9910872578620911
21.146461486816406,-1.1316795294274264,0.344697449295741,-15.276515503319116,-0.03125,0.041015625,1.0029296875,-0.6103515625,-0.67138671875,-0.06103515625,0.0,0.0,0.0,-0.009388130158185959,-0.004293854348361492,-0.13288170099258423,-0.9910781383514404
21.16569447517395,-1.2654160207584513,0.4925525819714169,-15.274142012582537,-0.03076171875,0.041015625,1.00341796875,0.06103515625,-0.48828125,-0.1220703125,0.0,0.0,0.0,-0.010373360477387905,-0.005727456416934729,-0.1328413188457489,-0.9910664558410645
21.18575620651245,-1.4041326804897674,0.6427193601551718,-15.271882927514556,-0.03076171875,0.04052734375,1.0048828125,0.3662109375,-0.67138671875,-0.244140625,0.0,0.0,0.0,-0.011398990638554096,-0.0071867392398417,-0.132797971367836,-0.9910516142845154
21.205703020095825,-1.5327950883194132,0.7998891099505997,-15.271990502993983,-0.03076171875,0.03857421875,1.00439453125,-0.18310546875,-0.8544921875,-0.18310546875,0.0,0.0,0.0,-0.012329372577369213,-0.008695088326931,-0.13277140259742737,-0.9910319447517395
21.22589945793152,-1.6506327135316468,0.9568839962311046,-15.272579606809897,-0.0322265625,0.041015625,1.00341796875,-0.6103515625,-0.91552734375,-0.18310546875,0.0,0.0,0.0,-0.013166245073080063,-0.010189373977482319,-0.13274654746055603,-0.9910101890563965
21.245972871780396,-1.7850389902881558,1.1052632392038733,-15.271561908623564,-0.03125,0.041015625,1.00390625,-0.244140625,-0.48828125,-0.1220703125,0.0,0.0,0.0,-0.014156494289636612,-0.011628080159425735,-0.13270415365695953,-0.9909863471984863
21.266777515411377,-1.9070270226382298,1.2689566200694566,-15.27027612551231,-0.0322265625,0.03955078125,1.00439453125,0.244140625,-0.30517578125,0.06103515625,0.0,0.0,0.0,-0.01502156537026167,-0.01318469736725092,-0.1326550543308258,-0.9909607172012329
21.285808563232422,-1.9936899569312325,1.4503036920619958,-15.268855446164947,-0.03125,0.037109375,1.00341796875,-0.1220703125,-0.732421875,-0.1220703125,0.0,0.0,0.0,-0.015560642816126347,-0.01485295407474041,-0.1326029896736145,-0.9909358024597168
21.306065559387207,-2.1348580142443487,1.645345506783822,-15.26819462536275,-0.029296875,0.03759765625,1.00439453125,-0.18310546875,-0.91552734375,-0.18310546875,0.0,0.0,0.0,-0.016554996371269226,-0.016702672466635704,-0.1325443983078003,-0.9908981323242188
21.3257257938385,-2.1271759724187884,1.6964132303824206,-15.266459757313566,-0.02978515625,0.037109375,1.00146484375,-0.1220703125,-0.732421875,-0.06103515625,0.0,0.0,0.0,-0.01642952300608158,-0.017135102301836014,-0.13252145051956177,-0.9908958077430725
21.34088897705078,-1.9934287021954795,1.733425918773014,-15.258927766206334,-0.03125,0.03515625,1.00537109375,0.18310546875,-0.18310546875,-0.1220703125,0.0,0.0,0.0,-0.015231134369969368,-0.017299452796578407,-0.1324700266122818,-0.9909189939498901
21.368653774261475,-2.0047591322548843,1.7261218852293316,-15.256204228274791,-0.0302734375,0.03564453125,1.0048828125,-0.18310546875,-0.54931640625,-0.18310546875,0.0,0.0,0.0,-0.01533800084143877,-0.017249029129743576,-0.13244599103927612,-0.9909214377403259
21.38590383529663,-1.8936027127113928,1.6468828329556038,-15.249599435347388,-0.02880859375,0.03369140625,1.00390625,-0.18310546875,-0.9765625,-0.1220703125,0.0,0.0,0.0,-0.014469658024609089,-0.016434527933597565,-0.1324182152748108,-0.9909521341323853
21.40574550628662,-1.9992768382288915,1.682777398034725,-15.248021661649116,-0.029296875,0.03466796875,1.0048828125,0.06103515625,-0.79345703125,-0.244140625,0.0,0.0,0.0,-0.015342087484896183,-0.01686680316925049,-0.1323833465576172,-0.9909363985061646
21.425791025161743,-2.0062948576010795,1.666054000017066,-15.244476793469879,-0.029296875,0.03564453125,1.00537109375,0.0,-0.48828125,-0.1220703125,0.0,0.0,0.0,-0.015422691591084003,-0.016729827970266342,-0.1323544681072235,-0.9909412860870361
21.44588875770569,-1.956587515586077,1.6702386648224625,-15.241949623476975,-0.029296875,0.03369140625,1.0029296875,-0.244140625,-0.3662109375,0.0,0.0,0.0,0.0,-0.014988357201218605,-0.016708267852663994,-0.13233916461467743,-0.990950345993042
21.465885400772095,-1.924788929574848,1.699407521281531,-15.237265821253638,-0.02978515625,0.03369140625,1.0048828125,-0.244140625,-0.8544921875,-0.18310546875,0.0,0.0,0.0,-0.014680253341794014,-0.016923170536756516,-0.1322985589504242,-0.9909567832946777
21.48616647720337,-1.9802637260136915,1.8078420037190666,-15.234894038064352,-0.0322265625,0.03466796875,1.00537109375,0.48828125,-0.3662109375,-0.18310546875,0.0,0.0,0.0,-0.015034683048725128,-0.017924536019563675,-0.13225170969963074,-0.9909401535987854
21.505685329437256,-1.9532055047298629,1.8062309328485897,-15.230698594366672,-0.03173828125,0.0341796875,1.00341796875,0.0,-0.79345703125,-0.244140625,0.0,0.0,0.0,-0.014803214929997921,-0.017878836020827293,-0.13221994042396545,-0.9909486174583435
21.52577233314514,-1.982893989174381,1.8402444211416071,-15.229050811229406,-0.0322265625,0.03466796875,1.00341796875,-0.48828125,-1.0986328125,-0.06103515625,0.0,0.0,0.0,-0.015020806342363358,-0.018206989392638206,-0.1321953386068344,-0.990942656993866
21.545761585235596,-2.0159894573542663,1.7635020164529305,-15.228570990440213,-0.0302734375,0.03662109375,1.00537109375,-0.1220703125,-0.54931640625,-0.1220703125,0.0,0.0,0.0,-0.015395978465676308,-0.0175815150141716,-0.1321989893913269,-0.9909476637840271
21.56584095954895,-2.1077957375357004,1.7739988432684766,-15.227297160160004,-0.03125,0.037109375,1.00439453125,0.1220703125,-0.06103515625,-0.06103515625,0.0,0.0,0.0,-0.016177918761968613,-0.017778007313609123,-0.13217200338840485,-0.9909353256225586
21.585970640182495,-2.109945539576962,1.7831049795359843,-15.224720471295617,-0.03125,0.037109375,1.005859375,-0.18310546875,-0.42724609375,-0.1220703125,0.0,0.0,0.0,-0.016186362132430077,-0.01785886101424694,-0.13214775919914246,-0.9909369945526123
21.606126308441162,-2.0555819295387145,1.7465898277377443,-15.21906678221014,-0.03076171875,0.0361328125,1.00439453125,-0.3662109375,-1.0986328125,-0.3662109375,0.0,0.0,0.0,-0.01575939729809761,-0.01747964136302471,-0.13211363554000854,-0.9909552335739136
21.625961303710938,-2.128980423020141,1.6784094920605017,-15.21674793298692,-0.02978515625,0.03759765625,1.00537109375,0.30517578125,-0.67138671875,-0.18310546875,0.0,0.0,0.0,-0.016473395749926567,-0.016974370926618576,-0.13209450244903564,-0.9909549355506897
21.645915269851685,-2.220831739761415,1.666428593204359,-15.218504999150905,-0.029296875,0.0390625,1.00634765625,0.30517578125,-0.244140625,0.0,0.0,0.0,0.0,-0.0172813031822443,-0.016976913437247276,-0.1320982575416565,-0.9909406304359436
21.66650629043579,-2.112391387630061,1.779709415023136,-15.211162545793142,-0.03125,0.037109375,1.0048828125,-0.18310546875,-0.6103515625,-0.18310546875,0.0,0.0,0.0,-0.01621355302631855,-0.01783040352165699,-0.13203074038028717,-0.9909526705741882
21.685694217681885,-2.115902958637094,1.7117265145015892,-15.208034319153276,-0.02978515625,0.03662109375,1.00390625,-0.244140625,-0.79345703125,-0.06103515625,0.0,0.0,0.0,-0.016323057934641838,-0.017246151342988014,-0.13201521337032318,-0.9909632205963135
21.705580234527588,-2.10652831055784,1.6905184569635823,-15.20433235662313,-0.02978515625,0.037109375,1.00439453125,0.06103515625,-0.79345703125,-0.244140625,0.0,0.0,0.0,-0.016267068684101105,-0.01705143228173256,-0.1319883167743683,-0.9909712076187134
21.72575807571411,-2.0692807276928216,1.7410849087101254,-15.19927801663732,-0.0302734375,0.0361328125,1.00341796875,-0.18310546875,-0.54931640625,-0.18310546875,0.0,0.0,0.0,-0.015887245535850525,-0.017445091158151627,-0.13194137811660767,-0.9909766912460327
21.74572730064392,-1.9836043288480625,1.7314188036523823,-15.195186733324482,-0.03076171875,0.0341796875,1.0029296875,-0.3662109375,-0.42724609375,0.06103515625,0.0,0.0,0.0,-0.015158112160861492,-0.017262309789657593,-0.13192063570022583,-0.9909940958023071
21.76745080947876,-2.02119320772817,1.7159635796645245,-15.192563940683197,-0.0302734375,0.03515625,1.00439453125,-0.1220703125,-0.54931640625,-0.18310546875,0.0,0.0,0.0,-0.015501437708735466,-0.017171580344438553,-0.13189490139484406,-0.9909937381744385
21.78598380088806,-2.124438560665494,1.7046243984252454,-15.192680053899087,-0.02978515625,0.03759765625,1.0029296875,0.18310546875,-0.244140625,0.0,0.0,0.0,0.0,-0.01640738919377327,-0.017192373052239418,-0.13188238441944122,-0.9909804463386536
21.80575966835022,-2.0870430615162627,1.6674964505924081,-15.189685015948037,-0.029296875,0.03662109375,1.00439453125,-0.1220703125,-0.79345703125,-0.18310546875,0.0,0.0,0.0,-0.016127340495586395,-0.01682785153388977,-0.13186857104301453,-0.9909931421279907
21.826622486114502,-2.028668849774749,1.715504249442841,-15.185330770352154,-0.0302734375,0.03564453125,1.005859375,-0.48828125,-1.0986328125,-0.1220703125,0.0,0.0,0.0,-0.015567703172564507,-0.017175231128931046,-0.1318313032388687,-0.9910011291503906
21.845757007598877,-2.032120229739721,1.809930334057798,-15.181418779505028,-0.03125,0.03564453125,1.0048828125,-0.1220703125,-0.67138671875,-0.1220703125,0.0,0.0,0.0,-0.015489094890654087,-0.017995215952396393,-0.13178078830242157,-0.9909945130348206
21.867491006851196,-2.0296436458353564,1.7037990127527316,-15.179521694463059,-0.0302734375,0.03515625,1.00439453125,0.42724609375,-0.244140625,0.06103515625,0.0,0.0,0.0,-0.015590517781674862,-0.01707434095442295,-0.1317829191684723,-0.9910088777542114
21.887104511260986,-1.9488920268255883,1.656714463379014,-15.173640901587676,-0.029296875,0.0341796875,1.0029296875,0.06103515625,-0.54931640625,-0.1220703125,0.0,0.0,0.0,-0.014947367832064629,-0.016573529690504074,-0.13175177574157715,-0.9910314679145813
21.90566086769104,-2.0693729352466166,1.6586132559682776,-15.174808863935748,-0.029296875,0.0361328125,1.00341796875,-0.48828125,-1.03759765625,-0.06103515625,0.0,0.0,0.0,-0.015986962243914604,-0.01672862470149994,-0.13174404203891754,-0.9910137057304382
21.925670862197876,-2.1318969137957366,1.690211525337755,-15.17314571287285,-0.02978515625,0.03759765625,1.0048828125,-0.18310546875,-0.79345703125,-0.244140625,0.0,0.0,0.0,-0.01649145595729351,-0.017073512077331543,-0.13171489536762238,-0.9910033941268921
21.946102619171143,-2.175536059620006,1.840261923501355,-15.171226429716077,-0.0322265625,0.0380859375,1.00390625,0.1220703125,-0.3662109375,-0.06103515625,0.0,0.0,0.0,-0.016695953905582428,-0.018420927226543427,-0.1316644847393036,-0.9909825921058655
21.96124529838562,-2.004541633418502,1.7272882467518171,-15.16332902348825,-0.02978515625,0.0341796875,1.00537109375,0.0,-0.54931640625,-0.06103515625,0.0,0.0,0.0,-0.015348748303949833,-0.01724642887711525,-0.1316426396369934,-0.991028368473053
21.986266136169434,-2.0282716315858305,1.7219775612287207,-15.159649259072905,-0.0302734375,0.03564453125,1.00439453125,-0.42724609375,-1.0986328125,-0.30517578125,0.0,0.0,0.0,-0.015560651198029518,-0.017227264121174812,-0.13160815834999084,-0.9910299777984619
22.006017446517944,-2.058460000500229,1.8017005964381674,-15.155889239934814,-0.03125,0.0361328125,1.00439453125,0.06103515625,-0.79345703125,-0.244140625,0.0,0.0,0.0,-0.01573038287460804,-0.017950834706425667,-0.13155730068683624,-0.9910212755203247
22.025725841522217,-2.035240558973359,1.5838409339683266,-15.153290352955624,-0.0283203125,0.03564453125,1.0029296875,0.0,-0.67138671875,-0.1220703125,0.0,0.0,0.0,-0.015781087800860405,-0.016039811074733734,-0.13157562911510468,-0.9910507202148438
22.045707941055298,-2.058701618442118,1.7816844069103275,-15.15093393769197,-0.03125,0.0361328125,1.00439453125,-0.42724609375,-0.6103515625,-0.18310546875,0.0,0.0,0.0,-0.01575632207095623,-0.017777342349290848,-0.1315179020166397,-0.9910290837287903
22.065696477890015,-1.9982973464132292,1.743317313351662,-15.146175003387762,-0.03173828125,0.03515625,1.005859375,-0.18310546875,-0.54931640625,0.06103515625,0.0,0.0,0.0,-0.015278857201337814,-0.017375582829117775,-0.13149254024028778,-0.9910471439361572
22.086626052856445,-2.0358379870823233,1.7444297804127278,-15.143460003192683,-0.03076171875,0.03564453125,1.0029296875,0.244140625,-0.6103515625,-0.18310546875,0.0,0.0,0.0,-0.015602659434080124,-0.01742791011929512,-0.1314631700515747,-0.9910451173782349
22.105840921401978,-2.010799153915291,1.7168379505999918,-15.139168936846623,-0.03076171875,0.03564453125,1.0048828125,0.244140625,-0.732421875,-0.18310546875,0.0,0.0,0.0,-0.01541853602975607,-0.017159994691610336,-0.13143453001976013,-0.991056501865387
22.12553834915161,-1.9920112244992905,1.700020317316128,-15.135847757362704,-0.02978515625,0.03515625,1.005859375,-0.3662109375,-0.91552734375,-0.1220703125,0.0,0.0,0.0,-0.015275904908776283,-0.016992563381791115,-0.13141144812107086,-0.9910645484924316
22.14565134048462,-2.027489361482452,1.785929582922902,-15.133479389268002,-0.03076171875,0.03515625,1.001953125,-0.244140625,-0.732421875,-0.06103515625,0.0,0.0,0.0,-0.015484200790524483,-0.017775868996977806,-0.13137103617191315,-0.9910529255867004
22.166885137557983,-2.1235145641368383,1.8073850213749103,-15.133829436462966,-0.03173828125,0.03662109375,1.00341796875,0.244140625,-0.244140625,0.06103515625,0.0,0.0,0.0,-0.01628991775214672,-0.01807153970003128,-0.13135528564453125,-0.9910368323326111
22.185736656188965,-2.1048766854391663,1.713083160825483,-15.130103568270723,-0.0302734375,0.037109375,1.00390625,0.0,-0.67138671875,-0.06103515625,0.0,0.0,0.0,-0.016237858682870865,-0.017234141007065773,-0.13134266436100006,-0.9910542368888855
22.205690383911133,-2.001882768840663,1.7753025556263027,-15.122940407378673,-0.03125,0.03515625,1.0048828125,-0.244140625,-1.0986328125,-0.244140625,0.0,0.0,0.0,-0.015276595950126648,-0.0176532045006752,-0.1312856525182724,-0.9910696744918823
22.225720405578613,-2.1146886790687125,1.721196571785812,-15.12328020928988,-0.0302734375,0.037109375,1.00390625,-0.3662109375,-1.03759765625,-0.244140625,0.0,0.0,0.0,-0.01631440967321396,-0.017314579337835312,-0.13128073513507843,-0.9910597801208496
22.24597954750061,-2.0920483095174127,1.6982571680149126,-15.118514444796505,-0.02978515625,0.03662109375,1.0029296875,0.18310546875,-0.18310546875,-0.1220703125,0.0,0.0,0.0,-0.016145700588822365,-0.017089586704969406,-0.13124693930149078,-0.9910709857940674
22.26088547706604,-1.986769908084952,1.7057556485065288,-15.11240654813122,-0.0302734375,0.03515625,1.00439453125,0.18310546875,-0.3662109375,-0.1220703125,0.0,0.0,0.0,-0.015227459371089935,-0.017033038660883904,-0.13120852410793304,-0.9910914897918701
22.285669803619385,-1.999214085865892,1.5741762162927586,-15.108699462959196,-0.0283203125,0.03515625,1.00537109375,-0.244140625,-1.03759765625,-0.1220703125,0.0,0.0,0.0,-0.015486839227378368,-0.01590883731842041,-0.13119661808013916,-0.991107702255249
22.305960178375244,-1.9961276941346924,1.704604121301147,-15.10443230227523,-0.02978515625,0.03515625,1.00390625,0.06103515625,-1.03759765625,-0.3662109375,0.0,0.0,0.0,-0.015310900285840034,-0.017032727599143982,-0.13113833963871002,-0.9910995364189148
22.325813055038452,-2.0624859701291283,1.7320364021637396,-15.102502773834702,-0.03076171875,0.03662109375,1.0048828125,0.06103515625,-0.8544921875,-0.30517578125,0.0,0.0,0.0,-0.015853602439165115,-0.017345640808343887,-0.13110703229904175,-0.9910897016525269
22.345611095428467,-2.0840576285187327,1.7705834285183528,-15.100440056705358,-0.03125,0.03662109375,1.00390625,-0.18310546875,-0.42724609375,-0.18310546875,0.0,0.0,0.0,-0.015996204689145088,-0.01770339533686638,-0.13107918202877045,-0.9910847544670105
22.36666488647461,-2.063064828661287,1.7837142537542907,-15.094726603464641,-0.03125,0.03564453125,1.0029296875,-0.3662109375,-0.48828125,-0.18310546875,0.0,0.0,0.0,-0.015800444409251213,-0.017792150378227234,-0.13103072345256805,-0.9910928010940552
22.38578772544861,-2.0170432274771524,1.812081843646352,-15.090138423889686,-0.03173828125,0.03564453125,1.0029296875,0.06103515625,-0.732421875,-0.1220703125,0.0,0.0,0.0,-0.01537055429071188,-0.017984244972467422,-0.13099335134029388,-0.9911009669303894
22.405675649642944,-2.003870567332548,1.70131730620649,-15.086316933049064,-0.03076171875,0.03515625,1.00390625,0.1220703125,-0.732421875,-0.18310546875,0.0,0.0,0.0,-0.015384335070848465,-0.017010731622576714,-0.13098107278347015,-0.9911195635795593
22.425729036331177,-2.093761192895205,1.8405673610233018,-15.08664136703464,-0.03173828125,0.0361328125,1.00439453125,-0.244140625,-0.79345703125,-0.18310546875,0.0,0.0,0.0,-0.01600193791091442,-0.018317798152565956,-0.13094601035118103,-0.9910911321640015
22.445584774017334,-1.9679143171074853,1.7640035017483975,-15.079162309893476,-0.03076171875,0.03466796875,1.00341796875,-0.3662109375,-0.6103515625,-0.06103515625,0.0,0.0,0.0,-0.015002500265836716,-0.01751083880662918,-0.130914106965065,-0.9911256432533264
22.465755701065063,-1.9690985011548363,1.7124377079489168,-15.075103469979195,-0.02978515625,0.03466796875,1.00439453125,0.06103515625,-0.1220703125,-0.1220703125,0.0,0.0,0.0,-0.015072493813931942,-0.017065685242414474,-0.13088738918304443,-0.991135835647583
22.485684633255005,-2.072076622940884,1.754134838893081,-15.074034545374088,-0.03076171875,0.0361328125,1.00439453125,0.0,-0.3662109375,0.0,0.0,0.0,0.0,-0.01591552048921585,-0.017543772235512733,-0.1308555155992508,-0.9911184310913086
22.500771284103394,-2.025889176225965,1.7114857503333463,-15.069839101676408,-0.02978515625,0.03515625,1.00341796875,-0.3662109375,-1.0986328125,-0.244140625,0.0,0.0,0.0,-0.015565568581223488,-0.017121601849794388,-0.13083353638648987,-0.9911343455314636
22.526100158691406,-1.9412166017457866,1.7404519422731357,-15.063104535154777,-0.03076171875,0.0341796875,1.0048828125,0.0,-1.0986328125,-0.30517578125,0.0,0.0,0.0,-0.014801021665334702,-0.017274577170610428,-0.13078317046165466,-0.9911500215530396
22.545865297317505,-1.984240817101343,1.7569099234085161,-15.0625751954941,-0.03076171875,0.03515625,1.0048828125,0.18310546875,-0.3662109375,-0.18310546875,0.0,0.0,0.0,-0.015154377557337284,-0.017465950921177864,-0.13076934218406677,-0.9911431074142456
22.566012620925903,-2.0748353790353344,1.7818838697784332,-15.061924619975656,-0.03125,0.0361328125,1.00244140625,0.0,-0.244140625,0.0,0.0,0.0,0.0,-0.015909438952803612,-0.01778522878885269,-0.1307455152273178,-0.9911287426948547
22.58573079109192,-2.080736875921637,1.666466692853323,-15.0586802801199,-0.029296875,0.03662109375,1.00390625,-0.1220703125,-0.79345703125,0.0,0.0,0.0,0.0,-0.01609320379793644,-0.016793303191661835,-0.13073666393756866,-0.9911442995071411
22.60568404197693,-1.9457482188166784,1.805215582539785,-15.049556854936055,-0.03173828125,0.0341796875,1.00537109375,0.06103515625,-1.03759765625,-0.30517578125,0.0,0.0,0.0,-0.014768121764063835,-0.017838129773736,-0.13065464794635773,-0.9911574721336365
22.625511407852173,-2.054895068640305,1.8708998042405052,-15.050154496488432,-0.03271484375,0.0361328125,1.00341796875,0.0,-0.67138671875,-0.18310546875,0.0,0.0,0.0,-0.015636874362826347,-0.01853073015809059,-0.13063137233257294,-0.9911344647407532
22.645735025405884,-2.012469775497594,1.7941739414162248,-15.046850392477438,-0.03125,0.03564453125,1.00341796875,0.06103515625,-0.48828125,0.0,0.0,0.0,0.0,-0.01535828597843647,-0.01781834103167057,-0.13062269985675812,-0.9911531209945679
22.666225910186768,-1.9723428410105923,1.7025375621903949,-15.042713005387702,-0.02978515625,0.03466796875,1.0048828125,-0.18310546875,-0.54931640625,0.0,0.0,0.0,0.0,-0.015116707421839237,-0.01697949692606926,-0.13060839474201202,-0.9911733865737915
22.685768127441406,-2.0912321019115963,1.667828995427623,-15.04236978838191,-0.02978515625,0.03662109375,1.00439453125,0.0,-0.732421875,-0.18310546875,0.0,0.0,0.0,-0.016184812411665916,-0.016814757138490677,-0.13059380650520325,-0.9911612272262573
22.70576810836792,-1.9950186421682117,1.6324034722454115,-15.03612870302781,-0.02880859375,0.03515625,1.00390625,0.0,-0.91552734375,-0.06103515625,0.0,0.0,0.0,-0.015394032001495361,-0.016397863626480103,-0.1305598020553589,-0.9911853671073914
22.7208034992218,-2.091773821290143,1.677082621092521,-15.036016004906505,-0.029296875,0.0361328125,1.00390625,-0.06103515625,-0.79345703125,-0.06103515625,0.0,0.0,0.0,-0.016179846599698067,-0.0168945100158453,-0.13053715229034424,-0.991167426109314
22.74634575843811,-2.0526306474870344,1.6647115476800411,-15.031362938534434,-0.029296875,0.03564453125,1.00341796875,-0.3662109375,-0.54931640625,-0.06103515625,0.0,0.0,0.0,-0.015856102108955383,-0.016742276027798653,-0.1305047869682312,-0.9911795258522034
22.76587438583374,-2.0353564587458375,1.753016715581609,-15.027903447719822,-0.03076171875,0.03564453125,1.00390625,0.30517578125,-0.3662109375,0.0,0.0,0.0,0.0,-0.015606245025992393,-0.017485888674855232,-0.13046233355998993,-0.991176187992096
22.785837411880493,-1.9978670444955184,1.6895582817766666,-15.022686890741225,-0.02978515625,0.03515625,1.0029296875,0.244140625,-0.6103515625,-0.244140625,0.0,0.0,0.0,-0.01535528339445591,-0.016893647611141205,-0.1304335743188858,-0.9911941885948181
22.805803537368774,-1.918197156695551,1.7560665017677253,-15.017825503599468,-0.0302734375,0.0341796875,1.0048828125,-0.3662109375,-1.03759765625,-0.30517578125,0.0,0.0,0.0,-0.014590892009437084,-0.017377587035298347,-0.13039246201515198,-0.9912028312683105
22.82576274871826,-2.0314969749779572,1.776065188935817,-15.019881390539643,-0.03125,0.03515625,1.0029296875,-0.3662109375,-0.79345703125,-0.06103515625,0.0,0.0,0.0,-0.015547750517725945,-0.01767975278198719,-0.13038957118988037,-0.9911832809448242
22.84578561782837,-1.9788392046849208,1.6702826341652444,-15.013597616503231,-0.029296875,0.03466796875,1.0048828125,0.06103515625,-0.30517578125,-0.06103515625,0.0,0.0,0.0,-0.015214048326015472,-0.01670406013727188,-0.130360946059227,-0.9912092089653015
22.86572790145874,-2.040192446121618,1.7629056555610239,-15.010699908747853,-0.03125,0.0361328125,1.00537109375,0.06103515625,-0.54931640625,-0.18310546875,0.0,0.0,0.0,-0.01563940942287445,-0.017574576660990715,-0.13031107187271118,-0.9911940097808838
22.88575267791748,-2.0174850553390877,1.7745965915425583,-15.007460691533975,-0.03125,0.03466796875,1.0048828125,-0.18310546875,-0.9765625,-0.244140625,0.0,0.0,0.0,-0.015430141240358353,-0.01764943264424801,-0.13028454780578613,-0.9911995530128479
22.90558385848999,-2.060737441701605,1.733559747792064,-15.005266493263107,-0.03125,0.0361328125,1.0048828125,-0.30517578125,-1.0986328125,-0.30517578125,0.0,0.0,0.0,-0.015851449221372604,-0.017343370243906975,-0.1302659958600998,-0.9912006855010986
22.92570734024048,-2.1157802286754452,1.7848080445168448,-15.003697257301297,-0.03125,0.03662109375,1.0029296875,0.1220703125,-0.732421875,-0.42724609375,0.0,0.0,0.0,-0.016269301995635033,-0.017848970368504524,-0.1302350014448166,-0.9911889433860779
22.946269512176514,-1.9817706364993257,1.653774387106441,-14.996793643597707,-0.02978515625,0.03515625,1.00537109375,-0.18310546875,-0.42724609375,-0.1220703125,0.0,0.0,0.0,-0.015260684303939342,-0.01656237244606018,-0.13021789491176605,-0.9912296533584595
22.96766209602356,-1.9741240262800848,1.7474350636475333,-14.99185712437508,-0.03076171875,0.03466796875,1.0029296875,-0.6103515625,-0.6103515625,-0.06103515625,0.0,0.0,0.0,-0.015088447369635105,-0.01736314967274666,-0.13016076385974884,-0.9912261366844177
22.986018419265747,-1.9845413454248235,1.7863794149127707,-14.988394218465883,-0.03125,0.03466796875,1.00341796875,0.18310546875,-0.6103515625,-0.1220703125,0.0,0.0,0.0,-0.015134678222239017,-0.017711371183395386,-0.13012273609638214,-0.9912242293357849
23.00609040260315,-2.0911582504911954,1.6688139300502802,-14.987639482562598,-0.029296875,0.03662109375,1.00537109375,0.18310546875,-0.79345703125,-0.18310546875,0.0,0.0,0.0,-0.01619108021259308,-0.016815457493066788,-0.13012023270130157,-0.9912234544754028
23.02571153640747,-2.1325782251654455,1.6202182013226971,-14.98903967134245,-0.0283203125,0.037109375,1.001953125,-0.30517578125,-0.732421875,-0.18310546875,0.0,0.0,0.0,-0.01660456694662571,-0.016442367807030678,-0.13013486564159393,-0.9912209510803223
23.046992540359497,-2.1276972012298248,1.6660986096900827,-14.985081576718427,-0.02978515625,0.037109375,1.00439453125,-0.3662109375,-0.79345703125,-0.244140625,0.0,0.0,0.0,-0.0165106151252985,-0.016833094879984856,-0.13009323179721832,-0.9912213683128357
