time,child_frame_id,pose.pose.position.x,pose.pose.position.y,pose.pose.position.z,pose.pose.orientation.x,pose.pose.orientation.y,pose.pose.orientation.z,pose.pose.orientation.w,pose.covariance,twist.twist.linear.x,twist.twist.linear.y,twist.twist.linear.z,twist.twist.angular.x,twist.twist.angular.y,twist.twist.angular.z,twist.covariance
0.4300711154937744,base_link,5.498864054522981,-5.145388281816842,-1.7031552350259985e-24,1.7533004885341512e-23,4.719478751901856e-24,-0.9999869191871057,0.0051148269453609955,[ 2.00571080e-03 -7.84877346e-04 -1.17910893e-04 -9.45906947e-04
  1.14470528e-03  3.99908905e-04 -2.68547454e-04  5.37545922e-04
  7.75874751e-04 -1.11428226e-04  1.34861978e-04  4.71697072e-05
 -1.49554255e-20 -9.28030473e-20  9.99081457e-07 -6.43722849e-18
  1.58021145e-17 -1.01742479e-24 -1.94817578e-20 -6.67038446e-21
 -6.43721864e-18  9.98166280e-07  1.78534253e-23  6.21130001e-24
 -8.00446135e-20 -2.36639830e-20  1.58020719e-17  5.28658349e-23
  9.98166280e-07 -2.23542894e-23 -2.49544364e-20 -3.54349957e-21
  4.25959982e-21 -7.36987089e-23  8.92993417e-23  9.99999089e-10],-0.0014682316281479759,0.00043362578951221644,-2.0109295221236602e-21,-6.1756314296375005e-27,2.5718512161921116e-27,0.0005426504263209733,[ 6.20702366e-02 -6.18780032e-04 -7.57180530e-06  7.49460267e-11
 -1.03370946e-10 -2.60455643e-04 -2.18156725e-04  3.59429717e-02
  4.34933198e-04  1.50799045e-11 -1.80967025e-11 -1.88340484e-05
  1.57802238e-18 -9.06393016e-17  9.98623448e-07 -1.57414238e-26
  3.86452353e-26 -2.37650019e-25 -1.69313532e-24 -3.36042124e-25
 -1.56532847e-26  9.94538795e-07  4.39618622e-33  2.44711306e-27
  4.13590306e-25  7.10858339e-26  3.86093370e-26  2.18782581e-33
  9.94538795e-07 -9.61855110e-28 -3.40830711e-15  1.10165783e-15
  1.38716835e-17 -1.91441901e-23  1.87475576e-23  3.49583349e-02]
0.5146706104278564,base_link,5.500485150014088,-5.14512305736848,-5.308617668498718e-23,-4.050766085323212e-24,9.802703898489032e-25,-0.9999851034913415,0.0054582776964017185,[ 2.84361701e-03 -1.06557026e-03 -2.47750618e-04 -1.19221459e-03
  1.55432469e-03  5.52017316e-04 -3.73153132e-04  7.01970559e-04
  1.03185809e-03 -9.27744152e-05  1.20955052e-04  4.29679432e-05
 -1.60248046e-19  2.06940737e-19  9.99803071e-07  2.86513451e-18
  9.55742025e-18 -7.55322732e-25 -3.86458782e-20 -6.10790164e-21
  2.86513239e-18  9.99606298e-07 -2.13939340e-24 -7.10660093e-25
  5.16690098e-20  7.74241053e-21  9.55742069e-18  6.11288291e-24
  9.99606298e-07 -2.89580190e-24  7.00788190e-20  1.22681128e-20
  4.87467054e-21 -1.90921400e-21  2.48917762e-21  9.99999812e-10],-0.0030107955198539556,0.00024708500138338453,-1.8726564639350217e-21,6.254987675842165e-28,6.996988451952926e-28,0.0008548282064801769,[ 6.31221908e-02 -8.09075311e-04 -1.00236822e-05  3.65555840e-11
 -4.90758779e-11 -3.42460961e-04 -2.93474644e-04  3.60756516e-02
  4.36723988e-04  3.11994083e-12 -3.98079854e-12 -1.47890687e-05
  9.80694746e-18 -4.27284076e-16  9.99704665e-07  7.05247202e-27
  2.35334600e-26 -1.14826675e-24  1.50572721e-24  1.28843074e-25
  7.06366654e-27  9.98820741e-07 -1.31631627e-33  1.26619377e-28
 -3.80632329e-24 -3.08577143e-25  2.35408377e-26 -1.38745683e-33
  9.98820741e-07  1.40756354e-28 -3.41489949e-15  5.76352558e-16
  7.33912873e-18 -1.56031818e-24  1.73594420e-24  3.50081400e-02]
0.5627899169921875,base_link,5.499672936341683,-5.1444323492593655,1.2357861886949012e-22,-1.2983760330533959e-24,-9.556879700986351e-25,-0.9999869277864125,0.005113145440150247,[ 2.64427147e-03 -1.06287331e-03 -2.75222491e-04 -1.22069729e-03
  1.43448565e-03  5.19673391e-04 -4.13344300e-04  6.45748791e-04
  9.49256835e-04 -1.33193903e-04  1.56510454e-04  5.67379182e-05
  1.81847386e-20 -4.63750539e-20  9.99653878e-07  2.87289019e-18
  3.44392521e-17 -2.04737700e-24 -5.33101361e-20 -1.52201233e-20
  2.87288376e-18  9.99308235e-07 -8.21110544e-24 -2.87344287e-24
  5.45277460e-20  1.77082826e-20  3.44392598e-17 -9.28078918e-24
  9.99308235e-07  3.83213372e-24 -1.34980237e-20  4.99254552e-21
  1.47256086e-20 -4.28969167e-21  5.04046844e-21  9.99999663e-10],-0.0018334476185344097,-0.00023084296912016098,1.4197762397419147e-21,1.3458631509425337e-30,-2.321584491629556e-28,0.00039971847829994026,[ 6.28980433e-02 -8.08817334e-04 -9.99816554e-06  5.50775915e-11
 -5.97742732e-11 -3.25522266e-04 -3.24336812e-04  3.60675454e-02
  4.36472762e-04  9.10775918e-12 -1.11113596e-11 -2.15923877e-05
 -1.60258634e-18  6.98226199e-17  9.99480996e-07  7.12104280e-27
  8.54343749e-26 -3.53811248e-23  5.11171769e-24  8.48183245e-25
  7.12619671e-27  9.97930424e-07 -2.82181613e-33 -1.82414630e-31
 -4.08420427e-24 -7.59325953e-25  8.54340770e-26 -2.91129094e-33
  9.97930424e-07  2.02673217e-28 -3.80886242e-15 -1.72313776e-15
 -2.10279066e-17  3.80208176e-23 -4.68114116e-23  3.50144754e-02]
0.6048016548156738,base_link,5.500946275652069,-5.144517143871278,-2.7338432211033217e-23,2.199333236666298e-23,4.546511673150445e-24,-0.9999894549751572,0.0045923783040921155,[ 1.99501692e-03 -7.82518029e-04 -1.75300626e-04 -9.64768489e-04
  1.07567595e-03  4.31459353e-04 -3.09429386e-04  5.66150760e-04
  7.45108147e-04 -1.42262080e-04  1.58605480e-04  6.37047001e-05
 -4.39398341e-21 -3.93870320e-20  9.99115239e-07  1.75710349e-18
  8.72881555e-17 -6.95767457e-24 -5.44218669e-20 -2.23934335e-20
  1.75707615e-18  9.98233602e-07 -1.80572847e-23 -7.18817083e-24
  1.43254447e-19  6.42686249e-20  8.72882316e-17 -7.96449915e-23
  9.98233602e-07  3.56109478e-23 -5.37010824e-21  1.60507806e-20
  2.49682701e-20 -8.54613577e-21  9.52742513e-21  9.99999123e-10],-0.0030558979625146003,-0.00016436568270499012,-1.3796484533271482e-21,-3.707097725891638e-27,1.3814106218048612e-31,-0.00021197049301136333,[ 6.21485391e-02 -6.13728538e-04 -7.53380491e-06  8.24984002e-11
 -8.57785831e-11 -2.79908745e-04 -2.49023549e-04  3.60280275e-02
  4.35699404e-04  2.00028867e-11 -2.24809472e-11 -2.57714254e-05
  4.32833836e-19 -2.50450702e-17  9.98674031e-07  4.28645486e-27
  2.13298745e-25 -1.83218756e-23  4.97600837e-24  1.20522800e-24
  4.23145582e-27  9.94737876e-07 -3.68221062e-33 -1.76266561e-27
 -6.34602626e-24 -1.66405475e-24  2.13290074e-25 -1.66457507e-33
  9.94737876e-07 -2.38563135e-30 -3.54553290e-15 -2.63350675e-15
 -3.21408074e-17  6.64061968e-25 -6.28910372e-25  3.50068487e-02]
0.6745116710662842,base_link,5.498407119517293,-5.1465224346381415,2.5372820472075923e-22,1.273564466197328e-22,1.1590451137716334e-22,-0.9999857420247253,0.00534001378832076,[ 1.79766712e-03 -7.11851877e-04 -1.37826183e-04 -8.75997040e-04
  1.03365678e-03  3.54251932e-04 -2.76554681e-04  4.58243223e-04
  7.24761036e-04 -1.43621470e-04  1.69489583e-04  5.81927539e-05
  2.54109884e-21  2.09640654e-20  9.98752593e-07  2.44041399e-17
  4.91565688e-17 -2.43092944e-23 -4.69044495e-20 -2.48815928e-20
  2.44041448e-17  9.97511389e-07  9.28596039e-23  3.22440987e-23
 -2.81638455e-20 -1.32878294e-20  4.91565668e-17  8.70806582e-23
  9.97511389e-07 -3.57102448e-23  1.04447062e-20  9.19923069e-21
  1.43691458e-20 -7.78855357e-21  9.19208338e-21  9.99998759e-10],0.00024207823478706987,0.0012447644884164564,-3.0956480681718927e-21,-2.3512489841475392e-26,-2.317170208337758e-26,0.000673407111629064,[ 6.19186898e-02 -5.74803911e-04 -7.01848186e-06  9.00764563e-11
 -1.17084257e-10 -2.35056667e-04 -2.29236670e-04  3.59646678e-02
  4.34806342e-04  2.78515639e-11 -3.25974671e-11 -2.34792844e-05
  3.86247024e-19 -2.39608680e-17  9.98131219e-07  5.92815640e-26
  1.19400398e-25 -2.56785427e-23  1.68021062e-25  5.49299626e-26
  5.93349609e-26  9.92607530e-07 -5.62573743e-33  1.93312678e-27
  8.27180613e-25  2.32644547e-25  1.19464048e-25 -1.21576549e-32
  9.92607530e-07  1.89213102e-27 -3.03651507e-15 -3.37521284e-15
 -4.11832547e-17  2.46230598e-24 -2.06065906e-24  3.49989502e-02]
0.7291727066040039,base_link,5.500975269747288,-5.1490735960586775,-2.1308446757074267e-23,3.2230435952687273e-24,1.3370139838265342e-23,-0.9999926494922831,0.003834183277293212,[ 1.80796053e-03 -6.07075461e-04 -1.22995484e-04 -7.05581610e-04
  8.57273954e-04  3.14433166e-04 -2.22659204e-04  4.84662207e-04
  7.76143117e-04 -9.70947010e-05  1.17972219e-04  4.33317830e-05
 -2.60975483e-22 -5.06102186e-20  9.99085073e-07  9.26622039e-17
  3.95767354e-17 -4.22621075e-24 -5.13513724e-21 -2.72638730e-21
  9.26621686e-17  9.98173485e-07 -3.87169568e-23 -1.27607452e-23
  8.36445035e-21  4.28810430e-21  3.95767532e-17 -1.09956885e-23
  9.98173485e-07  3.12138065e-24  3.17115714e-20 -2.00339267e-22
  1.60411630e-20 -1.62264467e-20  1.97158581e-20  9.99999093e-10],-0.002624082420693772,0.00294726903059086,-2.1786963933467942e-21,2.0894341887658688e-27,2.039267009906183e-27,-0.0009706479844605033,[ 6.19390268e-02 -4.98975627e-04 -6.08283139e-06  4.27961129e-11
 -5.43445042e-11 -2.10384273e-04 -1.88391656e-04  3.59606147e-02
  4.35104726e-04  1.32340785e-11 -1.60485627e-11 -1.72431333e-05
  1.25360876e-19 -8.94466792e-18  9.98628862e-07  2.26261773e-25
  9.66910743e-26 -2.38861631e-23  1.37001789e-24  4.28130590e-25
  2.26319942e-25  9.94560081e-07 -3.77712569e-32  5.81881630e-28
 -1.58973774e-24 -4.68520269e-25  9.66751046e-26 -3.91796086e-32
  9.94560081e-07  5.77899642e-28 -3.16029311e-15 -3.36262932e-15
 -4.10494192e-17  3.10654482e-23 -3.75805276e-23  3.49887067e-02]
0.7583482265472412,base_link,5.5019749771115745,-5.149872428221955,-1.0395962914336098e-23,-2.1798072455773146e-25,-1.374975649409109e-25,-0.9999901537081555,0.004437621743634433,[ 1.98679174e-03 -6.92524824e-04 -1.28958670e-04 -8.36046071e-04
  9.81148490e-04  3.76839838e-04 -2.68059761e-04  5.34902552e-04
  8.47132410e-04 -1.17384493e-04  1.37753944e-04  5.29487120e-05
  5.43292226e-21 -1.48071947e-19  9.99429394e-07  5.58509471e-17
  4.94885510e-17 -1.34938831e-24  5.50571416e-21  1.72053567e-21
  5.58509425e-17  9.98860088e-07 -7.02189664e-24 -8.37436242e-25
  1.05349723e-19  3.41460157e-20  4.94885570e-17 -7.85089190e-24
  9.98860088e-07  1.35682568e-24  1.51226323e-20  1.92978006e-21
  2.09386335e-20 -1.65741484e-20  1.94499480e-20  9.99999438e-10],-0.003582706611715767,0.0034498295656673257,-2.1909996481237424e-21,1.958451456930972e-28,-1.5066639371227199e-28,-0.0002345480739891425,[ 6.21540587e-02 -5.65572642e-04 -6.90448944e-06  5.87907399e-11
 -6.69729325e-11 -2.50252333e-04 -2.24187039e-04  3.59797478e-02
  4.35612349e-04  1.06819972e-11 -1.26091740e-11 -2.07021547e-05
  5.08219768e-19 -3.20381742e-17  9.99144578e-07  1.36751514e-25
  1.21176479e-25  1.24953385e-24 -3.81278564e-24 -6.93086880e-25
  1.36737764e-25  9.96595726e-07 -4.69584595e-32 -2.68345238e-28
 -4.26515003e-25 -8.07793567e-26  1.21190601e-25 -4.69356500e-32
  9.96595726e-07  2.86869657e-28 -3.49579561e-15 -3.54875634e-15
 -4.33473886e-17  2.01500307e-23 -2.35063541e-23  3.49868930e-02]
0.833996057510376,base_link,5.503320075601386,-5.149671027709606,-1.156137082945295e-24,-3.458884897971239e-23,-1.3506316901388482e-23,-0.9999917038419439,0.0040733582319640175,[ 1.92571318e-03 -6.87231717e-04 -1.05418394e-04 -8.19805665e-04
  1.02018869e-03  3.35378908e-04 -2.34831081e-04  4.90317791e-04
  7.41948601e-04 -1.04973094e-04  1.30640206e-04  4.29997223e-05
  7.78873265e-21  8.61856024e-20  9.99117825e-07  9.83944291e-17
  1.87536400e-16 -8.92218159e-24  1.20702195e-20  4.68515099e-21
  9.83943964e-17  9.98238754e-07 -3.81534935e-23 -5.67738870e-24
  1.69406589e-20  5.98217019e-21  1.87536459e-16 -5.77089703e-23
  9.98238754e-07  1.50825035e-23  2.00578632e-20  2.38152019e-20
  6.11953838e-20 -2.96481943e-20  3.68994032e-20  9.99999126e-10],-0.004328800152720093,0.0031657166603878584,-1.2763428468516496e-21,3.306700859534264e-27,1.8020009675439335e-27,-0.0005730123609096748,[ 6.20422345e-02 -5.58378175e-04 -6.81668061e-06  6.21089088e-11
 -8.37727052e-11 -2.22626648e-04 -1.96662731e-04  3.59480977e-02
  4.35145899e-04  1.41442990e-11 -1.74887470e-11 -1.70735147e-05
  9.47829868e-19 -6.04984812e-17  9.98677902e-07  2.40527993e-25
  4.58447227e-25 -1.25876297e-23  3.56721639e-24  8.11024741e-25
  2.40514486e-25  9.94753122e-07 -2.02029656e-31 -4.10370051e-28
 -1.04690046e-24 -2.19719850e-25  4.58434582e-25 -2.01226535e-31
  9.94753122e-07 -2.28823110e-28 -5.29275790e-15 -5.45691151e-15
 -6.66408791e-17  4.02136460e-23 -5.21868501e-23  3.49800826e-02]
0.877366304397583,base_link,5.503106913996531,-5.146704218637228,2.1444331741593906e-23,-4.5712262874757e-23,2.3419260453444053e-23,-0.9999929469299608,0.0037558075473455863,[ 1.83149552e-03 -6.90494817e-04 -1.26697376e-04 -8.58755951e-04
  1.15742899e-03  4.32895619e-04 -2.55563020e-04  5.73649289e-04
  7.47628236e-04 -1.10792586e-04  1.49342394e-04  5.59114560e-05
  3.58996386e-21  7.18919214e-20  9.99131224e-07  7.86245170e-17
  9.32907189e-17 -5.46588414e-25 -9.42324154e-21 -3.17637355e-21
  7.86245070e-17  9.98265460e-07 -2.49813619e-23 -6.19689056e-24
 -4.48927462e-20 -1.30760711e-20  9.32907030e-17  1.50370945e-23
  9.98265460e-07 -1.18601218e-23  1.40445962e-20  1.09203932e-20
  3.16484567e-20 -2.12887441e-20  2.86991321e-20  9.99999139e-10],-0.003802871465429527,0.0010069695607114121,1.0352500623119808e-21,-2.265740731671188e-27,1.7371256874425544e-26,-0.0009156667830145513,[ 6.19075066e-02 -5.60790300e-04 -6.84273567e-06  6.90997094e-11
 -1.06508233e-10 -2.87469402e-04 -2.12710351e-04  3.59795690e-02
  4.35630293e-04  1.36054698e-11 -1.82255115e-11 -2.19592953e-05
  3.87094057e-19 -2.46113893e-17  9.98697967e-07  1.92243594e-25
  2.28109848e-25 -1.70183717e-23 -2.54616532e-24 -5.02447599e-25
  1.92241227e-25  9.94832135e-07 -8.15575679e-32 -1.76798240e-28
 -2.40399366e-24 -4.10359132e-25  2.28146310e-25 -8.25455362e-32
  9.94832135e-07  1.31565382e-27 -6.09697121e-15 -6.03050867e-15
 -7.36421885e-17  2.26956120e-23 -3.44568909e-23  3.49742668e-02]
0.9296412467956543,base_link,5.503895239219745,-5.149152662584316,-4.5905839808896934e-23,3.1080101916087116e-24,2.9773012352411725e-25,-0.999991526325447,0.004116707094611432,[ 1.84744535e-03 -7.75323504e-04 -1.45696017e-04 -9.80442862e-04
  1.21442223e-03  4.27933312e-04 -2.98150007e-04  5.52046571e-04
  7.59024620e-04 -1.65109622e-04  2.04460923e-04  7.22062327e-05
  8.97325528e-21  3.89635156e-20  9.98692834e-07  7.62520521e-17
  1.52646210e-16  5.14416664e-24 -1.58818678e-21 -8.47032947e-22
  7.62520643e-17  9.97392481e-07 -8.11119840e-24  2.80459316e-25
  3.55753838e-20  2.37169225e-20  1.52646192e-16 -1.97310784e-24
  9.97392481e-07 -3.03416224e-24  1.50919878e-20  1.77590895e-20
  3.83566460e-20 -2.44097568e-20  3.02226685e-20  9.99998699e-10],-0.004228915204541513,0.0026703677162845337,2.0186057500565077e-21,-5.014854741411372e-27,6.2973993986140986e-27,-0.0004324687726801656,[ 6.19099873e-02 -6.22863881e-04 -7.61011632e-06  1.10226259e-10
 -1.08293597e-10 -2.81864773e-04 -2.44328752e-04  3.59662771e-02
  4.35234889e-04  3.32621664e-11 -4.19038418e-11 -2.87725852e-05
  3.15096256e-19 -1.79977561e-17  9.98041809e-07  1.85885840e-25
  3.72134952e-25  4.25487648e-23 -3.32164715e-24 -1.00166402e-24
  1.85925191e-25  9.92258054e-07 -8.27463853e-32  1.41137809e-27
  2.14549971e-24  8.27180613e-25  3.72091704e-25 -8.27608777e-32
  9.92258054e-07 -1.80563317e-27 -6.51323867e-15 -6.59175270e-15
 -8.04690587e-17  7.43394385e-23 -9.20762356e-23  3.49740964e-02]
0.9733617305755615,base_link,5.502912360800346,-5.150121161650906,8.198364770864331e-24,-2.87834980523673e-23,-2.6102645075332502e-23,-0.9999917829694869,0.0040538862226950426,[ 1.90307810e-03 -8.17423526e-04 -1.49098571e-04 -1.01183005e-03
  1.21194320e-03  4.08491142e-04 -2.99475905e-04  5.52828307e-04
  7.56500974e-04 -1.73801965e-04  2.08165155e-04  7.02731560e-05
  1.62789145e-21  1.18584613e-20  9.98949983e-07  1.19471617e-16
  1.32663386e-16 -1.46769874e-23 -3.63165376e-20 -1.93229391e-20
  1.19471557e-16  9.97904363e-07 -6.05644025e-23 -1.53658773e-23
  8.31151079e-20  4.73279659e-20  1.32663456e-16 -5.73246628e-23
  9.97904363e-07  1.70920663e-23  2.45117268e-20  5.40203224e-21
  4.05451023e-20 -3.63117902e-20  4.34895353e-20  9.99998957e-10],-0.0027070822829877903,0.003256326558079227,-9.1430777138861e-22,-2.813918180736729e-26,2.299966077816853e-26,-0.0004442626700289841,[ 6.19757291e-02 -6.56289048e-04 -8.01519337e-06  8.67094889e-11
 -9.79635684e-11 -2.69552163e-04 -2.45358795e-04  3.59600186e-02
  4.35405632e-04  2.71869948e-11 -3.26634922e-11 -2.82123576e-05
  7.62329653e-19 -4.14707331e-17  9.98426625e-07  2.91672387e-25
  3.23916734e-25 -2.72507755e-23  3.41212003e-24  1.08244338e-24
  2.91839505e-25  9.93765226e-07 -1.37165025e-31  4.87829025e-27
  2.83050866e-24  9.37040538e-25  3.23772372e-25 -1.39758188e-31
  9.93765226e-07 -3.98808021e-27 -6.89086989e-15 -7.01116275e-15
 -8.56209692e-17  7.41541554e-23 -8.90195723e-23  3.49692750e-02]
1.0229430198669434,base_link,5.502213585961282,-5.146734323781919,2.03900384541881e-23,2.0250320874439902e-23,8.395126804001594e-24,-0.9999929622867132,0.003751716546355574,[ 2.50560715e-03 -9.73117320e-04 -2.36076898e-04 -1.13875700e-03
  1.31669372e-03  4.94794666e-04 -3.72947121e-04  6.70596957e-04
  9.43683492e-04 -1.53191180e-04  1.77125174e-04  6.65928475e-05
 -6.27863172e-20  1.54107057e-19  9.99664077e-07  3.63610302e-17
  2.90344467e-17  3.20718375e-25  9.41265363e-20  2.87197109e-20
  3.63610268e-17  9.99328605e-07 -1.18752181e-23 -3.28392183e-24
 -1.04502690e-19 -3.31136943e-20  2.90344561e-17 -2.05901631e-23
  9.99328605e-07  7.58632925e-24  3.80075921e-20  2.79640685e-21
  1.34701228e-20 -1.69372479e-20  1.95832694e-20  9.99999673e-10],-0.001709334667143883,0.0008234848791746905,-5.444480386667456e-22,-2.3625583132624063e-27,-7.354948880188623e-27,-0.0007527090646122863,[ 6.27214150e-02 -7.65595585e-04 -9.39666755e-06  4.88265784e-11
 -5.49203398e-11 -3.18993695e-04 -3.00094485e-04  3.60223651e-02
  4.36626430e-04  8.50845406e-12 -9.91208588e-12 -2.53411008e-05
  2.37508038e-18 -1.10317571e-16  9.99496284e-07  8.91779964e-26
  7.12180490e-26  2.03691262e-24 -1.69313532e-24 -2.95652446e-25
  8.91651355e-26  9.97991185e-07 -3.05371671e-32 -2.55548150e-28
  3.00499207e-24  5.39606103e-25  7.11561866e-26 -3.00699747e-32
  9.97991185e-07 -7.98776264e-28 -7.25854804e-15 -7.13129236e-15
 -8.72192767e-17  3.04273847e-24 -3.00908807e-24  3.49787731e-02]
1.0745244026184082,base_link,5.498859728862683,-5.147041915662255,-1.2334867576243357e-23,2.3782274118608585e-23,5.098775247817857e-24,-0.9999924255562657,0.00389214980395908,[ 2.15001493e-03 -7.85412274e-04 -1.78809615e-04 -9.12905157e-04
  1.16068810e-03  4.22512144e-04 -2.86754803e-04  5.84002802e-04
  8.34676191e-04 -1.10258956e-04  1.40208833e-04  5.10978049e-05
 -8.23871890e-22  1.65700820e-20  9.99218666e-07  2.79796049e-17
 -1.18301791e-17 -1.89935080e-25  4.34633781e-20  2.03023210e-20
  2.79796105e-17  9.98439769e-07  1.04705074e-23  3.66391067e-24
 -7.12566467e-20 -2.53051093e-20 -1.18302087e-17  3.85832766e-23
  9.98439769e-07 -1.76980804e-23 -1.40242527e-20 -1.34724716e-20
 -2.19595301e-21 -4.23262291e-21  5.38271644e-21  9.99999227e-10],0.0021758172486905526,0.0010000232247206762,-1.8579457729621387e-21,9.935401818869325e-28,-6.30219143390248e-27,-0.0005450437572895939,[ 6.22643142e-02 -6.19078055e-04 -7.58491565e-06  5.12778413e-11
 -8.23399296e-11 -2.74918814e-04 -2.32132152e-04  3.59808207e-02
  4.35887414e-04  1.37936205e-11 -1.71818339e-11 -2.03853558e-05
  2.54109884e-19 -1.46367293e-17  9.98828914e-07  6.86284667e-26
 -2.90171439e-26 -5.29477289e-24 -8.78879401e-25 -2.35875722e-25
  6.86205215e-26  9.95348272e-07  3.87095332e-33 -2.09393205e-28
  3.73523745e-24  7.81944173e-25 -2.89680565e-26  2.82981893e-33
  9.95348272e-07  1.37363800e-27 -7.61424598e-15 -7.20521462e-15
 -8.80811450e-17 -1.63617500e-23  1.63617656e-23  3.49746257e-02]
1.131375789642334,base_link,5.4972757525777896,-5.140876164175947,2.9056943567117986e-24,3.992032443859257e-24,1.7179288963210806e-23,-0.9999880235942045,0.004894146315424051,[ 1.86367216e-03 -7.23259735e-04 -9.94183945e-05 -9.17826941e-04
  1.15808000e-03  4.12975050e-04 -2.62883717e-04  5.64857692e-04
  7.76794448e-04 -1.34252678e-04  1.69401176e-04  6.04672653e-05
 -1.41878019e-20 -8.32739266e-20  9.99128614e-07 -9.17402505e-17
 -1.08067376e-16  4.35932587e-24 -5.73864822e-20 -1.92170600e-20
 -9.17402697e-17  9.98260257e-07 -5.49786178e-23 -1.55756249e-23
 -1.05984998e-19 -3.39871970e-20 -1.08067382e-16 -1.95671416e-23
  9.98260257e-07  3.69164164e-24 -3.58779251e-20 -1.39149874e-20
 -3.84846678e-20  2.77276749e-20 -3.49881885e-20  9.99999137e-10],0.003480744945192483,-0.003243729511520577,-1.7211855804766316e-21,8.777584639179284e-28,3.7375391209807965e-27,0.0005229081518747633,[ 6.19120116e-02 -5.84384426e-04 -7.13744008e-06  8.35146847e-11
 -1.09773595e-10 -2.73354637e-04 -2.18635425e-04  3.59613895e-02
  4.35718242e-04  1.62631275e-11 -2.04827752e-11 -2.36866935e-05
  8.84302397e-19 -5.39932682e-17  9.98694057e-07 -2.24030251e-25
 -2.63865676e-25 -1.04474074e-23  2.24889729e-24  4.39439700e-25
 -2.24006602e-25  9.94816725e-07 -1.09079950e-31  2.33532829e-28
 -6.63036960e-24 -1.23430857e-24 -2.63847484e-25 -1.10333904e-31
  9.94816725e-07  9.88729620e-28 -7.04509055e-15 -6.00311223e-15
 -7.34021449e-17 -6.59601708e-23  8.29035434e-23  3.49656176e-02]
1.1511268615722656,base_link,5.497402594993123,-5.1430191694111596,7.211455334807677e-23,7.444349585517329e-23,-4.0801538601153936e-23,-0.9999871151040608,0.005076379207453347,[ 1.91238949e-03 -7.49248851e-04 -1.39091667e-04 -9.29723845e-04
  1.10761311e-03  3.82159395e-04 -2.76400002e-04  5.45940980e-04
  7.42485163e-04 -1.61858093e-04  1.92813495e-04  6.66117015e-05
 -3.40798412e-22 -1.38701645e-20  9.99157581e-07 -9.05956315e-17
 -9.61829219e-17 -7.15618011e-24 -3.54695047e-20 -1.75759337e-20
 -9.05956721e-17  9.98317992e-07 -5.84896404e-23 -1.66441286e-23
 -4.94455483e-20 -2.71050543e-20 -9.61829428e-17  6.38773098e-23
  9.98317992e-07 -3.05644076e-23 -2.26236612e-20 -5.80961256e-21
 -3.19096067e-20  2.84268849e-20 -3.38620521e-20  9.99999166e-10],0.003247382077357515,-0.0017005077322591242,-4.6249256982800046e-21,-1.864003749290169e-29,-3.790521049465644e-26,0.0007167294218389527,[ 6.19736764e-02 -6.07258640e-04 -7.41420471e-06  7.23606658e-11
 -7.88762877e-11 -2.53355728e-04 -2.30729580e-04  3.59479189e-02
  4.35617175e-04  2.07493583e-11 -2.49046259e-11 -2.62205120e-05
  1.27224349e-18 -7.47557398e-17  9.98737433e-07 -2.21076100e-25
 -2.34672292e-25 -1.48806910e-24  1.39586728e-24  4.00665609e-25
 -2.21059377e-25  9.94987581e-07 -9.92953717e-32  4.49909809e-30
  2.32644547e-25  8.40105310e-26 -2.34537810e-25 -1.03956426e-31
  9.94987581e-07  4.55145662e-27 -6.56644812e-15 -5.48490425e-15
 -6.70843365e-17 -5.27975638e-23  6.15968247e-23  3.49627595e-02]
1.2296011447906494,base_link,5.4913310736803345,-5.141021090812674,-1.0406842754818756e-22,2.45923579397144e-24,2.1647029627222184e-24,-0.9999866327890505,0.005170516726276313,[ 2.55512836e-03 -9.58060678e-04 -1.87888627e-04 -1.09989795e-03
  1.22092758e-03  4.12573892e-04 -3.29138369e-04  5.74012614e-04
  8.87616509e-04 -1.27713334e-04  1.41765215e-04  4.79341621e-05
 -4.06443466e-20  1.54371755e-19  9.99600688e-07 -3.09036240e-17
 -8.96221318e-17  1.09675804e-24  3.34048619e-20  9.68793933e-21
 -3.09036191e-17  9.99202013e-07 -2.30516670e-24  1.56625206e-24
 -4.72220868e-20 -1.39495739e-20 -8.96221376e-17 -2.03949778e-24
  9.99202013e-07 -1.83831254e-24 -2.63807284e-20 -2.80940812e-20
 -3.69238864e-20  1.75593775e-20 -1.94912393e-20  9.99999610e-10],0.009224432700869778,-0.002993273659994989,-4.9937425654063156e-21,1.0104441380707264e-28,1.634833409630417e-29,0.0006723644388136895,[ 6.27485495e-02 -7.58819282e-04 -9.31089901e-06  5.20378352e-11
 -5.69499469e-11 -2.66352231e-04 -2.71671452e-04  3.59652042e-02
  4.36159902e-04  8.61438055e-12 -9.59982344e-12 -1.78313012e-05
 -1.65849051e-18  7.78457160e-17  9.99401270e-07 -7.63158945e-26
 -2.21387716e-25  1.32802986e-23 -2.84343336e-24 -4.70135856e-25
 -7.63341238e-26  9.97613639e-07 -6.79762038e-32 -2.20589723e-29
  3.15362609e-24  5.31528167e-25 -2.21368916e-25 -6.79581965e-32
  9.97613639e-07 -5.65052994e-30 -4.46796793e-15 -2.33035704e-15
 -2.83670712e-17 -7.10119919e-23  7.90344218e-23  3.49692487e-02]
1.258577823638916,base_link,5.491679158408424,-5.142557932738229,-8.57612271081472e-23,9.776064808347603e-24,6.913825584289095e-24,-0.9999836113321783,0.005725125942284577,[ 2.41236739e-03 -1.02697322e-03 -1.51927820e-04 -1.25632261e-03
  1.30752301e-03  4.54767102e-04 -3.38878308e-04  5.90028234e-04
  8.01605235e-04 -1.66344303e-04  1.73114514e-04  6.02608128e-05
  2.08449514e-22  1.11702470e-20  9.99425485e-07 -5.71215559e-17
 -1.74504668e-16  4.15907513e-24  7.22095588e-20  2.19699171e-20
 -5.71215377e-17  9.98852289e-07 -2.16374612e-24  5.28827620e-24
 -2.95402740e-20 -9.68793933e-21 -1.74504689e-16  3.31915902e-24
  9.98852289e-07 -7.49032118e-24 -3.60413191e-20 -3.67655739e-20
 -6.32895646e-20  3.65037312e-20 -3.79881690e-20  9.99999434e-10],0.008316490091815872,-0.0018644658197559509,1.8087128375552338e-22,-1.5591266543685948e-27,1.3343435528482739e-27,0.0012777872121395005,[ 6.25589070e-02 -8.09939578e-04 -9.93301188e-06  8.82409718e-11
 -8.67417626e-11 -2.94589895e-04 -2.77514569e-04  3.59738469e-02
  4.36182494e-04  1.58210655e-11 -1.66989584e-11 -2.31583696e-05
  1.05540305e-18 -4.62954328e-17  9.99138722e-07 -1.40821785e-25
 -4.30212488e-25  1.47053240e-23 -3.29579775e-24 -5.88073717e-25
 -1.40807942e-25  9.96572575e-07 -1.69207651e-31  3.52145257e-28
  3.42504472e-24  6.59159551e-25 -4.30223402e-25 -1.69269423e-31
  9.96572575e-07 -2.97679100e-28 -2.99424778e-15  6.24597860e-17
  9.71820137e-19 -1.41095016e-22  1.46912805e-22  3.49680222e-02]
1.3198473453521729,base_link,5.492462498867707,-5.14295620229685,3.336183828839878e-24,1.2019326677512853e-23,-4.562319140302071e-24,-0.9999870303692895,0.005093043609636128,[ 2.42085427e-03 -1.04071348e-03 -1.90934662e-04 -1.24642442e-03
  1.36989895e-03  4.77278486e-04 -3.61056867e-04  6.31992887e-04
  8.82749659e-04 -1.77288135e-04  1.94855662e-04  6.79421046e-05
 -9.11883907e-21  1.00055767e-19  9.99450385e-07 -3.11793101e-17
 -1.08349795e-16 -3.84032692e-24 -8.99972506e-21 -3.41460157e-21
 -3.11793314e-17  9.98901977e-07 -2.71832152e-23 -7.33838041e-24
 -7.16801632e-20 -2.61521422e-20 -1.08349813e-16  4.40405408e-23
  9.98901977e-07 -1.92422297e-23 -5.43515048e-20 -3.51677647e-20
 -4.22249440e-20  2.28313653e-20 -2.50942567e-20  9.99999459e-10],0.00650643223669304,-0.001505159203958594,-1.597746294197262e-21,-1.6251153310678475e-28,2.485667226347377e-27,0.0004538649093713164,[ 6.25646228e-02 -8.17152672e-04 -1.00189078e-05  7.16723891e-11
 -8.15130336e-11 -3.08802142e-04 -2.93641351e-04  3.59918475e-02
  4.36490208e-04  1.58641258e-11 -1.73316533e-11 -2.62179221e-05
  1.37727557e-18 -6.00105902e-17  9.99176030e-07 -7.67473679e-26
 -2.66730272e-25  2.27534348e-23  7.62557127e-25  1.68021062e-25
 -7.67502691e-26  9.96720301e-07 -5.98273863e-32  7.47845561e-29
 -1.07274986e-24 -2.32644547e-25 -2.66778326e-25 -5.89801106e-32
  9.96720301e-07 -1.16462727e-27 -1.12544812e-15  3.10330171e-15
  3.82409880e-17 -3.34393852e-23  3.81929464e-23  3.49667019e-02]
1.3858578205108643,base_link,5.495757337725413,-5.1444412166272535,-3.000774517885168e-23,3.355994473829666e-23,5.35155725937699e-23,-0.9999890664762144,0.004676208723861445,[ 2.02338715e-03 -7.64290176e-04 -1.51651088e-04 -8.97191486e-04
  9.65120109e-04  3.34925377e-04 -2.77962841e-04  4.90686311e-04
  7.90206332e-04 -1.43609404e-04  1.54466416e-04  5.36864233e-05
 -3.37158818e-21 -8.39621409e-20  9.99139283e-07 -1.23290494e-17
 -1.38451408e-16 -3.69573760e-24  3.32460432e-20  1.83170875e-20
 -1.23291047e-17  9.98281521e-07 -5.74731276e-23 -1.92993052e-23
 -5.50571416e-21 -3.59989003e-21 -1.38451370e-16 -3.43032525e-23
  9.98281521e-07  1.20899166e-23  7.27647520e-22 -2.39975371e-20
 -4.35163059e-20  1.47193219e-20 -1.58309436e-20  9.99999147e-10],0.001983858052568332,-0.00039494681687724615,-2.5420574824923633e-21,-2.1212146469689817e-28,-4.737188629300789e-27,-3.719668702629813e-05,[ 6.20823189e-02 -6.10050745e-04 -7.46344361e-06  6.27816116e-11
 -5.89499924e-11 -2.19629966e-04 -2.29594298e-04  3.59157920e-02
  4.35470568e-04  1.99302715e-11 -2.17072887e-11 -2.14085074e-05
  1.25360876e-19 -7.37257477e-18  9.98710033e-07 -3.00371227e-26
 -3.37206270e-25 -8.70029686e-24 -1.55096365e-25 -4.84676140e-26
 -3.00311003e-26  9.94879618e-07 -1.90136283e-32 -1.99218352e-29
 -2.97268033e-25 -1.13091099e-25 -3.37238096e-25 -1.83939737e-32
  9.94879618e-07 -4.94763059e-28  2.07819004e-16  5.31416274e-15
  6.52557570e-17  6.07803525e-24 -1.03211646e-23  3.49599806e-02]
1.4332633018493652,base_link,5.501388718202397,-5.145388165864209,4.444624841031353e-24,-2.3627128359510973e-26,-1.0633754353734675e-25,-0.9999860432535441,0.005283303712727477,[ 1.74720503e-03 -6.02328175e-04 -1.32531906e-04 -7.33218736e-04
  8.03627086e-04  3.08388383e-04 -2.41401489e-04  4.55359219e-04
  7.26491563e-04 -1.35033342e-04  1.47991826e-04  5.68881395e-05
 -1.89837951e-22  7.05154929e-20  9.98955443e-07  2.16309989e-17
  1.62680827e-16  4.35952861e-24 -3.82223617e-20 -2.28698896e-20
  2.16310089e-17  9.97915235e-07 -3.91854394e-24 -2.11469496e-25
  3.28225267e-21  2.11758237e-21  1.62680816e-16 -3.60544951e-24
  9.97915235e-07  9.97330606e-26 -4.94792301e-21  1.98260071e-20
  4.62561724e-20 -1.52854594e-20  1.67517336e-20  9.99998963e-10],-0.004238151219280081,0.0002802914021962648,-1.8192582316547466e-21,-1.1807817062408998e-27,2.2610689127507198e-28,0.0006691700775060236,[ 6.17475590e-02 -4.93693165e-04 -6.02612761e-06  6.39315789e-11
 -6.60559454e-11 -2.06129844e-04 -2.03799456e-04  3.58873010e-02
  4.35122365e-04  2.20705388e-11 -2.43094783e-11 -2.26203499e-05
 -2.73591642e-19  1.97324795e-17  9.98434797e-07  5.25292981e-26
  3.95085987e-25  1.07417720e-24 -6.72084248e-25 -2.32644547e-25
  5.25696182e-26  9.93797223e-07 -3.06948119e-32  1.03442621e-27
 -9.69352280e-25 -3.58660344e-25  3.95076117e-25 -3.18927627e-32
  9.93797223e-07 -1.58589714e-28  3.09156755e-16  4.98558172e-15
  6.12212993e-17  3.11953713e-23 -3.46696599e-23  3.49514292e-02]
1.4731364250183105,base_link,5.499633372896283,-5.144955173931998,4.452892063585337e-23,-6.170459343458595e-23,3.377385053415529e-24,-0.9999874840965985,0.005003164014410418,[ 1.77374354e-03 -6.41424784e-04 -1.26386855e-04 -7.74399880e-04
  8.90375554e-04  3.23093793e-04 -2.60360393e-04  4.54241403e-04
  7.88060489e-04 -1.27867852e-04  1.47029316e-04  5.34219828e-05
  7.44462551e-22  1.45054392e-20  9.99054654e-07  5.63239180e-17
  9.18040992e-17 -1.37392928e-24 -5.29395592e-21 -2.64697796e-21
  5.63239112e-17  9.98112873e-07 -1.00890212e-23 -1.67975171e-24
  4.76456033e-21  2.17052193e-21  9.18040438e-17  6.01353899e-23
  9.98112873e-07 -2.74333582e-23 -1.14877034e-20 -1.25854884e-21
  3.27546497e-20 -1.68825953e-20  1.94137566e-20  9.99999062e-10],-0.0019315916295110605,-5.546080489709884e-05,5.590801146850888e-21,1.0854177425382956e-26,4.953031930024714e-28,0.0003432460274892489,[ 6.17752827e-02 -5.26827760e-04 -6.43230456e-06  6.38977628e-11
 -8.02288162e-11 -2.16016732e-04 -2.19371170e-04  3.58791351e-02
  4.35174782e-04  1.83374163e-11 -2.09327736e-11 -2.10502054e-05
  6.46286139e-19 -4.36933476e-17  9.98583319e-07  1.37411499e-25
  2.24081958e-25 -4.44921121e-24 -1.78360820e-24 -5.10525534e-25
  1.37507230e-25  9.94380905e-07 -5.06102250e-32  1.43804428e-27
  2.63663820e-24  6.91471293e-25  2.24042071e-25 -5.26121341e-32
  9.94380905e-07  6.71162355e-29  1.28835511e-16  4.13291092e-15
  5.08126618e-17  3.33378789e-23 -3.80662941e-23  3.49465632e-02]
1.5158746242523193,base_link,5.4974328743384495,-5.1397171128934955,-2.792279674944732e-23,-2.970815009441013e-23,-6.010108053442187e-23,-0.9999816730671395,0.006054215873637854,[ 1.77655731e-03 -6.20968611e-04 -1.13095085e-04 -7.32046743e-04
  9.33193370e-04  3.21560549e-04 -2.35205291e-04  4.74859615e-04
  8.13756981e-04 -1.03037123e-04  1.31362103e-04  4.53352376e-05
  5.18145936e-21  6.80802731e-20  9.98934745e-07 -1.34396813e-16
  4.16503432e-17  4.06146981e-24 -1.81582688e-20 -9.52912066e-21
 -1.34396860e-16  9.97874017e-07 -6.95226642e-23 -2.58324877e-23
  3.12343399e-20  1.41878019e-20  4.16503588e-17 -2.41795757e-23
  9.97874017e-07  1.29644001e-23 -4.22375998e-20  1.47359900e-20
  4.11535939e-21  1.64547140e-20 -2.09791725e-20  9.99998942e-10],0.0006278208182067565,-0.0036641870748943,-1.9714669997797126e-21,-3.547277226281095e-27,3.385519153062649e-27,0.001493552773075462,[ 6.17687434e-02 -5.09642065e-04 -6.22610471e-06  5.31901718e-11
 -7.72745042e-11 -2.14406257e-04 -1.99161470e-04  3.58834863e-02
  4.35228557e-04  1.59971448e-11 -2.02653132e-11 -1.75947746e-05
  8.77526133e-19 -6.13658430e-17  9.98403817e-07 -3.27965833e-25
  1.01633455e-25  1.95646959e-23 -1.93870456e-26 -3.23117427e-27
 -3.27959767e-25  9.93675697e-07  5.12001310e-32  4.55343987e-28
 -9.17653492e-25 -2.45569244e-25  1.01628926e-25  5.10333170e-32
  9.93675697e-07 -4.37385008e-28  2.89695962e-16  3.61557030e-15
  4.44736944e-17 -4.67611167e-23  5.78164357e-23  3.49428876e-02]
1.5632109642028809,base_link,5.49718592848539,-5.140746785250779,3.0439039081597905e-23,-1.4875987993348164e-23,5.563427138565879e-24,-0.9999829384258156,0.005841477319249859,[ 1.88396468e-03 -7.05389670e-04 -1.11857032e-04 -8.62860353e-04
  1.12103407e-03  4.04105712e-04 -2.55074032e-04  5.58716449e-04
  7.88179068e-04 -1.08942027e-04  1.41546243e-04  5.10729246e-05
 -2.59403840e-21 -3.12872795e-20  9.99188309e-07 -6.62471120e-17
 -5.37467442e-17  7.92277504e-24 -5.83393942e-20 -1.91376507e-20
 -6.62471088e-17  9.98379248e-07 -2.87223406e-23 -8.78831135e-24
  3.02814279e-20  9.15854374e-21 -5.37468021e-17  4.40591250e-23
  9.98379248e-07 -2.27323028e-23 -5.34012811e-20 -1.42042615e-20
 -2.03523195e-20  1.65270649e-20 -2.14744897e-20  9.99999197e-10],0.0008155154865194698,-0.0028412224379774547,-1.6041321156042668e-21,-2.3407177357258395e-27,-6.216213902262559e-28,0.0012012390768889733,[ 6.18927865e-02 -5.74097037e-04 -7.02099928e-06  6.48329573e-11
 -9.09732639e-11 -2.67375999e-04 -2.14318745e-04  3.59187126e-02
  4.35909558e-04  1.24878346e-11 -1.61531561e-11 -1.95761229e-05
  3.81164826e-20 -2.33103467e-18  9.98783450e-07 -1.62270183e-25
 -1.31641453e-25 -5.26263513e-24  4.26515003e-24  8.23949438e-25
 -1.62301532e-25  9.95168982e-07 -4.36311268e-32 -1.05563431e-27
 -1.80945759e-24 -3.23117427e-25 -1.31655962e-25 -4.21353965e-32
  9.95168982e-07 -2.79613255e-28  1.13923623e-15  3.66531485e-15
  4.50943691e-17 -3.67951743e-23  4.86087388e-23  3.49396647e-02]
1.6253457069396973,base_link,5.494622528061573,-5.140789121203477,-5.1742967931671e-23,-1.2875701539093198e-24,-4.066426445743218e-24,-0.9999866321416324,0.0051706419365002785,[ 2.10323131e-03 -8.02210117e-04 -1.87247918e-04 -9.65942643e-04
  1.24688133e-03  5.03382890e-04 -3.10731884e-04  6.58855672e-04
  8.82985424e-04 -1.23202532e-04  1.59046022e-04  6.42582732e-05
  1.18055217e-20 -7.75564542e-20  9.99444704e-07 -3.38891339e-17
 -4.32934363e-17  5.60007235e-24 -3.93870320e-20 -1.38436947e-20
 -3.38891067e-17  9.98890639e-07  3.47278437e-23  1.51050208e-23
  1.21443349e-19  3.79841337e-20 -4.32934548e-17  5.03347952e-24
  9.98890639e-07 -4.00529978e-24 -5.43936393e-20 -1.78050304e-20
 -1.79175404e-20  1.20571963e-20 -1.55657635e-20  9.99999454e-10],0.0035149773289012377,-0.002719192262813267,-6.602989773582637e-21,-1.6982862962900833e-28,-3.9676574803524025e-28,0.00033044330211365336,[ 6.21512848e-02 -6.41920604e-04 -7.86940823e-06  5.50522125e-11
 -7.79424639e-11 -3.28721976e-04 -2.56465748e-04  3.59658599e-02
  4.36725609e-04  1.10724382e-11 -1.40569568e-11 -2.42114909e-05
  1.31628920e-18 -7.29668062e-17  9.99167517e-07 -8.34282311e-26
 -1.06606145e-25  4.30392345e-23 -3.87740912e-25 -7.75481824e-26
 -8.34462025e-26  9.96686588e-07 -2.58920089e-32 -1.90371168e-28
 -5.11818004e-24 -9.25731428e-25 -1.06606346e-25 -2.55424347e-32
  9.96686588e-07 -3.57745923e-28  2.35414681e-15  3.97120894e-15
  4.88674988e-17 -2.80246196e-23  3.73242747e-23  3.49406065e-02]
1.6650068759918213,base_link,5.493493782111789,-5.1461037349740515,-6.913369277132697e-23,3.742838939426511e-24,-3.872850020949495e-23,-0.9999857614081817,0.00533638275416198,[ 1.95435237e-03 -7.57400288e-04 -1.43171840e-04 -9.14307099e-04
  1.12148101e-03  3.66416495e-04 -2.74302743e-04  5.24014307e-04
  7.65803664e-04 -1.48544515e-04  1.82204272e-04  5.96040381e-05
 -2.24165946e-22  8.47032947e-20  9.99213101e-07 -4.62391701e-17
 -1.35921693e-16 -4.50646857e-25 -4.98690648e-20 -2.42992577e-20
 -4.62391854e-17  9.98428673e-07 -3.54995339e-23 -9.00462321e-24
  3.28225267e-21  1.58818678e-21 -1.35921693e-16 -6.00650632e-24
  9.98428673e-07 -7.95152815e-25 -3.63527138e-20 -3.75587109e-20
 -4.33305495e-20  2.17891585e-20 -2.67265961e-20  9.99999221e-10],0.004565850620282766,0.001039606423755253,-6.602067751722873e-21,-1.058947675204104e-28,-1.0211101921495846e-26,0.0004931922984427806,[ 6.19656527e-02 -6.10409304e-04 -7.47295968e-06  6.70937304e-11
 -8.27331979e-11 -2.40968291e-04 -2.28949822e-04  3.58967781e-02
  4.35801325e-04  1.88216025e-11 -2.30718857e-11 -2.32578458e-05
  4.80267681e-19 -2.80266262e-17  9.98820578e-07 -1.12887472e-25
 -3.31798171e-25 -5.46497563e-24  2.58493941e-25  7.10858339e-26
 -1.12878802e-25  9.95315354e-07 -7.67261068e-32  1.65084510e-30
  7.62557127e-25  2.16488676e-25 -3.31780708e-25 -7.73808217e-32
  9.95315354e-07  6.58426785e-28  3.23016004e-15  4.62282800e-15
  5.68148554e-17 -1.73369911e-23  2.14309987e-23  3.49361380e-02]
1.7277095317840576,base_link,5.492646169033013,-5.142997307352303,9.231856024422727e-24,9.279855900586438e-24,1.290433598370632e-23,-0.9999841289073282,0.005633997998923374,[ 1.93572010e-03 -7.33954163e-04 -8.59393284e-05 -9.02037525e-04
  9.33452000e-04  3.26360485e-04 -2.45419418e-04  4.76253408e-04
  7.59046921e-04 -1.44659053e-04  1.49677421e-04  5.24103538e-05
 -1.61200958e-20 -9.92087339e-20  9.99021007e-07  7.55772002e-19
 -1.55473385e-16 -1.24231057e-24 -2.15993402e-20 -9.47618110e-21
  7.55756672e-19  9.98045835e-07 -1.44643390e-23 -5.11067221e-24
  1.13290657e-20  5.82335151e-21 -1.55473373e-16 -9.21601067e-24
  9.98045835e-07  3.38486437e-24 -1.23203770e-20 -3.48369829e-20
 -4.49760073e-20  1.25338681e-20 -1.29671934e-20  9.99999029e-10],0.004839600817009011,-0.0011663985139420535,1.4492032091936718e-21,-2.98527501985829e-27,-1.156393474469827e-27,0.0008383009809996641,[ 6.19394475e-02 -5.93768433e-04 -7.26261922e-06  8.34466933e-11
 -7.50731122e-11 -2.15770773e-04 -2.06910074e-04  3.58670950e-02
  4.35426298e-04  2.13943201e-11 -2.24103992e-11 -2.05753557e-05
  7.01343280e-19 -4.20670443e-17  9.98532945e-07  1.82930989e-27
 -3.78122606e-25 -1.32111332e-23 -6.72084248e-25 -1.71252236e-25
  1.82479729e-27  9.94182800e-07  6.50998168e-34 -3.47169109e-28
 -1.92577986e-24 -5.78380194e-25 -3.78141995e-25  1.30671517e-33
  9.94182800e-07 -1.21182865e-28  3.20120146e-15  5.52829944e-15
  6.78729380e-17 -6.59848888e-24  7.11011456e-24  3.49310423e-02]
1.7750780582427979,base_link,5.491747568364214,-5.144255937437531,1.2371382111013313e-23,-5.1547994435952234e-24,-2.147745673937123e-23,-0.9999860099835137,0.005289597078408689,[ 2.03380311e-03 -7.31450942e-04 -1.28377764e-04 -8.77808562e-04
  1.00513900e-03  3.66919926e-04 -2.56341991e-04  5.25021660e-04
  7.69837532e-04 -1.19694566e-04  1.37070288e-04  5.00956424e-05
  9.39677176e-22  1.54583513e-20  9.99071151e-07  1.22893529e-17
 -1.37847672e-16 -3.83221859e-25 -9.43382945e-20 -3.90693947e-20
  1.22893123e-17  9.98145745e-07 -5.09216618e-23 -1.92942763e-23
  7.28448335e-20  2.62050818e-20 -1.37847662e-16 -9.28578536e-24
  9.98145745e-07  4.65416074e-24 -2.41648150e-20 -3.56522534e-20
 -4.12841479e-20  8.55293267e-21 -9.79587466e-21  9.99999079e-10],0.005418309646936494,-0.0002743195910914059,-2.3361168369211704e-24,2.6453588848015096e-28,1.4623789812308721e-27,0.0004673410054475079,[ 6.20582546e-02 -5.89154661e-04 -7.21111805e-06  6.50543854e-11
 -8.48812576e-11 -2.41878517e-04 -2.14644708e-04  3.58873010e-02
  4.35780600e-04  1.59669388e-11 -1.81667840e-11 -1.95371457e-05
  1.51788304e-18 -9.17235038e-17  9.98608019e-07  3.00696970e-26
 -3.37303912e-25 -2.26766394e-23  1.38294259e-24  3.39273298e-25
  3.00675060e-26  9.94478095e-07  1.75035203e-32 -7.11652815e-29
  6.46234854e-26  1.29246971e-26 -3.37316277e-25  1.80361835e-32
  9.94478095e-07 -3.78370529e-28  3.15986816e-15  6.21562263e-15
  7.62932670e-17 -1.28114572e-23  1.43501221e-23  3.49289681e-02]
1.822997808456421,base_link,5.49288963378413,-5.143781376582449,-6.854936967196076e-23,2.1979077729656473e-23,1.8366505951310604e-23,-0.9999842927615289,0.005604839892886915,[ 2.06100984e-03 -7.61167430e-04 -1.36935514e-04 -9.31810162e-04
  1.13539370e-03  4.02340779e-04 -2.75826176e-04  5.68295618e-04
  7.97568964e-04 -1.37295766e-04  1.67288466e-04  5.93404926e-05
 -1.62954581e-22  1.15408239e-20  9.99305009e-07 -2.57683424e-18
 -9.85052353e-17 -6.84390227e-24 -2.63639005e-20 -1.01379256e-20
 -2.57688763e-18  9.98611945e-07 -7.33021216e-23 -2.58844447e-23
 -2.91167576e-20 -1.16996426e-20 -9.85051711e-17 -7.67066175e-23
  9.98611945e-07  3.30106212e-23  2.42095086e-21 -2.25741402e-20
 -3.30393112e-20  9.12172504e-21 -1.11141682e-20  9.99999314e-10],0.0036162819837804597,-0.0005883068169447976,-2.476193555291988e-21,1.533509747201127e-27,-9.976103334764618e-28,0.0008247948171590877,[ 6.20879706e-02 -6.11835159e-04 -7.49332254e-06  6.67735716e-11
 -7.90862411e-11 -2.64540061e-04 -2.29362398e-04  3.59036922e-02
  4.36214009e-04  1.49794764e-11 -1.83208530e-11 -2.29715983e-05
  5.94617129e-19 -3.45860493e-17  9.98958236e-07 -6.31129820e-27
 -2.41465814e-25  5.34611865e-24  2.64956290e-24  5.94536065e-25
 -6.29269323e-27  9.95858763e-07 -2.91655097e-33  6.23509218e-28
 -9.95201674e-25 -2.32644547e-25 -2.41474567e-25 -3.19375427e-33
  9.95858763e-07 -4.23859474e-28  3.06257849e-15  6.92322041e-15
  8.49841391e-17 -9.11974292e-24  1.12208438e-23  3.49264082e-02]
1.8765971660614014,base_link,5.495481532303297,-5.1413549882024725,-2.7738641312682345e-23,-5.0218911435499145e-24,1.3876947599597286e-23,-0.999988769904958,0.004739204993350159,[ 1.80071161e-03 -6.74271789e-04 -8.56612254e-05 -8.20923777e-04
  9.83967778e-04  3.39011615e-04 -2.34531522e-04  5.00216840e-04
  7.78014334e-04 -1.18254804e-04  1.41732032e-04  4.89181773e-05
 -2.04214350e-20 -1.10855437e-19  9.98761860e-07 -1.03410587e-16
 -3.86707449e-17  6.01974570e-24 -3.29284058e-20 -1.55642304e-20
 -1.03410604e-16  9.97529832e-07 -4.59658757e-23 -1.47694606e-23
  7.72917564e-21  4.02340650e-21 -3.86707740e-17  9.71629419e-24
  9.97529832e-07 -5.36217048e-24 -1.70731242e-20  5.73925051e-21
 -1.68040341e-20  1.74924203e-20 -2.09641630e-20  9.99998768e-10],0.0003680334089547906,-0.0022026065312961457,-2.4852447194557507e-21,5.405691591830837e-27,-9.991621947500714e-27,-0.00025207901719636455,[ 6.17569047e-02 -5.47558069e-04 -6.69656743e-06  7.23300667e-11
 -7.94134042e-11 -2.24491474e-04 -1.97474845e-04  3.58645320e-02
  4.35482966e-04  1.99159449e-11 -2.39105098e-11 -1.90145126e-05
  4.59938890e-19 -2.99781901e-17  9.98145085e-07 -2.51478841e-25
 -9.40413653e-26 -1.29797022e-23 -4.52364397e-25 -1.22784622e-25
 -2.51427605e-25  9.92661802e-07 -2.78045145e-32  1.67215629e-27
 -2.04210214e-24 -6.26847808e-25 -9.41410632e-26 -2.60899694e-32
  9.92661802e-07 -3.16392405e-27  3.12224074e-15  7.17408446e-15
  8.79774944e-17 -2.60664385e-23  3.14605277e-23  3.49207608e-02]
1.912903070449829,base_link,5.494597097469769,-5.144503883030981,-9.920828560015816e-24,-1.0088137450640011e-23,-1.9731920836105193e-23,-0.9999898341001215,0.004509068242038833,[ 1.77705051e-03 -6.63202118e-04 -1.60668714e-04 -7.83743075e-04
  8.62112656e-04  3.04111277e-04 -2.61536545e-04  4.43236055e-04
  6.99168027e-04 -1.44120975e-04  1.58530263e-04  5.60382375e-05
  2.82895769e-22  1.45054392e-20  9.98712000e-07 -7.10713695e-18
 -3.58700543e-17 -8.92863011e-25  8.36445035e-21  6.72332402e-21
 -7.10722616e-18  9.97430612e-07 -1.13251683e-22 -4.00181874e-23
  6.03510975e-20  4.82279384e-20 -3.58700057e-17 -5.17137886e-23
  9.97430612e-07  2.00586926e-23  2.23491277e-21 -1.43682565e-21
 -8.94855379e-21  3.78981819e-21 -4.16867971e-21  9.99998718e-10],0.0014068447475197236,2.7366593356732287e-05,-2.3322837623449835e-21,-3.804954282052287e-27,5.260633822735315e-29,-0.0005101908536117164,[ 6.17255708e-02 -5.40092587e-04 -6.60382762e-06  5.99709786e-11
 -6.48550821e-11 -2.02078992e-04 -2.19485722e-04  3.58321071e-02
  4.35123499e-04  2.69822817e-11 -2.96994635e-11 -2.21425659e-05
  5.81064602e-19 -3.82723367e-17  9.98070482e-07 -1.72966065e-26
 -8.71015684e-26 -1.38385958e-23 -1.26662031e-24 -5.62224323e-25
 -1.71868268e-26  9.92370029e-07  2.40123358e-33  2.21725902e-27
 -5.16987883e-25 -2.39106896e-25 -8.71361231e-26 -1.75450332e-33
  9.92370029e-07 -7.29145400e-29  3.28134910e-15  6.97116247e-15
  8.54876442e-17  6.83178878e-24 -7.62490930e-24  3.49173492e-02]
1.9859321117401123,base_link,5.498641055976787,-5.146912709584626,-6.593956514018376e-23,1.639006027037178e-23,-3.928640605846173e-23,-0.9999954018747578,0.00303252853931529,[ 1.92128150e-03 -7.29351290e-04 -1.06245136e-04 -8.98847137e-04
  1.01734273e-03  3.60388964e-04 -2.64078481e-04  5.13647195e-04
  7.92750960e-04 -1.41868690e-04  1.60569173e-04  5.69566075e-05
 -1.20966893e-20 -9.83617010e-20  9.99066583e-07  5.75363327e-17
  4.73917452e-17 -1.17633182e-23 -2.31875269e-20 -1.04290932e-20
  5.75363386e-17  9.98136641e-07  4.55290464e-23  1.71987339e-23
  2.63639005e-20  1.20172799e-20  4.73917929e-17 -2.06782002e-23
  9.98136641e-07  7.13421289e-24 -1.95349300e-20 -1.29482717e-20
  1.86372275e-20 -1.50657989e-20  1.70515638e-20  9.99999074e-10],-0.0032332873607216913,0.0016893719754074743,-2.061958786721196e-21,-3.3748060507969134e-27,-8.195260704512722e-27,-0.0021213879138712527,[ 6.19046348e-02 -5.86371869e-04 -7.18449583e-06  7.55872891e-11
 -8.42522237e-11 -2.37633127e-04 -2.18286179e-04  3.58656049e-02
  4.35851496e-04  2.00031667e-11 -2.26668040e-11 -2.25612769e-05
  1.16636437e-18 -7.07984019e-17  9.98601178e-07  1.40113081e-25
  1.15428757e-25 -9.68467376e-24 -3.10192730e-25 -8.07793567e-26
  1.40107807e-25  9.94451127e-07 -2.85103112e-32 -4.27278387e-28
  1.93870456e-25  4.84676140e-26  1.15378206e-25 -2.67440354e-32
  9.94451127e-07 -1.04386940e-27  2.98975356e-15  6.46099114e-15
  7.92860151e-17  3.68518185e-23 -4.17821411e-23  3.49172609e-02]
2.033109664916992,base_link,5.50035458850088,-5.146716155117263,-7.403817390467566e-26,3.7198625829279624e-23,3.3829130990490116e-23,-0.9999914754216215,0.00412905365532336,[ 1.73704902e-03 -6.74833442e-04 -9.30926447e-05 -8.14196593e-04
  9.13027168e-04  3.16692806e-04 -2.32010701e-04  4.79215141e-04
  7.47787632e-04 -1.29861483e-04  1.45616626e-04  5.05900307e-05
  5.79688173e-21  4.75397242e-20  9.98896114e-07  5.64654546e-17
  1.56028438e-16  3.47100249e-24 -6.56450534e-21 -3.65282959e-21
  5.64654108e-17  9.97797084e-07 -7.43049193e-23 -2.30724547e-23
 -2.36110434e-20 -1.46642579e-20  1.56028487e-16 -7.35638274e-23
  9.97797084e-07  2.55814348e-23  1.46251155e-20  1.95818208e-20
  4.58211456e-20 -2.13228851e-20  2.39084447e-20  9.99998903e-10],-0.004811353559462792,0.0014975122475001,-2.0470745231418536e-21,1.2097426021112841e-26,-1.4121560141399995e-27,-0.0007599906500292114,[ 6.16753207e-02 -5.46973199e-04 -6.68936476e-06  6.02343259e-11
 -6.19444703e-11 -2.10566746e-04 -1.93218701e-04  3.58403325e-02
  4.35535376e-04  1.93936552e-11 -2.17580963e-11 -2.00880162e-05
  3.38813179e-21 -2.71050543e-19  9.98345993e-07  1.36886575e-25
  3.78292363e-25 -9.48386247e-24 -1.88700577e-24 -6.00998414e-25
  1.36993717e-25  9.93448733e-07 -7.17462287e-32  2.41160534e-27
 -2.58493941e-25 -9.69352280e-26  3.78267080e-25 -7.54007140e-32
  9.93448733e-07 -2.76290477e-28  2.30775302e-15  5.47678629e-15
  6.72343694e-17  2.52274358e-23 -2.71675579e-23  3.49109679e-02]
2.0713443756103516,base_link,5.501012419785429,-5.146812552631668,7.197508265271485e-23,7.863016227504506e-23,5.933441632186763e-23,-0.9999889427567099,0.004702591234361274,[ 1.71615937e-03 -7.10689274e-04 -1.23722555e-04 -8.72286029e-04
  1.05281954e-03  3.64685838e-04 -2.56781219e-04  4.86571647e-04
  6.63420602e-04 -1.24868215e-04  1.50727412e-04  5.22829258e-05
  4.64544632e-21  2.35051643e-20  9.98677324e-07  4.10434069e-17
  2.52058909e-16 -8.12479052e-24  2.73168125e-20  1.12231866e-20
  4.10434287e-17  9.97361622e-07  5.45087207e-23  2.16612807e-23
  2.62580214e-20  9.42324154e-21  2.52058877e-16  6.13252356e-23
  9.97361622e-07 -2.90106945e-23 -5.33092055e-22  3.23462775e-20
  5.94745647e-20 -2.57289167e-20  3.10630316e-20  9.99998683e-10],-0.005133233634994653,0.001539858695217705,-3.172275216303571e-21,-7.008557207309898e-27,4.287307595012606e-27,-5.5167079420020645e-05,[ 6.16408829e-02 -5.74545003e-04 -7.02815874e-06  8.17668734e-11
 -1.13650890e-10 -2.42057684e-04 -2.12565996e-04  3.58403921e-02
  4.35459807e-04  1.99513967e-11 -2.42485797e-11 -2.06516304e-05
 -3.38813179e-21  1.62630326e-19  9.98018604e-07  9.97406069e-26
  6.12475104e-25 -3.50873279e-23 -1.15029804e-24 -2.81112161e-25
  9.97565472e-26  9.92167311e-07 -7.31007983e-32  7.59085514e-28
 -3.73523745e-24 -7.98100044e-25  6.12472621e-25 -7.38378157e-32
  9.92167311e-07 -4.57321844e-28  1.77321964e-15  4.47357402e-15
  5.49351398e-17  6.25756494e-23 -7.69063640e-23  3.49085335e-02]
2.115788459777832,base_link,5.501911446221765,-5.145635755502256,-2.862288114596342e-22,2.0489529883237149e-22,1.2471913138244154e-22,-0.9999899598997402,0.004481082426830594,[ 1.83801615e-03 -7.81658433e-04 -1.62406605e-04 -9.41916307e-04
  1.01084233e-03  3.56719664e-04 -2.97118990e-04  4.86232111e-04
  7.61367752e-04 -1.78719614e-04  1.91783466e-04  6.78116631e-05
  1.16467030e-21  1.59877469e-20  9.98835699e-07  6.73145332e-17
  2.38022276e-16 -1.70010910e-23 -5.75982404e-20 -4.17163727e-20
  6.73143984e-17  9.97676804e-07 -1.49281084e-22 -4.79751076e-23
  1.49289557e-20  1.17525821e-20  2.38022475e-16 -2.17785405e-22
  9.97676804e-07  7.75028604e-23  1.84869051e-20  3.70123904e-20
  6.64260975e-20 -3.55765495e-20  3.81747506e-20  9.99998843e-10],-0.005676423816181366,0.0006765145393527334,-1.0414565364571818e-21,2.6467088893430476e-27,-1.8787337053183052e-26,-0.0003191017582123872,[ 6.17899866e-02 -6.28639013e-04 -7.70027982e-06  7.54700761e-11
 -7.37446747e-11 -2.35652989e-04 -2.44850293e-04  3.58389020e-02
  4.35606077e-04  3.15510905e-11 -3.40224798e-11 -2.68285233e-05
  1.21125711e-18 -6.85757874e-17  9.98255578e-07  1.64162092e-25
  5.80495943e-25 -6.81514309e-24  3.23117427e-25  1.29246971e-25
  1.64176796e-25  9.93094439e-07 -1.31564523e-31  2.98529630e-28
  1.21492152e-24  5.49299626e-25  5.80420672e-25 -1.28688668e-31
  9.93094439e-07 -2.07385364e-27  1.18922251e-15  3.21786461e-15
  3.95596444e-17  1.08892102e-22 -1.17264499e-22  3.49076871e-02]
2.166046142578125,base_link,5.502143091762997,-5.146864400178234,-6.211168592169713e-23,-1.4490688862777894e-23,6.765169875947887e-24,-0.999992610899565,0.0038442354598880735,[ 1.95587202e-03 -7.62156640e-04 -1.39779008e-04 -9.03674423e-04
  1.04795189e-03  3.84649739e-04 -2.86710805e-04  5.28589313e-04
  8.92718390e-04 -1.30455018e-04  1.51280600e-04  5.55799422e-05
  4.86382200e-21 -9.88381570e-20  9.99394584e-07  9.38889449e-18
  1.18689727e-16  9.13919931e-25  4.93396692e-20  1.95611671e-20
  9.38890477e-18  9.98790632e-07  1.13064233e-23  4.83241167e-24
 -6.63862072e-20 -2.71050543e-20  1.18689741e-16 -2.75507255e-23
  9.98790632e-07  1.09585057e-23 -3.21764728e-20  1.11900541e-20
  4.68015067e-20 -1.27914652e-20  1.48332582e-20  9.99999403e-10],-0.0052947637105233165,0.0015148488349307453,-3.554214405422671e-21,-1.3849276277488543e-27,2.3400118490019858e-27,-0.0010534398246671028,[ 6.19358579e-02 -6.11444935e-04 -7.50114712e-06  5.69961394e-11
 -6.47938434e-11 -2.52545139e-04 -2.36537308e-04  3.58572006e-02
  4.36268699e-04  1.29866167e-11 -1.51099096e-11 -2.14489360e-05
  1.48230766e-19 -8.61940727e-18  9.99092425e-07  2.30249033e-26
  2.91193286e-25 -4.58666342e-24 -3.43796942e-24 -7.83559760e-25
  2.30470035e-26  9.96389308e-07 -1.75784706e-32  2.84688685e-28
  3.83863503e-24  8.98266446e-25  2.91160522e-25 -1.74390326e-32
  9.96389308e-07 -5.15649227e-28  7.45978581e-16  1.81129187e-15
  2.23306854e-17  2.35544726e-23 -2.72517026e-23  3.49070170e-02]
2.210075616836548,base_link,5.50021030058794,-5.147192677209964,9.231546949438915e-25,-1.6882043523022538e-23,-1.7173708033522665e-23,-0.9999893385714024,0.00461765563129991,[ 1.90263472e-03 -6.97256153e-04 -1.37126736e-04 -8.32554609e-04
  9.65749810e-04  3.46135017e-04 -2.64297239e-04  4.96442382e-04
  7.58451560e-04 -1.21681843e-04  1.41146377e-04  5.06574343e-05
 -1.03563013e-20 -1.00691042e-19  9.99082074e-07  4.79717219e-17
  1.01187319e-16 -3.48364114e-24 -2.77403290e-20 -1.22819777e-20
  4.79716917e-17  9.98167509e-07 -3.58916801e-23 -1.09931205e-23
 -9.52912066e-21 -4.34104385e-21  1.01187350e-16 -3.15014437e-23
  9.98167509e-07  1.09221825e-23  4.92185389e-21  8.38273234e-21
  3.15979837e-20 -1.59907459e-20  1.85483900e-20  9.99999090e-10],-0.002659756884134649,0.0016947300699193962,-2.044653468076167e-21,-3.930327093018683e-27,9.026545953192464e-27,-9.970999839347219e-05,[ 6.18670459e-02 -5.59576787e-04 -6.86151978e-06  6.52435082e-11
 -7.40054868e-11 -2.27460951e-04 -2.17718072e-04  3.58400345e-02
  4.35918109e-04  1.69530749e-11 -1.96977369e-11 -1.99855834e-05
  1.55854062e-19 -9.97465999e-18  9.98624372e-07  1.17272162e-25
  2.47390535e-25 -3.86474436e-24  3.05022851e-24  7.98100044e-25
  1.17310561e-25  9.94542425e-07 -4.99573087e-32  7.36263997e-28
  6.46234854e-25  1.68021062e-25  2.47311678e-25 -4.89890212e-32
  9.94542425e-07 -1.69479423e-27  2.02882629e-16  4.45046357e-16
  5.56190575e-18  2.29377264e-23 -2.62663067e-23  3.49050969e-02]
2.280423879623413,base_link,5.49874881069226,-5.1479701877404604,3.235071221944277e-23,-1.0045051417697893e-22,-1.846532937326961e-22,-0.999986316194832,0.005231388256418582,[ 1.76948868e-03 -6.84929721e-04 -1.51954805e-04 -8.15664607e-04
  1.06582601e-03  3.66613929e-04 -2.63998139e-04  5.02397426e-04
  7.32024633e-04 -1.17446599e-04  1.53468780e-04  5.28824313e-05
  3.61312492e-21  4.91279109e-20  9.98910924e-07  7.14691221e-17
  5.75368169e-17 -6.54728034e-24  2.11758237e-21  1.27054942e-21
  7.14690018e-17  9.97826579e-07 -1.93145653e-22 -6.53236398e-23
 -2.32934060e-21 -1.37642854e-21  5.75368916e-17 -8.37218738e-23
  9.97826579e-07  3.60359654e-23  2.02243721e-20  5.36646347e-21
  1.77373315e-20 -1.47945879e-20  1.93323982e-20  9.99998918e-10],-0.0006235995020601758,0.0021421700338185514,-2.0098629148994227e-21,-3.900423255257622e-26,1.615557564035652e-26,0.0006449088242478519,[ 6.16946152e-02 -5.48901036e-04 -6.73212789e-06  6.30652740e-11
 -8.35533473e-11 -2.40742687e-04 -2.16768123e-04  3.58416438e-02
  4.35921089e-04  1.97937785e-11 -2.58383690e-11 -2.08664413e-05
  9.01243056e-19 -5.83842870e-17  9.98368162e-07  1.74369938e-25
  1.40381900e-25 -3.97746021e-24 -2.45569244e-25 -6.46234854e-26
  1.74499500e-25  9.93535796e-07 -2.93467612e-32  4.05714976e-27
 -2.19719850e-25 -7.43170082e-26  1.40329192e-25 -3.40679709e-32
  9.93535796e-07 -1.68350597e-27 -8.31259103e-16 -5.71558351e-16
 -6.91522762e-18  2.49082954e-23 -3.27867649e-23  3.49039042e-02]
2.3227858543395996,base_link,5.499046793247186,-5.142702087757232,3.926909256950039e-22,-3.276476970728526e-24,-6.287728701140752e-23,-0.9999812902054354,0.00611712670074351,[ 1.78648036e-03 -6.90229950e-04 -1.40227897e-04 -8.51355773e-04
  1.06266423e-03  3.99539836e-04 -2.68335571e-04  5.47617296e-04
  7.74741598e-04 -1.35797802e-04  1.69489068e-04  6.38222074e-05
  2.51462906e-22  5.08219768e-21  9.99022046e-07  3.23492003e-17
  2.57434855e-17  1.21214251e-23  3.31401641e-20  1.63053842e-20
  3.23492538e-17  9.98047907e-07  5.01957115e-23  1.92391180e-23
 -3.70576914e-20 -2.04876094e-20  2.57434518e-17  1.53472081e-24
  9.98047907e-07 -1.12243460e-24 -2.63528369e-20 -1.65863542e-20
  8.89926325e-21 -7.73520922e-21  9.65379280e-21  9.99999030e-10],-0.0010186452866269965,-0.001566882150584881,-1.1379111509403917e-21,1.091200389269059e-26,-4.57664559058361e-26,0.00162666168509622,[ 6.17223197e-02 -5.55298291e-04 -6.80924480e-06  7.02213429e-11
 -7.92924970e-11 -2.63154780e-04 -2.21408904e-04  3.58617306e-02
  4.36306247e-04  2.00061546e-11 -2.51461301e-11 -2.49864317e-05
  1.32645360e-18 -8.50014503e-17  9.98534500e-07  7.90007746e-26
  6.28724012e-26 -6.21101231e-25 -2.22304790e-24 -6.33310156e-25
  7.90305441e-26  9.94188973e-07 -6.86335052e-33  9.75133906e-28
 -1.35709319e-24 -4.42670875e-25  6.27538929e-26 -3.79688894e-33
  9.94188973e-07 -4.10810053e-27 -1.32723362e-15 -7.19317319e-16
 -8.73015354e-18  9.57531399e-24 -1.03707501e-23  3.49018666e-02]
2.3802287578582764,base_link,5.496279496053922,-5.141231635428477,-2.1750776578118612e-23,-1.2992453817781732e-23,-2.1023818224847015e-24,-0.9999847899164634,0.005515427066550889,[ 1.86158534e-03 -7.38637260e-04 -1.30760557e-04 -9.30086295e-04
  1.14319197e-03  4.18748174e-04 -2.77452105e-04  5.66556984e-04
  7.93169805e-04 -1.55855161e-04  1.91565487e-04  7.02401119e-05
  4.73974491e-22  5.16690098e-20  9.99225651e-07 -5.25680651e-17
 -1.09676308e-17 -9.30003770e-24 -3.29284058e-20 -1.35525272e-20
 -5.25680909e-17  9.98453694e-07 -9.25407967e-24 -3.12216730e-24
  4.23516474e-20  1.74171150e-20 -1.09675751e-17 -4.19379429e-23
  9.98453694e-07  1.85766055e-23 -4.74989338e-20 -6.57912964e-21
 -6.56657688e-21  1.29651497e-20 -1.59357939e-20  9.99999234e-10],0.0021424086337225074,-0.0025087107035332875,-9.577512030333931e-24,1.3863842382945794e-27,6.965544529127509e-29,0.0008315682537447136,[ 6.18184748e-02 -5.96980564e-04 -7.31824407e-06  7.52963119e-11
 -9.25929766e-11 -2.76545527e-04 -2.31296755e-04  3.58658433e-02
  4.36596819e-04  1.79125668e-11 -2.20152746e-11 -2.71470195e-05
  8.08916465e-19 -4.83012068e-17  9.98839374e-07 -1.28336212e-25
 -2.67463510e-26 -8.31781663e-24  2.84343336e-24  6.75315422e-25
 -1.28336483e-25  9.95389493e-07 -7.71496171e-33 -5.32642386e-28
 -4.89846019e-24 -1.16322274e-24 -2.67726841e-26 -7.08478356e-33
  9.95389493e-07 -6.86787296e-29 -1.00213781e-15 -6.46067604e-16
 -7.83771738e-18 -2.20828567e-23  2.71414808e-23  3.48975552e-02]
2.433662176132202,base_link,5.491968237151964,-5.138245935546506,-1.0946439716331851e-23,-3.749893263330764e-24,-4.199521607004166e-24,-0.9999848563552294,0.005503368078844253,[ 1.80608317e-03 -6.38986916e-04 -1.10279552e-04 -7.75100966e-04
  9.36587715e-04  3.46032209e-04 -2.36774264e-04  5.14955984e-04
  7.43453679e-04 -1.09759841e-04  1.32631125e-04  4.90604352e-05
  1.12628912e-20  5.93981854e-20  9.98905599e-07 -1.55307706e-16
 -1.81958426e-16 -4.75282872e-24  3.63165376e-20  1.38172250e-20
 -1.55307728e-16  9.97815972e-07 -3.71133958e-23 -4.18275819e-24
 -4.85985153e-20 -1.76818128e-20 -1.81958402e-16 -3.43722622e-23
  9.97815972e-07  3.82750888e-24 -4.87510526e-20 -2.30666810e-20
 -5.83409012e-20  3.58044662e-20 -4.32667533e-20  9.99998913e-10],0.0065605535570641745,-0.00448388464203936,-9.10458892147262e-22,-2.246847805070687e-27,1.5369703083235958e-27,0.0007692712865364974,[ 6.17442781e-02 -5.18734567e-04 -6.35430673e-06  6.63588426e-11
 -8.35298270e-11 -2.28956322e-04 -1.98931433e-04  3.58349681e-02
  4.36108636e-04  1.46918626e-11 -1.77798273e-11 -1.90210075e-05
  8.02140201e-19 -5.50232603e-17  9.98360190e-07 -3.77498190e-25
 -4.42244385e-25 -1.34345742e-23 -9.30578189e-25 -2.06795153e-25
 -3.77455800e-25  9.93504459e-07 -2.45330348e-31  6.50813681e-28
 -1.21492152e-24 -2.58493941e-25 -4.42280756e-25 -2.45747670e-31
  9.93504459e-07 -4.52237324e-28  6.53390131e-17  1.99282077e-16
  2.51548306e-18 -5.00468159e-23  6.12113505e-23  3.48929863e-02]
2.4747748374938965,base_link,5.491888962243376,-5.141520750385431,-4.918840442794407e-23,-9.541844499184167e-24,2.4799808834032527e-24,-0.9999868392133049,0.005130438595675704,[ 1.87070329e-03 -7.10411114e-04 -1.00116079e-04 -9.10450667e-04
  1.15659619e-03  4.27678697e-04 -2.62047477e-04  5.86209673e-04
  8.15118644e-04 -1.41531731e-04  1.79787714e-04  6.65472975e-05
 -7.55050463e-21 -1.13925931e-19  9.99241486e-07 -7.92179151e-17
 -1.56919890e-16  1.99421538e-24 -3.91752738e-20 -1.39760436e-20
 -7.92179082e-17  9.98485267e-07 -1.10869225e-23  1.96326404e-24
  9.45500527e-20  3.54165651e-20 -1.56919886e-16 -3.35220828e-23
  9.98485267e-07  8.05977372e-24 -4.09501966e-20 -3.11257466e-20
 -5.52501792e-20  3.02275917e-20 -3.83970362e-20  9.99999250e-10],0.0061633183031051305,-0.0020918430005221924,-2.5879046533656505e-21,6.393527103391291e-27,-1.2820105955367322e-28,0.0003005235630923901,[ 6.18212024e-02 -5.75179234e-04 -7.05234657e-06  7.92814222e-11
 -9.62590080e-11 -2.82104165e-04 -2.19048932e-04  3.58659029e-02
  4.36778799e-04  1.63050201e-11 -2.08448745e-11 -2.55547588e-05
  1.44165008e-18 -8.92840489e-17  9.98863090e-07 -1.93556013e-25
 -3.83389522e-25  8.86027408e-25  3.76108685e-24  7.72250650e-25
 -1.93597291e-25  9.95483072e-07 -1.59125178e-31 -1.45735147e-27
 -5.29912580e-25 -1.16322274e-25 -3.83395442e-25 -1.57675571e-31
  9.95483072e-07  2.41840868e-29  1.06370964e-15  1.16078581e-15
  1.43052328e-17 -4.37432042e-23  5.42618290e-23  3.48909127e-02]
2.5168256759643555,base_link,5.4916263144590625,-5.14267579129479,-9.072782228954407e-24,2.8723889769020322e-24,1.5443569293041117e-24,-0.9999894209621379,0.004599778669463965,[ 1.93498016e-03 -7.70476399e-04 -1.15388332e-04 -9.54513870e-04
  1.01002085e-03  3.68285727e-04 -2.64962800e-04  5.10868485e-04
  7.12117324e-04 -1.47141220e-04  1.55683584e-04  5.68544444e-05
  4.87043945e-21  2.39816203e-20  9.98857994e-07 -4.78856878e-17
 -1.99885341e-16  4.20012143e-24 -2.49874719e-20 -1.07467305e-20
 -4.78856684e-17  9.97721188e-07  3.17223053e-24  4.22484346e-24
  4.81749989e-20  2.34522247e-20 -1.99885370e-16  1.26095636e-23
  9.97721188e-07 -8.12098629e-24 -1.26976101e-20 -3.03172680e-20
 -5.40744784e-20  2.53764174e-20 -2.68469076e-20  9.99998865e-10],0.005958961202969978,-0.0012364903184313284,-1.7155339218022317e-21,1.7743661248298168e-28,1.3356363972288265e-27,-0.0003246657788657516,[ 6.18951268e-02 -6.19963743e-04 -7.60263492e-06  9.05075547e-11
 -8.54278139e-11 -2.42517636e-04 -2.20972113e-04  3.58289480e-02
  4.36131324e-04  2.29130450e-11 -2.43073124e-11 -2.21366043e-05
 -9.91028548e-20  5.69206141e-18  9.98288943e-07 -1.16733960e-25
 -4.87293924e-25 -3.79895943e-23  1.73190941e-24  4.39439700e-25
 -1.16743604e-25  9.93225168e-07 -8.06156271e-32 -1.35038956e-28
 -9.56427583e-25 -2.74649813e-25 -4.87330500e-25 -7.87786793e-32
  9.93225168e-07 -1.06880352e-27  1.86400490e-15  2.36936799e-15
  2.91281165e-17 -4.47644304e-23  4.44470679e-23  3.48899778e-02]
2.555774211883545,base_link,5.492222759650867,-5.141160396251549,4.4862079527071507e-23,3.3147311352957085e-23,3.371303536015057e-23,-0.999984587940409,0.005551925940652216,[ 1.79015870e-03 -6.55308868e-04 -1.44273262e-04 -7.81502353e-04
  1.05527877e-03  3.90207268e-04 -2.52895035e-04  5.39010420e-04
  7.88707048e-04 -1.05302309e-04  1.42214087e-04  5.26462055e-05
  2.31610572e-23  4.24575265e-20  9.99103763e-07 -4.42005691e-17
 -1.91691377e-16  3.82965571e-24 -7.31624708e-20 -3.25842987e-20
 -4.42005864e-17  9.98210729e-07 -4.56507706e-23 -1.34121670e-23
  1.54795271e-19  5.44218669e-20 -1.91691363e-16 -3.71752103e-23
  9.98210729e-07  1.38737304e-23 -2.15859243e-20 -3.84144744e-20
 -6.09031536e-20  2.06072941e-20 -2.78356928e-20  9.99999112e-10],0.004737826042237749,-0.002248849624811763,-1.4004611362791572e-21,-1.2966058619087675e-27,-3.0702803670518206e-27,0.0007793210539353828,[ 6.17092014e-02 -5.27809374e-04 -6.47356793e-06  5.28416833e-11
 -8.83833588e-11 -2.57237336e-04 -2.09924765e-04  3.58388424e-02
  4.36480755e-04  1.35279109e-11 -1.80735852e-11 -2.03874305e-05
  6.22569216e-19 -4.19586241e-17  9.98656846e-07 -1.07848689e-25
 -4.67711431e-25 -6.38792623e-24  1.58327539e-24  4.05512371e-25
 -1.07851495e-25  9.94670207e-07 -9.09506599e-32 -1.51787496e-28
 -2.81758396e-24 -5.78380194e-25 -4.67725784e-25 -9.03959874e-32
  9.94670207e-07 -3.72154632e-28  2.32560360e-15  3.16447443e-15
  3.88840815e-17 -2.60838485e-23  3.71960181e-23  3.48876301e-02]
2.626282215118408,base_link,5.490864468459947,-5.136711451660013,8.025349940769337e-23,-3.8091952079500165e-23,9.396715249101032e-24,-0.9999756641900112,0.006976462409135639,[ 1.90976630e-03 -7.12439614e-04 -1.44806606e-04 -8.79504297e-04
  9.49110449e-04  3.30979967e-04 -2.85230468e-04  4.67913240e-04
  7.54294219e-04 -1.73992383e-04  1.87740354e-04  6.55541902e-05
 -2.43521972e-21 -2.63639005e-20  9.99146177e-07 -1.06543072e-16
 -1.64371575e-16  5.08784503e-24 -3.21872520e-20 -1.56171700e-20
 -1.06543065e-16  9.98295262e-07 -2.73219370e-23 -2.37963195e-24
  6.73391193e-20  3.75870870e-20 -1.64371617e-16 -1.97584672e-24
  9.98295262e-07 -6.98746791e-24 -3.38777765e-20 -1.83602430e-20
 -5.56163664e-20  3.77273889e-20 -4.07059739e-20  9.99999154e-10],0.0054227153009608195,-0.005206397621898585,-3.704943987033686e-21,-3.0060910166075645e-27,1.468047250694712e-28,0.0022999552906662526,[ 6.18638371e-02 -5.74541278e-04 -7.05728284e-06  8.20809682e-11
 -7.90260587e-11 -2.17675206e-04 -2.37993896e-04  3.58082652e-02
  4.36204592e-04  2.32266252e-11 -2.54719172e-11 -2.56137784e-05
  6.46286139e-19 -3.98986399e-17  9.98720357e-07 -2.59085535e-25
 -3.99752642e-25 -3.65034526e-24  2.74003578e-24  7.78712999e-25
 -2.59114403e-25  9.94920268e-07 -1.96013762e-31 -2.17168782e-28
  1.16322274e-24  3.74816215e-25 -3.99733981e-25 -1.95747420e-31
  9.94920268e-07  7.41203453e-30  3.35686706e-15  4.65553702e-15
  5.72189870e-17 -3.13150703e-23  3.09630353e-23  3.48893896e-02]
2.670788049697876,base_link,5.493804907087268,-5.144275235073865,2.031464055400664e-22,-8.463587171018927e-24,-5.077643541098355e-24,-0.99999236925451,0.003906588377569898,[ 1.63348334e-03 -6.30898227e-04 -4.66342962e-05 -7.68421190e-04
  9.24517435e-04  3.02220344e-04 -2.00153852e-04  4.59471059e-04
  6.97501578e-04 -9.59853532e-05  1.15484838e-04  3.78025752e-05
  2.15199308e-20  7.58094488e-20  9.98682330e-07 -8.01712491e-17
 -1.09219141e-16 -1.04379935e-23 -1.43995601e-20 -4.94984879e-21
 -8.01712790e-17  9.97371576e-07 -1.05869142e-23 -1.29260048e-24
  1.64112634e-20  5.55865372e-21 -1.09219103e-16 -1.21987759e-23
  9.97371576e-07  2.19134076e-24 -6.48650479e-21 -6.66155689e-21
 -3.27771711e-20  1.82705926e-20 -2.19826086e-20  9.99998688e-10],0.001871195791045447,0.00021056174730510688,-1.1335114310392052e-20,6.790926908154892e-27,-1.0015644405989241e-26,-0.0013118474639381348,[ 6.15187026e-02 -5.14278188e-04 -6.30190861e-06  7.03396407e-11
 -8.59765109e-11 -2.00751113e-04 -1.70181505e-04  3.57987285e-02
  4.35873098e-04  1.42359210e-11 -1.71455175e-11 -1.45815037e-05
  4.43845264e-19 -3.07371316e-17  9.98026092e-07 -1.93913542e-25
 -2.64204128e-25 -5.02682197e-23 -4.00665609e-25 -8.07793567e-26
 -1.93946075e-25  9.92196446e-07 -6.39355582e-32 -4.98074961e-28
 -2.97268033e-25 -5.81611368e-26 -2.64159440e-25 -6.41812662e-32
  9.92196446e-07  7.41140159e-28  4.23739476e-15  5.16516625e-15
  6.34129266e-17  1.68140895e-24 -1.57372363e-24  3.48844776e-02]
2.7165186405181885,base_link,5.497027170885849,-5.150092128317597,5.1593228596275146e-23,-4.523539004525436e-23,-9.190369013905631e-24,-0.9999920704682632,0.003982336072731963,[ 1.92156398e-03 -8.15746658e-04 -1.50548796e-04 -1.00410102e-03
  1.18730543e-03  4.03503190e-04 -2.98204483e-04  5.54069287e-04
  7.65684799e-04 -1.73304735e-04  2.04935990e-04  6.97214431e-05
 -3.72065840e-21 -1.29913678e-19  9.99160910e-07  8.70682578e-17
  1.39646596e-17 -4.14470934e-24 -1.76818128e-20 -8.84090639e-21
  8.70682376e-17  9.98324630e-07 -1.99681433e-23 -6.30638123e-24
  7.70799982e-20  3.54695047e-20  1.39647213e-17 -7.72788880e-23
  9.98324630e-07  3.05373817e-23 -7.87148948e-21 -2.66858288e-20
  9.04410310e-21 -2.16146541e-20  2.55608344e-20  9.99999169e-10],-0.0017662659814182636,0.004230555372920919,-2.0041465598828413e-21,-2.0776782263185266e-27,1.1775190163553472e-27,-0.0011082946146539444,[ 6.18850172e-02 -6.54957257e-04 -8.03968682e-06  7.06197540e-11
 -9.01068769e-11 -2.65714764e-04 -2.45578587e-04  3.58414650e-02
  4.36777278e-04  2.07515609e-11 -2.44649192e-11 -2.73360889e-05
  1.35525272e-18 -7.36173275e-17  9.98742419e-07  2.13113384e-25
  3.41793738e-26  1.30949411e-24  1.43464137e-24  4.20052655e-25
  2.13128699e-25  9.95007259e-07 -1.34327008e-32  4.19567437e-28
 -9.04728795e-25 -2.45569244e-25  3.41708128e-26 -1.37217433e-32
  9.95007259e-07 -2.32736580e-28  4.05284481e-15  4.89648063e-15
  6.01632223e-17  7.55840897e-23 -8.73452671e-23  3.48839430e-02]
2.75930118560791,base_link,5.50300773732488,-5.153352008976828,-2.22991146688273e-23,3.3170116212615226e-23,-1.2987096439216796e-23,-0.9999956164825164,0.00296091468161469,[ 1.95743851e-03 -7.74722794e-04 -1.27019771e-04 -9.35012861e-04
  1.12742234e-03  3.74349208e-04 -2.69309610e-04  5.29054236e-04
  7.76550456e-04 -1.39016193e-04  1.67618985e-04  5.57127970e-05
 -2.63374307e-21 -1.45954365e-19  9.99302928e-07  1.42719505e-16
  1.21395660e-16 -3.16513957e-24  4.97631857e-21  1.87935435e-21
  1.42719506e-16  9.98607795e-07 -9.73635635e-24  5.02765489e-24
 -1.79994501e-21 -7.41153829e-22  1.21395690e-16 -5.61129537e-23
  9.98607795e-07  1.25334824e-23  6.02716882e-20  5.29790442e-21
  4.64236696e-20 -4.38802550e-20  5.29078963e-20  9.99999312e-10],-0.008191807644793884,0.0063633262813865615,-2.458554567675877e-21,1.4503172647599024e-27,4.256766142781412e-27,-0.002160648669909309,[ 6.19266646e-02 -6.19203784e-04 -7.60489632e-06  6.76211723e-11
 -7.90560950e-11 -2.45726196e-04 -2.20835209e-04  3.58262062e-02
  4.36749031e-04  1.54265308e-11 -1.86773461e-11 -2.19235359e-05
 -3.80317793e-19  2.18466738e-17  9.98955119e-07  3.48955700e-25
  2.96824334e-25 -1.26592051e-24 -2.24889729e-24 -5.13756709e-25
  3.48966974e-25  9.95846431e-07 -2.39193255e-31  1.62349462e-28
 -2.76588517e-24 -6.49466028e-25  2.96841171e-25 -2.39794683e-31
  9.95846431e-07  4.69283143e-28  2.83778367e-15  3.92777987e-15
  4.82773701e-17  7.86981864e-23 -9.47715265e-23  3.48827306e-02]
2.826915979385376,base_link,5.503208307724109,-5.150782965302047,-1.8291779762098395e-22,-2.870776047706754e-24,-1.2681268674646259e-24,-0.9999921530724883,0.0039615392777364025,[ 2.28549851e-03 -9.09828741e-04 -1.88596034e-04 -1.09282991e-03
  1.28433942e-03  4.61046395e-04 -3.33609336e-04  6.21723120e-04
  8.46094902e-04 -1.53126463e-04  1.79962991e-04  6.46537932e-05
  5.68438517e-21 -5.24631032e-20  9.99449110e-07  1.04514387e-16
  1.50075872e-16  1.03953344e-24 -2.14934610e-20 -7.83505476e-21
  1.04514390e-16  9.98899432e-07 -2.52029903e-23  1.17499018e-24
 -5.32571966e-20 -1.90847111e-20  1.50075866e-16 -2.22747881e-23
  9.98899432e-07 -2.61778060e-24  3.40662832e-20  1.22400565e-20
  5.90061220e-20 -4.46238007e-20  5.24448818e-20  9.99999458e-10],-0.007288993741199414,0.004315090685793693,-1.0230597469109526e-20,5.706422134393656e-27,-3.2776240410727304e-28,-0.0008467399421575647,[ 6.23295009e-02 -7.12598674e-04 -8.78024000e-06  6.50176007e-11
 -7.77482881e-11 -2.98020977e-04 -2.67047435e-04  3.58791947e-02
  4.37521119e-04  1.39018074e-11 -1.62878875e-11 -2.52322277e-05
  2.75624521e-18 -1.37259995e-16  9.99174119e-07  2.57620958e-25
  3.69860073e-25  2.74499662e-23 -3.63183988e-24 -7.73866237e-25
  2.57658190e-25  9.96712738e-07 -2.76766121e-31  1.56042197e-27
  5.16987883e-24  1.08567455e-24  3.69886169e-25 -2.77963898e-31
  9.96712738e-07 -8.80203480e-29 -8.50567043e-16  1.17697769e-16
  1.28175994e-18  1.41220968e-22 -1.66224344e-22  3.48903172e-02]
2.88340163230896,base_link,5.502308702004081,-5.14803816476502,-5.259121418473004e-23,1.0308411774040688e-23,3.0121199835601416e-24,-0.999988633728741,0.004767852066273954,[ 1.78293402e-03 -6.81930149e-04 -1.66910242e-04 -8.26105813e-04
  1.05825515e-03  3.92209170e-04 -2.72722544e-04  5.36433472e-04
  7.64845596e-04 -1.37161126e-04  1.75704217e-04  6.52181616e-05
 -8.66885282e-22  6.23628007e-20  9.99073652e-07  1.01994918e-16
  2.21875355e-16 -6.88808404e-24  2.96461532e-20  1.61465656e-20
  1.01994910e-16  9.98150728e-07 -1.22481997e-23  4.52446121e-24
 -5.32571966e-20 -2.93814554e-20  2.21875356e-16  5.14446697e-25
  9.98150728e-07 -1.18682137e-23  9.57184971e-21  2.50174572e-20
  6.80831049e-20 -3.58085860e-20  4.58707921e-20  9.99999082e-10],-0.005410031955401226,0.002244488001341174,2.0520145249667174e-21,3.217951291157355e-28,1.5186947392518486e-27,0.0001623902537557214,[ 6.17087978e-02 -5.42091206e-04 -6.66285285e-06  6.48904180e-11
 -8.24145961e-11 -2.57349505e-04 -2.21598893e-04  3.58374119e-02
  4.36844726e-04  2.04947397e-11 -2.62738211e-11 -2.59756432e-05
  5.30242625e-19 -3.48028897e-17  9.98611763e-07  2.48958965e-25
  5.41614589e-25 -1.53604845e-23 -1.53803895e-24 -4.84676140e-25
  2.48966279e-25  9.94492795e-07 -2.34920679e-31 -1.44560351e-28
  4.76921322e-24  1.52511425e-24  5.41583476e-25 -2.34230648e-31
  9.94492795e-07 -5.04813723e-28 -3.71024947e-15 -2.07543401e-15
 -2.56315482e-17  4.47161104e-23 -5.68984086e-23  3.48867068e-02]
2.9318535327911377,base_link,5.5008799814126546,-5.148510756831929,-4.2947005339183954e-24,-2.6151267161250848e-23,-1.0591947378448332e-23,-0.9999924518247352,0.003885394903301368,[ 1.99482219e-03 -7.32594061e-04 -1.07663897e-04 -8.72027307e-04
  1.04700376e-03  3.66620137e-04 -2.50507001e-04  5.39324741e-04
  8.11975900e-04 -1.09203424e-04  1.31108244e-04  4.59466721e-05
 -1.57371112e-21 -2.80526724e-19  9.99416637e-07  5.70483685e-17
  6.41929555e-17 -1.15819538e-24  8.52326903e-21  2.54109884e-21
  5.70483777e-17  9.98834633e-07  1.46279574e-23  7.33002125e-24
 -1.00585162e-20 -3.30872245e-21  6.41929293e-17  3.72842216e-23
  9.98834633e-07 -1.83369981e-23  2.19861117e-20  4.50075434e-21
  2.50501416e-20 -1.84450685e-20  2.21439964e-20  9.99999425e-10],-0.003345626572138387,0.0024862541244651737,-7.150091401538839e-22,1.9965322919695058e-27,1.6241521476545523e-27,-0.0008623592993074508,[ 6.19866676e-02 -5.86073846e-04 -7.20959910e-06  5.61879625e-11
 -6.22994490e-11 -2.39660628e-04 -2.06539407e-04  3.58385444e-02
  4.37144151e-04  9.69962531e-12 -1.17661742e-11 -1.76717168e-05
 -3.70153398e-19  2.23887749e-17  9.99125465e-07  1.39787883e-25
  1.57342910e-25 -2.35037306e-24  1.38940494e-24  2.40722483e-25
  1.39828519e-25  9.96520063e-07 -6.03308116e-32  4.02535825e-28
 -1.13737334e-24 -2.13257502e-25  1.57334291e-25 -6.09205124e-32
  9.96520063e-07  3.19723703e-28 -4.63325656e-15 -2.88522800e-15
 -3.56007438e-17  1.28205173e-23 -1.32896840e-23  3.48870184e-02]
2.963366746902466,base_link,5.502298470643558,-5.150298780804567,-1.1786738186552786e-23,-4.654983643746146e-24,-3.13258954781648e-25,-0.9999895735949035,0.004566475827502475,[ 1.65738176e-03 -6.07225847e-04 -1.16958134e-04 -7.34309085e-04
  8.99222757e-04  3.25346982e-04 -2.22432463e-04  4.53210647e-04
  6.87570024e-04 -1.10690413e-04  1.35552176e-04  4.91365586e-05
  6.94831715e-22  1.34466480e-20  9.98752832e-07  1.68315000e-16
  1.93536086e-16 -2.05595506e-24  1.23878569e-20  6.56450534e-21
  1.68314998e-16  9.97511862e-07 -2.25034091e-23  1.31212368e-24
  1.37642854e-20  7.09390093e-21  1.93536049e-16  2.00973494e-23
  9.97511862e-07 -2.05385188e-23  4.14112981e-20  2.33748058e-20
  5.95156701e-20 -3.55278532e-20  4.35081668e-20  9.99998759e-10],-0.004652555880464211,0.0036678734164358366,-1.4561279370266241e-21,-4.115643174721548e-28,1.7657117563256772e-27,-3.359151806373224e-05,[ 6.15577485e-02 -4.89987433e-04 -6.01605929e-06  6.68339234e-11
 -8.35078605e-11 -2.15320433e-04 -1.84842385e-04  3.57958078e-02
  4.36235986e-04  2.04207089e-11 -2.49818389e-11 -1.95162977e-05
  3.11708125e-19 -2.26056153e-17  9.98131575e-07  4.07997949e-25
  4.69126191e-25 -1.29443133e-23 -7.49632430e-25 -2.29413373e-25
  4.07977711e-25  9.92608878e-07 -2.49007460e-31 -5.37067661e-28
  2.19719850e-25  7.10858339e-26  4.69200700e-25 -2.51372910e-31
  9.92608878e-07  2.31295679e-27 -5.36909611e-15 -3.40538754e-15
 -4.19422709e-17  3.60945839e-23 -4.46497410e-23  3.48839939e-02]
3.0274722576141357,base_link,5.5024806199044285,-5.148462247534819,-9.900602387159771e-23,-1.7742412891765827e-23,-1.870339317134827e-23,-0.9999925091730717,0.003870606896085439,[ 1.89750685e-03 -7.08941829e-04 -1.46085076e-04 -8.48294593e-04
  9.64553161e-04  3.48024210e-04 -2.72161349e-04  5.12636514e-04
  8.01802151e-04 -1.45872237e-04  1.65853950e-04  5.99215427e-05
  1.49057946e-21 -1.21760986e-19  9.99192453e-07  4.24037332e-17
  1.36343694e-16  7.33715073e-24 -3.93870320e-20 -2.22346149e-20
  4.24037298e-17  9.98387508e-07 -3.95218106e-23 -1.17008015e-23
  3.44107135e-20  2.14934610e-20  1.36343695e-16 -3.32489285e-23
  9.98387508e-07  1.07246249e-23 -5.44032811e-21  9.81603601e-21
  4.48812915e-20 -2.03631703e-20  2.31514384e-20  9.99999201e-10],-0.004253137519050184,0.002293016352259796,-3.368293114138545e-21,-9.107716969936138e-28,3.247595909661634e-27,-0.0007967889713510488,[ 6.18663403e-02 -5.70681877e-04 -7.01222753e-06  5.62371926e-11
 -5.85611506e-11 -2.29158580e-04 -2.24751420e-04  3.58209610e-02
  4.36928793e-04  1.81994836e-11 -2.08343390e-11 -2.35322925e-05
  4.26904605e-19 -2.66171633e-17  9.98789656e-07  1.03428910e-25
  3.32665074e-25 -3.73914596e-25  2.00979039e-24  6.55928376e-25
  1.03459543e-25  9.95193410e-07 -6.85111147e-32  1.64375903e-28
 -2.23597259e-24 -8.01331218e-25  3.32611151e-25 -6.81256577e-32
  9.95193410e-07 -5.65996707e-28 -6.12555169e-15 -4.30067088e-15
 -5.29694601e-17  1.09335639e-23 -1.12473683e-23  3.48822338e-02]
3.068639039993286,base_link,5.503386199799782,-5.150259944886762,-6.458065125988133e-23,2.6945408670499827e-24,1.4374840636974084e-23,-0.9999897552058804,0.004526531043021094,[ 1.83665504e-03 -6.65771709e-04 -1.04802345e-04 -7.72305290e-04
  9.88259533e-04  3.23133744e-04 -2.28270241e-04  4.87015364e-04
  7.82921200e-04 -9.18279518e-05  1.17514004e-04  3.84662603e-05
  3.52048069e-21  5.08219768e-20  9.99158478e-07  1.05095825e-16
  1.25800813e-16 -1.04656891e-23 -5.49512625e-20 -2.24993127e-20
  1.05095767e-16  9.98319781e-07 -6.25494790e-23 -1.53477140e-23
  4.33045594e-20  1.53260024e-20  1.25800851e-16 -2.29629196e-23
  9.98319781e-07  3.04111904e-24  2.90276159e-20  1.03261932e-20
  4.63578157e-20 -2.68471378e-20  3.43596483e-20  9.99999167e-10],-0.004858295329591941,0.0034657190541845045,-1.7695074910954926e-21,2.9429692770690818e-27,2.3619050296445054e-27,-9.47482863990036e-06,[ 6.17843304e-02 -5.35858795e-04 -6.58442813e-06  4.51455044e-11
 -6.60608298e-11 -2.12758890e-04 -1.89147890e-04  3.58063579e-02
  4.36790523e-04  1.06252929e-11 -1.35592221e-11 -1.50068603e-05
  5.08219768e-19 -3.37186876e-17  9.98738777e-07  2.56758514e-25
  3.07355922e-25 -8.41109294e-24 -1.33770615e-24 -3.13423904e-25
  2.56803959e-25  9.94992887e-07 -1.49883886e-31  9.13873411e-28
  9.69352280e-25  2.01948392e-25  3.07382184e-25 -1.51992676e-31
  9.94992887e-07  7.49007929e-28 -6.58034645e-15 -4.95326572e-15
 -6.09845747e-17  3.34351865e-23 -4.32994914e-23  3.48806292e-02]
3.111081838607788,base_link,5.504701827443823,-5.150620309247363,-2.2454624010139142e-23,4.735013785571807e-24,3.6522955011378355e-24,-0.9999944839181675,0.0033214655256240963,[ 1.77506084e-03 -6.58499826e-04 -1.16164961e-04 -8.09398749e-04
  1.02126040e-03  3.63828927e-04 -2.53733349e-04  5.10876140e-04
  7.82564760e-04 -1.25434227e-04  1.58257592e-04  5.64770956e-05
 -1.07202607e-20 -7.21036796e-20  9.98848080e-07  1.17993344e-16
  2.09113964e-16 -2.75107770e-24  2.75285708e-20  1.33407689e-20
  1.17993378e-16  9.97701451e-07  4.07279488e-23  2.22020389e-23
 -4.76456033e-21 -2.48815928e-21  2.09113916e-16  4.78585384e-23
  9.97701451e-07 -3.12245605e-23  3.76926301e-20  3.20307985e-20
  6.36599815e-20 -3.26472441e-20  4.11884855e-20  9.99998855e-10],-0.005903697534230771,0.0036281327219505996,-5.2663074847478364e-21,3.040085932229078e-28,1.1976650547094861e-27,-0.0013665006266285768,[ 6.17018249e-02 -5.29300421e-04 -6.50455475e-06  7.42189183e-11
 -8.76324033e-11 -2.39559969e-04 -2.08938494e-04  3.58179808e-02
  4.36781972e-04  2.12016432e-11 -2.68381000e-11 -2.22845883e-05
  2.15146369e-19 -1.44740990e-17  9.98274106e-07  2.87626806e-25
  5.09821929e-25 -2.82468862e-23 -1.26662031e-24 -3.61891518e-25
  2.87638153e-25  9.93167026e-07 -2.06236347e-31 -4.61724798e-28
 -2.00332805e-24 -6.17154285e-25  5.09721172e-25 -2.02400308e-31
  9.93167026e-07 -2.37795349e-27 -7.31784744e-15 -5.74642737e-15
 -7.07072717e-17  6.29555155e-23 -7.86457384e-23  3.48803584e-02]
3.1740598678588867,base_link,5.504436198622851,-5.1494784410366075,3.4546740311973063e-23,1.4034158915769257e-24,2.5143872933529394e-24,-0.9999948492318687,0.003209596506134246,[ 1.87743452e-03 -6.91065921e-04 -9.92738351e-05 -8.55807516e-04
  1.10449555e-03  3.97078614e-04 -2.44585106e-04  5.61778979e-04
  7.90754414e-04 -1.15758828e-04  1.49407315e-04  5.37640387e-05
  2.83226642e-21  3.09167026e-20  9.99178206e-07  8.74995571e-17
  1.62759862e-16  5.32689503e-24 -1.45054392e-20 -4.87043945e-21
  8.74995579e-17  9.98359106e-07 -3.25937910e-23 -5.49686121e-24
  6.44803831e-20  1.97464556e-20  1.62759853e-16 -2.37505600e-23
  9.98359106e-07  2.98449846e-24  2.27317504e-20  2.92358263e-20
  5.69091808e-20 -2.91324557e-20  3.76031222e-20  9.99999186e-10],-0.004785494572020169,0.0026797283936842845,-1.6223425948504092e-21,7.736029344072056e-28,-2.607066988115241e-27,-0.00135804536991388,[ 6.18341287e-02 -5.53227961e-04 -6.80141936e-06  6.81241071e-11
 -9.58454543e-11 -2.61123271e-04 -2.00570561e-04  3.58399153e-02
  4.37357298e-04  1.33909269e-11 -1.72206555e-11 -2.11677431e-05
  1.31798327e-18 -8.47846099e-17  9.98768320e-07  2.13248425e-25
  3.96677454e-25 -2.67062084e-24 -1.56388835e-24 -3.06961555e-25
  2.13272069e-25  9.95109291e-07 -1.65421857e-31  5.15434042e-28
  2.17134911e-24  3.87740912e-25  3.96608280e-25 -1.64555033e-31
  9.95109291e-07 -1.60977012e-27 -8.29302324e-15 -6.94566339e-15
 -8.54819080e-17  1.10123706e-23 -1.74429508e-23  3.48787563e-02]
3.2311768531799316,base_link,5.504135780987358,-5.152555203448698,-8.020088850429718e-23,-1.6388173700691853e-23,-2.4848631969769553e-23,-0.9999940921476894,0.0034373928664558446,[ 2.24453220e-03 -8.04796320e-04 -1.81584528e-04 -9.62409867e-04
  1.17948558e-03  4.28234548e-04 -3.12397402e-04  6.10267860e-04
  8.87005705e-04 -1.43531991e-04  1.75907195e-04  6.39124495e-05
  2.18110984e-20 -1.26260849e-19  9.99497626e-07  6.03425544e-17
  6.58380294e-17  9.21076139e-26 -4.75926637e-20 -1.79465106e-20
  6.03425355e-17  9.98996260e-07 -4.92059630e-23 -1.50094629e-23
  5.80217569e-20  2.16787495e-20  6.58380422e-17 -2.93524025e-23
  9.98996260e-07  9.55182213e-24  4.36449313e-20  1.37642466e-20
  2.77285112e-20 -2.22701158e-20  2.72934613e-20  9.99999507e-10],-0.0038594345056135464,0.004687961562881035,-4.74990522809465e-21,-2.886201697408252e-27,2.5366175244689e-27,-0.000970117807478251,[ 6.22943500e-02 -6.36436045e-04 -7.84249351e-06  5.38858231e-11
 -6.65283703e-11 -2.78098072e-04 -2.52345577e-04  3.58648300e-02
  4.37923040e-04  1.18313006e-11 -1.44807706e-11 -2.48791313e-05
  2.25310764e-19 -1.25767452e-17  9.99246817e-07  1.48319810e-25
  1.61870721e-25  5.34812048e-24 -9.49965235e-25 -2.06795153e-25
  1.48362057e-25  9.97000785e-07 -7.64964876e-32  5.03931977e-28
  5.04063186e-25  1.06628751e-25  1.61827256e-25 -7.66099682e-32
  9.97000785e-07 -4.22177885e-28 -9.03858207e-15 -7.72362588e-15
 -9.51275206e-17  2.83775765e-23 -3.48262424e-23  3.48824031e-02]
3.2775073051452637,base_link,5.504487154058554,-5.147750221303312,6.5713918306231155e-25,8.602764805750985e-24,-9.206413748861118e-24,-0.9999921430933238,0.003964057469465828,[ 2.04072169e-03 -8.16079584e-04 -1.53488139e-04 -1.02433230e-03
  1.19743284e-03  4.48920564e-04 -3.16351805e-04  5.84998175e-04
  8.33694090e-04 -1.64621917e-04  1.92430399e-04  7.22187319e-05
  7.53561538e-22  6.60685699e-20  9.99293258e-07  7.04806698e-17
  1.13112995e-16 -2.73943989e-25  3.17637355e-21  1.27054942e-21
  7.04806768e-17  9.98588509e-07  4.59605007e-24  5.96088417e-24
  5.12454933e-20  2.17052193e-20  1.13113002e-16 -2.38091921e-23
  9.98588509e-07  5.49847282e-24  1.24357299e-20  1.26091406e-20
  4.15562878e-20 -2.79862893e-20  3.27128956e-20  9.99999302e-10],-0.0039235142000145105,0.00123873103513154,-6.0672637387492455e-22,-3.642707672322571e-27,9.072166417553148e-27,-0.0003140143362595439,[ 6.20288360e-02 -6.44911081e-04 -7.94277071e-06  8.22372262e-11
 -9.08771444e-11 -2.92563017e-04 -2.54855491e-04  3.58545184e-02
  4.37713471e-04  1.90077465e-11 -2.24416337e-11 -2.85244290e-05
  2.54109884e-19 -1.39319979e-17  9.98940634e-07  1.72643881e-25
  2.77086245e-25  4.26424568e-25 -9.04728795e-26 -2.58493941e-26
  1.72626207e-25  9.95789230e-07 -1.09663059e-31 -6.87297744e-28
 -4.03250549e-24 -9.91970500e-25  2.77137124e-25 -1.10383507e-31
  9.95789230e-07  1.71348029e-27 -1.02607089e-14 -8.54543758e-15
 -1.05222317e-16  2.71339971e-23 -2.92806055e-23  3.48819424e-02]
3.3178813457489014,base_link,5.500617401715465,-5.144606221508783,-1.6015577864720634e-23,2.0584560064123505e-23,7.707325399926495e-24,-0.9999894116761678,0.004601796991577481,[ 1.90980810e-03 -7.13992973e-04 -1.36894968e-04 -8.54510834e-04
  9.71070860e-04  3.47616078e-04 -2.58347514e-04  5.08842633e-04
  7.41881776e-04 -1.31947789e-04  1.49927911e-04  5.37535546e-05
  4.79764755e-21  8.00975531e-20  9.99093199e-07 -2.19535105e-17
  1.04193261e-17 -1.77497116e-24 -2.11758237e-21 -1.00585162e-21
 -2.19535283e-17  9.98189677e-07 -2.12705909e-23 -7.72196960e-24
  3.49401091e-20  2.06464281e-20  1.04193666e-17 -5.26537742e-23
  9.98189677e-07  2.15668389e-23 -2.25766282e-20 -6.44986974e-21
  1.79975377e-21  3.12292377e-21 -3.54834864e-21  9.99999101e-10],0.0006072029237455023,-0.000958089156272828,-1.5182412741692713e-21,1.6790589685888776e-27,1.7973638466456325e-27,0.00036282727862092497,[ 6.18690391e-02 -5.69262542e-04 -7.00442425e-06  6.57748450e-11
 -6.42959080e-11 -2.27656252e-04 -2.11810693e-04  3.58173251e-02
  4.37183220e-04  1.86564599e-11 -2.14696159e-11 -2.11302057e-05
  7.49624158e-19 -4.67833237e-17  9.98641029e-07 -5.36033442e-26
  2.54493524e-26 -5.68871404e-24 -2.83050866e-24 -8.01331218e-25
 -5.35780177e-26  9.94607957e-07  3.07912146e-33  4.97424297e-28
  1.57681304e-24  5.29912580e-25  2.54630385e-26  1.79892316e-33
  9.94607957e-07  5.54933883e-28 -1.04408053e-14 -8.62356790e-15
 -1.06155281e-16 -4.07545999e-23  5.01782567e-23  3.48802564e-02]
3.3784515857696533,base_link,5.497853575917246,-5.144975303554677,-8.201261314939492e-23,1.9915455827258775e-24,-1.1981515582290598e-23,-0.9999866860069276,0.00516021403453926,[ 2.16575321e-03 -8.15178326e-04 -1.73048974e-04 -9.76833458e-04
  1.10773549e-03  4.02198989e-04 -3.04868314e-04  5.46022675e-04
  7.80218221e-04 -1.36975838e-04  1.55330768e-04  5.64470718e-05
  4.28810430e-21 -4.87573340e-20  9.99404036e-07 -2.37639138e-17
 -6.18514753e-17  6.33910757e-24  6.35274710e-22  2.38228016e-22
 -2.37639074e-17  9.98809491e-07 -2.12600652e-23 -6.83231556e-24
 -6.19392843e-20 -2.21287357e-20 -6.18514942e-17  2.15524055e-25
  9.98809491e-07 -1.10561006e-24 -2.86622218e-20 -1.75379350e-20
 -2.18396595e-20  1.12497282e-20 -1.27571662e-20  9.99999413e-10],0.003529821527518701,-0.0006622663315256793,-1.389631478588136e-21,-5.152466820087899e-27,4.766468262639916e-27,0.0009848233923457597,[ 6.21894608e-02 -6.45639375e-04 -7.96114461e-06  6.51214165e-11
 -7.34492919e-11 -2.61376592e-04 -2.48724595e-04  3.58405113e-02
  4.37712951e-04  1.35143614e-11 -1.53420892e-11 -2.18302867e-05
  1.83467336e-18 -1.00885012e-16  9.99106586e-07 -5.84756450e-26
 -1.52215141e-25  4.15356915e-24 -5.20865292e-24 -1.07921221e-24
 -5.84424578e-26  9.96445363e-07 -2.32904354e-32  8.51699308e-28
  1.46049077e-24  3.06961555e-25 -1.52244804e-25 -2.34261993e-32
  9.96445363e-07 -7.87896538e-28 -9.44932528e-15 -7.34452104e-15
 -9.04378895e-17 -5.31051909e-23  6.02702185e-23  3.48847354e-02]
3.4323761463165283,base_link,5.498357702505236,-5.147195402514523,2.3980552753599772e-23,-2.133133223943437e-23,-3.444142913836408e-23,-0.9999908258765943,0.004283475533591516,[ 2.03997114e-03 -7.73614513e-04 -1.65177592e-04 -9.10640452e-04
  1.05514713e-03  3.77991438e-04 -2.93547062e-04  5.16988577e-04
  7.72284410e-04 -1.18296117e-04  1.37071154e-04  4.91535727e-05
  5.16160702e-22  3.97046694e-20  9.99317100e-07 -7.62027595e-18
 -7.45852159e-17 -5.71662402e-24 -3.30342849e-20 -1.22555080e-20
 -7.62032871e-18  9.98636063e-07 -6.52583648e-23 -2.31176771e-23
  8.48091738e-20  3.05725954e-20 -7.45851755e-17 -3.55675614e-23
  9.98636063e-07  1.44422662e-23 -1.70542800e-20 -1.97915240e-20
 -2.43217599e-20  8.03568720e-21 -9.31126015e-21  9.99999326e-10],0.0026109291050619076,0.0009013893645197426,-7.392393618169796e-21,-6.990591173764266e-27,3.860456475592267e-28,-7.265421504263597e-05,[ 6.20310170e-02 -6.12695701e-04 -7.55501657e-06  6.00003416e-11
 -7.14681253e-11 -2.45731912e-04 -2.39013694e-04  3.58300805e-02
  4.37571671e-04  1.30634233e-11 -1.50773267e-11 -1.91095477e-05
  1.03253316e-18 -5.97937498e-17  9.98976349e-07 -1.87393840e-26
 -1.83150128e-25 -2.03521167e-23 -3.17947548e-24 -6.91471293e-25
 -1.86493952e-26  9.95930338e-07 -6.64431704e-33  1.37430724e-27
 -4.65289095e-25 -1.00166402e-25 -1.83180895e-25 -8.00839252e-33
  9.95930338e-07 -7.65599655e-29 -8.35851837e-15 -5.70146686e-15
 -7.01758546e-17 -2.41421133e-23  2.84319547e-23  3.48864889e-02]
3.4771392345428467,base_link,5.499284865390425,-5.149796770036996,-7.158222445607602e-23,-2.110101097733192e-23,-1.0395077791664751e-23,-0.9999939637944043,0.003474532307479014,[ 2.01010905e-03 -7.81670911e-04 -1.46613081e-04 -9.82281518e-04
  1.23978222e-03  4.31423956e-04 -3.02351778e-04  5.69333919e-04
  8.06664284e-04 -1.56729381e-04  1.97834284e-04  6.88921758e-05
  3.41625593e-21 -1.61889172e-19  9.99355615e-07  3.77611102e-17
 -2.92963398e-17  5.57000124e-24  5.44218669e-20  1.92699996e-20
  3.77611098e-17  9.98712887e-07 -2.10236875e-23 -7.92191000e-24
  3.38813179e-21  1.00585162e-21 -2.92963292e-17 -3.32642296e-23
  9.98712887e-07  1.53828841e-23 -1.17259314e-20 -2.03609215e-20
 -8.73970523e-21 -6.43911252e-21  8.12803898e-21  9.99999364e-10],0.0014300337180215327,0.0026731291137527457,-1.982965816941502e-21,7.036464960105177e-28,-1.366782877429555e-27,-0.0009880394680277377,[ 6.20058345e-02 -6.21697865e-04 -7.66144893e-06  7.61726537e-11
 -1.06040102e-10 -2.82107100e-04 -2.46633776e-04  3.58551145e-02
  4.37962090e-04  1.57803996e-11 -1.95667053e-11 -2.69242958e-05
  3.72694497e-19 -2.13045727e-17  9.99034044e-07  9.24018184e-26
 -7.16893096e-26  1.00012605e-24 -3.81278564e-24 -7.88406521e-25
  9.23954339e-26  9.96158367e-07  1.64101571e-32 -1.57628550e-28
  6.43649914e-24  1.18907213e-24 -7.16767840e-26  1.63395006e-32
  9.96158367e-07  2.88138714e-28 -7.99145442e-15 -4.93189338e-15
 -6.07102471e-17  5.04422689e-24 -3.88741845e-24  3.48857258e-02]
3.5325613021850586,base_link,5.4965737372413965,-5.1448503269863535,1.715204699802801e-23,-3.0688770951394185e-23,-1.4993381170029377e-23,-0.9999879060233456,0.004918110109030546,[ 1.89220237e-03 -7.01198966e-04 -1.10122411e-04 -8.67248210e-04
  1.00446077e-03  3.47398108e-04 -2.50521327e-04  5.06711716e-04
  7.51805822e-04 -1.45165992e-04  1.68103812e-04  5.82218628e-05
 -8.02696066e-21 -1.34889997e-19  9.99141140e-07 -3.18736169e-17
 -1.10255897e-16 -7.14582984e-24 -2.56227467e-20 -1.13820052e-20
 -3.18736574e-17  9.98285222e-07 -4.61200772e-23 -1.45641616e-23
  9.80440636e-20  5.48453833e-20 -1.10255829e-16 -7.90610786e-23
  9.98285222e-07  3.00822505e-23 -2.40083357e-20 -2.47698394e-20
 -3.35262207e-20  1.49280071e-20 -1.72850565e-20  9.99999149e-10],0.0041176781980521195,-0.0007893035818611007,-2.2773030620204874e-21,-1.5884779465357533e-28,1.735921264819948e-27,0.0007040192409072684,[ 6.18674797e-02 -5.63566573e-04 -6.93430831e-06  7.55418934e-11
 -7.22259024e-11 -2.28711879e-04 -2.07351521e-04  3.58204246e-02
  4.37483884e-04  1.95559021e-11 -2.31407456e-11 -2.29059447e-05
  5.08219768e-19 -3.20923843e-17  9.98712813e-07 -7.77602158e-26
 -2.68940300e-25  2.09686162e-25 -2.97268033e-24 -7.72250650e-25
 -7.77488547e-26  9.94890586e-07 -3.92083811e-32  4.34398507e-29
 -2.57201472e-24 -8.27180613e-25 -2.68971917e-25 -3.87500340e-32
  9.94890586e-07 -4.93909222e-28 -7.75087038e-15 -3.99838176e-15
 -4.92139052e-17 -3.99614711e-23  4.75987631e-23  3.48820814e-02]
3.5680313110351562,base_link,5.495865492355852,-5.146407325072901,1.7274373431877463e-23,-2.975139484182094e-23,-6.94263533496731e-24,-0.9999898399558372,0.004507769415021309,[ 2.27002385e-03 -8.38871805e-04 -1.46785729e-04 -9.85503820e-04
  1.09268789e-03  3.59492018e-04 -3.01106418e-04  5.22047081e-04
  8.88166382e-04 -1.45427619e-04  1.61239807e-04  5.30830405e-05
 -5.22778147e-21  3.46224717e-20  9.99530564e-07 -1.22817739e-17
 -6.31583670e-17 -2.96187283e-24 -1.77876919e-20 -6.16745865e-21
 -1.22817871e-17  9.99062007e-07 -1.02811540e-23 -2.84165840e-24
  1.46113183e-20  5.32042570e-21 -6.31583345e-17 -3.24527339e-23
  9.99062007e-07  1.12461907e-23  3.85028018e-21 -1.01866355e-20
 -2.62654264e-20  9.61644167e-21 -1.06617608e-20  9.99999540e-10],0.004642857619160822,0.0003045731619718461,-2.580118596923311e-21,-5.3377870627375306e-27,2.025807250553289e-27,0.00019784450170082387,[ 6.23417066e-02 -6.68480992e-04 -8.24691198e-06  5.49598942e-11
 -5.84759134e-11 -2.33931613e-04 -2.47950666e-04  3.58319283e-02
  4.37893210e-04  1.09456882e-11 -1.22387411e-11 -2.02610829e-05
 -1.36033491e-18  7.22078647e-17  9.99296175e-07 -3.01464048e-26
 -1.54989276e-25  2.12510356e-24 -1.93870456e-24 -3.82894151e-25
 -3.00965658e-26  9.97196502e-07 -1.55236029e-32  6.44129882e-28
 -2.63663820e-24 -5.52530800e-25 -1.55013038e-25 -1.58615056e-32
  9.97196502e-07 -2.20004876e-28 -7.30409989e-15 -3.17618720e-15
 -3.90857784e-17 -2.35548016e-23  2.60882683e-23  3.48867071e-02]
3.6271235942840576,base_link,5.498134503055076,-5.1471991524421465,-8.908283493862831e-24,-4.073606237664763e-23,3.1104017009764864e-24,-0.9999899855365956,0.004475357697361191,[ 1.88835788e-03 -7.22554782e-04 -1.06005924e-04 -8.84402243e-04
  9.99232921e-04  3.78000314e-04 -2.53401413e-04  5.42502850e-04
  7.88321229e-04 -1.27955379e-04  1.44565217e-04  5.47526602e-05
 -1.81185641e-20 -1.77135765e-19  9.99103059e-07  6.13890993e-17
 -4.47134513e-17  3.29546806e-25 -2.22346149e-21 -8.73502727e-22
  6.13890956e-17  9.98209325e-07 -2.14826949e-24 -1.97458393e-24
 -3.52577464e-20 -1.49289557e-20 -4.47135088e-17  6.26361594e-23
  9.98209325e-07 -2.55168323e-23  1.74339946e-20 -1.56668848e-20
 -1.00865231e-20 -8.03589470e-21  9.07892491e-21  9.99999111e-10],0.0016516295093189006,0.0008085000573457116,-2.038110794663022e-21,7.108178928206457e-27,-7.104240516613081e-27,0.00022429243939732567,[ 6.18591030e-02 -5.75901009e-04 -7.09189244e-06  6.72130628e-11
 -7.30665999e-11 -2.48233321e-04 -2.07490288e-04  3.58411670e-02
  4.37802611e-04  1.60160595e-11 -1.81119425e-11 -2.17129934e-05
  1.57886941e-18 -9.74155652e-17  9.98655792e-07  1.49187854e-25
 -1.08665780e-25  1.26502781e-24 -3.15362609e-24 -7.52863604e-25
  1.49238923e-25  9.94666009e-07  3.07091241e-32  1.24604007e-27
  2.35229487e-24  5.81611368e-25 -1.08717916e-25  3.05913001e-32
  9.94666009e-07 -1.30418144e-27 -6.87491404e-15 -1.63482441e-15
 -2.00802600e-17  1.59675877e-23 -1.85517092e-23  3.48841514e-02]
3.663455009460449,base_link,5.500006415521856,-5.151342522331307,2.3506926351434317e-22,-3.129433454945457e-23,-2.6252588419541712e-23,-0.9999938877148263,0.0034963599624897265,[ 1.87998926e-03 -7.18882620e-04 -1.07875279e-04 -8.87870282e-04
  1.02174497e-03  3.53466153e-04 -2.59298933e-04  5.15788201e-04
  7.62496907e-04 -1.45603361e-04  1.67550032e-04  5.80302883e-05
 -8.99972506e-21 -6.66509050e-20  9.99121574e-07  6.56883888e-17
 -4.69156741e-18 -1.18258094e-23  1.68347798e-20  7.09390093e-21
  6.56883394e-17  9.98246225e-07 -2.65624179e-23 -9.32916077e-24
 -1.64112634e-20 -7.35859873e-21 -4.69150953e-18 -2.93960534e-23
  9.98246225e-07  1.18651612e-23  3.75539352e-20 -7.90765279e-22
  2.25390393e-21 -1.26645265e-20  1.45730397e-20  9.99999130e-10],-0.00047138522005243363,0.003666177372400824,-1.5420157336430543e-21,-8.827999096557073e-27,1.0084650047097447e-26,-0.0008692156292185796,[ 6.18540743e-02 -5.76502644e-04 -7.09370398e-06  7.43587011e-11
 -8.08252341e-11 -2.32928655e-04 -2.13144347e-04  3.58244777e-02
  4.37671327e-04  1.84407967e-11 -2.12793322e-11 -2.30229189e-05
  7.81811410e-19 -4.82469967e-17  9.98683515e-07  1.60018552e-25
 -1.14335445e-26  1.47659392e-24 -1.40879198e-24 -3.45735647e-25
  1.60057214e-25  9.94775185e-07  4.55544793e-33  9.20538557e-28
  5.01478246e-24  1.31831910e-24 -1.14775621e-26  4.59744751e-33
  9.94775185e-07 -1.10975489e-27 -6.87653468e-15 -1.36482588e-15
 -1.67624902e-17  1.33257663e-23 -1.56417690e-23  3.48816601e-02]
3.728344678878784,base_link,5.501315463342512,-5.148271036265709,-6.132053715045234e-22,-9.276087287811858e-24,-4.11648133191991e-23,-0.9999929430925533,0.0037568291275349754,[ 1.83196459e-03 -7.06850573e-04 -1.04633507e-04 -8.63512741e-04
  1.05454754e-03  3.49697931e-04 -2.46044670e-04  4.94438467e-04
  7.40328382e-04 -1.28788718e-04  1.57271792e-04  5.22294831e-05
 -2.95138043e-21 -2.42463181e-20  9.99026515e-07  1.18034221e-16
  1.16643194e-16 -2.15433117e-23  3.13402190e-20  1.37642854e-20
  1.18034201e-16  9.98056810e-07  3.95629711e-23  1.78502603e-23
  5.18807680e-21  2.43521972e-21  1.16643251e-16 -3.47492397e-24
  9.98056810e-07 -4.32979800e-24  4.48435290e-22 -3.14384209e-21
  4.02780102e-20 -3.01023580e-20  3.67585122e-20  9.99999034e-10],-0.0017078206345815283,0.0013549584964110343,4.853066845409706e-21,-1.0460588208491641e-26,-8.155304515836098e-27,-0.00046261584532802664,[ 6.17871079e-02 -5.65920025e-04 -6.96552574e-06  7.39723272e-11
 -8.47647841e-11 -2.30404039e-04 -2.01926567e-04  3.58119011e-02
  4.37539745e-04  1.90404935e-11 -2.33582635e-11 -2.07620648e-05
  4.57397792e-19 -2.87855677e-17  9.98541191e-07  2.87951871e-25
  2.84570145e-25 -1.85868798e-23  1.11152395e-24  2.81112161e-25
  2.87910039e-25  9.94215257e-07 -1.37762108e-31 -1.31873466e-27
 -2.14549971e-24 -5.91304891e-25  2.84524985e-25 -1.34458241e-31
  9.94215257e-07 -1.07853082e-27 -7.93754358e-15 -1.99944160e-15
 -2.45726257e-17  3.83433482e-23 -4.52598772e-23  3.48802941e-02]
3.7796478271484375,base_link,5.499392315918024,-5.145347586761742,2.8412035170912724e-23,2.591904175150169e-23,2.240776652169137e-23,-0.9999907694865252,0.004296619804826398,[ 1.77618967e-03 -6.66155720e-04 -1.22668342e-04 -8.06337214e-04
  9.22918066e-04  3.15548487e-04 -2.49336561e-04  4.75839333e-04
  7.25718336e-04 -1.42835648e-04  1.63477681e-04  5.59843785e-05
 -1.02570396e-20 -7.93034597e-20  9.98897390e-07  4.62356531e-18
 -3.31434541e-17  1.01532715e-24 -9.10560418e-20 -5.13513724e-20
  4.62354260e-18  9.97799625e-07 -3.20619789e-23 -1.10396717e-23
  6.51156578e-20  3.97576090e-20 -3.31434275e-17 -3.22963622e-23
  9.97799625e-07  1.27265238e-23  1.15617878e-21 -6.34112780e-21
 -8.35915905e-21  1.92996636e-21 -2.20871701e-21  9.99998905e-10],0.00045098514129110533,-0.0007029962610069112,5.590433274117823e-22,-2.609484947596188e-27,1.8119740969303076e-28,0.000175669404479359,[ 6.17173127e-02 -5.37360087e-04 -6.60796687e-06  6.85433923e-11
 -7.30167113e-11 -2.08813206e-04 -2.05912627e-04  3.57980132e-02
  4.37373216e-04  2.25232646e-11 -2.58388145e-11 -2.22717714e-05
 -2.44792522e-19  1.62088225e-17  9.98347904e-07  1.11895325e-26
 -8.04357294e-26 -4.18180740e-24  2.99852972e-24  9.88739326e-25
  1.12111221e-26  9.93456252e-07  6.84413678e-34 -3.75484769e-28
 -3.47674351e-24 -1.23430857e-24 -8.04796216e-26  1.28065657e-33
  9.93456252e-07  2.41378640e-29 -8.11160689e-15 -1.93395240e-15
 -2.37660016e-17 -2.06961865e-23  2.42661638e-23  3.48764500e-02]
3.8345088958740234,base_link,5.501903066853052,-5.148791580381714,-1.80075417471836e-23,5.449447197151691e-24,5.005569358349419e-24,-0.9999916563184351,0.004085008385891695,[ 1.85885222e-03 -7.31873784e-04 -1.36018247e-04 -9.35058319e-04
  1.15371746e-03  4.42973481e-04 -2.84913433e-04  5.91472475e-04
  8.11171408e-04 -1.60603213e-04  1.98169223e-04  7.61438554e-05
 -3.60650747e-22  6.72332402e-21  9.99344527e-07  3.15064084e-17
  1.50304367e-17  2.21191104e-25  1.43995601e-20  5.42630482e-21
  3.15064004e-17  9.98690768e-07 -1.51528975e-23 -5.54719397e-24
 -1.81053292e-20 -6.40568666e-21  1.50304460e-17 -1.38303186e-23
  9.98690768e-07  6.21751421e-24 -2.97036164e-20 -1.40617861e-20
  6.98048377e-21 -9.67902380e-21  1.19433582e-20  9.99999353e-10],-0.002319575999386334,0.00168405420411046,-2.0512509532284483e-21,-1.0656863250953737e-27,5.2618659243243595e-28,-5.6573418674219997e-05,[ 6.18184896e-02 -5.89333475e-04 -7.25582244e-06  7.23167197e-11
 -9.42809352e-11 -2.92357222e-04 -2.34334730e-04  3.58495116e-02
  4.38390760e-04  1.58498849e-11 -1.94169255e-11 -2.97012571e-05
  8.44491848e-19 -5.10659223e-17  9.99017433e-07  7.68073216e-26
  3.66444629e-26  1.35250220e-24 -4.00665609e-24 -8.78879401e-25
  7.67960645e-26  9.96092670e-07 -7.20304235e-33 -3.37409307e-28
  6.17800520e-24  1.27308266e-24  3.66492471e-26 -7.04469434e-33
  9.96092670e-07  1.74886093e-28 -7.81558079e-15 -1.78512194e-15
 -2.19542989e-17  1.76529218e-24 -1.77806351e-24  3.48741567e-02]
3.880434036254883,base_link,5.500781413440241,-5.148442858331062,-1.1121908509144928e-23,-4.1155731613945603e-25,6.863641459249005e-24,-0.9999937651255151,0.0035312476684959595,[ 2.16712077e-03 -9.07501395e-04 -1.62283256e-04 -1.11008540e-03
  1.20355428e-03  3.91835225e-04 -3.29618932e-04  5.47495714e-04
  8.23881970e-04 -2.10947079e-04  2.28704748e-04  7.45228088e-05
 -1.17459647e-21  1.84759062e-20  9.99382499e-07  4.33305657e-17
  2.96861187e-17  8.04669495e-25 -8.89384595e-21 -4.23516474e-21
  4.33305530e-17  9.98766520e-07 -3.04345848e-23 -9.24262013e-24
 -1.08526096e-19 -5.32042570e-20  2.96861154e-17 -7.61355903e-25
  9.98766520e-07 -4.67157341e-25 -4.64783739e-21 -1.37709868e-20
  1.24361957e-20 -1.66472913e-20  1.80484872e-20  9.99999391e-10],-0.0008753991404032464,0.0013820301314131052,-1.912305695473497e-21,3.505224160024384e-27,-2.779984845715465e-27,-0.0006651911358126806,[ 6.22002298e-02 -7.23440200e-04 -8.91704537e-06  7.35424994e-11
 -7.78870377e-11 -2.56464694e-04 -2.68866308e-04  3.58272791e-02
  4.38197241e-04  2.04826329e-11 -2.22788542e-11 -2.92137992e-05
 -1.09436657e-18  5.37222176e-17  9.99074320e-07  1.06073542e-25
  7.26760387e-26  1.38177065e-24 -6.53989672e-24 -1.81915111e-24
  1.06147326e-25  9.96317663e-07 -1.87408738e-32  1.38276643e-27
  7.45755021e-24  2.13257502e-24  7.26203026e-26 -1.92432740e-32
  9.96317663e-07 -9.49395170e-28 -7.86156991e-15 -2.09409584e-15
 -2.57667825e-17  9.95688045e-24 -1.07404391e-23  3.48744025e-02]
3.9189987182617188,base_link,5.50336278609975,-5.1509644742365595,-2.0919660225278906e-23,-2.0052858513469567e-23,1.2031484283930568e-23,-0.9999971536690675,0.0023859282812754706,[ 2.01114168e-03 -8.38248787e-04 -1.30895411e-04 -1.04876113e-03
  1.17874979e-03  3.99935511e-04 -3.01053929e-04  5.47373093e-04
  7.85311843e-04 -1.84089586e-04  2.06899445e-04  7.02767550e-05
 -1.64972901e-20 -1.58818678e-19  9.99180498e-07  9.24237856e-17
  9.23407853e-17 -4.34716778e-24 -1.00267525e-19 -4.50515649e-20
  9.24237545e-17  9.98363674e-07 -4.05321486e-23 -1.02370987e-23
  5.46336251e-20  2.57286258e-20  9.23407665e-17  3.53454655e-23
  9.98363674e-07 -1.74803522e-23  1.89958409e-20 -4.79790605e-22
  3.65170245e-20 -3.35677829e-20  3.77261473e-20  9.99999189e-10],-0.003591721337879595,0.0030789490482746175,-1.2298713401276248e-21,-2.1637360256173147e-27,9.333677722895144e-27,-0.0019169477090304498,[ 6.19936617e-02 -6.66185282e-04 -8.20704752e-06  8.52974236e-11
 -9.20276604e-11 -2.62492196e-04 -2.44345516e-04  3.58259082e-02
  4.38102003e-04  2.26403377e-11 -2.55242711e-11 -2.80024712e-05
  6.35274710e-19 -3.39897381e-17  9.98771752e-07  2.25455881e-25
  2.25294846e-25 -1.27914803e-23  1.00554143e-23  2.67218112e-24
  2.25455525e-25  9.95122827e-07 -1.00566473e-31 -5.04912420e-28
 -1.08308961e-23 -3.00499207e-24  2.25360542e-25 -1.02469498e-31
  9.95122827e-07  2.34446326e-27 -8.03214752e-15 -2.36293732e-15
 -2.90729875e-17  3.90499333e-23 -4.40735079e-23  3.48726870e-02]
3.984358787536621,base_link,5.5020312240932565,-5.146446315199817,-2.2571411224703543e-22,-3.188300996095497e-23,2.5761066518193667e-24,-0.9999876999535816,0.004959832814278828,[ 1.91945593e-03 -8.12801314e-04 -1.30651075e-04 -1.03275758e-03
  1.28500511e-03  4.46707609e-04 -2.92638397e-04  5.83558860e-04
  7.89026854e-04 -1.71017920e-04  2.12787855e-04  7.40783792e-05
  3.44107135e-21  2.60462631e-20  9.98988530e-07  5.42689796e-17
  9.57377428e-17 -9.67647692e-24 -1.79994501e-21 -8.47032947e-22
  5.42689547e-17  9.97981140e-07 -1.02287331e-23 -1.77393775e-24
 -1.15619997e-19 -5.32571966e-20  9.57377396e-17  4.37787774e-23
  9.97981140e-07 -2.12039840e-23 -6.98290363e-21  3.02660216e-21
  2.94110029e-20 -1.96534496e-20  2.44536229e-20  9.99998996e-10],-0.0017102752206725226,-0.00016880143827086765,-3.1655551294019432e-21,-6.555726218672342e-28,1.0033455100098327e-26,0.0011084140823600455,[ 6.18687198e-02 -6.43556006e-04 -7.92922132e-06  9.83955204e-11
 -1.22092638e-10 -2.92577775e-04 -2.36551277e-04  3.58422995e-02
  4.38256925e-04  2.63577796e-11 -3.28030858e-11 -2.93853418e-05
  1.09606063e-18 -6.06069014e-17  9.98484326e-07  1.32462234e-25
  2.33683667e-25  7.65932537e-24 -1.16322274e-25 -2.90805684e-26
  1.32460299e-25  9.93991809e-07 -4.95626137e-32 -1.31922327e-28
  1.29246971e-25  3.87740912e-26  2.33735200e-25 -5.16344856e-32
  9.93991809e-07  1.94131695e-27 -8.65117175e-15 -3.18449829e-15
 -3.91929613e-17  2.19710854e-23 -2.72759657e-23  3.48721915e-02]
4.023662090301514,base_link,5.498012215203491,-5.143735470936279,-5.104922260512444e-23,-3.295050632743605e-24,-3.545499231889428e-24,-0.999986332317611,0.005228305458970666,[ 1.90606101e-03 -7.46489946e-04 -1.57824836e-04 -8.70353000e-04
  1.02703224e-03  3.53808192e-04 -2.72487792e-04  5.27175573e-04
  7.86090401e-04 -1.36785223e-04  1.61402047e-04  5.56900001e-05
 -2.89347778e-21 -1.05984998e-19  9.99028115e-07 -4.41914692e-17
 -3.27096891e-17 -7.70919923e-24 -6.08804931e-21 -4.23516474e-21
 -4.41915299e-17  9.98059998e-07 -6.12186929e-23 -2.06357614e-23
  6.67038446e-21  5.13513724e-21 -3.27096173e-17 -6.01989377e-23
  9.98059998e-07  2.39332325e-23 -1.76017378e-20 -5.75766174e-21
 -1.16855600e-20  1.06351563e-20 -1.25486673e-20  9.99999036e-10],0.0028433339029791138,-0.0020425479879979196,1.7062285612001203e-22,-1.1613131975265866e-27,-1.3533244296335199e-27,0.0013337710855323725,[ 6.18541269e-02 -5.94908372e-04 -7.32897546e-06  4.73746869e-11
 -5.11382293e-11 -2.31739683e-04 -2.23090872e-04  3.58140469e-02
  4.37992641e-04  1.86547332e-11 -2.20480256e-11 -2.18940500e-05
  5.84452734e-19 -3.49655201e-17  9.98543587e-07 -1.07811329e-25
 -7.97684262e-26 -1.87144843e-23  6.52697202e-25  2.61725116e-25
 -1.07718299e-25  9.94224674e-07 -1.11928577e-32  1.94917211e-27
 -2.08733858e-24 -8.91804098e-25 -7.96789018e-26 -1.77607577e-32
  9.94224674e-07  2.63587571e-27 -8.41915847e-15 -3.12134352e-15
 -3.84211957e-17 -4.89997738e-23  5.85914299e-23  3.48708113e-02]
4.084936618804932,base_link,5.49187389363316,-5.141439783779259,-3.1883456021776024e-23,2.679817285254611e-26,1.8015044350256592e-23,-0.999986891599156,0.005120217754925161,[ 1.84207895e-03 -6.84488681e-04 -8.46511698e-05 -8.20119679e-04
  9.06801152e-04  3.15168130e-04 -2.23674309e-04  4.79082053e-04
  7.20517201e-04 -1.09302450e-04  1.20841841e-04  4.20567295e-05
  3.25578289e-21  1.87406040e-20  9.99077440e-07 -1.28667832e-16
 -2.51734100e-16  3.51545406e-25  6.56450534e-21  2.46168950e-21
 -1.28667811e-16  9.98158274e-07 -7.85489742e-24  9.49418620e-24
  1.10114283e-20  4.89690923e-21 -2.51734102e-16 -3.48759861e-23
  9.98158274e-07 -8.97485072e-26 -5.67587167e-20 -4.36031005e-20
 -7.85599508e-20  4.06170572e-20 -4.49008322e-20  9.99999085e-10],0.00907753787354909,-0.003516967001218567,-2.884287421604023e-21,6.853650802158539e-27,1.79888818887691e-27,0.00104869332053824,[ 6.17749272e-02 -5.52042387e-04 -6.80198292e-06  6.59863606e-11
 -6.28471818e-11 -2.07384912e-04 -1.87880360e-04  3.57898474e-02
  4.37814377e-04  1.43633079e-11 -1.60029586e-11 -1.61932184e-05
  1.16128217e-18 -7.48099499e-17  9.98617433e-07 -3.14218970e-25
 -6.14736290e-25 -1.08088173e-23 -2.08087623e-24 -4.52364397e-25
 -3.14260378e-25  9.94515110e-07 -3.39057146e-31 -1.05128485e-27
  9.95201674e-25  2.55262767e-25 -6.14756976e-25 -3.37244032e-31
  9.94515110e-07 -2.81904036e-28 -6.75117939e-15 -1.45187376e-15
 -1.78613871e-17 -8.79843731e-23  9.56134499e-23  3.48692406e-02]
4.123127698898315,base_link,5.492199483004922,-5.142994185318187,-5.334765915135477e-23,1.0904880914441976e-23,1.5902211658156402e-23,-0.9999928660487379,0.0037772809838343855,[ 1.79409294e-03 -6.94698429e-04 -1.22998605e-04 -8.84008225e-04
  1.10726109e-03  4.29782538e-04 -2.59056687e-04  5.76006118e-04
  7.69791557e-04 -1.41066974e-04  1.76706004e-04  6.86689160e-05
 -1.32348898e-23  4.76456033e-22  9.99075400e-07 -8.99174869e-17
 -2.69678918e-16  2.91936013e-24  8.89384595e-21  3.91752738e-21
 -8.99175082e-17  9.98154210e-07 -7.60483707e-23 -1.93749737e-23
  7.51741741e-21  2.96461532e-21 -2.69678908e-16 -5.26793797e-23
  9.98154210e-07  1.28865817e-23 -1.26893383e-20 -4.65041328e-20
 -8.54959899e-20  3.97422288e-20 -4.97856597e-20  9.99999083e-10],0.007999097629213737,-0.002344684998678164,-4.250536761169278e-21,9.165536795356827e-28,-4.703038401867692e-28,-0.0005582917477230138,[ 6.17127357e-02 -5.59835695e-04 -6.89693524e-06  7.57122802e-11
 -1.02916844e-10 -2.83534845e-04 -2.15501525e-04  3.58352661e-02
  4.38427703e-04  1.90303750e-11 -2.36920357e-11 -2.65648981e-05
  9.52912066e-19 -6.05526913e-17  9.98614380e-07 -2.19287232e-25
 -6.57640550e-25 -2.28577457e-23  4.78213792e-25  1.22784622e-25
 -2.19268346e-25  9.94503080e-07 -2.51176931e-31  3.35689188e-28
  1.96455395e-24  4.55595572e-25 -6.57655530e-25 -2.51408306e-31
  9.94503080e-07 -1.69301888e-28 -5.34586634e-15 -8.74932922e-19
  1.04003041e-20 -6.32153010e-23  8.26446060e-23  3.48676771e-02]
4.177868843078613,base_link,5.47756743897774,-5.143263508948578,-5.813265323699557e-23,-1.0234329219658664e-22,3.9928033398862227e-23,0.9999989835506464,0.0014257972064567464,[ 1.78816570e-03 -6.79113800e-04 -1.04492489e-04 -8.20732900e-04
  1.05238413e-03  3.47459014e-04 -2.41217283e-04  4.92714615e-04
  7.95581124e-04 -1.23729338e-04  1.58671208e-04  5.24459591e-05
  2.35415602e-21  1.35948788e-19  9.99174227e-07 -8.39020034e-17
 -3.84414825e-16  2.78906419e-24 -6.01393393e-20 -2.64433098e-20
 -8.39020069e-17  9.98351174e-07 -5.50997668e-23 -5.30532131e-24
  7.72917564e-21  2.96461532e-21 -3.84414861e-16 -6.88873473e-24
  9.98351174e-07 -1.36447468e-23  2.84457073e-21 -5.09754447e-20
 -1.29565667e-19  4.50311582e-20 -5.77537902e-20  9.99999182e-10],0.023398603188114896,-0.0021278010113328686,-1.8448998361565796e-21,-7.157812184581706e-27,-2.3816898654497108e-26,-0.006516184563795473,[ 6.17052712e-02 -5.48314303e-04 -6.75507038e-06  6.27621943e-11
 -9.18226889e-11 -2.29347479e-04 -2.01114453e-04  3.57899666e-02
  4.38024743e-04  1.59222098e-11 -2.01092800e-11 -2.04258860e-05
  9.81711186e-19 -6.36426675e-17  9.98762361e-07 -2.04360457e-25
 -9.36312198e-25 -1.48640174e-24  1.62851183e-24  4.16821481e-25
 -2.04347098e-25  9.95085797e-07 -3.73392157e-31  2.74242925e-28
  1.03397577e-24  2.29413373e-25 -9.36275611e-25 -3.74673433e-31
  9.95085797e-07  9.26036152e-28 -3.87161677e-15  2.23407989e-15
  2.75380297e-17 -6.08195211e-23  8.02629080e-23  3.48650936e-02]
4.1946024894714355,base_link,5.466138437656945,-5.145468250287563,-3.9241651481573543e-22,4.323642576396499e-23,3.411176990142627e-22,0.9999977565020562,0.0021182518391947274,[ 1.67694037e-03 -6.63642270e-04 -1.23197514e-04 -8.51294106e-04
  1.07035003e-03  4.18457380e-04 -2.70001437e-04  5.31618527e-04
  7.82672929e-04 -1.42493046e-04  1.79155050e-04  7.01323483e-05
 -9.93940224e-21 -9.50794483e-20  9.99005981e-07 -6.99965665e-17
 -7.68034367e-16  1.29489321e-23 -3.69518123e-20 -1.52995326e-20
 -6.99965853e-17  9.98015902e-07 -1.20243465e-22 -2.59220202e-23
  1.30866590e-19  5.57453558e-20 -7.68034394e-16 -6.06906549e-23
  9.98015902e-07  3.25482528e-24  7.00503072e-21 -1.40492607e-19
 -2.36587561e-19  7.95445183e-20 -1.00008005e-19  9.99999014e-10],0.035637489769290105,-0.0005746896514838138,-2.2269792330402774e-21,-2.104524165037914e-26,3.6653014525432643e-26,-0.007142445623202464,[ 6.15638726e-02 -5.33641316e-04 -6.57202927e-06  8.53090736e-11
 -1.04711622e-10 -2.76296677e-04 -2.20957212e-04  3.58066559e-02
  4.38147030e-04  2.15934541e-11 -2.72020759e-11 -2.82159650e-05
 -1.28749008e-19  8.51098705e-18  9.98510450e-07 -1.70534588e-25
 -1.87095109e-24 -7.09378924e-24  2.27474668e-24  5.78380194e-25
 -1.70502765e-25  9.94094418e-07 -5.17283779e-31  4.63310540e-28
 -4.57534276e-24 -1.18907213e-24 -1.87099669e-24 -5.17042515e-31
  9.94094418e-07 -8.15487343e-28 -3.21723532e-15  3.58852623e-15
  4.42029356e-17 -1.49806999e-22  1.88430400e-22  3.48640146e-02]
4.267536401748657,base_link,5.450708483737693,-5.132505898277685,2.408435225921365e-22,-1.2855595936607656e-21,-7.86425987750855e-22,0.9996488175271282,0.02649984182243868,[ 2.16673898e-03 -8.50274169e-04 -1.54203878e-04 -1.00341694e-03
  1.09226798e-03  3.98183920e-04 -3.17092177e-04  5.74064099e-04
  9.09550323e-04 -1.44487773e-04  1.57242419e-04  5.74130135e-05
 -2.19434473e-20 -1.34995876e-19  9.99159693e-07 -6.08630368e-17
 -1.44177660e-15 -1.29094989e-24 -6.15157678e-20 -3.01755487e-20
 -6.08630693e-17  9.98322206e-07 -1.52292710e-22 -1.74922873e-23
  5.98217019e-20  4.86514549e-20 -1.44177655e-15 -1.72385046e-22
  9.98322206e-07  2.70234211e-23  1.70113441e-20 -2.50271474e-19
 -4.71116442e-19  1.51926850e-19 -1.65300049e-19  9.99999168e-10],0.04627913304949367,-0.009534081477514774,3.346633907332374e-20,1.1788783965878608e-25,-1.1914860160740671e-25,-0.03444284540857415,[ 6.21973570e-02 -6.54662959e-04 -8.11207990e-06  6.61376751e-11
 -4.67898661e-11 -2.55164882e-04 -2.42454000e-04  3.58444452e-02
  4.38654470e-04  1.95802750e-11 -2.17964033e-11 -2.40107685e-05
  1.52465931e-20 -8.67361738e-19  9.98740597e-07 -1.49668510e-25
 -3.54441611e-24 -2.23384194e-23  1.35709319e-24  4.03896783e-25
 -1.49599369e-25  9.95000126e-07 -1.01491375e-30  7.40492313e-28
 -2.21658555e-24 -1.04043811e-24 -3.54450184e-24 -1.01503630e-30
  9.95000126e-07 -7.51408258e-28 -9.68489002e-16  1.91369815e-14
  2.36992846e-16 -8.76179422e-22  1.02132289e-21  3.48815550e-02]
4.328810691833496,base_link,5.446217257231574,-5.126903775494452,-2.201303289126837e-23,-3.2303806623497064e-23,-3.038185743619086e-23,0.9994154226394206,0.034187907079378466,[ 2.09590902e-03 -9.02898704e-04 -2.12087173e-04 -1.10758704e-03
  1.31371482e-03  4.91273082e-04 -3.52777824e-04  5.84590533e-04
  7.85384110e-04 -1.56082827e-04  1.85155165e-04  6.93008016e-05
  1.05746770e-20 -1.16414091e-19  9.99340706e-07 -2.88496221e-16
 -8.95215257e-16  7.84718184e-24  3.65282959e-20  1.33407689e-20
 -2.88496175e-16  9.98683147e-07 -3.27769021e-22  2.39505191e-23
  4.54221418e-20  1.42407414e-20 -8.95215307e-16 -3.38022658e-22
  9.98683147e-07 -2.38586491e-23 -9.60142658e-20 -1.49449180e-19
 -3.04385690e-19  1.75477478e-19 -2.08181255e-19  9.99999349e-10],0.0457583871026704,-0.012803180203956967,-1.597304286667299e-21,-1.0087866075856695e-27,-5.196506146775326e-28,-0.040015535671542264,[ 6.21602248e-02 -6.55430369e-04 -8.11616602e-06  7.97659205e-11
 -1.07330851e-10 -3.13553444e-04 -2.32340768e-04  3.58417630e-02
  4.38758846e-04  2.09354961e-11 -2.44111438e-11 -3.61437827e-05
 -1.31459513e-18  7.11236625e-17  9.99011709e-07 -7.09730511e-25
 -2.20237448e-24  3.62215163e-24 -4.23930064e-24 -1.11152395e-24
 -7.09729423e-25  9.96070100e-07 -3.81353449e-30  2.30184593e-28
  2.05502683e-24  4.65289095e-25 -2.20236314e-24 -3.81383633e-30
  9.96070100e-07  1.11083589e-28  4.18688725e-15  3.46766344e-14
  4.29405785e-16 -5.50589050e-22  6.40398700e-22  3.48867290e-02]
4.372703313827515,base_link,5.4277486029335344,-5.12863526700065,3.2281700863612844e-23,-2.6028224089831982e-23,-5.2489989517427917e-23,0.9993504320239248,0.03603767491937857,[ 1.76904322e-03 -6.63964893e-04 -1.43114357e-04 -7.74353451e-04
  9.81398266e-04  3.62579408e-04 -2.49254699e-04  5.09183214e-04
  7.83730864e-04 -1.01139302e-04  1.28172516e-04  4.74200327e-05
 -5.22364557e-22 -1.64112634e-19  9.99245737e-07 -2.89432628e-16
 -1.41943284e-15 -2.34199333e-24  4.61632956e-20  2.09640654e-20
 -2.89432621e-16  9.98493744e-07 -5.24856296e-22  7.33779285e-24
 -1.99582138e-20 -1.01643954e-20 -1.41943284e-15 -5.37449971e-22
  9.98493744e-07 -3.39108285e-24 -1.24374231e-19 -2.33208287e-19
 -4.67185774e-19  1.74220672e-19 -2.20778488e-19  9.99999254e-10],0.0616956690643585,-0.010497775099549772,-1.805000565675457e-21,-1.6511280239512836e-26,3.452831356128846e-26,-0.03942108102146958,[ 6.17752178e-02 -4.61375806e-04 -5.70320654e-06  4.82092635e-11
 -5.56080350e-11 -2.33367630e-04 -1.37270894e-04  3.58040929e-02
  4.38284675e-04  1.56422869e-11 -1.98449843e-11 -2.82158497e-05
  7.06425478e-19 -5.43185288e-17  9.98869457e-07 -7.08183152e-25
 -3.47308853e-24  2.87460381e-24 -2.10672562e-24 -6.85008945e-25
 -7.08149642e-25  9.95508211e-07 -5.25244363e-30  6.56321658e-28
  2.75942282e-24  9.82276977e-25 -3.47314905e-24 -5.25198319e-30
  9.95508211e-07 -1.38888869e-27  8.12644511e-15  4.51167424e-14
  5.58144910e-16 -2.15988504e-22  2.65931461e-22  3.48854667e-02]
4.409837007522583,base_link,5.409360114310711,-5.120312077574313,1.4544942664571167e-22,7.844565624124397e-23,-3.17382418438347e-23,0.9993588132671741,0.03580450174524787,[ 1.85191696e-03 -7.69041384e-04 -9.56738345e-05 -9.58782444e-04
  1.00282477e-03  3.58146061e-04 -2.65698618e-04  5.04491480e-04
  7.69770933e-04 -1.67159857e-04  1.74829478e-04  6.25113554e-05
 -8.73502727e-21 -8.18445585e-20  9.99157639e-07 -3.34975776e-16
 -1.92947169e-15  2.96356260e-24 -1.39760436e-20 -6.35274710e-21
 -3.34975755e-16  9.98318109e-07 -7.46739328e-22  7.35025102e-24
  7.48565367e-20  3.61047794e-20 -1.92947165e-15 -8.36432756e-22
  9.98318109e-07  2.58781873e-23 -1.24157354e-19 -3.09022072e-19
 -6.25880654e-19  3.07743091e-19 -3.21848482e-19  9.99999166e-10],0.07795349252338149,-0.015142284545621144,6.434074593820425e-21,1.2314242614714806e-26,2.6719816393779176e-26,-0.03687621891487659,[ 6.19191052e-02 -5.32322563e-04 -6.56815720e-06  7.68201658e-11
 -7.54291070e-11 -2.31562261e-04 -1.34534203e-04  3.57912183e-02
  4.38127154e-04  2.49412454e-11 -2.59951054e-11 -3.54798200e-05
  1.26207909e-19 -8.40256684e-18  9.98737521e-07 -8.16452608e-25
 -4.70262193e-24  2.01044071e-23 -7.75481824e-25 -2.58493941e-25
 -8.16448174e-25  9.94987914e-07 -7.35171808e-30 -9.09670028e-28
  2.58493941e-25  8.40105310e-26 -4.70278565e-24 -7.34774721e-30
  9.94987914e-07 -2.50514311e-27  1.10727450e-14  5.38667960e-14
  6.65864777e-16 -2.91544486e-22  2.96471282e-22  3.48830558e-02]
4.4756739139556885,base_link,5.374840734792674,-5.097203059033796,-5.200473327877917e-22,-3.543472688144188e-23,-1.0101488616934417e-23,0.9994470453949822,0.03325061580242321,[ 2.09850993e-03 -8.91946052e-04 -1.40592599e-04 -1.09694698e-03
  1.06301548e-03  3.93696161e-04 -3.10732306e-04  5.54949038e-04
  8.18946942e-04 -2.02505675e-04  1.96235427e-04  7.27741496e-05
  2.48815928e-21  2.11758237e-20  9.99042511e-07 -7.76285244e-16
 -3.06304563e-15 -1.42537884e-23 -2.63639005e-20 -1.49818953e-20
 -7.76285320e-16  9.98088679e-07 -2.52987139e-21 -1.72625048e-23
  3.91752738e-20  2.35051643e-20 -3.06304551e-15 -2.58404519e-21
  9.98088679e-07  3.62165056e-23 -2.40331123e-19 -4.34077922e-19
 -1.00747475e-18  5.91627012e-19 -5.73289611e-19  9.99999050e-10],0.10662464547001772,-0.028598052447080708,1.019494071146485e-20,4.0420962458503094e-27,-4.192793454768874e-27,-0.030444713925053875,[ 6.22427072e-02 -6.09547831e-04 -7.52016582e-06  7.79898609e-11
 -7.19235929e-11 -2.54139661e-04 -1.54079869e-04  3.58065963e-02
  4.38324027e-04  3.04389246e-11 -2.93537960e-11 -4.06231358e-05
  6.77626358e-20 -4.01154804e-18  9.98565139e-07 -1.89610929e-24
 -7.48144209e-24  1.20805731e-23 -2.26182199e-24 -8.78879401e-25
 -1.89598981e-24  9.94309425e-07 -2.38865781e-29  1.79894020e-27
  7.36707733e-25  2.97268033e-25 -7.48154486e-24 -2.38871628e-29
  9.94309425e-07 -1.34140440e-27  1.91380894e-14  7.67403719e-14
  9.47948263e-16 -1.01448173e-21  9.77920540e-22  3.48817819e-02]
4.516913890838623,base_link,5.335121701196341,-5.092995728387423,1.5900308112237972e-22,5.160155510801063e-22,2.76978029997492e-22,0.9992927170110077,0.037604065322221505,[ 1.88359944e-03 -7.87089477e-04 -1.19863944e-04 -9.34804548e-04
  1.09148224e-03  3.69155359e-04 -2.66703690e-04  5.00678263e-04
  7.82065399e-04 -1.24180896e-04  1.45002151e-04  4.90935929e-05
  3.30210501e-21  4.35692572e-20  9.99263340e-07 -6.97384710e-16
 -2.96606974e-15 -6.89583732e-24  7.35859873e-20  2.79256175e-20
 -6.97384754e-16  9.98528845e-07 -2.84904235e-21 -1.39254964e-23
  3.36695597e-20  1.17525821e-20 -2.96606968e-15 -2.86653289e-21
  9.98528845e-07  2.31799629e-23 -2.98131351e-19 -3.79808463e-19
 -9.92041044e-19  4.58921509e-19 -5.35893672e-19  9.99999272e-10],0.14185979983592784,-0.02872005385899273,3.1269894937786262e-21,-1.4623172774116917e-25,7.337938838507314e-26,-0.03332905767061342,[ 6.19497996e-02 -5.35266474e-04 -6.60474927e-06  6.37564671e-11
 -7.96106623e-11 -2.38856993e-04 -1.26419589e-04  3.57812047e-02
  4.38216220e-04  1.80403840e-11 -2.11452769e-11 -3.08607854e-05
  2.91379334e-19 -1.93530088e-17  9.98895822e-07 -1.70387922e-24
 -7.24682368e-24  7.47603164e-24 -2.54616532e-24 -7.17320687e-25
 -1.70375363e-24  9.95612261e-07 -2.70076531e-29  1.99687903e-27
 -1.48634016e-24 -3.94203261e-25 -7.24689576e-24 -2.70090012e-29
  9.95612261e-07 -9.76777202e-28  2.58686759e-14  9.26661092e-14
  1.14473458e-15 -5.47907440e-22  6.48905400e-22  3.48803014e-02]
4.57837700843811,base_link,5.2972662829295505,-5.083974921771872,-2.1051351600387727e-22,1.669969046252e-23,2.2167736258942813e-23,0.999333758877885,0.03649710080262874,[ 1.74434529e-03 -6.17853475e-04 -1.53373934e-04 -7.16822861e-04
  8.22338100e-04  3.24670895e-04 -2.70338303e-04  4.65681125e-04
  8.69709652e-04 -1.09971878e-04  1.26164846e-04  4.98756564e-05
 -3.34842712e-21 -7.03037346e-20  9.99143994e-07 -8.57702315e-16
 -4.49093634e-15 -1.30617285e-23 -5.61159328e-21 -2.99108509e-21
 -8.57702354e-16  9.98290911e-07 -4.51012935e-21 -4.06882311e-24
  2.28698896e-20  1.13820052e-20 -4.49093630e-15 -4.50623082e-21
  9.98290911e-07  2.89816777e-24 -3.30716890e-19 -6.13162751e-19
 -1.63815024e-18  5.50313450e-19 -6.31372883e-19  9.99999152e-10],0.1658081011927764,-0.03174365273136592,3.208346621671529e-23,-1.0356532753459642e-26,-2.977204377054838e-27,-0.02899828165813637,[ 6.17641069e-02 -4.08197753e-04 -5.03597780e-06  4.44193928e-11
 -5.42695319e-11 -2.10903885e-04 -1.32337213e-04  3.57656479e-02
  4.38032447e-04  1.63858023e-11 -1.89059636e-11 -3.02987485e-05
  5.34477790e-19 -4.65122732e-17  9.98717088e-07 -2.09398391e-24
 -1.09642304e-23  5.02596457e-24  4.65289095e-25  1.71252236e-25
 -2.09394798e-24  9.94907431e-07 -4.32402205e-29  5.41685743e-28
 -2.10672562e-24 -7.36707733e-25 -1.09642313e-23 -4.32410630e-29
  9.94907431e-07  1.67955057e-28  3.85252133e-14  1.28463646e-13
  1.58614536e-15 -5.62839753e-22  6.57705879e-22  3.48779992e-02]
4.623385190963745,base_link,5.293099810393965,-5.0851178322205195,6.23398836593052e-23,1.925622186994495e-23,5.31397168471102e-24,0.9985960420845797,0.05297116888470775,[ 1.97583310e-03 -6.03565120e-04 -8.09575026e-05 -7.08758183e-04
  8.52746959e-04  3.13289810e-04 -2.42115053e-04  4.85659315e-04
  1.03262226e-03 -9.14757049e-05  1.10059708e-04  4.04631316e-05
 -2.94211600e-20 -2.40451478e-19  9.99412433e-07 -6.36859866e-16
 -3.11545280e-15 -1.69181738e-24  3.20284333e-20  9.14530885e-21
 -6.36859874e-16  9.98826244e-07 -3.38025873e-21 -1.26280342e-24
 -6.54332952e-20 -1.86611946e-20 -3.11545278e-15 -3.38680979e-21
  9.98826244e-07  4.41854951e-24 -3.91199484e-19 -4.76908333e-19
 -1.46973833e-18  3.92187944e-19 -4.71864502e-19  9.99999421e-10],0.15459417506663087,-0.029682454093640242,-4.5653670753438005e-21,2.1258338134184267e-27,1.5020085295308362e-27,-0.04524901816361502,[ 6.20643802e-02 -3.72025650e-04 -4.59540067e-06  4.60405968e-11
 -5.54965004e-11 -2.02003713e-04 -8.43894668e-05  3.57736349e-02
  4.38360581e-04  1.13532108e-11 -1.36641702e-11 -2.74952436e-05
 -7.11507676e-20  6.83047369e-18  9.99119166e-07 -1.55723849e-24
 -7.61802349e-24  2.04816903e-23 -5.68040436e-24 -1.40071405e-24
 -1.55722889e-24  9.96495118e-07 -3.25159099e-29 -1.22916339e-28
  7.19259392e-24  1.77229909e-24 -7.61805531e-24 -3.25157427e-29
  9.96495118e-07 -9.39632636e-29  4.44532428e-14  1.50732942e-13
  1.86192300e-15 -2.79372117e-22  3.36551559e-22  3.48782368e-02]
4.669844388961792,base_link,5.289560218585435,-5.085569717327818,8.000949964804155e-23,-2.2005784765763035e-24,-2.3021681393928405e-24,0.9986265835814601,0.05239223763517898,[ 2.00493027e-03 -6.61851449e-04 -1.53476863e-04 -7.64436491e-04
  7.99841192e-04  3.08236010e-04 -2.87332041e-04  4.51871718e-04
  9.67450986e-04 -1.22701942e-04  1.28373430e-04  4.95424567e-05
  3.97046694e-23  6.77626358e-21  9.99204691e-07 -6.98196030e-16
 -3.83575155e-15  3.30124710e-24  3.90693947e-20  2.30022385e-20
 -6.98196025e-16  9.98411907e-07 -3.37002967e-21 -1.02040464e-24
  1.05879118e-20  7.35859873e-21 -3.83575156e-15 -3.36945036e-21
  9.98411907e-07  8.33460242e-25 -2.91384943e-19 -5.05418890e-19
 -1.56933892e-18  4.89612871e-19 -5.12206389e-19  9.99999213e-10],0.14367417585342251,-0.028157465520566298,1.333008150202849e-21,-4.08025150134337e-27,-1.1058805046350797e-26,-0.041325233334798386,[ 6.21131972e-02 -3.93545255e-04 -4.86187229e-06  4.30024404e-11
 -3.87321450e-11 -1.97321150e-04 -9.73418355e-05  3.57498527e-02
  4.37980057e-04  1.91023434e-11 -1.98041352e-11 -3.26461047e-05
  8.33480420e-19 -7.50810004e-17  9.98807984e-07 -1.70984608e-24
 -9.39347313e-24  2.49260234e-23 -6.20385459e-25 -2.81112161e-25
 -1.70983163e-24  9.95265713e-07 -3.25310788e-29 -5.06389795e-28
  2.00332805e-25  1.00166402e-25 -9.39359115e-24 -3.25290630e-29
  9.95265713e-07 -1.31050914e-27  5.43659288e-14  1.83548706e-13
  2.26692194e-15 -6.36299452e-22  6.37572861e-22  3.48781246e-02]
4.717380046844482,base_link,5.275176796192844,-5.08033922235867,-6.135610460430322e-24,2.722104955061392e-23,2.11723778504868e-23,0.998459290873476,0.05548913829242282,[ 2.28964575e-03 -7.71920379e-04 -2.71712952e-05 -9.25040656e-04
  8.35381265e-04  2.83456789e-04 -2.53866383e-04  4.54209745e-04
  1.02635717e-03 -1.45457984e-04  1.31343179e-04  4.46117994e-05
 -4.69309192e-20 -2.54215763e-19  9.99324660e-07 -6.37564304e-16
 -3.18942259e-15 -1.31405573e-24 -9.41265363e-20 -3.47812904e-20
 -6.37564327e-16  9.98651140e-07 -3.02828515e-21 -5.86464595e-24
  2.43521972e-20  1.06937910e-20 -3.18942256e-15 -3.03328579e-21
  9.98651140e-07  6.82948912e-24 -3.13564344e-19 -4.29180244e-19
 -1.50424593e-18  5.00987456e-19 -4.52342735e-19  9.99999333e-10],0.14600247383525525,-0.029776468987659538,1.2573698624297194e-21,-4.057185870549833e-28,9.868135442061426e-27,-0.04174275029480396,[ 6.24846974e-02 -4.46137972e-04 -5.51357629e-06  6.72938235e-11
 -5.19843433e-11 -1.80986849e-04 -3.84291634e-05  3.57466936e-02
  4.38072707e-04  2.03218573e-11 -1.80746683e-11 -3.01267538e-05
 -3.10861092e-19  2.47198095e-17  9.98987672e-07 -1.56257574e-24
 -7.81682310e-24  2.14486093e-23  4.18760185e-24  1.26662031e-24
 -1.56254531e-24  9.95975071e-07 -2.91189728e-29  3.10326742e-29
 -2.44923009e-24 -8.56261181e-25 -7.81690231e-24 -2.91182290e-29
  9.95975071e-07 -7.51124407e-28  6.00278562e-14  2.07125549e-13
  2.55876550e-15 -6.78733779e-22  5.86325110e-22  3.48782225e-02]
4.754576683044434,base_link,5.249921066142696,-5.078687158325379,1.5610625547851246e-22,6.279050574433897e-23,1.9287202905923242e-22,0.9981195979098215,0.061296560004099734,[ 2.43523312e-03 -9.09097624e-04 -2.62049364e-04 -1.05916086e-03
  1.00742072e-03  3.61915480e-04 -4.05011371e-04  4.66534166e-04
  8.61098838e-04 -1.84878014e-04  1.75853021e-04  6.32153204e-05
  2.80579664e-20 -1.15355300e-19  9.99552331e-07 -4.39588975e-16
 -2.13328432e-15 -7.93211787e-24  8.66091189e-20  3.62900678e-20
 -4.39589011e-16  9.99105463e-07 -2.11969602e-21 -8.95771710e-24
 -6.57509325e-20 -2.60462631e-20 -2.13328429e-15 -2.10168387e-21
  9.99105463e-07  2.36026889e-24 -1.47040711e-19 -2.96410285e-19
 -8.44793348e-19  4.46270426e-19 -4.24494270e-19  9.99999561e-10],0.16307359151294398,-0.02824796404249885,-9.666870610808936e-22,7.814375701427126e-27,-1.7468361615042761e-26,-0.045959605033731914,[ 6.26905048e-02 -5.28675504e-04 -6.54995190e-06  5.63210780e-11
 -5.59588418e-11 -2.28028599e-04 -1.37413852e-04  3.57431769e-02
  4.38178376e-04  1.86966393e-11 -1.77671781e-11 -4.06938585e-05
 -1.83552040e-18  1.22785896e-16  9.99328796e-07 -1.08174104e-24
 -5.24981089e-24 -9.19770164e-24  3.94203261e-25  1.29246971e-25
 -1.08175846e-24  9.97325927e-07 -2.03931732e-29 -1.02816475e-28
  3.87740912e-24  1.23107740e-24 -5.24978263e-24 -2.03932715e-29
  9.97325927e-07  2.34914477e-28  6.87146669e-14  2.27315996e-13
  2.81065721e-15 -6.94900767e-22  6.63836755e-22  3.48839610e-02]
4.833728075027466,base_link,5.207785099738627,-5.050407194952895,-5.960465112478588e-22,-2.97111878801092e-22,-4.057243128123163e-24,0.9956531459304748,0.09313867617026071,[ 2.03242717e-03 -7.62140051e-04 -1.77715506e-04 -9.08435061e-04
  9.11664581e-04  3.47787490e-04 -3.23208529e-04  4.63294709e-04
  8.16645546e-04 -1.49655270e-04  1.50177590e-04  5.73661479e-05
  1.19577229e-20  1.03761536e-19  9.99206959e-07 -1.01907100e-15
 -4.65043935e-15 -7.02395178e-24 -6.17275260e-20 -2.86403015e-20
 -1.01907103e-15  9.98416429e-07 -5.98048633e-21 -1.75084122e-24
  2.33992852e-20  1.17525821e-20 -4.65043929e-15 -6.01951368e-21
  9.98416429e-07  1.67247656e-23 -4.32407890e-19 -5.22848897e-19
 -1.56339483e-18  7.61558860e-19 -7.64187738e-19  9.99999215e-10],0.18451997741339626,-0.042581782456000694,3.9358183674214315e-21,4.0507079709434277e-26,-2.5619251939761387e-26,-0.07684590496302493,[ 6.21758341e-02 -4.27545980e-04 -5.29061402e-06  6.73845431e-11
 -6.30564177e-11 -2.18590039e-04 -8.59298743e-05  3.57519388e-02
  4.38117360e-04  2.65873113e-11 -2.65705339e-11 -4.09693830e-05
  7.45388994e-19 -6.16368935e-17  9.98811381e-07 -2.49781541e-24
 -1.13986479e-23  1.81950720e-23  5.68686671e-25  2.29413373e-25
 -2.49775365e-24  9.95279117e-07 -5.78186475e-29  6.51178943e-28
 -2.80465926e-24 -1.18260978e-24 -1.13986967e-23 -5.78189126e-29
  9.95279117e-07 -4.23721461e-28  8.86555369e-14  2.99490467e-13
  3.70281634e-15 -1.27692886e-21  1.25754455e-21  3.48863008e-02]
4.875867605209351,base_link,5.1724512409909575,-5.039148726194908,-1.0171420125499091e-22,-8.38670270178372e-24,-3.340334192565582e-23,0.9957660318948561,0.09192393444784887,[ 1.84368088e-03 -7.30093558e-04 -1.28457022e-04 -8.58278927e-04
  8.58692136e-04  3.14544799e-04 -2.83537756e-04  4.22508152e-04
  8.44845000e-04 -1.34876596e-04  1.34945342e-04  4.94915476e-05
  6.79611591e-21  1.07573184e-19  9.99247921e-07 -1.06176531e-15
 -4.86909755e-15 -7.90382475e-24 -4.08693397e-20 -1.92170600e-20
 -1.06176532e-15  9.98498099e-07 -6.86575854e-21  3.05284605e-24
  6.52215369e-20  2.95402740e-20 -4.86909753e-15 -6.87273163e-21
  9.98498099e-07 -4.94355865e-25 -5.71453487e-19 -4.56665258e-19
 -1.80854603e-18  8.32393288e-19 -8.32831819e-19  9.99999256e-10],0.2090757068565912,-0.04511426888489185,7.302908754665212e-21,1.085004554123331e-26,-2.5141057487377404e-26,-0.07047864105014752,[ 6.19693447e-02 -3.76545824e-04 -4.65461088e-06  5.68299667e-11
 -5.86965842e-11 -1.96401477e-04 -2.49492005e-05  3.57254744e-02
  4.37875815e-04  2.48967594e-11 -2.49873026e-11 -4.06479393e-05
  1.03338020e-18 -9.72529349e-17  9.98872728e-07 -2.59561957e-24
 -1.19032126e-23  4.54970171e-23  2.48800419e-24  1.08890573e-24
 -2.59556954e-24  9.95521111e-07 -6.61921117e-29 -2.83883961e-28
 -3.68353867e-24 -1.56711952e-24 -1.19032389e-23 -6.61925214e-29
  9.95521111e-07  6.54641774e-28  9.67109998e-14  3.22861529e-13
  3.99165469e-15 -8.09086263e-22  8.18932485e-22  3.48847193e-02]
4.92480206489563,base_link,5.149749588829218,-5.029089011495643,-1.4979132715633006e-23,3.7417960282776837e-23,1.8584980735779298e-23,0.9958902742866206,0.09056799424365944,[ 2.00389657e-03 -7.50109748e-04 -1.18976453e-04 -8.70217582e-04
  8.10685650e-04  2.94975964e-04 -2.69248083e-04  4.20961214e-04
  8.28196619e-04 -1.25898847e-04  1.17277676e-04  4.27051906e-05
  1.58818678e-22  1.24407964e-20  9.99497630e-07 -7.70250658e-16
 -3.53528852e-15 -1.41191823e-24  9.70911516e-20  3.15519773e-20
 -7.70250673e-16  9.98996268e-07 -5.43342149e-21 -4.72931422e-24
 -1.03390959e-19 -3.74017986e-20 -3.53528850e-15 -5.44199649e-21
  9.98996268e-07  7.31463638e-24 -5.85415727e-19 -3.44356090e-19
 -1.38657127e-18  6.75071846e-19 -6.28823494e-19  9.99999506e-10],0.21437340439790903,-0.047661406206414875,8.387373391680504e-22,-3.952441036750011e-27,-3.73207801432934e-27,-0.06368082346793208,[ 6.21931718e-02 -3.47946305e-04 -4.30725287e-06  5.21858353e-11
 -4.46022603e-11 -1.84654687e-04  3.13986093e-05  3.57237458e-02
  4.38060959e-04  1.69055706e-11 -1.55494286e-11 -3.77008821e-05
 -1.34424129e-18  1.36717894e-16  9.99246823e-07 -1.88432755e-24
 -8.64916900e-24  1.83736410e-23 -2.53324063e-24 -8.20718264e-25
 -1.88428874e-24  9.97000792e-07 -5.22288950e-29  2.47719135e-28
  2.50092888e-24  8.72417052e-25 -8.64916447e-24 -5.22292355e-29
  9.97000792e-07  2.22020697e-28  1.04011207e-13  3.44993565e-13
  4.26723682e-15 -3.69395395e-22  3.12816633e-22  3.48865809e-02]
4.966376066207886,base_link,5.133834411121094,-5.019480392760413,6.950765449796226e-23,-9.717807590843529e-25,8.526831213545709e-26,0.9960138585960835,0.08919861817618538,[ 1.94509198e-03 -7.12817531e-04 -1.46066255e-04 -8.37815069e-04
  7.81921726e-04  3.02959007e-04 -2.91282451e-04  4.37610510e-04
  8.66798134e-04 -1.51450723e-04  1.41344768e-04  5.48366409e-05
 -9.83352312e-21 -1.28219612e-19  9.99193260e-07 -1.30591291e-15
 -5.70919845e-15  1.73746816e-24  1.55642304e-20  8.89384595e-21
 -1.30591286e-15  9.98389117e-07 -9.19504968e-21  1.81522044e-23
  2.10699446e-20  1.23878569e-20 -5.70919848e-15 -9.21026779e-21
  9.98389117e-07 -1.14272258e-23 -6.56046715e-19 -6.05208001e-19
 -2.10311610e-18  9.87105293e-19 -9.21228737e-19  9.99999201e-10],0.21513127552686012,-0.05086281079411177,4.5524176418396034e-21,2.3734517316740844e-29,-2.0631231738458137e-28,-0.05805256869301423,[ 6.21204877e-02 -3.24113760e-04 -4.00715121e-06  5.23880050e-11
 -4.78763687e-11 -1.89158844e-04  8.82521272e-06  3.57300043e-02
  4.37992706e-04  2.61846587e-11 -2.43641277e-11 -4.37797782e-05
  2.36322192e-19 -2.59124319e-17  9.98790864e-07 -3.19146927e-24
 -1.39523890e-23  6.17325003e-23 -9.17653492e-25 -4.58826746e-25
 -3.19141198e-24  9.95198191e-07 -8.89539561e-29 -5.57316253e-28
 -1.88054342e-24 -9.53196409e-25 -1.39524400e-23 -8.89540183e-29
  9.95198191e-07  5.76216646e-28  1.16013695e-13  3.79439535e-13
  4.69095434e-15 -6.88678912e-22  6.31311700e-22  3.48848421e-02]
4.998962640762329,base_link,5.1255627826612615,-5.015609175527262,-2.0715217415365998e-23,2.0476943302776205e-24,-1.8630059854749247e-24,0.9959736861083357,0.08964606282360832,[ 2.30805481e-03 -8.49806536e-04 -1.13788128e-04 -9.93115040e-04
  8.79052289e-04  3.16031563e-04 -3.03752484e-04  4.69292154e-04
  9.66906121e-04 -1.55400063e-04  1.37547192e-04  4.94847612e-05
 -1.69538938e-20 -2.12499391e-19  9.99489065e-07 -8.56248154e-16
 -3.59305402e-15 -2.94850778e-24 -1.05879118e-22 -5.29395592e-23
 -8.56248158e-16  9.98979173e-07 -6.01631418e-21  1.83653889e-24
 -3.12343399e-20 -1.18319915e-20 -3.59305400e-15 -6.02929457e-21
  9.98979173e-07  2.50935481e-24 -6.59968482e-19 -4.51314020e-19
 -1.63365762e-18  8.02046733e-19 -7.09887356e-19  9.99999498e-10],0.21030894383386456,-0.05132963605451864,3.7523688073591966e-22,-2.257550768093515e-28,-6.736138364899891e-28,-0.05562925630996448,[ 6.25994386e-02 -3.79158650e-04 -4.69513207e-06  5.55349850e-11
 -4.67709809e-11 -1.96578044e-04  4.86727804e-05  3.57403755e-02
  4.38328955e-04  1.90789370e-11 -1.67131908e-11 -4.20270117e-05
  2.38016258e-19 -2.22803546e-17  9.99233989e-07 -2.10139795e-24
 -8.81831864e-24  1.72964025e-23 -2.28120903e-24 -7.81944173e-25
 -2.10137412e-24  9.96949930e-07 -5.83490177e-29  7.20637455e-29
 -2.33290782e-24 -8.36874135e-25 -8.81831312e-24 -5.83492538e-29
  9.96949930e-07  2.19910627e-28  1.20795890e-13  3.96847052e-13
  4.90924373e-15 -6.89301847e-22  5.91884438e-22  3.48879247e-02]
5.072372913360596,base_link,5.10505766408783,-5.006689445231181,1.0017480686465867e-22,-2.2395828530411554e-25,1.3534209733216978e-24,0.9960621285666105,0.08865797220415687,[ 2.56422472e-03 -9.45525633e-04 -1.75459365e-04 -1.09190067e-03
  9.28202123e-04  3.66089336e-04 -3.45811986e-04  5.18194651e-04
  9.85933886e-04 -1.59454524e-04  1.35547279e-04  5.35174360e-05
  3.56680280e-21  6.42686249e-20  9.99385929e-07 -1.02142382e-15
 -4.11633030e-15  3.04521932e-24 -1.05879118e-20 -4.97631857e-21
 -1.02142380e-15  9.98773363e-07 -6.82745209e-21  7.70495698e-24
  7.87211245e-20  3.74017986e-20 -4.11633031e-15 -6.85138136e-21
  9.98773363e-07  1.48471478e-24 -5.53154339e-19 -5.75521626e-19
 -1.77301876e-18  8.43834684e-19 -7.17312537e-19  9.99999394e-10],0.20265804966700315,-0.0522783921435791,-2.394202108266245e-21,2.9072118822844794e-28,-5.310269438924687e-29,-0.04836597017095113,[ 6.29166051e-02 -4.12325840e-04 -5.11845656e-06  5.59771064e-11
 -4.66941101e-11 -2.24468314e-04  4.61414456e-05  3.57728004e-02
  4.38634890e-04  2.36017893e-11 -2.00059346e-11 -4.70554920e-05
  6.23416249e-19 -5.35053772e-17  9.99079458e-07 -2.51793021e-24
 -1.01475415e-23 -2.71685431e-23 -2.22951024e-24 -9.37040538e-25
 -2.51793296e-24  9.96338029e-07 -6.68928999e-29  5.37892500e-28
 -6.26847808e-25 -2.64956290e-25 -1.01475126e-23 -6.68933220e-29
  9.96338029e-07 -2.02624050e-29  1.47274615e-13  4.79940740e-13
  5.94267419e-15 -2.82211803e-21  2.39779439e-21  3.48997293e-02]
5.120492458343506,base_link,5.057934446170073,-5.001498609230179,9.666433008451927e-23,2.8192071059981457e-22,6.622996525731139e-23,0.9952598468393015,0.09725141268593528,[ 2.28207831e-03 -9.13477244e-04 -1.43257279e-04 -1.11165367e-03
  1.04431782e-03  4.09672949e-04 -3.32632666e-04  5.52473270e-04
  9.05454038e-04 -1.76116652e-04  1.65444920e-04  6.49537342e-05
  6.38583433e-22  1.75229941e-20  9.99450139e-07 -9.13830786e-16
 -3.93537398e-15 -2.61201730e-24 -1.26949063e-19 -4.72220868e-20
 -9.13830800e-16  9.98901485e-07 -6.55146485e-21 -4.37234789e-24
  5.61159328e-20  2.15728704e-20 -3.93537395e-15 -6.57446417e-21
  9.98901485e-07  1.25916934e-23 -6.46801989e-19 -5.22184102e-19
 -1.62499330e-18  9.28848517e-19 -8.72556248e-19  9.99999459e-10],0.23423844453665724,-0.048141319218480846,-7.583035423432996e-22,-4.351981282348304e-26,8.161787651456912e-26,-0.054241758229285925,[ 6.25866094e-02 -4.26982529e-04 -5.29241433e-06  6.73093193e-11
 -6.14871339e-11 -2.51481637e-04  2.13533640e-05  3.57871056e-02
  4.38900578e-04  2.49889153e-11 -2.33779729e-11 -5.59484000e-05
 -1.89820083e-18  1.57371945e-16  9.99175661e-07 -2.23766775e-24
 -9.63660298e-24  5.28297734e-23  2.95975563e-24  1.10506160e-24
 -2.23758853e-24  9.96718816e-07 -6.31293698e-29  5.88115379e-28
  1.77068350e-24  6.68853073e-25 -9.63670358e-24 -6.31289871e-29
  9.96718816e-07 -1.08328798e-27  1.66255444e-13  5.05468931e-13
  6.25924139e-15 -3.74848875e-22  3.26584152e-22  3.48997138e-02]
5.174580097198486,base_link,5.0192767738834485,-4.987405775529685,-4.504440118633247e-22,8.654178858878731e-24,1.9195792674214912e-24,0.997146149151622,0.07549541199365079,[ 2.51578467e-03 -8.13156756e-04 -7.21303247e-05 -9.22986491e-04
  8.97592160e-04  3.55378294e-04 -2.67838779e-04  5.70389857e-04
  1.34899801e-03 -1.05471848e-04  1.02571034e-04  4.06397005e-05
  3.19754938e-20  3.89952793e-19  9.99490608e-07 -8.07922324e-16
 -4.15097839e-15 -7.91101005e-24 -1.72582963e-20 -5.77041195e-21
 -8.07922350e-16  9.98982253e-07 -6.58716586e-21 -1.37992825e-24
 -2.60462631e-20 -8.51003414e-21 -4.15097835e-15 -6.59803847e-21
  9.98982253e-07  5.53350347e-24 -7.75531300e-19 -6.37955758e-19
 -2.58557400e-18  6.61099812e-19 -6.42923864e-19  9.99999499e-10],0.2522935226214096,-0.05110781561379931,8.223742362098127e-22,4.393127741976374e-28,2.326510409072389e-27,-0.0259451177655832,[ 6.28394940e-02 -3.37183941e-04 -4.17914665e-06  4.05157858e-11
 -4.02456310e-11 -2.21444379e-04  8.22418369e-05  3.58167291e-02
  4.39338447e-04  1.13917348e-11 -1.11776868e-11 -4.01799506e-05
 -2.11758237e-20  2.22261445e-18  9.99236301e-07 -1.98362572e-24
 -1.01917503e-23  6.04236609e-24 -5.81611368e-25 -1.63174301e-25
 -1.98364405e-24  9.96959097e-07 -6.38443878e-29 -2.60054792e-28
  1.29893206e-24  3.60275931e-25 -1.01917840e-23 -6.38439681e-29
  9.96959097e-07 -3.31019293e-28  1.76650605e-13  5.40065388e-13
  6.68853547e-15 -2.95636005e-22  2.97315321e-22  3.49012574e-02]
5.203005313873291,base_link,5.00328327813321,-4.983436769837608,1.3743398234563177e-23,-3.5969437500600385e-23,2.772865742733381e-23,0.9973581988735056,0.07264036852740156,[ 2.49161796e-03 -7.58336966e-04 -3.61329018e-05 -8.67820254e-04
  8.75946551e-04  3.72930565e-04 -2.38960292e-04  5.85054520e-04
  1.39441040e-03 -8.23044384e-05  8.30778491e-05  3.53993343e-05
 -4.97631857e-20 -4.08481639e-19  9.99414357e-07 -9.90730407e-16
 -4.84165450e-15  1.15001339e-23 -5.73335426e-20 -1.63980285e-20
 -9.90730388e-16  9.98830084e-07 -8.19583047e-21 -2.22051347e-24
 -3.05990652e-20 -8.16592701e-21 -4.84165454e-15 -8.18283939e-21
  9.98830084e-07 -3.34899125e-24 -7.32654212e-19 -9.16549620e-19
 -2.98490368e-18  6.13670328e-19 -6.19454367e-19  9.99999423e-10],0.2556655116536749,-0.051062689627300324,2.9048745570190388e-24,-9.335273288400114e-27,2.2077859110648226e-27,-0.021521134734515755,[ 6.27841268e-02 -3.16529069e-04 -3.92274236e-06  4.18589037e-11
 -4.48823791e-11 -2.33461322e-04  8.24392773e-05  3.58331800e-02
  4.39512066e-04  1.12038216e-11 -1.15698447e-11 -3.82013301e-05
 -2.25310764e-19  2.52077005e-17  9.99122049e-07 -2.43845329e-24
 -1.19167540e-23  3.97414713e-25 -9.30578189e-25 -2.48800419e-25
 -2.43843955e-24  9.96506564e-07 -7.97907202e-29  2.40596945e-28
  2.92744389e-24  7.54479192e-25 -1.19167568e-23 -7.97908525e-29
  9.96506564e-07 -5.65960817e-29  1.84268982e-13  5.68541741e-13
  7.04090570e-15 -1.24979964e-21  1.26819122e-21  3.49020702e-02]
5.225916862487793,base_link,4.986459490378991,-4.97978099630578,3.4451799086209876e-22,-1.125921044337435e-22,2.431000279722814e-22,0.9984055053926361,0.05644862090144464,[ 2.17378037e-03 -7.74963191e-04 -8.27588812e-05 -9.25193794e-04
  9.53369045e-04  3.57885508e-04 -2.75877483e-04  4.90706039e-04
  9.73233425e-04 -1.16893311e-04  1.20455978e-04  4.52673143e-05
  4.60574165e-21  1.77876919e-20  9.99273620e-07 -1.22827978e-15
 -6.09716311e-15 -1.87516560e-23 -1.91641204e-20 -6.29980755e-21
 -1.22827985e-15  9.98549347e-07 -1.03359854e-20 -9.73767062e-24
 -4.56339000e-20 -1.46113183e-20 -6.09716307e-15 -1.02967427e-20
  9.98549347e-07 -5.16790051e-24 -4.50378027e-19 -8.67685088e-19
 -2.41915076e-18  8.06247963e-19 -8.30830643e-19  9.99999282e-10],0.2628207990675699,-0.050974853438632776,-1.3321788521332538e-22,-6.688128913800845e-26,3.84298912187633e-26,-0.0021226749885595204,[ 6.23939321e-02 -3.71706672e-04 -4.60209503e-06  7.02453073e-11
 -7.40516118e-11 -2.24451599e-04  1.48601830e-05  3.57818007e-02
  4.38810474e-04  2.11395295e-11 -2.18939815e-11 -4.05576365e-05
  8.54656244e-19 -8.14777933e-17  9.98911220e-07 -3.01368516e-24
 -1.49601328e-23 -1.49127559e-23 -6.72084248e-25 -2.00332805e-25
 -3.01365894e-24  9.95673086e-07 -9.99195648e-29  8.05292207e-28
  1.87408108e-24  5.52530800e-25 -1.49601387e-23 -9.99199099e-29
  9.95673086e-07 -4.60222293e-28  1.95491687e-13  5.93154866e-13
  7.34394740e-15 -1.36876302e-21  1.42319967e-21  3.49012557e-02]
5.3238685131073,base_link,4.949356756579698,-4.970897153832781,4.2313843703547194e-23,1.449052567052005e-22,7.615109173469814e-23,0.9989213316990364,0.04643461076205725,[ 2.05652178e-03 -7.09415981e-04 -1.43435760e-04 -7.70217059e-04
  7.88494389e-04  2.62146981e-04 -2.34762785e-04  3.66965873e-04
  8.01561998e-04 -7.19539762e-05  7.36612087e-05  2.45344188e-05
  3.37489690e-22  1.00055767e-20  9.99249436e-07 -1.32610645e-15
 -5.86813293e-15 -3.44276959e-25 -5.34689548e-21 -2.62050818e-21
 -1.32610646e-15  9.98501123e-07 -1.03738862e-20 -1.99196939e-24
  2.06464281e-21  1.00585162e-21 -5.86813292e-15 -1.03778650e-20
  9.98501123e-07  3.39639439e-24 -5.73501767e-19 -5.32161464e-19
 -2.04525579e-18  6.07283887e-19 -6.21692069e-19  9.99999258e-10],0.2528584016291263,-0.05058378260532986,-4.355486356645516e-21,1.1526385773107124e-25,8.169968406291466e-27,0.009477496711908426,[ 6.22428898e-02 -3.69061250e-04 -4.60831380e-06  3.83976722e-11
 -3.91494715e-11 -1.63404179e-04 -9.89018008e-06  3.57980132e-02
  4.38730059e-04  1.38112304e-11 -1.41367075e-11 -2.25113376e-05
  3.91329222e-19 -3.74049750e-17  9.98874998e-07 -3.26868462e-24
 -1.44636048e-23  4.61972723e-23 -1.61558713e-25 -6.30078982e-26
 -3.26861914e-24  9.95530140e-07 -1.01302631e-28 -8.30554446e-28
  1.68021062e-25  5.97767240e-26 -1.44637212e-23 -1.01301481e-28
  9.95530140e-07 -5.88572895e-29  2.27079003e-13  6.99777042e-13
  8.67945678e-15 -4.49048566e-21  4.59968115e-21  3.49413282e-02]
5.372464418411255,base_link,4.92214041121348,-4.967607730978863,-7.713891492989318e-24,2.9712318024685927e-24,6.553375386333243e-24,0.9989098268459219,0.046681450605676765,[ 2.27163488e-03 -8.22991180e-04 -6.67199542e-05 -9.12303333e-04
  8.65206401e-04  3.04682365e-04 -2.15292024e-04  4.24075850e-04
  8.94845923e-04 -6.21177184e-05  5.89086120e-05  2.07556567e-05
 -3.30872245e-22  4.12928562e-21  9.99657271e-07 -5.77474023e-16
 -2.81626197e-15  3.77125277e-25 -7.28977730e-20 -1.08327573e-20
 -5.77474023e-16  9.99315012e-07 -4.74599233e-21 -2.75415565e-25
 -2.69462356e-20 -4.30795663e-21 -2.81626197e-15 -4.74552964e-21
  9.99315012e-07  1.06556353e-25 -5.12665916e-19 -3.14671809e-19
 -1.29654858e-18  3.93591070e-19 -3.73249074e-19  9.99999666e-10],0.2578203061014197,-0.049263749058945296,-1.7405444009931652e-22,-2.059493975571238e-27,1.5980542160153244e-27,0.008488882921241201,[ 6.25452094e-02 -4.69914172e-04 -5.86393120e-06  4.36915464e-11
 -3.95288736e-11 -1.91752857e-04 -5.43054193e-06  3.58383060e-02
  4.39457361e-04  6.19420007e-12 -5.79102729e-12 -2.07836821e-05
 -1.74234677e-18  1.30537942e-16  9.99486083e-07 -1.42190236e-24
 -6.93432170e-24  5.67348447e-24  2.36521956e-24  3.35234330e-25
 -1.42189433e-24  9.97950632e-07 -4.62292266e-29  2.76080815e-29
 -1.05982516e-24 -1.55096365e-25 -6.93432847e-24 -4.62292317e-29
  9.97950632e-07 -1.88196011e-29  2.38283175e-13  7.25974836e-13
  9.01303874e-15  3.64169137e-22 -4.17751110e-22  3.49516177e-02]
5.430501937866211,base_link,4.89835104090894,-4.962620709516464,-4.3265319730952964e-24,2.350696819480151e-23,2.38962073615246e-23,0.9989578141537196,0.04564302291941831,[ 2.00803989e-03 -7.28103831e-04 -6.49624936e-05 -8.14022558e-04
  7.67877604e-04  2.67980765e-04 -1.99224371e-04  3.86922362e-04
  8.45034707e-04 -7.49585111e-05  7.07036116e-05  2.47006217e-05
 -2.54771629e-21  1.20225739e-19  9.99479707e-07 -8.50575073e-16
 -4.41991085e-15 -2.52006285e-24 -1.24937360e-20 -3.42783646e-21
 -8.50575097e-16  9.98960496e-07 -7.25181840e-21 -9.13076567e-24
 -1.34995876e-20 -4.24839963e-21 -4.41991082e-15 -7.25055249e-21
  9.98960496e-07  8.19514579e-24 -3.73251965e-19 -5.51976485e-19
 -1.78563978e-18  4.95569410e-19 -4.67427385e-19  9.99999489e-10],0.253306986824816,-0.049138603681718906,-3.136159630941096e-22,6.998934959164449e-28,-1.9150801529213823e-27,0.008889233476885553,[ 6.22314409e-02 -4.39828727e-04 -5.46287949e-06  4.56883192e-11
 -3.93579432e-11 -1.71789738e-04 -2.82204710e-05  3.58280540e-02
  4.39261844e-04  1.00301642e-11 -9.39290210e-12 -2.02701824e-05
 -1.28579601e-18  1.03378677e-16  9.99219966e-07 -2.09190423e-24
 -1.08703203e-23 -5.49558530e-24 -2.13257502e-25 -4.68520269e-26
 -2.09191873e-24  9.96894365e-07 -7.02832765e-29 -7.85175433e-29
  4.18760185e-24  1.00327961e-24 -1.08702982e-23 -7.02833766e-29
  9.96894365e-07  1.98771443e-28  2.58824619e-13  7.92114638e-13
  9.83048128e-15 -2.16791694e-22  1.48360385e-22  3.49506056e-02]
5.480802297592163,base_link,4.869005214299893,-4.959260049143565,4.632237088171091e-23,2.6390098103832753e-22,4.349751604092998e-22,0.9984402614993578,0.055830495404338765,[ 1.60312977e-03 -5.86116257e-04  1.71778010e-06 -6.73663202e-04
  6.17291516e-04  1.85590390e-04 -1.51161314e-04  3.07994063e-04
  7.12541856e-04 -7.69138712e-05  7.04795679e-05  2.12292814e-05
  2.87461806e-20  9.17971957e-20  9.98760044e-07 -2.08166896e-15
 -1.01898161e-14 -1.25716142e-24 -2.59403840e-20 -9.76734867e-21
 -2.08166908e-15  9.97526215e-07 -1.71910776e-20 -2.53531900e-23
  5.26219218e-20  1.94023484e-20 -1.01898161e-14 -1.71561653e-20
  9.97526215e-07  1.35861422e-23 -7.13149784e-19 -8.14530565e-19
 -3.03706582e-18  8.96481936e-19 -8.21502743e-19  9.99998766e-10],0.2599027976943462,-0.04782916188600485,-3.851869996955778e-21,-4.437246321347006e-26,4.1650649186830897e-26,-0.0035986919531908468,[ 6.17160246e-02 -3.72102018e-04 -4.59512054e-06  6.18290525e-11
 -5.81876053e-11 -1.22372707e-04 -2.19163485e-05  3.57882380e-02
  4.38397722e-04  1.79584213e-11 -1.65305983e-11 -1.57774992e-05
  2.77826807e-19 -2.66171633e-17  9.98142367e-07 -5.04760187e-24
 -2.47077733e-23  7.47224038e-24  8.91804098e-25  2.61725116e-25
 -5.04749972e-24  9.92651102e-07 -1.62572108e-28  7.36051638e-28
 -1.68021062e-25 -5.16987883e-26 -2.47078668e-23 -1.62572080e-28
  9.92651102e-07 -6.89170231e-28  2.68719658e-13  8.11912169e-13
  1.00630508e-14 -2.55330466e-22  2.42042854e-22  3.49427801e-02]
5.525196075439453,base_link,4.836397869387268,-4.96167166932883,7.263077695610915e-23,1.315818028081266e-22,6.395422265523261e-23,0.9984077654321284,0.05640863342453898,[ 1.79196442e-03 -7.02910675e-04 -6.64639679e-05 -8.31653926e-04
  7.98041842e-04  2.76974378e-04 -2.42674836e-04  3.87992903e-04
  8.23630228e-04 -1.22662573e-04  1.17706751e-04  4.08862359e-05
 -1.66759611e-20 -1.44683815e-19  9.99347679e-07 -9.60075866e-16
 -5.75733375e-15 -1.71213704e-24 -7.62329653e-21 -2.51462906e-21
 -9.60075883e-16  9.98697056e-07 -8.48557311e-21 -4.17046522e-24
  1.02173349e-19  3.34578014e-20 -5.75733373e-15 -8.49602852e-21
  9.98697056e-07  7.48869977e-24 -3.76690038e-19 -7.37575859e-19
 -2.29901556e-18  8.66578060e-19 -8.31577238e-19  9.99999356e-10],0.27163529924101715,-0.042280707063016926,1.110860001948806e-22,2.4534302980383092e-26,7.878158558287567e-27,-0.0039800800039871,[ 6.19894761e-02 -4.41486482e-04 -5.45584188e-06  6.24102351e-11
 -6.08318595e-11 -1.80164004e-04 -7.02729449e-05  3.58062387e-02
  4.39086531e-04  1.75522218e-11 -1.68697259e-11 -2.84075481e-05
 -3.55753838e-20  2.92734587e-18  9.99022155e-07 -2.34900105e-24
 -1.40864483e-23 -3.13411124e-24  4.52364397e-25  1.26015796e-25
 -2.34903976e-24  9.96111360e-07 -8.16964436e-29 -4.18186350e-28
 -4.01958079e-24 -1.11475512e-24 -1.40864525e-23 -8.16959040e-29
  9.96111360e-07 -1.29090674e-28  2.68477880e-13  8.09814889e-13
  1.00455865e-14 -5.99255402e-22  5.73289430e-22  3.49390952e-02]
5.569354057312012,base_link,4.786692895381167,-4.958534001926114,1.0063786120295972e-22,2.673835748854858e-22,2.536104334651048e-22,0.9987413106452755,0.050157695427095285,[ 1.70382233e-03 -6.03747107e-04 -2.66002318e-05 -6.61513364e-04
  6.52058527e-04  1.89031176e-04 -1.38171999e-04  3.00034599e-04
  7.25286409e-04 -5.20981695e-05  5.13540932e-05  1.49081716e-05
  1.25069709e-21  1.30760711e-20  9.99238353e-07 -9.69869310e-16
 -7.20317386e-15 -6.43907656e-25 -3.64224167e-20 -1.07996701e-20
 -9.69869339e-16  9.98479022e-07 -9.19842523e-21 -7.54919512e-24
  7.36389269e-20  2.15066959e-20 -7.20317383e-15 -9.19735358e-21
  9.98479022e-07  7.13453101e-24 -5.62325962e-19 -6.69973981e-19
 -2.50804576e-18  5.76557179e-19 -5.68327142e-19  9.99999247e-10],0.30219782987640226,-0.0394607276421433,7.406017864594175e-21,8.793135991562307e-27,-2.808236809868911e-26,0.003256768899652743,[ 6.18310386e-02 -3.62019055e-04 -4.47306379e-06  3.90309918e-11
 -3.90318939e-11 -1.24846476e-04  1.30664557e-05  3.57674360e-02
  4.38608226e-04  9.24960521e-12 -9.14818096e-12 -1.41864783e-05
  7.29295368e-19 -7.16115535e-17  9.98858398e-07 -2.37338008e-24
 -1.76267699e-23  1.90110429e-24  2.97268033e-25  6.94702468e-26
 -2.37336885e-24  9.95464573e-07 -8.84850379e-29 -7.23718283e-29
 -2.55909002e-24 -5.97767240e-25 -1.76267672e-23 -8.84852760e-29
  9.95464573e-07  2.33267968e-28  2.65885214e-13  8.30308912e-13
  1.02969065e-14 -3.03228382e-22  3.00693252e-22  3.49352838e-02]
5.622734785079956,base_link,4.747128863797742,-4.944228904266874,2.854230337038121e-22,-1.5223804045316995e-23,-7.07721972975608e-23,0.9988111774583214,0.04874660792631183,[ 1.78707201e-03 -6.37896643e-04  3.63063338e-05 -7.23548445e-04
  7.33974301e-04  2.37950233e-04 -1.17362699e-04  3.75692736e-04
  7.90820414e-04 -4.24306909e-05  4.30452088e-05  1.39712058e-05
 -3.58665514e-21 -1.73641754e-20  9.99159349e-07 -1.16908154e-15
 -8.48485514e-15  1.44353742e-24  1.18584613e-20  2.11758237e-21
 -1.16908152e-15  9.98321518e-07 -1.17803454e-20  6.31301621e-24
  2.77403290e-20  4.48662764e-21 -8.48485515e-15 -1.17965378e-20
  9.98321518e-07 -1.06902779e-24 -6.74359408e-19 -1.06196210e-18
 -3.18093584e-18  6.05551802e-19 -6.14364253e-19  9.99999167e-10],0.31414162170088844,-0.045087977760125804,5.236674243657825e-21,1.3178282337289914e-26,1.0845497494154927e-26,0.004544322893778852,[ 6.19197092e-02 -3.91441397e-04 -4.84274719e-06  5.03741247e-11
 -5.61830149e-11 -1.56464613e-04  2.38050707e-05  3.58032584e-02
  4.39053392e-04  8.49024573e-12 -8.90647132e-12 -1.53455764e-05
  5.23466361e-19 -4.74880552e-17  9.98740081e-07 -2.86706598e-24
 -2.08082820e-23 -3.02164966e-24  1.55742600e-24  2.61725116e-25
 -2.86708296e-24  9.94998066e-07 -1.14293570e-28 -3.41972922e-28
  4.56241807e-24  7.23783036e-25 -2.08082988e-23 -1.14292744e-28
  9.94998066e-07 -2.80993413e-28  2.64894484e-13  8.64741438e-13
  1.07221599e-14 -1.19818712e-21  1.20595953e-21  3.49347236e-02]
5.675177574157715,base_link,4.694043170247854,-4.923881112360365,3.0001423410678234e-23,-1.7646411210145056e-22,-7.250201465754924e-24,0.9992670911018582,0.038278984323393994,[ 1.50872215e-03 -4.95412847e-04 -1.01041303e-05 -5.66899992e-04
  6.27886152e-04  1.88860146e-04 -1.22436926e-04  2.98181225e-04
  6.47162593e-04 -5.36330087e-05  5.93999903e-05  1.78980038e-05
 -1.13423006e-20 -6.24686799e-20  9.98999953e-07 -1.75816502e-15
 -1.06376873e-14 -1.07803023e-24 -1.23878569e-20 -3.59989003e-21
 -1.75816502e-15  9.98003894e-07 -1.87010729e-20  2.78078697e-25
 -2.48815928e-20 -7.54388719e-21 -1.06376873e-14 -1.86917217e-20
  9.98003894e-07 -3.42985550e-24 -5.11591305e-19 -1.03818325e-18
 -3.02215222e-18  6.61657489e-19 -7.32788936e-19  9.99999007e-10],0.34101051138607913,-0.05388750300024353,5.307831207510706e-21,-2.822167105537714e-27,-7.206445552674338e-26,0.016103862497083624,[ 6.15364243e-02 -3.06860544e-04 -3.78852801e-06  5.30764230e-11
 -5.66098342e-11 -1.25506524e-04 -3.96696851e-06  3.57615948e-02
  4.38540100e-04  1.24251557e-11 -1.36940388e-11 -1.46208919e-05
  2.71474060e-19 -3.14418630e-17  9.98501427e-07 -4.28084710e-24
 -2.59008879e-23  4.00517461e-24  3.81278564e-25  8.88572924e-26
 -4.28083449e-24  9.94058954e-07 -1.78927702e-28  1.66172919e-29
  5.16987883e-26  1.45402842e-26 -2.59008773e-23 -1.78928338e-28
  9.94058954e-07  4.10005802e-28  2.66205393e-13  8.82839808e-13
  1.09419301e-14 -5.07878213e-22  5.60185153e-22  3.49278159e-02]
5.719931125640869,base_link,4.637537431093641,-4.917523199006837,5.2192232231105434e-23,2.1916045219598236e-22,1.4560825936843472e-22,0.9987346872610546,0.05028940705122189,[ 1.81280904e-03 -4.93223060e-04  5.77821794e-05 -5.46179175e-04
  6.98560056e-04  2.26616992e-04 -5.59537293e-05  4.16057235e-04
  9.17121935e-04 -1.48734800e-05  1.90250100e-05  6.17593354e-06
 -4.78772139e-21 -8.67149980e-20  9.99385939e-07 -1.14968334e-15
 -7.15505160e-15 -5.47951911e-25 -5.93981854e-20 -4.79764755e-21
 -1.14968335e-15  9.98773382e-07 -1.34067909e-20 -3.45505832e-24
  4.85455758e-20  3.07380316e-21 -7.15505159e-15 -1.34074176e-20
  9.98773382e-07  4.68025601e-24 -7.41380735e-19 -1.26084230e-18
 -3.19796369e-18  3.58489011e-19 -4.58609265e-19  9.99999395e-10],0.3726619420831373,-0.05335885976681809,-1.8342941244625595e-22,3.7475794116860446e-27,-2.2689157629986564e-26,0.001159883370196329,[ 6.19090852e-02 -3.04655172e-04 -3.76517131e-06  2.56474011e-11
 -4.11935567e-11 -1.50416213e-04  4.74913977e-05  3.58188152e-02
  4.39576259e-04  2.12085251e-12 -3.20157115e-12 -9.88166951e-06
 -5.14148999e-19  6.00105902e-17  9.99079472e-07 -2.81225031e-24
 -1.75017407e-23 -1.58270268e-24  2.05502683e-24  1.70444443e-25
 -2.81225151e-24  9.96338043e-07 -1.29085980e-28 -2.41973606e-29
 -6.85008945e-25 -5.29104786e-26 -1.75017338e-23 -1.29086066e-28
  9.96338043e-07  1.44013094e-28  2.63772023e-13  8.92032108e-13
  1.10617572e-14 -1.25580576e-22  1.76960491e-22  3.49252126e-02]
5.759415626525879,base_link,4.576069836951371,-4.915850132689246,-2.301803296896687e-23,8.551979445440653e-23,3.538015929323145e-23,0.9986731491560057,0.051497001415872934,[ 1.83581783e-03 -4.60212614e-04  1.14723370e-04 -5.24372445e-04
  7.32383765e-04  2.21595727e-04 -1.90471346e-05  4.19420085e-04
  8.27751774e-04 -1.14377851e-06  1.59726204e-06  4.81184312e-07
  1.65039076e-20  6.56979930e-20  9.99274360e-07 -1.25361405e-15
 -9.38730490e-15 -5.72969769e-26 -5.02925812e-21  7.11375327e-23
 -1.25361405e-15  9.98550820e-07 -1.62199534e-20 -7.33941834e-25
  3.13402190e-20 -4.02836958e-22 -9.38730490e-15 -1.62212340e-20
  9.98550820e-07  1.56708260e-24 -9.73947889e-19 -1.55835110e-18
 -3.52482111e-18  3.18140749e-19 -4.44366217e-19  9.99999283e-10],0.41046065090633904,-0.049086377190821866,-1.1903526449133648e-21,1.7055960579801775e-26,-1.3165294105018205e-26,-0.0002687889890046727,[ 6.19170046e-02 -2.66650226e-04 -3.29529462e-06  3.70392230e-11
 -5.39261464e-11 -1.46746196e-04  8.79135914e-05  3.58173847e-02
  4.39553829e-04  2.09460243e-12 -3.06139745e-12 -8.50616702e-06
  2.13028786e-19 -2.84060969e-17  9.98912328e-07 -3.05875630e-24
 -2.29045421e-23 -2.84781942e-24  9.11191144e-25  5.12948915e-26
 -3.05876213e-24  9.95677415e-07 -1.55623797e-28 -9.43328668e-29
 -1.17614743e-24 -6.70468661e-26 -2.29045371e-23 -1.55623752e-28
  9.95677415e-07  7.42234202e-29  2.62899172e-13  9.17444939e-13
  1.13738041e-14 -6.30837242e-24  2.14811781e-23  3.49216136e-02]
5.829800128936768,base_link,4.4837752425735635,-4.90788032741218,-6.617385714162263e-22,-7.92768149359051e-22,-6.5433589660292185e-22,0.9989582279729208,0.04563396503923509,[ 2.00458029e-03 -4.32531069e-04  8.58410508e-05 -4.60669795e-04
  7.46277677e-04  2.77426574e-04  4.05090213e-06  4.62512860e-04
  7.76274884e-04  1.28529778e-05 -2.08325875e-05 -7.77815040e-06
 -1.33672387e-20 -5.29395592e-20  9.98841217e-07 -1.78258625e-15
 -1.62159905e-14  1.45915484e-24  1.26657895e-20 -8.31151079e-21
 -1.78258621e-15  9.97687791e-07 -2.49080363e-20  1.39779830e-23
  1.16467030e-21 -3.97046694e-22 -1.62159906e-14 -2.49199725e-20
  9.97687791e-07 -1.54390352e-23 -1.18070241e-18 -2.27521668e-18
 -4.35242102e-18  1.88874568e-19 -3.06120235e-19  9.99998848e-10],0.45384317430493126,-0.046000226943139814,1.1661291732762545e-20,6.057609812053165e-26,-2.8879954259645053e-25,0.006081994983726005,[ 6.21023338e-02 -2.21207505e-04 -2.74864331e-06  1.41005520e-11
 -4.10880964e-11 -1.79039157e-04  1.18730823e-04  3.58608365e-02
  4.39742037e-04 -3.86422649e-12  4.73029625e-12 -7.17045615e-06
 -1.10114283e-20  1.73472348e-18  9.98263836e-07 -4.36250658e-24
 -3.96854771e-23 -3.98307925e-23 -9.85508152e-26  2.90805684e-26
 -4.36254905e-24  9.93126863e-07 -2.40936564e-28 -3.61865727e-28
  2.39106896e-25 -3.15039491e-26 -3.96853799e-23 -2.40937772e-28
  9.93126863e-07  1.72643105e-27  2.59280207e-13  1.00685953e-12
  1.24828605e-14 -6.55187374e-22  1.09153313e-21  3.49368109e-02]
5.871422290802002,base_link,4.395299891174533,-4.898211761548989,-9.756683745955589e-24,-3.894076857340761e-22,-2.4257666689630164e-23,0.9991581050375129,0.04102537187944013,[ 1.82273439e-03 -3.55195212e-04  1.51627112e-04 -4.16403460e-04
  7.58052409e-04  2.84597482e-04  3.52322040e-05  5.09134676e-04
  8.89577852e-04  8.93420233e-06 -1.62622864e-05 -6.11169060e-06
 -5.50571416e-20 -2.68615323e-19  9.99230456e-07 -1.17452328e-15
 -1.23500041e-14 -3.96724365e-25 -2.64697796e-21  1.32348898e-22
 -1.17452328e-15  9.98463274e-07 -1.88474432e-20  7.11788538e-25
  3.10225817e-20 -1.94883752e-21 -1.23500041e-14 -1.88392031e-20
  9.98463274e-07 -6.93536024e-24 -1.01688725e-18 -2.24289651e-18
 -4.48565451e-18  1.36205649e-19 -2.47919453e-19  9.99999239e-10],0.5131517996988507,-0.04578297419202877,-3.140553729359858e-22,5.405128966724612e-26,-7.839270225302113e-26,0.010912288529533852,[ 6.18772210e-02 -1.87535770e-04 -2.32473550e-06  3.24594526e-11
 -4.82542807e-11 -1.85839601e-04  1.20602082e-04  3.58834267e-02
  4.40346728e-04  6.71985495e-13 -5.88606965e-13 -7.67223561e-06
  5.46336251e-20 -1.03541307e-17  9.98846570e-07 -2.87059346e-24
 -3.01837059e-23  6.53241516e-25 -1.87408108e-25 -4.24091623e-27
 -2.87059558e-24  9.95417891e-07 -1.81438235e-28 -2.79764826e-28
 -2.41691835e-24 -2.87776458e-26 -3.01837013e-23 -1.81438173e-28
  9.95417891e-07  4.08822449e-28  2.63839562e-13  1.04452731e-12
  1.29558493e-14 -4.52622240e-23  7.30441517e-24  3.49327405e-02]
5.895609140396118,base_link,4.355158131379394,-4.890837832624328,-3.0702855601068953e-22,1.9216189103976853e-22,8.507412509357485e-24,0.999193928804713,0.04014340094962115,[ 1.90866985e-03 -3.27822943e-04  1.59045360e-04 -3.69967683e-04
  7.77496872e-04  2.94524299e-04  6.38959536e-05  5.30790880e-04
  9.25801473e-04  1.57416446e-05 -3.30874051e-05 -1.25484389e-05
 -2.17846286e-20 -1.41666260e-19  9.99311870e-07 -1.04867207e-15
 -1.15885577e-14 -1.95216941e-24  2.50404115e-20 -4.50978870e-21
 -1.04867208e-15  9.98625630e-07 -1.76612633e-20 -3.44618299e-25
 -1.57230491e-20  2.10434748e-21 -1.15885577e-14 -1.76654431e-20
  9.98625630e-07  4.05719115e-24 -1.10204314e-18 -2.39634921e-18
 -4.55027071e-18  7.41532347e-20 -1.55855694e-19  9.99999320e-10],0.532990939321034,-0.04776070081959724,1.2168281828930745e-21,-8.915140655676224e-27,-3.654172279091824e-26,0.01151404992663029,[ 6.19823364e-02 -1.65985432e-04 -2.05675095e-06  1.88032339e-11
 -5.02375934e-11 -1.92853104e-04  1.43402955e-04  3.58937979e-02
  4.40567208e-04 -1.09351873e-12  1.56406346e-12 -4.97209424e-06
  2.60462631e-19 -5.58364119e-17  9.98968513e-07 -2.56824177e-24
 -2.83804838e-23 -2.60917638e-24 -6.88240119e-25  4.01877300e-26
 -2.56824256e-24  9.95899360e-07 -1.70572174e-28  5.62847856e-29
  3.17301313e-24 -9.99644539e-26 -2.83804788e-23 -1.70572317e-28
  9.95899360e-07  2.21738011e-28  2.62494853e-13  1.07031745e-12
  1.32765458e-14  7.24244569e-23 -8.43395695e-23  3.49313897e-02]
5.969628572463989,base_link,4.252397750894099,-4.879044677349562,-8.49552224550393e-23,-2.0558971750219508e-22,-9.158677276728671e-23,0.9993334737234856,0.036504907831024586,[ 2.26380855e-03 -3.88306189e-04  1.39592248e-04 -4.51442530e-04
  9.42536339e-04  4.18654058e-04  2.95156024e-05  6.68889756e-04
  1.12478546e-03  4.36366601e-06 -9.11037297e-06 -4.04897836e-06
  2.85013352e-20  2.53527549e-19  9.99496997e-07 -8.16580312e-16
 -9.07232776e-15  7.66386293e-25  4.97102461e-20 -1.07202607e-21
 -8.16580309e-16  9.98995004e-07 -1.47219138e-20  2.75799736e-24
 -5.55865372e-21  1.29040176e-22 -9.07232776e-15 -1.47220492e-20
  9.98995004e-07 -5.63228817e-24 -8.55618668e-19 -2.52748055e-18
 -4.37588515e-18  1.33632446e-19 -2.78990636e-19  9.99999506e-10],0.5654350520130308,-0.04767265700187948,-3.718388794149764e-21,-1.0934801102360815e-26,-5.23907604537057e-26,0.014390809495345915,[ 6.24224789e-02 -2.01303745e-04 -2.50050264e-06  2.40442097e-11
 -4.75505560e-11 -2.68749765e-04  1.21148303e-04  3.59623432e-02
  4.41563125e-04  8.13253473e-13 -1.57274887e-12 -1.14948241e-05
  2.35475159e-19 -4.14707331e-17  9.99245874e-07 -2.01511220e-24
 -2.23878958e-23  1.81681135e-23  8.01331218e-25  2.70610845e-26
 -2.01510514e-24  9.96997062e-07 -1.44113407e-28  8.87001189e-29
 -1.88700577e-24 -6.24020530e-26 -2.23879028e-23 -1.44113572e-28
  9.96997062e-07  4.24671436e-28  2.66109624e-13  1.22196177e-12
  1.51679413e-14 -3.10859769e-22  6.40484047e-22  3.49383478e-02]
6.020145893096924,base_link,4.164931910567757,-4.869523213798792,2.5268759273767544e-23,-1.0082853126557043e-22,9.564652415437442e-24,0.9986802132165726,0.051359826028725866,[ 2.12794996e-03 -4.15156504e-04  1.92458599e-04 -4.93692104e-04
  9.19086358e-04  3.88119927e-04  3.03597044e-05  6.42638115e-04
  1.23454374e-03  7.83592090e-06 -1.45882522e-05 -6.16652266e-06
  2.63771354e-20  1.37960491e-19  9.99327009e-07 -1.07650206e-15
 -1.30008053e-14 -3.19571639e-24 -1.27584338e-20  5.75717706e-22
 -1.07650206e-15  9.98655826e-07 -2.07962438e-20 -1.65931122e-25
 -4.67985703e-20  2.01832069e-21 -1.30008053e-14 -2.07913594e-20
  9.98655826e-07 -3.53616470e-24 -1.07792656e-18 -3.07857206e-18
 -6.33011581e-18  1.76152481e-19 -3.27946962e-19  9.99999336e-10],0.6030450682759156,-0.04774522937674654,-1.3705903248669008e-21,-4.09551410905867e-26,4.2102473486567215e-26,-0.00338675480167467,[ 6.22535478e-02 -2.29507685e-04 -2.84617490e-06  3.19468961e-11
 -6.17124067e-11 -2.50212671e-04  1.15317060e-04  3.59475613e-02
  4.41328892e-04  9.21873395e-13 -1.83334982e-12 -9.90843595e-06
  5.33630757e-20 -8.29414662e-18  9.98991192e-07 -2.64132482e-24
 -3.18988302e-23  7.00864733e-24  3.23117427e-26  1.21169035e-27
 -2.64131643e-24  9.95988986e-07 -2.01514871e-28  4.21730554e-28
  1.71898471e-24  5.12948915e-26 -3.18988410e-23 -2.01515013e-28
  9.95988986e-07 -4.31772342e-28  2.73453352e-13  1.34616103e-12
  1.67039997e-14 -1.54143568e-22  3.07457311e-22  3.49358650e-02]
6.069815397262573,base_link,4.0987369198330725,-4.852395257905394,-4.280034934499576e-22,-1.0627645110414997e-22,-2.038700483019837e-23,0.9949675873947553,0.10019730552195431,[ 2.00302689e-03 -3.73849534e-04  1.46016446e-04 -4.36567569e-04
  9.26754571e-04  4.39910922e-04  4.33713285e-06  6.97382871e-04
  1.31121257e-03  8.04802649e-06 -1.70856254e-05 -8.13641609e-06
  1.00585162e-21  5.18807680e-21  9.99122442e-07 -1.44043324e-15
 -1.74831331e-14  4.26668333e-26 -1.67818403e-20  2.54771629e-21
 -1.44043325e-15  9.98247956e-07 -2.87039951e-20 -3.30737763e-24
  3.81694222e-20 -5.42630482e-21 -1.74831331e-14 -2.87082568e-20
  9.98247956e-07  1.13246944e-23 -1.63975789e-18 -3.79047771e-18
 -7.69036011e-18  3.01140472e-19 -6.39296553e-19  9.99999130e-10],0.6156545807285563,-0.05328776842859503,-1.8389226876476062e-20,3.290676541687068e-27,3.9050533183375704e-26,-0.05855759803570798,[ 6.20960398e-02 -1.86299440e-04 -2.30877145e-06  2.38827504e-11
 -5.32534321e-11 -2.83421359e-04  1.06178690e-04  3.59712243e-02
  4.41547869e-04  6.33282625e-13 -1.52067799e-12 -1.56196001e-05
  3.83705925e-19 -7.32378568e-17  9.98684815e-07 -3.52830812e-24
 -4.28254736e-23  1.70741906e-23  6.07460762e-25  1.59539229e-26
 -3.52830278e-24  9.94780366e-07 -2.77403654e-28  1.04727233e-28
  9.49965235e-25  2.70610845e-26 -4.28254598e-23 -2.77404289e-28
  9.94780366e-07  1.25306514e-27  2.79398547e-13  1.43778739e-12
  1.78344716e-14 -2.80775872e-22  6.16541522e-22  3.49340578e-02]
6.122859477996826,base_link,4.028981331605074,-4.818161217076414,-1.0926424574953105e-21,2.4506341752918845e-22,8.805604538610742e-23,0.9909337004220696,0.13435178215350943,[ 2.02748247e-03 -4.21130661e-04  6.74786676e-05 -5.09949404e-04
  8.94278598e-04  4.62978121e-04 -6.44793317e-05  7.08324405e-04
  1.23334770e-03 -1.68753150e-05  2.95910468e-05  1.53411162e-05
 -1.40289832e-21 -9.42324154e-21  9.99138221e-07 -1.67920469e-15
 -1.76809435e-14 -3.50945446e-24 -9.47618110e-21 -1.03893885e-21
 -1.67920469e-15  9.98279406e-07 -3.44413357e-20  5.50787941e-24
 -4.20340100e-20 -5.28072103e-21 -1.76809435e-14 -3.44405078e-20
  9.98279406e-07 -1.04108481e-23 -1.70721220e-18 -3.94530566e-18
 -7.46501089e-18  6.20492311e-19 -1.08799347e-18  9.99999146e-10],0.6307261581068323,-0.06650231985023043,-3.719335074661719e-20,1.40308254148592e-26,-2.051946180344572e-27,-0.09351924518244983,[ 6.21559415e-02 -1.59055460e-04 -1.97173544e-06  3.31711907e-11
 -5.09912107e-11 -2.93214815e-04  1.17080286e-04  3.59689593e-02
  4.41589888e-04  6.47537776e-12 -1.07548427e-11 -3.64506750e-05
  2.25310764e-19 -5.03611909e-17  9.98708443e-07 -4.11675532e-24
 -4.33485766e-23 -5.85897849e-23  7.30245385e-25  1.42979461e-25
 -4.11678225e-24  9.94873428e-07 -3.33542057e-28  1.88998637e-28
  3.87740912e-25  8.07793567e-26 -4.33485226e-23 -3.33542195e-28
  9.94873428e-07 -3.49381590e-29  2.82917427e-13  1.51871918e-12
  1.88388828e-14 -1.33203279e-21  2.30061678e-21  3.49335792e-02]
6.184012174606323,base_link,3.939796204040233,-4.762661979533732,-1.9503840637367904e-21,-6.182608284677437e-23,-5.079444522501447e-22,0.9808037412209429,0.19499749025821253,[ 1.80105002e-03 -4.05755974e-04 -4.81279595e-05 -5.06261351e-04
  9.26677340e-04  5.61012181e-04 -1.50742453e-04  7.69194456e-04
  1.28266806e-03 -4.19286737e-05  7.67533761e-05  4.65438308e-05
  1.04886502e-20  2.07946589e-19  9.98876031e-07 -2.85181781e-15
 -2.43166112e-14 -1.32153662e-23  1.50348348e-20  4.81749989e-21
 -2.85181785e-15  9.97757099e-07 -6.17288212e-20 -1.86150483e-23
 -4.19281309e-20 -1.19643404e-20 -2.43166112e-14 -6.16968906e-20
  9.97757099e-07 -1.39813088e-24 -2.73178551e-18 -4.53183317e-18
 -8.83730614e-18  1.35135058e-18 -2.47385002e-18  9.99998882e-10],0.6626594119450696,-0.08594013533771291,3.2852813444743196e-20,1.7812570280655175e-26,2.6999902369583793e-25,-0.15376131011356145,[ 6.19101027e-02 -9.43549676e-05 -1.16819986e-06  3.01733039e-11
 -6.22339196e-11 -3.40379066e-04  1.06431311e-04  3.59864235e-02
  4.41733557e-04  1.45296460e-11 -2.75902175e-11 -7.85424640e-05
  1.96299886e-19 -7.42678488e-17  9.98315938e-07 -6.93318522e-24
 -5.91212598e-23  1.34284857e-22 -1.57681304e-24 -7.59325953e-25
 -6.93311269e-24  9.93330930e-07 -5.88921015e-28  2.04113227e-28
  3.37334594e-24  1.49926486e-24 -5.91213395e-23 -5.88922582e-28
  9.93330930e-07  2.88246260e-27  2.93473958e-13  1.59998403e-12
  1.98365634e-14 -1.14952021e-21  2.23325766e-21  3.49282398e-02]
6.218609571456909,base_link,3.886141114678297,-4.721984802890446,5.949307996411014e-22,9.503774991376715e-24,-6.79685471277031e-23,0.9773062896451296,0.21183110305162986,[ 1.80188006e-03 -4.08163072e-04 -4.11535673e-05 -5.31041480e-04
  9.27139712e-04  5.62445259e-04 -1.83798435e-04  8.07051307e-04
  1.40580249e-03 -5.51571718e-05  9.62949984e-05  5.84840065e-05
  1.05349723e-20  8.27974706e-20  9.99047839e-07 -2.71943497e-15
 -2.13064796e-14  4.12354537e-24 -4.97102461e-20 -1.34731178e-20
 -2.71943497e-15  9.98099293e-07 -6.08578270e-20 -2.96301246e-24
  6.56450534e-20  1.87670737e-20 -2.13064796e-14 -6.08518400e-20
  9.98099293e-07 -1.18038217e-24 -3.31122310e-18 -4.39539836e-18
 -9.05790135e-18  1.66558911e-18 -2.90775096e-18  9.99999054e-10],0.6871584450939543,-0.09816152555221345,1.4371733149886623e-20,4.0346035583840573e-26,-1.3759164026018686e-26,-0.16553952650160758,[ 6.19255796e-02 -4.08511842e-05 -5.05747371e-07  3.54691590e-11
 -5.83429830e-11 -3.30667482e-04  1.39129232e-04  3.59995961e-02
  4.42082384e-04  1.64268835e-11 -2.79899753e-11 -9.65244867e-05
  7.72917564e-20 -6.75457953e-17  9.98573115e-07 -6.61532835e-24
 -5.18360872e-23  6.62857447e-23  2.00979039e-24  9.30578189e-25
 -6.61528878e-24  9.94340738e-07 -5.81233585e-28  5.52357433e-28
 -3.03730381e-25 -1.45402842e-25 -5.18361413e-23 -5.81233906e-28
  9.94340738e-07 -2.00455269e-28  2.96631263e-13  1.62099847e-12
  2.01004944e-14 -1.11230449e-21  1.88525158e-21  3.49237773e-02]
6.2654900550842285,base_link,3.838320304934059,-4.675877308447634,1.0505802706512528e-21,-5.905078040399191e-22,-1.3024211067009313e-21,0.9693081797368007,0.24584884115108216,[ 1.98140265e-03 -4.99601869e-04 -1.28198001e-04 -6.60429320e-04
  1.11625361e-03  6.95012677e-04 -2.79128421e-04  9.27636080e-04
  1.52046057e-03 -8.68569081e-05  1.46803853e-04  9.14882210e-05
  5.33366059e-21  4.55280209e-20  9.99203665e-07 -2.57983555e-15
 -1.82771505e-14  7.97000359e-24 -5.37336526e-20 -1.71524172e-20
 -2.57983558e-15  9.98409861e-07 -5.92692429e-20 -3.60546995e-23
 -1.55642304e-20 -5.02925812e-21 -1.82771505e-14 -5.92175856e-20
  9.98409861e-07  6.48754932e-24 -3.38656432e-18 -4.11247359e-18
 -8.05629423e-18  2.08417245e-18 -3.52260251e-18  9.99999210e-10],0.6889684604609516,-0.1119352758739672,2.845443361282048e-20,2.0598977921128925e-25,1.723782313829142e-26,-0.19405686253500076,[ 6.22044985e-02 -1.84356177e-05 -2.28535645e-07  3.84861633e-11
 -6.41209392e-11 -3.91307777e-04  1.57402421e-04  3.60324383e-02
  4.42670469e-04  2.07362073e-11 -3.48385801e-11 -1.38806206e-04
  8.47032947e-21 -1.65340831e-17  9.98806447e-07 -6.31825823e-24
 -4.47659457e-23  1.37695213e-22 -7.43170082e-25 -4.00665609e-25
 -6.31817284e-24  9.95259653e-07 -5.72114231e-28  1.53272616e-27
  2.32644547e-24  1.26662031e-24 -4.47660320e-23 -5.72115223e-28
  9.95259653e-07  1.19332398e-28  3.03720399e-13  1.66500320e-12
  2.06500952e-14 -3.27947709e-21  5.53472475e-21  3.49213979e-02]
6.3171775341033936,base_link,3.7704732891555137,-4.608110483152785,-8.997253700195037e-22,-9.134838496496912e-22,6.501185760098504e-24,0.9592683192057199,0.28249653408180625,[ 1.77622321e-03 -4.77032932e-04 -2.07202992e-04 -6.55943249e-04
  1.03173687e-03  6.89011164e-04 -3.29802173e-04  8.90890980e-04
  1.47680151e-03 -1.33974889e-04  2.10681270e-04  1.40928570e-04
  7.92769899e-21  1.09055492e-19  9.98941773e-07 -4.10900233e-15
 -2.45875578e-14 -7.06365999e-24  2.50933511e-20  1.34995876e-20
 -4.10900235e-15  9.97888010e-07 -9.54871676e-20 -1.03824181e-23
 -2.95402740e-20 -2.09640654e-20 -2.45875577e-14 -9.55064874e-20
  9.97888010e-07  3.66595414e-23 -4.30922814e-18 -3.88905324e-18
 -8.29934996e-18  3.11986862e-18 -4.90561254e-18  9.99998946e-10],0.7169076794014059,-0.1296427339019692,4.9922426250764855e-20,6.403381662487967e-26,-1.5004150229800464e-25,-0.22231570598734635,[ 6.19661503e-02  2.96361686e-05  3.66154484e-07  3.92123268e-11
 -4.05916038e-11 -3.50766896e-04  1.49166299e-04  3.59994769e-02
  4.42191986e-04  3.85749028e-11 -5.52459916e-11 -1.75176539e-04
 -2.79520873e-20 -3.37186876e-17  9.98414335e-07 -9.98514027e-24
 -5.97546421e-23  3.68046539e-22  1.29246971e-25  1.29246971e-25
 -9.98495330e-24  9.93716910e-07 -9.10429986e-28  7.69967827e-28
  1.05982516e-24  1.44756607e-24 -5.97549592e-23 -9.10429735e-28
  9.93716910e-07 -1.82158880e-27  3.21770134e-13  1.71988986e-12
  2.13198424e-14 -2.84394085e-21  3.90907381e-21  3.49151814e-02]
6.384021759033203,base_link,3.66595695709557,-4.529092290528844,-4.981067486097335e-22,-2.955584710104805e-22,-1.460311555381892e-22,0.9573908261688632,0.28879543965876875,[ 1.79966148e-03 -5.33336075e-04 -2.65270981e-04 -7.56930507e-04
  1.22477591e-03  8.81181396e-04 -4.44940510e-04  1.02103274e-03
  1.78781044e-03 -1.52692109e-04  2.47049675e-04  1.77917520e-04
 -3.37754388e-20 -2.07628951e-19  9.99143710e-07 -3.66822717e-15
 -2.09953509e-14  5.38125406e-24 -7.59153279e-20 -3.28225267e-20
 -3.66822714e-15  9.98290343e-07 -8.99225009e-20  1.36383509e-23
  9.70911516e-20  4.65338725e-20 -2.09953510e-14 -8.99293756e-20
  9.98290343e-07 -1.40485694e-23 -4.63723849e-18 -3.36361410e-18
 -8.70360865e-18  3.82368359e-18 -6.18616311e-18  9.99999147e-10],0.7630633029742842,-0.1314876378379456,-2.7134195776512645e-20,-1.4302802305057612e-26,1.839383146899932e-25,-0.20623678671911774,[ 6.20839685e-02  7.51512125e-05  9.30083522e-07  3.94684870e-11
 -5.51291819e-11 -4.09467160e-04  1.48496823e-04  3.60262394e-02
  4.42756135e-04  3.87350805e-11 -5.95262541e-11 -2.47770970e-04
 -1.13502415e-19 -5.39932682e-17  9.98716661e-07 -8.93187207e-24
 -5.11278654e-23  8.38278522e-22 -1.68021062e-25 -1.68021062e-25
 -8.93156577e-24  9.94905725e-07 -8.60283053e-28  2.51015732e-28
 -1.11152395e-24 -1.20199683e-24 -5.11284205e-23 -8.60282110e-28
  9.94905725e-07 -3.11647223e-27  3.49140550e-13  1.78216816e-12
  2.20985217e-14 -2.29911425e-21  3.23555555e-21  3.49126148e-02]
6.4243059158325195,base_link,3.6139092348293453,-4.472785025640677,-6.755719209219969e-23,-2.9499354356289246e-22,3.1020130008057375e-22,0.9551102963479309,0.2962504376539682,[ 1.88551686e-03 -5.27174736e-04 -4.39386429e-04 -7.19607712e-04
  1.23349394e-03  9.52058209e-04 -5.19504800e-04  1.11893680e-03
  1.81225517e-03 -1.68557691e-04  2.88942003e-04  2.23178052e-04
 -8.04846736e-22 -3.17531476e-19  9.99274315e-07 -3.35843197e-15
 -1.83465740e-14  2.33229944e-23 -2.43521972e-20 -1.36054667e-20
 -3.35843197e-15  9.98550730e-07 -8.49291529e-20 -1.70214159e-23
 -3.28225267e-21 -1.64112634e-21 -1.83465741e-14 -8.48847302e-20
  9.98550730e-07 -2.96883283e-23 -4.83086377e-18 -3.54462273e-18
 -7.44733178e-18  3.71403339e-18 -6.36695939e-18  9.99999278e-10],0.7821635750177405,-0.14007436620254388,-4.3547443359038846e-21,-1.109169522937014e-25,-1.1636573006898957e-25,-0.20184349189956308,[ 6.22202227e-02  1.23902922e-04  1.53359815e-06  2.26408328e-11
 -4.50347018e-11 -4.23879441e-04  1.32520916e-04  3.60569954e-02
  4.43296617e-04  2.95561776e-11 -5.32288633e-11 -2.84525687e-04
 -6.24686799e-20 -1.80519662e-17  9.98912260e-07 -8.19830946e-24
 -4.47928232e-23  2.53769031e-22 -2.61725116e-25 -3.42504472e-25
 -8.19818897e-24  9.95677151e-07 -8.15548447e-28  2.63588662e-27
 -2.15842441e-24 -2.55262767e-24 -4.47928929e-23 -8.15550431e-28
  9.95677151e-07  2.66953093e-27  3.66647149e-13  1.81721999e-12
  2.25368876e-14 -2.05456722e-21  3.79687057e-21  3.49096405e-02]
6.470413684844971,base_link,3.5669603191649166,-4.421881338872838,-1.7380052123554338e-22,-1.7057592028944564e-21,1.224978652097867e-22,0.9521262098046509,0.3057052184752983,[ 1.91758889e-03 -5.37738262e-04 -5.13606701e-04 -7.27093514e-04
  1.18751101e-03  9.45299532e-04 -5.83012086e-04  1.06650885e-03
  1.84036031e-03 -1.74759813e-04  2.85432121e-04  2.27433719e-04
 -2.04148175e-21  6.44803831e-20  9.99037283e-07 -4.41389084e-15
 -2.46991124e-14 -1.23670834e-23 -7.15742840e-20 -4.21928287e-20
 -4.41389088e-15  9.98078263e-07 -1.13283966e-19 -3.39460949e-23
 -4.34104385e-20 -2.43521972e-20 -2.46991122e-14 -1.13345847e-19
  9.98078263e-07  1.36079592e-22 -4.67117774e-18 -4.00625398e-18
 -8.73582382e-18  4.12781696e-18 -6.74217223e-18  9.99999040e-10],0.7823598441448874,-0.14655141963473473,-5.190484134408429e-20,1.579741422425372e-25,-2.5333013920794257e-25,-0.199051036221122,[ 6.22470262e-02  1.79083785e-04  2.21819740e-06  2.91010229e-11
 -5.16342402e-11 -4.18088585e-04  1.45676546e-04  3.60260606e-02
  4.42818840e-04  3.71134082e-11 -6.24795330e-11 -2.86388074e-04
 -8.47032947e-22 -1.62630326e-19  9.98557312e-07 -1.07920459e-23
 -6.03969234e-23 -1.11360295e-21 -6.04229588e-25 -7.69019476e-25
 -1.07924167e-23  9.94278666e-07 -1.09149320e-27  3.86973897e-27
 -1.51865191e-24 -1.83530698e-24 -6.03963226e-23 -1.09149327e-27
  9.94278666e-07 -6.03349215e-27  3.90101065e-13  1.89592092e-12
  2.35054842e-14 -7.17458446e-21  1.18686421e-20  3.49084227e-02]
6.530696392059326,base_link,3.483928763158432,-4.3544360480549225,-1.5307589099425385e-21,7.831617569115563e-23,-3.044075424623888e-23,0.9534921411177558,0.301417877417179,[ 1.95642036e-03 -4.80969633e-04 -6.32215383e-04 -6.25206369e-04
  1.12852341e-03  8.73859255e-04 -6.51297392e-04  1.05388825e-03
  1.89061609e-03 -1.76176692e-04  3.18034057e-04  2.46455190e-04
  1.19577229e-20 -1.64642029e-19  9.99207377e-07 -3.59705270e-15
 -2.07703049e-14 -2.75457657e-23  8.25857124e-21  6.08804931e-21
 -3.59705272e-15  9.98417261e-07 -9.42599509e-20 -5.27562967e-25
 -8.72443936e-20 -5.45277460e-20 -2.07703049e-14 -9.42532668e-20
  9.98417261e-07 -8.40875873e-24 -4.66941869e-18 -3.80462964e-18
 -7.78810508e-18  3.61071736e-18 -6.51885932e-18  9.99999211e-10],0.8018880843647235,-0.14637211408716408,2.2009173491612772e-20,4.00823094792905e-26,6.415550729086285e-26,-0.17657958111020716,[ 6.22704616e-02  2.52453145e-04  3.12636996e-06  1.65747926e-11
 -4.04664464e-11 -3.72807258e-04  1.22224446e-04  3.60187292e-02
  4.42947552e-04  2.73089842e-11 -5.42416382e-11 -2.78361290e-04
 -3.54906805e-19 -5.03611909e-17  9.98812006e-07 -8.79578765e-24
 -5.07930301e-23  4.74381887e-22 -7.14089513e-25 -1.17291626e-24
 -8.79561832e-24  9.95281560e-07 -9.08224635e-28  1.18115069e-27
  1.11798630e-24  1.49926486e-24 -5.07932434e-23 -9.08225837e-28
  9.95281560e-07  1.87528296e-27  4.21931207e-13  1.96472699e-12
  2.43639900e-14 -3.54878217e-21  6.80251157e-21  3.49041287e-02]
6.57873797416687,base_link,3.4183837366850325,-4.3082067109032325,-5.453968533380058e-22,4.2246513837225144e-22,6.341052797723224e-23,0.9560499222428313,0.2932039327489935,[ 1.79954211e-03 -3.85274492e-04 -5.64943399e-04 -5.03009477e-04
  1.03021209e-03  7.59376020e-04 -5.69070238e-04  9.59221845e-04
  1.82382172e-03 -1.50992683e-04  3.09281173e-04  2.28219471e-04
  2.22346149e-20 -2.01699721e-19  9.99092342e-07 -4.27235399e-15
 -2.43192377e-14  5.33029363e-23  1.03761536e-20  9.47618110e-21
 -4.27235398e-15  9.98187969e-07 -1.14501184e-19 -2.20850282e-23
 -2.22346149e-20 -1.71524172e-20 -2.43192378e-14 -1.14502284e-19
  9.98187969e-07  4.69056198e-23 -5.22442917e-18 -4.17910976e-18
 -8.54578010e-18  3.32775287e-18 -6.81691580e-18  9.99999095e-10],0.8104190586171743,-0.14194314269666347,-1.223356497674649e-20,-7.138808953551449e-26,3.832742034430607e-26,-0.1539697154041244,[ 6.19875804e-02  2.60993838e-04  3.22922173e-06  1.11933763e-11
 -3.32222586e-11 -3.18888626e-04  1.22247264e-04  3.59956026e-02
  4.42679669e-04  2.71708528e-11 -6.00813870e-11 -2.48702202e-04
 -6.05628557e-19 -8.30498864e-17  9.98639745e-07 -1.03928523e-23
 -5.91634165e-23  6.20756978e-22 -3.71585041e-26 -8.72417052e-26
 -1.03926164e-23  9.94602863e-07 -1.09318256e-27  2.48514283e-27
 -2.58493941e-26 -5.16987883e-26 -5.91638192e-23 -1.09318365e-27
  9.94602863e-07 -1.35589794e-27  4.43973336e-13  2.00272784e-12
  2.48296305e-14 -1.76582058e-21  3.99910462e-21  3.48987345e-02]
6.619640350341797,base_link,3.385563985308687,-4.2727867606812255,-3.744774393591907e-22,1.6777591241858608e-22,-1.0108347732325065e-23,0.9514518648731124,0.3077975776861747,[ 1.77077050e-03 -3.46722212e-04 -5.04698494e-04 -4.31400441e-04
  9.58259402e-04  6.47376672e-04 -5.34169369e-04  8.31149046e-04
  1.75818002e-03 -1.03556715e-04  2.30052570e-04  1.55547777e-04
 -1.89920669e-21  7.47506576e-20  9.99162924e-07 -4.02382335e-15
 -2.20942658e-14  3.78039723e-23 -4.92337901e-21 -3.01755487e-21
 -4.02382334e-15  9.98328642e-07 -1.06217317e-19 -6.75935899e-24
  8.17386794e-20  4.23516474e-20 -2.20942658e-14 -1.06224868e-19
  9.98328642e-07  2.63737353e-23 -4.82081885e-18 -3.23196919e-18
 -7.98175257e-18  2.56207065e-18 -5.69244384e-18  9.99999167e-10],0.793569479136808,-0.1450677427228552,-1.2957219106077194e-20,-2.4140799989771833e-26,5.058692064280844e-27,-0.16128149249678236,[ 6.18548383e-02  3.09661031e-04  3.83366949e-06  1.29641301e-11
 -3.92765903e-11 -2.82639115e-04  1.69778243e-04  3.59601974e-02
  4.42360536e-04  1.99627488e-11 -4.88819182e-11 -1.99871845e-04
 -3.10014059e-19 -3.57244616e-17  9.98745434e-07 -9.82908353e-24
 -5.39731521e-23  8.04729139e-22 -1.47018429e-25 -2.26182199e-25
 -9.82880604e-24  9.95019118e-07 -1.02155209e-27  1.13016424e-27
  1.80945759e-25  2.26182199e-25 -5.39736799e-23 -1.02155275e-27
  9.95019118e-07 -2.20115982e-28  4.55387328e-13  2.03952133e-12
  2.52884532e-14 -2.46214286e-21  5.77334238e-21  3.48963104e-02]
6.667534828186035,base_link,3.3604512374445665,-4.244339852326852,1.8298045102831462e-22,-4.766396326907758e-25,-1.4546591432447018e-23,0.9451712969693445,0.3265749827915284,[ 1.91641253e-03 -3.43379121e-04 -5.00811558e-04 -4.38768343e-04
  1.07635425e-03  6.43594078e-04 -5.59506596e-04  8.51183160e-04
  2.04364009e-03 -1.13251519e-04  2.77792463e-04  1.66213338e-04
 -8.95340295e-21 -3.59247849e-19  9.99476136e-07 -2.42939187e-15
 -1.34509833e-14  4.83678280e-24  4.24575265e-20  2.08317165e-20
 -2.42939187e-15  9.98953367e-07 -6.23802545e-20 -1.14842280e-24
 -1.16043514e-19 -6.59097512e-20 -1.34509833e-14 -6.23781583e-20
  9.98953367e-07 -2.60778605e-25 -4.23033317e-18 -2.40422826e-18
 -6.84558717e-18  1.97256416e-18 -4.83820602e-18  9.99999482e-10],0.7553771856480131,-0.14619593349239474,1.7268598415079943e-20,-3.396091785159389e-29,1.2346458827811482e-26,-0.1721632254607005,[ 6.19915046e-02  3.70233785e-04  4.59321526e-06  1.67710209e-11
 -3.36946747e-11 -2.74155261e-04  2.08788086e-04  3.59833837e-02
  4.42916802e-04  1.87312441e-11 -4.33701652e-11 -2.02244155e-04
  2.55465137e-18  2.46330734e-16  9.99214614e-07 -5.94239318e-24
 -3.29069168e-23  3.24482327e-22 -6.17154285e-25 -6.85008945e-25
 -5.94233718e-24  9.96873134e-07 -6.00987518e-28  2.05247276e-30
  1.48634016e-24  1.91285517e-24 -3.29070517e-23 -6.00987564e-28
  9.96873134e-07  2.61133860e-28  4.68492351e-13  2.06813386e-12
  2.56568802e-14 -9.98542378e-22  2.08474838e-21  3.48969448e-02]
6.7317283153533936,base_link,3.302468061220463,-4.203714746928846,-9.920284183810567e-23,5.0772834843394916e-23,-9.159724211522002e-23,0.946219012796892,0.32352678377790456,[ 2.11839229e-03 -3.62793478e-04 -7.61192034e-04 -4.33896020e-04
  1.19961976e-03  7.48524233e-04 -6.93740083e-04  9.55170583e-04
  1.57391685e-03 -1.10551273e-04  3.05676653e-04  1.90854099e-04
  4.69838588e-21 -3.00167301e-20  9.99555640e-07 -2.01032839e-15
 -1.06673914e-14  6.51270044e-24  5.09013862e-20  3.77459057e-20
 -2.01032838e-15  9.99112068e-07 -4.82471637e-20  8.24896883e-24
 -2.09852413e-19 -1.29754860e-19 -1.06673914e-14 -4.82656585e-20
  9.99112068e-07  9.13059089e-24 -3.02955354e-18 -1.87308551e-18
 -2.98013685e-18  1.56573475e-18 -4.32950587e-18  9.99999562e-10],0.7345606717719236,-0.13759328321320788,-7.5048733359439135e-22,-8.434319383505923e-27,7.370647402317585e-26,-0.1519718803087944,[ 6.22610316e-02  4.55067959e-04  5.66143184e-06  6.78161945e-12
 -2.60305641e-11 -3.02892298e-04  2.04613898e-04  3.60270143e-02
  4.43551136e-04  1.41492086e-11 -4.15944045e-11 -2.36898629e-04
  1.82450897e-18  1.42897846e-16  9.99333755e-07 -4.95034840e-24
 -2.62709649e-23  2.39751988e-22 -8.10216948e-25 -1.69313532e-24
 -4.95030242e-24  9.97345606e-07 -4.70401882e-28  2.88730711e-28
  3.25056131e-24  5.19572822e-24 -2.62711503e-23 -4.70401630e-28
  9.97345606e-07 -2.49023786e-27  5.01669886e-13  2.17751164e-12
  2.70266474e-14 -1.71749433e-21  5.11567583e-21  3.49024112e-02]
6.785248041152954,base_link,3.248232895750948,-4.152711982660277,3.086954401659831e-23,1.1282201241007609e-22,-4.1148314456465054e-23,0.9498899501731245,0.31258452066616976,[ 1.75069395e-03 -2.33730003e-04 -4.89719849e-04 -3.00431637e-04
  9.81642721e-04  5.51202125e-04 -4.80511197e-04  7.83458607e-04
  1.24851297e-03 -7.43200356e-05  2.42768793e-04  1.36471974e-04
 -3.45761496e-22 -1.45054392e-20  9.99080602e-07 -4.13454051e-15
 -2.23133474e-14  1.23333965e-23  4.92337901e-21  2.35581038e-21
 -4.13454051e-15  9.98164574e-07 -1.00345940e-19 -1.26752566e-24
  1.58818678e-20  1.13820052e-20 -2.23133474e-14 -1.00351896e-19
  9.98164574e-07  1.50829906e-23 -5.31371561e-18 -3.29532417e-18
 -4.71300933e-18  1.78830321e-18 -5.84007596e-18  9.99999085e-10],0.7349649307955882,-0.1377089559092007,-2.1065094109768854e-21,1.2124524676452092e-28,5.150143348011042e-26,-0.12662463854943076,[ 6.16814672e-02  3.91951762e-04  4.86185239e-06  1.56428994e-11
 -2.59848675e-11 -2.28434628e-04  2.08680518e-04  3.59913111e-02
  4.42871254e-04  1.86982513e-11 -4.89675631e-11 -1.77789735e-04
 -2.68509444e-19 -2.43945489e-17  9.98622168e-07 -1.00562801e-23
 -5.42760942e-23  2.09785867e-22  1.32478145e-25  1.58327539e-25
 -1.00562316e-23  9.94533690e-07 -9.58077214e-28  1.78792065e-29
 -2.26182199e-25 -4.26515003e-25 -5.42763146e-23 -9.58076799e-28
  9.94533690e-07 -1.89884543e-27  5.43074103e-13  2.26731134e-12
  2.81229013e-14 -7.18690937e-22  3.65861504e-22  3.48975010e-02]
6.820750951766968,base_link,3.228333453479975,-4.120793837345157,4.634084714234538e-23,4.445502164504412e-22,3.8394713327036066e-24,0.9428743606581509,0.33314852545596413,[ 1.72599232e-03 -3.29538962e-04 -5.59956448e-04 -4.63389032e-04
  1.05437819e-03  6.57237428e-04 -5.64534741e-04  8.11729000e-04
  1.27565644e-03 -1.34921034e-04  3.06985943e-04  1.91521761e-04
  1.34466480e-20 -1.86453128e-19  9.99030651e-07 -4.69937180e-15
 -2.31187340e-14 -2.86881713e-24 -4.74338450e-20 -2.68932961e-20
 -4.69937181e-15  9.98065049e-07 -1.12110223e-19 -1.93407931e-23
  1.46113183e-19  8.59738441e-20 -2.31187339e-14 -1.12117170e-19
  9.98065049e-07  5.38789647e-23 -5.19818283e-18 -2.95806212e-18
 -4.34619465e-18  2.91691347e-18 -6.63660529e-18  9.99999034e-10],0.7193207661754181,-0.14346546228918639,-1.595639869923027e-20,-1.2248897242348183e-27,1.317162157196433e-26,-0.14400334502409506,[ 6.17895408e-02  3.52404080e-04  4.36707221e-06  1.89898631e-11
 -4.00373672e-11 -2.58396945e-04  1.77013688e-04  3.59499454e-02
  4.42390798e-04  3.02937981e-11 -6.73643009e-11 -2.22022387e-04
 -1.27054942e-19 -1.28477957e-17  9.98547383e-07 -1.14392405e-23
 -5.62780174e-23  7.39082946e-22  3.94203261e-25  6.33310156e-25
 -1.14389884e-23  9.94239568e-07 -1.07174234e-27  3.56706924e-29
 -2.74649813e-24 -4.62704155e-24 -5.62786071e-23 -1.07174220e-27
  9.94239568e-07 -4.98331638e-28  5.58319721e-13  2.28009278e-12
  2.82793815e-14 -1.81250043e-21  3.98707010e-21  3.48943494e-02]
6.8819239139556885,base_link,3.1787721156738744,-4.081077044983602,-1.1364022694619014e-22,-4.0978028055349452e-22,5.709764897424434e-22,0.9452958289392122,0.3262143402582537,[ 1.75825418e-03 -3.45487872e-04 -7.26291906e-04 -4.21838744e-04
  1.00179711e-03  6.24449246e-04 -6.52752919e-04  8.04436432e-04
  1.20441757e-03 -1.43206349e-04  3.40157714e-04  2.12282314e-04
  1.20437497e-20 -4.34104385e-20  9.99025633e-07 -4.54542619e-15
 -2.22730825e-14  3.89311987e-24 -2.02758512e-20 -2.65756587e-20
 -4.54542621e-15  9.98055051e-07 -1.03939340e-19 -2.17843443e-23
 -4.83867571e-20 -4.46809880e-20 -2.22730826e-14 -1.03884103e-19
  9.98055051e-07 -3.02370603e-23 -4.95417375e-18 -2.84345857e-18
 -3.15775705e-18  2.76812822e-18 -6.57636846e-18  9.99999029e-10],0.6996048547109782,-0.13724335356928344,-6.272993806302377e-21,-2.9470546195693347e-26,-2.2327882540803197e-25,-0.12219106788027238,[ 6.18491226e-02  4.03907150e-04  5.00574091e-06 -1.07020387e-12
 -1.50065063e-11 -2.25828314e-04  1.69312116e-04  3.59308720e-02
  4.42244306e-04  2.40072181e-11 -6.56588145e-11 -2.23090436e-04
  1.87194281e-19  1.65340831e-17  9.98539870e-07 -1.10429627e-23
 -5.41154385e-23  1.52096068e-22 -6.86624532e-27  1.03397577e-25
 -1.10428978e-23  9.94210009e-07 -9.90190879e-28  4.86429027e-28
  4.52364397e-25  1.99040335e-24 -5.41154791e-23 -9.90192513e-28
  9.94210009e-07  3.40894555e-27  5.75864714e-13  2.29753369e-12
  2.84971363e-14  1.43906835e-22  7.72760162e-22  3.48919816e-02]
6.928570508956909,base_link,3.1449191740347784,-4.041128931908486,-2.844594511365635e-22,-3.580520971334367e-23,9.109034802823517e-24,0.946662012759733,0.32222823215492924,[ 1.85659256e-03 -3.84017625e-04 -6.20893335e-04 -4.78573339e-04
  1.05856186e-03  5.98779760e-04 -6.23415788e-04  7.78425573e-04
  1.29722564e-03 -1.36875765e-04  3.02765552e-04  1.71418425e-04
  1.76024034e-21 -2.03287907e-20  9.99260144e-07 -3.35854847e-15
 -1.69243571e-14 -1.89064179e-23 -3.11284608e-20 -2.38228016e-20
 -3.35854848e-15  9.98522473e-07 -7.68218000e-20  3.32075670e-24
 -6.02452184e-20 -4.39927737e-20 -1.69243571e-14 -7.67842127e-20
  9.98522473e-07 -5.44611508e-23 -4.53023464e-18 -2.22557076e-18
 -3.67555881e-18  2.52112720e-18 -5.57682162e-18  9.99999265e-10],0.6889262960500457,-0.14009145653794658,2.993981838033466e-21,-1.1843729291718147e-27,-8.769467948703261e-28,-0.10874476944290228,[ 6.19156039e-02  4.19034623e-04  5.19784532e-06  1.07759988e-11
 -2.62670697e-11 -2.35242243e-04  2.38462351e-04  3.59339714e-02
  4.42505566e-04  2.33255934e-11 -5.27497902e-11 -2.02379026e-04
 -4.03187683e-19 -3.43692089e-17  9.98891036e-07 -8.22731243e-24
 -4.14604948e-23  3.33579142e-22  6.62390725e-25  1.43464137e-24
 -8.22719203e-24  9.95593387e-07 -7.42497794e-28  3.92238479e-28
 -3.36042124e-25 -6.72084248e-25 -4.14607205e-23 -7.42498183e-28
  9.95593387e-07  3.41026937e-28  5.80674723e-13  2.30706079e-12
  2.86271843e-14 -2.91083170e-21  6.46050932e-21  3.48911025e-02]
6.971733808517456,base_link,3.107055647588332,-3.9919599799397028,-5.838945556339774e-21,3.1213894581981877e-21,-1.9838285022376963e-21,0.9429107394148969,0.333045548680736,[ 1.92800675e-03 -4.94935968e-04 -6.93206348e-04 -6.80941534e-04
  1.02663657e-03  6.53139649e-04 -7.51131360e-04  7.89276994e-04
  1.37381566e-03 -2.70593921e-04  4.07882798e-04  2.59831173e-04
 -4.36751363e-22 -1.59877469e-20  9.98996067e-07 -4.51912047e-15
 -2.29369591e-14 -7.35680220e-23  1.11173074e-20  9.95263713e-21
 -4.51912057e-15  9.97996155e-07 -1.03294964e-19 -2.92520727e-23
 -1.05879118e-20 -1.22819777e-20 -2.29369591e-14 -1.03120762e-19
  9.97996155e-07 -1.23369767e-22 -4.53611491e-18 -2.25818244e-18
 -4.64504322e-18  4.67028930e-18 -7.03837189e-18  9.99998999e-10],0.6935004743652832,-0.14715046753379865,1.38178422635395e-20,3.3565221061874088e-25,2.103671712158801e-25,-0.11489397394200596,[ 6.21299956e-02  4.16467432e-04  5.16564225e-06  1.83596367e-11
 -9.19653936e-12 -2.30307493e-04  2.22038012e-04  3.58896852e-02
  4.41837682e-04  5.54861577e-11 -7.48551316e-11 -2.43012333e-04
 -7.26754269e-19 -6.21247845e-17  9.98495610e-07 -1.10362880e-23
 -5.60164852e-23  1.14234720e-22 -9.95201674e-25 -3.01791677e-24
 -1.10361533e-23  9.94036145e-07 -9.93099834e-28  3.44427353e-27
  1.05013164e-25  8.65954704e-25 -5.60165283e-23 -9.93103933e-28
  9.94036145e-07  2.11631390e-27  5.91264071e-13  2.34060341e-12
  2.90339810e-14 -6.43057203e-21  9.15514232e-21  3.48900096e-02]
7.011080980300903,base_link,3.0810014596987845,-3.9767102231016906,-1.7556020596320245e-22,-3.681682870707533e-23,-1.8912096618127181e-23,0.9433375697655861,0.33183464175513355,[ 2.37831798e-03 -6.77992946e-04 -8.73879411e-04 -9.17001108e-04
  1.35750719e-03  8.75774568e-04 -9.45182666e-04  1.00415762e-03
  1.75116210e-03 -3.35753999e-04  4.97040682e-04  3.20789195e-04
  2.28301849e-22 -8.89384595e-21  9.99576777e-07 -2.02495367e-15
 -9.56580581e-15  1.51873781e-23  4.54221418e-20  2.96990927e-20
 -2.02495366e-15  9.99154270e-07 -4.57626356e-20  3.89882404e-24
  8.68208771e-21  5.77041195e-21 -9.56580584e-15 -4.57643648e-20
  9.99154270e-07 -4.11883852e-24 -4.10886005e-18 -1.26880059e-18
 -2.94232178e-18  3.63449425e-18 -5.38038535e-18  9.99999582e-10],0.6697015861682054,-0.1400700532770764,-5.8893074817122875e-21,-4.374627754660714e-26,9.434580886343184e-27,-0.10644454446935343,[ 6.28040682e-02  4.79261391e-04  5.96279887e-06  1.91485251e-11
 -2.79552754e-11 -3.06194109e-04  2.76913866e-04  3.59544158e-02
  4.43034920e-04  3.72190344e-11 -5.49774184e-11 -3.11734881e-04
 -3.66765266e-19 -2.72134745e-17  9.99365433e-07 -4.96262569e-24
 -2.34458817e-23  3.72743013e-22 -3.97434435e-25 -7.75481824e-25
 -4.96247918e-24  9.97471326e-07 -4.42322956e-28  1.71131592e-27
  4.81444966e-25  9.49965235e-25 -2.34460204e-23 -4.42323475e-28
  9.97471326e-07 -3.07386532e-28  5.94696980e-13  2.33336267e-12
  2.89734299e-14 -5.52253108e-22  7.90098002e-22  3.48965128e-02]
7.081252813339233,base_link,3.0218147532800734,-3.9235886477737747,-1.6202590651644149e-22,9.20518461018922e-23,1.9260666726871276e-24,0.9457040105742396,0.3250291131326525,[ 2.17862487e-03 -6.01215443e-04 -8.71197953e-04 -7.34002428e-04
  1.01756707e-03  6.40440439e-04 -8.73833149e-04  7.89707640e-04
  1.35665523e-03 -2.99992449e-04  4.15899145e-04  2.62099572e-04
  3.14990377e-21 -1.95876369e-20  9.99110018e-07 -3.99626100e-15
 -1.94590848e-14 -7.25304094e-23 -5.66982679e-20 -8.50209321e-20
 -3.99626111e-15  9.98223195e-07 -8.74156245e-20 -2.45505241e-23
  6.20451634e-20  8.80914265e-20 -1.94590846e-14 -8.74552239e-20
  9.98223195e-07  6.86788599e-23 -4.29954069e-18 -1.85377521e-18
 -3.90778591e-18  4.76715076e-18 -6.60918865e-18  9.99999114e-10],0.6601344868797112,-0.13663457175134092,3.35534306687859e-21,-2.9944174426505127e-26,4.9096482903706193e-26,-0.0872990405214655,[ 6.24353893e-02  5.04777767e-04  6.27191163e-06 -4.41089369e-12
  3.75590056e-12 -2.12411590e-04  2.95771286e-04  3.58920097e-02
  4.42024675e-04  4.66810324e-11 -6.58217824e-11 -2.41087903e-04
  4.15046144e-19  2.92734587e-17  9.98666212e-07 -9.78066978e-24
 -4.76266789e-23  1.04232822e-23 -3.55429169e-26  3.03730381e-25
 -9.78049884e-24  9.94707112e-07 -8.43431803e-28  6.74074143e-27
  4.60442333e-26 -6.20385459e-25 -4.76269683e-23 -8.43430516e-28
  9.94707112e-07 -1.14028134e-26  6.21492224e-13  2.42630568e-12
  3.01129603e-14 -5.49916529e-21  7.72085361e-21  3.48953778e-02]
7.112226724624634,base_link,2.9796584297935955,-3.89624215061576,-3.9367178004650626e-22,-1.626096263005326e-22,-5.432782588733031e-22,0.9478861146210827,0.3186093434106218,[ 2.00328998e-03 -6.02855504e-04 -7.91248743e-04 -8.41881652e-04
  9.54393465e-04  6.72979359e-04 -8.44090450e-04  7.25796600e-04
  1.29658660e-03 -3.91761016e-04  4.44099849e-04  3.13562296e-04
  2.21022660e-21 -1.79994501e-20  9.98789737e-07 -5.31383675e-15
 -2.63807533e-14  1.93831152e-23 -9.09501627e-20 -9.78323054e-20
 -5.31383666e-15  9.97585310e-07 -1.15732776e-19  6.81012215e-23
  1.25572634e-19  1.41030986e-19 -2.63807533e-14 -1.15832166e-19
  9.97585310e-07  2.48689562e-24 -4.27213164e-18 -2.18138922e-18
 -5.36071263e-18  7.18479303e-18 -8.14426796e-18  9.99998791e-10],0.673294060348258,-0.13061915982306932,-4.244640332683759e-20,-7.861601490027252e-26,2.689356884717449e-26,-0.0753376187411707,[ 6.22630878e-02  4.49007377e-04  5.56921084e-06  1.25314481e-11
 -1.06796984e-11 -2.12986970e-04  2.64195725e-04  3.58415246e-02
  4.41243821e-04  8.37706068e-11 -9.31092442e-11 -2.67657642e-04
 -8.13151629e-20 -6.50521303e-18  9.98186796e-07 -1.28800123e-23
 -6.39391240e-23  1.30671305e-21  5.21834644e-25  3.54136700e-24
 -1.28789248e-23  9.92824964e-07 -1.09982726e-27  2.76612032e-27
 -4.47517636e-25 -3.92910791e-24 -6.39403327e-23 -1.09982902e-27
  9.92824964e-07 -1.01761521e-27  6.37192501e-13  2.43129128e-12
  3.01605374e-14 -2.14947388e-21  2.23606232e-21  3.48919541e-02]
7.172465801239014,base_link,2.9395848563551246,-3.84033127972148,-5.211319170432972e-22,-1.1598710084155945e-21,-4.014734531119142e-22,0.9425443379982235,0.3340810843305718,[ 2.23557052e-03 -7.18940907e-04 -8.62837466e-04 -9.65080667e-04
  9.79611640e-04  7.05212623e-04 -9.47385668e-04  7.95337922e-04
  1.50056271e-03 -5.03939456e-04  5.11545871e-04  3.68679357e-04
  1.02570396e-20 -1.66653732e-19  9.99016490e-07 -4.76098737e-15
 -2.16269533e-14  4.95923005e-23 -7.51741741e-21 -1.16467030e-20
 -4.76098713e-15  9.98036836e-07 -1.04484308e-19  1.50247528e-22
  9.63499978e-21  1.40819227e-20 -2.16269536e-14 -1.04433031e-19
  9.98036836e-07 -1.90095309e-22 -4.73436245e-18 -1.72515475e-18
 -5.67375167e-18  8.15729426e-18 -8.28080966e-18  9.99999018e-10],0.6610805969647247,-0.13933463309604271,-9.598528633445762e-22,-5.911854339638599e-26,6.442380075490625e-26,-0.0872037667728827,[ 6.26231872e-02  4.71700914e-04  5.85114797e-06 -1.53667692e-11
  1.21048879e-11 -2.05883934e-04  2.95764767e-04  3.58456969e-02
  4.41536337e-04  7.56557244e-11 -7.86012167e-11 -2.90686581e-04
 -5.33630757e-19 -4.02239006e-17  9.98526182e-07 -1.15549999e-23
 -5.24903910e-23  2.88280376e-22 -7.43170082e-26  3.48966821e-25
 -1.15547088e-23  9.94156193e-07 -9.95888560e-28  4.49309646e-27
  4.94369663e-25 -3.12777669e-24 -5.24906746e-23 -9.95888827e-28
  9.94156193e-07 -4.09636944e-27  6.43664267e-13  2.41253198e-12
  2.99398328e-14  1.82286117e-21 -1.60865276e-21  3.48897403e-02]
7.2227253913879395,base_link,2.899751590275889,-3.816874100010613,-2.123060269607559e-22,2.3646323410815882e-22,-4.034020275761371e-22,0.9445345617007262,0.3284120304629795,[ 2.60190578e-03 -8.74446063e-04 -1.03043515e-03 -1.22004764e-03
  1.16449025e-03  8.39929075e-04 -1.11186800e-03  8.89326786e-04
  1.50311836e-03 -6.61829857e-04  6.31677968e-04  4.56008579e-04
 -1.13687703e-20  1.13608294e-19  9.99272175e-07 -3.18934757e-15
 -1.54972483e-14  2.91017804e-23 -8.86208221e-20 -1.07573184e-19
 -3.18934749e-15  9.98546464e-07 -6.78395590e-20  5.04996097e-23
  7.62329653e-21  9.42324154e-21 -1.54972483e-14 -6.79956954e-20
  9.98546464e-07  5.94744461e-23 -4.04732122e-18 -1.15471456e-18
 -3.56764260e-18  7.73007805e-18 -7.37774219e-18  9.99999275e-10],0.6429922574516436,-0.12988950976348526,1.021777882939159e-20,-1.5015071850009566e-25,1.3964976045526505e-25,-0.07368110365703862,[ 6.31200418e-02  5.65295108e-04  7.02038805e-06  1.42150789e-12
  7.87719538e-13 -2.28951622e-04  3.81304882e-04  3.58694196e-02
  4.42061561e-04  9.04123514e-11 -8.53671901e-11 -3.49821409e-04
 -1.18245799e-18 -7.44846892e-17  9.98909055e-07 -7.82261213e-24
 -3.80129212e-23 -3.05465610e-22 -1.11071615e-26 -4.65289095e-25
 -7.82264039e-24  9.95664535e-07 -6.57774121e-28  7.26584200e-27
  2.17094521e-26 -1.74483410e-24 -3.80128894e-23 -6.57774241e-28
  9.95664535e-07 -6.78679268e-27  6.39693485e-13  2.41028031e-12
  2.99264025e-14 -1.13903051e-20  1.09089799e-20  3.48900341e-02]
7.267021656036377,base_link,2.8669137451401365,-3.782919279485522,6.331606362047236e-23,-1.3196400923623016e-22,-5.218859433726564e-22,0.9455580589084641,0.32545346400562025,[ 2.59941022e-03 -8.98847421e-04 -1.05378247e-03 -1.18078519e-03
  1.12892058e-03  8.21949697e-04 -1.12082756e-03  8.93896050e-04
  1.50652980e-03 -5.90829980e-04  5.64883961e-04  4.11763134e-04
  1.10378981e-20 -1.03232140e-19  9.99142358e-07 -3.60668582e-15
 -1.78779136e-14  2.56083106e-23 -3.03873070e-20 -4.89161527e-20
 -3.60668597e-15  9.98287650e-07 -7.54889912e-20 -2.23313478e-22
 -1.43995601e-20 -2.26581313e-20 -1.78779137e-14 -7.51562724e-20
  9.98287650e-07 -1.86847631e-23 -4.29434082e-18 -1.43030307e-18
 -4.16320779e-18  7.93352799e-18 -7.58521550e-18  9.99999145e-10],0.6358977331994231,-0.13032700534926492,8.797057967395933e-21,1.4244836970305878e-25,-3.6243307451216575e-26,-0.06519554388296753,[ 6.31218163e-02  5.51208854e-04  6.84435256e-06 -1.27746297e-11
  1.12804416e-11 -2.42389755e-04  3.78574245e-04  3.58605385e-02
  4.41926003e-04  8.34672016e-11 -8.02612474e-11 -3.32584582e-04
 -6.31886579e-19 -4.08202118e-17  9.98714637e-07 -8.82308999e-24
 -4.37307746e-23  1.27549157e-21  5.04063186e-25 -3.34749654e-24
 -8.82184827e-24  9.94897800e-07 -7.24924668e-28  1.73324777e-26
 -5.65455497e-26  4.39439700e-25 -4.37317288e-23 -7.24933634e-28
  9.94897800e-07 -4.37658911e-27  6.43875632e-13  2.42733958e-12
  3.01346186e-14 -7.04088833e-21  6.76035688e-21  3.48888498e-02]
7.286927938461304,base_link,2.841283941598999,-3.7675164406450623,4.0102337421312663e-22,-8.223722010549151e-23,6.762619335784247e-22,0.9490922513214238,0.31499825155329236,[ 2.51217284e-03 -8.30623095e-04 -9.79131192e-04 -1.04584290e-03
  1.01352586e-03  6.94680487e-04 -1.04563214e-03  7.92540662e-04
  1.43623194e-03 -5.21490132e-04  5.05385560e-04  3.46806392e-04
  4.55941954e-21 -7.19978005e-20  9.99164137e-07 -3.59014045e-15
 -1.74592038e-14 -2.14578071e-23  1.57759886e-20  2.50933511e-20
 -3.59014054e-15  9.98331060e-07 -7.50522287e-20 -4.29406148e-23
 -4.91279109e-20 -7.59153279e-20 -1.74592038e-14 -7.49595292e-20
  9.98331060e-07 -2.01109522e-23 -3.87449166e-18 -1.11678668e-18
 -4.04944415e-18  7.00697507e-18 -6.79071823e-18  9.99999168e-10],0.6425878869573431,-0.12584727880445648,-2.0784522119369057e-20,-4.193453280333995e-25,-1.9552104059985686e-26,-0.05047849469920544,[ 6.29156990e-02  5.65334223e-04  7.01852660e-06 -1.16976408e-11
  9.74128334e-12 -2.05423303e-04  3.97759490e-04  3.58449817e-02
  4.41778900e-04  7.56821606e-11 -7.40547532e-11 -2.81124434e-04
 -6.65767897e-19 -4.18502039e-17  9.98747250e-07 -8.76264103e-24
 -4.26132425e-23  4.24798328e-22  3.36042124e-25 -2.17134911e-24
 -8.76212659e-24  9.95026267e-07 -7.20201584e-28  8.55306439e-27
  2.27797786e-25 -1.71898471e-24 -4.26135290e-23 -7.20208172e-28
  9.95026267e-07  3.77471512e-28  6.47057928e-13  2.42703080e-12
  3.01325663e-14 -1.62184524e-21  1.65430173e-21  3.48877538e-02]
7.380561590194702,base_link,2.749656098847094,-3.679987106553014,-3.231676465529189e-22,-7.12187684421507e-24,1.0168636983224009e-24,0.9479124545609093,0.31853096943360476,[ 2.85952428e-03 -9.06273548e-04 -1.13820151e-03 -1.16775692e-03
  1.02589263e-03  7.55654168e-04 -1.24052207e-03  8.16712364e-04
  1.69444403e-03 -6.13106476e-04  5.38616462e-04  3.97034175e-04
  2.79090739e-21 -1.25996151e-19  9.99407451e-07 -2.49487312e-15
 -1.26068585e-14 -4.24783433e-24 -7.81387894e-20 -9.32795033e-20
 -2.49487308e-15  9.98816303e-07 -5.30416742e-20  2.83630596e-23
 -5.84452734e-20 -7.13625258e-20 -1.26068585e-14 -5.31382227e-20
  9.98816303e-07  3.76533291e-23 -3.93626902e-18 -7.04258989e-19
 -3.88109629e-18  6.47100491e-18 -5.68473579e-18  9.99999412e-10],0.6563742596518324,-0.12702502681256675,-6.543710222681455e-21,1.2507122198118298e-27,-2.016428855720436e-27,-0.0466315055194039,[ 6.33627333e-02  6.78123906e-04  8.44713080e-06  4.83697151e-12
 -3.22040441e-12 -2.13696042e-04  4.21115197e-04  3.58589888e-02
  4.42125986e-04  7.41396491e-11 -6.47847018e-11 -3.07895487e-04
 -8.75832067e-19 -4.58617519e-17  9.99111701e-07 -6.10726295e-24
 -3.08601867e-23  5.93953343e-22  8.07793567e-28  6.46234854e-26
 -6.10713216e-24  9.96465580e-07 -5.12108141e-28 -5.50322334e-27
 -2.94844652e-26 -5.29912580e-25 -3.08605296e-23 -5.12104151e-28
  9.96465580e-07 -2.44172879e-27  6.54466607e-13  2.46751924e-12
  3.06582621e-14  2.11028147e-21 -1.98920285e-21  3.48990785e-02]
7.424070119857788,base_link,2.6833135978324747,-3.6520175862091984,-4.6079275780845885e-21,-3.0737377082786986e-21,2.7021515498359165e-21,0.9602877321529736,0.27901159738709574,[ 2.75151743e-03 -8.06249924e-04 -1.08029007e-03 -1.01291060e-03
  8.91503492e-04  6.60652821e-04 -1.14326364e-03  7.66681157e-04
  1.53907298e-03 -5.48696797e-04  4.82938286e-04  3.58316222e-04
  5.76379451e-21 -8.53385694e-20  9.99090327e-07 -3.71691485e-15
 -1.97528682e-14  5.38216970e-23 -6.47980205e-20 -1.10114283e-19
 -3.71691482e-15  9.98183956e-07 -8.07615477e-20 -3.81199009e-23
  8.36445035e-21  1.37642854e-20 -1.97528684e-14 -8.05859491e-20
  9.98183956e-07 -8.12817830e-23 -3.99384306e-18 -1.64836132e-18
 -5.51200479e-18  7.89380030e-18 -6.94789871e-18  9.99999093e-10],0.6748935709923378,-0.11039187535757297,3.403942282899296e-21,-5.182088132494154e-25,4.278763116024553e-25,0.0038594143147452215,[ 6.31578395e-02  6.65033236e-04  8.27210761e-06 -1.09307556e-11
  8.35228336e-12 -1.91412887e-04  4.06368636e-04  3.58649492e-02
  4.42047383e-04  8.08720966e-11 -7.17932982e-11 -2.75133067e-04
 -1.15365887e-18 -6.16911036e-17  9.98636729e-07 -9.08588088e-24
 -4.82859446e-23  4.62697213e-24 -8.72417052e-26  6.33310156e-25
 -9.08581082e-24  9.94591052e-07 -7.77429688e-28  3.32748345e-27
 -3.86125325e-25  3.29579775e-24 -4.82860007e-23 -7.77429817e-28
  9.94591052e-07 -2.72606607e-27  6.64362825e-13  2.49994817e-12
  3.10491293e-14 -6.26123721e-21  5.57488079e-21  3.48973771e-02]
7.468700170516968,base_link,2.6257605358557106,-3.595512656112386,2.1276179883301896e-21,3.2237694976790706e-21,2.5328742935614765e-21,0.9677030465420956,0.2520928672397272,[ 2.81367356e-03 -8.11781323e-04 -1.10107372e-03 -1.05998996e-03
  8.48751886e-04  6.44182573e-04 -1.19327008e-03  6.98757005e-04
  1.56846693e-03 -6.42983377e-04  5.14785933e-04  3.91202389e-04
  2.77932686e-22 -2.96461532e-21  9.99107500e-07 -3.54607350e-15
 -2.01747251e-14 -1.09244925e-22  2.35051643e-20  3.72694497e-20
 -3.54607401e-15  9.98218177e-07 -8.04773907e-20 -2.42929570e-22
  2.23404940e-20  4.24575265e-20 -2.01747247e-14 -8.04608167e-20
  9.98218177e-07  1.84370773e-22 -3.10607147e-18 -1.74750673e-18
 -6.78725409e-18  9.15212845e-18 -7.32640149e-18  9.99999110e-10],0.700718622357343,-0.11726191084639782,-3.511589523108301e-21,-5.379068984628033e-25,4.781582040844088e-25,0.0352096442615417,[ 6.32924435e-02  6.35113567e-04  7.89656499e-06  8.41407189e-12
  1.66495254e-12 -2.10240519e-04  3.41848470e-04  3.58147025e-02
  4.41497474e-04  9.91927447e-11 -7.59884539e-11 -2.79314227e-04
 -1.36372305e-18 -7.63278329e-17  9.98662442e-07 -8.67307587e-24
 -4.93428741e-23  1.17659563e-22 -2.76265400e-25 -3.24409896e-24
 -8.67271532e-24  9.94692261e-07 -7.72801685e-28  1.17003299e-26
 -2.10026327e-26  1.07274986e-24 -4.93431892e-23 -7.72801165e-28
  9.94692261e-07 -1.03937819e-26  6.74763468e-13  2.51220572e-12
  3.12042222e-14 -1.21275467e-20  9.73060430e-21  3.48960272e-02]
7.522082567214966,base_link,2.529207359738786,-3.545721085343464,-2.0127990348460056e-22,-2.333715594628668e-23,1.1914437006890651e-21,0.9822580273800599,0.18753444389613746,[ 2.78641382e-03 -6.17443419e-04 -1.07260594e-03 -7.48996080e-04
  6.63134210e-04  4.48894842e-04 -1.11152246e-03  5.70955832e-04
  1.47999823e-03 -5.17230244e-04  4.57957133e-04  3.10380853e-04
  1.57892235e-20 -1.61995051e-19  9.99045561e-07 -3.48419093e-15
 -2.26929431e-14 -4.72775785e-24 -2.20757962e-20 -4.63750539e-20
 -3.48419108e-15  9.98094754e-07 -8.29455197e-20 -7.08705291e-23
  1.32348898e-20  2.58345049e-20 -2.26929431e-14 -8.28162651e-20
  9.98094754e-07 -1.49335819e-23 -2.68152909e-18 -2.45108908e-18
 -8.48956573e-18  8.07326262e-18 -7.14846970e-18  9.99999048e-10],0.7443503475350361,-0.10932402856528976,-4.7551381845568443e-20,-2.6499942887020685e-25,-1.2524423173942561e-25,0.10675376674005572,[ 6.32015007e-02  6.02629967e-04  7.48326269e-06  1.18077780e-11
 -1.30079492e-11 -1.71423209e-04  2.21798196e-04  3.57879996e-02
  4.41221383e-04  7.60060670e-11 -6.83468654e-11 -2.03039251e-04
 -1.01135734e-18 -5.96311195e-17  9.98569704e-07 -8.49453787e-24
 -5.53190290e-23  6.17103098e-22 -4.20052655e-25 -2.72711108e-24
 -8.49384582e-24  9.94327350e-07 -7.94191862e-28  4.68633798e-27
  1.21169035e-25  6.33310156e-25 -5.53194570e-23 -7.94197926e-28
  9.94327350e-07  2.17040787e-27  6.83170371e-13  2.50495111e-12
  3.11120810e-14 -6.69432880e-21  5.92617163e-21  3.48915759e-02]
7.5830042362213135,base_link,2.4269680652091217,-3.5124328040212145,4.8806008560214036e-21,-3.758484482676386e-21,-1.5978407957723478e-21,0.9941422951532481,0.1080791237354929,[ 3.11703316e-03 -5.28826565e-04 -1.23698363e-03 -5.66366813e-04
  4.76576141e-04  3.11050809e-04 -1.21768456e-03  4.40711332e-04
  1.42268332e-03 -4.62593076e-04  3.89288674e-04  2.54539175e-04
  1.69935985e-20 -6.03510975e-20  9.99082687e-07 -3.19259418e-15
 -2.29152278e-14 -4.77562494e-23 -2.62050818e-21 -6.74449984e-20
 -3.19259419e-15  9.98168730e-07 -7.96970690e-20  3.71418555e-23
  9.23795308e-21  1.02067470e-19 -2.29152278e-14 -7.96323680e-20
  9.98168730e-07 -6.69311984e-23 -1.40080204e-18 -2.29233006e-18
 -9.37306379e-18  7.49003335e-18 -6.30370113e-18  9.99999086e-10],0.7715680104957237,-0.09770203068905212,1.7186034360805208e-20,-5.834358722253932e-25,2.39978388173481e-25,0.1874823994487882,[ 6.36397230e-02  5.55555336e-04  6.90025437e-06 -1.32274255e-11
  7.48979981e-12 -1.40778431e-04  2.46660784e-05  3.57303619e-02
  4.40621212e-04  5.98847717e-11 -5.13342936e-11 -1.47635580e-04
 -7.23366137e-19 -4.61870125e-17  9.98625289e-07 -7.80840957e-24
 -5.60423665e-23 -7.31354018e-23  5.33143754e-25 -2.40399366e-24
 -7.80838168e-24  9.94546039e-07 -7.68932986e-28  3.17911759e-27
 -1.98717217e-25  1.35063084e-24 -5.60423436e-23 -7.68934514e-28
  9.94546039e-07 -1.31840898e-27  6.86415714e-13  2.51541496e-12
  3.12460228e-14 -1.38489578e-20  1.14589946e-20  3.48891711e-02]
7.635205268859863,base_link,2.3552418513750255,-3.476669469593285,2.950356316142827e-22,1.0638215951497604e-21,-3.3446566618870567e-22,0.998280654759543,0.058615137403730574,[ 2.83408855e-03 -2.13948917e-04 -1.05304900e-03 -2.07185790e-04
  4.01260983e-04  1.23519096e-04 -1.00753166e-03  2.23258143e-04
  1.19888438e-03 -1.60560326e-04  3.11189074e-04  9.59991549e-05
  8.25857124e-21 -3.51518673e-20  9.98869895e-07 -3.81883417e-15
 -2.89108236e-14  4.33112117e-24  1.86611946e-21 -1.41878019e-20
 -3.81883421e-15  9.97744881e-07 -9.77188443e-20 -7.21894292e-24
  6.08804931e-22  3.28225267e-21 -2.89108238e-14 -9.76439977e-20
  9.97744881e-07 -3.08697641e-23  1.15548136e-19 -2.06463803e-18
 -1.14270398e-17  3.23831437e-18 -6.28059564e-18  9.99998875e-10],0.7743488547876102,-0.10581580326475508,1.7967282814838893e-20,-5.343189234586062e-26,2.7109131734739466e-26,0.2278310130499206,[ 6.31865235e-02  4.13227826e-04  5.12831124e-06 -6.10915955e-12
 -1.42225338e-11 -7.51558736e-05 -2.01938208e-04  3.56931686e-02
  4.40113442e-04  2.67326974e-11 -5.52023680e-11 -5.33162328e-05
 -6.19181084e-19 -5.31801166e-17  9.98306754e-07 -9.27491546e-24
 -7.02041986e-23  1.69249350e-22  1.45402842e-25 -6.36541331e-25
 -9.27471686e-24  9.93294904e-07 -9.30716265e-28 -4.11266774e-28
  1.87408108e-25  7.30245385e-25 -7.02045741e-23 -9.30715544e-28
  9.93294904e-07  1.99449676e-28  6.89626091e-13  2.52677393e-12
  3.13777968e-14 -1.33284171e-21  2.93256636e-21  3.48849660e-02]
7.667998313903809,base_link,2.3301633386732026,-3.4801287387752207,1.320795840623226e-21,-3.261364275788749e-22,-7.04099966984581e-23,-0.9999663644164982,0.008201831237661775,[ 2.61842522e-03 -1.92867319e-05 -9.34165734e-04 -1.77464732e-05
  3.21229283e-04  5.01757765e-06 -8.35805547e-04  3.88972285e-06
  1.41196372e-03 -1.60608072e-05  2.95072732e-04  4.62135546e-06
 -2.96461532e-21  1.24937360e-20  9.98965777e-07 -3.51714837e-15
 -2.59215554e-14 -1.60477005e-24  1.55112908e-20 -8.62914815e-21
 -3.51714841e-15  9.97935817e-07 -8.81640418e-20 -1.65668608e-25
  1.63450889e-21  5.70688448e-20 -2.59215551e-14 -8.81563025e-20
  9.97935817e-07  8.19893484e-25  3.83672217e-19  7.83682803e-20
 -1.53507542e-17  2.88094340e-19 -5.33743507e-18  9.99998973e-10],0.7489879836376343,-0.09970193228339419,-2.6797115411331095e-22,-1.2849646389177021e-26,6.341637332503752e-26,0.29227022798188373,[ 6.28703167e-02  3.41444742e-04  4.23634571e-06 -2.00507002e-11
 -4.18601016e-12 -8.13042433e-06 -2.99960375e-04  3.56281400e-02
  4.39433927e-04  4.16978270e-12 -5.49252875e-11 -3.14795903e-06
 -3.89635156e-20 -4.01154804e-18  9.98450265e-07 -8.54522544e-24
 -6.29666600e-23  1.94138669e-24 -6.68853073e-25  1.39748287e-25
 -8.54518982e-24  9.93857962e-07 -8.40133698e-28  9.32586559e-30
  5.08909947e-26  7.04395990e-25 -6.29668352e-23 -8.40133664e-28
  9.93857962e-07 -5.04312065e-29  6.82769813e-13  2.51606028e-12
  3.12496761e-14 -3.79188195e-22  2.98239831e-21  3.48820063e-02]
7.718866348266602,base_link,2.275980287521387,-3.4952116931920605,-4.526663181796495e-22,1.4048036183121755e-22,4.6078589038081536e-23,-0.9959767813503032,0.08961166782897406,[ 2.48937461e-03  4.77863068e-06 -6.65668024e-04  1.78759130e-06
  6.02354751e-04 -3.20156174e-05 -6.93798675e-04  7.43560921e-05
  1.16496271e-03  6.41002714e-07  2.29674432e-04 -1.22175626e-05
  6.36598199e-21 -8.84090639e-20  9.99374180e-07 -2.09753257e-15
 -1.51251233e-14 -7.23078880e-25  3.24254800e-21 -7.61006164e-22
 -2.09753257e-15  9.98749924e-07 -5.06914848e-20 -1.50424026e-25
  6.67038446e-21  5.55865372e-21 -1.51251233e-14 -5.06943372e-20
  9.98749924e-07  5.14892441e-25  1.56694227e-18 -6.21666051e-19
 -8.49345746e-18 -7.56097418e-21 -2.89722637e-18  9.99999383e-10],0.731645382353048,-0.08606091546126345,-2.5978331570429962e-20,6.434359970571054e-27,7.284792602932476e-26,0.3612295863528245,[ 6.26113035e-02  4.81112511e-05  5.93619529e-07  6.71262588e-12
 -5.65779917e-11  1.48478103e-05 -5.09962381e-04  3.57114077e-02
  4.40792039e-04 -3.36742214e-13 -2.40581685e-11  5.14450616e-06
 -8.47032947e-22 -9.21571847e-19  9.99061856e-07 -5.14872332e-24
 -3.71173282e-23 -2.47666668e-23 -6.57543963e-25  3.30185620e-26
 -5.14874579e-24  9.96268377e-07 -4.91452921e-28  8.30312988e-30
  2.90805684e-24  1.23430857e-24 -3.71175696e-23 -4.91452916e-28
  9.96268377e-07  7.45098135e-29  6.87588204e-13  2.52226365e-12
  3.13504041e-14  3.27429979e-22  3.73469758e-21  3.48828614e-02]
7.783018112182617,base_link,2.2103104024259475,-3.547396187652341,9.607339400063023e-22,-1.2103348851223315e-22,-3.564267507946456e-23,-0.9836730347776992,0.17996488727313306,[ 2.08769320e-03  1.45156979e-04 -6.50921863e-04  1.75714980e-04
  5.43776356e-04 -1.56710943e-04 -5.12195196e-04  3.97444743e-04
  5.96327394e-04  6.36715817e-05  1.96867347e-04 -5.68377407e-05
  5.25160427e-20 -6.40039271e-20  9.99053907e-07 -2.51400751e-15
 -2.16787688e-14  1.37614778e-24  1.07202607e-20  7.17331027e-21
 -2.51400751e-15  9.98111383e-07 -5.76066113e-20  1.25993939e-25
  8.89384595e-21  2.00640929e-20 -2.16787688e-14 -5.76050767e-20
  9.98111383e-07 -9.80894164e-25  3.49998064e-18 -3.74616797e-18
 -5.08974588e-18 -6.86149162e-19 -2.12032239e-18  9.99999062e-10],0.722662564998861,-0.0559501197291863,-4.885074213580688e-20,-2.434009122457843e-26,4.411978064647609e-26,0.4285187410621512,[ 6.19951905e-02 -8.78018327e-05 -1.09320207e-06 -2.70120866e-11
 -4.05206381e-11  1.05973291e-04 -6.31749048e-04  3.59502435e-02
  4.43632361e-04 -5.35801745e-12 -1.93524133e-11  1.20788743e-05
  1.58818678e-19 -6.42389787e-17  9.98582200e-07 -6.12673965e-24
 -5.28139487e-23 -5.52653168e-23 -9.88739326e-25 -1.96293837e-25
 -6.12676579e-24  9.94376482e-07 -5.51804611e-28 -6.63030809e-29
 -1.89993047e-24 -9.14422318e-25 -5.28140630e-23 -5.51804761e-28
  9.94376482e-07  9.97549651e-29  6.91934696e-13  2.55865121e-12
  3.17918890e-14  7.37531264e-23 -9.91711308e-23  3.48814912e-02]
7.819356679916382,base_link,2.120776904803528,-3.6026565248474176,-6.532134505727278e-22,-2.588787644283915e-22,-5.284319608711957e-23,-0.9592506169838318,0.2825566382446854,[ 1.90815665e-03  1.63597138e-04 -5.07816185e-04  1.70600617e-04
  4.94091946e-04 -1.47722321e-04 -4.43482546e-04  3.42423238e-04
  3.71523564e-04  4.88780406e-05  1.41600668e-04 -4.24116853e-05
 -2.73962219e-20  3.73223892e-20  9.98891849e-07 -1.89643021e-15
 -2.72729917e-14 -1.03315869e-24  1.32348898e-21  4.31457408e-21
 -1.89643021e-15  9.97788593e-07 -4.66730405e-20 -2.05546849e-25
  1.77347523e-21  2.38228016e-21 -2.72729917e-14 -4.66710917e-20
  9.97788593e-07 -2.28937950e-24  4.52315320e-18 -3.30189438e-18
 -3.63172431e-18 -4.49130023e-19 -1.30173418e-18  9.99998899e-10],0.788215081631014,-0.03593286693104653,-5.3400742823095276e-20,-1.4435065740621924e-26,1.3107484600035422e-25,0.5242922802601793,[ 6.16349545e-02 -1.92515552e-04 -2.39240407e-06 -1.06484865e-11
 -4.50297930e-11  9.75815358e-05 -7.11678062e-04  3.59932184e-02
  4.44117847e-04 -3.89867606e-12 -9.47720124e-12 -1.55035249e-06
 -6.90331852e-20  1.29562160e-17  9.98339611e-07 -4.61699107e-24
 -6.63661543e-23 -5.31265887e-23 -1.89023695e-25 -6.86624532e-26
 -4.61705142e-24  9.93423767e-07 -4.46431063e-28 -3.88804850e-29
  3.55429169e-25  7.59325953e-26 -6.63663374e-23 -4.46431396e-28
  9.93423767e-07  3.36200810e-28  6.74714286e-13  2.55391888e-12
  3.17264978e-14  3.88117613e-22  8.93430980e-22  3.48793078e-02]
7.871594190597534,base_link,2.0061218051676923,-3.672381769075421,2.7348658737568924e-22,7.051347066754696e-22,-2.657489803726781e-22,-0.9278133307314641,0.37304480068349277,[ 1.96991814e-03  2.90424105e-04 -5.46813730e-04  3.19028659e-04
  6.37116338e-04 -1.77368997e-04 -4.54229790e-04  3.93222432e-04
  3.65969343e-04  7.54062804e-05  1.50593569e-04 -4.19690126e-05
  5.44218669e-20 -4.94984879e-20  9.99231097e-07 -9.81522374e-16
 -2.08020988e-14 -4.34999690e-25 -1.88464831e-20 -1.29437222e-20
 -9.81522368e-16  9.98464553e-07 -2.65738557e-20  5.42414891e-24
  2.01699721e-20  1.33407689e-20 -2.08020988e-14 -2.65646323e-20
  9.98464553e-07  5.69597657e-24  6.19258912e-18 -2.64031626e-18
 -3.42008918e-18 -1.24451988e-19 -2.48577529e-19  9.99999240e-10],0.858839785507326,-0.03156814441595994,1.3679219355886744e-20,5.608849199090517e-26,7.430565979298393e-26,0.5904044853439148,[ 6.14604728e-02 -2.31116079e-04 -2.87657872e-06 -2.71104750e-11
 -5.53693902e-11  1.10956665e-04 -8.74414109e-04  3.61490250e-02
  4.46336828e-04  1.88882376e-12  4.09346744e-12 -2.04783962e-05
  1.61783293e-19 -2.52077005e-17  9.98847530e-07 -2.41013077e-24
 -5.10369174e-23 -5.77838720e-24  2.90805684e-25 -1.97909424e-26
 -2.41011288e-24  9.95421713e-07 -2.57567708e-28  1.74189832e-28
 -2.00332805e-24  1.47826223e-25 -5.10368857e-23 -2.57567623e-28
  9.95421713e-07  2.22270495e-28  6.64437282e-13  2.56098615e-12
  3.18345988e-14  3.95918724e-22  7.42770440e-22  3.48811186e-02]
7.916109800338745,base_link,1.9114020708070676,-3.7433366208527916,3.2715083244493225e-22,-1.6297545852374854e-23,4.5375304250894485e-23,-0.9039948073605291,0.4275434343610014,[ 1.79812007e-03  2.62430374e-04 -5.80427725e-04  2.88564041e-04
  6.66879210e-04 -2.10075508e-04 -4.73362008e-04  4.31273344e-04
  3.91499456e-04  7.43334401e-05  1.71841030e-04 -5.41889906e-05
  2.77667988e-20 -2.41933786e-20  9.99056215e-07 -1.45238839e-15
 -2.73193869e-14 -3.51350699e-25  1.39231041e-20  1.24937360e-20
 -1.45238839e-15  9.98115983e-07 -4.20399191e-20 -6.06767900e-25
  5.66453283e-20  3.23990102e-20 -2.73193869e-14 -4.20419297e-20
  9.98115983e-07  6.43513714e-26  6.96550110e-18 -2.94313364e-18
 -4.32379064e-18 -8.89853474e-20 -2.06278799e-19  9.99999064e-10],0.9184428709407846,-0.03465745333711191,-4.0380690221304744e-20,3.527982469804929e-26,2.267531440467495e-25,0.6183130078524609,[ 6.10278356e-02 -1.94947235e-04 -2.42527048e-06 -2.50878836e-11
 -7.66684102e-11  1.26623287e-04 -8.49781325e-04  3.62657309e-02
  4.47724511e-04  1.43965874e-12  1.10190260e-11 -3.54492392e-05
  3.57024387e-19 -6.57568618e-17  9.98585655e-07 -3.55300788e-24
 -6.67850161e-23  2.30185384e-23 -9.95201674e-25  5.57377561e-26
 -3.55301796e-24  9.94390118e-07 -4.05320188e-28  1.30628271e-28
  5.04063186e-25 -7.27014210e-26 -6.67850388e-23 -4.05320565e-28
  9.94390118e-07  7.93190039e-28  6.50989055e-13  2.60192909e-12
  3.23391064e-14 -7.58014288e-23 -1.03918544e-21  3.48807337e-02]
7.96531343460083,base_link,1.829317496207016,-3.8020170729993423,3.1400025718189868e-22,-1.628645335561903e-22,-5.432177070955674e-23,-0.8436518741609014,0.5368905989350145,[ 1.69749226e-03  2.37440152e-04 -5.25886242e-04  2.59750461e-04
  6.66013305e-04 -2.07159459e-04 -4.33853391e-04  4.17312818e-04
  4.30920605e-04  6.37574050e-05  1.63470729e-04 -5.09030993e-05
  9.79381845e-21 -8.68208771e-21  9.99335636e-07 -1.28914719e-15
 -2.02650153e-14  2.53960906e-25 -1.62259749e-20 -1.23084475e-20
 -1.28914719e-15  9.98673034e-07 -3.93169125e-20 -1.82882115e-24
  3.62635981e-20  2.93814554e-20 -2.02650153e-14 -3.93116770e-20
  9.98673034e-07 -8.87063604e-24  7.36239621e-18 -1.38844127e-18
 -4.24402204e-18  4.52649320e-19  1.16059172e-18  9.99999344e-10],0.9394597581917578,-0.0488680159007247,-8.665713177088406e-21,1.4095780662727182e-26,7.403872703575193e-27,0.7130675773213343,[ 6.06863951e-02 -1.55310379e-04 -1.93259923e-06 -1.82754666e-11
 -4.53810798e-11  1.10991986e-04 -7.78934918e-04  3.63575816e-02
  4.49116314e-04  4.96653000e-12  1.18452099e-11 -5.00431516e-05
 -2.03287907e-20  4.98732999e-18  9.99004114e-07 -3.16497894e-24
 -4.97001388e-23  6.34534910e-23 -3.16655078e-25  8.56261181e-26
 -3.16495891e-24  9.96040059e-07 -3.81131077e-28  1.80202792e-28
 -8.01331218e-25  2.06795153e-25 -4.97000907e-23 -3.81130910e-28
  9.96040059e-07  1.01731114e-28  6.18473724e-13  2.64398919e-12
  3.28800776e-14 -6.12546195e-22 -1.47573398e-21  3.48811381e-02]
8.014418840408325,base_link,1.7448481357850956,-3.8935034538944584,1.3088501424197257e-23,5.229432547042927e-22,-1.07239175686587e-22,-0.7993653376470408,0.6008452853842098,[ 1.82247147e-03  2.27366574e-04 -4.75569763e-04  2.36239515e-04
  6.44515062e-04 -2.08242753e-04 -4.16180759e-04  4.32794594e-04
  4.19518380e-04  5.53932951e-05  1.51189632e-04 -4.88941569e-05
 -2.84285433e-20  3.06784746e-20  9.99370903e-07 -1.59962356e-15
 -1.95710175e-14  5.49795699e-25 -6.57112279e-21 -1.65039076e-20
 -1.59962356e-15  9.98743387e-07 -4.97786148e-20  4.74914561e-24
 -4.69573890e-20 -3.15784471e-20 -1.95710175e-14 -4.97680797e-20
  9.98743387e-07  3.65934899e-24  8.75235215e-18 -1.12222281e-18
 -3.71686937e-18  6.33023621e-19  1.72769185e-18  9.99999379e-10],0.9867588118249497,-0.06935554490791157,-6.993863657079435e-21,8.637362067661656e-26,4.5287868832484364e-26,0.7483461973106125,[ 6.05061242e-02 -9.34174750e-05 -1.16233538e-06 -8.21657945e-12
 -3.64164898e-11  9.15980273e-05 -7.10656052e-04  3.65112424e-02
  4.51113223e-04  1.32741978e-12  1.59219833e-11 -6.34088436e-05
 -4.17163727e-20  1.63714528e-17  9.99056947e-07 -3.92663401e-24
 -4.79935924e-23  4.75814392e-23  2.32644547e-25 -3.87740912e-26
 -3.92660991e-24  9.96248955e-07 -4.82177816e-28  3.01473695e-28
  7.88406521e-25 -3.42504472e-25 -4.79935549e-23 -4.82177567e-28
  9.96248955e-07  1.35789684e-28  5.98867378e-13  2.69933381e-12
  3.35749252e-14 -2.02223362e-22 -2.01552866e-21  3.48815811e-02]
8.066838502883911,base_link,1.668424096223631,-3.9367807001433195,-1.9669906105587182e-21,6.358371401788888e-23,3.888801895516584e-23,-0.7783244861825398,0.627862241426163,[ 1.62136037e-03  3.37991441e-04 -5.67270478e-04  3.85119666e-04
  6.36593153e-04 -1.72191589e-04 -4.35378985e-04  3.81289734e-04
  4.58500335e-04  9.24584213e-05  1.52763040e-04 -4.13790563e-05
 -1.05879118e-22  2.11758237e-22  9.99173306e-07 -2.97720560e-15
 -2.66935111e-14 -1.02188924e-23  2.05934885e-20  1.01379256e-20
 -2.97720562e-15  9.98349340e-07 -9.61285654e-20 -1.08599159e-24
  4.78573615e-20  3.97046694e-20 -2.66935111e-14 -9.61141702e-20
  9.98349340e-07 -8.23912156e-24  9.55490181e-18 -4.14208675e-19
 -4.61196210e-18  1.27197695e-18  2.10162093e-18  9.99999181e-10],0.9560034104760291,-0.1075143668517734,-9.215533068947102e-20,-5.2015224997335894e-27,-4.3340752419945166e-27,0.727518714742124,[ 6.02921740e-02  1.17160846e-04  1.46408294e-06 -3.18853578e-11
 -4.44216044e-11  5.97049717e-05 -6.17420301e-04  3.64898443e-02
  4.50757679e-04  2.04026723e-11  2.03109586e-11 -5.95061471e-05
 -1.54371755e-19 -4.64038530e-17  9.98760982e-07 -7.30353703e-24
 -6.54585831e-23 -3.48863171e-22  1.38940494e-24 -8.91804098e-25
 -7.30377888e-24  9.95080431e-07 -9.31375743e-28  1.69605908e-28
 -1.00812637e-24  4.62057920e-25 -6.54590218e-23 -9.31375583e-28
  9.95080431e-07  1.31575271e-28  6.01022026e-13  2.81571641e-12
  3.50211939e-14 -3.42891089e-21 -3.91825361e-21  3.48836868e-02]
8.130546808242798,base_link,1.6280572514840372,-4.001220656651077,1.2983052361000299e-22,-1.4460174255027835e-22,-6.60581950214176e-23,-0.7487868938245358,0.6628108234154022,[ 1.50179779e-03  2.48583397e-04 -5.37972845e-04  2.71965417e-04
  6.99582443e-04 -2.31406830e-04 -4.37653143e-04  4.34878741e-04
  4.85036645e-04  6.67550501e-05  1.71784356e-04 -5.68661484e-05
 -6.62273886e-20  6.18863447e-20  9.99313310e-07 -2.88537410e-15
 -2.08778868e-14  1.38580465e-24 -5.01602323e-21 -4.63221143e-21
 -2.88537410e-15  9.98628501e-07 -8.77212099e-20 -1.63227638e-24
 -3.35636805e-20 -1.67289007e-20 -2.08778868e-14 -8.77201824e-20
  9.98628501e-07 -5.07736557e-24  8.27033292e-18 -6.63422116e-20
 -4.13344648e-18  1.09500585e-18  2.81807533e-18  9.99999321e-10],0.9105802336691126,-0.12215114890138193,1.2033808186255438e-20,-2.1599479930518006e-26,-5.038143662400296e-26,0.7078266402561258,[ 6.02120109e-02  2.83659436e-04  3.53574767e-06 -1.28767916e-11
 -3.87095648e-11  6.23205419e-05 -3.90824396e-04  3.64817977e-02
  4.50835622e-04  7.82336793e-12  3.45645291e-11 -8.75888795e-05
 -1.09817822e-18 -1.40078921e-16  9.98970670e-07 -7.05695798e-24
 -5.10258581e-23  6.33189619e-23  1.43948814e-24 -8.72417052e-25
 -7.05694689e-24  9.95907866e-07 -8.44823764e-28 -2.22409414e-28
  2.11965032e-24 -1.89993047e-24 -5.10258324e-23 -8.44823770e-28
  9.95907866e-07 -4.88470625e-28  5.58839162e-13  2.89700555e-12
  3.60450967e-14 -2.02556244e-22 -2.45497472e-21  3.48818187e-02]
8.175443172454834,base_link,1.5830120540985162,-4.054849506591895,-2.710788406727676e-22,-3.072422411740024e-22,-3.4709910558372355e-22,-0.734459949975541,0.6786520329903432,[ 1.33195851e-03  2.60415094e-04 -3.30746548e-04  3.12158954e-04
  7.86814131e-04 -2.68053087e-04 -2.57456173e-04  4.51926693e-04
  3.90165002e-04  4.07949174e-05  1.02824226e-04 -3.50664948e-05
  1.31554805e-20 -1.84229666e-20  9.99032044e-07 -4.73613301e-15
 -2.80793150e-14  9.05847263e-25 -2.32934060e-21 -6.61744490e-22
 -4.73613301e-15  9.98067826e-07 -1.37393787e-19  1.20067163e-24
  2.86932411e-20  8.36445035e-21 -2.80793150e-14 -1.37375644e-19
  9.98067826e-07 -1.25825317e-23  8.49239617e-18 -3.55407559e-19
 -3.31345088e-18  1.55389526e-18  3.91657738e-18  9.99999038e-10],0.8934966827343801,-0.14502800092674628,2.498931190069165e-21,1.768836519735455e-26,1.9163271048549697e-25,0.6831421052018304,[ 6.02374654e-02  2.15918990e-04  2.69173811e-06 -1.18999457e-11
 -2.97290598e-11  4.15616559e-05 -3.23307700e-04  3.63926291e-02
  4.49589502e-04  1.84841829e-11  4.57251796e-11 -1.04995983e-04
 -3.77776694e-19 -6.30463563e-17  9.98549469e-07 -1.15794950e-23
 -6.86342318e-23 -1.52650726e-22  9.37040538e-26 -1.45402842e-25
 -1.15795665e-23  9.94247825e-07 -1.32377185e-27  1.33872379e-28
  1.39586728e-24 -2.14549971e-24 -6.86343551e-23 -1.32377249e-27
  9.94247825e-07  1.52175766e-27  5.69084168e-13  2.95594799e-12
  3.67672981e-14 -2.38934101e-21 -5.93860327e-21  3.48816256e-02]
8.223240375518799,base_link,1.5372517935019352,-4.125389185449495,-9.070027896784504e-23,-4.045647533230851e-22,-5.292524188915004e-22,-0.7464549049797958,0.6654360035582715,[ 1.45977599e-03  3.42979925e-04 -5.40208988e-04  3.90966281e-04
  7.38293939e-04 -2.20955976e-04 -3.95146315e-04  4.52969089e-04
  4.62234822e-04  9.88660654e-05  1.86690963e-04 -5.59500917e-05
 -3.25578289e-20  2.49874719e-20  9.99099031e-07 -5.19046470e-15
 -2.65896933e-14 -2.74754955e-24  1.86876644e-20  1.43201508e-20
 -5.19046470e-15  9.98201301e-07 -1.53191690e-19  2.59030614e-24
  6.76038171e-20  5.40512899e-20 -2.65896933e-14 -1.53159615e-19
  9.98201301e-07 -1.32741006e-23  9.19687333e-18 -4.32279418e-21
 -4.51029060e-18  1.63745679e-18  3.09202711e-18  9.99999106e-10],0.8885369679785216,-0.16773656278197646,5.187053205269519e-20,-3.9091120530382855e-26,2.757984889056551e-25,0.6124674543669885,[ 6.02062884e-02  3.45355365e-04  4.30516816e-06 -2.53668349e-11
 -4.77810558e-11  4.53392054e-05 -3.63572035e-04  3.64487171e-02
  4.50386224e-04  1.74510850e-11  3.16209934e-11 -8.57381288e-05
 -6.59838666e-19 -6.92263087e-17  9.98649762e-07 -1.27084214e-23
 -6.50877296e-23  3.23232897e-22  1.00166402e-24 -6.85008945e-25
 -1.27082118e-23  9.94642360e-07 -1.47939763e-27 -2.35256135e-28
  1.57681304e-24 -1.04690046e-24 -6.50872091e-23 -1.47939933e-27
  9.94642360e-07  1.63376639e-27  5.92246684e-13  2.98236436e-12
  3.71039712e-14 -2.35244828e-21 -4.33705547e-21  3.48822120e-02]
8.271522760391235,base_link,1.5264062428240281,-4.1864498786106115,8.355356693906872e-22,-4.308923709641836e-22,-2.751083416551705e-22,-0.7678845756477792,0.6405882284917745,[ 1.49715875e-03  2.27468161e-04 -4.50209653e-04  2.34825217e-04
  6.64689401e-04 -2.21873616e-04 -3.85582214e-04  4.25144110e-04
  5.83008091e-04  5.43874461e-05  1.54032933e-04 -5.14904291e-05
 -1.30760711e-20  2.53580489e-20  9.99138339e-07 -5.11531668e-15
 -2.45961927e-14 -6.53866990e-24  3.40798412e-22  4.40721830e-21
 -5.11531668e-15  9.98279642e-07 -1.46013058e-19 -1.51134851e-24
  2.52521697e-20  2.25522522e-20 -2.45961927e-14 -1.46003876e-19
  9.98279642e-07 -1.29842690e-23  8.24751803e-18 -5.90828952e-19
 -4.53588771e-18  8.66508272e-19  2.45431014e-18  9.99999146e-10],0.8694290304592202,-0.16458898489346577,3.1693654166666496e-21,3.8938220752262495e-26,5.307888276846218e-26,0.5297443426993586,[ 6.01409492e-02  3.12377233e-04  3.89497428e-06 -1.38852351e-11
 -4.09821438e-11  4.54572317e-05 -2.84954906e-04  3.64601016e-02
  4.50605699e-04 -1.21806260e-14  2.07389811e-11 -8.43486677e-05
 -6.31886579e-19 -7.31294365e-17  9.98708620e-07 -1.25300490e-23
 -6.02371349e-23  5.05962195e-23  4.52364397e-26 -1.19433541e-27
 -1.25300143e-23  9.94874113e-07 -1.41124373e-27  2.63861887e-28
  5.81611368e-26 -3.23117427e-26 -6.02370573e-23 -1.41124358e-27
  9.94874113e-07  3.98277417e-28  6.13228842e-13  3.01398489e-12
  3.75044956e-14 -3.63538787e-22 -2.73903814e-21  3.48827621e-02]
8.326145887374878,base_link,1.4883050871953825,-4.279056212077085,2.7965185360015463e-22,-1.46644090995e-21,-1.3701021084847375e-21,-0.7901153140233421,0.6129582290383216,[ 1.34576386e-03  2.75183338e-04 -6.28180149e-04  3.30754814e-04
  6.07033237e-04 -2.27499010e-04 -4.34742688e-04  4.80834602e-04
  5.67916590e-04  1.10235236e-04  2.02273730e-04 -7.59181231e-05
 -2.59403840e-21  2.01170325e-21  9.98953327e-07 -5.81129417e-15
 -2.98757463e-14  2.04905056e-24  5.02925812e-21  4.36751363e-21
 -5.81129417e-15  9.97911021e-07 -1.65881006e-19  2.03554049e-24
 -4.76456033e-22 -5.29395592e-22 -2.98757462e-14 -1.65847024e-19
  9.97911021e-07 -1.96921789e-23  9.39376310e-18 -1.17313112e-18
 -6.34614544e-18  1.13062947e-18  2.07459131e-18  9.99998960e-10],0.8819642190944841,-0.1729525537065204,2.339463336272167e-20,-8.725652123739217e-26,2.431312112020349e-25,0.4449545151155633,[ 6.02033449e-02  3.27868853e-04  4.08338422e-06 -3.21256235e-11
 -5.68843906e-11  7.10345810e-05 -3.46257351e-04  3.63752246e-02
  4.49502662e-04  1.47357331e-11  1.87669199e-11 -8.31415624e-05
 -6.22569216e-19 -6.85757874e-17  9.98431629e-07 -1.41128969e-23
 -7.25355382e-23  1.11813164e-22 -7.30245385e-25  3.36042124e-25
 -1.41128457e-23  9.93784783e-07 -1.57958150e-27 -2.78967211e-28
  2.58493941e-26 -9.69352280e-27 -7.25354019e-23 -1.57958241e-27
  9.93784783e-07  6.94348388e-28  6.31645886e-13  3.04241007e-12
  3.78506771e-14 -5.72395402e-22 -3.20608938e-22  3.48794080e-02]
8.36853837966919,base_link,1.4611084868240816,-4.322428952474452,3.400861108805624e-22,7.334683844455951e-23,2.0815120249898279e-22,-0.8273315332372855,0.5617139255094558,[ 1.63391832e-03  3.01261462e-04 -6.74806225e-04  3.42685348e-04
  6.36427646e-04 -2.69345399e-04 -4.99382630e-04  5.66111681e-04
  6.97586309e-04  1.11460884e-04  2.07019042e-04 -8.77038156e-05
 -3.19225542e-20  3.19225542e-20  9.99201214e-07 -4.88386049e-15
 -2.29116459e-14  5.89162104e-24  6.00863997e-21  6.43215644e-21
 -4.88386049e-15  9.98404973e-07 -1.40075618e-19 -3.76470320e-24
  3.54695047e-21  3.28225267e-21 -2.29116459e-14 -1.40090972e-19
  9.98404973e-07  5.09960863e-24  8.60050619e-18 -1.54321379e-18
 -6.20065717e-18  7.77454766e-19  1.44396207e-18  9.99999209e-10],0.8596215190277492,-0.1776242111148939,2.480518649721685e-20,1.4943507294050646e-26,-2.734686241854037e-26,0.3442378920061936,[ 6.03283762e-02  2.86845490e-04  3.57442974e-06 -2.67238501e-11
 -5.06866302e-11  9.46313023e-05 -4.49557323e-04  3.64930034e-02
  4.51204181e-04  6.69231656e-12  1.57783498e-11 -9.19466154e-05
 -3.03661312e-19 -3.85433872e-17  9.98802775e-07 -1.19428512e-23
 -5.60167647e-23  1.88647749e-22  1.54450130e-24 -3.86125325e-25
 -1.19427773e-23  9.95245159e-07 -1.34960946e-27  1.25040487e-28
  6.00998414e-25 -1.90639282e-25 -5.60166418e-23 -1.34960922e-27
  9.95245159e-07 -2.28047673e-28  6.46019642e-13  3.02839698e-12
  3.76926168e-14 -2.43530514e-22 -6.64695765e-22  3.48781769e-02]
8.41874384880066,base_link,1.431155429498341,-4.355760865511894,3.136337383338067e-22,1.8867110199297614e-22,1.4094456645517926e-22,-0.8560687275662244,0.5168620064225512,[ 1.80021772e-03  3.48261558e-04 -9.08282044e-04  4.14627841e-04
  7.16101226e-04 -2.85786638e-04 -6.27956877e-04  6.15205019e-04
  9.17297955e-04  1.47988485e-04  2.55553178e-04 -1.02077007e-04
  1.19643404e-20 -1.10114283e-20  9.99309173e-07 -4.13879546e-15
 -1.86355736e-14  2.37421632e-24  1.55642304e-20  1.13820052e-20
 -4.13879546e-15  9.98620251e-07 -1.11646382e-19 -3.66996280e-25
  3.24519498e-20  2.96990927e-20 -1.86355736e-14 -1.11652675e-19
  9.98620251e-07  3.70969854e-24  8.90553845e-18 -2.24175996e-18
 -7.07032981e-18  4.98264250e-19  8.60527036e-19  9.99999317e-10],0.8185000148158958,-0.18212897840845751,2.0740864786690688e-20,5.906003917688013e-26,1.0508976288806396e-25,0.2566247143350401,[ 6.04304218e-02  2.78376509e-04  3.47024052e-06 -3.51893232e-11
 -5.80520949e-11  1.20691544e-04 -5.88517170e-04  3.65476608e-02
  4.52022012e-04  1.30019012e-11  1.63288300e-11 -8.93183167e-05
 -1.79147468e-19 -2.33645568e-17  9.98964473e-07 -1.01548659e-23
 -4.57171906e-23  7.81317943e-23 -1.53803895e-24  5.70302258e-25
 -1.01548338e-23  9.95883410e-07 -1.08178501e-27  2.72188883e-28
 -9.30578189e-25  2.64956290e-25 -4.57171324e-23 -1.08178500e-27
  9.95883410e-07  4.83241035e-28  6.93420175e-13  3.03550240e-12
  3.77910747e-14 -7.14230893e-22 -8.13050095e-22  3.48790237e-02]
8.477424383163452,base_link,1.386094457902371,-4.379971788544544,5.030972474862182e-24,-4.734991933224415e-22,1.38295726508084e-22,-0.8799360795945668,0.4750920919440191,[ 2.09426438e-03  4.64071927e-04 -1.08060406e-03  5.39811553e-04
  6.97110016e-04 -4.28276266e-04 -7.63616757e-04  8.41286412e-04
  9.09036268e-04  1.87004778e-04  2.41491132e-04 -1.48482083e-04
 -4.22987078e-20  3.11284608e-20  9.99409897e-07 -3.80107547e-15
 -1.53053524e-14 -9.71423504e-25  3.11284608e-20  3.17902053e-20
 -3.80107548e-15  9.98821184e-07 -9.85695245e-20 -1.11436115e-23
  3.61047794e-20  3.92811529e-20 -1.53053524e-14 -9.85724925e-20
  9.98821184e-07 -1.20326684e-23  7.23454356e-18 -2.42303215e-18
 -6.08807299e-18  3.05714562e-19  3.94807089e-19  9.99999418e-10],0.7661274153679879,-0.19457732165718666,-2.568124192956871e-20,3.457658006461346e-26,4.2071356714638427e-26,0.1782123367991667,[ 6.08194523e-02  2.78601889e-04  3.47414525e-06 -3.56765804e-11
 -4.53996361e-11  1.99530828e-04 -7.67510850e-04  3.66468430e-02
  4.53380671e-04  6.50709837e-12  7.36795446e-12 -1.21223806e-04
  1.02067470e-19  1.34983170e-17  9.99115366e-07 -9.35116567e-24
 -3.76495597e-23 -1.24765881e-22 -1.03397577e-25  1.69636649e-26
 -9.35118595e-24  9.96480110e-07 -9.59563977e-28  3.21003454e-28
 -3.94203261e-25  6.46234854e-26 -3.76495879e-23 -9.59563980e-28
  9.96480110e-07  4.19031338e-28  7.67937905e-13  3.06596068e-12
  3.81839140e-14 -7.50205575e-23 -1.21385903e-23  3.48827476e-02]
8.504582643508911,base_link,1.373410273175015,-4.371089507810981,2.3040707144795e-22,9.174147091120334e-23,-1.6076761074495348e-23,-0.8906898739205923,0.4546114258301472,[ 2.02119298e-03  4.83034732e-04 -1.04698916e-03  5.58484811e-04
  7.84481660e-04 -3.92850395e-04 -7.62564217e-04  7.75671389e-04
  9.49042026e-04  1.78422365e-04  2.50640025e-04 -1.25601814e-04
  6.51156578e-21 -5.82335151e-21  9.99387064e-07 -4.03534254e-15
 -1.53570986e-14  7.32736752e-25  2.30287083e-20  1.91111809e-20
 -4.03534254e-15  9.98775628e-07 -1.01090767e-19 -7.42543739e-24
  2.02758512e-20  1.47701370e-20 -1.53570986e-14 -1.01093085e-19
  9.98775628e-07 -8.79909189e-24  6.66333895e-18 -2.96614570e-18
 -5.81938608e-18  5.70869471e-21  7.93036660e-21  9.99999396e-10],0.7218546540909394,-0.2005186355834423,2.827473168753545e-22,-1.0425748501464245e-26,-1.1860010793011146e-26,0.1441978110547932,[ 6.08066419e-02  2.41069123e-04  3.00562917e-06 -3.89412348e-11
 -5.69878047e-11  1.85467474e-04 -8.15407373e-04  3.65864038e-02
  4.52634432e-04  5.73681815e-12  1.13364169e-11 -1.03706775e-04
 -3.18060872e-19 -4.79217360e-17  9.99081158e-07 -9.91801109e-24
 -3.77418663e-23 -1.18778219e-23  1.19553448e-24 -1.76906791e-25
 -9.91800768e-24  9.96344740e-07 -9.82482189e-28  4.03891089e-28
  8.72417052e-25 -1.72867823e-25 -3.77418646e-23 -9.82482126e-28
  9.96344740e-07  4.10602406e-28  8.05664780e-13  3.09749448e-12
  3.85794139e-14  9.92874176e-24 -2.69115781e-22  3.48837016e-02]
8.58608603477478,base_link,1.3432936814115122,-4.365461098574901,-1.1455962679028394e-21,-5.657196624087839e-23,-3.317381416616354e-23,-0.9205083621145437,0.390722862496169,[ 1.69704226e-03  4.93275162e-04 -8.46394311e-04  5.73495682e-04
  1.01810158e-03 -3.85092967e-04 -5.99546125e-04  6.72609807e-04
  8.11982602e-04  1.37421385e-04  2.43963340e-04 -9.23511208e-05
  7.23683774e-20 -5.20925263e-20  9.99325487e-07 -4.61644666e-15
 -1.42481605e-14 -6.19559970e-24 -1.81582688e-20 -1.09320190e-20
 -4.61644667e-15  9.98652789e-07 -9.75183730e-20  8.29102885e-25
 -2.43521972e-21 -1.37642854e-21 -1.42481605e-14 -9.75069617e-20
  9.98652789e-07 -6.20253201e-24  4.48399018e-18 -3.19505191e-18
 -4.74630272e-18 -2.68409243e-19 -4.76547889e-19  9.99999334e-10],0.6221913334364011,-0.20620165875604518,-2.433364137022366e-20,4.240830626752278e-27,-3.6996963239996384e-26,0.049508012383892595,[ 6.09204796e-02  1.49287516e-04  1.85928918e-06 -4.09905406e-11
 -7.40515409e-11  1.94887258e-04 -8.02754425e-04  3.63547206e-02
  4.49768498e-04  7.09351032e-12  1.37599925e-11 -9.03293855e-05
 -2.86720653e-19 -6.87384177e-17  9.98988911e-07 -1.13439703e-23
 -3.50111640e-23 -1.71973741e-22  2.94036858e-24 -5.08102154e-25
 -1.13439955e-23  9.95979982e-07 -9.47460343e-28  1.32636876e-28
  4.65289095e-25 -8.72417052e-26 -3.50112340e-23 -9.47459679e-28
  9.95979982e-07 -1.02768472e-27  8.70213786e-13  3.15608650e-12
  3.93168216e-14  5.17122616e-22  8.22679079e-22  3.48866715e-02]
8.614022731781006,base_link,1.3382994683509661,-4.367725050311267,7.309586028134368e-23,-1.8083178460938947e-23,3.149593156087345e-23,-0.9239680580230001,0.38246964291719404,[ 1.81736608e-03  4.97145535e-04 -9.16009627e-04  5.67106123e-04
  1.06274576e-03 -3.51098393e-04 -6.27553803e-04  7.07643703e-04
  1.09683896e-03  1.71784254e-04  3.21936547e-04 -1.06448640e-04
  7.22624983e-20 -9.60323604e-20  9.99404127e-07 -4.09707257e-15
 -1.21275442e-14 -8.24159158e-25  2.61521422e-20  2.40080901e-20
 -4.09707257e-15  9.98809671e-07 -8.33957051e-20  3.18461789e-24
  7.85623059e-20  6.55391743e-20 -1.21275442e-14 -8.33867455e-20
  9.98809671e-07  4.14019769e-25  4.11489288e-18 -2.92511827e-18
 -5.68862563e-18 -4.16995576e-19 -7.81550311e-19  9.99999413e-10],0.591905221630025,-0.2033827417846857,8.502543353327512e-21,-1.8842903603750062e-26,-3.2091731266307153e-27,0.03711526296671806,[ 6.10685557e-02  1.15037546e-04  1.43179269e-06 -4.11747763e-11
 -7.97370489e-11  1.95420620e-04 -8.64551053e-04  3.63763571e-02
  4.50116289e-04  6.57531367e-13  3.68245262e-12 -7.06751884e-05
  7.83505476e-20  2.43403388e-17  9.99106722e-07 -1.00604408e-23
 -2.97788769e-23  3.83138635e-23  1.35063084e-24 -2.23152973e-26
 -1.00604292e-23  9.96445888e-07 -8.08964332e-28  4.83887972e-28
 -1.33124380e-24  5.81611368e-26 -2.97788687e-23 -8.08963938e-28
  9.96445888e-07  8.20816892e-29  8.86613116e-13  3.15153459e-12
  3.92678801e-14  4.45767840e-22  6.91418186e-22  3.48877769e-02]
8.675490379333496,base_link,1.3081430625285375,-4.379868984455299,1.5092732718018598e-22,-2.6435901191105427e-22,-2.133617542420381e-22,-0.941237010137158,0.3377467849559245,[ 2.15787103e-03  5.77218772e-04 -1.32114128e-03  6.83287831e-04
  1.01861643e-03 -4.82537566e-04 -8.25258816e-04  9.58947145e-04
  1.18697513e-03  2.60810501e-04  3.88793242e-04 -1.84333408e-04
  1.67500765e-19 -1.45160271e-19  9.99390143e-07 -4.11065389e-15
 -1.11759432e-14  6.03755129e-25  4.93926087e-20  5.41571691e-20
 -4.11065388e-15  9.98781771e-07 -7.53437219e-20  6.53698394e-24
  2.54109884e-20  2.99637905e-20 -1.11759432e-14 -7.53037078e-20
  9.98781771e-07 -1.85507867e-23  4.20857848e-18 -4.13302995e-18
 -5.11315721e-18 -9.12715529e-19 -1.36054363e-18  9.99999400e-10],0.5520706154609587,-0.2024612216736434,1.0983174945258889e-20,-6.18099296499594e-26,5.62745799235484e-26,-0.019779906928983217,[ 6.14863187e-02  1.70248561e-04  2.12200518e-06 -5.14385142e-11
 -7.44834203e-11  2.99083393e-04 -1.01576699e-03  3.65029573e-02
  4.51724941e-04 -3.75912381e-12 -7.12651306e-12 -7.38021439e-05
 -5.20925263e-20 -1.06793914e-17  9.99085771e-07 -1.01168947e-23
 -2.75054996e-23  2.09513946e-23 -2.59140176e-24 -1.90639282e-25
 -1.01168697e-23  9.96362999e-07 -7.33812099e-28 -1.04924597e-27
  1.65436123e-24  1.58327539e-25 -2.75054398e-23 -7.33813167e-28
  9.96362999e-07  9.45127133e-28  9.47788479e-13  3.13408327e-12
  3.90568759e-14  1.75443286e-21  2.69992388e-21  3.48922410e-02]
8.718400239944458,base_link,1.2852631135217922,-4.390473179166188,1.8102049832742446e-22,5.716530382006366e-23,4.036202896605846e-23,-0.9518155923468576,0.30667096074685735,[ 2.16415639e-03  5.96722093e-04 -1.30935648e-03  7.32176250e-04
  9.23305681e-04 -4.92824777e-04 -8.02049937e-04  9.97666211e-04
  1.07331427e-03  2.76483113e-04  3.48645884e-04 -1.86254176e-04
  1.53418843e-19 -1.12443624e-19  9.99237587e-07 -5.09590040e-15
 -1.33830960e-14  4.78486523e-25  2.62050818e-20  2.55698071e-20
 -5.09590040e-15  9.98477494e-07 -8.94495922e-20 -1.12539060e-24
  2.40345599e-20  2.51462906e-20 -1.33830960e-14 -8.94567806e-20
  9.98477494e-07  3.42700682e-24  3.15809746e-18 -4.52792463e-18
 -4.48421597e-18 -1.34406209e-18 -1.69479222e-18  9.99999247e-10],0.5311359621581077,-0.20011267602014116,-2.726279588554669e-21,-3.2478102104379974e-26,6.95351516684614e-27,-0.05563144313935336,[ 6.16357592e-02  1.73976179e-04  2.16853050e-06 -6.18653548e-11
 -7.50199600e-11  3.12631992e-04 -1.00650219e-03  3.64661813e-02
  4.51208018e-04 -4.83122214e-12 -7.60469326e-12 -6.29660007e-05
 -1.77453402e-19 -3.71881345e-17  9.98857251e-07 -1.24625787e-23
 -3.27302556e-23 -5.52237533e-23 -2.58493941e-25 -2.01948392e-26
 -1.24626316e-23  9.95460041e-07 -8.62013869e-28 -5.03385461e-28
 -2.24889729e-24 -2.29413373e-25 -3.27303226e-23 -8.62014261e-28
  9.95460041e-07  1.06051156e-28  9.65582188e-13  3.11639603e-12
  3.88310433e-14  1.07645014e-22  1.60813895e-22  3.48905048e-02]
8.766470432281494,base_link,1.2653046050075645,-4.393308938745528,6.432264453364641e-23,5.488017164954053e-23,2.441443988466411e-25,-0.9510739532047815,0.30896332393251646,[ 2.20633655e-03  6.35187782e-04 -1.31707934e-03  7.54452746e-04
  1.13780052e-03 -4.98704404e-04 -8.54613347e-04  1.00154744e-03
  1.23002845e-03  2.68584109e-04  4.05080651e-04 -1.77654644e-04
 -2.33463456e-20  2.38228016e-20  9.99427939e-07 -3.80238592e-15
 -9.68026066e-15 -2.71862926e-24  4.51574440e-20  4.11340375e-20
 -3.80238593e-15  9.98857184e-07 -6.43313061e-20 -5.15146761e-24
  3.61047794e-20  2.84285433e-20 -9.68026067e-15 -6.43188606e-20
  9.98857184e-07 -1.60067704e-23  2.83128952e-18 -3.87311337e-18
 -4.14058990e-18 -1.05554267e-18 -1.59213499e-18  9.99999438e-10],0.49814095838197425,-0.19991936616528325,6.045480325520529e-21,-2.0473906484705354e-27,-7.201788178867423e-27,-0.04894570076259198,[ 6.17487295e-02  1.90423103e-04  2.37539557e-06 -5.06194076e-11
 -8.28888303e-11  3.19450577e-04 -1.05811423e-03  3.64364982e-02
  4.51023231e-04 -3.72680006e-12 -2.50811046e-12 -5.70335374e-05
 -1.21125711e-19 -2.33103467e-17  9.99142398e-07 -9.31455913e-24
 -2.37139797e-23 -7.87476297e-23  1.48634016e-24  1.09052132e-25
 -9.31462896e-24  9.96587095e-07 -6.21570140e-28  1.77331483e-28
  4.07127958e-24  1.23188519e-25 -2.37140778e-23 -6.21570305e-28
  9.96587095e-07  6.41958372e-28  9.58570544e-13  3.06028813e-12
  3.81455481e-14  9.13288778e-23  8.67181455e-23  3.48906735e-02]
8.832763195037842,base_link,1.2316642876325328,-4.4087033758344125,7.259960069146688e-22,3.843363754394808e-23,-5.280404801026989e-23,-0.952841191813868,0.3034693776688641,[ 1.97963587e-03  5.70251505e-04 -1.21801559e-03  6.85570274e-04
  9.44885524e-04 -5.64165288e-04 -7.91535873e-04  9.61112732e-04
  1.05972271e-03  2.11149891e-04  2.90986387e-04 -1.73918845e-04
 -3.90693947e-20  2.56227467e-20  9.99095234e-07 -5.88630921e-15
 -1.38420992e-14  5.10830449e-24 -1.24937360e-20 -1.09055492e-20
 -5.88630920e-15  9.98193734e-07 -9.00624357e-20  4.20667719e-24
 -2.48815928e-21 -2.96461532e-21 -1.38420992e-14 -9.00571735e-20
  9.98193734e-07  1.45650028e-24  2.32634425e-18 -4.28956665e-18
 -3.61771954e-18 -1.14964636e-18 -1.58400779e-18  9.99999104e-10],0.4714388340490094,-0.19576702832876539,1.186097513233566e-20,-4.9373112845564345e-26,1.2674703696538533e-25,-0.05055117298371842,[ 6.15829641e-02  2.05075135e-04  2.55705070e-06 -5.40720855e-11
 -6.15681213e-11  3.61201184e-04 -9.39531252e-04  3.63550782e-02
  4.49863423e-04 -3.27595161e-12 -9.25142499e-12 -6.88744934e-05
 -2.15146369e-19 -3.77844457e-17  9.98644076e-07 -1.43928282e-23
 -3.38461128e-23  5.11388674e-23 -3.23117427e-26 -2.42338070e-27
 -1.43927847e-23  9.94619969e-07 -8.67850650e-28 -9.76414641e-28
 -6.59159551e-25 -1.01781989e-25 -3.38460507e-23 -8.67852831e-28
  9.94619969e-07  2.58346727e-27  9.80355120e-13  2.98649994e-12
  3.72112202e-14  8.47707487e-22  1.19691853e-21  3.48888968e-02]
8.851251125335693,base_link,1.2157135274220154,-4.413330828525102,2.4762207714131603e-23,1.0129991681988721e-23,-1.6616280779414684e-23,-0.9518203110011071,0.3066563150593117,[ 1.95511056e-03  5.71911747e-04 -1.23658734e-03  7.13133093e-04
  9.12520651e-04 -5.55834076e-04 -7.77966299e-04  1.00548894e-03
  9.73918897e-04  2.43639919e-04  3.11737438e-04 -1.90073199e-04
  2.87461806e-20 -1.73641754e-20  9.99100133e-07 -5.82735375e-15
 -1.39434325e-14 -1.07577279e-25  6.72332402e-21  6.03510975e-21
 -5.82735375e-15  9.98203495e-07 -9.03061358e-20  6.74345423e-24
 -2.28698896e-20 -2.44580764e-20 -1.39434325e-14 -9.02971186e-20
  9.98203495e-07  1.58595363e-24  2.26343384e-18 -4.40271948e-18
 -3.39735791e-18 -1.34683841e-18 -1.72308873e-18  9.99999109e-10],0.4706535279725235,-0.19698017990702305,4.729092385123378e-21,-4.236987971354924e-27,-3.919061636296926e-27,-0.04523844852277903,[ 6.15996919e-02  2.26395903e-04  2.82241822e-06 -6.30136149e-11
 -7.22425000e-11  3.65000581e-04 -9.09195049e-04  3.63559723e-02
  4.49905473e-04 -4.53631550e-12 -8.85368254e-12 -6.06908376e-05
 -4.62056473e-19 -7.37799578e-17  9.98651411e-07 -1.42003857e-23
 -3.39785878e-23 -7.50776405e-23 -2.70126169e-24 -1.95486043e-25
 -1.42004443e-23  9.94648798e-07 -8.64938836e-28 -4.05430074e-28
 -7.49632430e-25 -9.20884666e-26 -3.39786638e-23 -8.64938848e-28
  9.94648798e-07 -4.86411479e-28  9.79902276e-13  2.96034725e-12
  3.68864991e-14 -1.01403874e-22 -1.68428824e-22  3.48875754e-02]
8.926666021347046,base_link,1.1740510040517236,-4.440101013296025,-4.493766536167997e-22,-5.173701247205864e-23,1.0440968994603666e-23,-0.9529822069425006,0.30302625835231,[ 2.01166857e-03  6.50683563e-04 -1.36432768e-03  8.02678443e-04
  1.20865140e-03 -6.18181900e-04 -8.76260543e-04  1.06060435e-03
  1.29532100e-03  2.42799143e-04  3.65586802e-04 -1.87140688e-04
 -8.21092563e-20  6.70214820e-20  9.98962770e-07 -6.55544427e-15
 -1.55849566e-14 -2.40320213e-24  7.76623334e-20  5.65923888e-20
 -6.55544429e-15  9.97929830e-07 -9.84530638e-20 -2.37961277e-23
  6.81861523e-20  5.52688998e-20 -1.55849567e-14 -9.84077380e-20
  9.97929830e-07 -7.08161655e-23  1.97858424e-18 -4.37485362e-18
 -3.95602674e-18 -1.39970455e-18 -2.10734803e-18  9.99998971e-10],0.45245615297149766,-0.18836660864832708,-7.84161105862745e-23,1.7036692430696153e-27,5.406619038652011e-27,-0.044029446246737984,[ 6.16521384e-02  2.80627050e-04  3.50163487e-06 -6.62971589e-11
 -9.15479631e-11  3.97251901e-04 -9.72020905e-04  3.63709927e-02
  4.50072028e-04 -1.09531868e-12 -4.18345516e-12 -7.29935380e-05
 -7.13201742e-19 -9.17777139e-17  9.98445765e-07 -1.59856773e-23
 -3.80048808e-23 -1.27759236e-22 -1.53803895e-24 -2.50416006e-26
 -1.59857948e-23  9.93840352e-07 -9.45032735e-28  4.83972413e-28
 -5.15695413e-24 -2.36683515e-25 -3.80050585e-23 -9.45033771e-28
  9.93840352e-07  2.38050274e-27  1.00823161e-12  2.86741117e-12
  3.57255858e-14  3.39489273e-22  4.30059389e-22  3.48900577e-02]
8.960504531860352,base_link,1.141831487019083,-4.456144316709716,3.2981228116276024e-23,-1.1867647705990131e-23,1.0741365919245704e-23,-0.9538110977498613,0.30040704021245,[ 2.17527818e-03  7.00889155e-04 -1.58289072e-03  9.51656518e-04
  1.19803420e-03 -7.89190333e-04 -8.60294618e-04  1.37361954e-03
  1.12609370e-03  3.57782591e-04  4.50394863e-04 -2.96921305e-04
 -3.80106035e-20  2.29228291e-20  9.99172036e-07 -5.13494223e-15
 -1.25832640e-14 -2.86286799e-24  4.02340650e-21  3.81164826e-21
 -5.13494223e-15  9.98346805e-07 -7.80520286e-20  7.71771935e-24
 -5.42101086e-20 -5.66453283e-20 -1.25832640e-14 -7.80458726e-20
  9.98346805e-07  4.60181530e-24  2.16529871e-18 -5.12878460e-18
 -3.32385515e-18 -1.63433914e-18 -2.05727717e-18  9.99999182e-10],0.46013073361580475,-0.18743079214156602,4.6159975720990305e-21,-1.25048714954331e-28,3.1663013817536427e-27,-0.04460119246046293,[ 6.19774914e-02  3.52534931e-04  4.39697554e-06 -7.37184181e-11
 -8.63911321e-11  5.31985767e-04 -9.19837039e-04  3.64764333e-02
  4.51579292e-04 -7.22790969e-12 -1.10808094e-11 -7.30559089e-05
 -5.37865922e-19 -5.52943108e-17  9.98759079e-07 -1.24758251e-23
 -3.05729333e-23 -6.96966877e-23  0.00000000e+00  0.00000000e+00
 -1.24758643e-23  9.95072838e-07 -7.43472404e-28  3.32981749e-28
  2.28767138e-24  2.94036858e-25 -3.05729849e-23 -7.43471869e-28
  9.95072838e-07 -8.25746947e-28  1.00035187e-12  2.81678500e-12
  3.51071611e-14 -7.25765362e-22 -9.42632424e-22  3.48872521e-02]
9.028920650482178,base_link,1.0922165877509906,-4.482070947309519,5.044447228158382e-22,-2.286278350161888e-24,-1.607152498385497e-24,-0.9509390144037444,0.3093783943407091,[ 2.06105480e-03  7.92004284e-04 -1.46197948e-03  1.00173196e-03
  1.35927904e-03 -8.44609222e-04 -8.81581640e-04  1.31186895e-03
  1.15033242e-03  2.90969573e-04  3.94825447e-04 -2.45529315e-04
  6.82920314e-20 -4.39398341e-20  9.99027723e-07 -5.95895237e-15
 -1.46167249e-14 -2.35602673e-23 -2.96461532e-20 -2.38228016e-20
 -5.95895239e-15  9.98059217e-07 -8.96091449e-20  1.55264766e-23
  2.08581863e-20  1.66230216e-20 -1.46167249e-14 -8.96703753e-20
  9.98059217e-07  7.28109050e-23  2.11167814e-18 -4.56250471e-18
 -3.18791914e-18 -1.31653848e-18 -1.78645567e-18  9.99999037e-10],0.4563696660280705,-0.18344281608139837,-2.352874393516212e-21,2.781938684110079e-28,1.4054819730178168e-28,-0.029565196918933806,[ 6.18607151e-02  4.11319081e-04  5.13085371e-06 -6.98662552e-11
 -9.50801190e-11  5.41141378e-04 -9.32477415e-04  3.64115834e-02
  4.50759462e-04 -2.16845246e-12 -2.85533196e-12 -1.03767798e-04
 -3.68459332e-19 -3.24718551e-17  9.98543000e-07 -1.45320898e-23
 -3.56462571e-23 -2.42485795e-22  2.54616532e-24  8.07793567e-26
 -1.45322727e-23  9.94222364e-07 -8.59458541e-28  4.04348709e-28
 -1.58973774e-24 -4.84676140e-26 -3.56465158e-23 -8.59456600e-28
  9.94222364e-07 -3.05079332e-27  1.00849293e-12  2.72779369e-12
  3.39938952e-14  3.06149500e-22  4.16056667e-22  3.48867361e-02]
9.077274322509766,base_link,1.050127127839768,-4.516177056103344,4.1575385282278526e-23,-1.4975553565180097e-21,1.4236556171987075e-22,-0.9564899304950418,0.2917653386911991,[ 1.92346180e-03  6.86626110e-04 -1.61628836e-03  9.01642540e-04
  1.34130423e-03 -8.29438785e-04 -8.06599885e-04  1.34616712e-03
  1.40526721e-03  3.55336305e-04  5.28568535e-04 -3.27228904e-04
  4.85985153e-20 -3.91752738e-20  9.99071104e-07 -5.51824652e-15
 -1.38817703e-14  1.75922824e-24  5.05572790e-20  6.49038996e-20
 -5.51824653e-15  9.98145648e-07 -8.24388567e-20 -1.75241275e-23
  8.11034047e-20  1.28007854e-19 -1.38817703e-14 -8.24204943e-20
  9.98145648e-07 -4.29899852e-23  2.46016491e-18 -4.87094537e-18
 -4.65476069e-18 -1.45136931e-18 -2.15875737e-18  9.99999080e-10],0.4716393176971338,-0.17538717673394533,5.439521628995003e-22,9.226670087300365e-26,3.066584454175778e-25,-0.04888085855229547,[ 6.17288710e-02  3.97440046e-04  4.95368513e-06 -7.80286318e-11
 -1.04144406e-10  5.68573837e-04 -8.12641345e-04  3.64063978e-02
  4.50805342e-04 -1.22540095e-11 -2.23459716e-11 -7.98492468e-05
 -1.17906986e-18 -1.07281805e-16  9.98607947e-07 -1.33973778e-23
 -3.37028789e-23 -2.49484582e-23 -1.00812637e-24 -1.59943126e-25
 -1.33973911e-23  9.94477716e-07 -7.84836330e-28  8.23426768e-28
 -2.02917744e-24 -4.42670875e-25 -3.37028925e-23 -7.84836994e-28
  9.94477716e-07  2.75773975e-27  9.96551962e-13  2.65843250e-12
  3.31334073e-14 -3.98591664e-22 -6.02984896e-22  3.48822362e-02]
9.132786512374878,base_link,1.017620580939421,-4.5358296585308855,3.255669382896962e-22,5.745713654496641e-23,1.4964335334611803e-23,-0.9532380038825394,0.3022206279426204,[ 2.14513169e-03  7.23641191e-04 -1.79177449e-03  9.60116656e-04
  1.49807450e-03 -9.01829965e-04 -9.84804501e-04  1.47829886e-03
  1.58844421e-03  3.63494139e-04  5.67171859e-04 -3.41611604e-04
  2.13346424e-19 -1.61942112e-19  9.99043656e-07 -5.51048007e-15
 -1.44668116e-14 -1.43411511e-23  3.72165101e-20  2.94873345e-20
 -5.51048009e-15  9.98090958e-07 -8.33611384e-20  1.65979410e-24
  5.54806580e-20  4.12928562e-20 -1.44668116e-14 -8.33897177e-20
  9.98090958e-07  2.94904180e-23  2.32924087e-18 -4.91002738e-18
 -4.30802051e-18 -1.47285644e-18 -2.29830393e-18  9.99999053e-10],0.4595747409886761,-0.17025942337682032,-2.17290926970477e-21,8.624598310450395e-27,-2.5263963699981934e-26,-0.032658843379837384,[ 6.18760051e-02  4.22986224e-04  5.27108873e-06 -7.13968526e-11
 -1.18849776e-10  6.09595103e-04 -9.44296364e-04  3.64999175e-02
  4.52047483e-04 -2.74600765e-12 -2.52840134e-12 -8.46543681e-05
  9.31736242e-21  7.04731412e-19  9.98566852e-07 -1.34305176e-23
 -3.52599352e-23 -1.68330687e-22 -2.26182199e-24 -8.64339117e-26
 -1.34306224e-23  9.94316132e-07 -7.98860384e-28  1.34334100e-27
 -7.88406521e-24 -1.70040546e-25 -3.52600944e-23 -7.98857731e-28
  9.94316132e-07 -3.65211307e-27  9.82359539e-13  2.57667152e-12
  3.21149749e-14  4.37365290e-22  6.75691864e-22  3.48788168e-02]
9.184918403625488,base_link,0.992203677600725,-4.556129531770788,-1.2021936253352968e-23,5.0156853877978676e-24,-5.850738183984096e-25,-0.9516324949637415,0.30723866053783755,[ 2.44167825e-03  8.62185610e-04 -2.06788354e-03  1.14975516e-03
  1.74589594e-03 -1.09133642e-03 -1.11354905e-03  1.74640043e-03
  1.80047687e-03  4.27932799e-04  6.49798543e-04 -4.06424722e-04
 -2.91167576e-20  2.27110709e-20  9.99296872e-07 -3.87277479e-15
 -1.04044135e-14 -6.34973769e-24  6.40568666e-21  5.82335151e-21
 -3.87277483e-15  9.98595718e-07 -5.72560173e-20 -3.18074804e-23
 -2.09640654e-20 -2.07523072e-20 -1.04044136e-14 -5.72453910e-20
  9.98595718e-07 -5.83980957e-23  2.36129467e-18 -4.66383062e-18
 -4.11057753e-18 -1.26259608e-18 -1.91710061e-18  9.99999307e-10],0.44584293868203456,-0.16284180867358414,-1.607323572772919e-21,-4.67762170194757e-28,-1.3944945612651881e-27,-0.024160169528720698,[ 6.22277700e-02  5.04465774e-04  6.29583252e-06 -7.28497645e-11
 -1.03778480e-10  7.28782394e-04 -1.04094204e-03  3.66176963e-02
  4.53759836e-04 -5.09781351e-12 -9.72781600e-12 -1.05536447e-04
 -1.08928437e-18 -7.85504474e-17  9.98946048e-07 -9.50563675e-24
 -2.55376777e-23 -1.98470197e-22  5.16987883e-25  3.79662976e-26
 -9.50572458e-24  9.95810628e-07 -5.55720842e-28  1.95130840e-27
 -1.60266244e-24 -1.48634016e-25 -2.55378082e-23 -5.55721456e-28
  9.95810628e-07  4.78936720e-27  9.81129403e-13  2.51192123e-12
  3.13223232e-14  1.44527697e-21  2.22696358e-21  3.48803175e-02]
9.2327721118927,base_link,0.9534595399170119,-4.578705548374672,5.722701051713339e-23,6.411985669488439e-23,-1.3601970878164535e-23,-0.954091077982344,0.2995166354553427,[ 2.39903280e-03  8.66980816e-04 -2.07960134e-03  1.12395075e-03
  1.82835451e-03 -1.13346769e-03 -1.16637922e-03  1.72346097e-03
  1.81798013e-03  3.98617988e-04  6.48456184e-04 -4.02236875e-04
 -1.42936810e-19  1.08790794e-19  9.99307020e-07 -3.68872618e-15
 -1.04049813e-14 -9.81099382e-24  4.31986803e-20  3.95458507e-20
 -3.68872620e-15  9.98615957e-07 -5.53687869e-20 -1.05188552e-23
  5.69629657e-20  4.78573615e-20 -1.04049814e-14 -5.53675875e-20
  9.98615957e-07 -1.83236731e-23  2.32875465e-18 -4.47887861e-18
 -3.96886267e-18 -1.22137244e-18 -1.98699132e-18  9.99999317e-10],0.45102978909879593,-0.1600832026316179,4.7398888689241645e-21,-9.669315250156156e-27,-5.0386458376362417e-26,-0.031077822662550908,[ 6.21352970e-02  5.19095920e-04  6.48227383e-06 -6.81208280e-11
 -1.18080692e-10  7.46482999e-04 -1.05286855e-03  3.66081595e-02
  4.53706621e-04 -6.18749902e-12 -7.81553193e-12 -1.12201526e-04
 -7.08966577e-19 -4.97648797e-17  9.98961249e-07 -9.04140845e-24
 -2.55040570e-23 -3.20605561e-22 -5.36374928e-24 -4.88715108e-25
 -9.04155006e-24  9.95870664e-07 -5.35769933e-28  9.34928179e-28
 -6.20385459e-24 -4.08743545e-25 -2.55042768e-23 -5.35770975e-28
  9.95870664e-07  4.67014500e-27  9.91518770e-13  2.46955928e-12
  3.07970871e-14  5.33728739e-22  8.72096044e-22  3.48803610e-02]
9.281819105148315,base_link,0.9189816665095673,-4.609365024889699,4.811730213369265e-23,-3.8311846804623965e-23,3.6737262463263375e-24,-0.9474148397216812,0.32000800220485304,[ 2.30957301e-03  8.36955762e-04 -2.02155913e-03  1.09231585e-03
  1.84169814e-03 -1.11395083e-03 -1.13343255e-03  1.67214539e-03
  1.88627733e-03  3.73486237e-04  6.29725935e-04 -3.81079929e-04
 -3.29284058e-20  2.86932411e-20  9.99454706e-07 -2.82484258e-15
 -8.06345131e-15 -6.36378836e-24  4.18222518e-21  3.22931311e-21
 -2.82484259e-15  9.98910599e-07 -4.17594628e-20 -7.59699695e-24
  7.31624708e-20  5.41042295e-20 -8.06345133e-15 -4.17552800e-20
  9.98910599e-07 -1.70797982e-23  2.41770374e-18 -3.84792437e-18
 -4.21469179e-18 -9.47776385e-19 -1.59806948e-18  9.99999465e-10],0.4552078277163492,-0.15110337334787013,-4.252599284025625e-21,-3.525755381088279e-27,1.414531091974506e-26,-0.004777709048623641,[ 6.20327769e-02  5.05833887e-04  6.32185605e-06 -6.67234662e-11
 -1.16038049e-10  7.30214838e-04 -1.01296883e-03  3.65763307e-02
  4.53466006e-04 -6.39602160e-13  1.34426691e-13 -1.19507463e-04
  1.33746502e-18  9.59518923e-17  9.99182504e-07 -6.92077868e-24
 -1.97554011e-23 -1.04811417e-22  3.96788200e-24  3.74614267e-26
 -6.92081880e-24  9.96745923e-07 -4.03582696e-28 -5.12050186e-28
  8.25888143e-24 -8.68378084e-27 -1.97554631e-23 -4.03583417e-28
  9.96745923e-07  1.95041244e-27  9.89722844e-13  2.42731182e-12
  3.02796139e-14 -2.94850442e-22 -4.90054036e-22  3.48815932e-02]
9.310954809188843,base_link,0.9022998268072112,-4.6223848063320405,1.6072116657892092e-22,4.3328747826470507e-23,1.240517490635115e-23,-0.9450527966927361,0.3269177441853499,[ 2.35726099e-03  8.73993878e-04 -2.13666368e-03  1.18844877e-03
  2.01416722e-03 -1.31979952e-03 -1.14041354e-03  1.81171013e-03
  1.95305295e-03  3.68170960e-04  6.23972471e-04 -4.09025691e-04
  2.57709774e-19 -2.08687742e-19  9.99428619e-07 -2.86694191e-15
 -8.51778514e-15  1.03845716e-23  3.82223617e-20  2.27640105e-20
 -2.86694190e-15  9.98858541e-07 -4.27351431e-20 -2.24765085e-24
  5.28336801e-20  3.13402190e-20 -8.51778516e-15 -4.27036833e-20
  9.98858541e-07 -3.87863795e-23  2.64667559e-18 -4.28260406e-18
 -4.40281819e-18 -8.76507555e-19 -1.48550480e-18  9.99999438e-10],0.4508174317520966,-0.14764104957701205,1.3229888608041955e-20,-9.888997820257451e-27,-2.933246255691272e-26,0.003787895244623314,[ 6.21454192e-02  5.56149520e-04  6.95487523e-06 -7.06313196e-11
 -1.20380885e-10  8.47858337e-04 -9.88001004e-04  3.66213322e-02
  4.54036211e-04  4.80521277e-12  8.35173496e-12 -1.62857475e-04
  3.82858892e-19  2.50992803e-17  9.99143416e-07 -7.05460382e-24
 -2.09593882e-23  2.57417443e-22 -1.80945759e-25  1.37324906e-26
 -7.05450656e-24  9.96591150e-07 -4.16142133e-28  2.57664595e-27
  2.84343336e-25 -1.77714585e-26 -2.09592122e-23 -4.16142856e-28
  9.96591150e-07  7.34501043e-27  9.95955271e-13  2.40903825e-12
  3.00524352e-14  9.52980646e-22  1.60921420e-21  3.48833125e-02]
9.372810363769531,base_link,0.8847656617717921,-4.6311608599136,2.253925582088523e-22,-2.1847200089722005e-23,3.039018190347297e-23,-0.9354553914011726,0.35344477743839836,[ 1.88401993e-03  8.11125487e-04 -1.32945132e-03  9.93814434e-04
  1.97554607e-03 -9.67451031e-04 -8.52524376e-04  1.32951263e-03
  1.35372638e-03  2.19580316e-04  4.36509966e-04 -2.13912449e-04
 -1.55430546e-19  1.64642029e-19  9.99448096e-07 -2.68751232e-15
 -7.70300024e-15 -4.01874437e-24  4.89161527e-20  3.07578839e-20
 -2.68751231e-15  9.98897408e-07 -3.75384270e-20  1.39373310e-23
  6.33157128e-20  3.59989003e-20 -7.70300025e-15 -3.75138751e-20
  9.98897408e-07  3.77448033e-24  2.31620535e-18 -3.21863493e-18
 -3.13835749e-18 -3.16332448e-19 -6.28912992e-19  9.99999457e-10],0.4139213250272663,-0.14414715228827565,8.260306148793663e-21,1.255782186217155e-26,-3.0334951217185135e-26,0.03430741489273458,[ 6.16412327e-02  4.44275327e-04  5.56266932e-06 -5.51606682e-11
 -1.16708541e-10  5.80548141e-04 -8.45884439e-04  3.63616347e-02
  4.50835479e-04  6.35338549e-12  1.57495927e-11 -1.62163848e-04
 -1.31290107e-19 -1.05167611e-17  9.99172599e-07 -6.61676654e-24
 -1.89648737e-23  5.97919016e-23 -5.81611368e-25  6.70468661e-26
 -6.61673084e-24  9.96706714e-07 -3.65571787e-28 -1.43031348e-27
  1.52511425e-24 -2.03563979e-25 -1.89647340e-23 -3.65573629e-28
  9.96706714e-07  3.29514830e-27  1.01741510e-12  2.40268916e-12
  2.99803454e-14  1.91978602e-22  3.16592586e-22  3.48880241e-02]
9.421521186828613,base_link,0.8659364763486912,-4.671372286761779,-2.1421557221027245e-22,4.523485638484177e-23,4.7234786861964014e-23,-0.9261491721343039,0.3771574087233917,[ 1.73924148e-03  6.79731733e-04 -1.34649827e-03  8.73610606e-04
  1.80234744e-03 -1.01947250e-03 -7.74693748e-04  1.35524297e-03
  1.33312113e-03  2.29786232e-04  4.74085820e-04 -2.68353480e-04
  2.61521422e-20 -2.47227741e-20  9.99391995e-07 -2.71748167e-15
 -8.06459554e-15 -1.05796928e-23 -1.63053842e-20 -1.16467030e-20
 -2.71748169e-15  9.98785466e-07 -3.60295243e-20 -8.67798800e-24
 -4.29869221e-20 -2.89049993e-20 -8.06459554e-15 -3.60611536e-20
  9.98785466e-07  1.90566214e-23  2.42353017e-18 -2.90595539e-18
 -3.63271936e-18 -2.41375640e-19 -4.98033122e-19  9.99999401e-10],0.4171355757010796,-0.12680773236305903,-3.088192670281421e-20,-3.748627705961179e-26,-3.0670141914135626e-27,0.060039599489291565,[ 6.15025064e-02  4.32560686e-04  5.41393547e-06 -5.48747829e-11
 -1.17734877e-10  6.24347035e-04 -7.17984512e-04  3.63690257e-02
  4.50937201e-04  6.01510746e-12  1.45142808e-11 -1.79797155e-04
  2.17687467e-19  1.80519662e-17  9.99088546e-07 -6.66222265e-24
 -1.97708504e-23 -4.80218129e-24 -8.33642961e-25  8.96650859e-26
 -6.66227681e-24  9.96373957e-07 -3.48711957e-28 -3.46652497e-27
  5.76441489e-24 -7.10858339e-25 -1.97709069e-23 -3.48713760e-28
  9.96373957e-07 -2.38672539e-28  1.01430138e-12  2.38132777e-12
  2.97150775e-14 -4.06243982e-22 -8.70103026e-22  3.48881118e-02]
9.47225046157837,base_link,0.8294569613204043,-4.742003194686682,-7.420867318960634e-22,-1.5098207895593257e-23,-9.325929107642318e-24,-0.9109157004786969,0.4125925188626244,[ 1.47551522e-03  5.32986436e-04 -1.27488146e-03  7.24447707e-04
  1.74660478e-03 -1.00404163e-03 -6.72924012e-04  1.26259538e-03
  1.39235534e-03  2.00807840e-04  4.84146215e-04 -2.78529925e-04
  7.64447235e-20 -6.40039271e-20  9.99099370e-07 -3.36055335e-15
 -1.29258343e-14  1.09399335e-23 -5.61159328e-21 -3.65282959e-21
 -3.36055334e-15  9.98201975e-07 -4.82359021e-20  2.92452062e-24
  5.31513174e-20  3.32460432e-20 -1.29258343e-14 -4.81797855e-20
  9.98201975e-07 -7.08768357e-23  3.18813859e-18 -3.22602052e-18
 -5.22670594e-18 -2.69339541e-20 -6.49672877e-20  9.99999107e-10],0.4575838968939469,-0.10401419926893855,3.641376572798474e-21,-6.577080304600203e-27,5.861431334316358e-27,0.09840410893612961,[ 6.12164410e-02  4.14015725e-04  5.16996434e-06 -5.84198026e-11
 -1.45315974e-10  6.10148613e-04 -5.72942663e-04  3.63085270e-02
  4.50053813e-04  1.00957566e-11  2.63803171e-11 -2.02347378e-04
 -1.39591030e-18 -1.21539064e-16  9.98650269e-07 -8.18254598e-24
 -3.14715825e-23  8.00155500e-24 -7.56094779e-25  1.29246971e-25
 -8.18255658e-24  9.94644293e-07 -4.61320045e-28 -2.56181092e-27
  6.30725217e-24 -1.13737334e-24 -3.14715466e-23 -4.61323888e-28
  9.94644293e-07  6.17196502e-27  9.85898564e-13  2.34060687e-12
  2.91959833e-14 -4.58737987e-22 -1.15551997e-21  3.48837703e-02]
9.533285140991211,base_link,0.7683478524541524,-4.806573710059287,6.01966782392459e-23,2.423676272253724e-22,1.8318317667414502e-22,-0.9004667149945723,0.4349249305189156,[ 1.24066260e-03  3.80941739e-04 -8.15108621e-04  5.02648917e-04
  1.49828532e-03 -7.65079442e-04 -4.70206942e-04  9.73610920e-04
  1.09397967e-03  1.11044762e-04  3.30918795e-04 -1.69201995e-04
 -4.45221693e-20  4.80691198e-20  9.99013856e-07 -3.34975088e-15
 -1.59933713e-14 -6.78880258e-25 -1.61465656e-20 -8.62914815e-21
 -3.34975087e-15  9.98031590e-07 -5.43666532e-20  2.04604778e-23
 -2.30816478e-20 -1.92699996e-20 -1.59933714e-14 -5.42694848e-20
  9.98031590e-07 -8.72520753e-23  3.73757448e-18 -3.22849110e-18
 -5.29427233e-18  3.51871584e-19  1.04862227e-18  9.99999021e-10],0.4982467921019214,-0.10077819198323833,1.0952890755605288e-21,2.821960429576097e-26,-9.509485148090743e-27,0.11667150127871198,[ 6.08659985e-02  2.69022305e-04  3.35782312e-06 -4.65565620e-11
 -1.06654652e-10  4.23611526e-04 -4.63480130e-04  3.61768007e-02
  4.48446753e-04  1.19193929e-11  1.55243716e-11 -1.86811590e-04
 -3.59141970e-19 -4.79759461e-17  9.98522239e-07 -8.17440652e-24
 -3.90271419e-23  1.70327944e-23 -2.77880987e-25  6.94702468e-26
 -8.17442789e-24  9.94140771e-07 -5.21795841e-28 -2.82577368e-27
  1.18907213e-24 -1.71252236e-25 -3.90271270e-23 -5.21798968e-28
  9.94140771e-07  8.25996584e-28  9.46499687e-13  2.28999458e-12
  2.85634472e-14 -6.01996662e-22 -1.30224215e-21  3.48813702e-02]
9.573463201522827,base_link,0.7435132692108716,-4.85123161941613,-3.1503773662196163e-22,3.162973754158614e-23,1.019821785712136e-22,-0.8988763726162079,0.4382023125821317,[ 1.30353056e-03  3.29800532e-04 -1.02259499e-03  4.39802644e-04
  1.72868976e-03 -8.92267426e-04 -5.45615141e-04  1.08698237e-03
  1.52178986e-03  1.24583841e-04  4.89747153e-04 -2.52959762e-04
 -9.47618110e-20  1.27901975e-19  9.99357032e-07 -2.13470585e-15
 -1.06339538e-14  5.90076188e-24 -1.31290107e-20 -8.94678551e-21
 -2.13470585e-15  9.98715714e-07 -3.52860661e-20 -1.01540403e-23
  1.10114283e-20  6.35274710e-21 -1.06339538e-14 -3.53110838e-20
  9.98715714e-07  1.09047278e-23  3.90516660e-18 -2.87401691e-18
 -6.42935429e-18  3.58488774e-19  1.40922803e-18  9.99999365e-10],0.5133239172899142,-0.09190938129760119,-4.459768287996136e-21,7.724893034019302e-27,-7.62614878008531e-27,0.11344534543476026,[ 6.08884069e-02  3.14491801e-04  3.92837452e-06 -3.39069438e-11
 -1.45361796e-10  5.07573169e-04 -4.41811513e-04  3.62464786e-02
  4.49609497e-04  7.04700530e-12  3.68977036e-11 -2.13906713e-04
 -5.76829437e-19 -6.60821224e-17  9.99036167e-07 -5.20463639e-24
 -2.59237861e-23  7.45145736e-23  1.08567455e-24 -2.25374405e-25
 -5.20462539e-24  9.96166740e-07 -3.38236696e-28  2.92671742e-28
  9.92616735e-24 -2.52031593e-24 -2.59237572e-23 -3.38236464e-28
  9.96166740e-07 -3.28761364e-28  9.15926650e-13  2.25307273e-12
  2.81189259e-14 -2.41875049e-22 -1.20159921e-21  3.48803988e-02]
9.616830825805664,base_link,0.7201221820468533,-4.9054483230218375,-2.0878991014480427e-21,6.556791236560042e-22,2.0933416407314127e-22,-0.896390132810036,0.4432659808746957,[ 1.19452325e-03  3.31020434e-04 -9.06024742e-04  4.75837640e-04
  2.27865920e-03 -1.17769947e-03 -4.78865346e-04  1.17609609e-03
  1.40935246e-03  7.69513198e-05  3.68532570e-04 -1.90558693e-04
 -4.87573340e-20  4.98161252e-20  9.99074500e-07 -2.72032041e-15
 -1.61046963e-14  3.36221093e-23  2.04876094e-20  5.66453283e-21
 -2.72032040e-15  9.98152417e-07 -4.73136884e-20 -1.18771034e-23
  2.30392962e-19  5.51630207e-20 -1.61046963e-14 -4.73050181e-20
  9.98152417e-07 -7.83969799e-23  3.77365648e-18 -3.33282039e-18
 -6.40487072e-18  5.80768173e-19  2.78181477e-18  9.99999081e-10],0.5307239799026716,-0.0785556101797194,-2.343516700484639e-20,-8.834165991534629e-26,-3.108461269595188e-25,0.11256525269471261,[ 6.09330914e-02  3.56662087e-04  4.45553638e-06 -3.64484562e-11
 -2.05408433e-10  5.88205952e-04 -3.41595151e-04  3.62115502e-02
  4.49040682e-04  1.55935859e-11  9.45463069e-11 -3.17857894e-04
  8.63973606e-20  8.56519716e-18  9.98613032e-07 -6.64899870e-24
 -3.93612131e-23  2.71585132e-22 -8.01331218e-25  3.45735647e-25
 -6.64893140e-24  9.94497806e-07 -4.55870505e-28  2.97804578e-27
 -1.38294259e-23  6.35895096e-24 -3.93609280e-23 -4.55869940e-28
  9.94497806e-07  1.05399022e-26  8.95236874e-13  2.23954189e-12
  2.79409091e-14 -1.04015424e-21 -5.59126143e-21  3.48796203e-02]
9.664915800094604,base_link,0.6968327848107773,-4.957948715039748,-7.75938080855127e-22,3.615030711726922e-22,7.10092678528067e-23,-0.8905940493977907,0.4547991195871485,[ 1.13786662e-03  3.48318979e-04 -1.03513640e-03  5.37313962e-04
  2.64553410e-03 -1.55554983e-03 -4.94912878e-04  1.44119660e-03
  1.53786462e-03  9.95193719e-05  4.89954780e-04 -2.88346749e-04
 -1.05773239e-19  1.03973294e-19  9.99189302e-07 -1.96692903e-15
 -1.42292745e-14  3.14639793e-23  4.51574440e-20  1.71524172e-20
 -1.96692904e-15  9.98381227e-07 -3.44601732e-20 -3.72375036e-23
  1.25149118e-19  5.36807130e-20 -1.42292745e-14 -3.44800986e-20
  9.98381227e-07 -1.25531402e-22  3.91111792e-18 -3.15959088e-18
 -6.49348106e-18  8.96191185e-19  4.41184364e-18  9.99999195e-10],0.5400353363226511,-0.06649849522959583,-5.975651591284709e-21,-1.0114503212888548e-26,2.535384619539219e-25,0.11882175027757907,[ 6.11134666e-02  4.85785306e-04  6.07345466e-06 -4.35711437e-11
 -1.98277757e-10  7.78559780e-04 -2.30340287e-04  3.62394452e-02
  4.49524575e-04  1.69817391e-11  7.15436621e-11 -4.18715196e-04
 -8.85996463e-19 -6.55942314e-17  9.98784937e-07 -4.81921103e-24
 -3.48611455e-23  1.47973692e-22 -7.62557127e-25  2.94036858e-25
 -4.81918526e-24  9.95174847e-07 -3.33798928e-28  1.07893268e-27
  6.17800520e-24 -2.22304790e-24 -3.48612710e-23 -3.33794459e-28
  9.95174847e-07 -2.61010523e-26  8.63915818e-13  2.22675697e-12
  2.77892289e-14 -1.51300045e-21 -7.07373115e-21  3.48800174e-02]
9.733655214309692,base_link,0.642655097120808,-5.048403699530372,-1.373240148128918e-21,-4.099670413079943e-23,-2.0171963489408737e-23,-0.8813345677274472,0.4724927298156807,[ 1.08472768e-03  3.10695279e-04 -9.24720911e-04  4.45412586e-04
  2.60869294e-03 -1.67171932e-03 -4.63611417e-04  1.47926313e-03
  1.62570299e-03  7.47777974e-05  4.38030480e-04 -2.80924980e-04
 -6.45862622e-21  7.72917564e-21  9.99181758e-07 -1.61744801e-15
 -1.51670480e-14  6.08649551e-23  4.19281309e-20  1.78935710e-20
 -1.61744799e-15  9.98366187e-07 -2.99806808e-20 -4.31717874e-25
  1.05455602e-19  3.54695047e-20 -1.51670478e-14 -3.00300330e-20
  9.98366187e-07  1.83071215e-22  4.15156836e-18 -3.05846257e-18
 -6.89575032e-18  9.72597665e-19  5.69809594e-18  9.99999186e-10],0.5792059575715601,-0.05656784178951465,-2.4171711874577294e-20,-7.092277465197403e-29,6.289198638907433e-27,0.12898891872693158,[ 6.11165934e-02  4.86333854e-04  6.08178048e-06 -2.96027150e-11
 -2.03523861e-10  7.96420072e-04 -1.66328624e-04  3.62244248e-02
  4.49404898e-04  1.21214245e-11  9.44998342e-11 -4.73916688e-04
 -8.63126573e-19 -6.38052979e-17  9.98773639e-07 -3.94635449e-24
 -3.70002587e-23  6.75371213e-22 -4.52364397e-25  1.84176933e-25
 -3.94629968e-24  9.95130267e-07 -2.87715328e-28 -2.23457568e-27
 -3.33457184e-24  1.55096365e-24 -3.69999268e-23 -2.87715801e-28
  9.95130267e-07 -8.25101373e-27  8.17703381e-13  2.22639268e-12
  2.77893072e-14 -4.47137136e-22 -4.21927627e-21  3.48801697e-02]
9.772031307220459,base_link,0.6034796146479605,-5.1159112739839525,-1.3239363731606033e-21,-7.488541669814355e-22,-4.00839740820722e-22,-0.8752873270679239,0.4836032413810821,[ 1.03434952e-03  2.07459816e-04 -6.11343280e-04  2.76816504e-04
  2.37631491e-03 -1.48986595e-03 -3.45072098e-04  1.34623001e-03
  1.66913382e-03  3.12502531e-05  2.68313564e-04 -1.68296766e-04
  8.74561518e-20 -1.97570435e-19  9.99205906e-07 -1.54295345e-15
 -1.58164351e-14  1.64585326e-23  1.64112634e-21  4.03664139e-22
 -1.54295344e-15  9.98414327e-07 -3.07349947e-20  1.87984791e-24
  9.23265913e-20  1.59877469e-20 -1.58164350e-14 -3.07621950e-20
  9.98414327e-07  1.62865866e-22  4.21946555e-18 -3.28229372e-18
 -6.70770764e-18  7.61099161e-19  6.53744016e-18  9.99999210e-10],0.6199392279124507,-0.050881287489851414,-6.842927305949305e-21,3.5889160430279554e-27,-5.416627701581369e-26,0.135860127379136,[ 6.09944813e-02  3.68272420e-04  4.60277086e-06 -1.29622324e-11
 -1.60850522e-10  6.50442200e-04 -1.12876296e-04  3.61767411e-02
  4.48882954e-04  7.52255515e-12  1.02752896e-10 -4.52733777e-04
  1.66865491e-19  1.62630326e-17  9.98809803e-07 -3.76403106e-24
 -3.85780667e-23  1.37417090e-22 -4.60442333e-25  2.66571877e-25
 -3.76402251e-24  9.95272848e-07 -2.94824238e-28 -1.46851553e-28
  1.96455395e-24 -1.24077092e-24 -3.85779664e-23 -2.94824603e-28
  9.95272848e-07  3.07658714e-27  7.85941109e-13  2.22049809e-12
  2.77184881e-14 -2.82859787e-22 -4.63376697e-21  3.48782218e-02]
9.82453441619873,base_link,0.5776595403720012,-5.175509098817149,1.9247744281971943e-21,-2.855531977322381e-21,-1.5222345325257218e-21,-0.8678113317902438,0.4968938442126682,[ 9.36426775e-04  8.70256335e-05 -4.27404043e-04  8.94795603e-05
  2.03543583e-03 -1.33992768e-03 -2.96132523e-04  1.21502693e-03
  1.55424682e-03  8.21920566e-06  1.87055533e-04 -1.23217974e-04
 -1.79200408e-20  6.54332952e-20  9.98891328e-07 -1.84573199e-15
 -2.27130232e-14 -4.29528227e-23 -2.21684404e-22  1.98523347e-22
 -1.84573199e-15  9.97787558e-07 -3.78274028e-20  9.49753571e-24
  8.78796683e-20  1.39231041e-20 -2.27130232e-14 -3.78326663e-20
  9.97787558e-07  2.95670282e-22  4.37911153e-18 -3.28343998e-18
 -6.25098210e-18  3.13862466e-19  7.15317811e-18  9.99998894e-10],0.6239187030455617,-0.041656547665013095,6.434092238473372e-20,5.282378563335381e-26,9.133338174027627e-25,0.14227533459605557,[ 6.08055445e-02  3.01726162e-04  3.77676003e-06 -4.13415040e-13
 -1.39585284e-10  5.45298992e-04 -4.69256192e-05  3.61360312e-02
  4.48193804e-04 -3.25539086e-13  9.96162982e-11 -4.22990773e-04
 -7.24636686e-19 -8.59772323e-17  9.98338832e-07 -4.51182243e-24
 -5.55170737e-23 -1.08762250e-21 -2.42338070e-27  2.52435490e-28
 -4.51188530e-24  9.93420793e-07 -3.64403692e-28 -1.51052172e-27
 -5.22157762e-24  3.72231276e-24 -5.55182134e-23 -3.64403816e-28
  9.93420793e-07 -2.44691125e-26  7.43508960e-13  2.23770308e-12
  2.79261202e-14 -7.21653444e-22 -1.90088344e-20  3.48825420e-02]
9.880234003067017,base_link,0.5655871402978142,-5.233212479018846,-6.129446201916146e-22,7.552583371867332e-22,7.717139564437086e-22,-0.8590497652035439,0.511892079352412,[ 8.69570227e-04 -2.12236264e-05 -3.10837879e-04 -3.70393189e-05
  1.68251380e-03 -1.10404206e-03 -2.14344225e-04  1.03604707e-03
  1.48029073e-03 -4.24645836e-06  1.93157930e-04 -1.26907254e-04
  1.29437222e-20 -3.99164276e-20  9.98971504e-07 -1.16381584e-15
 -2.09430883e-14  1.78846364e-23  2.15066959e-22 -2.82895769e-22
 -1.16381583e-15  9.97947224e-07 -2.37539456e-20  3.63455860e-23
  9.93146131e-20  2.65227192e-20 -2.09430883e-14 -2.37034981e-20
  9.97947224e-07 -1.44296669e-22  4.66871781e-18 -3.00692591e-18
 -5.49561883e-18 -1.59290769e-19  7.25268693e-18  9.99998974e-10],0.6138886586572422,-0.026835342974321604,-4.141326253975057e-20,6.881063065772296e-26,-4.146190738748208e-26,0.14971263293841014,[ 6.06140125e-02  2.00591516e-04  2.50666052e-06  4.96151024e-13
 -1.33474936e-10  4.43078511e-04 -4.88245860e-06  3.60863805e-02
  4.47705758e-04  6.30960466e-13  8.51497602e-11 -3.59454640e-04
 -3.18484388e-19 -5.69206141e-17  9.98458838e-07 -2.83088182e-24
 -5.09315267e-23  1.10460649e-21  8.27988406e-27  1.69636649e-26
 -2.83093339e-24  9.93891644e-07 -2.26313256e-28 -2.63942537e-27
 -2.45569244e-24  1.56388835e-24 -5.09306425e-23 -2.26315369e-28
  9.93891644e-07  1.66408428e-27  6.97810923e-13  2.24207805e-12
  2.79868749e-14 -8.42731191e-23 -3.93934210e-21  3.48792227e-02]
9.932802438735962,base_link,0.5358889837128353,-5.290377896765926,-7.937340002201391e-23,1.2959294147587356e-22,8.730583119067689e-23,-0.8529235275813445,0.522035876255833,[ 9.61425219e-04 -4.23162637e-05 -1.18987075e-04 -9.58374328e-05
  1.50590785e-03 -1.01998383e-03 -1.38275165e-04  1.00546157e-03
  1.52559148e-03 -5.98815860e-06  9.40356801e-05 -6.37325063e-05
 -1.85619329e-21  1.12761261e-19  9.99085848e-07 -8.57607482e-16
 -1.86364219e-14  1.73832966e-23 -2.35845736e-20 -1.49223383e-21
 -8.57607483e-16  9.98175029e-07 -1.74864283e-20  1.82141248e-24
  2.94343949e-20  3.14990377e-21 -1.86364218e-14 -1.74882131e-20
  9.98175029e-07 -4.75630805e-23  4.75264433e-18 -2.95075740e-18
 -4.52709860e-18 -4.05692451e-19  6.36325087e-18  9.99999089e-10],0.6185323617361551,-0.024881329066239185,-1.9846793526234807e-20,-4.068948200573847e-28,1.1528118737384276e-25,0.1511900533150938,[ 6.06436956e-02  1.12431473e-04  1.40410515e-06  1.04402016e-11
 -8.62236810e-11  3.61649442e-04 -1.40864868e-05  3.60944867e-02
  4.47973558e-04 -1.00033253e-11  7.79901353e-11 -3.49185235e-04
 -2.91379334e-19 -9.29703363e-17  9.98630023e-07 -2.09003629e-24
 -4.54046106e-23  8.64987532e-22  2.18104263e-25 -2.10026327e-25
 -2.09006153e-24  9.94564619e-07 -1.67468686e-28  3.09811043e-29
 -1.77068350e-24  1.60266244e-24 -4.54041404e-23 -1.67468966e-28
  9.94564619e-07 -1.02520505e-26  6.54679097e-13  2.22200036e-12
  2.77427272e-14  4.64789783e-22 -4.26401506e-21  3.48755820e-02]
9.964592456817627,base_link,0.5293501985713699,-5.311825076505465,-4.4750762442118435e-22,2.4225180378302217e-23,6.963804548798375e-23,-0.8483748425067645,0.5293960016864715,[ 1.13004209e-03 -6.51476730e-05 -2.22868199e-04 -1.10165880e-04
  1.70917056e-03 -1.16988460e-03 -1.89666200e-04  1.16388971e-03
  1.78147044e-03 -1.00183941e-05  1.55421874e-04 -1.06449931e-04
  6.93508226e-21 -2.79520873e-20  9.99476276e-07 -4.83505743e-16
 -1.05830860e-14  2.88399239e-23 -4.08958095e-21 -6.88214270e-22
 -4.83505745e-16  9.98953646e-07 -9.78694203e-21  1.13347181e-23
  1.49713073e-19  2.70785845e-20 -1.05830860e-14 -9.77175102e-21
  9.98953646e-07 -1.43804883e-23  4.47078072e-18 -2.63581495e-18
 -3.97037095e-18 -3.43410374e-19  5.32741539e-18  9.99999482e-10],0.6019654150528546,-0.02151124201906053,-1.6359437847433947e-20,4.953143845271744e-27,1.9853016853453447e-26,0.1536038626425915,[ 6.08120980e-02  1.37142604e-04  1.71699847e-06  5.20341126e-12
 -7.77314030e-11  4.19801933e-04 -1.00519974e-05  3.61852050e-02
  4.49400877e-04 -4.26211698e-12  6.24344067e-11 -3.92314770e-04
  7.61482620e-19  1.99330569e-16  9.99214824e-07 -1.18539232e-24
 -2.59319464e-23  8.06061260e-22 -2.43145864e-25  1.98717217e-25
 -1.18541748e-24  9.96873972e-07 -9.44667233e-29 -3.50093869e-28
  1.42171668e-25 -1.03397577e-25 -2.59316575e-23 -9.44668978e-29
  9.96873972e-07 -1.43452007e-27  6.29766015e-13  2.20901422e-12
  2.75989346e-14  2.17730593e-22 -3.23017727e-21  3.48786345e-02]
10.01969861984253,base_link,0.5148146843907263,-5.354826025311919,2.662566935276348e-22,-9.03353863221412e-23,-6.946825425820559e-23,-0.8295733087770119,0.5583978199856805,[ 1.03073048e-03 -6.01082429e-05 -1.00415183e-04 -8.68101624e-05
  1.66380918e-03 -1.11706112e-03 -8.90641895e-05  1.08349977e-03
  1.48534323e-03 -3.72878368e-06  7.14936977e-05 -4.80718774e-05
  1.46510230e-20 -8.40680200e-20  9.99205990e-07 -4.42778405e-16
 -1.53032344e-14 -2.25190425e-23  5.63806306e-21  1.02239524e-21
 -4.42778403e-16  9.98414496e-07 -8.52962006e-21 -2.84121426e-24
  9.33853824e-20  1.16202332e-20 -1.53032344e-14 -8.53037677e-21
  9.98414496e-07  4.47209450e-23  4.09907021e-18 -1.95329846e-18
 -2.79216867e-18 -3.24508426e-19  6.22236803e-18  9.99999210e-10],0.5836905060261507,-0.016642338168872103,8.126289936065232e-21,7.017432013944405e-27,-9.890604379095643e-26,0.1791915612887666,[ 6.07671828e-02  8.13598745e-05  1.01847536e-06  2.98960605e-12
 -7.39127036e-11  3.38796313e-04  1.30200060e-05  3.61180902e-02
  4.48411719e-04 -3.25274797e-12  8.22934215e-11 -3.93930146e-04
 -1.20913953e-19 -5.31801166e-17  9.98809929e-07 -1.08717481e-24
 -3.75592552e-23 -7.26579381e-22 -1.44191152e-25  1.56711952e-25
 -1.08715996e-24  9.95273403e-07 -8.27975131e-29 -8.02787372e-28
 -6.59159551e-25  7.36707733e-25 -3.75595558e-23 -8.27976168e-29
  9.95273403e-07  1.11994246e-26  5.84587696e-13  2.26524008e-12
  2.82986589e-14  5.63333451e-22 -1.20353230e-20  3.48819565e-02]
10.059821128845215,base_link,0.5100014069049426,-5.39597855910507,-2.128985323283746e-22,-6.378415668243024e-22,-7.018336939025316e-22,-0.8178168156095622,0.5754786321890982,[ 1.01589558e-03 -5.64193979e-05 -1.31953779e-04 -8.19187797e-05
  1.37007619e-03 -1.00888885e-03 -1.04955834e-04  1.03171423e-03
  1.50023452e-03 -5.53969945e-06  9.26737298e-05 -6.83543288e-05
 -1.85288457e-20  1.16784668e-19  9.98965857e-07 -5.78648594e-16
 -1.96752144e-14  1.85079010e-23 -2.05140792e-22 -6.78288102e-23
 -5.78648595e-16  9.97935979e-07 -1.09913943e-20 -1.31377333e-23
  7.07272511e-20  1.54583513e-20 -1.96752144e-14 -1.10044049e-20
  9.97935979e-07  5.91081562e-23  4.84817615e-18 -2.11081763e-18
 -3.15614408e-18 -3.59606650e-19  6.01667452e-18  9.99998969e-10],0.5800137581057164,-0.008017801254820555,-7.863228598221632e-20,2.0584092336081186e-26,4.712252244479185e-25,0.19174194766472596,[ 6.07122682e-02  8.44352180e-05  1.05535087e-06  3.07757493e-12
 -6.36289599e-11  2.96968321e-04  2.51783058e-06  3.61092687e-02
  4.48186830e-04 -2.70821639e-12  6.22650717e-11 -3.62325628e-04
 -8.74561518e-20 -3.70797143e-17  9.98450386e-07 -1.41181571e-24
 -4.79874423e-23  1.18569958e-21 -7.06819371e-26  6.22001047e-26
 -1.41187493e-24  9.93858500e-07 -1.05697201e-28 -3.81572270e-28
 -3.61891518e-25  3.61891518e-25 -4.79866782e-23 -1.05697900e-28
  9.93858500e-07 -8.78764878e-27  5.55985284e-13  2.28256650e-12
  2.85079014e-14  1.64922503e-22 -4.06289431e-21  3.48804955e-02]
10.122656106948853,base_link,0.5068212810232438,-5.442860893002254,-1.4652219450530943e-22,4.458301522201193e-22,4.405415445843394e-22,-0.8092991898406547,0.5873966473544601,[ 1.01250994e-03 -1.00266057e-04 -3.28163098e-06 -1.57830375e-04
  1.25483257e-03 -9.78800892e-04 -7.56242589e-05  9.86415973e-04
  1.61292630e-03 -3.56029938e-06  2.83078733e-05 -2.20734609e-05
 -2.28963594e-21 -4.17163727e-20  9.98991682e-07 -1.78062365e-16
 -1.86935239e-14  9.06416758e-24  1.93229391e-21  3.22600439e-23
 -1.78062368e-16  9.97987419e-07 -3.31500074e-21  1.08078784e-23
  2.87991202e-20  3.97046694e-22 -1.86935239e-14 -3.31255665e-21
  9.97987419e-07 -7.07093888e-23  4.62999310e-18 -1.82006817e-18
 -2.25123735e-18 -6.92192347e-19  5.50112282e-18  9.99998995e-10],0.5549503732774346,0.001259980620578422,-1.80645735585928e-20,-2.9591821956006787e-26,2.7316947431458315e-25,0.1899627501314056,[ 6.06601598e-02  5.10737300e-05  6.37675759e-07  6.66204455e-12
 -4.22650089e-11  2.30953098e-04  3.17589729e-05  3.61002684e-02
  4.48174470e-04 -1.10935249e-11  7.24889118e-11 -3.66761865e-04
 -5.91864272e-20 -4.16333634e-17  9.98489045e-07 -4.34632556e-25
 -4.55654079e-23  5.10994780e-22  1.09052132e-25 -1.80945759e-25
 -4.34659356e-25  9.94010326e-07 -3.16939371e-29  9.82645630e-28
 -1.34416850e-24  2.30059608e-24 -4.55651938e-23 -3.16939933e-29
  9.94010326e-07 -9.11512665e-27  5.06903123e-13  2.27608210e-12
  2.84316964e-14  5.90453834e-22 -3.76764554e-21  3.48787731e-02]
10.181710243225098,base_link,0.513862536800138,-5.475623124189478,-1.2731124868692387e-22,-7.639346620980209e-22,-5.724329358024286e-22,-0.7906781250866676,0.6122320658944875,[ 1.04865307e-03 -2.31010199e-05 -1.03506329e-04 -2.80446741e-05
  1.26650829e-03 -9.57852746e-04 -8.46509065e-05  1.00104235e-03
  1.46223384e-03 -8.35740779e-07  3.77324972e-05 -2.85282926e-05
 -9.39677176e-22  7.94093388e-21  9.99063715e-07  6.55687993e-17
 -1.62244046e-14  6.40332597e-24 -2.61389074e-22  3.18981524e-23
  6.55687986e-17  9.98130927e-07  1.13539846e-21  6.11583822e-25
  1.01643954e-20  1.95214625e-22 -1.62244046e-14  1.13729154e-21
  9.98130927e-07  3.72135689e-23  4.45721292e-18 -1.27680037e-18
 -2.15617209e-18 -1.14311994e-19  5.17038863e-18  9.99999068e-10],0.5199773959168205,0.013153708453169547,-6.559083174896508e-20,3.1100944791860055e-27,3.9905884281814784e-25,0.20827759987146222,[ 6.07061632e-02  6.04036031e-05  7.54161941e-07  3.20579044e-14
 -4.28767296e-11  2.11135758e-04 -2.38921493e-05  3.61003876e-02
  4.48313470e-04 -3.06775934e-13  7.87836310e-11 -3.62388523e-04
 -2.17052193e-20 -1.29020059e-17  9.98596885e-07  1.59366869e-25
 -3.95840459e-23  6.97490012e-22 -2.46124602e-28  1.66607423e-27
  1.59354955e-25  9.94434262e-07  1.08651561e-29 -3.67250979e-29
 -1.55742600e-24  2.86928275e-24 -3.95836926e-23  1.08650558e-29
  9.94434262e-07 -4.53580975e-27  4.64177132e-13  2.25178556e-12
  2.81337508e-14  2.80276919e-23 -3.67878699e-21  3.48761784e-02]
10.225360870361328,base_link,0.4987514429772926,-5.510675063056655,-1.4548425071349068e-22,1.876457967134744e-22,1.4296527633790914e-22,-0.7812435638375664,0.6242263163007294,[ 1.09330079e-03 -6.90681554e-05 -5.31163168e-06 -1.07245254e-04
  1.27631533e-03 -1.03831557e-03 -3.53363939e-05  1.06233228e-03
  1.58433056e-03 -2.79745627e-06  3.32928897e-05 -2.71467174e-05
  7.95416877e-21 -8.44915365e-20  9.99136001e-07  2.11500776e-16
 -1.46915416e-14  2.93922131e-23 -5.71747239e-21 -6.07150570e-22
  2.11500773e-16  9.98274980e-07  3.59791051e-21 -1.23729622e-24
 -3.68459332e-20 -3.86458782e-21 -1.46915415e-14  3.59101910e-21
  9.98274980e-07 -5.21232456e-23  4.23679433e-18 -1.05598903e-18
 -1.23037234e-18 -4.11921325e-19  4.90230958e-18  9.99999140e-10],0.5155269507388659,0.009057623953755622,-2.620852090560303e-20,1.4418571133603924e-26,-2.752541285968524e-25,0.21159642381483784,[ 6.07852616e-02  2.72107136e-05  3.39452603e-07  2.99540951e-12
 -3.58265230e-11  1.93022747e-04  2.06749537e-05  3.61173153e-02
  4.48634627e-04 -5.44137802e-12  6.52631848e-11 -3.97830542e-04
 -4.97631857e-21 -6.61363325e-18  9.98705118e-07  5.16691726e-25
 -3.59282597e-23  1.34716369e-21 -6.70468661e-26  1.22784622e-25
  5.16615293e-25  9.94860303e-07  3.46237152e-29 -9.60074923e-28
 -2.77880987e-25  4.91138489e-25 -3.59272567e-23  3.46240082e-29
  9.94860303e-07  1.76686013e-26  4.28780502e-13  2.23124991e-12
  2.78823900e-14  3.95624950e-22 -4.71378226e-21  3.48755147e-02]
10.247303247451782,base_link,0.49905368282744705,-5.527198888393422,1.6555970799194667e-22,-1.0384378160285007e-22,-5.980291608303556e-23,-0.7769044591427927,0.6296185046232716,[ 1.13550344e-03 -4.41541124e-05 -7.28280050e-05 -5.79712043e-05
  1.38540377e-03 -1.19169509e-03 -5.24456627e-05  1.16451239e-03
  1.68944826e-03 -1.96569425e-06  4.70093151e-05 -4.04679785e-05
 -1.53524722e-21  8.99972506e-21  9.99241585e-07  1.68349875e-16
 -1.28299483e-14 -1.93836312e-24 -1.27385814e-22 -4.67357046e-23
  1.68349875e-16  9.98485465e-07  2.84229022e-21  4.87226747e-24
 -1.13714173e-19 -7.64976630e-21 -1.28299483e-14  2.84942439e-21
  9.98485465e-07  3.04643434e-23  4.31054462e-18 -9.21127625e-19
 -1.40059130e-18 -2.13788147e-19  5.11563354e-18  9.99999246e-10],0.5098522999199808,0.01179209654036748,-4.214572656318268e-21,7.181912949297579e-27,3.663575752949936e-26,0.21229196919588467,[ 6.09183659e-02  5.29380632e-05  6.61692516e-07  3.53216389e-13
 -3.51243449e-11  2.12750313e-04  1.36820599e-05  3.61363888e-02
  4.48975759e-04 -7.25555028e-13  7.42958854e-11 -4.57175215e-04
  6.77626358e-21  4.66206934e-18  9.98863239e-07  4.10588566e-25
 -3.13481872e-23  1.15963377e-22  1.18644680e-26 -2.43347812e-26
  4.10579251e-25  9.95483660e-07  2.73492277e-29 -5.35081994e-28
 -3.68353867e-25  7.75481824e-25 -3.13481769e-23  2.73489280e-29
  9.95483660e-07 -2.75928615e-27  4.13386444e-13  2.22101851e-12
  2.77600651e-14 -2.82768796e-23 -2.08369049e-21  3.48751548e-02]
10.311954498291016,base_link,0.5023078759839048,-5.568571480302227,-5.392701233256506e-22,3.157462944295752e-22,2.8669815775546674e-22,-0.763133103229429,0.6462413378571674,[ 1.31577320e-03 -5.87030299e-05 -1.37054652e-04 -8.40333478e-05
  1.49497043e-03 -1.44759233e-03 -1.09751745e-04  1.40822484e-03
  2.25057292e-03 -4.05750298e-06  7.22041286e-05 -6.99577037e-05
 -1.02490987e-19  3.56600871e-19  9.99566106e-07  1.02958755e-16
 -7.05438384e-15  2.20371335e-23  8.27180613e-21  1.34995876e-21
  1.02958754e-16  9.99132965e-07  1.67216993e-21  1.71325647e-24
  8.47032947e-21  8.60267837e-22 -7.05438382e-15  1.67105410e-21
  9.99132965e-07 -4.97360078e-23  3.31283742e-18 -6.93239082e-19
 -1.22999563e-18 -2.08501578e-19  3.71071900e-18  9.99999572e-10],0.48638332015570246,0.019491758663862283,-1.597490146239801e-20,1.0954848592941037e-26,-1.0568496348228005e-25,0.21585023233127718,[ 6.12096075e-02  1.03548751e-04  1.30086291e-06  1.22055058e-12
 -2.67752199e-11  2.39282927e-04  3.44961882e-05  3.62289548e-02
  4.50395163e-04 -2.15247721e-12  5.32620313e-11 -5.47545758e-04
  4.58668341e-19  1.58781408e-16  9.99349441e-07  2.53047046e-25
 -1.73735208e-23  4.22389441e-22 -1.43181410e-25  2.52435490e-25
  2.53033697e-25  9.97407858e-07  1.62845432e-29 -3.66697329e-28
  2.91128802e-24 -5.79026429e-24 -1.73733559e-23  1.62845112e-29
  9.97407858e-07  3.54104763e-27  3.66113959e-13  2.20576335e-12
  2.75890072e-14  1.97746208e-22 -3.81467714e-21  3.48825655e-02]
10.373631477355957,base_link,0.48271208392205034,-5.602666971730242,-1.3606481289266065e-21,3.9768134931207224e-22,3.2758981681801167e-22,-0.7599019155518771,0.6500377517810699,[ 1.26682196e-03 -2.11683800e-05 -5.60374703e-05 -2.75468371e-05
  1.35892047e-03 -1.19837746e-03 -6.71946182e-05  1.25455788e-03
  2.20732427e-03 -7.33115520e-08  3.59743366e-06 -3.13770691e-06
 -8.77473194e-21  8.95737342e-20  9.99391523e-07  3.05228407e-16
 -9.44303476e-15 -7.80830556e-23 -1.40951576e-21  1.60679834e-22
  3.05228408e-16  9.98784525e-07  4.73570189e-21  1.04486585e-24
  7.31624708e-20 -3.10358166e-21 -9.44303486e-15  4.73818515e-21
  9.98784525e-07  5.66542195e-23  3.75073132e-18 -4.37742300e-19
 -7.71706089e-19 -7.71724133e-20  3.80929442e-18  9.99999397e-10],0.4656009858038524,0.009183068105356861,-7.205207246099994e-20,-1.1213261943537562e-27,-2.949234312553454e-26,0.20098602778289537,[ 6.10485157e-02  5.32657141e-05  6.69513882e-07  5.96286364e-15
 -1.06188047e-11  1.30115130e-04 -5.71785495e-06  3.62030864e-02
  4.49968136e-04 -7.76256307e-13  6.19408214e-11 -4.62410114e-04
 -1.08102580e-19 -7.27499658e-17  9.99087839e-07  7.50828452e-25
 -2.32407759e-23 -2.31337177e-21 -1.49883572e-29 -3.63507105e-27
  7.50847682e-25  9.96371179e-07  4.61229253e-29 -3.58771482e-29
 -5.00832012e-26  2.97268033e-25 -2.32416278e-23  4.61229040e-29
  9.96371179e-07 -9.37424374e-28  3.15686117e-13  2.25458541e-12
  2.82026937e-14  7.18338155e-23 -5.44966758e-21  3.48874795e-02]
10.417582273483276,base_link,0.47704375795095577,-5.665547016525844,6.448177199576795e-22,-1.0612601998975069e-21,-9.566999370255366e-22,-0.7289592660954428,0.6845570745917344,[ 1.09462492e-03 -1.04779626e-04  2.69380027e-04 -1.67966463e-04
  9.81515548e-04 -8.00145930e-04  1.05670034e-04  9.09557141e-04
  1.54978608e-03  1.13477833e-05 -6.62538655e-05  5.40990736e-05
  1.44524997e-20  4.88102736e-20  9.98807898e-07  5.37156596e-16
 -1.88166051e-14 -4.82426822e-23 -3.32460432e-20  3.34511840e-21
  5.37156606e-16  9.97621463e-07  8.47590578e-21  2.28450218e-24
  4.89161527e-20 -1.17261124e-20 -1.88166051e-14  8.49994004e-21
  9.97621463e-07  1.01339198e-22  4.41537480e-18 -5.04011287e-19
  9.06281711e-19 -6.58658881e-19  3.84236751e-18  9.99998812e-10],0.49448851056688764,0.011963696152832722,1.3374221140847304e-19,2.752048634375717e-26,1.0996436190899535e-25,0.23969860322705655,[ 6.06374968e-02 -9.82629135e-05 -1.23267032e-06  2.76541700e-13
  1.64216955e-11  3.13145937e-05  4.47066268e-05  3.61157060e-02
  4.48509536e-04 -1.80420839e-11  4.63581891e-11 -3.16815314e-04
  9.27501077e-20 -3.33392168e-17  9.98213974e-07  1.30856825e-24
 -4.58662078e-23 -3.21193865e-21  1.38839519e-26 -9.27347015e-25
  1.30890330e-24  9.92931488e-07  8.12960098e-29 -6.44926094e-28
  2.13257502e-25  6.00998414e-25 -4.58687801e-23  8.12952540e-29
  9.92931488e-07 -2.30513274e-27  2.79352645e-13  2.27357716e-12
  2.84200768e-14  1.21572297e-21 -3.22615435e-21  3.48876092e-02]
10.469863176345825,base_link,0.4734520280406747,-5.715600541904604,6.413502056212419e-22,-9.003376907792325e-22,-1.0056593826900213e-21,-0.7133211826206252,0.70083727813574,[ 1.18194352e-03 -7.44434719e-05  1.61161565e-04 -8.65596629e-05
  8.86529325e-04 -8.48857103e-04  1.12883225e-04  9.50308791e-04
  1.80456445e-03  3.01095177e-06 -3.08407572e-05  2.95353752e-05
  2.51462906e-22 -4.97631857e-21  9.99148597e-07  1.92345491e-16
 -1.37942887e-14 -9.20434526e-24 -6.94831715e-23  6.82424005e-24
  1.92345492e-16  9.98300086e-07  3.12323508e-21 -6.60313314e-24
  5.91864272e-20 -2.55102501e-21 -1.37942887e-14  3.12687963e-21
  9.98300086e-07  1.03556473e-22  4.19281340e-18 -1.68521933e-19
  7.25293312e-19 -2.98464972e-19  3.06026951e-18  9.99999154e-10],0.4977862291418016,0.011607764716557573,-5.77340519161895e-22,2.076153093373147e-26,-8.023088684224958e-27,0.24612034223268217,[ 6.07040357e-02 -9.68200620e-05 -1.21570691e-06 -6.69448954e-13
  2.30134192e-12  1.52175533e-05  2.65481649e-05  3.61594558e-02
  4.49330099e-04 -1.10367849e-12  4.43015644e-11 -3.36015930e-04
  2.26793072e-19 -8.38088279e-17  9.98723980e-07  4.71075783e-25
 -3.38181730e-23 -3.70584418e-23 -1.35305422e-26 -2.18104263e-26
  4.71069062e-25  9.94934628e-07  3.01384238e-29 -4.65950825e-28
  2.70610845e-26  5.23450231e-25 -3.38181913e-23  3.01382136e-29
  9.94934628e-07  1.83125197e-28  2.53220974e-13  2.25121657e-12
  2.81585147e-14  5.12532102e-22 -5.23259844e-21  3.48894618e-02]
10.53203272819519,base_link,0.4905383025702049,-5.789636353867637,1.8565962296126194e-21,1.0064647972557814e-22,6.629241831473909e-23,-0.6740843781226059,0.7386543516226379,[ 1.44281410e-03  4.06230647e-05  1.13088829e-04  6.86310573e-05
  1.02164466e-03 -1.00435035e-03  1.08140503e-04  1.15673394e-03
  2.10365752e-03 -3.86257894e-06 -5.74709223e-05  5.65732377e-05
  7.41153829e-22 -7.94093388e-21  9.99388355e-07  3.85362777e-16
 -1.01491179e-14 -4.31845077e-23 -7.04096137e-21  8.21390348e-22
  3.85362775e-16  9.98778203e-07  6.39624809e-21 -1.83910759e-24
 -5.64335701e-20  1.08658445e-20 -1.01491180e-14  6.39488173e-21
  9.98778203e-07 -7.35095909e-24  4.54549581e-18  4.32864338e-19
  8.64846177e-19  1.95338800e-19  2.90640551e-18  9.99999394e-10],0.5177578779105851,0.023479057582470413,4.799839652281537e-20,-1.7043969660381258e-26,5.83918374196963e-26,0.28374543206272873,[ 6.09740330e-02 -8.32122751e-05 -1.04574364e-06  9.85579666e-13
  1.82563153e-11 -4.32617674e-05 -4.97573055e-05  3.62883210e-02
  4.51146287e-04  3.75958259e-12  3.97461560e-11 -3.92933592e-04
  1.37431096e-19 -5.92516487e-17  9.99083092e-07  9.48043800e-25
 -2.49810856e-23 -9.29623342e-22 -1.34295681e-25 -5.12141121e-25
  9.48032419e-25  9.96352399e-07  6.22688697e-29  3.07716994e-28
 -1.31508793e-24 -2.86282040e-24 -2.49814172e-23  6.22689912e-29
  9.96352399e-07 -1.07177474e-27  2.21584320e-13  2.24172417e-12
  2.80555502e-14 -3.62364121e-22 -5.33681539e-21  3.48941655e-02]
10.581907272338867,base_link,0.5230031990985045,-5.87582825364684,-1.0683230729731706e-21,6.367486613722286e-23,6.377491828063574e-23,-0.6354404628945844,0.7721498676528517,[ 1.45153524e-03  1.25242688e-04  1.40239848e-04  1.94402597e-04
  9.50163941e-04 -7.91325763e-04  2.47336116e-04  1.02002025e-03
  3.18230647e-03 -2.91183388e-05 -1.42183046e-04  1.18579912e-04
  3.67135843e-20 -3.26531201e-19  9.99299507e-07  1.04659246e-15
 -1.25577526e-14  1.51397772e-23 -1.56171700e-21  3.24254800e-22
  1.04659246e-15  9.98600972e-07  1.87662494e-20 -3.30094678e-24
 -6.41098062e-20  3.70576914e-20 -1.25577526e-14  1.87750250e-20
  9.98600972e-07 -5.18552766e-23  4.67298668e-18  1.20051302e-18
  3.18460598e-18  5.93078763e-19  2.89539280e-18  9.99999306e-10],0.5643738462827034,0.03921825714796348,-9.727630475246678e-22,2.105129527226522e-28,2.994665314689591e-26,0.31892264801256637,[ 6.07676562e-02 -1.56439608e-04 -1.96486346e-06  8.45825934e-12
  4.70045171e-11 -1.39439268e-04 -7.64383003e-05  3.63125205e-02
  4.51435556e-04  1.41637666e-11  2.97211955e-11 -3.01118620e-04
  1.90582413e-19 -4.38017678e-17  9.98949995e-07  2.56623645e-24
 -3.08027269e-23  2.15148793e-22  8.07793567e-26  1.35709319e-25
  2.56625016e-24  9.95826211e-07  1.81660139e-28 -3.31440990e-29
 -3.61891518e-24 -2.26828434e-24 -3.08027493e-23  1.81660474e-28
  9.95826211e-07 -5.10651022e-27  1.87059230e-13  2.25558808e-12
  2.82298947e-14 -8.50406872e-22 -1.58984424e-21  3.48940262e-02]
10.63176679611206,base_link,0.5199946222292812,-5.947419383375627,8.333016793749235e-22,4.304972459314977e-23,2.6124395990027414e-23,-0.6168050026308055,0.7871159944567332,[ 1.38396237e-03  1.09591696e-04  3.36035183e-04  1.46864856e-04
  1.01694445e-03 -9.04791282e-04  3.26069683e-04  1.02599999e-03
  2.61486077e-03 -1.79845172e-05 -1.24546552e-04  1.10863306e-04
  3.90429249e-22 -8.36445035e-21  9.99305801e-07  7.68434913e-16
 -1.33305300e-14 -1.21806929e-23 -1.07202607e-21  2.97785021e-22
  7.68434920e-16  9.98613525e-07  1.47479834e-20  7.21715699e-24
 -1.18584613e-20  2.48815928e-21 -1.33305300e-14  1.47537935e-20
  9.98613525e-07  1.41309924e-23  5.00160248e-18  1.49442223e-18
  3.80725241e-18  4.58851409e-19  3.17839284e-18  9.99999312e-10],0.5844934320520374,0.026796686956580076,2.263159292377496e-21,-2.329043264293275e-27,1.5316627423827153e-26,0.32114480954511976,[ 6.07531383e-02 -1.97914196e-04 -2.48520031e-06  5.01120578e-12
  3.78110587e-11 -1.91596661e-04 -4.15430404e-05  3.62963676e-02
  4.51292427e-04  4.38543328e-12  4.28219220e-11 -3.37951166e-04
  5.37442405e-19 -9.75781955e-17  9.98959422e-07  1.88390894e-24
 -3.26988572e-23  1.64541497e-22  8.07793567e-27  7.27014210e-27
  1.88391348e-24  9.95863454e-07  1.42850984e-28 -2.80067430e-28
 -4.20052655e-25 -4.78213792e-25 -3.26987732e-23  1.42850782e-28
  9.95863454e-07  1.31680352e-27  1.50042278e-13  2.27093691e-12
  2.84262963e-14 -3.54171653e-22 -3.11383152e-21  3.48938815e-02]
10.662051439285278,base_link,0.5569604061873453,-6.021943609404015,-1.5032000446125717e-21,-1.411617724577151e-22,-1.602226361672339e-22,-0.5791531055676059,0.8152187929086262,[ 1.43677040e-03 -1.57007744e-05  9.20305759e-04 -7.87482429e-05
  1.22967122e-03 -1.35401376e-03  4.75664638e-04  1.33787135e-03
  2.84217971e-03  1.59421174e-05 -2.48394844e-04  2.73687988e-04
 -4.79632406e-20 -1.05243844e-19  9.99450275e-07  3.87044234e-16
 -1.05165401e-14  3.65933921e-23 -1.69671287e-20  1.00585162e-21
  3.87044232e-16  9.98901756e-07  7.40376853e-21  6.75015811e-25
  2.36110434e-20 -9.52912066e-21 -1.05165401e-14  7.40476540e-21
  9.98901756e-07  6.59478986e-24  4.68616951e-18  1.08629887e-18
  5.34177711e-18 -2.21695213e-19  3.45112636e-18  9.99999455e-10],0.6413478285390978,0.039522813962639,-8.378596298930814e-20,5.69171179403383e-27,-3.807358833171282e-26,0.359735819767002,[ 6.11342257e-02 -3.45845707e-04 -4.34409211e-06 -4.74302275e-12
  5.96058709e-11 -3.76646814e-04  2.79401429e-05  3.63353491e-02
  4.51906371e-04 -1.10192297e-11  4.82555115e-11 -4.90610194e-04
 -1.13333008e-18  1.17798566e-16  9.99175864e-07  9.49746003e-25
 -2.58344915e-23  1.09085433e-21 -2.81919955e-25 -6.54312789e-25
  9.49744659e-25  9.96719636e-07  7.17999391e-29 -5.04164443e-29
 -2.31352078e-24 -1.87408108e-24 -2.58342256e-23  7.17999267e-29
  9.96719636e-07  3.43000963e-28  1.30483867e-13  2.27656435e-12
  2.85058373e-14  6.83258842e-22 -2.69825268e-21  3.48956435e-02]
10.715856075286865,base_link,0.5509619657180975,-6.105698112125672,8.279949843881834e-22,3.8612844551222247e-23,4.2435193984260776e-23,-0.5426687368873546,0.8399468090332167,[ 1.17478118e-03  1.31613517e-04  1.37330531e-04  1.82155031e-04
  9.64904666e-04 -6.52204136e-04  2.04557349e-04  7.74599077e-04
  1.39467672e-03 -1.07050887e-05 -5.66852229e-05  3.83356084e-05
 -3.21607822e-20  7.11507676e-20  9.99486813e-07  2.88209197e-16
 -1.08575128e-14  1.10783903e-24  3.02549581e-20 -2.09938439e-21
  2.88209197e-16  9.98974679e-07  6.09838028e-21 -4.79244987e-25
  6.44803831e-20 -7.47771274e-21 -1.08575128e-14  6.09840374e-21
  9.98974679e-07 -2.62044186e-24  3.92896481e-18  1.52917561e-18
  2.48453687e-18  5.58710342e-19  2.95716871e-18  9.99999494e-10],0.6607094104470794,0.015797497272815725,-6.091348918520188e-21,4.878007293504609e-29,8.661687304337774e-26,0.37978552964764883,[ 6.04390951e-02 -4.06314502e-05 -5.11841168e-07  7.50484585e-12
  3.38521061e-11 -1.67876520e-04  7.23928679e-06  3.62015963e-02
  4.50298545e-04  9.94299496e-12  3.22496371e-11 -2.34937445e-04
 -8.75620309e-20  7.70325644e-17  9.99230614e-07  7.06095354e-25
 -2.66561903e-23  2.51814423e-22  7.43170082e-26  9.85508152e-26
  7.06109799e-25  9.96936557e-07  5.90037604e-29 -5.78478167e-31
  7.49632430e-25  7.10858339e-25 -2.66561239e-23  5.90038294e-29
  9.96936557e-07 -1.17440394e-27  9.57107521e-14  2.31991509e-12
  2.90562114e-14 -6.18232145e-22 -1.38620118e-21  3.48973158e-02]
10.76993179321289,base_link,0.6300936401512043,-6.254950402076964,1.866379565164956e-21,9.747071092067085e-22,1.798860650672977e-21,-0.4549406594259047,0.8905217551531928,[ 1.10796993e-03  4.98209993e-05  5.76428476e-04  4.49190333e-05
  9.73871517e-04 -7.97175923e-04  3.80575540e-04  8.49691656e-04
  1.76602592e-03 -9.27965415e-06 -2.01824961e-04  1.65366549e-04
 -4.98161252e-20 -1.44630876e-19  9.99281158e-07  2.78576348e-16
 -1.77961620e-14 -3.18635641e-23 -3.34842712e-21 -1.50877744e-21
  2.78576345e-16  9.98564378e-07  6.89838469e-21 -1.43765356e-24
  2.22346149e-20 -1.01643954e-20 -1.77961620e-14  6.90001821e-21
  9.98564378e-07 -6.04769970e-23  5.94013091e-18  3.13124516e-18
  8.16842166e-18  1.47538274e-19  3.21180570e-18  9.99999287e-10],0.7791994798027065,0.01965067559845649,3.7313966719702766e-20,-6.202613353752425e-26,-2.0031139816799116e-25,0.4614822539670919,[ 6.04865447e-02 -1.69773353e-04 -2.13430812e-06  2.08161545e-12
  8.83773778e-11 -3.45077957e-04  9.24791675e-05  3.62133384e-02
  4.50349213e-04 -5.08260412e-12  2.98461278e-11 -2.42844932e-04
  2.84603070e-19 -5.98479599e-17  9.98922510e-07  6.82617636e-25
 -4.36971735e-23 -8.08845150e-22  1.49441810e-26 -4.03896783e-26
  6.82593168e-25  9.95717669e-07  6.67843410e-29  5.22267185e-28
 -1.42171668e-24 -4.84676140e-25 -4.36974967e-23  6.67845023e-29
  9.95717669e-07  1.71784628e-27  5.71954729e-14  2.39554904e-12
  3.00019706e-14  3.32116881e-22 -4.66691185e-21  3.48985359e-02]
10.8175208568573,base_link,0.7244369512171868,-6.3595821914076245,-9.615720186816834e-23,3.4938157985096928e-22,5.502230328086875e-22,-0.3786732903526516,0.9255304096427607,[ 1.31898196e-03 -1.82758115e-04  1.22357541e-03 -3.11886135e-04
  1.28790717e-03 -1.19428985e-03  6.23128930e-04  1.27981068e-03
  1.98618940e-03  9.00313520e-05 -3.71693488e-04  3.44856268e-04
  1.02702745e-19  1.05085025e-19  9.99343553e-07  2.72672419e-16
 -1.84087817e-14  2.48941900e-24  1.66759611e-20 -6.32627732e-21
  2.72672421e-16  9.98688826e-07  7.65183104e-21 -4.88092064e-24
  3.59989003e-20 -1.83700270e-20 -1.84087817e-14  7.63980472e-21
  9.98688826e-07 -2.59387283e-23  6.63838275e-18  4.49250807e-18
  1.20865014e-17 -6.17597841e-19  2.54944582e-18  9.99999350e-10],0.8626634413325728,0.026113918560469573,-8.060223957023388e-21,6.654121706644744e-26,-4.862974129538592e-25,0.5218119712763051,[ 6.09903471e-02 -3.77337914e-04 -4.73892980e-06 -3.15183162e-11
  1.10244841e-10 -6.52127459e-04  2.53429636e-04  3.63575220e-02
  4.52257468e-04 -9.91032599e-12  2.06704185e-11 -2.78728985e-04
  2.59192082e-19 -2.47198095e-17  9.99015975e-07  6.65694765e-25
 -4.51171909e-23  1.16560226e-22  5.42837277e-25  1.71252236e-25
  6.65679075e-25  9.96086937e-07  7.36586917e-29 -8.20356510e-28
 -1.86115638e-24 -3.45735647e-25 -4.51171204e-23  7.36588290e-29
  9.96086937e-07  5.67496026e-27  2.58974157e-14  2.44135961e-12
  3.05828476e-14  9.32240827e-22 -1.70455835e-21  3.48975994e-02]
10.873742818832397,base_link,0.7985444869852951,-6.403203417247501,-1.4252365669700738e-21,-2.8118272670754655e-23,-1.254566275594313e-22,-0.30996550223251934,0.9507478043233873,[ 1.36573419e-03 -6.97703508e-05  8.46941004e-04 -7.25274928e-05
  1.13194004e-03 -8.57696178e-04  6.26324938e-04  1.01664406e-03
  2.22982535e-03  1.86842924e-05 -2.91532047e-04  2.21075029e-04
 -5.59571141e-20 -1.60195106e-19  9.99437853e-07  2.93364863e-16
 -1.56426256e-14  1.71852805e-23 -9.35706709e-21  4.23516474e-21
  2.93364863e-16  9.98876967e-07  8.16377124e-21 -3.30104883e-25
  8.85149430e-20 -5.83923338e-20 -1.56426256e-14  8.16361288e-21
  9.98876967e-07  3.27649185e-24  5.78156990e-18  4.28649398e-18
  1.13038319e-17 -7.74934185e-20  1.20924461e-18  9.99999446e-10],0.8592632113237378,0.03534059884075212,-1.1006245702285847e-20,-1.2460659300765706e-26,-4.0804827556492665e-25,0.5593386279550048,[ 6.07868247e-02 -1.57152768e-04 -1.97630872e-06 -6.29911740e-12
  8.46036738e-11 -5.02191446e-04  3.94838629e-04  3.63395214e-02
  4.52151562e-04 -9.76781249e-13  2.81463298e-12 -1.62521452e-04
 -2.50298236e-19  5.71374545e-17  9.99157252e-07  7.18908737e-25
 -3.84548015e-23  7.87716300e-23 -5.46876245e-25 -8.68378084e-26
  7.18910750e-25  9.96645927e-07  7.90998938e-29  9.79166112e-29
  1.83530698e-24  5.85650336e-26 -3.84547620e-23  7.91000014e-29
  9.96645927e-07  3.03197727e-27 -1.97588121e-14  2.53330690e-12
  3.17464476e-14  9.85135081e-23 -2.00783931e-22  3.48992786e-02]
10.922123432159424,base_link,0.970154221952713,-6.448560281929947,-4.053722400973965e-23,-7.587082966252633e-23,3.020362818948063e-21,-0.18451947522725898,0.9828288575646611,[ 1.10248162e-03 -1.28784966e-04  7.05401267e-04 -1.88211548e-04
  1.54331751e-03 -7.77800781e-04  4.30784239e-04  8.74221543e-04
  1.43579498e-03  3.72653987e-05 -3.05409258e-04  1.54093661e-04
  1.15937635e-20  1.69406589e-20  9.99113173e-07  1.48754715e-15
 -2.71978361e-14 -2.09538146e-26  1.12231866e-20 -3.18960844e-21
  1.48754714e-15  9.98229484e-07  4.56020909e-20  9.62149102e-24
 -3.26107685e-20  1.40819227e-20 -2.71978361e-14  4.56102679e-20
  9.98229484e-07 -4.50144085e-23  4.61414286e-18  6.59380160e-18
  1.15962236e-17  6.33826957e-20 -5.18722258e-19  9.99999121e-10],0.9592256509784308,0.06949202242940329,-2.2978029081783818e-21,-2.3849470576429225e-26,-4.29618412455442e-25,0.6636557810902913,[ 6.07703663e-02 -1.31533481e-04 -1.65455559e-06 -2.82104500e-11
  1.86891205e-10 -4.73657915e-04  3.35305231e-04  3.61808538e-02
  4.49986783e-04 -4.03620593e-12  2.63070983e-12 -1.09204846e-04
  2.17687467e-19 -5.91432285e-17  9.98670936e-07  3.63965013e-24
 -6.65949714e-23 -3.30379996e-24  4.32977352e-25  6.22001047e-26
  3.63965158e-24  9.94725716e-07  4.40378202e-28  1.05009061e-28
  1.25886549e-23  1.70040546e-25 -6.65949568e-23  4.40378463e-28
  9.94725716e-07  1.90606114e-27 -5.15411010e-14  2.66201644e-12
  3.33507193e-14  2.82179908e-22  1.63185302e-21  3.48990631e-02]
10.967343807220459,base_link,1.0250376086667492,-6.448362914350314,-3.526677603631978e-22,-1.1629488659726227e-22,6.378694158638815e-22,-0.1392292851925519,0.9902601709373002,[ 1.17205449e-03 -1.30711152e-04  8.44961004e-04 -1.66577721e-04
  9.91637461e-04 -6.35135914e-04  5.38032924e-04  8.28503413e-04
  1.89053507e-03  5.46117020e-05 -3.24841472e-04  2.08425015e-04
  5.31513174e-20  1.07255547e-19  9.99174795e-07  1.92287095e-15
 -2.47940976e-14  3.18073380e-24 -5.92923063e-21  3.93076227e-21
  1.92287095e-15  9.98352308e-07  5.77688803e-20  3.70564774e-24
  1.92170600e-20 -4.00223068e-20 -2.47940976e-14  5.77717236e-20
  9.98352308e-07 -1.11776466e-23  4.22136142e-18  5.71876983e-18
  1.43715630e-17  3.65822880e-19 -2.17431671e-18  9.99999184e-10],0.9272335747649556,0.07917033591051158,-1.374938286694708e-20,9.713527267987203e-26,1.441287958422335e-25,0.6702265817468178,[ 6.09122103e-02 -1.00319507e-04 -1.26432675e-06 -2.12508826e-11
  7.38191253e-11 -4.36937720e-04  4.74199536e-04  3.61675024e-02
  4.49921423e-04  2.99545272e-12 -4.06374459e-11 -1.88655702e-05
  2.23616698e-19 -7.94178091e-17  9.98763212e-07  4.70301287e-24
 -6.06827904e-23  4.83607328e-23  4.20052655e-25 -5.93728272e-26
  4.70300704e-24  9.95089199e-07  5.57211949e-28 -5.15539065e-28
  2.94683093e-24 -1.62204948e-24 -6.06827381e-23  5.57211478e-28
  9.95089199e-07 -8.03017922e-28 -8.69997162e-14  2.73048251e-12
  3.42153351e-14 -6.52181151e-22  6.79241053e-21  3.48975942e-02]
11.023605346679688,base_link,1.1308983582844676,-6.430619823224903,-3.9222333761117994e-22,2.0642547004562068e-22,1.950988000506601e-22,-0.06112328850681181,0.9981302237694805,[ 1.17746862e-03 -2.78784293e-04  9.22629537e-04 -3.55212470e-04
  1.23579891e-03 -6.65146995e-04  5.83233611e-04  8.15095875e-04
  1.53313844e-03  7.88604151e-05 -2.74325974e-04  1.47731867e-04
 -7.64976630e-20 -7.87740641e-20  9.99540639e-07  1.00595191e-15
 -1.39570891e-14 -1.62454632e-24  2.54109884e-21 -9.39677176e-22
  1.00595191e-15  9.99082121e-07  3.05766964e-20 -6.52716594e-24
  6.77626358e-21 -2.91167576e-21 -1.39570891e-14  3.05605897e-20
  9.99082121e-07 -7.47749591e-24  3.00901429e-18  5.87634567e-18
  8.53280498e-18  6.06915609e-19 -2.11086835e-18  9.99999551e-10],0.926849118664172,0.1036590762512651,-1.5596151353743094e-20,-1.418976143153252e-26,4.725482229159746e-26,0.7002718442695148,[ 6.10705194e-02 -2.14236788e-04 -2.69723261e-06 -2.76809701e-11
  8.74034575e-11 -4.44276597e-04  5.28142322e-04  3.61153483e-02
  4.49566155e-04  3.08768776e-12 -1.43543601e-11 -5.69578742e-06
 -1.18203448e-18  1.96945325e-16  9.99311274e-07  2.46569448e-24
 -3.42699010e-23 -5.63267828e-23  1.19230330e-24 -1.33285939e-25
  2.46570423e-24  9.97256398e-07  2.95872857e-28  1.39385995e-28
 -3.05022851e-24  5.02447599e-25 -3.42699374e-23  2.95872862e-28
  9.97256398e-07 -4.89810966e-28 -1.14679669e-13  2.78645162e-12
  3.49418589e-14 -4.87457919e-22  2.02124312e-21  3.49007817e-02]
11.077258825302124,base_link,1.2762216648814795,-6.434876238791428,-2.8824384019842366e-22,-1.4262086577494442e-22,-9.049259135622339e-23,0.08608291060540965,0.9962879766923322,[ 1.35350315e-03 -3.03808858e-04  8.85924124e-04 -3.51473516e-04
  8.87620028e-04 -3.72927916e-04  6.35521181e-04  6.08434537e-04
  1.44637076e-03  1.00214214e-04 -2.53085035e-04  1.06412969e-04
  4.00752463e-20  5.12454933e-20  9.99415016e-07  1.07169404e-15
 -1.88024939e-14  3.82581788e-24 -3.18960844e-20  2.11228841e-20
  1.07169404e-15  9.98831398e-07  3.44323681e-20  5.86830052e-24
 -7.83505476e-21  5.13513724e-21 -1.88024939e-14  3.44386778e-20
  9.98831398e-07 -8.11758455e-24  6.71319312e-19  4.95513033e-18
  7.34220850e-18  1.58711222e-18 -4.00818786e-18  9.99999426e-10],0.9885790236278135,0.09930951544751906,4.964211713236999e-21,3.3802449113670393e-26,4.535012048085514e-27,0.8060652001593616,[ 6.14237618e-02 -2.72728037e-04 -3.43101884e-06 -1.86978219e-11
  4.76792766e-11 -2.38225681e-04  5.44371083e-04  3.60024571e-02
  4.48108888e-04  1.26131762e-11 -3.17966213e-11  3.98971818e-05
  1.24556195e-18 -1.62630326e-16  9.99123035e-07  2.62830630e-24
 -4.61855238e-23  9.61410281e-23 -2.19719850e-25  1.48634016e-25
  2.62828789e-24  9.96510457e-07  3.33845636e-28 -3.77181853e-28
 -2.08087623e-24  1.38294259e-24 -4.61854568e-23  3.33845422e-28
  9.96510457e-07  2.41294218e-28 -1.89324657e-13  2.93243554e-12
  3.67759612e-14 -1.59545805e-21  4.04235900e-21  3.49014300e-02]
11.118721723556519,base_link,1.3273988602808582,-6.387320821747407,-1.3151852710790301e-21,-4.9547196194413546e-23,-1.008787835087403e-23,0.1284916642272962,0.991710588944224,[ 1.50732005e-03 -4.30710745e-04  1.09918249e-03 -5.79951546e-04
  9.14719169e-04 -4.78270156e-04  6.01390850e-04  8.43548900e-04
  1.40538852e-03  1.83198070e-04 -2.88897256e-04  1.51161837e-04
 -7.03037346e-20 -5.54277185e-20  9.99329201e-07  2.18174537e-15
 -2.15675661e-14  4.23020060e-24 -6.35274710e-22  3.70576914e-22
  2.18174536e-15  9.98660198e-07  7.01436074e-20  2.17018038e-24
  4.38339550e-20 -3.02284883e-20 -2.15675661e-14  7.01479907e-20
  9.98660198e-07  1.96255380e-25 -6.61978996e-19  7.64427041e-18
  6.64408472e-18  3.39788849e-18 -5.35753352e-18  9.99999341e-10],0.9668171291065402,0.1222333891439185,5.076193567127292e-22,1.658903016051739e-26,2.4941829754240804e-27,0.8036764451151781,[ 6.16861375e-02 -4.58491035e-04 -5.75999951e-06 -4.59368522e-11
  5.61244999e-11 -2.94038935e-04  4.54718247e-04  3.61120701e-02
  4.49482595e-04  2.21422890e-11 -3.47439115e-11  8.30793331e-05
  2.99849663e-19 -2.34729770e-17  9.98994475e-07  5.32194042e-24
 -5.26716066e-23 -1.91928501e-22 -1.11798630e-24  5.39606103e-25
  5.32201607e-24  9.96001930e-07  6.73345618e-28 -2.10656468e-28
  1.92577986e-24 -1.19553448e-24 -5.26717292e-23  6.73345485e-28
  9.96001930e-07 -2.02322814e-29 -2.00166381e-13  2.97949859e-12
  3.73641289e-14 -9.75882065e-22  8.06571385e-22  3.48993754e-02]
11.171083927154541,base_link,1.4218955151704091,-6.364437209540911,-5.506661326147568e-22,-1.51487407418288e-22,4.445080426841773e-22,0.22705986769298517,0.9738808019892599,[ 1.69629054e-03 -4.33740592e-04  1.35951746e-03 -5.05727806e-04
  9.64198450e-04 -3.88155735e-04  9.09878123e-04  7.67032230e-04
  1.85836599e-03  2.08567754e-04 -3.97550774e-04  1.60180654e-04
  2.87567686e-19  2.37222165e-19  9.99494957e-07  1.40231878e-15
 -1.63925020e-14 -7.00687884e-25  1.27584338e-20 -1.14349448e-20
  1.40231879e-15  9.98990934e-07  4.55106309e-20  2.19317782e-24
 -2.82697246e-20  4.05517023e-20 -1.63925020e-14  4.54949114e-20
  9.98990934e-07 -1.62561030e-23 -1.15232298e-18  5.26713521e-18
  4.66672977e-18  2.75886257e-18 -5.25779048e-18  9.99999506e-10],0.9674105187488772,0.11381801818512657,-5.389133545087266e-21,-1.4052133217627475e-26,-5.379261144674555e-28,0.8512267975475785,[ 6.19961142e-02 -6.25091605e-04 -7.85894258e-06 -1.76721967e-11
  1.33082715e-11 -2.09352139e-04  5.41538931e-04  3.60582471e-02
  4.48971997e-04  2.28584825e-11 -4.37226342e-11  1.02106687e-04
 -1.43317975e-18  8.18572640e-17  9.99242817e-07  3.43391851e-24
 -4.02081470e-23 -2.15279258e-23  5.81611368e-25 -7.49632430e-25
  3.43391327e-24  9.96984924e-07  4.39884430e-28  1.67848212e-28
 -9.72583455e-25  3.21824957e-24 -4.02081625e-23  4.39884559e-28
  9.96984924e-07  6.34665913e-30 -2.37432144e-13  3.02948985e-12
  3.80057586e-14 -2.01323642e-21  3.45320424e-21  3.49007319e-02]
11.232549667358398,base_link,1.5019935114429137,-6.320277383637908,-7.7106029937343925e-22,-2.8919260227506884e-22,1.8064897522175203e-22,0.34036951585301234,0.9402917593374867,[ 1.69105464e-03 -2.65222920e-04  1.23686103e-03 -2.97811150e-04
  4.10520370e-04 -1.68210712e-04  8.75012811e-04  4.75042206e-04
  2.05949152e-03  1.69769258e-04 -2.33863814e-04  9.60402602e-05
  9.15854374e-20  1.08420217e-19  9.98815780e-07  3.79044279e-15
 -3.72299502e-14  5.86515182e-24  9.74087889e-21 -1.49289557e-20
  3.79044280e-15  9.97637153e-07  1.19159303e-19  2.62460069e-24
  1.85288457e-22 -9.52912066e-22 -3.72299502e-14  1.19159827e-19
  9.97637153e-07 -3.31625064e-24 -4.64917649e-18  4.95636963e-18
  6.68456593e-18  3.01797977e-18 -4.15559223e-18  9.99998824e-10],0.9425984902362607,0.10795454317167663,5.058092887810409e-20,-1.0416625904396592e-25,-2.2314368228477257e-25,0.9042399041667487,[ 6.18982770e-02 -7.85599463e-04 -9.85767987e-06  2.42938563e-12
 -2.90803945e-11 -6.41744118e-05  2.55576335e-04  3.59643102e-02
  4.47416552e-04  3.42945943e-11 -4.13852809e-11  6.50335296e-05
 -3.55753838e-20  1.46367293e-18  9.98225769e-07  9.22824413e-24
 -9.06832476e-23 -1.89921683e-22 -3.91779880e-26 -5.94536065e-25
  9.22839390e-24  9.92977660e-07  1.14090986e-27  3.85999754e-28
  3.55429169e-26  5.16987883e-26 -9.06836161e-23  1.14091143e-27
  9.92977660e-07  8.20448089e-28 -2.63443564e-13  3.13526982e-12
  3.92980054e-14 -4.97207502e-21  6.10171394e-21  3.48978956e-02]
11.271759510040283,base_link,1.5448568595456313,-6.280477503228787,2.5998620418967906e-22,7.18268141300264e-24,2.2249955814125745e-24,0.37559485387395947,0.9267839585056482,[ 2.03710570e-03 -3.10922638e-04  1.43918736e-03 -3.34170529e-04
  4.88343763e-04 -1.50477354e-04  1.08163178e-03  4.36438833e-04
  2.82489421e-03  1.69347663e-04 -2.47475439e-04  7.63044357e-05
  2.04029061e-19  3.49718728e-19  9.99575300e-07  1.06019385e-15
 -1.30803933e-14  4.43184945e-25  3.28489965e-20 -4.14252051e-20
  1.06019384e-15  9.99151320e-07  3.26559242e-20 -8.79283241e-25
  8.78796683e-21 -1.13820052e-20 -1.30803933e-14  3.26530490e-20
  9.99151320e-07 -1.11158607e-26 -3.78327514e-18  2.86893983e-18
  5.20835913e-18  1.94101821e-18 -2.83648123e-18  9.99999585e-10],0.930261664093064,0.10833139082512112,-6.690808083203305e-21,5.007681421485894e-28,-1.7212456323336403e-28,0.892322962612554,[ 6.21435975e-02 -1.10109337e-03 -1.38623382e-05  2.84343458e-12
 -4.64232932e-12 -5.13955825e-05  1.46606937e-04  3.60252857e-02
  4.48701560e-04  1.55200528e-11 -2.26353369e-11  5.84947877e-05
  1.74997007e-18 -5.66495635e-17  9.99363219e-07  2.58425416e-24
 -3.19834395e-23 -7.68034977e-25 -8.76456020e-26 -4.87907314e-25
  2.58425863e-24  9.97462527e-07  3.13296988e-28 -2.34866204e-29
  1.65597681e-25  8.14255915e-25 -3.19834409e-23  3.13296972e-28
  9.97462527e-07  5.77118873e-30 -2.65388948e-13  3.11439416e-12
  3.90859551e-14  3.62738262e-22 -5.67540997e-22  3.49039678e-02]
11.326382398605347,base_link,1.6190328255811237,-6.215898497557368,-2.983370637200545e-22,6.99710171339658e-24,7.725343558992625e-25,0.4445935116285952,0.8957324429860483,[ 2.14235362e-03 -1.54658497e-04  1.28282353e-03 -1.58337903e-04
  4.60146987e-04 -5.36484972e-05  1.09072631e-03  2.07415818e-04
  4.37281649e-03  9.51348603e-05 -2.76535361e-04  3.22659563e-05
  9.14266187e-20  3.50036365e-19  9.99524885e-07  1.22453722e-15
 -1.44631766e-14 -4.69375993e-24  3.63297725e-21 -9.84675801e-21
  1.22453723e-15  9.99050672e-07  3.72762782e-20  4.91118342e-26
 -4.60044769e-20  7.62859048e-20 -1.44631767e-14  3.72716116e-20
  9.99050672e-07 -1.72659287e-24 -5.68826092e-18  1.44682161e-18
  1.10816627e-17  1.08634098e-18 -3.15808855e-18  9.99999534e-10],0.9334029198584823,0.10041200476797871,1.937824688914469e-20,-1.926279243784841e-29,2.159093290671963e-28,0.9022822190775582,[ 6.18691284e-02 -1.30976550e-03 -1.64919032e-05  8.81366184e-12
 -1.72399360e-11 -1.54998712e-05 -1.52599066e-04  3.60664725e-02
  4.49222482e-04  8.12844272e-12 -2.53987910e-11  2.58211646e-05
 -3.95056167e-18  1.07607066e-16  9.99287665e-07  2.99941777e-24
 -3.54952195e-23 -3.83729838e-23 -8.95035272e-25 -8.25565025e-25
  2.99944544e-24  9.97162747e-07  3.60483365e-28  3.69938392e-30
  1.94839808e-24  2.86605158e-24 -3.54953392e-23  3.60483461e-28
  9.97162747e-07  8.70118958e-29 -2.74219883e-13  3.17694829e-12
  3.98763708e-14  9.55909726e-23  4.79202183e-22  3.49060725e-02]
11.383949995040894,base_link,1.722867468648839,-6.135565251476428,4.936539540702279e-22,3.956840373667329e-23,-2.4577541506681015e-22,0.4510827585310015,0.8924821258468217,[ 1.90908340e-03 -5.79088010e-05  8.12157346e-04 -6.54980863e-05
  3.60006134e-04  1.23226389e-04  6.99313299e-04  2.56613232e-04
  2.87426665e-03  2.27586774e-05 -1.25026909e-04 -4.28524191e-05
 -2.55698071e-20 -1.19008129e-19  9.99271753e-07  1.68085876e-15
 -2.27078789e-14 -1.37978559e-24 -2.37566272e-21  1.58156933e-21
  1.68085874e-15  9.98545623e-07  5.24124331e-20  2.06162612e-25
 -3.12343399e-21  3.91752738e-21 -2.27078787e-14  5.24163998e-20
  9.98545623e-07 -8.60289699e-24 -6.69980417e-18  1.71605168e-18
  1.08450749e-17  4.82597788e-19 -2.65044787e-18  9.99999279e-10],0.9641436498046122,0.07727491105702929,6.955962225568649e-21,-8.657309016715748e-27,-1.5277266314754943e-26,0.8313656259222925,[ 6.12782446e-02 -1.06619112e-03 -1.34147604e-05 -1.99102854e-13
 -9.96713184e-12  1.60659399e-05 -2.76556239e-04  3.61903906e-02
  4.50647168e-04  4.68233877e-12 -2.05817640e-11 -4.20840899e-05
  1.68220743e-18 -5.64869332e-17  9.98908423e-07  4.12677642e-24
 -5.57942462e-23  2.87147452e-23  3.33214846e-27 -9.04728795e-26
  4.12678572e-24  9.95662051e-07  5.08826701e-28  2.50507359e-29
 -3.06961555e-26 -6.78546596e-26 -5.57943014e-23  5.08826692e-28
  9.95662051e-07 -1.57779896e-28 -2.90303372e-13  3.31206590e-12
  4.15692430e-14 -9.95369544e-22  4.67538760e-21  3.49083447e-02]
11.421244144439697,base_link,1.800811493439016,-6.079362647927936,-3.792590950810253e-21,-2.6180535278199615e-23,3.154509772062556e-23,0.43018851261116564,0.902739078370596,[ 1.66225099e-03  3.48922185e-06  4.00008063e-04  1.38920596e-05
  3.33762963e-04  1.28908060e-04  4.52083652e-04  2.46820807e-04
  2.17562196e-03 -4.24446063e-06 -1.01129733e-04 -3.91186100e-05
 -9.56220788e-22  1.37219337e-19  9.99002547e-07  1.80449558e-15
 -3.22171673e-14  4.07987464e-23  4.96308368e-21 -1.38139162e-22
  1.80449558e-15  9.98009061e-07  5.82835422e-20 -3.05653657e-25
  5.24101636e-21 -4.76456033e-21 -3.22171674e-14  5.82845427e-20
  9.98009061e-07  1.93583963e-24 -6.84108869e-18  2.10829597e-18
  1.57639097e-17 -1.28528904e-19 -3.04554968e-18  9.99999009e-10],0.9921850988749847,0.057602979855928146,4.395298444749417e-20,5.070646597322012e-27,-2.5764762832956896e-26,0.7576797723431602,[ 6.09637226e-02 -8.65902752e-04 -1.08707981e-05  6.46716876e-12
 -9.03549919e-13  2.18395541e-05 -3.10524367e-04  3.61791849e-02
  4.50384183e-04 -5.28355589e-12 -2.50584634e-11 -4.54593192e-05
  1.46367293e-18 -6.06611116e-17  9.98505309e-07  4.39183896e-24
 -7.84982824e-23  1.68249396e-22 -2.69803051e-25  2.19719850e-25
  4.39185114e-24  9.94074218e-07  5.57698553e-28  4.51531776e-29
  3.70575299e-26  1.01458872e-24 -7.84985441e-23  5.57698517e-28
  9.94074218e-07 -3.65748106e-28 -3.18026530e-13  3.36445108e-12
  4.22115199e-14  8.83008874e-22  1.86436728e-21  3.49050336e-02]
11.459793329238892,base_link,1.8620745639176393,-6.038059151668666,4.317821298559684e-21,-9.05268061434161e-23,1.6001218142713569e-22,0.3724420381306159,0.9280554553652022,[ 1.55792807e-03  1.52805678e-05  1.50947008e-04  1.51563352e-05
  3.69077625e-04  2.65606164e-06  1.15963128e-04  4.89311583e-06
  1.39861717e-03 -1.62400664e-06 -3.97740129e-05 -2.86758310e-07
  2.45110159e-20  1.89100105e-19  9.99094713e-07  1.26213343e-15
 -2.97405704e-14  3.89938513e-25 -1.85288457e-21 -3.57342025e-22
  1.26213343e-15  9.98192696e-07  4.14630062e-20 -5.93691260e-27
  5.08749164e-20 -1.97199858e-20 -2.97405704e-14  4.14640682e-20
  9.98192696e-07  4.22168043e-26 -8.13354826e-18 -6.63893350e-20
  1.50772303e-17 -1.05040743e-19 -2.57681287e-18  9.99999103e-10],0.9920753191194973,0.0422730351880123,1.9620380923807103e-20,-9.338185540599386e-27,-2.2578935729653424e-26,0.6414419985382597,[ 6.05602432e-02 -7.70897605e-04 -9.66987924e-06 -3.04987117e-12
  1.42610488e-11 -7.71690790e-06 -4.94638458e-04  3.61485481e-02
  4.50130412e-04  1.65675130e-12 -1.88652675e-11  2.95710914e-06
  1.37049931e-18 -6.37510877e-17  9.98643296e-07  3.07422892e-24
 -7.25467498e-23  2.00342902e-24 -1.49037913e-25  8.11832535e-26
  3.07421589e-24  9.94616871e-07  3.97311461e-28 -8.43860899e-31
  3.57044757e-25 -4.74982617e-25 -7.25468687e-23  3.97311494e-28
  9.94616871e-07 -1.88325442e-30 -3.20930999e-13  3.37756559e-12
  4.23827286e-14 -1.42396926e-22  1.86689322e-21  3.49019650e-02]
11.510609865188599,base_link,1.9378849979661394,-5.957183260981558,-2.524127852083515e-21,-3.0858260944907373e-23,3.5764447757124665e-23,0.30125511444541503,0.9535435784590445,[ 1.73247178e-03  1.35222836e-04 -2.08557070e-04  1.67386471e-04
  5.40036051e-04 -1.83908587e-04 -5.44921495e-05  3.30303521e-04
  1.21459979e-03  9.27381977e-06  2.99008475e-05 -1.01963279e-05
  2.20228566e-20 -8.51268112e-20  9.99255597e-07  6.95467720e-16
 -2.43089072e-14 -1.29387808e-24 -1.65171425e-20 -1.48561638e-21
  6.95467720e-16  9.98513406e-07  2.27093135e-20  5.48778333e-25
 -7.77682125e-20 -1.16202332e-20 -2.43089072e-14  2.27122383e-20
  9.98513406e-07 -1.44601797e-24 -6.55917478e-18  2.59058756e-18
  1.29385445e-17 -5.54786047e-19 -1.78881249e-18  9.99999265e-10],1.00937872882864,0.04682087265961855,-2.109348327521011e-20,-2.3550827401501697e-27,-4.152301980493458e-27,0.5063405450698685,[ 6.10256240e-02 -5.74837439e-04 -7.22077901e-06  1.71430820e-11
  4.29018389e-11 -9.91979591e-05 -5.38983382e-04  3.62102985e-02
  4.51076000e-04 -7.77798777e-12 -1.56855155e-11  5.03751182e-05
  1.33492392e-18 -8.33751471e-17  9.98884225e-07  1.70334345e-24
 -5.96298199e-23 -1.02265738e-22  1.00166402e-25 -4.52364397e-26
  1.70331377e-24  9.95566516e-07  2.19673346e-28  1.98676614e-29
 -2.13257502e-25  7.75481824e-26 -5.96299262e-23  2.19673356e-28
  9.95566516e-07  3.86967602e-29 -3.03226736e-13  3.40128967e-12
  4.26953204e-14  1.00564765e-21  2.67624628e-21  3.49018119e-02]
11.54175853729248,base_link,2.009106241048864,-5.898663536359981,-1.0689368067450946e-21,4.236478086053395e-23,-5.933644526339627e-22,0.27422487623077263,0.9616655953377024,[ 1.82455902e-03  1.53435663e-04 -2.12253996e-04  1.74757813e-04
  7.02022812e-04 -2.80364927e-04 -1.27774598e-04  4.64730216e-04
  1.06111048e-03  1.27572768e-05  5.12585025e-05 -2.04849568e-05
 -1.22422731e-21 -2.58874445e-20  9.99465504e-07  5.52832865e-16
 -1.76606766e-14 -4.15885915e-24  9.31736242e-21  1.95545497e-21
  5.52832863e-16  9.98932148e-07  1.82625633e-20  1.60030118e-24
 -3.82753013e-20 -5.86305618e-21 -1.76606766e-14  1.82621720e-20
  9.98932148e-07  7.05887561e-24 -6.12884813e-18  2.80255678e-18
  7.98815295e-18 -4.11822367e-19 -1.65472157e-18  9.99999475e-10],1.0452470684845323,0.048599542465460305,-1.858285130861558e-20,2.8357041474157727e-26,1.0563241718597613e-25,0.4495857787659818,[ 6.12606889e-02 -5.01135364e-04 -6.30273342e-06  9.74082478e-12
  4.62400535e-11 -1.55302871e-04 -5.42713329e-04  3.62294316e-02
  4.51484739e-04 -2.02272214e-12 -1.31545445e-11  6.56497212e-05
 -1.37981667e-18  9.88792381e-17  9.99198683e-07  1.35441563e-24
 -4.33647129e-23 -1.10214938e-22 -3.31195362e-25  6.82585564e-26
  1.35440341e-24  9.96810026e-07  1.76776871e-28 -1.06680446e-28
 -4.44609579e-24  1.26338914e-24 -4.33647628e-23  1.76776866e-28
  9.96810026e-07 -3.66843802e-28 -2.98434021e-13  3.42655418e-12
  4.30301324e-14  2.36334586e-22  1.48336737e-21  3.49036508e-02]
11.616546630859375,base_link,2.1501386399141738,-5.825395400457937,-6.089220764838395e-22,1.5249893646511616e-23,3.393279739025152e-24,0.17710761524577118,0.9841914918459496,[ 1.83769189e-03  1.68293423e-04 -2.93449305e-04  1.93109268e-04
  7.19394000e-04 -2.98866464e-04 -1.95734727e-04  4.85650358e-04
  9.63643044e-04  1.91071422e-05  7.11595347e-05 -2.96062469e-05
 -5.69100261e-22  2.38228016e-21  9.99332073e-07  6.81957893e-16
 -2.25996926e-14 -1.65761375e-23  2.83226642e-21  8.13945723e-22
  6.81957882e-16  9.98665928e-07  2.30770138e-20 -1.06640349e-24
 -5.82335151e-22 -2.64697796e-22 -2.25996926e-14  2.30744976e-20
  9.98665928e-07 -7.18533638e-26 -5.68499501e-18  3.67745155e-18
  8.35772275e-18 -2.56194512e-19 -9.54157426e-19  9.99999341e-10],1.0559374846009082,0.0380296140639359,-8.703723739633323e-20,-1.9803569413934865e-27,-4.7013359816066583e-26,0.2868914127743021,[ 6.14847935e-02 -4.02380247e-04 -5.07695749e-06  1.44572455e-11
  4.34629533e-11 -1.76653940e-04 -5.25869895e-04  3.61730456e-02
  4.50658308e-04 -1.57176643e-12 -4.14544939e-13  5.14602770e-05
 -6.66614929e-19  5.93058588e-17  9.98998777e-07  1.67940635e-24
 -5.56866043e-23 -2.99754396e-22 -6.02614001e-25  6.54312789e-26
  1.67934498e-24  9.96018995e-07  2.25144812e-28  3.82920674e-29
  3.28287306e-24 -2.63037780e-26 -5.56868830e-23  2.25144618e-28
  9.96018995e-07  1.05930460e-27 -2.31847636e-13  3.68778619e-12
  4.63354475e-14  7.34738901e-22  2.01141910e-21  3.49162812e-02]
11.674162149429321,base_link,2.275799840830327,-5.7808933102029485,-3.153738299784472e-22,1.2657291166567523e-24,-1.0292779183284653e-23,0.09742132784843854,0.995243229004974,[ 2.01550802e-03  1.10792767e-04 -2.73820995e-04  1.24003773e-04
  7.19179346e-04 -2.99637577e-04 -2.07186262e-04  5.11483275e-04
  1.26615095e-03  1.18849342e-05  6.89324412e-05 -2.87380754e-05
  9.46294621e-22 -2.33992852e-20  9.99553346e-07  3.91873147e-16
 -1.56031992e-14  4.44257163e-25  5.88952596e-22  1.45583788e-22
  3.91873147e-16  9.99107489e-07  1.36896021e-20 -2.79185780e-26
 -1.82112084e-20 -4.04987628e-21 -1.56031992e-14  1.36894477e-20
  9.99107489e-07  2.11406016e-25 -4.10435377e-18  3.83265100e-18
  9.16943353e-18 -5.42666072e-20 -3.14727186e-19  9.99999563e-10],1.072754680264791,0.03351506042488706,-5.0749287881982344e-21,-2.9030604466522365e-28,-4.3348699628740574e-27,0.17223480690500198,[ 6.19337180e-02 -3.48697416e-04 -4.39686755e-06  6.80863016e-12
  4.19026387e-11 -1.87899008e-04 -4.54787631e-04  3.61248851e-02
  4.50238735e-04  1.94699173e-13  5.93831659e-14  3.10727453e-05
 -1.29172524e-18  1.32272665e-16  9.99330317e-07  9.60907011e-25
 -3.83251548e-23 -1.69687389e-23  3.95818848e-26  1.23693390e-27
  9.60904445e-25  9.97331957e-07  1.32601952e-28  5.73789917e-30
 -3.50905525e-24 -5.70504207e-27 -3.83251610e-23  1.32601952e-28
  9.97331957e-07  2.75657397e-29 -2.80959555e-13  3.77649301e-12
  4.74747585e-14 -6.78609797e-23 -1.87290800e-22  3.49188827e-02]
11.719889163970947,base_link,2.3832579617278165,-5.771148304781545,1.7777396534282637e-22,2.958248231298532e-23,-4.157854963659476e-22,0.022269919965471195,0.9997519945790213,[ 1.75657826e-03  1.50811320e-05 -2.27407532e-04  1.21421266e-05
  7.77269573e-04 -3.07107319e-04 -1.92068313e-04  4.92655839e-04
  9.12089764e-04  1.24363668e-06  7.98542158e-05 -3.15951981e-05
  6.36598199e-21 -3.72165101e-20  9.99165717e-07  7.15097178e-16
 -2.94092677e-14 -2.07772633e-24 -4.73147310e-22  9.05762771e-23
  7.15097177e-16  9.98334210e-07  2.52089188e-20 -4.01031492e-25
 -3.14460982e-20 -1.00585162e-20 -2.94092677e-14  2.52075709e-20
  9.98334210e-07  8.51283214e-24 -2.08264247e-18  6.06660062e-18
  1.01974859e-17  1.65896158e-20  1.06771139e-18  9.99999173e-10],1.0873953427064418,0.023847718829338466,1.569823701135668e-21,5.5286876197353246e-27,1.6324425261665576e-26,0.07637301727020898,[ 6.17959557e-02 -2.25712545e-04 -2.84055904e-06 -1.82780950e-12
  6.03492079e-11 -1.97901901e-04 -2.63574766e-04  3.60652208e-02
  4.49280310e-04  8.71598593e-13  1.16614837e-11  1.16231741e-05
  4.07422848e-19 -6.44016090e-17  9.98749617e-07  1.74989371e-24
 -7.19853789e-23 -6.72875002e-24  2.74649813e-26 -1.31266455e-26
  1.74989485e-24  9.95035621e-07  2.43269216e-28 -3.19530641e-29
 -2.11965032e-24 -4.10359132e-25 -7.19853743e-23  2.43269186e-28
  9.95035621e-07 -9.74075893e-29 -3.02374635e-13  3.90593113e-12
  4.90781191e-14 -1.26347899e-22 -1.52277868e-21  3.49165615e-02]
11.777438640594482,base_link,2.4736924990455558,-5.778275661333299,1.9897245719083595e-22,-1.119635240081719e-24,-6.963494938138724e-24,-0.10390303416109403,0.9945874317987929,[ 1.66698695e-03 -6.08748996e-05 -9.49474659e-05 -7.08329142e-05
  6.53135547e-04 -2.65889161e-04 -1.22743925e-04  4.48723633e-04
  1.15813563e-03 -3.49593698e-06  3.22322961e-05 -1.31299802e-05
  5.96893530e-21  6.38451084e-20  9.98838778e-07  6.54891577e-16
 -4.07251359e-14  1.16342780e-24 -4.63221143e-21 -3.60650747e-22
  6.54891577e-16  9.97682932e-07  2.29677270e-20 -2.97205940e-27
  2.30287083e-20  2.17052193e-21 -4.07251359e-14  2.29676728e-20
  9.97682932e-07 -1.76458574e-25  1.36135291e-18  6.18570563e-18
  1.64706391e-17 -1.81670275e-19  1.67427377e-18  9.99998845e-10],1.05586806518263,0.01506607205868633,-4.9572525683031426e-21,3.205775568376586e-27,1.1356412568219303e-25,-0.0713765609824985,[ 6.18143706e-02 -7.52942869e-05 -9.44947336e-07 -7.32660680e-12
  5.06715593e-11 -1.74252854e-04 -1.91580039e-05  3.60053182e-02
  4.48397419e-04 -9.37864870e-13  9.20517597e-12 -5.29438322e-06
 -7.62329653e-20  3.61581425e-17  9.98260185e-07  1.59678710e-24
 -9.92895254e-23 -7.47325801e-24 -7.91637696e-26 -1.00974196e-26
  1.59678937e-24  9.93112482e-07  2.20367422e-28  2.11818102e-29
  2.39106896e-25  4.36208526e-26 -9.92895198e-23  2.20367567e-28
  9.93112482e-07  7.92891453e-28 -3.37902070e-13  3.91042754e-12
  4.91121888e-14  3.21839568e-22 -3.28927253e-21  3.49127561e-02]
11.827445983886719,base_link,2.5312193412009156,-5.792982515664423,5.101394266358089e-22,-4.505135560253575e-23,-4.450216652088699e-22,-0.17040837707021858,0.9853735256359866,[ 1.88922038e-03 -1.27948872e-04 -6.64814968e-05 -1.47085172e-04
  6.96178008e-04 -2.27776257e-04 -1.26930239e-04  4.13430997e-04
  1.59849896e-03 -1.02544211e-05  4.85233803e-05 -1.58928329e-05
 -5.81673407e-21 -1.67289007e-19  9.99308037e-07  4.02814481e-16
 -2.35631341e-14  1.62968431e-24 -9.25118797e-21 -1.34334131e-21
  4.02814479e-16  9.98617984e-07  1.37153201e-20  5.16854738e-25
  2.75285708e-20  5.66453283e-21 -2.35631341e-14  1.37122729e-20
  9.98617984e-07 -7.16953105e-24  1.51499750e-18  3.69791207e-18
  1.57986308e-17 -3.23605985e-19  1.53102350e-18  9.99999316e-10],1.0117198605567597,0.011418121351167248,9.662007720819639e-23,-2.8525747856627474e-26,5.889342875643417e-26,-0.14295370422740405,[ 6.21132978e-02  6.24516979e-05  7.86041975e-07 -1.20247726e-11
  4.17682456e-11 -1.47218025e-04  1.54780806e-04  3.59855294e-02
  4.48534149e-04 -2.67557407e-12  1.22335053e-11 -1.93066760e-05
 -6.97743390e-20 -3.97902197e-17  9.98962771e-07  9.88509579e-25
 -5.78023972e-23  8.22481526e-24 -6.46234854e-27 -1.61558713e-27
  9.88502238e-25  9.95876685e-07  1.32925582e-28 -1.36551640e-28
 -2.97268033e-25 -8.72417052e-26 -5.78023737e-23  1.32925497e-28
  9.95876685e-07  2.76215613e-28 -3.44409316e-13  3.90202454e-12
  4.90447283e-14  4.73004365e-22 -2.37508329e-21  3.49116015e-02]
11.885676622390747,base_link,2.5789802535653714,-5.808670726794395,-4.5149054606141316e-23,-4.9446166199101606e-23,-2.0021390064449094e-22,-0.2244770372373064,0.9744793788239754,[ 1.83264162e-03 -1.24399190e-04 -1.93564253e-04 -1.44289511e-04
  6.66624478e-04 -2.51397541e-04 -2.20904341e-04  4.47221149e-04
  1.57717879e-03 -2.08585421e-05  9.63501410e-05 -3.63836812e-05
  7.92439027e-22  7.94093388e-20  9.98976343e-07  5.32692409e-16
 -3.25610865e-14  1.02125213e-23 -1.65965518e-20 -5.30719081e-21
  5.32692397e-16  9.97956863e-07  1.69440880e-20  6.79246336e-26
  2.07523072e-20  8.12622234e-21 -3.25610864e-14  1.69392637e-20
  9.97956863e-07 -8.73404690e-24  3.20485989e-18  4.94606609e-18
  1.80551828e-17 -7.00258734e-19  3.23416658e-18  9.99998983e-10],0.9459634345488636,0.012687320239383501,1.0768260836869822e-20,8.811283971242926e-28,8.64052807449108e-26,-0.19163398851914182,[ 6.19840961e-02  2.52443366e-04  3.16903788e-06 -1.23076397e-11
  4.49382920e-11 -1.47847756e-04  2.57469248e-04  3.60250473e-02
  4.48904918e-04 -6.42903526e-12  2.77325964e-11 -4.59076551e-05
 -4.24787023e-19 -6.02274307e-17  9.98466082e-07  1.29619729e-24
 -7.91497411e-23  2.05009298e-22 -4.21668242e-25 -2.18104263e-25
  1.29613559e-24  9.93920087e-07  1.61804281e-28 -6.37492611e-30
 -3.55429169e-25 -2.19719850e-25 -7.91493918e-23  1.61804559e-28
  9.93920087e-07  1.07143831e-27 -3.36033122e-13  3.91039284e-12
  4.91278233e-14  2.54625919e-22 -8.08325503e-22  3.49070693e-02]
11.920206308364868,base_link,2.5966886687400903,-5.807987517959734,-4.577402779408079e-22,-1.63769605860241e-23,-3.53143085105615e-23,-0.24872403005640226,0.9685743940826135,[ 1.81063873e-03 -1.15366965e-04 -2.06452821e-04 -1.27346950e-04
  6.52055273e-04 -2.32167789e-04 -2.24220166e-04  4.31661547e-04
  1.72335410e-03 -1.86769777e-05  9.56381532e-05 -3.40936780e-05
  1.12562738e-20 -2.11758237e-19  9.99086482e-07  5.51509004e-16
 -2.76443951e-14  5.20766536e-24 -9.89969757e-21 -4.69838588e-21
  5.51508997e-16  9.98176290e-07  1.66879926e-20  5.49744444e-25
  5.42101086e-20  2.30816478e-20 -2.76443951e-14  1.66916675e-20
  9.98176290e-07  3.89910535e-24  4.09044101e-18  4.13358908e-18
  1.71029931e-17 -6.33109612e-19  3.24211676e-18  9.99999093e-10],0.8946946490906125,0.018969240694685016,-1.6527011382710288e-20,-4.569784345498315e-28,1.469391251611511e-26,-0.20941849699615997,[ 6.18662894e-02  3.49645037e-04  4.38745387e-06 -5.24354529e-12
  3.12760254e-11 -1.30434983e-04  3.39991413e-04  3.60407233e-02
  4.49246054e-04 -4.84672010e-12  2.57678913e-11 -4.97177201e-05
 -5.92923063e-19 -6.07695318e-17  9.98630971e-07  1.34329928e-24
 -6.72511508e-23  1.81552343e-22  1.50249603e-25  1.38940494e-25
  1.34325240e-24  9.94568331e-07  1.59580150e-28  8.87476474e-30
  2.64956290e-25  2.19719850e-25 -6.72509428e-23  1.59580052e-28
  9.94568331e-07 -4.31921924e-28 -3.23079345e-13  3.86560228e-12
  4.85742871e-14  1.09930788e-22 -6.43323875e-22  3.49034547e-02]
11.973721027374268,base_link,2.6184932783385375,-5.817070838923532,-3.041947514783568e-23,8.34005952900181e-26,-9.605388138658186e-24,-0.28348749935976103,0.9589759317661468,[ 2.20752481e-03 -1.56623628e-04 -2.44420982e-04 -1.66740108e-04
  6.61068623e-04 -1.93541590e-04 -2.78274805e-04  3.76050868e-04
  2.19042944e-03 -2.60369859e-05  1.03233009e-04 -3.02530961e-05
  1.06540863e-20 -1.06090877e-19  9.99416439e-07  4.93906488e-16
 -1.63948040e-14  3.32279110e-24  9.38353687e-21  5.33366059e-21
  4.93906484e-16  9.98834238e-07  1.38756118e-20  1.26757864e-25
 -1.34466480e-20 -6.93508226e-21 -1.63948040e-14  1.38756176e-20
  9.98834238e-07 -4.95940713e-25  3.87614085e-18  2.16485489e-18
  1.39244879e-17 -5.86209113e-19  2.32430281e-18  9.99999425e-10],0.8215165098119078,0.020821783172396597,-3.408221997315273e-22,-1.0427930199520933e-27,9.307006605466459e-27,-0.23276661210412822,[ 6.21772620e-02  5.55533916e-04  6.98862668e-06 -4.16195388e-12
  1.90123692e-11 -1.02885499e-04  5.29063866e-04  3.60660553e-02
  4.49854264e-04 -4.82791997e-12  1.97437355e-11 -4.66636198e-05
 -8.21621959e-19 -5.29632761e-17  9.99125168e-07  1.21418237e-24
 -4.02694500e-23  9.35034307e-23  4.86291727e-25  5.65455497e-25
  1.21415514e-24  9.96518900e-07  1.34796197e-28 -1.34566276e-29
 -1.81591994e-24 -1.89023695e-24 -4.02693307e-23  1.34796223e-28
  9.96518900e-07  1.46531882e-28 -3.23495245e-13  3.82367055e-12
  4.80756913e-14  6.06329337e-22 -2.40633575e-21  3.49039114e-02]
12.023146867752075,base_link,2.649271627469352,-5.838870860645444,1.0936089700759283e-23,-2.9576001883571124e-24,5.751873739921886e-25,-0.31250761756625073,0.9499152535690044,[ 2.40112125e-03 -1.68921073e-04 -3.63561224e-04 -1.71783074e-04
  5.39558421e-04 -1.13404263e-04 -3.66483806e-04  2.39884380e-04
  2.25865312e-03 -4.27078707e-05  1.34170348e-04 -2.82354252e-05
  3.14990377e-20 -2.00746808e-19  9.99373364e-07  5.11187802e-16
 -1.64107853e-14  1.77112827e-24  3.44107135e-22  7.80858498e-22
  5.11187804e-16  9.98748295e-07  1.33890562e-20 -3.53216326e-25
 -7.38506851e-21 -8.81443661e-21 -1.64107853e-14  1.33873122e-20
  9.98748295e-07 -4.38033379e-26  3.59904940e-18  1.25743421e-18
  1.51372654e-17 -7.61870301e-19  2.39369853e-18  9.99999382e-10],0.7793817677479495,0.01946117304825915,-1.973621881390378e-21,-1.4792821569969414e-27,2.423009363824219e-27,-0.2493354610073812,[ 6.22200023e-02  7.48512335e-04  9.41940915e-06  1.93570041e-12
  2.24860465e-12 -5.40025700e-05  6.57084398e-04  3.60558629e-02
  4.49758637e-04 -5.80399910e-12  2.04156972e-11 -3.34012493e-05
  1.06895558e-18  5.10117122e-17  9.99060634e-07  1.25488383e-24
 -4.02491634e-23  3.23658585e-23 -7.83559760e-26  2.31836754e-25
  1.25485651e-24  9.96263536e-07  1.29732243e-28 -5.09225997e-29
 -1.85792520e-26 -1.55096365e-25 -4.02490934e-23  1.29732205e-28
  9.96263536e-07  7.64676378e-29 -3.25932640e-13  3.81525367e-12
  4.79710129e-14  1.18652043e-22 -6.62498824e-22  3.49031777e-02]
12.074850797653198,base_link,2.6944825253518108,-5.870858814019394,-9.616841356276595e-22,6.619864080249889e-24,-3.997177356426166e-24,-0.3202917967272071,0.9473189351793078,[ 2.50330762e-03 -2.34249169e-04 -1.96912489e-04 -2.46358734e-04
  4.99344441e-04 -1.03574245e-04 -2.70588804e-04  2.12377712e-04
  1.76819039e-03 -4.13567615e-05  8.38271883e-05 -1.74157233e-05
 -6.74979380e-21  1.40395711e-19  9.99131637e-07  6.60475698e-16
 -2.16812745e-14 -5.06578083e-24  1.58024584e-20  1.20966893e-20
  6.60475727e-16  9.98266284e-07  1.64961705e-20 -1.11752363e-24
 -9.07913440e-21 -6.77626358e-21 -2.16812745e-14  1.64901233e-20
  9.98266284e-07 -2.82835503e-25  4.40823098e-18  1.31931049e-18
  1.57509211e-17 -1.05406298e-18  2.13652711e-18  9.99999139e-10],0.7579691235550239,0.019250708469425823,-2.8555631551070455e-21,-7.166887188099655e-28,-8.248177790063914e-28,-0.2388102190629806,[ 6.21237738e-02  7.84292817e-04  9.87048075e-06 -4.25625776e-12
  9.11556454e-12 -5.04489994e-05  8.15993175e-04  3.61040831e-02
  4.50252707e-04 -9.93492884e-12  2.03115943e-11 -2.94549589e-05
 -1.41623909e-18 -6.46184495e-17  9.98698585e-07  1.61944083e-24
 -5.31377293e-23 -5.33956470e-23  5.00832012e-26  1.22784622e-25
  1.61950513e-24  9.94834597e-07  1.59640003e-28  3.06135777e-29
 -3.27964188e-25 -7.36707733e-25 -5.31378555e-23  1.59640030e-28
  9.94834597e-07 -3.52369598e-29 -3.37712605e-13  3.81258219e-12
  4.79253511e-14  1.49073080e-21 -3.03223397e-21  3.49039794e-02]
12.114653587341309,base_link,2.7465342988016013,-5.904468079694643,1.1458951626371249e-21,2.788629682047591e-24,-2.6399763354207616e-23,-0.31982405846303424,0.9474769504469402,[ 2.49450066e-03 -2.14313569e-04 -2.07640233e-04 -2.24433945e-04
  4.53291810e-04 -1.04137979e-04 -2.59125401e-04  2.34226667e-04
  1.67405763e-03 -4.07802065e-05  8.23686717e-05 -1.89467213e-05
  1.33804736e-20 -1.60936260e-19  9.99268281e-07  6.00766344e-16
 -1.82545912e-14  5.94212643e-24 -1.15408239e-20 -8.70855749e-21
  6.00766313e-16  9.98538697e-07  1.49842006e-20  8.02191271e-25
  2.06464281e-21  1.37642854e-21 -1.82545911e-14  1.49847073e-20
  9.98538697e-07 -1.38478421e-24  4.49223179e-18  1.23681532e-18
  1.23328082e-17 -9.06219843e-19  1.83045598e-18  9.99999276e-10],0.7644424657660034,0.021384956219626976,-6.6745011032355425e-21,-2.2271857166264632e-27,3.826580323675598e-27,-0.22358586117241186,[ 6.20311154e-02  8.08400102e-04  1.01667193e-05 -3.68855222e-12
  9.24928480e-12 -4.94852281e-05  8.28673132e-04  3.61301303e-02
  4.50737980e-04 -8.00986219e-12  1.68699784e-11 -3.09806986e-05
  2.37169225e-20  1.02999206e-18  9.98903222e-07  1.46776171e-24
 -4.45545418e-23  9.98620976e-23  1.31670351e-25  2.82727748e-25
  1.46766898e-24  9.95641467e-07  1.44040437e-28 -4.65548908e-29
 -3.94203261e-25 -7.20551862e-25 -4.45543640e-23  1.44040412e-28
  9.95641467e-07  6.40713954e-29 -3.05127993e-13  3.75928455e-12
  4.72672593e-14 -1.12031710e-22  1.60291339e-22  3.49013282e-02]
12.169876337051392,base_link,2.844234276473694,-5.945977460187615,5.897157239337049e-22,2.368284052479326e-24,1.5741844749594772e-22,-0.3198219381750152,0.9474776661547103,[ 2.11940185e-03 -1.64108780e-04 -2.37099491e-04 -1.69889008e-04
  4.69519776e-04 -1.54772524e-04 -2.38828236e-04  3.15637836e-04
  1.08669449e-03 -2.60620239e-05  7.20490533e-05 -2.37948791e-05
 -3.00431998e-21  2.11758237e-20  9.98781426e-07  1.39936584e-15
 -3.13041352e-14  7.94524029e-24 -5.49247927e-22 -9.79381845e-22
  1.39936582e-15  9.97568768e-07  3.59438038e-20  1.60538580e-24
 -6.45862622e-21 -4.65868121e-21 -3.13041352e-14  3.59435568e-20
  9.97568768e-07 -4.66479937e-24  4.95407526e-18  3.11449531e-18
  1.17564375e-17 -8.95119754e-19  2.47522717e-18  9.99998787e-10],0.7912751089157193,0.03772999097395368,-9.29027500281356e-21,3.117261859778345e-27,-5.994867849075412e-27,-0.20488562046866876,[ 6.16720667e-02  6.72299415e-04  8.44278615e-06  7.94355273e-13
  1.05050471e-11 -7.35931709e-05  6.63338229e-04  3.61059308e-02
  4.50197130e-04 -5.20255243e-12  2.01464503e-11 -4.51948787e-05
 -8.06375366e-19 -4.30428262e-17  9.98174360e-07  3.39347776e-24
 -7.58851404e-23  4.67092178e-23 -1.09052132e-26  6.62390725e-26
  3.39344271e-24  9.92776289e-07  3.41572862e-28 -3.21692884e-29
 -6.62390725e-26 -1.29246971e-25 -7.58850510e-23  3.41572839e-28
  9.92776289e-07  5.52281706e-29 -2.84027684e-13  3.70916492e-12
  4.66059098e-14 -2.03918037e-22  1.43795702e-22  3.48972072e-02]
12.228296995162964,base_link,2.9160645454706615,-5.976959791778722,3.388255100535717e-22,-3.347843723441923e-23,-1.102692424257858e-22,-0.31537434950895693,0.9489673438384496,[ 2.44248286e-03 -1.84082273e-04 -2.48942288e-04 -1.89285539e-04
  4.97227227e-04 -1.76583762e-04 -2.51714093e-04  3.48463768e-04
  1.12380959e-03 -2.37335012e-05  6.23659985e-05 -2.21735359e-05
  1.00320465e-20 -4.99749439e-20  9.99199838e-07  1.25251221e-15
 -2.04928381e-14 -3.54037627e-24 -1.83303224e-21 -1.87935435e-21
  1.25251221e-15  9.98402232e-07  3.20782168e-20 -8.79237178e-26
 -1.58818678e-22 -5.29395592e-23 -2.04928382e-14  3.20819019e-20
  9.98402232e-07  3.67742053e-24  4.23303392e-18  2.46595368e-18
  8.87685652e-18 -6.99894017e-19  1.83970513e-18  9.99999207e-10],0.7800453731720828,0.04891336625032329,1.2260801383072268e-20,5.9237245824911915e-28,2.639055803920522e-26,-0.18134058685635782,[ 6.19440452e-02  7.73441046e-04  9.74072095e-06 -1.16909931e-12
  1.71316263e-11 -8.43353585e-05  7.65334815e-04  3.61590981e-02
  4.51190905e-04 -4.17614967e-12  1.72340628e-11 -4.95588818e-05
 -1.25360876e-18 -5.81132364e-17  9.98800716e-07  3.07618560e-24
 -5.03229654e-23 -1.43736572e-22 -1.29246971e-26 -4.60442333e-26
  3.07625529e-24  9.95237079e-07  3.11457783e-28 -4.82519517e-30
  6.55928376e-25  6.59159551e-25 -5.03231644e-23  3.11457658e-28
  9.95237079e-07 -2.45080647e-28 -2.88440821e-13  3.64785285e-12
  4.58689344e-14  1.91691195e-21 -4.62457771e-21  3.49011360e-02]
12.274012088775635,base_link,2.9718759726325574,-6.003486656681482,1.1819761395902818e-22,-2.920876163354965e-24,-8.317508577911313e-24,-0.3125810255130805,0.949891100331607,[ 2.54943655e-03 -2.58566630e-04 -1.46972196e-04 -2.83735882e-04
  4.85170119e-04 -1.25109748e-04 -2.41253170e-04  2.64704113e-04
  1.27059331e-03 -4.19160663e-05  7.16523293e-05 -1.84942888e-05
  9.63499978e-21 -1.27054942e-19  9.99408634e-07  1.09839061e-15
 -1.51268037e-14  2.53323148e-24  1.08790794e-20  3.11019910e-21
  1.09839060e-15  9.98818664e-07  2.80962578e-20  5.54864942e-27
 -8.97325528e-21 -4.01017161e-21 -1.51268037e-14  2.80969490e-20
  9.98818664e-07  2.95555648e-25  3.85952651e-18  1.08134976e-18
  7.73556503e-18 -9.06743094e-19  1.54978035e-18  9.99999417e-10],0.7730127740357936,0.05563386960816187,-8.414358591789047e-21,5.110914811174351e-28,4.884173690308352e-28,-0.16525316079130095,[ 6.20302707e-02  8.04889016e-04  1.01365009e-05 -1.40291847e-11
  1.41302495e-11 -5.91998835e-05  8.60079192e-04  3.61233354e-02
  4.50942113e-04 -1.12380302e-11  1.51445745e-11 -3.59128286e-05
  1.84822589e-18  8.22909449e-17  9.99113474e-07  2.68853901e-24
 -3.70113439e-23  3.66135337e-23  7.48016843e-25  5.99382827e-25
  2.68851616e-24  9.96472595e-07  2.70952464e-28 -4.75133067e-30
 -2.34260134e-25 -2.48800419e-25 -3.70113042e-23  2.70952456e-28
  9.96472595e-07 -4.27981332e-30 -2.87705406e-13  3.60839136e-12
  4.53899926e-14  2.00078573e-22  7.32492813e-24  3.49002211e-02]
12.319978952407837,base_link,3.0331060721822576,-6.041093120335504,1.6756790174070254e-22,-6.005545183844401e-24,3.934492795030139e-23,-0.29752292831625554,0.954714673149062,[ 2.53137221e-03 -2.34180222e-04 -2.84221849e-04 -2.41777547e-04
  4.55205515e-04 -1.22839549e-04 -2.83754324e-04  2.55321924e-04
  1.11573645e-03 -4.61559572e-05  8.69265159e-05 -2.34940122e-05
  3.70576914e-20 -1.24090327e-19  9.99189858e-07  1.58409718e-15
 -2.03697059e-14  1.52524003e-24 -4.07634606e-21 -6.52480067e-21
  1.58409717e-15  9.98382335e-07  3.98276946e-20  5.31116891e-25
 -4.39398341e-21 -3.57342025e-21 -2.03697059e-14  3.98270411e-20
  9.98382335e-07 -1.33308942e-24  2.97397342e-18  1.64275040e-18
  8.87521059e-18 -9.35921325e-19  1.76281791e-18  9.99999198e-10],0.7792404705566147,0.057735681916309116,-6.931094815726363e-21,-1.2974579649764842e-27,-1.5475899923588747e-26,-0.13561284857667008,[ 6.20260976e-02  8.18492845e-04  1.03016818e-05  2.68913658e-13
  8.86375459e-12 -5.64707901e-05  8.15504231e-04  3.60961556e-02
  4.50514256e-04 -8.15942019e-12  1.90015429e-11 -3.68821974e-05
 -3.81164826e-19 -1.66425033e-17  9.98785770e-07  3.87900769e-24
 -4.98712559e-23  4.84567467e-23  1.47927197e-26 -4.02281196e-25
  3.87896989e-24  9.95178123e-07  3.84677777e-28  1.20308134e-29
 -1.11475512e-25 -2.32644547e-25 -4.98711548e-23  3.84677934e-28
  9.95178123e-07  1.67638716e-28 -3.06223579e-13  3.60581009e-12
  4.53466056e-14  6.41280681e-22 -1.42438015e-21  3.48988604e-02]
12.368072986602783,base_link,3.1034938937019323,-6.075272445410003,7.999702389483228e-22,-2.6314700624580517e-23,4.497451985928458e-23,-0.2959366750697144,0.955207560872862,[ 2.43813623e-03 -2.07165254e-04 -2.79873731e-04 -2.11032521e-04
  4.52837332e-04 -1.03828717e-04 -2.84174212e-04  2.08743176e-04
  9.93186749e-04 -3.56423108e-05  7.65052521e-05 -1.75669100e-05
 -4.19810704e-20  1.72900600e-19  9.99247117e-07  1.60714226e-15
 -1.93096304e-14  2.81213941e-24 -3.88444016e-21 -6.68361935e-21
  1.60714223e-15  9.98496495e-07  4.12114215e-20  1.82541752e-24
  3.39871970e-20  2.55962769e-20 -1.93096304e-14  4.12154587e-20
  9.98496495e-07 -1.92754793e-24  3.44708495e-18  1.34084054e-18
  8.10513673e-18 -8.35542044e-19  1.79379821e-18  9.99999255e-10],0.7870277099793388,0.064093698215488,-8.225369049145167e-21,5.372016512699769e-27,-1.1613317687608849e-26,-0.12372841738560995,[ 6.19477823e-02  7.97112472e-04  1.00340296e-05  9.76579924e-14
  9.27901284e-12 -4.99804885e-05  7.70647079e-04  3.60454321e-02
  4.49979206e-04 -5.74366980e-12  1.59687358e-11 -3.00495436e-05
 -1.43317975e-18 -6.42931888e-17  9.98871523e-07  3.93945265e-24
 -4.73254017e-23  4.43101845e-23  4.60694769e-27 -1.74483410e-25
  3.93939575e-24  9.95516378e-07  3.98768157e-28 -7.42733677e-29
  8.28796200e-25  1.43787255e-24 -4.73252781e-23  3.98768193e-28
  9.95516378e-07  1.86677759e-28 -3.10421719e-13  3.58547914e-12
  4.50985301e-14  8.01389455e-22 -1.80814213e-21  3.48980376e-02]
12.424936294555664,base_link,3.161178880592192,-6.116171185469736,2.7239346179364684e-22,-1.8131283275367357e-23,-5.843621666871653e-23,-0.3013232917574029,0.9535220363706772,[ 2.13265594e-03 -1.96093240e-04 -1.12257682e-04 -2.10921114e-04
  4.02060961e-04 -1.17230871e-04 -1.65368208e-04  2.56782665e-04
  1.11986381e-03 -2.43780762e-05  4.64689367e-05 -1.35717230e-05
  2.45341770e-21 -2.01593841e-19  9.98986958e-07  2.18742980e-15
 -2.57930807e-14  1.84600276e-24 -2.83226642e-21 -1.23746220e-21
  2.18742980e-15  9.97978007e-07  5.56943144e-20  1.79183949e-26
 -1.59348073e-20 -7.17331027e-21 -2.57930807e-14  5.56899107e-20
  9.97978007e-07 -2.48765920e-24  3.89892905e-18  2.06965267e-18
  1.12220897e-17 -8.35045239e-19  1.59172620e-18  9.99998994e-10],0.7731607747684559,0.061114938792897894,-2.56526054934638e-22,2.9530791719260003e-28,4.887145048558565e-27,-0.11899638735262637,[ 6.16438263e-02  6.43007457e-04  8.08349252e-06 -8.29103137e-12
  1.51702474e-11 -5.87158795e-05  6.98443502e-04  3.60258222e-02
  4.49654707e-04 -8.24669734e-12  1.54576938e-11 -3.16756080e-05
 -1.35186458e-18 -7.51894207e-17  9.98481972e-07  5.32443780e-24
 -6.27744900e-23  6.80150887e-23  3.81278564e-25  3.81278564e-25
  5.32437871e-24  9.93982518e-07  5.32521819e-28  8.01024427e-30
 -1.00166402e-25 -1.00166402e-25 -6.27743638e-23  5.32521886e-28
  9.93982518e-07  5.85319885e-29 -3.07680639e-13  3.54607316e-12
  4.45883414e-14  1.90669119e-22 -3.48528533e-22  3.48938966e-02]
12.469195127487183,base_link,3.2071255545061774,-6.146588971811362,-2.834028261471242e-22,3.0123668979482565e-25,-4.7650945839438507e-26,-0.2996660932228313,0.9540441460291895,[ 2.40511092e-03 -1.46475886e-04 -2.41011072e-04 -1.50817888e-04
  4.26361348e-04 -1.18869528e-04 -2.42960024e-04  2.70567809e-04
  1.24766339e-03 -2.52732846e-05  7.14589654e-05 -1.99399895e-05
 -4.10281584e-20  1.51618898e-19  9.99449131e-07  1.15338795e-15
 -1.40001425e-14 -8.21799467e-26 -3.90429249e-21 -2.66683029e-21
  1.15338795e-15  9.98899473e-07  2.93129996e-20  9.43208180e-27
 -6.43215644e-21 -3.13666888e-21 -1.40001425e-14  2.93127375e-20
  9.98899473e-07 -2.33564101e-25  3.48146485e-18  1.38426428e-18
  7.35494364e-18 -4.83372027e-19  1.36680377e-18  9.99999458e-10],0.7630134887567871,0.060134688646079626,-4.529174635164596e-21,-3.2069856308207468e-28,2.0846664431156107e-29,-0.10896608527010371,[ 6.19045501e-02  7.83734955e-04  9.87003590e-06 -2.70348204e-12
  1.24145741e-11 -5.72214319e-05  7.35778362e-04  3.60567570e-02
  4.50414630e-04 -4.01832019e-12  1.31471796e-11 -3.38651008e-05
  2.59022675e-18  1.18286457e-16  9.99174150e-07  2.81570022e-24
 -3.41674078e-23  1.81012086e-23  1.81753553e-25  2.69803051e-25
  2.81569268e-24  9.96712818e-07  2.81356321e-28 -2.82673828e-30
 -4.03896783e-25 -4.28130590e-25 -3.41674051e-23  2.81356299e-28
  9.96712818e-07 -5.50154734e-29 -2.91852913e-13  3.47180618e-12
  4.36870643e-14 -9.35666439e-23  1.65730316e-22  3.48938873e-02]
12.515361785888672,base_link,3.244727491031416,-6.171911024105367,-1.277989705227701e-22,-2.2835250115435345e-24,-5.507948602257517e-25,-0.29962021331591554,0.9540585557357186,[ 2.55330891e-03 -1.70462232e-04 -2.17274750e-04 -1.77848709e-04
  4.17984002e-04 -1.21638548e-04 -2.38853718e-04  2.69510711e-04
  1.28933765e-03 -2.55830214e-05  6.01297403e-05 -1.75155273e-05
 -4.47603973e-20  1.90370655e-19  9.99427582e-07  1.16882811e-15
 -1.41658272e-14  4.81734520e-25 -8.88061106e-21 -5.04249301e-21
  1.16882811e-15  9.98856471e-07  2.89234488e-20  5.81805677e-25
  2.17316891e-20  1.06805561e-20 -1.41658272e-14  2.89238163e-20
  9.98856471e-07 -1.11584014e-24  3.62765021e-18  1.32950305e-18
  7.60065948e-18 -5.20698051e-19  1.22387812e-18  9.99999436e-10],0.7402271195531479,0.05869325294727294,-4.260392697133959e-21,-7.116456153788102e-29,1.3336286598665812e-28,-0.101169727357468,[ 6.20331264e-02  8.18615779e-04  1.03149283e-05 -3.77855512e-12
  1.07823714e-11 -5.92749056e-05  7.91635364e-04  3.60655785e-02
  4.50566428e-04 -4.60695939e-12  1.15489951e-11 -3.35061117e-05
  6.60685699e-20  2.92734587e-18  9.99141862e-07  2.86023089e-24
 -3.46572953e-23  3.39491529e-23 -1.25208003e-25 -1.54288571e-25
  2.86021726e-24  9.96584970e-07  2.78848259e-28  4.77113750e-30
  1.09859925e-25  1.21169035e-25 -3.46572534e-23  2.78848279e-28
  9.96584970e-07  3.42946636e-29 -3.05009598e-13  3.43730253e-12
  4.32545565e-14 -1.13065222e-22  2.00891964e-22  3.48936371e-02]
12.579405307769775,base_link,3.3092742763046816,-6.226319345079833,-4.384548300590135e-22,-1.1054472860746983e-24,9.744770719524216e-25,-0.2968166621443208,0.9549344841786289,[ 2.32969600e-03 -1.26272787e-04 -2.93449558e-04 -1.29066295e-04
  4.15252796e-04 -1.33396914e-04 -2.82986854e-04  2.83203469e-04
  1.26250569e-03 -2.31210234e-05  7.44173938e-05 -2.39401596e-05
  5.67512075e-20 -2.93496916e-19  9.99166220e-07  1.46753939e-15
 -2.02763726e-14 -6.45567043e-25 -1.36319365e-21 -2.06464281e-21
  1.46753938e-15  9.98335214e-07  3.56873426e-20  4.09844942e-25
  7.78211520e-21  5.02925812e-21 -2.02763726e-14  3.56881098e-20
  9.98335214e-07 -5.24445118e-25  2.95596445e-18  1.94841739e-18
  9.45948360e-18 -5.01382659e-19  1.61406926e-18  9.99999174e-10],0.7352541103818496,0.05073093335557414,-4.3223748554079486e-21,2.647847519407813e-28,-2.8690694760189626e-28,-0.08789100974653398,[ 6.18339719e-02  7.65047967e-04  9.63181644e-06 -6.65440827e-14
  1.18533099e-11 -6.27617430e-05  6.66095875e-04  3.60242724e-02
  4.49962561e-04 -4.11403539e-12  1.76179977e-11 -3.83678054e-05
 -2.09047731e-18 -9.76866157e-17  9.98750371e-07  3.59090880e-24
 -4.96084740e-23  3.56748208e-23  1.62820891e-27  1.26823590e-25
  3.59088960e-24  9.95038588e-07  3.44266699e-28 -2.47750927e-29
  2.82727748e-25  4.23283829e-25 -4.96084175e-23  3.44266697e-28
  9.95038588e-07  6.83447189e-29 -3.16139584e-13  3.41113943e-12
  4.29129168e-14  4.06782756e-22 -1.42261495e-21  3.48910576e-02]
12.624491453170776,base_link,3.355338274547151,-6.257246954642222,3.0286797316491707e-21,-5.0126189787875134e-24,-3.107574304977706e-23,-0.3063995010260357,0.9519030127964699,[ 2.21189237e-03 -9.39532638e-05 -2.95352863e-04 -9.24636657e-05
  4.03305472e-04 -1.22440964e-04 -2.69811888e-04  2.59770257e-04
  1.15305107e-03 -1.59179403e-05  6.94759463e-05 -2.11259898e-05
  5.01072928e-20 -2.28169500e-19  9.99094927e-07  1.56126022e-15
 -2.15383487e-14  8.79083656e-24  5.32497519e-24  2.23007893e-21
  1.56126021e-15  9.98193123e-07  3.71530181e-20  2.91101053e-25
  7.12037071e-21  4.89690923e-21 -2.15383487e-14  3.71526663e-20
  9.98193123e-07 -1.73825499e-24  3.72535988e-18  2.13740908e-18
  9.67275252e-18 -3.82291514e-19  1.66919085e-18  9.99999102e-10],0.7284040579929655,0.0494327886049647,3.4073126959362936e-21,-6.280649829364516e-28,1.5435637117517982e-26,-0.09340906047033376,[ 6.17013057e-02  7.40855001e-04  9.32736851e-06  1.95881521e-12
  1.10444355e-11 -5.84579459e-05  6.25542365e-04  3.59988213e-02
  4.49654474e-04 -2.21245694e-12  1.71199370e-11 -3.48990855e-05
 -9.06325254e-19 -4.37475577e-17  9.98643617e-07  3.81901566e-24
 -5.26804189e-23  1.51138871e-22 -6.05845175e-27  6.86624532e-27
  3.81895382e-24  9.94618166e-07  3.58268105e-28 -1.10458270e-29
 -2.73034226e-25 -4.20052655e-25 -5.26801478e-23  3.58268190e-28
  9.94618166e-07  2.50926335e-28 -3.17676549e-13  3.38530939e-12
  4.25863728e-14  3.84468414e-22 -1.81356732e-21  3.48902117e-02]
12.68306279182434,base_link,3.4237681078124096,-6.291992620401419,-2.021728463071293e-21,-2.073738655837149e-23,-8.211425974033044e-23,-0.3058365252238458,0.9520840403236491,[ 2.25906979e-03 -1.45859375e-04 -2.42968344e-04 -1.56803446e-04
  4.24565279e-04 -1.22946197e-04 -2.71426565e-04  2.41565245e-04
  1.05364874e-03 -2.41717626e-05  6.54271099e-05 -1.89802096e-05
 -3.17637355e-22  2.64697796e-21  9.99117102e-07  1.64144002e-15
 -2.06145228e-14 -5.50986772e-24  1.07732003e-20  5.26748614e-21
  1.64144002e-15  9.98237316e-07  3.83261298e-20 -1.62313036e-25
 -5.95570041e-21 -4.68515099e-21 -2.06145228e-14  3.83299746e-20
  9.98237316e-07  3.45969588e-24  2.92594524e-18  1.68293796e-18
  8.36081923e-18 -5.94325147e-19  1.60843353e-18  9.99999125e-10],0.7250062449465002,0.055040105601223556,6.478570606170908e-21,4.6408402308975106e-27,1.4404999007956057e-26,-0.08440746525914782,[ 6.17405320e-02  7.40911812e-04  9.34682865e-06 -6.38129466e-12
  7.85333923e-12 -5.81682526e-05  6.64307736e-04  3.59959006e-02
  4.49660953e-04 -7.27289214e-12  1.61642015e-11 -3.43894019e-05
 -1.80418018e-18 -8.67903839e-17  9.98676821e-07  4.02712913e-24
 -5.05747409e-23 -2.62088875e-22 -7.59325953e-26 -8.64339117e-26
  4.02727179e-24  9.94748906e-07  3.71544790e-28 -4.11376955e-29
 -3.32810950e-25 -7.01164816e-25 -5.05752010e-23  3.71544627e-28
  9.94748906e-07 -1.73674418e-28 -3.32909373e-13  3.36621356e-12
  4.23545533e-14  1.51631378e-21 -4.26598005e-21  3.48954964e-02]
12.727767944335938,base_link,3.4925856197949448,-6.312651729185823,6.364455491354553e-23,-1.7293174630592754e-23,1.877520112764651e-22,-0.2904265500694824,0.9568972875992169,[ 2.24389770e-03 -1.69300936e-04 -3.61490327e-04 -1.78624039e-04
  3.62276442e-04 -7.23634010e-05 -4.01281661e-04  1.30739381e-04
  1.17598795e-03 -5.36064839e-05  1.08682805e-04 -2.17478046e-05
  3.99164276e-20 -2.16628676e-19  9.99149919e-07  1.70821417e-15
 -2.01920268e-14  1.23321193e-24 -5.29395592e-22 -4.63221143e-22
  1.70821416e-15  9.98302722e-07  4.05727344e-20  5.39059834e-25
  1.05879118e-20  1.47701370e-20 -2.01920267e-14  4.05720477e-20
  9.98302722e-07 -1.37151631e-24  2.68932795e-18  6.42733941e-19
  9.04545532e-18 -9.12759660e-19  1.85030131e-18  9.99999158e-10],0.7333318914221096,0.06917413230164617,-6.569282633759875e-21,2.083404782786694e-26,-1.1364390158248903e-26,-0.06000929638162657,[ 6.17663348e-02  8.08024779e-04  1.01828756e-05 -4.37271412e-12
  1.73660200e-13 -3.03963413e-05  6.44417480e-04  3.59209180e-02
  4.48800122e-04 -1.18655301e-11  2.14137962e-11 -2.40650228e-05
 -1.26207909e-18 -5.56195714e-17  9.98725961e-07  4.17965575e-24
 -4.94020615e-23  4.23031394e-24  9.53196409e-26  2.56878354e-25
  4.17963698e-24  9.94942409e-07  3.91409150e-28 -4.65556975e-29
 -3.43312266e-27 -4.03896783e-25 -4.94020446e-23  3.91409070e-28
  9.94942409e-07  2.61838271e-29 -3.30360739e-13  3.34833897e-12
  4.21348029e-14  9.21763085e-22 -1.79833879e-21  3.48941320e-02]
12.76636266708374,base_link,3.5614903920224292,-6.3378570218789365,-1.8870271672560025e-22,4.3087186094288645e-23,9.505233856066017e-23,-0.2788122277054072,0.960345636571515,[ 2.00792096e-03 -1.41164488e-04 -2.72880145e-04 -1.45242762e-04
  3.09699512e-04 -8.56396923e-05 -2.81891614e-04  1.76940202e-04
  8.90147647e-04 -3.04964492e-05  6.50290718e-05 -1.80190709e-05
  1.73509405e-20 -1.23772689e-19  9.99005814e-07  2.48941670e-15
 -2.44816398e-14  3.94572663e-24  1.58156933e-21  2.39551505e-21
  2.48941670e-15  9.98015569e-07  6.13024731e-20 -2.49539416e-25
 -9.25118797e-21 -1.30760711e-20 -2.44816398e-14  6.12987300e-20
  9.98015569e-07 -1.68190976e-24  3.45827195e-18  1.61196935e-18
  9.56874706e-18 -8.43115978e-19  1.79785181e-18  9.99999013e-10],0.7532170413144081,0.07960220919362483,-2.760488261981874e-20,-1.0817702762605393e-27,-1.749492619592962e-26,-0.042414634358811494,[ 6.15297056e-02  6.77973032e-04  8.53468553e-06 -2.38306319e-13
  1.16240662e-12 -4.04513961e-05  5.85877337e-04  3.59160900e-02
  4.48704932e-04 -6.28775072e-12  1.36471575e-11 -2.58696018e-05
 -3.42201311e-19 -1.79977561e-17  9.98510200e-07  6.06992844e-24
 -5.96900769e-23  9.00576231e-23  1.91850972e-27  6.54312789e-26
  6.06984471e-24  9.94093448e-07  5.87926448e-28  5.42943434e-30
 -1.65597681e-26 -1.90639282e-25 -5.96898789e-23  5.87926542e-28
  9.94093448e-07  8.29745539e-29 -3.27175895e-13  3.32064237e-12
  4.17794594e-14  4.90975499e-22 -1.05501947e-21  3.48916694e-02]
12.820234298706055,base_link,3.6371156795858606,-6.3563285083802805,-2.566345581917656e-22,2.412209338563293e-24,8.61855744902855e-24,-0.2574792684731596,0.966283822852544,[ 1.88423261e-03 -6.33504278e-05 -2.62808753e-04 -7.03945167e-05
  3.10864402e-04 -9.79493986e-05 -2.71822079e-04  2.10843295e-04
  8.21676654e-04 -1.46814591e-05  6.48011949e-05 -2.04482820e-05
  1.85288457e-22 -2.43521972e-21  9.98981629e-07  2.99344072e-15
 -2.50909733e-14  1.57633797e-24 -7.09390093e-21 -2.68006518e-21
  2.99344072e-15  9.97967392e-07  7.37536838e-20  5.89737256e-27
  6.77626358e-21  4.10281584e-21 -2.50909733e-14  7.37535555e-20
  9.97967392e-07 -2.04766776e-25  2.32652364e-18  2.21130661e-18
  8.59210353e-18 -3.74822285e-19  1.65368861e-18  9.99998989e-10],0.7511084389220369,0.09338784974337017,-2.5834243767264297e-20,-9.498201726620312e-29,-2.7233574558206536e-26,-0.014394952815494943,[ 6.14659163e-02  6.28494658e-04  7.90510615e-06 -6.47549006e-12
  1.63678606e-11 -4.90817006e-05  4.80413437e-04  3.58906984e-02
  4.48467208e-04 -4.96711526e-12  1.74279435e-11 -2.84237354e-05
 -6.38662842e-19 -3.62665627e-17  9.98473995e-07  7.27064700e-24
 -6.09417214e-23  1.11345672e-22  4.84676140e-27  3.23117427e-27
  7.27060965e-24  9.93951153e-07  7.02582299e-28 -1.18987953e-30
 -3.87740912e-26 -3.87740912e-26 -6.09414995e-23  7.02582358e-28
  9.93951153e-07  1.81677486e-28 -3.21900059e-13  3.26625532e-12
  4.10964058e-14  6.88084098e-23 -2.44356863e-23  3.48875688e-02]
12.866951942443848,base_link,3.6766009979906356,-6.370133416977098,-3.153957822885709e-23,6.138000257378491e-26,4.293683455566169e-25,-0.2314344659610977,0.9728504962044793,[ 2.21183425e-03 -3.03507222e-05 -4.10886368e-04 -2.90564719e-05
  2.77951519e-04 -7.38571415e-05 -3.82700379e-04  1.82487147e-04
  1.14568113e-03 -8.66962317e-06  8.29701112e-05 -2.20814372e-05
 -5.92393667e-20  2.58027412e-19  9.99167393e-07  2.60964928e-15
 -2.01369194e-14 -1.86616180e-25 -5.27327641e-22 -2.93814554e-21
  2.60964928e-15  9.98337552e-07  6.31155431e-20 -8.31753316e-27
  1.16202332e-20  1.53524722e-20 -2.01369194e-14  6.31155017e-20
  9.98337552e-07 -2.59993305e-26  1.78997728e-18  1.63096453e-18
  9.70866028e-18 -1.49125156e-19  1.42755921e-18  9.99999175e-10],0.7241290822418249,0.09531941057399704,-5.371594945640165e-21,2.455796105757377e-29,-5.1702030371682274e-27,0.016738945416468677,[ 6.18756845e-02  7.54376873e-04  9.50066170e-06  4.63396330e-13
  4.96975887e-12 -3.60653027e-05  4.91918065e-04  3.58743668e-02
  4.48447281e-04 -1.24332823e-12  1.46431386e-11 -2.29463804e-05
 -1.13163602e-18 -5.34511671e-17  9.98752127e-07  6.38982930e-24
 -4.93062896e-23 -9.38567772e-24  1.21169035e-27 -3.23117427e-27
  6.38983179e-24  9.95045518e-07  6.09622141e-28  6.05372068e-31
  1.07436544e-25  3.21501840e-25 -4.93062758e-23  6.09622162e-28
  9.95045518e-07  9.43180405e-29 -3.33498203e-13  3.23431559e-12
  4.07089439e-14  2.25629077e-22 -1.99710630e-21  3.48871634e-02]
12.91945219039917,base_link,3.741065152306517,-6.376287856596447,-3.1634641917763877e-23,-6.240880708738447e-24,-7.502818972851855e-25,-0.21942592712859624,0.9756291623889458,[ 2.09637187e-03  4.82422911e-06 -4.93808589e-04  8.84977621e-06
  2.73722103e-04 -1.08097709e-04 -4.31810283e-04  2.67169807e-04
  1.04039530e-03  3.10563255e-06  9.59719381e-05 -3.79570690e-05
 -2.91167576e-22  6.35274710e-22  9.98962937e-07  3.48866594e-15
 -2.41921101e-14 -2.91093678e-24  3.50724580e-22  1.72053567e-22
  3.48866594e-15  9.97930161e-07  8.13820228e-20  8.85973724e-26
  3.44107135e-22  3.70576914e-22 -2.41921101e-14  8.13822428e-20
  9.97930161e-07  4.80370678e-26  7.46799750e-19  2.89645446e-18
  9.93810382e-18  5.70206771e-20  1.76078397e-18  9.99998970e-10],0.7127542701558718,0.10793789600760065,-3.8868500621451357e-20,4.292022713171667e-28,-2.4376475311819422e-26,0.02873256199276768,[ 6.18785308e-02  6.59670681e-04  8.29926488e-06  1.04844858e-12
  1.03846179e-11 -5.33490114e-05  3.29514965e-04  3.58502269e-02
  4.48101157e-04  8.33357555e-13  1.93353056e-11 -3.39500946e-05
 -1.28579601e-18 -6.94431491e-17  9.98446014e-07  8.47460367e-24
 -5.87685941e-23  1.73874069e-22  2.56474458e-26  2.03967876e-26
  8.47460950e-24  9.93841270e-07  7.75501465e-28 -1.85977319e-30
 -1.53480778e-25 -2.87574510e-25 -5.87683349e-23  7.75501457e-28
  9.93841270e-07  1.64113192e-28 -3.38109749e-13  3.18820664e-12
  4.01187534e-14 -1.46154140e-23 -1.46552412e-22  3.48830663e-02]
12.969679117202759,base_link,3.7954942434107375,-6.388451799174945,-4.273349178592576e-23,7.87571779001783e-24,8.705161681784954e-24,-0.22115742508381034,0.9752381213479603,[ 2.29660067e-03  1.33425640e-05 -5.53898292e-04  1.39525553e-05
  3.08306111e-04 -1.01820637e-04 -5.11328011e-04  2.44074164e-04
  1.11778831e-03  4.74823848e-06  1.05176521e-04 -3.47831508e-05
  5.61424025e-20 -1.68983073e-19  9.99234135e-07  2.82867007e-15
 -1.77215312e-14 -6.65865361e-25  8.40415502e-22 -5.24432508e-22
  2.82867007e-15  9.98470610e-07  6.54540061e-20 -2.20076566e-25
 -1.15143541e-20 -1.48230766e-20 -1.77215312e-14  6.54534225e-20
  9.98470610e-07 -5.97988713e-25  4.97114869e-19  1.96877449e-18
  7.73946177e-18  6.60668623e-20  1.46557401e-18  9.99999242e-10],0.6988030858779276,0.1128528586593481,-5.337302088431848e-21,-1.570006215566736e-27,-3.1803956535319643e-27,0.024576089536117986,[ 6.21371000e-02  7.19271600e-04  9.06518785e-06 -2.37222472e-12
  6.22014903e-12 -4.99954761e-05  3.21701169e-04  3.58305573e-02
  4.48093728e-04  2.02887380e-13  1.70445531e-11 -3.06446539e-05
 -7.99599102e-19 -3.95191692e-17  9.98852080e-07  6.93652433e-24
 -4.34576181e-23 -2.19507994e-23 -1.28439177e-25  1.05770470e-26
  6.93652494e-24  9.95439660e-07  6.33780323e-28  1.75302604e-29
  2.10026327e-26  5.81611368e-26 -4.34576351e-23  6.33780339e-28
  9.95439660e-07  5.38831278e-29 -3.52658441e-13  3.15480975e-12
  3.97185880e-14 -1.71791812e-22 -2.31643806e-21  3.48838609e-02]
13.014356851577759,base_link,3.83793798829447,-6.403505635215392,2.922861183990509e-22,2.0293385512267814e-23,3.734578218334146e-23,-0.221777606282433,0.9750972737894584,[ 2.12581403e-03  3.64967163e-05 -5.72832555e-04  4.42966464e-05
  3.31912562e-04 -1.38200113e-04 -4.96109740e-04  3.02912495e-04
  1.05644434e-03  1.34087739e-05  1.00431306e-04 -4.18885143e-05
  3.98105485e-20 -1.06832030e-19  9.99055494e-07  3.52743331e-15
 -2.12201211e-14 -1.66867336e-25  1.17128775e-21  9.19824841e-22
  3.52743331e-15  9.98114547e-07  7.92525196e-20 -7.62588702e-25
  9.66146955e-21  1.31025409e-20 -2.12201211e-14  7.92525220e-20
  9.98114547e-07 -5.71880383e-24  5.24259007e-19  2.76420396e-18
  7.99476483e-18  2.23835350e-19  1.67604085e-18  9.99999063e-10],0.683967756346705,0.1126177254112806,-4.275638840884102e-21,-3.4395353333980824e-27,-4.751643930575295e-27,0.0221658641976365,[ 6.19580985e-02  6.52818009e-04  8.22754931e-06  2.29846408e-12
  6.20524635e-12 -6.89706571e-05  2.49312259e-04  3.58392596e-02
  4.48138694e-04  2.88764877e-12  1.89735949e-11 -3.93453584e-05
 -7.03037346e-19 -3.82723367e-17  9.98584577e-07  8.62349118e-24
 -5.18769704e-23 -9.45062117e-23  3.39273298e-26  4.36208526e-26
  8.62348369e-24  9.94385875e-07  7.63563455e-28  6.63234780e-29
  1.28439177e-25  4.03896783e-25 -5.18770651e-23  7.63563505e-28
  9.94385875e-07  1.93406813e-28 -3.72621205e-13  3.14277424e-12
  3.95599834e-14 -2.44183614e-22 -1.86049318e-21  3.48833953e-02]
13.078693389892578,base_link,3.892584410293303,-6.426205865796641,3.899549224350848e-22,-3.517577022919052e-23,-8.357701013396057e-23,-0.22166368651189283,0.9751231768766228,[ 2.03750441e-03  3.28559217e-05 -5.06160031e-04  3.55246391e-05
  2.84958442e-04 -1.20854610e-04 -4.60353789e-04  2.71289199e-04
  1.04427652e-03  1.05866506e-05  8.49853040e-05 -3.61050549e-05
  4.69044495e-20 -2.10805325e-19  9.98882850e-07  4.15331822e-15
 -2.44583819e-14  3.47018008e-24  3.78435130e-23 -1.05879118e-21
  4.15331823e-15  9.97770675e-07  9.09330818e-20 -8.30629029e-25
  6.88214270e-22  6.88214270e-22 -2.44583819e-14  9.09324023e-20
  9.97770675e-07 -4.35023101e-24  8.62199407e-19  2.81234037e-18
  9.10230816e-18  2.03971013e-19  1.63859175e-18  9.99998889e-10],0.6587318652371923,0.10980704852476349,-6.797068991494085e-21,2.2554517257325168e-27,7.057036405212857e-27,0.02028013243628595,[ 6.18437641e-02  6.29192218e-04  7.92762861e-06 -1.24044206e-12
  9.88931134e-12 -6.04453143e-05  2.55203806e-04  3.58191729e-02
  4.47856280e-04  1.68083109e-12  1.87804902e-11 -3.43278870e-05
 -1.46536700e-18 -8.27788359e-17  9.98326142e-07  1.01191435e-23
 -5.95908247e-23 -2.56076241e-24 -2.28201683e-26  3.02922588e-26
  1.01191475e-23  9.93370977e-07  8.71238209e-28  3.46948469e-29
  2.21335437e-25  4.23283829e-25 -5.95908155e-23  8.71238238e-28
  9.93370977e-07  1.00167090e-28 -4.00375046e-13  3.10787507e-12
  3.91150136e-14 -1.30716961e-22 -1.17424502e-21  3.48821183e-02]
13.133339405059814,base_link,3.929309047652892,-6.443204519030774,-1.3152965978057937e-22,2.414824510924094e-25,-1.0452859258100963e-23,-0.22143045500164907,0.9751761654171838,[ 2.17888529e-03  1.08139680e-04 -6.52801267e-04  1.27125799e-04
  2.49803421e-04 -1.23461963e-04 -5.27194825e-04  3.48374753e-04
  1.16501931e-03  5.05690830e-05  9.93227284e-05 -4.91520102e-05
 -8.93619759e-20  1.98629226e-19  9.99211151e-07  2.79157893e-15
 -1.65958437e-14  5.38025621e-25  8.52326903e-21  6.84243803e-21
  2.79157893e-15  9.98424785e-07  5.87284287e-20  5.64302113e-25
  8.99972506e-21  1.55907002e-20 -1.65958437e-14  5.87311441e-20
  9.98424785e-07 -1.53292164e-24  9.82135736e-19  2.77783641e-18
  7.05113110e-18  6.36748149e-19  1.25012062e-18  9.99999219e-10],0.6294234253410782,0.10603273895476054,-4.900740132472758e-21,-1.0833086130758296e-27,1.618330635581238e-27,0.01886371440214784,[ 6.20157427e-02  7.08522275e-04  8.92544227e-06  6.46895223e-12
  1.90500937e-12 -5.85050360e-05  2.19346024e-04  3.58549356e-02
  4.48621843e-04  8.28809153e-12  1.34092911e-11 -3.93319442e-05
 -1.54668216e-18 -7.77372958e-17  9.98817658e-07  6.81333908e-24
 -4.05059956e-23  1.26434082e-22  7.18936275e-26  9.20884666e-26
  6.81337703e-24  9.95303834e-07  5.63977730e-28 -6.89017981e-29
  2.01948392e-26  1.45402842e-25 -4.05058763e-23  5.63977643e-28
  9.95303834e-07  6.93500219e-29 -4.06093019e-13  3.03168254e-12
  3.81772282e-14 -1.96922965e-22 -4.40527938e-22  3.48787535e-02]
13.171045064926147,base_link,3.9495236933737417,-6.446486186123006,1.5662866414364883e-23,2.1748995383771238e-24,5.074706340169514e-24,-0.22333261609057595,0.974742295476163,[ 2.65402006e-03  1.37286834e-04 -8.21688679e-04  1.52427574e-04
  3.34244547e-04 -1.54169214e-04 -6.95461680e-04  3.89499919e-04
  1.36148641e-03  5.47902795e-05  1.20152611e-04 -5.54513677e-05
 -8.46503552e-20  1.17684640e-19  9.99558369e-07  1.54922957e-15
 -9.05881120e-15  2.50804103e-24  3.63959470e-21  3.37489690e-21
  1.54922958e-15  9.99117517e-07  3.17791614e-20 -4.76819710e-25
  1.40554530e-20  1.14084750e-20 -9.05881119e-15  3.17788712e-20
  9.99117517e-07 -7.51931766e-25 -3.22900085e-19  1.81121227e-18
  4.81838049e-18  4.25794761e-19  9.33799712e-19  9.99999567e-10],0.6015418037085991,0.10725447194932966,-7.385191691628983e-21,-1.2567976515711044e-28,-7.026891840120064e-28,0.015543455264603089,[ 6.25747973e-02  8.72184522e-04  1.10233587e-05  3.55826629e-12
  9.53822292e-12 -7.36917260e-05  2.36189924e-04  3.58891487e-02
  4.49293128e-04  5.37702482e-12  1.21369983e-11 -4.60184876e-05
  2.78843246e-18  1.13624388e-16  9.99337845e-07  3.80698659e-24
 -2.22611878e-23  7.56234123e-23 -1.49441810e-26 -2.26182199e-26
  3.80700746e-24  9.97361832e-07  3.08585379e-28  1.63800580e-29
 -1.27631384e-25 -1.61558713e-25 -2.22611432e-23  3.08585380e-28
  9.97361832e-07  2.80285162e-29 -4.13120601e-13  2.99707828e-12
  3.77658632e-14 -2.34730429e-22 -5.02450539e-22  3.48847646e-02]
13.218944787979126,base_link,3.9818708343011258,-6.459510848590401,2.284724810186004e-22,-5.8814769070951805e-24,-8.394782146411725e-24,-0.22450533498944206,0.9744728598382196,[ 2.50119055e-03  7.85629672e-05 -7.51443410e-04  8.98241435e-05
  2.74162898e-04 -1.33337878e-04 -6.46123001e-04  3.29956999e-04
  1.40422817e-03  3.26562926e-05  9.96426855e-05 -4.85309121e-05
 -7.26330752e-20  1.86241369e-19  9.99140848e-07  3.01194632e-15
 -1.66130485e-14  9.48421575e-24  7.31889406e-21  6.82920314e-21
  3.01194633e-15  9.98284641e-07  5.82411616e-20 -1.67628216e-25
  1.08790794e-20  1.68347798e-20 -1.66130484e-14  5.82419271e-20
  9.98284641e-07 -1.64955002e-24  5.86015071e-19  2.52768532e-18
  8.46580330e-18  4.18969328e-19  1.27805398e-18  9.99999148e-10],0.5804691108013657,0.10531418318551505,-6.112550940317036e-21,1.3213862749222641e-27,2.824045389753773e-27,0.013014006203731185,[ 6.23892050e-02  7.96705484e-04  1.00616580e-05  3.55824530e-12
  3.25794129e-12 -6.27637783e-05  2.47987919e-04  3.58523726e-02
  4.48590242e-04  5.79923082e-12  1.57929380e-11 -4.06282304e-05
 -2.06676039e-18 -9.22656049e-17  9.98712377e-07  7.37570069e-24
 -4.06827784e-23  1.00932658e-22  8.44144277e-26  1.36517113e-25
  7.37573388e-24  9.94888909e-07  5.62693175e-28  1.67650964e-29
 -5.29104786e-26 -2.55262767e-25 -4.06826618e-23  5.62693153e-28
  9.94888909e-07  1.43247667e-28 -4.48474591e-13  3.02770309e-12
  3.81344375e-14 -2.90489508e-22 -6.94996937e-22  3.48850228e-02]
13.269516229629517,base_link,4.013260243779148,-6.468709650466367,-4.426535267394628e-23,2.1575524271455703e-25,-1.7370651825074034e-25,-0.22655912187565058,0.9739974149323674,[ 2.53453254e-03  5.07047489e-05 -7.09383842e-04  5.97591072e-05
  2.76753899e-04 -1.40714754e-04 -6.28466536e-04  3.37918260e-04
  1.44828656e-03  2.06704446e-05  9.56988165e-05 -4.87213144e-05
  5.77041195e-21 -1.83170875e-20  9.99191952e-07  2.80983585e-15
 -1.49988665e-14 -1.12977706e-23  1.75362290e-21  1.47569021e-21
  2.80983584e-15  9.98386511e-07  5.21556229e-20  1.28523519e-25
 -4.63221143e-22 -6.61744490e-22 -1.49988665e-14  5.21558425e-20
  9.98386511e-07  7.64570458e-26  6.79563305e-19  2.35061090e-18
  8.23177973e-18  2.54533970e-19  1.17807882e-18  9.99999200e-10],0.5554776828056485,0.10538881617386925,-4.373403649473095e-21,7.13036799445921e-29,2.4368706746925565e-28,0.009576948810705947,[ 6.24229524e-02  7.86378048e-04  9.93089613e-06  2.47950385e-12
  3.81539312e-12 -6.68044458e-05  2.73196027e-04  3.58567834e-02
  4.48733271e-04  3.49910246e-12  1.41596926e-11 -4.20374250e-05
 -2.62580214e-19 -1.18720138e-17  9.98788906e-07  6.88872945e-24
 -3.67716821e-23 -2.49260186e-22  3.19078459e-26  4.44286462e-26
  6.88868930e-24  9.95190500e-07  5.04861042e-28  1.09783025e-29
  4.11974719e-26  1.50249603e-25 -3.67719062e-23  5.04861063e-28
  9.95190500e-07 -4.68714485e-29 -4.65473688e-13  2.99255759e-12
  3.76988374e-14 -3.13864307e-22 -1.55880229e-21  3.48860367e-02]
13.318422794342041,base_link,4.085014434193575,-6.481702556953086,-3.420447005354169e-22,-2.05359154077469e-23,1.3906708046001093e-22,-0.24646927231998056,0.9691506063569579,[ 2.48273395e-03 -3.39572980e-05 -5.54900143e-04 -3.39054007e-05
  3.63491736e-04 -1.55886722e-04 -5.16494119e-04  3.25605978e-04
  1.27773395e-03 -9.21517623e-06  9.88248156e-05 -4.24167800e-05
  5.78364684e-20 -1.47066095e-19  9.99403705e-07  2.16436216e-15
 -1.10652830e-14  5.50644855e-24 -8.76811449e-23 -9.76073123e-23
  2.16436216e-15  9.98808830e-07  4.01617908e-20  7.62214363e-25
  2.52257000e-20  1.69671287e-20 -1.10652830e-14  4.01630102e-20
  9.98808830e-07 -2.56093038e-24  9.38868193e-19  1.70184715e-18
  6.03445854e-18 -9.86285798e-20  1.05796391e-18  9.99999412e-10],0.5760098342698469,0.11594378360700446,-1.9421495965303445e-20,3.7752725357064686e-27,-6.655514935825746e-27,-0.013780851544417235,[ 6.23274919e-02  7.27894716e-04  9.19490410e-06 -3.51038352e-13
  1.26199857e-11 -7.56092484e-05  3.63677740e-04  3.58595252e-02
  4.48968298e-04 -1.20227072e-12  1.49564459e-11 -4.27379940e-05
  9.85946351e-19  4.80843663e-17  9.99106090e-07  5.30619985e-24
 -2.71277167e-23  7.24672240e-23  6.51283563e-27  1.91850972e-26
  5.30619305e-24  9.96443379e-07  3.88550579e-28 -1.53799511e-29
  5.10525534e-25  6.07460762e-25 -2.71276585e-23  3.88550572e-28
  9.96443379e-07  3.80875328e-29 -4.78614110e-13  2.94352043e-12
  3.70961425e-14  2.35359558e-23 -2.82480552e-22  3.48863551e-02]
13.369221210479736,base_link,4.165368976621706,-6.506455397768124,-6.405329402215867e-22,4.240782255189623e-23,-6.656275515140017e-23,-0.2327974093849998,0.9725252522087191,[ 2.68517484e-03 -2.06119978e-04 -4.42635111e-05 -2.72925478e-04
  5.78860122e-04 -3.17154914e-04 -2.39442219e-04  6.02903681e-04
  1.62847212e-03 -1.94811053e-05  4.13159673e-05 -2.26396794e-05
 -5.59835839e-21 -4.23516474e-20  9.99402706e-07  2.38936582e-15
 -1.14374903e-14  3.39778609e-24  1.58818678e-21  1.25731453e-22
  2.38936582e-15  9.98806837e-07  4.57560895e-20 -1.31739207e-24
 -2.42992577e-20 -2.06464281e-21 -1.14374903e-14  4.57550742e-20
  9.98806837e-07  1.61259723e-24  2.20197237e-18  2.94280494e-18
  8.57662870e-18 -4.50391567e-19  9.54747935e-19  9.99999411e-10],0.6069223463749006,0.12266547418142706,-1.9177254350930023e-20,-1.051066134620543e-26,-1.5641675441114937e-28,0.0034681242853712457,[ 6.25170486e-02  5.72986901e-04  7.23889359e-06 -2.32508637e-11
  3.59406103e-11 -1.71924416e-04  5.57017513e-04  3.60161066e-02
  4.51002162e-04 -9.07668980e-12  1.44614452e-11 -6.59259416e-05
  6.72544160e-19  4.19586241e-17  9.99104593e-07  5.86297577e-24
 -2.80647499e-23  1.53187138e-22 -8.72417052e-26 -3.39273298e-26
  5.86294764e-24  9.96437460e-07  4.43318274e-28  7.02036859e-29
  7.62557127e-25  3.03730381e-25 -2.80646725e-23  4.43318308e-28
  9.96437460e-07  1.44262502e-30 -5.07620855e-13  2.91206295e-12
  3.67037561e-14  2.00572587e-22 -2.28698619e-22  3.48870596e-02]
13.433327198028564,base_link,4.318205380767897,-6.580986296217306,2.7704352881453068e-21,-4.9639715573826117e-23,4.513809314581517e-22,-0.21536789223387007,0.9765329851032888,[ 2.28429846e-03 -3.99949779e-04  1.79060262e-04 -5.23044965e-04
  1.03442591e-03 -6.11037156e-04 -4.30235232e-05  8.68629708e-04
  1.46369922e-03  4.12360013e-07 -8.15636185e-07  4.83308256e-07
 -7.63653142e-20 -2.93814554e-19  9.99046848e-07  3.81510581e-15
 -2.10732368e-14  2.69622667e-24 -1.54054117e-20  6.96899666e-23
  3.81510580e-15  9.98097320e-07  8.43414126e-20  4.11089098e-24
 -1.23878569e-20  4.67357046e-23 -2.10732368e-14  8.43379806e-20
  9.98097320e-07 -1.21476834e-23  2.23028904e-18  5.29619282e-18
  9.40939163e-18 -5.22543123e-19  1.03350853e-18  9.99999054e-10],0.7124034621826192,0.11849449159568505,-1.0128208860435184e-20,2.326611986690097e-25,-2.5259988110226213e-25,0.023117230463341895,[ 6.22038792e-02  2.09658640e-04  2.64725571e-06 -3.82495549e-11
  8.02714255e-11 -3.50048931e-04  4.78920294e-04  3.60684395e-02
  4.51503787e-04 -1.10286147e-11  2.32679579e-11 -1.06690303e-04
 -1.25784393e-19 -2.14672030e-17  9.98571632e-07  9.32818219e-24
 -5.15257771e-23 -8.16732371e-23  4.26515003e-25  1.21169035e-25
  9.32817950e-24  9.94334971e-07  8.12920966e-28 -1.90728634e-27
 -3.81278564e-24 -1.10183043e-24 -5.15258019e-23  8.12920343e-28
  9.94334971e-07  2.07451139e-27 -5.32532243e-13  2.88365859e-12
  3.63309537e-14  6.63409986e-22 -1.33701738e-21  3.48855434e-02]
13.480387210845947,base_link,4.4039494902292,-6.628298838519536,-4.682641698285116e-22,-3.292804233319458e-22,1.9886249217990084e-22,-0.18858180002235228,0.98205748543572,[ 2.43162158e-03 -4.32405912e-04  3.06864523e-04 -5.24225110e-04
  9.26686860e-04 -6.07836416e-04  3.57237004e-05  9.94349830e-04
  2.44725397e-03  1.86078537e-05 -3.28938691e-05  2.15986009e-05
 -1.66230216e-20 -1.45477909e-19  9.99226259e-07  2.88113721e-15
 -1.87038472e-14  6.69224904e-25 -1.13025959e-20  1.50215999e-21
  2.88113720e-15  9.98454907e-07  6.96304808e-20  1.06040642e-23
  2.47227741e-20 -3.22269567e-21 -1.87038472e-14  6.96432903e-20
  9.98454907e-07 -3.86767817e-24  2.79374281e-18  6.03810735e-18
  1.51011372e-17 -3.78011261e-19  6.68227466e-19  9.99999234e-10],0.7511768512908932,0.11015977034515294,-5.227917691369555e-21,5.340321654599129e-27,-1.541289254594583e-25,0.05265213811806785,[ 6.23968775e-02  1.74666755e-04  2.20557510e-06 -2.37276990e-11
  4.26546381e-11 -3.56806531e-04  5.18557383e-04  3.61297131e-02
  4.52457787e-04 -4.02440707e-12  7.31944662e-12 -9.26486988e-05
 -4.72644385e-19 -9.68734641e-17  9.98840284e-07  7.05800405e-24
 -4.58199178e-23  8.35831072e-23 -1.47018429e-24 -2.48800419e-25
  7.05797991e-24  9.95393115e-07  6.73180162e-28 -4.49543474e-29
  9.62889932e-25  1.64789888e-25 -4.58198604e-23  6.73180532e-28
  9.95393115e-07  1.29565529e-27 -5.48114966e-13  2.86779628e-12
  3.61444251e-14  3.51743213e-22 -6.27601489e-22  3.48851756e-02]
13.509698390960693,base_link,4.4510835911343865,-6.657616625182546,4.0948329187933153e-22,4.019070983059982e-22,-1.5289727672835231e-22,-0.16153767473829392,0.9868665460132617,[ 2.19909457e-03 -4.33275825e-04  3.58731344e-04 -5.77546622e-04
  9.88763650e-04 -6.16923580e-04  5.03890333e-05  9.43060295e-04
  1.55401223e-03  3.04398690e-05 -5.21144693e-05  3.25900176e-05
  9.62441186e-20  4.63485841e-20  9.98797091e-07  4.22580959e-15
 -2.96973855e-14  1.16598295e-24 -7.83505476e-21  1.60142167e-21
  4.22580960e-15  9.97599946e-07  1.04345603e-19 -1.15097006e-23
  4.71162077e-20 -9.39677176e-21 -2.96973855e-14  1.04329400e-19
  9.97599946e-07  2.35825901e-24  2.37711275e-18  6.74480125e-18
  1.20224983e-17 -2.89238758e-19  4.95189625e-19  9.99998803e-10],0.767022779489435,0.10154265124334116,-5.791271472023212e-21,-4.716404549001197e-26,8.465428542178055e-26,0.08181790830663141,[ 6.21649146e-02  9.77581367e-05  1.23326948e-06 -5.36009864e-11
  9.32922937e-11 -3.71324259e-04  4.53459914e-04  3.60827446e-02
  4.51622825e-04 -5.85706384e-12  1.04749164e-11 -8.33385329e-05
  1.36160546e-19  4.99275100e-17  9.98197800e-07  1.02282364e-23
 -7.18826755e-23  2.16354128e-23 -4.07127958e-25 -4.44286462e-26
  1.02282335e-23  9.92868014e-07  9.88246644e-28  3.76292473e-28
 -2.58493941e-26 -1.61558713e-27 -7.18826713e-23  9.88246624e-28
  9.92868014e-07 -6.78054585e-28 -5.51632362e-13  2.86565910e-12
  3.60954946e-14  2.30095825e-23 -5.94573547e-23  3.48819469e-02]
13.569437265396118,base_link,4.543603136738277,-6.697155864719321,3.1191075947980423e-22,1.1834503368490006e-22,3.151066969704567e-22,-0.11757843407054423,0.9930635990919809,[ 2.18691367e-03 -4.03657861e-04  2.67789463e-04 -4.95110481e-04
  9.92082989e-04 -6.89017405e-04  5.60045883e-05  1.00571678e-03
  2.11726193e-03  1.10547648e-05 -2.21524688e-05  1.54023154e-05
  1.85288457e-21  1.27054942e-20  9.98901677e-07  3.34491712e-15
 -2.79393448e-14  2.24613639e-25  1.79994501e-21 -1.32348898e-22
  3.34491712e-15  9.97808160e-07  8.50927855e-20 -2.57526628e-24
  5.70688448e-20 -3.67929936e-21 -2.79393448e-14  8.50819110e-20
  9.97808160e-07 -1.00089917e-23  1.41383519e-18  6.92151929e-18
  1.55645088e-17 -1.64069230e-19  3.28788213e-19  9.99998909e-10],0.7844450204201991,0.09187114170734434,-5.909835653654313e-21,5.174362982757643e-26,-9.388674321025592e-26,0.12477584082695037,[ 6.22033816e-02  3.87030886e-05  4.88409280e-07 -2.90807376e-11
  6.72297556e-11 -4.19931694e-04  3.71365051e-04  3.60953808e-02
  4.51930477e-04 -2.97535958e-12  8.00304278e-12 -8.13372889e-05
 -1.60936260e-20 -1.46909394e-17  9.98354320e-07  8.09244716e-24
 -6.76007188e-23  8.45779176e-23  3.06961555e-25  3.11000523e-26
  8.09241405e-24  9.93481354e-07  8.05175320e-28 -4.62761556e-28
 -2.70126169e-24 -3.19886253e-25 -6.76006551e-23  8.05175298e-28
  9.93481354e-07  8.36702905e-28 -5.44155626e-13  2.83405591e-12
  3.57069050e-14  1.12437280e-22 -3.06921925e-22  3.48811744e-02]
13.632367849349976,base_link,4.611040384843728,-6.724097698258938,2.7458218746915443e-22,1.0346748645740443e-23,3.94402090233773e-23,-0.09428670879040602,0.9955450851395296,[ 2.24746567e-03 -3.23665729e-04  1.54900748e-04 -3.94492886e-04
  9.82272830e-04 -6.47200392e-04  9.44886779e-06  9.68362001e-04
  1.79569183e-03  4.25062161e-06 -1.05827437e-05  6.99562403e-06
  4.48133369e-20  2.21922632e-19  9.98876841e-07  3.08785660e-15
 -2.83006860e-14 -2.35311181e-24  5.74394217e-21 -3.90429249e-22
  3.08785660e-15  9.97758713e-07  7.78085539e-20 -1.56221856e-24
 -2.85873620e-21  2.18375682e-22 -2.83006859e-14  7.78004505e-20
  9.97758713e-07 -9.43736084e-24  8.35630618e-19  6.55494830e-18
  1.22424598e-17 -9.75335494e-20  2.42832258e-19  9.99998884e-10],0.7627843849653942,0.08064668910602867,-1.9903356895579082e-20,1.2547935129365545e-26,-2.8986418168436557e-26,0.13897858718586412,[ 6.23092293e-02  3.55542288e-05  4.49070394e-07 -2.75641607e-11
  6.28210581e-11 -4.01746160e-04  2.74074497e-04  3.60688567e-02
  4.51668734e-04 -1.92789984e-12  3.75266661e-12 -5.81754322e-05
  1.70994776e-20  1.69677640e-17  9.98317150e-07  7.53131708e-24
 -6.90305808e-23 -1.23605221e-22 -7.43170082e-26 -5.25065819e-27
  7.53134724e-24  9.93335743e-07  7.46957093e-28 -8.89066683e-28
 -2.24889729e-24 -1.34093732e-25 -6.90306603e-23  7.46957004e-28
  9.93335743e-07  1.95913202e-27 -5.36447246e-13  2.81837054e-12
  3.55122566e-14  1.98965446e-22 -4.53992340e-22  3.48801410e-02]
13.682756900787354,base_link,4.658087928532436,-6.7378719804798815,-2.512599413570128e-22,-8.44921076438261e-25,-4.493152895299351e-23,-0.09391787554082993,0.9955799478966504,[ 2.35455223e-03 -2.70344739e-04  7.57129699e-05 -3.34800984e-04
  1.10174719e-03 -7.78337817e-04 -3.69761547e-05  1.08071632e-03
  2.08718537e-03 -4.37190144e-06  1.43868165e-05 -1.01677513e-05
 -1.58686329e-20 -1.20808074e-19  9.99136137e-07  2.14850052e-15
 -2.11659631e-14 -8.41105719e-24  1.32348898e-21  2.89513214e-23
  2.14850053e-15  9.98275252e-07  5.26473225e-20 -4.02201219e-24
  3.62106585e-20  8.08982639e-22 -2.11659631e-14  5.26586543e-20
  9.98275252e-07  3.96263947e-23  6.40944710e-19  6.23280778e-18
  1.22276856e-17 -1.42037943e-19  4.67407360e-19  9.99999144e-10],0.7372889155073361,0.07488820730209239,-2.308930409828368e-20,-3.6172711504886193e-28,-1.892140639719852e-27,0.1286742648395703,[ 6.24614244e-02  2.63642287e-05  3.33971187e-07 -2.20530468e-11
  7.20637831e-11 -4.85453242e-04  1.90419902e-04  3.61172557e-02
  4.52505496e-04 -2.76244994e-12  9.01464428e-12 -6.59929704e-05
 -1.27584338e-20 -1.77267055e-17  9.98705322e-07  5.26396049e-24
 -5.18625809e-23 -3.65270518e-22  2.58493941e-26  3.23117427e-27
  5.26402791e-24  9.94861129e-07  5.09101700e-28  1.24199792e-28
  4.60119216e-24  5.75149020e-25 -5.18627932e-23  5.09101851e-28
  9.94861129e-07  4.74795310e-28 -5.27587793e-13  2.81116450e-12
  3.54400374e-14  3.28358741e-22 -1.07866360e-21  3.48816663e-02]
13.719147205352783,base_link,4.694855698174097,-6.74238546408998,-3.9061073414964527e-23,-4.5348484560176096e-24,3.683735607539743e-23,-0.09476964010440168,0.9954992291882914,[ 2.38611958e-03 -2.26332377e-04 -2.48430748e-05 -2.72902351e-04
  1.08769493e-03 -8.05323559e-04 -7.16788491e-05  1.18850818e-03
  2.34553204e-03 -1.15769554e-05  4.61490036e-05 -3.42078596e-05
 -9.39677176e-22  2.98579114e-20  9.99267108e-07  1.75719277e-15
 -1.76252458e-14 -9.51294106e-25 -4.16899029e-21 -8.07328278e-22
  1.75719277e-15  9.98536358e-07  4.22539927e-20  3.48647602e-24
 -1.55642304e-20 -2.19699171e-21 -1.76252458e-14  4.22533733e-20
  9.98536358e-07 -1.57291655e-23  5.89293818e-19  6.49483109e-18
  1.29812887e-17 -1.69847152e-19  6.77089213e-19  9.99999275e-10],0.7222846752500747,0.07483300019387149,-5.085221590913931e-21,1.677079086263475e-27,1.54619618006793e-28,0.1205103926485627,[ 6.25204837e-02  2.79105152e-05  3.53211228e-07 -1.14403614e-11
  6.08640989e-11 -5.02473481e-04  1.33293681e-04  3.61634493e-02
  4.53233594e-04 -2.57392463e-12  1.21326244e-11 -7.40935192e-05
 -5.63806306e-20 -7.23162849e-17  9.98901465e-07  4.27418913e-24
 -4.28805210e-23 -2.59750124e-23  2.98883620e-25  6.74507628e-26
  4.27419079e-24  9.95634505e-07  4.03366810e-28 -2.11589414e-28
  3.87740912e-26  8.07793567e-27 -4.28805336e-23  4.03366717e-28
  9.95634505e-07 -1.31535792e-29 -5.19113493e-13  2.79836224e-12
  3.52876414e-14  5.19266666e-23 -3.30940164e-22  3.48797507e-02]
13.774947166442871,base_link,4.751843282820778,-6.739769793343847,2.3482679443451493e-23,6.333880123744711e-24,1.8947075199156252e-23,-0.09862076198837876,0.9951250902800268,[ 2.38039708e-03 -2.82246729e-04  1.96424383e-04 -4.02587278e-04
  1.37592157e-03 -1.03425380e-03 -2.62862523e-05  1.36172597e-03
  2.35696241e-03  1.67058032e-06 -5.70944121e-06  4.28637446e-06
  1.66759611e-21  1.03761536e-20  9.99241056e-07  1.94154795e-15
 -1.77145646e-14 -3.81741356e-24 -2.22346149e-21 -1.17873237e-23
  1.94154795e-15  9.98484409e-07  4.53255640e-20 -5.74293527e-24
  3.57871420e-20  1.43929427e-22 -1.77145646e-14  4.53077331e-20
  9.98484409e-07 -2.62421236e-23  7.54937631e-19  6.60308153e-18
  1.19076338e-17 -1.36568728e-19  4.66758603e-19  9.99999249e-10],0.700185127046815,0.08124347854458847,-3.5676682350514936e-21,-2.114764806558197e-28,-4.679358914228099e-28,0.10605687284690636,[ 6.25252273e-02 -5.26179210e-05 -6.63332133e-07 -2.72812180e-11
  9.50998452e-11 -6.53618015e-04  1.32931047e-04  3.62332463e-02
  4.54187401e-04 -3.30558208e-12  1.15059038e-11 -7.53051200e-05
  5.25160427e-20 -3.59413020e-17  9.98862445e-07  4.73018624e-24
 -4.31641826e-23 -5.01001901e-23 -3.87740912e-25 -4.68520269e-26
  4.73019311e-24  9.95480506e-07  4.33806426e-28  1.15178815e-28
  1.40879198e-24  1.69636649e-25 -4.31642046e-23  4.33806496e-28
  9.95480506e-07  1.46049607e-28 -5.07971344e-13  2.76904194e-12
  3.49196310e-14  1.15909777e-22 -4.07839714e-22  3.48767384e-02]
13.811981916427612,base_link,4.804582343487537,-6.7483459869659,3.0549523249842365e-22,7.469949869931488e-23,-2.6215055251876488e-23,-0.09909320442464273,0.9950781561449613,[ 2.10083122e-03 -2.05374075e-04 -8.64354112e-05 -1.84844988e-04
  1.65059711e-03 -1.32150021e-03 -1.95093089e-05  1.41355841e-03
  1.97993128e-03 -3.69695267e-06  3.32102730e-05 -2.66853371e-05
 -6.53274161e-20  8.24798332e-20  9.98961531e-07  2.81725985e-15
 -2.37871488e-14  1.32007077e-23 -7.35859873e-21  1.02570396e-21
  2.81725985e-15  9.97927362e-07  6.45601161e-20 -2.23144125e-23
 -1.11808349e-19 -1.20966893e-20 -2.37871488e-14  6.45330612e-20
  9.97927362e-07  5.48186270e-24  3.33403935e-19  7.11479758e-18
  1.00883195e-17 -6.59213679e-20  5.90231524e-19  9.99998968e-10],0.7056845365749148,0.08039148660973641,1.1849728503943243e-20,6.346779991636705e-28,-5.681213475364938e-26,0.09939620456956236,[ 6.21574892e-02 -4.47315397e-05 -5.63934889e-07  2.36736773e-11
  1.51811052e-10 -8.34030681e-04  8.44552997e-05  3.62532735e-02
  4.54309407e-04  7.84992343e-13  2.80320847e-11 -1.09198539e-04
 -8.47032947e-22  8.13151629e-19  9.98443910e-07  6.86113017e-24
 -5.79349447e-23  2.80424868e-22 -1.32478145e-25 -4.44286462e-27
  6.86110775e-24  9.93833049e-07  6.17745848e-28 -5.64397700e-29
 -1.91285517e-24 -3.52197995e-25 -5.79347856e-23  6.17746250e-28
  9.93833049e-07  4.76494256e-27 -5.00592501e-13  2.75424128e-12
  3.47204842e-14 -3.76460775e-23 -1.30963610e-21  3.48747730e-02]
13.881877183914185,base_link,4.8993933551868905,-6.776740291112556,3.1576243395806036e-22,-3.7600390599285965e-23,-2.166502856090775e-22,-0.09454345475398424,0.9955207356771537,[ 2.15435128e-03  1.71903230e-05 -4.27678055e-04  1.09347835e-04
  1.47545347e-03 -1.21013486e-03 -1.63703720e-04  1.46186075e-03
  2.38712818e-03  8.52854396e-06  1.14947972e-04 -9.43850170e-05
 -1.99582138e-20  5.26219218e-20  9.99091676e-07  2.15559270e-15
 -2.12308828e-14 -4.02321536e-24 -4.52633231e-21 -3.54033302e-22
  2.15559270e-15  9.98186643e-07  5.03799454e-20  3.54823836e-24
 -4.02340650e-21 -9.26442286e-22 -2.12308828e-14  5.03792861e-20
  9.98186643e-07  5.50823050e-23  3.25851394e-19  6.88864185e-18
  1.09218338e-17  9.31577919e-20  1.25430442e-18  9.99999099e-10],0.7123463281715887,0.07015004027850805,-4.340120402311792e-21,-2.7742087250339756e-27,-1.9511109888831707e-26,0.09394622923231859,[ 6.22044737e-02  1.27694570e-04  1.61387325e-06  2.12983856e-11
  9.24366038e-11 -7.49900512e-04 -2.75955535e-05  3.62753272e-02
  4.54769219e-04  3.59041801e-12  2.44065061e-11 -1.25948925e-04
 -4.59515374e-20 -1.29020059e-17  9.98638748e-07  5.26788849e-24
 -5.18882150e-23  4.37521822e-23 -1.29246971e-26 -2.42338070e-27
  5.26789002e-24  9.94598995e-07  4.85113306e-28  1.67096259e-28
 -6.59159551e-25 -1.77714585e-25 -5.18881853e-23  4.85113352e-28
  9.94598995e-07  1.41538974e-27 -4.86853627e-13  2.74241740e-12
  3.45838434e-14 -2.25058199e-22 -1.89551901e-21  3.48751659e-02]
13.915515661239624,base_link,4.934622711566217,-6.783238518870735,5.336814116278425e-23,-4.0167845242755406e-26,-2.912504222141086e-23,-0.09872824912376257,0.9951144320252603,[ 1.96224785e-03  3.25298606e-06 -2.32752001e-04  2.10362341e-05
  1.39849263e-03 -1.11114001e-03 -1.42770281e-04  1.34362199e-03
  2.44868413e-03  1.06396661e-06  7.07250948e-05 -5.62584750e-05
  1.92302949e-20 -1.73429996e-19  9.99015715e-07  2.20347204e-15
 -2.28622823e-14  1.26836238e-23 -1.43267682e-21 -1.78671012e-22
  2.20347204e-15  9.98035293e-07  5.11754134e-20  4.38778971e-24
 -1.56701095e-20 -2.35581038e-21 -2.28622823e-14  5.11817971e-20
  9.98035293e-07 -4.61740120e-23  5.95396475e-19  6.98574893e-18
  1.24465960e-17  1.90295976e-20  1.26483564e-18  9.99999022e-10],0.7020762723986781,0.0687379422443413,-2.2644916503205393e-21,-1.048033490176363e-27,1.1922450042661888e-26,0.08427249117385299,[ 6.19687620e-02  9.98734031e-05  1.26143607e-06  1.63906091e-12
  9.41223739e-11 -6.96591381e-04 -2.07822304e-05  3.62173915e-02
  4.54039569e-04  3.25270971e-13  1.98011775e-11 -1.03931791e-04
  2.45639555e-20  8.78203760e-18  9.98525022e-07  5.35607835e-24
 -5.55778163e-23  3.22209801e-22 -5.45260658e-26 -1.08042390e-26
  5.35607949e-24  9.94151656e-07  4.88226389e-28 -4.75338069e-28
 -2.66248760e-24 -5.55761974e-25 -5.55776129e-23  4.88226074e-28
  9.94151656e-07  5.54517519e-27 -4.83282590e-13  2.73777528e-12
  3.45232294e-14 -1.18814493e-23 -6.99619685e-22  3.48726668e-02]
13.97316598892212,base_link,4.9992743283022945,-6.7876086036309955,-1.5561407845202786e-22,1.3508819244214144e-22,3.1615424305570887e-22,-0.11177939070007757,0.9937330465546164,[ 1.78951121e-03  5.96234750e-05 -3.15618479e-04  1.26716473e-04
  1.34756962e-03 -1.22552676e-03 -1.48734980e-04  1.37742073e-03
  2.28556062e-03  5.61373723e-06  5.96857722e-05 -5.43413988e-05
  2.83226642e-21 -1.58818678e-20  9.98979680e-07  2.32873540e-15
 -2.24891614e-14  3.64330536e-24  1.18452264e-20  1.06375427e-21
  2.32873540e-15  9.97963508e-07  5.13351557e-20 -6.02132367e-24
  8.62914815e-20  1.12761261e-20 -2.24891614e-14  5.13306470e-20
  9.97963508e-07 -2.03188569e-23  7.13806734e-19  6.68595127e-18
  1.07171729e-17  1.30698974e-19  1.38923486e-18  9.99998986e-10],0.689992759553843,0.07220441357534312,-9.190615560393308e-21,-1.66176430569823e-26,-3.155747316401993e-25,0.062367633742201736,[ 6.17475046e-02  1.11982226e-04  1.41417850e-06  1.21598256e-11
  8.62547607e-11 -7.68475624e-04 -5.29841054e-05  3.62308025e-02
  4.54265230e-04  2.42912607e-12  2.05109499e-11 -1.19824531e-04
 -1.53101205e-19 -4.91685685e-17  9.98471076e-07  5.64256960e-24
 -5.44953553e-23  1.00418844e-22  3.27964188e-25  6.54312789e-26
  5.64257504e-24  9.93939655e-07  4.86914848e-28  2.95458188e-28
  4.98893307e-24  1.18907213e-24 -5.44952878e-23  4.86914738e-28
  9.93939655e-07  5.72802860e-27 -4.71737693e-13  2.71037359e-12
  3.41795166e-14 -4.45016071e-23 -1.04895373e-22  3.48712629e-02]
14.030842304229736,base_link,5.095241775824958,-6.806135539141429,3.4961089305519445e-22,-6.489147017048592e-24,-1.235231044220332e-22,-0.09254452609785656,0.9957085470604956,[ 1.76853685e-03  4.78315924e-05 -2.89856729e-04  1.08057170e-04
  1.18033005e-03 -1.15840069e-03 -1.12044334e-04  1.34757688e-03
  2.58227442e-03  5.46064067e-06  5.95688596e-05 -5.85947634e-05
  6.76038171e-20 -2.51780544e-19  9.99061333e-07  2.22610488e-15
 -2.20388939e-14  1.59709048e-23 -6.14098887e-21 -5.36013037e-22
  2.22610488e-15  9.98126179e-07  5.22672541e-20 -5.51103958e-25
 -3.49401091e-20 -9.47618110e-21 -2.20388939e-14  5.22653763e-20
  9.98126179e-07  1.41366365e-23  4.46595905e-19  6.70180740e-18
  1.27709941e-17  8.87235842e-20  9.67942588e-19  9.99999068e-10],0.7162042908828974,0.07109259244023794,-5.777148067814929e-21,-3.725582618447638e-27,-6.906579706026717e-26,0.07864498621762328,[ 6.17156432e-02  1.07178465e-04  1.35348296e-06  1.54324321e-11
  6.80727384e-11 -7.27970649e-04 -2.02354277e-05  3.62151265e-02
  4.54214603e-04  2.77875399e-12  1.86918546e-11 -1.16643731e-04
  5.99275810e-20  2.00035301e-17  9.98593318e-07  5.42761708e-24
 -5.37383140e-23  3.18351956e-22 -9.49965235e-25 -1.71252236e-25
  5.42762797e-24  9.94420221e-07  5.01214282e-28  1.20554380e-28
 -6.07460762e-25 -1.68021062e-25 -5.37381680e-23  5.01214256e-28
  9.94420221e-07  2.33936070e-27 -4.62754523e-13  2.67908959e-12
  3.37923312e-14 -1.38475017e-22 -1.05396335e-21  3.48688811e-02]
14.072826147079468,base_link,5.132814088335911,-6.82009882244727,1.3118918351446444e-23,-1.7046332018649708e-22,-5.628511786313309e-22,-0.10513242688074216,0.9944582308061839,[ 1.74162558e-03  9.06566129e-05 -2.35481453e-04  1.57098442e-04
  1.16948605e-03 -1.23770143e-03 -9.90138942e-05  1.34086842e-03
  2.61319282e-03  1.39547066e-06  1.03850464e-05 -1.09331537e-05
  4.46015786e-21 -5.09278560e-20  9.99220922e-07  1.75219839e-15
 -1.82305821e-14  1.20391679e-23  1.32348898e-22 -7.44462551e-24
  1.75219839e-15  9.98444265e-07  4.10107296e-20 -9.36855010e-24
  1.10431920e-19 -6.94169970e-21 -1.82305820e-14  4.10079329e-20
  9.98444265e-07 -4.76785894e-23  5.07595609e-19  6.34087406e-18
  1.23988084e-17  9.86332295e-20  7.34336636e-19  9.99999228e-10],0.69705959523728,0.06448394123712788,7.900447008443885e-21,3.710566763526543e-27,-4.014301232435148e-26,0.05896887877511424,[ 6.16671203e-02  1.30335568e-04  1.64685346e-06  1.10398323e-11
  8.86220087e-11 -7.89764877e-04 -1.80653296e-05  3.62137556e-02
  4.54369317e-04  7.19854574e-13  6.40898667e-12 -9.66197695e-05
 -2.29122412e-19 -6.32631968e-17  9.98832291e-07  4.28285749e-24
 -4.45645100e-23  1.67769737e-22 -5.29912580e-25 -3.42302524e-26
  4.28286648e-24  9.95361564e-07  3.94777978e-28  9.58791575e-29
 -4.91138489e-25 -3.47351234e-26 -4.45644531e-23  3.94778058e-28
  9.95361564e-07 -9.70033191e-28 -4.56045873e-13  2.66395933e-12
  3.36122502e-14 -6.71837114e-23 -5.44403300e-22  3.48680670e-02]
14.122602939605713,base_link,5.192216456679092,-6.832613126686836,-1.7397004206176e-22,-1.2258804407680648e-23,-1.5871196410398345e-22,-0.10120960957617439,0.9948651239888945,[ 1.80412340e-03  1.25010716e-04 -3.33724049e-04  1.97135115e-04
  1.13984700e-03 -1.17162528e-03 -1.19566859e-04  1.36098769e-03
  3.06904186e-03  8.36867002e-06  4.83884068e-05 -4.97833930e-05
  9.33589127e-20 -5.46759767e-19  9.99309539e-07  1.43195629e-15
 -1.58269425e-14  8.02253101e-24 -4.87043945e-21 -5.97224402e-22
  1.43195629e-15  9.98620981e-07  3.28246449e-20 -8.99905324e-25
  1.84229666e-20  2.22346149e-21 -1.58269424e-14  3.28174378e-20
  9.98620981e-07  3.76970401e-23  4.33998300e-19  5.47685682e-18
  1.28713254e-17  1.50731361e-19  8.71547073e-19  9.99999317e-10],0.6924937429311098,0.06223053063064115,-4.3517206621127156e-21,-8.129201318151477e-27,-2.2086446886019412e-26,0.05889804516624803,[ 6.17390415e-02  1.64159806e-04  2.07672548e-06  1.10420395e-11
  6.45198061e-11 -7.36914573e-04 -2.77603976e-05  3.62229943e-02
  4.54606896e-04  2.24163193e-12  1.30354186e-11 -1.10787880e-04
 -9.74087889e-20 -2.13045727e-17  9.98965022e-07  3.51220625e-24
 -3.88217762e-23  1.21296742e-22  9.53196409e-25  1.93466559e-25
  3.51221567e-24  9.95885577e-07  3.17897571e-28  5.47400403e-28
 -4.00665609e-25 -8.23949438e-26 -3.88217281e-23  3.17897669e-28
  9.95885577e-07  1.47990898e-27 -4.48668826e-13  2.66540262e-12
  3.36396399e-14 -2.11969969e-22 -1.23044751e-21  3.48693436e-02]
14.178975582122803,base_link,5.257983336376114,-6.8500248836432815,7.723450400254199e-22,8.604281652114889e-23,3.843378515878532e-22,-0.09539864761853419,0.9954391483323101,[ 1.65380804e-03  8.50360811e-05  1.67143682e-05  1.25094902e-04
  9.85508213e-04 -1.06066980e-03  2.66925053e-05  1.20639653e-03
  2.88295501e-03 -7.66502677e-06 -6.04142751e-05  6.51415996e-05
 -3.54695047e-21 -5.21984054e-20  9.99259120e-07  1.45629247e-15
 -1.65791067e-14 -1.34052726e-23  4.10281584e-21 -1.65436123e-21
  1.45629247e-15  9.98520429e-07  3.25935511e-20 -5.55206098e-24
  1.00691042e-19 -2.41404390e-20 -1.65791067e-14  3.25935940e-20
  9.98520429e-07 -4.41201925e-23  1.00059184e-18  5.55981487e-18
  1.37561094e-17  3.50746763e-20  2.76450693e-19  9.99999267e-10],0.687668517272729,0.05709220916277566,-4.352570895659118e-21,-7.76105111259406e-27,-8.623440528196472e-26,0.06036673095760331,[ 6.15222339e-02  1.25504564e-04  1.58700364e-06  6.67155853e-12
  7.51478956e-11 -6.88091251e-04  8.32993537e-05  3.61595750e-02
  4.53854350e-04 -6.73456148e-13 -1.44969826e-12 -5.61702216e-05
 -6.79743940e-20 -1.94072189e-17  9.98889501e-07  3.55541889e-24
 -4.04800258e-23  6.40079214e-24  3.25540807e-25 -3.36244072e-26
  3.55542038e-24  9.95587304e-07  3.13087646e-28  2.55259107e-28
  3.16655078e-24 -6.50273821e-26 -4.04800104e-23  3.13087603e-28
  9.95587304e-07  2.82537514e-27 -4.44837174e-13  2.66103112e-12
  3.35859811e-14  4.08643565e-23  1.02409950e-22  3.48670987e-02]
14.22292947769165,base_link,5.314057234515462,-6.865334318624709,4.83391534074282e-22,2.773434461340028e-23,2.143322836569313e-22,-0.08401733263059515,0.9964642932978782,[ 1.56330535e-03  6.14684759e-05 -3.25597359e-05  9.38287175e-05
  8.65165366e-04 -8.86350852e-04  5.61420602e-05  1.06162182e-03
  3.08273077e-03 -1.05296611e-06 -9.71237038e-06  9.92114807e-06
 -1.18584613e-20  1.13078898e-19  9.99264125e-07  1.29212471e-15
 -1.67672942e-14  1.58691760e-24  1.50877744e-21  4.34269822e-23
  1.29212470e-15  9.98530410e-07  2.94427911e-20 -1.02283382e-24
  6.08804931e-20  2.55102501e-21 -1.67672942e-14  2.94444823e-20
  9.98530410e-07 -2.54274297e-23  7.58885415e-19  5.48035673e-18
  1.51186268e-17  1.70567330e-20  1.57275081e-19  9.99999272e-10],0.6895759938998973,0.05221714751648888,-1.156757723283147e-21,1.2293004696294035e-27,-2.3459118411457543e-26,0.06911580889003649,[ 6.14022561e-02  1.12339389e-04  1.42112677e-06  7.64662528e-12
  6.14428034e-11 -5.70984779e-04  1.08578941e-04  3.60891819e-02
  4.53026444e-04  9.14789672e-13  7.58190576e-12 -5.97804548e-05
 -1.21760986e-19 -3.88144378e-17  9.98896997e-07  3.16144296e-24
 -4.10283949e-23  1.35827251e-22  2.89190097e-25  3.46341492e-26
  3.16144765e-24  9.95616913e-07  2.83941282e-28 -3.76551147e-29
  2.24889729e-24  2.77880987e-25 -4.10283553e-23  2.83941238e-28
  9.95616913e-07  7.96236495e-28 -4.38388028e-13  2.65870659e-12
  3.35603017e-14 -6.03295451e-23 -5.11262359e-22  3.48668341e-02]
14.27293062210083,base_link,5.366042126830687,-6.880319475522574,1.8413344909622257e-21,6.310678336408336e-23,3.336509257093037e-22,-0.09284838218640246,0.9956802588810163,[ 1.52836786e-03  4.63544784e-05  2.15742856e-04  6.67805420e-05
  7.23525462e-04 -7.94123120e-04  2.00929593e-04  9.81507168e-04
  3.56373063e-03 -6.96100568e-06 -7.54240275e-05  8.28770767e-05
 -8.60267837e-22 -2.87991202e-20  9.99251103e-07  1.22138240e-15
 -1.64679272e-14 -1.93137361e-23  4.36089619e-21 -1.70233770e-21
  1.22138240e-15  9.98504443e-07  2.68592923e-20 -1.73626271e-24
  6.06157953e-20 -2.03817303e-20 -1.64679272e-14  2.68592825e-20
  9.98504443e-07 -1.86964473e-23  1.21707142e-18  4.57680749e-18
  1.73357081e-17 -1.96540228e-20 -2.12988626e-19  9.99999260e-10],0.6784464873196588,0.046912812938249886,-4.268551630008626e-21,-7.761325367722365e-27,9.607441055613276e-26,0.05429770373233105,[ 6.13289276e-02  1.00625330e-04  1.27453751e-06  3.78152445e-12
  4.61941807e-11 -5.21547331e-04  2.21774098e-04  3.60634327e-02
  4.52745347e-04 -3.25022896e-13 -2.92262989e-12 -2.37332100e-05
 -2.45639555e-20 -8.72782749e-18  9.98877493e-07  2.99511166e-24
 -4.03853095e-23 -4.17686072e-25  2.79496574e-25 -2.40823457e-26
  2.99511099e-24  9.95539944e-07  2.60060040e-28  1.23013106e-28
  2.66248760e-24 -1.68424959e-25 -4.03853041e-23  2.60060138e-28
  9.95539944e-07 -1.54577609e-27 -4.39557353e-13  2.67138742e-12
  3.37256304e-14  3.29151169e-23  3.09287312e-22  3.48683932e-02]
14.317792177200317,base_link,5.423453041924666,-6.892740972385885,-1.855650690065588e-22,8.069276040249998e-23,6.177481017974654e-22,-0.09684063691770882,0.9952999000509206,[ 1.40397405e-03  5.10614918e-05  3.14987434e-04  8.08304650e-05
  8.01817444e-04 -8.56902952e-04  2.91960278e-04  9.64237246e-04
  3.45851926e-03 -1.07553077e-05 -1.06689543e-04  1.14106678e-04
 -8.37768524e-21 -1.89100105e-19  9.99241646e-07  1.12647276e-15
 -1.68450482e-14  5.74891878e-24  1.32348898e-22 -3.63959470e-23
  1.12647276e-15  9.98485587e-07  2.50233978e-20 -1.49744012e-24
 -7.19978005e-21  1.93229391e-21 -1.68450482e-14  2.50262758e-20
  9.98485587e-07 -4.54095760e-23  1.65375471e-18  5.14262436e-18
  1.83123046e-17 -5.33482078e-20 -5.29195508e-19  9.99999251e-10],0.6807992399181825,0.044663899056430256,2.0467561072680584e-21,-9.679881673854096e-30,4.9252549139192775e-26,0.04635766098098716,[ 6.11495534e-02  8.57382547e-05  1.08620616e-06  7.45631327e-12
  7.36464008e-11 -5.69603775e-04  2.75090686e-04  3.60638499e-02
  4.52797558e-04 -2.32717093e-13 -2.35367011e-12 -1.87798073e-05
 -1.13714173e-19 -4.72712147e-17  9.98863330e-07  2.75729049e-24
 -4.12343066e-23 -2.34156131e-23 -1.53480778e-25  4.79627430e-27
  2.75728767e-24  9.95484035e-07  2.41501565e-28  1.84023557e-31
 -4.52364397e-24  1.44595048e-25 -4.12343311e-23  2.41501603e-28
  9.95484035e-07 -1.04353587e-27 -4.33794127e-13  2.67891612e-12
  3.38245010e-14  4.49202593e-24  4.59510336e-23  3.48682771e-02]
14.355628490447998,base_link,5.487801483520807,-6.907084575684234,1.3379504318265505e-22,1.7629878318130027e-22,1.5741636794763138e-21,-0.08787783179221975,0.9961312597642433,[ 1.17946538e-03  7.75153603e-05  1.70286498e-04  1.32402476e-04
  6.98710387e-04 -7.24728607e-04  3.06159585e-04  8.34486345e-04
  3.53848989e-03 -1.83017871e-05 -9.65193520e-05  1.00215836e-04
 -2.09111259e-21  1.77876919e-20  9.98987491e-07  1.39462492e-15
 -2.30425152e-14 -2.85901234e-24  1.54848211e-20 -2.66021285e-21
  1.39462491e-15  9.97979071e-07  3.17404702e-20 -1.77943689e-24
  3.74812079e-20 -1.22290382e-20 -2.30425154e-14  3.17527245e-20
  9.97979071e-07 -7.65128991e-23  1.39105156e-18  4.97916582e-18
  2.18582096e-17 -1.62684472e-19 -8.56600747e-19  9.99998996e-10],0.7013219458780838,0.04217256159137804,1.4277881127647422e-21,-1.3789512466769945e-26,-2.0523793481898028e-25,0.05394089240363908,[ 6.08536670e-02  9.27337678e-05  1.17322394e-06  2.38397810e-11
  6.51037295e-11 -4.85324700e-04  2.72787060e-04  3.60031128e-02
  4.51909660e-04  2.19269405e-13 -5.12182130e-12 -1.32257615e-05
 -1.98205710e-19 -7.63278329e-17  9.98482771e-07  3.39844381e-24
 -5.61535461e-23 -5.30765623e-23  1.05659399e-24  9.92071474e-27
  3.39843603e-24  9.93985677e-07  3.04117811e-28  1.91912147e-28
  1.80945759e-25 -1.45402842e-26 -5.61536098e-23  3.04117695e-28
  9.93985677e-07  2.88876916e-27 -4.23384811e-13  2.68375600e-12
  3.38758285e-14 -5.77564350e-23  1.53215560e-22  3.48668001e-02]
14.427664041519165,base_link,5.563459104227526,-6.922576414340538,1.991165684156527e-21,-1.0502736710175857e-22,-7.39770897653208e-24,-0.10784267045916057,0.9941679729443295,[ 1.20053547e-03  7.20349126e-05  8.95673362e-04  8.06143060e-05
  8.28913343e-04 -8.33027802e-04  6.50406735e-04  8.83322966e-04
  4.05258532e-03 -2.46369370e-05 -2.53774796e-04  2.55457593e-04
  4.17163727e-20  1.28325492e-19  9.99078648e-07  1.28921607e-15
 -2.00826102e-14 -1.05520866e-22 -1.41613321e-21 -4.11605073e-21
  1.28921608e-15  9.98160683e-07  2.80777396e-20  2.33503058e-23
  1.35525272e-20 -1.28113733e-20 -2.00826103e-14  2.81005147e-20
  9.98160683e-07  4.22339503e-24  2.70293222e-18  4.74148054e-18
  2.14781000e-17 -1.89624008e-19 -1.95544427e-18  9.99999089e-10],0.6834743615573549,0.038912084404621565,3.059212905519333e-20,-2.5622355248573545e-27,-5.792903454107013e-26,0.02547658862444212,[ 6.08283696e-02  7.10436143e-05  9.08058083e-07 -3.42495352e-13
  9.05392721e-11 -5.68639747e-04  5.20788017e-04  3.60713601e-02
  4.52783885e-04 -5.36383633e-12 -3.33761541e-11  4.35653346e-05
 -1.70465381e-19 -8.38630380e-17  9.98619242e-07  3.16581294e-24
 -4.93145159e-23 -7.78935009e-22 -4.34189042e-27 -5.25065819e-26
  3.16574064e-24  9.94522298e-07  2.72870279e-28  1.70831190e-28
 -4.25222534e-24  1.56388835e-24 -4.93150062e-23  2.72870095e-28
  9.94522298e-07  3.82786518e-27 -4.39401858e-13  2.68690972e-12
  3.39346947e-14  1.49384487e-21  9.76350473e-21  3.48846257e-02]
14.468472957611084,base_link,5.642226087746359,-6.9490123491557645,2.6195168147107334e-21,-2.5974959310182025e-22,-1.1038330229387037e-21,-0.09537874805813826,0.9954410552206806,[ 1.13553332e-03  3.81513528e-05  1.05790927e-03  4.70686798e-05
  8.59276812e-04 -8.07323409e-04  7.62848031e-04  8.76866572e-04
  4.26789568e-03 -1.89730963e-05 -3.46797707e-04  3.26162530e-04
 -1.29490162e-19 -4.26481089e-19  9.99224304e-07  8.19892756e-16
 -1.80618402e-14 -1.08263382e-22 -1.20768369e-22 -4.76456033e-22
  8.19892765e-16  9.98451009e-07  1.90790272e-20  1.12784885e-23
  4.03399441e-20 -3.81164826e-20 -1.80618402e-14  1.90861851e-20
  9.98451009e-07  8.30889939e-23  3.50815316e-18  5.32078263e-18
  2.43350330e-17 -1.60758521e-19 -2.94222419e-18  9.99999235e-10],0.7182606951386254,0.030669394448021244,5.0720911576704455e-21,1.425077930082843e-26,8.164523874029915e-27,0.03789461707278735,[ 6.07298103e-02  3.49380425e-05  4.47457768e-07  1.82921435e-13
  8.95126546e-11 -5.70884363e-04  6.03749650e-04  3.60826850e-02
  4.53067519e-04 -2.79501557e-12 -3.35441719e-11  6.97206504e-05
 -1.08261399e-19 -1.09124949e-16  9.98837357e-07  2.00274539e-24
 -4.41229502e-23 -2.10430142e-22 -3.88750654e-27  7.87598728e-26
  2.00273739e-24  9.95381541e-07  1.83599516e-28 -3.05426239e-28
  3.54136700e-24 -1.33770615e-24 -4.41230605e-23  1.83599389e-28
  9.95381541e-07 -2.41622649e-28 -4.25214548e-13  2.69865727e-12
  3.40948753e-14  8.17880524e-23  8.05271691e-22  3.48828620e-02]
14.526168584823608,base_link,5.733658823277636,-6.968187884213358,1.5438921352950335e-21,-1.7967459036153091e-22,-2.185210257606467e-21,-0.09658753435795231,0.995324493924796,[ 1.05389994e-03 -3.28175229e-05  1.28447643e-03 -4.55128092e-05
  9.68848508e-04 -8.47929275e-04  8.52119087e-04  9.06219881e-04
  4.36925915e-03  1.84527442e-05 -3.92731059e-04  3.43977058e-04
 -9.26442286e-20 -2.88202960e-19  9.99244597e-07  7.84106002e-16
 -1.80490319e-14 -4.06392149e-23 -1.87273691e-21  1.18783136e-21
  7.84106005e-16  9.98491470e-07  1.87368228e-20 -1.68633074e-24
  1.47066095e-19 -1.15408239e-19 -1.80490318e-14  1.87410411e-20
  9.98491470e-07  1.14568618e-22  3.47189985e-18  4.91723099e-18
  2.40602726e-17  1.71100528e-19 -3.64040771e-18  9.99999256e-10],0.7371588243362819,0.028895882546561637,1.654941551991418e-20,-1.7118211339818066e-26,5.285447548076656e-25,0.03386112707878249,[ 6.06131124e-02 -3.73427174e-05 -4.68754043e-07 -5.90251308e-12
  1.06557479e-10 -6.05143766e-04  6.59988960e-04  3.60960960e-02
  4.53338200e-04  1.29380315e-12 -3.03761383e-11  6.95821537e-05
  1.00585162e-19 -9.79034562e-17  9.98867749e-07  1.91269609e-24
 -4.40305488e-23 -3.00759992e-22  8.23949438e-26 -1.83773036e-26
  1.91270248e-24  9.95501446e-07  1.79725269e-28  2.59454252e-28
  5.28620110e-24 -1.51218956e-24 -4.40306595e-23  1.79725228e-28
  9.95501446e-07 -8.00922626e-27 -3.96589628e-13  2.68832526e-12
  3.39692144e-14 -7.00599839e-24  2.94573115e-22  3.48798726e-02]
14.57487940788269,base_link,5.81365752725505,-6.9782626562164864,7.526763626601365e-22,2.2997524108158136e-24,2.296733621722705e-23,-0.10056585683042162,0.9949304038172535,[ 9.45125566e-04 -6.24388958e-05  1.54188828e-03 -8.99479935e-05
  8.24955132e-04 -5.31350313e-04  9.76374891e-04  7.03976752e-04
  4.22880050e-03  6.31092959e-05 -5.78223091e-04  3.73188287e-04
  1.52042414e-19  3.12978674e-19  9.98655966e-07  1.30239239e-15
 -3.28658111e-14  7.66125934e-23 -5.32042570e-21  5.95570041e-21
  1.30239239e-15  9.97319129e-07  3.18390358e-20  5.60491415e-24
 -1.87406040e-20  4.63750539e-20 -3.28658112e-14  3.18268639e-20
  9.97319129e-07 -1.23346633e-22  4.48191587e-18  6.02911621e-18
  2.90300655e-17  8.60110775e-19 -7.87318736e-18  9.99998667e-10],0.7525972947341876,0.03134059765110362,-9.01988885600891e-21,1.727050353996922e-28,8.430021055743181e-27,0.026523197720208103,[ 6.04440131e-02 -4.82565956e-05 -6.06289956e-07 -2.13574831e-11
  1.13703821e-10 -3.99699103e-04  7.77188048e-04  3.60031128e-02
  4.51845140e-04  9.85554698e-12 -1.02964278e-10  1.11897049e-04
  3.07049443e-20 -2.34729770e-17  9.97986652e-07  3.14873677e-24
 -7.94641541e-23 -5.19986009e-22  4.52364397e-26 -1.93870456e-26
  3.14878902e-24  9.92042379e-07  3.01196088e-28  3.32721198e-28
  1.29246971e-25 -1.29246971e-25 -7.94647010e-23  3.01195137e-28
  9.92042379e-07 -1.32910840e-26 -3.87744781e-13  2.68645869e-12
  3.39177202e-14 -3.05357573e-22  3.10464011e-21  3.48759878e-02]
14.618971347808838,base_link,5.8813465041041,-6.988612511763544,4.772208046322915e-22,1.5960160679428903e-24,1.24031521920773e-23,-0.08298648275817487,0.9965506729110303,[ 1.21951695e-03 -1.44934376e-04  2.06387499e-03 -1.96370311e-04
  1.10948013e-03 -6.87055208e-04  1.24511785e-03  9.05855355e-04
  5.12637444e-03  1.18433804e-04 -6.69098801e-04  4.14529211e-04
 -1.13608294e-19 -2.15569885e-19  9.99485773e-07  3.67560014e-16
 -1.29690081e-14  1.09397447e-23 -8.57620859e-21  7.91446410e-21
  3.67560010e-16  9.98972600e-07  9.27065588e-21 -3.82878147e-25
  6.46921413e-20 -6.53274161e-20 -1.29690081e-14  9.26690936e-21
  9.98972600e-07 -1.09558250e-23  5.01180849e-18  4.78171978e-18
  2.40254859e-17  8.61548412e-19 -4.86688765e-18  9.99999498e-10],0.76014299496898,0.03171184328572164,-5.424571939724265e-21,1.7443411683336723e-27,1.0072272575622242e-26,0.044205676830602295,[ 6.07665152e-02 -1.06084859e-04 -1.34048411e-06 -1.83839107e-11
  9.72333807e-11 -4.97574655e-04  9.89636057e-04  3.61094475e-02
  4.53811057e-04  7.23790341e-12 -4.23191592e-11  1.17140813e-04
 -5.54594822e-19  1.87566976e-16  9.99229054e-07  8.94371060e-25
 -3.15703187e-23 -1.02684162e-22  6.46234854e-26 -2.50416006e-26
  8.94380862e-25  9.96930341e-07  8.85056391e-29 -1.22298736e-28
  6.17800520e-24 -2.68833699e-24 -3.15703455e-23  8.85054849e-29
  9.96930341e-07 -1.38414808e-27 -3.54827767e-13  2.64120670e-12
  3.33902706e-14  1.32799329e-22 -7.24318253e-22  3.48777729e-02]
14.674656391143799,base_link,5.96077090805583,-6.985035201973998,-1.525281968884298e-21,-8.196266065052175e-23,-2.801511253194044e-22,-0.07458203796161895,0.9972148813638371,[ 1.07204930e-03 -1.23982933e-04  1.78136140e-03 -1.45186520e-04
  8.32004638e-04 -2.35547864e-04  1.20799897e-03  4.66673890e-04
  5.04404869e-03  1.24624223e-04 -7.14057210e-04  2.02425800e-04
  4.12928562e-20  1.00373404e-19  9.98976940e-07  1.26584768e-15
 -2.55221635e-14  5.57605265e-23 -2.32934060e-21  4.71162077e-21
  1.26584767e-15  9.97958051e-07  3.15677548e-20  3.22352670e-24
  1.77876919e-20 -4.40457133e-20 -2.55221632e-14  3.15883923e-20
  9.97958051e-07  1.51002735e-23  5.16531666e-18  4.95017718e-18
  3.63014452e-17  1.93677794e-18 -1.10949317e-17  9.99998988e-10],0.7593471573533352,0.04164517373472561,-2.604312794188988e-22,-4.64742651722391e-26,3.9959917302496336e-25,0.05037883182207729,[ 6.05774780e-02 -5.18183224e-05 -6.51759536e-07 -1.96303289e-11
  9.81831125e-11 -1.83463379e-04  1.00462366e-03  3.58969569e-02
  4.50847238e-04  1.62125998e-11 -9.44965465e-11  6.80926306e-05
  4.02340650e-20 -2.78639958e-17  9.98466975e-07  3.06825361e-24
 -6.18682056e-23 -6.84162150e-23 -4.20052655e-25  3.48966821e-25
  3.06825986e-24  9.93923553e-07  2.99763349e-28  7.06064514e-28
  5.55761974e-24 -5.37667398e-24 -6.18681961e-23  2.99762659e-28
  9.93923553e-07 -6.17201823e-27 -3.86572291e-13  2.68404396e-12
  3.39114521e-14  6.52340851e-22 -4.51837721e-21  3.48753197e-02]
14.729893922805786,base_link,6.0313032937810505,-6.967922436092165,-2.9063370794945974e-22,-5.940241155166494e-23,1.1727069433251044e-21,-0.06533358081981537,0.9978634792481689,[ 1.17054745e-03 -1.62611143e-04  2.02728326e-03 -1.67651666e-04
  8.39232517e-04 -4.24951349e-05  1.44136571e-03  2.66605082e-04
  5.96601998e-03  1.92551289e-04 -9.63852818e-04  4.89011278e-05
 -1.65594941e-19 -5.08643285e-19  9.98882073e-07  2.02812455e-15
 -2.73825724e-14  5.10696250e-24  5.32042570e-21 -2.49874719e-20
  2.02812464e-15  9.97769128e-07  4.96272979e-20  2.53227762e-24
  2.19169775e-20 -1.07149668e-19 -2.73825733e-14  4.95915674e-20
  9.97769128e-07 -2.17631532e-23  5.85988459e-18  3.68619340e-18
  4.32499482e-17  2.96674038e-18 -1.48503064e-17  9.99998890e-10],0.7474705280270584,0.05873330230158028,-5.882341965528571e-21,4.005124714144138e-26,-2.1913634336764748e-25,0.05692625960838087,[ 6.06733185e-02 -5.50780678e-05 -6.92968649e-07 -1.89521252e-11
  9.30804128e-11 -3.94456921e-05  1.22602080e-03  3.58029008e-02
  4.49683735e-04  3.34320991e-11 -1.67809592e-10  1.81420268e-05
  2.99637905e-20 -1.93530088e-17  9.98324979e-07  4.93742109e-24
 -6.66654406e-23  1.04676730e-23  6.23616634e-25 -1.11152395e-24
  4.93741994e-24  9.93366403e-07  4.75319893e-28 -2.23383887e-28
  6.46234854e-25 -1.13737334e-24 -6.66654488e-23  4.75320113e-28
  9.93366403e-07  1.21490432e-27 -3.78548470e-13  2.67395134e-12
  3.37822058e-14 -3.42017088e-21  1.72028503e-20  3.48725930e-02]
14.769615411758423,base_link,6.074941874763387,-6.948983129424393,-1.1608296442253415e-23,-4.815665959498013e-23,5.031033025437277e-22,-0.061762202525040076,0.9980908928245242,[ 1.24723801e-03 -1.76180286e-04  2.06949777e-03 -1.82527428e-04
  8.00377311e-04  4.89151476e-05  1.44312643e-03  2.75594361e-04
  5.67487927e-03  1.92307961e-04 -8.43251468e-04 -5.16157420e-05
  9.31736242e-20  2.30392962e-19  9.98947638e-07  2.40997395e-15
 -2.53944612e-14  5.81569337e-24 -3.63959470e-21  1.41348623e-20
  2.40997417e-15  9.97899693e-07  5.80732208e-20 -5.01679375e-24
  1.87406040e-20 -7.49624158e-20 -2.53944627e-14  5.80253935e-20
  9.97899693e-07  3.48569644e-23  5.38398746e-18  4.21267654e-18
  4.23699485e-17  3.32285982e-18 -1.45701538e-17  9.99998954e-10],0.7311974280702096,0.07365406365818819,-2.2451880239382855e-21,-2.458916495107072e-28,-6.140220397784951e-26,0.05722322242118273,[ 6.08150159e-02 -6.92767790e-05 -8.72981533e-07 -1.66047363e-11
  7.14038825e-11  2.76147455e-05  1.22370664e-03  3.57884765e-02
  4.49603632e-04  2.80398136e-11 -1.23127764e-10 -1.83934091e-05
  1.24831481e-19 -6.51605506e-17  9.98423115e-07  5.87537817e-24
 -6.19150261e-23  1.16045901e-22  2.64956290e-25 -4.49133223e-25
  5.87566589e-24  9.93751426e-07  5.57795076e-28 -1.86345308e-30
 -2.85635805e-24  4.96308368e-24 -6.19164393e-23  5.57798125e-28
  9.93751426e-07 -1.24716624e-27 -3.73808515e-13  2.66267910e-12
  3.36455821e-14 -4.07539614e-21  1.79447798e-20  3.48714936e-02]
14.831905603408813,base_link,6.128149493435168,-6.925529487870045,8.699422675859793e-22,1.907854156417881e-24,1.4262398225067833e-23,-0.0509278703110625,0.9987023340443235,[ 1.50975384e-03 -2.30446605e-04  2.40823276e-03 -2.51867394e-04
  9.51618530e-04  1.89746747e-04  1.64175741e-03  4.59528455e-04
  6.18103031e-03  1.86530936e-04 -7.04751189e-04 -1.40650564e-04
 -5.61159328e-20 -1.12020107e-19  9.99332115e-07  1.87433609e-15
 -1.54426256e-14 -5.86027985e-23 -6.40568666e-21  1.33407689e-20
  1.87433584e-15  9.98666011e-07  4.34108143e-20  1.45797783e-23
  7.14684049e-20 -1.53948238e-19 -1.54426248e-14  4.33874202e-20
  9.98666011e-07 -3.74260952e-23  4.28383974e-18  4.18731668e-18
  3.02059702e-17  2.28618191e-18 -8.63749384e-18  9.99999339e-10],0.6930509456027816,0.09033970339737872,-4.703069170832319e-21,-1.7259419770906124e-28,-6.205490230489296e-28,0.06339032636971433,[ 6.11712462e-02 -1.15203904e-04 -1.45963277e-06 -1.60404491e-11
  5.92013988e-11  1.22247368e-04  1.35332579e-03  3.58774066e-02
  4.51014376e-04  1.78484306e-11 -6.76152591e-11 -4.94924963e-05
 -2.58768565e-19  8.00683304e-17  9.98998840e-07  4.61145695e-24
 -3.79950769e-23 -8.01089701e-23  7.33476559e-25 -8.14255915e-25
  4.61140043e-24  9.96019232e-07  4.21989298e-28 -1.74665036e-28
 -3.23117427e-25  3.61891518e-25 -3.79948388e-23  4.21989057e-28
  9.96019232e-07  1.08748422e-27 -4.25523549e-13  2.67303887e-12
  3.38049160e-14 -6.53324080e-21  2.48571327e-20  3.48779977e-02]
14.88099980354309,base_link,6.16542101784464,-6.8963172996849424,4.374020891140617e-21,1.9187518779430476e-22,-1.8555336615196855e-21,0.007313311404087423,0.9999732573805695,[ 1.49045874e-03 -1.41882611e-04  1.94765372e-03 -1.77034152e-04
  9.79416178e-04  5.68241816e-04  1.33549527e-03  7.92837251e-04
  5.45036468e-03  8.80873162e-05 -4.87329312e-04 -2.82959024e-04
  8.74561518e-20  1.99899776e-19  9.99238646e-07  2.57054770e-15
 -1.66610886e-14 -1.01042378e-22 -1.07202607e-20  1.22290382e-20
  2.57054773e-15  9.98479606e-07  5.62333165e-20 -1.12632655e-23
  6.37392293e-20 -7.29507126e-20 -1.66610889e-14  5.62122132e-20
  9.98479606e-07  1.30174153e-22  1.83649218e-18  5.02878177e-18
  2.35309239e-17  1.18438278e-18 -6.55238105e-18  9.99999243e-10],0.6614623580403799,0.10944299809517992,-1.3777501342710625e-20,3.1955740223593568e-27,5.061516147364764e-25,0.12404270079208177,[ 6.12299103e-02 -8.71453667e-05 -1.10307163e-06 -1.17072190e-11
  6.44719135e-11  3.62052765e-04  1.06774119e-03  3.60078812e-02
  4.52651418e-04  8.59005039e-12 -4.74958384e-11 -1.01183356e-04
  8.63973606e-20 -3.56160414e-17  9.98858837e-07  6.30137382e-24
 -4.08448057e-23  1.17175872e-22 -8.69185878e-25  6.38156918e-25
  6.30138928e-24  9.95466320e-07  5.44369771e-28 -6.34120684e-29
 -3.10192730e-25  2.32644547e-25 -4.08450582e-23  5.44371186e-28
  9.95466320e-07 -1.02736819e-26 -4.32987393e-13  2.70175549e-12
  3.41699429e-14 -7.91834996e-22  4.38592994e-21  3.48786560e-02]
14.936333179473877,base_link,6.206799515027802,-6.855271486483836,-8.995575359330946e-22,-1.3059180460104176e-22,-4.293788962619624e-22,0.05203136010370596,0.9986454513818999,[ 1.55153183e-03 -5.34864066e-05  1.29446217e-03 -2.22476885e-05
  1.25248964e-03  9.28034127e-04  1.02341794e-03  1.01567521e-03
  4.78695134e-03  7.79370555e-06 -4.39511726e-04 -3.25706884e-04
 -4.55544907e-20 -4.11234496e-19  9.99199926e-07  3.23139271e-15
 -1.71891183e-14  1.86991972e-23 -1.44260299e-20  3.60650747e-21
  3.23139269e-15  9.98402406e-07  6.94363063e-20  8.56146406e-24
  6.18334051e-20 -2.52521697e-20 -1.71891184e-14  6.94242295e-20
  9.98402406e-07  2.28158389e-23  1.78778236e-19  5.43467630e-18
  2.11178000e-17  1.14830164e-19 -6.57121009e-18  9.99999203e-10],0.6319541909487889,0.13360303121506226,-5.397543524747694e-20,-3.2015466775577116e-26,3.6383943952160293e-25,0.1637893997906523,[ 6.14519638e-02 -6.45682449e-05 -8.16797522e-07  1.54656977e-11
  1.24727190e-10  5.67701548e-04  7.91587634e-04  3.60620022e-02
  4.53395753e-04 -2.05274496e-12 -3.89842053e-11 -1.44240454e-04
  5.90805481e-20 -3.31223764e-17  9.98800847e-07  7.89290261e-24
 -4.19889704e-23  6.30449879e-22  3.84509738e-25 -5.16987883e-26
  7.89293811e-24  9.95237548e-07  6.67652735e-28  5.19145592e-28
 -3.15362609e-24  9.88739326e-25 -4.19893935e-23  6.67652699e-28
  9.95237548e-07 -5.68839728e-27 -4.00471641e-13  2.68387049e-12
  3.39448952e-14 -1.66426642e-22  2.53557656e-21  3.48756654e-02]
14.982795476913452,base_link,6.2318495185819875,-6.798186573727567,-1.352657521544161e-22,1.3541925225691883e-22,-2.078444976972368e-21,0.1154875992282552,0.993308921949508,[ 1.89430901e-03  2.67630281e-04  9.71346442e-04  5.17900284e-04
  1.82212151e-03  1.44499630e-03  1.00319091e-03  1.37399934e-03
  3.14698496e-03 -1.56313446e-04 -5.49940478e-04 -4.36198692e-04
 -3.03873070e-20 -1.19749283e-19  9.99314867e-07  3.44032275e-15
 -1.38030711e-14 -4.49359866e-25 -5.61159328e-21  1.98523347e-21
  3.44032275e-15  9.98631607e-07  6.93188790e-20  6.42203609e-24
  1.97570435e-19 -7.33742291e-20 -1.38030713e-14  6.93508952e-20
  9.98631607e-07  1.12009827e-22 -1.32593992e-18  5.00771793e-18
  1.01398857e-17 -2.09282716e-18 -7.36183737e-18  9.99999318e-10],0.6060837895250106,0.16806864998178414,-8.373650364517126e-20,6.650517233507837e-26,3.841297250002261e-25,0.22366429353424633,[ 6.20151479e-02  1.37039926e-04  1.73835095e-06  4.60471819e-11
  1.45194811e-10  8.52619889e-04  7.33386260e-04  3.61843109e-02
  4.55086637e-04 -1.61860523e-11 -5.46448165e-11 -2.39806603e-04
 -1.85500215e-19 -4.84638371e-17  9.98973003e-07  8.42724608e-24
 -3.38136617e-23  8.92017557e-22 -2.46861714e-24  8.69185878e-25
  8.42712929e-24  9.95917100e-07  6.69717850e-28 -1.17952520e-27
 -1.49926486e-24  5.75149020e-25 -3.38141228e-23  6.69717655e-28
  9.95917100e-07 -5.96978363e-27 -4.08115707e-13  2.65901537e-12
  3.36393859e-14  1.38862767e-21  4.81504237e-21  3.48756170e-02]
15.025111198425293,base_link,6.3412441925219865,-6.691255301165132,2.0277923624583585e-21,-5.743293128637566e-24,1.3671165006205892e-22,0.17199524093323662,0.9850977804747699,[ 1.51177355e-03 -1.01270234e-04  5.16154825e-04 -2.09298548e-04
  1.03881559e-03  4.81015959e-04  2.80412154e-04  7.41823380e-04
  1.91903334e-03  1.00027056e-05 -4.95980959e-05 -2.29800777e-05
 -1.30813651e-19 -2.07628951e-19  9.99162493e-07  5.24518010e-15
 -1.79367859e-14 -3.77242395e-24 -1.42936810e-20  5.79026429e-22
  5.24518010e-15  9.98327784e-07  1.12346878e-19  5.24919418e-24
  1.87935435e-20 -3.24254800e-21 -1.79367859e-14  1.12330335e-19
  9.98327784e-07  1.20143742e-23 -3.86444601e-18  3.83559349e-18
  6.96813634e-18  7.48924546e-19 -3.70096337e-18  9.99999169e-10],0.6956214006171898,0.2230073722672751,-1.5527671032336622e-20,-6.710032260321483e-27,-7.520074715629557e-26,0.2731952377095282,[ 6.13481071e-02 -2.46791169e-04 -3.12503737e-06 -5.55452368e-11
  2.26623783e-11  2.73966466e-04  9.77129675e-05  3.59435678e-02
  4.51988764e-04  8.20334196e-12 -1.62563159e-11 -5.21652131e-05
  6.48827238e-19 -9.38919081e-17  9.98744789e-07  1.28206901e-23
 -4.38463359e-23  1.26455034e-23  1.71252236e-24 -2.53647180e-25
  1.28206827e-23  9.95016583e-07  1.08176013e-27 -6.82719292e-28
 -5.55761974e-25  3.97434435e-25 -4.38463612e-23  1.08176097e-27
  9.95016583e-07 -2.02072612e-27 -4.16911270e-13  2.65891476e-12
  3.36339161e-14 -1.15621003e-21  1.99077658e-21  3.48745799e-02]
15.068524360656738,base_link,6.382724314634258,-6.60539428416513,-1.2563182052209733e-21,7.031233970842602e-23,-1.146482906475033e-22,0.20016393999427928,0.9797624187148467,[ 1.76963476e-03 -2.90058495e-04  2.59267196e-04 -3.34090138e-04
  6.58546970e-04  2.25610069e-04  1.34520858e-04  4.59374565e-04
  1.10127000e-03  2.75617667e-05 -5.43191165e-05 -1.86336718e-05
  4.96308368e-20  1.41719200e-19  9.99343694e-07  5.28855591e-15
 -1.54340369e-14  1.99177945e-24  1.34995876e-21 -3.77194359e-22
  5.28855590e-15  9.98689106e-07  1.24354749e-19 -4.77721092e-24
  1.07202607e-20 -4.14252051e-21 -1.54340369e-14  1.24364468e-19
  9.98689106e-07  2.84274841e-24 -4.98088812e-18  3.19345938e-18
  4.49732637e-18  1.15498786e-18 -2.27617425e-18  9.99999352e-10],0.7063943414456104,0.2632776037929869,-4.8421107922453583e-20,6.498864970166912e-28,5.413190764593124e-27,0.2872648248677152,[ 6.15139679e-02 -5.59540465e-04 -7.09162224e-06 -1.59616705e-11
  2.25379261e-11  1.20742675e-04 -1.72556378e-04  3.58843207e-02
  4.51420655e-04  7.76399828e-12 -1.41310676e-11 -3.69527160e-05
  4.20975375e-19 -2.68340038e-17  9.99016185e-07  1.29300769e-23
 -3.77398439e-23  1.09767527e-22  3.10192730e-25 -1.51865191e-25
  1.29301281e-23  9.96087754e-07  1.19766534e-27 -9.62081527e-30
 -1.07921221e-24  6.76931009e-25 -3.77399528e-23  1.19766536e-27
  9.96087754e-07 -3.76701335e-29 -4.43092123e-13  2.64374980e-12
  3.34542055e-14 -5.98069124e-22  9.80027980e-22  3.48741311e-02]
15.113102912902832,base_link,6.3899704063387,-6.546916728791961,-4.313287957598522e-21,6.620652241959636e-23,-7.750651726296908e-23,0.23447785377365102,0.9721214615929957,[ 1.80159663e-03 -2.69231838e-04  1.77415893e-04 -2.80721185e-04
  4.54557744e-04  1.08610587e-04  1.27827574e-04  2.54047312e-04
  6.37795958e-04  2.71994268e-05 -4.40535671e-05 -1.05499642e-05
 -1.97199858e-20 -5.42630482e-20  9.99010275e-07  8.91902512e-15
 -2.22313971e-14  1.93453726e-24 -2.64697796e-21  3.24254800e-21
  8.91902512e-15  9.98024457e-07  2.00336082e-19 -1.24226155e-24
  1.81317990e-20 -1.20437497e-20 -2.22313972e-14  2.00337098e-19
  9.98024457e-07  1.61816772e-24 -5.04360743e-18  2.34766927e-18
  3.14811123e-18  1.09636120e-18 -1.77579577e-18  9.99999017e-10],0.67500504845597,0.28948491413240734,-8.811097390967049e-20,1.078006487949119e-26,-1.490857275026022e-26,0.3073046938323096,[ 6.14504578e-02 -6.59436919e-04 -8.35778065e-06 -2.96690991e-12
  1.29392150e-11  5.32193321e-05 -2.93471850e-04  3.58322263e-02
  4.50584175e-04  7.66164303e-12 -1.39454754e-11 -2.25754673e-05
 -2.87991202e-20  1.51788304e-18  9.98516878e-07  2.17930921e-23
 -5.43241190e-23  1.42551943e-22 -1.11879409e-25  2.87574510e-25
  2.17932764e-23  9.94119722e-07  1.92882127e-27 -8.59927889e-29
  6.25232221e-25 -6.73699835e-25 -5.43244084e-23  1.92882134e-27
  9.94119722e-07  8.04444643e-29 -5.00210442e-13  2.66324809e-12
  3.36889150e-14 -1.24044576e-21  2.24951442e-21  3.48743018e-02]
15.184638738632202,base_link,6.406320807631751,-6.493050585204055,2.726201052003277e-22,2.9292397891023368e-22,-1.90793687099052e-22,0.2757327215115538,0.9612343451457775,[ 2.00696616e-03 -2.90909542e-04  2.02685571e-04 -3.15602157e-04
  4.97933922e-04  1.45261086e-04  1.45584716e-04  3.16761983e-04
  6.02253402e-04  2.49348272e-05 -3.93472157e-05 -1.14924967e-05
  1.19908102e-20  3.38813179e-20  9.99083322e-07  8.88501044e-15
 -1.91683996e-14 -2.41631834e-24 -2.99108509e-21  9.66146955e-22
  8.88501044e-15  9.98169997e-07  1.85777668e-19 -4.34609907e-24
  3.22931311e-20 -7.51741741e-21 -1.91683996e-14  1.85780924e-19
  9.98169997e-07  5.35671970e-24 -6.19707626e-18  2.46775646e-18
  2.11032409e-18  1.14432470e-18 -1.80597421e-18  9.99999091e-10],0.6203662635706579,0.30218970960787184,1.1229081593770882e-20,-3.737478473826589e-26,2.8465557258433984e-26,0.32219106433819633,[ 6.15274556e-02 -7.72748142e-04 -9.79886910e-06 -1.15405810e-11
  2.68531351e-11  7.38592425e-05 -3.80943529e-04  3.59303355e-02
  4.51955151e-04  8.08204379e-12 -1.52089432e-11 -3.28008750e-05
  1.33153579e-18 -6.14200531e-17  9.98626241e-07  2.17165301e-23
 -4.68535707e-23 -1.23538969e-22  3.82894151e-25 -2.66571877e-25
  2.17164258e-23  9.94549779e-07  1.78932516e-27  2.07286997e-28
  4.26515003e-25 -2.39106896e-25 -4.68533958e-23  1.78932501e-27
  9.94549779e-07 -1.68725670e-28 -6.11854968e-13  2.65520592e-12
  3.35973588e-14 -9.50936138e-22  1.88980090e-21  3.48752986e-02]
15.234220266342163,base_link,6.425905339744017,-6.4525153562532775,-9.087181808208446e-23,2.8008139432838354e-25,1.1365287332938502e-23,0.29815550272418045,0.9545173105791698,[ 1.69351161e-03 -1.25260001e-04  2.16661996e-04 -1.40038176e-04
  5.29108178e-04  1.83029886e-04  1.63074394e-04  3.62320469e-04
  5.80291783e-04  1.64697727e-05 -6.22399967e-05 -2.15595116e-05
 -5.64865097e-20 -1.29225464e-19  9.99073007e-07  9.37194018e-15
 -1.84768572e-14  2.48195096e-24  3.95723205e-21 -1.78671012e-21
  9.37194018e-15  9.98149441e-07  1.86801852e-19 -2.60041934e-25
  8.78796683e-21 -3.01755487e-21 -1.84768572e-14  1.86799371e-19
  9.98149441e-07  4.23220954e-24 -5.76656618e-18  1.96081152e-18
  1.56920143e-18  6.12910378e-19 -2.31639075e-18  9.99999080e-10],0.59947013912564,0.3081186820106264,-1.547254882361066e-20,-6.330079462980405e-28,1.6787174276802415e-27,0.3242387037535691,[ 6.12206152e-02 -6.06030226e-04 -7.67487478e-06 -5.21262740e-12
  2.80850059e-11  8.89671075e-05 -3.28128226e-04  3.59184146e-02
  4.51883299e-04  5.17968182e-12 -2.22109052e-11 -4.74385295e-05
  1.55176436e-18 -9.13440330e-17  9.98610797e-07  2.28077911e-23
 -4.49694064e-23  1.21460850e-22 -8.07793567e-26  7.99715631e-26
  2.28078363e-23  9.94488957e-07  1.78542105e-27  1.28345631e-29
  7.88406521e-25 -6.23616634e-25 -4.49695478e-23  1.78542096e-27
  9.94488957e-07  1.88198635e-28 -6.94777244e-13  2.62603481e-12
  3.32305539e-14 -1.60380181e-22  8.89102294e-22  3.48715615e-02]
15.277812957763672,base_link,6.459014079744812,-6.429321686451387,1.1243495000158139e-22,-1.6083500555874514e-23,1.0311032538500467e-23,0.31017635032223273,0.9506790371627953,[ 1.86368989e-03 -6.87058200e-05  2.15528418e-04 -7.24332070e-05
  5.69764888e-04  1.80456472e-04  1.86100024e-04  3.66512084e-04
  5.65372184e-04  8.90538080e-06 -7.01087244e-05 -2.22308300e-05
 -3.92282134e-20 -8.24268937e-20  9.99215622e-07  7.80905746e-15
 -1.53541270e-14  3.62503534e-24 -1.75258892e-23 -7.44462551e-22
  7.80905746e-15  9.98433699e-07  1.52860678e-19 -3.97878327e-25
 -1.30760711e-20  4.49986253e-21 -1.53541271e-14  1.52861737e-19
  9.98433699e-07  4.86864752e-25 -6.04150903e-18  1.42502612e-18
  1.03750347e-18  2.79899033e-19 -2.20416327e-18  9.99999223e-10],0.5905374540987388,0.299239329564356,-1.1717105700299468e-21,4.7276023049202294e-27,-3.6938134314553175e-26,0.31663421027371746,[ 6.13374629e-02 -6.63527288e-04 -8.40932787e-06  1.22571911e-12
  2.59129900e-11  8.35393892e-05 -4.13429923e-04  3.59534621e-02
  4.52487024e-04  1.29911432e-12 -2.24970370e-11 -4.94245128e-05
  6.33580645e-19 -3.40981583e-17  9.98824354e-07  1.91025322e-23
 -3.75620344e-23  1.30559522e-22 -5.06890463e-26 -5.39202206e-26
  1.91025608e-23  9.95330263e-07  1.47386842e-27  4.52323589e-29
 -1.33447497e-24  1.15999156e-24 -3.75622221e-23  1.47386843e-27
  9.95330263e-07 -3.53749496e-28 -7.42475580e-13  2.59300567e-12
  3.28220724e-14 -1.37716929e-22  1.89101598e-21  3.48709815e-02]
15.330584287643433,base_link,6.48238948744243,-6.3964263036724835,-1.518071779402575e-22,-1.9882535273789476e-23,1.7648265725533965e-23,0.3373828490899326,0.9413675228835758,[ 2.06117792e-03 -9.07821450e-05  1.96769733e-04 -9.65462585e-05
  5.80237600e-04  1.79587232e-04  1.76644447e-04  3.57489281e-04
  4.59755600e-04  8.92310673e-06 -5.36630508e-05 -1.66222583e-05
 -4.97631857e-21 -5.79688173e-21  9.99440386e-07  5.45961817e-15
 -1.07254961e-14 -1.19188322e-24 -2.98612201e-22  1.00585162e-21
  5.45961817e-15  9.98882023e-07  1.04635146e-19 -1.08655903e-24
 -1.16467030e-21  2.77932686e-22 -1.07254961e-14  1.04637680e-19
  9.98882023e-07  1.81303963e-24 -5.62778906e-18  1.04441410e-18
  4.28138311e-19  3.01692000e-19 -1.81475729e-18  9.99999449e-10],0.568840218857912,0.2968399948875525,-1.4027287699156486e-20,-8.853801599273609e-28,-4.2735405779040906e-27,0.32299439666298474,[ 6.13817270e-02 -7.64106400e-04 -9.70176113e-06  6.78167377e-13
  2.23837429e-11  8.14298368e-05 -5.08264638e-04  3.60202789e-02
  4.53537875e-04  1.26021324e-12 -1.74273759e-11 -4.93283382e-05
 -3.25599465e-18  1.52221985e-16  9.99161048e-07  1.34035257e-23
 -2.63341646e-23  1.46415108e-23 -5.83630852e-26 -1.03599525e-25
  1.34035260e-23  9.96660955e-07  1.01479114e-27 -2.16412445e-29
 -7.14089513e-25  5.52530800e-25 -2.63341898e-23  1.01479118e-27
  9.96660955e-07 -9.63158983e-29 -8.05223943e-13  2.56571500e-12
  3.24918348e-14 -1.09636733e-22  1.47783550e-21  3.48733285e-02]
15.363301753997803,base_link,6.499163171358498,-6.378737551858856,-4.361609315312587e-22,-2.8177288039806197e-25,-1.3678783592539645e-24,0.3508467208226016,0.936432901220385,[ 2.16135319e-03 -7.75974913e-05  2.32790963e-04 -8.97997418e-05
  7.36075796e-04  2.54735151e-04  1.95905021e-04  4.56164311e-04
  6.13043733e-04  7.67274048e-06 -6.29036016e-05 -2.17832996e-05
  4.61897654e-20  5.36013037e-20  9.99491107e-07  4.91938931e-15
 -9.51103449e-15 -9.16517911e-24  3.73885637e-21 -9.39677176e-22
  4.91938931e-15  9.98983249e-07  9.19417268e-20 -3.97000131e-26
  1.52465931e-20 -2.84550131e-21 -9.51103447e-15  9.19418711e-20
  9.98983249e-07 -8.44489042e-26 -5.30254278e-18  1.06727278e-18
  5.47552027e-19  2.49302919e-19 -2.04398710e-18  9.99999499e-10],0.5570117188667938,0.29241755435541483,-2.6905536986946133e-20,6.062507686605157e-28,-5.8271100032971546e-27,0.3229546978189992,[ 6.14772211e-02 -7.66345300e-04 -9.74210941e-06 -2.69251956e-12
  3.06104076e-11  1.15224979e-04 -5.08585013e-04  3.60798240e-02
  4.54344192e-04  2.28449335e-12 -2.20817143e-11 -6.96358931e-05
 -2.95275685e-18  1.37802096e-16  9.99237048e-07  1.21129958e-23
 -2.34211452e-23 -2.33941637e-22  1.19957345e-25 -1.02589783e-25
  1.21129764e-23  9.96962071e-07  8.96208532e-28  9.46747043e-30
 -9.82276977e-25  7.07627165e-25 -2.34209877e-23  8.96208535e-28
  9.96962071e-07 -1.16438303e-28 -8.54869235e-13  2.56675931e-12
  3.25119510e-14 -3.36390914e-22  2.97621394e-21  3.48768979e-02]
15.413387775421143,base_link,6.537521795636469,-6.3185725044080945,-5.04186120202412e-22,1.1958140132270503e-23,5.497686066856882e-24,0.3961911536773282,0.9181680509295821,[ 1.86735261e-03 -9.18611840e-05  2.01261772e-04 -1.04933809e-04
  8.56508326e-04  2.77577924e-04  1.57274866e-04  4.76206676e-04
  6.01337443e-04  8.61664539e-06 -7.03720142e-05 -2.28364470e-05
 -3.23990102e-20 -5.80746964e-20  9.99204039e-07  7.68310013e-15
 -1.47371251e-14  6.63670977e-24 -5.26748614e-21  3.43776263e-21
  7.68310013e-15  9.98410606e-07  1.42255745e-19  1.25608547e-24
  3.80106035e-20 -9.34383220e-21 -1.47371251e-14  1.42251861e-19
  9.98410606e-07  3.72075462e-26 -5.68763733e-18  1.18295075e-18
  4.79722043e-19  3.55534577e-19 -2.90397237e-18  9.99999211e-10],0.5768034479139647,0.29632965014525353,-2.995466323377381e-20,1.130105001935265e-27,-1.012702809376306e-26,0.3533131690591814,[ 6.11369598e-02 -6.55165873e-04 -8.32374381e-06 -7.81917907e-13
  3.60562714e-11  1.19511761e-04 -4.18293290e-04  3.60817313e-02
  4.54209189e-04  2.67859341e-12 -3.48727986e-11 -7.94309202e-05
  6.42050974e-19 -3.50739403e-17  9.98807006e-07  1.88347452e-23
 -3.61291855e-23  3.24784031e-22 -5.10929431e-26  1.81753553e-25
  1.88347995e-23  9.95261868e-07  1.37681609e-27  3.13498853e-29
  7.10858339e-25 -6.85008945e-25 -3.61295856e-23  1.37681611e-27
  9.95261868e-07 -3.40344498e-28 -9.64275697e-13  2.59221811e-12
  3.28273174e-14 -2.39054908e-22  3.78198449e-21  3.48781198e-02]
15.474297285079956,base_link,6.569412732614845,-6.265063382312423,3.4950615747276585e-22,-4.80790219797656e-23,7.36408557089129e-23,0.4247775405670871,0.9052977637384159,[ 2.00664811e-03 -8.93756369e-05  1.50958416e-04 -9.83987647e-05
  9.45421081e-04  3.17233576e-04  1.33882793e-04  5.40781361e-04
  5.75345838e-04  5.13463312e-06 -4.93610632e-05 -1.65779600e-05
 -4.96308368e-20 -7.66300119e-20  9.99381811e-07  5.86105614e-15
 -1.16717535e-14  1.51718691e-24  3.63959470e-23 -6.12113653e-23
  5.86105614e-15  9.98765148e-07  1.10663965e-19  1.27181339e-24
 -6.18863447e-20  9.18501352e-21 -1.16717535e-14  1.10662544e-19
  9.98765148e-07 -7.63747473e-24 -5.48834295e-18  8.97852546e-19
  2.83895932e-19  2.97606823e-19 -2.86174403e-18  9.99999390e-10],0.5725309221695641,0.2940478233849712,3.601941955552923e-21,-3.655408911700808e-27,-3.7652940758013154e-27,0.3563563939887012,[ 6.11262829e-02 -6.78720884e-04 -8.63129867e-06  3.89344426e-13
  3.04645398e-11  1.30129408e-04 -4.65415418e-04  3.61900330e-02
  4.55742063e-04  9.64187253e-13 -2.78717226e-11 -9.32818895e-05
 -1.57378722e-18  8.31583066e-17  9.99073289e-07  1.44218122e-23
 -2.87217912e-23 -2.35096857e-22 -1.11576486e-26 -2.76669297e-26
  1.44217906e-23  9.96313615e-07  1.07765562e-27  1.08651529e-28
 -2.85635805e-24  2.61401998e-24 -2.87215639e-23  1.07765551e-27
  9.96313615e-07  9.52534813e-29 -1.05463224e-12  2.59301261e-12
  3.28539580e-14 -3.68199685e-22  4.78396622e-21  3.48830244e-02]
15.519078969955444,base_link,6.592353512986285,-6.2100680331678655,-7.702716337936189e-23,-2.1414460626118626e-23,6.115114929325983e-23,0.4509318451169795,0.8925583852384091,[ 1.81819557e-03 -5.61102606e-05  2.02256204e-04 -5.43095460e-05
  9.58614804e-04  3.05111140e-04  1.71369826e-04  4.93674440e-04
  5.56813961e-04  4.65799227e-06 -8.23756423e-05 -2.62467478e-05
 -9.10560418e-21 -1.85817853e-20  9.99165857e-07  8.01893188e-15
 -1.57193005e-14  1.16611327e-24  3.00431998e-21  6.70016296e-22
  8.01893188e-15  9.98334490e-07  1.51110671e-19 -1.66184706e-24
 -4.10810979e-20  8.39092013e-21 -1.57193005e-14  1.51116618e-19
  9.98334490e-07 -4.14195639e-24 -6.07100897e-18  7.72779076e-19
 -4.50292125e-20  1.89299615e-19 -3.35073062e-18  9.99999173e-10],0.5840093357818616,0.2975809733761663,-1.6333048770450516e-20,1.1009939392390287e-28,-1.3878763341439713e-26,0.36499716339838595,[ 6.09286080e-02 -6.29549846e-04 -7.99624369e-06  4.40831031e-12
  3.97123941e-11  1.11478481e-04 -4.12903726e-04  3.61580253e-02
  4.55236423e-04 -1.41199541e-12 -4.64817647e-11 -9.76280509e-05
  6.84402621e-19 -3.89770681e-17  9.98749827e-07  1.96205972e-23
 -3.84643847e-23  3.46204167e-23  4.03896783e-26 -1.31266455e-26
  1.96205999e-23  9.95036446e-07  1.45782783e-27 -1.03873177e-29
  1.16322274e-25 -1.35709319e-25 -3.84644084e-23  1.45782782e-27
  9.95036446e-07  2.56362684e-28 -1.13055447e-12  2.60619998e-12
  3.30152499e-14  2.86204322e-22  3.44056216e-21  3.48822680e-02]
15.584084033966064,base_link,6.619036811689798,-6.142775626879001,-8.206567795467278e-22,4.571178403604439e-23,-7.289311807715236e-23,0.49122486251688424,0.8710327975715199,[ 1.65122285e-03 -2.41780326e-05  1.54195921e-04 -2.90268654e-05
  8.81378139e-04  3.04746178e-04  1.25926370e-04  5.04174192e-04
  5.74680699e-04  2.09032910e-06 -6.35091789e-05 -2.19971903e-05
 -1.86082551e-20 -4.83867571e-20  9.98960403e-07  1.00360142e-14
 -1.99279968e-14  3.65775461e-24  2.01004889e-22 -2.96130659e-22
  1.00360142e-14  9.97925117e-07  1.92379727e-19 -3.10654387e-25
 -4.65868121e-21  1.27054942e-21 -1.99279968e-14  1.92380115e-19
  9.97925117e-07  5.35111353e-24 -6.74713307e-18  5.08794258e-19
 -1.79741244e-19  1.19091411e-19 -3.61906868e-18  9.99998967e-10],0.5849155902904203,0.2971659295783246,-4.417386435932222e-20,-3.852104922573503e-27,-2.5647113563559082e-26,0.3804730460206194,[ 6.07012965e-02 -5.22092916e-04 -6.62430300e-06  3.68104099e-13
  1.91820025e-11  9.96317990e-05 -3.66205350e-04  3.61710787e-02
  4.55340932e-04  5.43230638e-13 -3.88569889e-11 -1.02950067e-04
  8.44491848e-19 -5.81132364e-17  9.98442223e-07  2.44751743e-23
 -4.86014609e-23  4.33101929e-22  1.96899682e-27  2.01948392e-27
  2.44752010e-23  9.93826445e-07  1.84609332e-27  8.58590167e-29
  4.78213792e-25 -9.69352280e-25 -4.86020703e-23  1.84609317e-27
  9.93826445e-07  4.59187824e-28 -1.20564209e-12  2.59646124e-12
  3.28869999e-14 -2.57442191e-23  2.55873874e-21  3.48810364e-02]
15.63346791267395,base_link,6.636219580813677,-6.096283002222112,-7.588495667121959e-23,1.683795034622353e-24,2.264677037937313e-24,0.5030353593391546,0.8642658313589214,[ 1.71739154e-03 -1.06194879e-04  1.73797143e-04 -1.51093335e-04
  1.01482896e-03  2.99491177e-04  1.21789166e-04  5.13485947e-04
  5.50280840e-04  7.82529613e-06 -5.25232435e-05 -1.55142960e-05
 -1.74700545e-21 -3.01755487e-21  9.99125364e-07  8.44387078e-15
 -1.66896910e-14 -1.25326229e-23 -2.17052193e-20  1.28543867e-21
  8.44387077e-15  9.98253780e-07  1.61129903e-19  1.41464429e-24
  5.01867021e-20 -6.33951221e-21 -1.66896909e-14  1.61129375e-19
  9.98253780e-07 -8.44082222e-24 -6.39139526e-18  5.90397823e-19
 -4.44557583e-19  5.68449839e-19 -3.81259917e-18  9.99999132e-10],0.5799697249518061,0.2938869551366622,-1.0745488200386571e-20,-6.067499115426267e-28,-2.441340265810589e-28,0.36724765830755307,[ 6.05878998e-02 -5.39868139e-04 -6.85435020e-06 -1.21098918e-11
  2.86675469e-11  9.10065497e-05 -3.24040651e-04  3.62471342e-02
  4.56471125e-04  1.32421658e-11 -4.15333715e-11 -1.03294060e-04
  1.33322986e-18 -8.87419478e-17  9.98689191e-07  2.06820083e-23
 -4.08818646e-23 -5.50524512e-22  2.89190097e-25 -3.16655078e-25
  2.06819124e-23  9.94797596e-07  1.55742283e-27 -9.68400622e-29
 -4.29746178e-25  6.20385459e-25 -4.08810287e-23  1.55742287e-27
  9.94797596e-07  6.24214782e-28 -1.24445029e-12  2.57102672e-12
  3.25767217e-14 -1.00475717e-21  5.40986914e-21  3.48821514e-02]
15.678333520889282,base_link,6.65400647312916,-6.037323707953123,-1.0364919470708276e-22,-1.3152269970042205e-23,1.8294706976432504e-23,0.5371230973624624,0.843503869747943,[ 1.80511369e-03 -2.35558909e-04  1.25049524e-04 -3.10267565e-04
  1.32497249e-03  4.42387132e-04  5.34036735e-05  6.86781432e-04
  7.18637699e-04  3.15845736e-06 -1.34879162e-05 -4.50342221e-06
  6.98008088e-20  1.07202607e-19  9.99423151e-07  5.48400401e-15
 -1.12501125e-14  1.34725952e-23  1.32613596e-20 -1.35244030e-22
  5.48400402e-15  9.98847629e-07  1.06954000e-19  3.17788732e-25
 -1.02596866e-19  1.05382810e-21 -1.12501125e-14  1.06956561e-19
  9.98847629e-07 -5.01115850e-24 -6.41595694e-18  7.78715971e-19
 -4.93386769e-19  1.05537648e-18 -4.50637893e-18  9.99999431e-10],0.5936668230878267,0.29445000274772853,-2.4546144947156095e-20,-3.078917012292751e-27,-9.011647942059975e-27,0.3870983528892157,[ 6.06118823e-02 -4.75775450e-04 -6.04333572e-06 -1.12192761e-11
  4.28443393e-11  1.36268759e-04 -2.14955769e-04  3.63603830e-02
  4.58169753e-04  1.28892219e-11 -5.01705964e-11 -1.51958702e-04
  7.64870751e-19 -5.80048162e-17  9.99135223e-07  1.34025544e-23
 -2.74990765e-23  2.82369757e-22  3.74816215e-25 -4.31361765e-25
  1.34026152e-23  9.96558681e-07  1.02904333e-27  2.50138038e-28
 -1.38940494e-24  1.62851183e-24 -2.74992771e-23  1.02904303e-27
  9.96558681e-07  5.66146107e-28 -1.26794240e-12  2.54203256e-12
  3.22264404e-14 -2.21158403e-22  5.86493107e-22  3.48823139e-02]
15.722260236740112,base_link,6.6675774658624904,-5.98744827650681,5.60573052331563e-23,2.9078582069584115e-23,-2.518908707643303e-23,0.5519871914290654,0.8338525891896315,[ 1.69674848e-03 -1.93517590e-04  1.09559844e-04 -2.46476899e-04
  1.08649049e-03  3.46030899e-04  6.33535965e-05  5.70934059e-04
  5.62506007e-04  4.31808202e-06 -1.90367687e-05 -6.06087538e-06
 -8.20563168e-21 -1.76818128e-20  9.99027037e-07  9.32688886e-15
 -1.90778984e-14 -1.43782373e-25  2.96461532e-21 -3.88774888e-23
  9.32688886e-15  9.98057850e-07  1.82881447e-19 -3.17179022e-25
 -4.41515924e-20  2.68833699e-22 -1.90778984e-14  1.82863441e-19
  9.98057850e-07  2.67123595e-23 -6.77119875e-18  3.55931914e-19
 -8.32720648e-19  9.61091949e-19 -4.23317756e-18  9.99999033e-10],0.5971703407562693,0.2919783339098856,-1.3850235687920622e-20,2.115078755035572e-27,8.622165599167619e-27,0.38106095747488217,[ 6.04265486e-02 -4.43430617e-04 -5.62945309e-06 -1.19092952e-11
  2.54654035e-11  9.19088342e-05 -2.09847931e-04  3.63228917e-02
  4.57469959e-04  1.61002516e-11 -3.93950935e-11 -1.23215790e-04
  5.98005261e-19 -4.86264674e-17  9.98541972e-07  2.27890747e-23
 -4.66174142e-23 -1.25864903e-22  1.76098998e-25 -2.35875722e-25
  2.27890334e-23  9.94218351e-07  1.76055270e-27 -3.81813012e-29
 -3.58660344e-25  5.62224323e-25 -4.66173016e-23  1.76055331e-27
  9.94218351e-07 -1.81221197e-27 -1.31379342e-12  2.54063437e-12
  3.21933194e-14 -1.36312658e-21  4.08683954e-21  3.48817844e-02]
15.773091316223145,base_link,6.672605182369035,-5.931252930972836,-6.171393565379209e-22,1.704136337875174e-22,-8.215332445280959e-23,0.5860878693585428,0.8102474988488169,[ 1.90160359e-03 -2.70018179e-04  1.32848677e-04 -3.40900806e-04
  1.26375027e-03  3.92877616e-04  5.43500282e-05  6.51926713e-04
  6.94644381e-04  6.86120129e-06 -2.54319138e-05 -7.91241680e-06
 -2.31875269e-20 -3.66871145e-20  9.99307709e-07  6.50742828e-15
 -1.33656703e-14  1.26079232e-24  1.24407964e-20 -4.76456033e-22
  6.50742828e-15  9.98617331e-07  1.25619852e-19 -4.85769400e-24
  6.24686799e-20 -2.93814554e-21 -1.33656703e-14  1.25627856e-19
  9.98617331e-07  8.76869146e-24 -6.04218824e-18  3.28566608e-19
 -1.01856093e-18  1.14084117e-18 -4.22828867e-18  9.99999315e-10],0.5953545397204637,0.29385067780228585,-3.516245002293191e-20,-6.0205272060413145e-27,5.107634510113454e-26,0.3987183352833743,[ 6.04664221e-02 -4.48783860e-04 -5.70155063e-06 -9.53660493e-12
  2.75941528e-11  9.34160910e-05 -1.64467841e-04  3.64407301e-02
  4.59218747e-04  1.57362822e-11 -4.85468305e-11 -1.42623911e-04
  6.81014490e-19 -5.49148400e-17  9.98962281e-07  1.59662394e-23
 -3.27958750e-23  2.43705059e-22 -2.74649813e-26  4.52364397e-26
  1.59663085e-23  9.95874749e-07  1.21752666e-27  9.51338938e-29
  6.75315422e-25 -1.18907213e-24 -3.27961607e-23  1.21752677e-27
  9.95874749e-07 -7.80665568e-28 -1.34441514e-12  2.52197568e-12
  3.19744408e-14 -1.31349201e-21  4.46438491e-21  3.48826316e-02]
15.819483757019043,base_link,6.676931385411109,-5.8747145970195,4.2005513220727856e-23,-2.5573647428974713e-22,1.501168600904049e-22,0.6071737891707695,0.7945690591408716,[ 1.81909412e-03 -2.52600668e-04  1.48054121e-04 -3.06401951e-04
  1.06561395e-03  4.04591174e-04  6.54732066e-05  6.37978336e-04
  8.65734031e-04  8.34520029e-06 -2.90216783e-05 -1.10320651e-05
  5.02925812e-21  1.64112634e-20  9.98968947e-07  9.87220333e-15
 -2.03945396e-14 -3.41793725e-23 -1.24407964e-20  9.51257704e-22
  9.87220330e-15  9.97942134e-07  1.95302592e-19  1.03063666e-23
  6.50097787e-20 -5.50571416e-21 -2.03945395e-14  1.95293886e-19
  9.97942134e-07 -2.43179426e-23 -6.98853653e-18 -2.86012961e-19
 -2.23550914e-18  1.13432221e-18 -3.94458432e-18  9.99998975e-10],0.6002470637711615,0.2941903144034205,2.338844625451002e-20,-9.625446501237179e-27,6.15013511236597e-26,0.40022424513575255,[ 6.04017391e-02 -3.85586172e-04 -4.89722889e-06 -4.49416415e-12
  1.28353236e-11  7.79711885e-05 -1.08583830e-04  3.64219546e-02
  4.58793548e-04  1.33451826e-11 -4.21720547e-11 -1.50866340e-04
  5.64123943e-19 -5.27464357e-17  9.98455011e-07  2.41237928e-23
 -4.98394066e-23 -9.37377230e-22 -1.24400209e-25  3.68353867e-25
  2.41234569e-23  9.93876691e-07  1.88041184e-27  2.55969986e-28
  4.21668242e-25 -1.37648024e-24 -4.98382493e-23  1.88041209e-27
  9.93876691e-07 -1.59318934e-27 -1.38911978e-12  2.52555268e-12
  3.20078124e-14 -1.54094155e-21  5.11759815e-21  3.48832535e-02]
15.882575511932373,base_link,6.671919148942135,-5.778382643214298,-1.4855635093789705e-22,8.867771754365032e-24,4.719836572544837e-25,0.6379270866199672,0.7700967680470817,[ 1.93866726e-03 -3.20502328e-04  1.31688413e-04 -3.95877107e-04
  1.26294358e-03  3.72140660e-04  5.65282717e-05  6.53315986e-04
  6.10740305e-04  9.68071136e-06 -3.08791881e-05 -9.10665390e-06
  2.57550956e-20  2.98579114e-20  9.99374399e-07  6.07675911e-15
 -1.29152095e-14  9.38305106e-24  2.74226917e-20 -1.40289832e-21
  6.07675912e-15  9.98750360e-07  1.25459444e-19  2.25898074e-24
 -1.22502140e-19  7.94755133e-21 -1.29152095e-14  1.25453445e-19
  9.98750360e-07 -1.55971424e-24 -6.79687361e-18 -1.25707710e-19
 -1.59638715e-18  1.33639691e-18 -4.26253673e-18  9.99999382e-10],0.6244056744231627,0.3005919134846155,-1.3282139268833802e-20,1.666143981496292e-29,3.763973324318365e-27,0.4047098367127073,[ 6.03393004e-02 -3.12578864e-04 -3.97040498e-06 -4.07012052e-12
  7.65644193e-12  4.76647679e-05  1.09602697e-05  3.65069509e-02
  4.60239515e-04  1.75442454e-11 -4.58450029e-11 -1.42637023e-04
  4.37069001e-19 -5.07406617e-17  9.99062184e-07  1.48748807e-23
 -3.16188460e-23  3.29475109e-22  5.15372296e-25 -2.21658555e-24
  1.48749772e-23  9.96269658e-07  1.21058563e-27 -1.03144222e-30
 -5.92920478e-25  3.56075404e-24 -3.16191533e-23  1.21058553e-27
  9.96269658e-07  3.27248786e-28 -1.40738422e-12  2.50095777e-12
  3.17191250e-14 -7.08475124e-22  1.78186882e-21  3.48816544e-02]
15.934120416641235,base_link,6.658981417898668,-5.705636976683324,-3.597308505223045e-22,-2.3544364783908405e-23,1.9625856777304574e-23,0.6755066607929554,0.7373538846607856,[ 1.90403609e-03 -3.44995256e-04  8.51834407e-05 -4.21400171e-04
  1.03592597e-03  3.12090401e-04  1.87410606e-05  6.02300266e-04
  5.27001956e-04  3.41716072e-06 -8.39993943e-06 -2.53205317e-06
 -2.13611121e-20 -3.54695047e-20  9.98992117e-07  1.00622974e-14
 -2.08661358e-14  4.10482849e-24 -8.94678551e-21  1.23249911e-22
  1.00622974e-14  9.97988284e-07  2.08322879e-19  9.02899109e-25
 -5.41042295e-20  8.75157088e-22 -2.08661358e-14  2.08328480e-19
  9.97988284e-07 -6.37521932e-24 -7.65765937e-18 -7.72405620e-19
 -2.18467216e-18  1.62435941e-18 -3.99237365e-18  9.99998998e-10],0.6364206946495201,0.30657541749049505,-1.8397255167282782e-20,-4.0352647440012125e-27,1.5540017711471844e-27,0.4285170642615914,[ 6.02277642e-02 -2.14820029e-04 -2.72572321e-06 -2.91472718e-12
  4.00182077e-12  2.84512177e-05  9.85306688e-05  3.65036726e-02
  4.60014058e-04  2.07563950e-11 -4.19188563e-11 -1.21698670e-04
  3.30766366e-19 -5.59448321e-17  9.98489696e-07  2.44711221e-23
 -5.07506601e-23  3.45700672e-22 -7.27014210e-27  4.84676140e-26
  2.44713344e-23  9.94012850e-07  1.98914028e-27  2.50432818e-28
 -8.64339117e-26  9.17653492e-25 -5.07511717e-23  1.98913997e-27
  9.94012850e-07 -9.28622342e-29 -1.42967590e-12  2.48693427e-12
  3.15259752e-14 -6.72267926e-22  1.20641762e-21  3.48777070e-02]
15.974164247512817,base_link,6.6559468667482635,-5.652159769765485,-1.3108461211054954e-21,-1.085692708543565e-22,8.223884241131972e-23,0.694576893936698,0.719418472385335,[ 1.89770199e-03 -2.65475731e-04  7.15098180e-05 -3.11023682e-04
  1.13289922e-03  4.07251711e-04  1.86495936e-05  6.84976637e-04
  7.85138390e-04  2.18087877e-06 -7.94412415e-06 -2.85881588e-06
 -5.90276085e-21 -1.65171425e-20  9.98991425e-07  1.01177468e-14
 -2.12083490e-14 -8.29155129e-24  6.80273336e-21 -1.48065330e-22
  1.01177468e-14  9.97986906e-07  2.12747771e-19 -3.26094807e-24
  5.41042295e-20 -1.09849585e-21 -2.12083490e-14  2.12742600e-19
  9.97986906e-07  1.86651325e-23 -7.33849421e-18 -1.47248086e-18
 -3.08186788e-18  1.14180191e-18 -4.15932114e-18  9.99998997e-10],0.643627222078603,0.3032226931943554,-1.3418608343383714e-20,7.003021696041351e-27,-3.7781307569926676e-26,0.43159479476813223,[ 6.03439506e-02 -1.45270955e-04 -1.84348169e-06  3.34194673e-13
 -2.35768031e-13  2.29548201e-05  1.04422448e-04  3.64958048e-02
  4.59977433e-04  1.15817152e-11 -4.60743396e-11 -1.59440423e-04
  3.00484938e-19 -7.50267903e-17  9.98488659e-07  2.46797565e-23
 -5.17365588e-23  6.76688797e-23 -1.00974196e-28  1.13091099e-26
  2.46797902e-23  9.94008822e-07  2.04225872e-27  3.16229786e-28
 -8.53231955e-27 -1.60912479e-24 -5.17366941e-23  2.04225886e-27
  9.94008822e-07 -1.52516266e-27 -1.43483977e-12  2.46949683e-12
  3.13071025e-14 -9.83427521e-22  3.70380702e-21  3.48763496e-02]
16.03628444671631,base_link,6.6401847591813565,-5.574534434461886,-1.75793762853388e-22,3.3120325779463024e-23,-1.5074105588813945e-23,0.7306791055201726,0.6827210592593731,[ 2.08722567e-03 -4.37993578e-04  7.29056891e-05 -5.52996884e-04
  1.22967843e-03  4.25135765e-04 -3.38268401e-05  7.54437168e-04
  8.32798691e-04 -1.58030917e-05  3.51372423e-05  1.21603615e-05
  4.69309192e-20  8.40680200e-20  9.99368562e-07  6.18105690e-15
 -1.33358077e-14  8.26399015e-24  6.35274710e-21  4.73147310e-22
  6.18105691e-15  9.98738713e-07  1.30535428e-19 -2.50019450e-24
 -6.03510975e-21 -5.29395592e-22 -1.33358077e-14  1.30533050e-19
  9.98738713e-07  7.38867034e-24 -6.38043729e-18 -9.89482396e-19
 -2.90754458e-18  1.86147385e-18 -4.13881778e-18  9.99999376e-10],0.6484498904389133,0.30173953559978633,-1.9232519950249364e-20,-1.5584247154816594e-27,6.348696673427165e-27,0.4483611559963832,[ 6.04344311e-02 -2.14962056e-05 -2.72470182e-07 -1.52703201e-12
  2.75557515e-12  1.06386291e-05  3.21244006e-04  3.65788341e-02
  4.61387402e-04  2.23299510e-11 -4.36787621e-11 -1.66688384e-04
  7.40624433e-20 -1.25984292e-16  9.99053438e-07  1.50412026e-23
 -3.24594348e-23  2.65281332e-22  8.21929954e-26 -1.20522800e-24
  1.50413009e-23  9.96235034e-07  1.24670725e-27  1.05885655e-28
 -1.23996313e-25  1.97747865e-24 -3.24596641e-23  1.24670731e-27
  9.96235034e-07 -3.93603718e-28 -1.43747094e-12  2.43458725e-12
  3.08855032e-14  1.65367214e-23 -3.57833466e-22  3.48755717e-02]
16.073089838027954,base_link,6.642334238397231,-5.525781990314369,1.4022508252971339e-21,-4.746500549618274e-22,1.6459629216526952e-23,0.749296183270743,0.6622350260563822,[ 2.16189853e-03 -5.04046806e-04  8.71207474e-05 -6.07949145e-04
  1.01527760e-03  3.14258560e-04 -2.00291461e-05  6.36638395e-04
  6.70357977e-04 -6.69192020e-06  1.11731929e-05  3.46325364e-06
  2.57286258e-20  5.19337076e-20  9.98789388e-07  1.17486799e-14
 -2.59836997e-14  1.68600977e-23 -1.11173074e-20 -3.27563523e-22
  1.17486799e-14  9.97584618e-07  2.52115058e-19 -1.58155196e-23
 -2.76344499e-20 -1.54517338e-21 -2.59836997e-14  2.52128984e-19
  9.97584618e-07  1.91847871e-23 -7.32603894e-18 -1.77881724e-18
 -4.00889524e-18  2.13730964e-18 -3.56776921e-18  9.99998795e-10],0.6544305812259065,0.29035699777812396,1.0591593683452332e-20,1.2173583397406185e-27,-1.0060511946780962e-25,0.4541184589140062,[ 6.03186995e-02  3.06737493e-05  3.89487299e-07  4.33422522e-12
 -7.31738386e-12 -9.15022423e-06  4.34251851e-04  3.65977883e-02
  4.61275617e-04  2.79462428e-11 -2.57679718e-11 -1.23084594e-04
 -4.49986253e-20 -5.25838054e-17  9.98186275e-07  2.85659581e-23
 -6.31820009e-23  3.73843903e-22  7.02780403e-26  4.52364397e-25
  2.85663290e-23  9.92822993e-07  2.40810577e-27  1.88091137e-29
  1.31670351e-25  4.52364397e-25 -6.31827022e-23  2.40810728e-27
  9.92822993e-07 -1.53706282e-27 -1.47132593e-12  2.42965370e-12
  3.07984729e-14 -1.94112335e-21  2.26859513e-21  3.48739649e-02]
16.13579487800598,base_link,6.640026608633491,-5.4579465474756494,-1.0092146735643151e-22,2.130570605217146e-22,-1.3129689542189505e-22,0.7811960555738007,0.6242857701052742,[ 1.96936354e-03 -3.84107068e-04 -6.49227954e-05 -4.32212840e-04
  1.56719190e-03  5.33477418e-04 -8.86722828e-05  7.67282892e-04
  6.84311166e-04 -1.49764797e-05  5.43191043e-05  1.85012432e-05
  9.17177863e-21  2.90638180e-20  9.99054498e-07  8.41195804e-15
 -2.02372504e-14 -3.66265750e-24  7.38506851e-21  9.03281229e-22
  8.41195803e-15  9.98112561e-07  1.80035796e-19 -4.02291930e-24
 -1.90582413e-20 -1.13820052e-21 -2.02372504e-14  1.80026042e-19
  9.98112561e-07  2.66694898e-23 -6.19975560e-18 -2.39898245e-18
 -3.02191317e-18  1.45439404e-18 -5.27796377e-18  9.99999060e-10],0.6468266326951989,0.27293937815257463,-1.2072832215339837e-20,-3.832534671647325e-27,4.1187039253085683e-26,0.46618799950665846,[ 6.05665596e-02  1.50455860e-04  1.91089193e-06  3.04566189e-12
 -1.71442955e-11 -3.57093769e-05  4.05173982e-04  3.64784002e-02
  4.60031384e-04  1.08721760e-11 -8.98553484e-11 -2.08287532e-04
 -3.59989003e-19 -8.66819637e-17  9.98583084e-07  2.05236163e-23
 -4.93802127e-23 -3.37554402e-23 -6.38156918e-26 -2.27797786e-25
  2.05236065e-23  9.94379982e-07  1.72872482e-27  1.79979300e-28
 -4.71751443e-25 -2.46861714e-24 -4.93802078e-23  1.72872511e-27
  9.94379982e-07 -1.31166575e-27 -1.47187546e-12  2.42168091e-12
  3.07138829e-14 -8.44933668e-22  5.32724678e-21  3.48724991e-02]
16.175517559051514,base_link,6.623421417399326,-5.407565758457646,-5.1723483785444957e-23,9.769074812669901e-24,-1.1963929325654277e-23,0.7973189472870977,0.6035581962801883,[ 1.81249401e-03 -2.42058755e-04  3.73140492e-05 -2.89605199e-04
  1.25734460e-03  4.53833434e-04 -1.76916947e-05  7.24626612e-04
  7.30793361e-04  9.52024731e-08 -4.13318220e-07 -1.49204732e-07
 -8.09710558e-20 -1.64747908e-19  9.99204113e-07  7.04927403e-15
 -1.71524593e-14  7.53594295e-24  4.94984879e-21 -2.40399366e-24
  7.04927403e-15  9.98410752e-07  1.51921626e-19 -9.08520233e-26
  1.88464831e-20 -6.41064975e-24 -1.71524593e-14  1.51923365e-19
  9.98410752e-07 -2.33487163e-24 -5.74210294e-18 -2.40133945e-18
 -3.32375281e-18  9.27805108e-19 -4.02628326e-18  9.99999211e-10],0.6529352657557048,0.26870018818427766,4.88087843916769e-22,8.78865884733363e-28,2.4795401328647326e-26,0.4670215644675752,[ 6.05393968e-02  1.42754288e-04  1.81310765e-06  6.77066511e-12
 -2.41343847e-11 -6.31078968e-05  3.46885296e-04  3.64024043e-02
  4.59229734e-04  1.46796007e-11 -4.04967592e-11 -1.74167320e-04
 -2.55803950e-19 -6.47810798e-17  9.98807117e-07  1.72074767e-23
 -4.18757413e-23  3.78629525e-22 -2.10026327e-26 -4.84676140e-26
  1.72075620e-23  9.95262264e-07  1.45945379e-27  6.15262395e-30
 -6.81777771e-25 -1.13737334e-24 -4.18760974e-23  1.45945353e-27
  9.95262264e-07  1.13280056e-27 -1.46454824e-12  2.41480447e-12
  3.06359309e-14 -6.21462952e-22  1.65643278e-21  3.48710807e-02]
16.225461959838867,base_link,6.6069463449785735,-5.357420025237636,-4.684165322583332e-23,3.098234343801163e-22,1.2413805703914432e-22,0.8229733299441457,0.568080010386428,[ 1.87993469e-03 -2.83101162e-04 -6.31068943e-05 -3.15142040e-04
  1.29205558e-03  4.74649829e-04 -7.12181100e-05  7.10245239e-04
  7.32454950e-04 -1.24392597e-05  5.10267218e-05  1.87664001e-05
 -5.95570041e-22 -2.80579664e-21  9.99291801e-07  5.94219796e-15
 -1.51583267e-14 -9.29037622e-24 -2.18375682e-21 -7.01449159e-22
  5.94219795e-15  9.98585604e-07  1.27147228e-19 -1.47555870e-23
 -5.60100536e-20 -6.37921688e-21 -1.51583266e-14  1.27180639e-19
  9.98585604e-07  1.01112759e-23 -4.87075212e-18 -2.23710769e-18
 -2.96127015e-18  9.41188555e-19 -3.86136356e-18  9.99999299e-10],0.6452879012629645,0.2610006886084356,-1.4607229063724393e-20,1.5828492361223432e-26,1.0286840775099648e-26,0.481058744593394,[ 6.06211498e-02  2.40397640e-04  3.05838174e-06  1.51262895e-12
 -1.83835088e-11 -7.10520543e-05  4.34439164e-04  3.63957882e-02
  4.59265213e-04  5.56307940e-12 -5.37301853e-11 -1.81456730e-04
 -6.20028117e-19 -9.30787565e-17  9.98938452e-07  1.45738660e-23
 -3.71818433e-23  3.46144908e-23 -5.61416529e-26 -2.08410740e-25
  1.45738624e-23  9.95780620e-07  1.23180903e-27 -2.44488559e-28
  1.40232963e-24  4.10359132e-24 -3.71818775e-23  1.23180930e-27
  9.95780620e-07 -1.62189895e-28 -1.48119340e-12  2.41924536e-12
  3.07008497e-14 -9.46877427e-22  4.98825381e-21  3.48722694e-02]
16.266650438308716,base_link,6.578431348819518,-5.318914740276795,-4.262827610897824e-22,-2.684974617998115e-22,1.4061317626590215e-22,0.8368423300158948,0.5474439831558735,[ 1.68128184e-03 -1.68244242e-04 -1.35425416e-04 -1.81912457e-04
  1.50220526e-03  5.41647218e-04 -9.82509373e-05  7.36274454e-04
  8.29636853e-04 -1.18587599e-05  9.80265448e-05  3.53995652e-05
  7.19978005e-21 -1.25254997e-19  9.99025406e-07  8.11662106e-15
 -2.08133959e-14  9.83801878e-24  3.90429249e-22  2.31610572e-22
  8.11662107e-15  9.98054600e-07  1.73343011e-19  1.56923977e-24
 -7.15742840e-20 -1.22290382e-20 -2.08133959e-14  1.73344089e-19
  9.98054600e-07 -1.61909051e-23 -4.75335999e-18 -3.42840723e-18
 -4.01175161e-18  6.21255549e-19 -5.13587229e-18  9.99999031e-10],0.6417872943734377,0.26277845371905684,-4.460093149639377e-20,3.955588348384359e-27,-8.807011324104023e-26,0.4788621825345455,[ 6.06772382e-02  2.53571197e-04  3.22413764e-06  1.48890488e-14
 -3.37917351e-11 -9.57735298e-05  3.38017475e-04  3.62997055e-02
  4.57912657e-04  4.51393503e-12 -9.81228414e-11 -2.06347094e-04
 -3.79047244e-19 -5.38306379e-17  9.98539530e-07  1.98122565e-23
 -5.08090426e-23  5.20797141e-22 -5.80601626e-28  1.01781989e-25
  1.98123435e-23  9.94208737e-07  1.66581744e-27 -6.07496864e-29
  7.23783036e-25  2.10672562e-24 -5.08096333e-23  1.66581727e-27
  9.94208737e-07  1.36844188e-27 -1.48860077e-12  2.43814691e-12
  3.09320744e-14 -4.05234621e-22  6.88237106e-21  3.48713851e-02]
16.332208156585693,base_link,6.528837771430535,-5.239756929881963,-7.392019535218272e-22,-8.483200589908138e-23,1.723799773503275e-22,0.8742913471389031,0.48540152484107624,[ 1.72595575e-03 -2.87774899e-04 -8.49880388e-05 -3.54125730e-04
  1.15310946e-03  4.43401279e-04 -1.09419918e-04  6.82418393e-04
  6.70788215e-04 -2.60394610e-05  8.47828856e-05  3.26528558e-05
 -9.77396612e-21 -7.13095862e-20  9.99018355e-07  8.03912701e-15
 -2.09779138e-14  1.17877957e-23 -2.80579664e-21 -6.48509600e-22
  8.03912701e-15  9.98040553e-07  1.71790956e-19 -2.74579123e-24
 -3.03873070e-20 -7.96740366e-21 -2.09779139e-14  1.71801690e-19
  9.98040553e-07 -4.52684272e-24 -4.31999376e-18 -3.28844232e-18
 -3.83500962e-18  1.20881219e-18 -3.93568796e-18  9.99999025e-10],0.6604306909641249,0.2586679281148607,-7.328569168938322e-20,-3.795266460102488e-26,-1.1433173158981893e-25,0.5125237431064528,[ 6.08166071e-02  3.17191239e-04  4.03287012e-06  8.29699087e-12
 -2.33918084e-11 -1.06509694e-04  4.86985780e-04  3.62488627e-02
  4.57339202e-04  1.68076393e-11 -4.95963666e-11 -1.63824513e-04
 -6.44592073e-19 -7.30752264e-17  9.98528975e-07  1.95791343e-23
 -5.10975587e-23  4.98365193e-22 -1.21169035e-25 -2.42338070e-25
  1.95793245e-23  9.94167218e-07  1.64453806e-27  2.77842873e-28
 -1.38940494e-25 -2.90805684e-25 -5.10981191e-23  1.64453739e-27
  9.94167218e-07  9.58531603e-28 -1.49794101e-12  2.44512743e-12
  3.10257855e-14 -7.12746147e-22  1.99630044e-21  3.48713887e-02]
16.381527185440063,base_link,6.490162340540512,-5.192805521601453,-2.4252329321307844e-22,-1.9398095150496418e-23,1.44705662894911e-23,0.8799878808218742,0.47499613641231536,[ 1.74776302e-03 -3.86288448e-04 -7.02231506e-05 -4.58265918e-04
  1.29084049e-03  4.62258850e-04 -1.27414503e-04  6.73598270e-04
  6.72914889e-04 -2.18100561e-05  6.14401768e-05  2.20170627e-05
 -2.30154734e-20 -7.23154379e-20  9.99116846e-07  7.30609121e-15
 -1.92512707e-14 -2.73270400e-23  1.90053018e-20  2.23338765e-21
  7.30609117e-15  9.98236805e-07  1.59216129e-19 -1.60420767e-23
 -3.76929662e-20 -3.59989003e-21 -1.92512706e-14  1.59211735e-19
  9.98236805e-07  4.96423528e-23 -4.05402242e-18 -3.05361654e-18
 -3.86028529e-18  1.35109785e-18 -3.80686007e-18  9.99999124e-10],0.6598647965948634,0.25568981404899754,-2.3896382133868382e-20,-8.039383499740202e-28,2.6897026530405168e-27,0.4871498849500309,[ 6.10047070e-02  3.35188117e-04  4.26691603e-06  1.41635768e-11
 -4.92631050e-11 -1.41892697e-04  5.67038078e-04  3.61897945e-02
  4.56705996e-04  1.53964592e-11 -5.47539735e-11 -1.61602379e-04
 -1.90582413e-19 -2.05456312e-17  9.98676437e-07  1.78932571e-23
 -4.71524353e-23 -1.21887543e-21  2.35875722e-25  2.58493941e-25
  1.78927376e-23  9.94747376e-07  1.53911233e-27  1.06918928e-27
  1.23430857e-24  1.37648024e-24 -4.71508506e-23  1.53911029e-27
  9.94747376e-07  1.58960807e-27 -1.50004030e-12  2.45052242e-12
  3.11035344e-14 -2.36924410e-21  6.94043420e-21  3.48730572e-02]
16.43196201324463,base_link,6.449581375928741,-5.156296397758881,-3.8702551767655995e-22,-1.7275257585489476e-22,2.5116352558970343e-23,0.8991216549202448,0.43769881157421525,[ 1.99936415e-03 -5.23718474e-04 -8.21296822e-05 -6.69517438e-04
  1.28734973e-03  4.71426832e-04 -1.71476393e-04  7.32859877e-04
  7.02811917e-04 -6.18842052e-05  1.18963003e-04  4.36097566e-05
  1.45583788e-21  3.17637355e-21  9.99285901e-07  5.96973861e-15
 -1.55224780e-14 -5.37390960e-24 -4.23516474e-20 -8.19239679e-21
  5.96973860e-15  9.98573838e-07  1.29746741e-19 -6.82947792e-24
  2.41404390e-20  6.51156578e-21 -1.55224780e-14  1.29737210e-19
  9.98573838e-07  1.98459647e-23 -3.45819440e-18 -3.03746304e-18
 -3.80017838e-18  1.80006512e-18 -3.45994757e-18  9.99999293e-10],0.6499173454898101,0.25547642620614164,-9.57431220045181e-21,1.0455529675489415e-26,-8.967021035400918e-27,0.495969779121035,[ 6.13754817e-02  3.94816510e-04  5.02897136e-06  2.63789733e-11
 -3.63407606e-11 -1.52107567e-04  6.96785282e-04  3.62040401e-02
  4.57054148e-04  3.15033242e-11 -4.61668669e-11 -1.62931690e-04
 -7.38612730e-19 -6.71121145e-17  9.98929615e-07  1.46430786e-23
 -3.80798411e-23  9.62604427e-23  7.72250650e-25  9.24115841e-25
  1.46431367e-23  9.95745720e-07  1.25706614e-27  3.84342505e-28
  2.39106896e-25  2.97268033e-25 -3.80799407e-23  1.25706592e-27
  9.95745720e-07 -3.14547752e-28 -1.51325794e-12  2.46245732e-12
  3.12681526e-14 -2.65015060e-21  4.50165187e-21  3.48743145e-02]
16.47650671005249,base_link,6.394103304234365,-5.101323021035025,6.022222703585304e-22,-5.385275046047794e-23,2.2686359627431916e-23,0.917954123116327,0.39668656122149537,[ 2.11268154e-03 -4.78582639e-04 -1.13701429e-04 -5.56892351e-04
  1.20050308e-03  4.49216974e-04 -1.81115967e-04  7.34022953e-04
  7.35551717e-04 -3.75720474e-05  8.09981954e-05  3.03173705e-05
 -8.38033222e-20 -1.34889997e-19  9.99351949e-07  5.32112252e-15
 -1.41970650e-14  7.38687420e-24  1.05879118e-20  1.22753603e-21
  5.32112252e-15  9.98705574e-07  1.16547037e-19 -9.29188824e-24
  3.59989003e-20  3.65282959e-21 -1.41970650e-14  1.16556363e-19
  9.98705574e-07  1.25010464e-23 -3.76003943e-18 -3.11564598e-18
 -3.76629742e-18  1.34052257e-18 -2.89043358e-18  9.99999360e-10],0.6762402422368115,0.2538278582886464,-1.4135116967455732e-20,-7.60501100772159e-29,-1.2768430750141038e-30,0.5127268133162948,[ 6.15253009e-02  4.43407334e-04  5.64692520e-06  1.85478825e-11
 -4.75035486e-11 -1.67112712e-04  7.00623263e-04  3.62051129e-02
  4.57167876e-04  1.45949503e-11 -3.88103730e-11 -1.46477526e-04
  4.42151198e-19  3.57786717e-17  9.99028552e-07  1.30172061e-23
 -3.47379965e-23  1.27340092e-22 -3.81278564e-25 -2.98883620e-25
  1.30172689e-23  9.96136652e-07  1.12378297e-27  2.01995090e-28
 -1.24723327e-24 -1.02105107e-24 -3.47381029e-23  1.12378281e-27
  9.96136652e-07 -2.26518657e-29 -1.51030637e-12  2.46895213e-12
  3.13572971e-14 -2.63558677e-22  1.08377245e-21  3.48741056e-02]
16.525896549224854,base_link,6.328009523960184,-5.075580599975716,-4.10804693015214e-22,-1.7868001574611646e-22,6.516995028750818e-23,0.9325017348393748,0.3611654946441538,[ 1.99527317e-03 -4.24416052e-04 -1.56087009e-04 -4.81885196e-04
  1.10622940e-03  4.50153367e-04 -1.87991842e-04  6.73495313e-04
  8.22554980e-04 -3.97158895e-05  9.11806675e-05  3.71443172e-05
  4.89690923e-22  3.22931311e-21  9.99340799e-07  5.44077548e-15
 -1.45677309e-14  4.43223849e-24  1.76818128e-20  5.82335151e-21
  5.44077548e-15  9.98683332e-07  1.20236511e-19  9.09998185e-26
 -1.50348348e-20 -4.15575540e-21 -1.45677309e-14  1.20241249e-19
  9.98683332e-07 -4.64231683e-24 -2.44384329e-18 -3.10875288e-18
 -4.44864468e-18  1.08399388e-18 -2.48877454e-18  9.99999348e-10],0.6779567847192802,0.2665704591088815,-2.902015618270845e-20,-4.308442684236304e-26,3.016434616659393e-26,0.5177875256253626,[ 6.15147960e-02  4.18564305e-04  5.33270711e-06  1.17648498e-11
 -3.21330696e-11 -1.79473649e-04  6.27781264e-04  3.61252427e-02
  4.56196206e-04  1.24445459e-11 -3.22336543e-11 -1.41828471e-04
 -9.40206571e-20 -8.07730619e-18  9.99011849e-07  1.33425670e-23
 -3.57305487e-23  1.31382556e-22 -4.41055288e-25 -4.68520269e-25
  1.33426305e-23  9.96070631e-07  1.16414419e-27  3.03939934e-28
  1.37001789e-24  1.37648024e-24 -3.57306677e-23  1.16414402e-27
  9.96070631e-07 -2.14235703e-28 -1.51933912e-12  2.49657239e-12
  3.17132534e-14 -9.22912784e-22  2.32502692e-21  3.48749340e-02]
16.585492372512817,base_link,6.245797532279444,-5.030301084485027,-2.2260333655889836e-22,1.1085063036120046e-24,-3.14640085036622e-23,0.9494010753699762,0.3140662320058186,[ 1.80262506e-03 -3.64069951e-04 -4.50118095e-05 -4.33792514e-04
  9.54048130e-04  3.63602011e-04 -1.18676908e-04  5.89009411e-04
  6.61747807e-04 -2.02069278e-05  4.44382658e-05  1.69490893e-05
  1.45848486e-20  3.47283508e-20  9.99028822e-07  8.53151871e-15
 -2.19678480e-14  7.32202401e-24 -3.00167301e-20 -2.73631347e-21
  8.53151872e-15  9.98061406e-07  1.92988972e-19  2.76493707e-24
 -3.39871970e-20 -3.61312492e-21 -2.19678480e-14  1.92980508e-19
  9.98061406e-07  1.02969550e-24 -1.98759528e-18 -4.02365083e-18
 -5.16622053e-18  8.83620720e-19 -1.94288925e-18  9.99999036e-10],0.6958149220468351,0.2699995890483179,-1.0215596649597474e-20,8.130236254524734e-27,-4.427595470847934e-26,0.5268134029245186,[ 6.14457472e-02  3.26258596e-04  4.15152142e-06  2.78987595e-11
 -5.23370087e-11 -1.73663894e-04  5.46836294e-04  3.60282660e-02
  4.54829620e-04  1.50155730e-11 -2.72419249e-11 -1.01009326e-04
 -1.49077799e-19 -1.63714528e-17  9.98544645e-07  2.08239583e-23
 -5.36258256e-23  4.50058727e-22 -4.20052655e-26 -2.26182199e-26
  2.08242005e-23  9.94228843e-07  1.85445449e-27 -2.14954388e-28
  1.49280251e-24  7.72250650e-25 -5.36263430e-23  1.85445410e-27
  9.94228843e-07  1.18414108e-27 -1.52003860e-12  2.51834664e-12
  3.19796174e-14 -1.03163372e-21  1.99505603e-21  3.48729055e-02]
16.636770963668823,base_link,6.173406584757627,-5.0004306462704315,-2.1947787880163075e-22,3.0367373526299854e-23,4.607626101657546e-24,0.9610723799723502,0.27629672537741495,[ 2.11771110e-03 -5.18195266e-04 -1.52675430e-04 -6.35875248e-04
  9.85209723e-04  4.11848760e-04 -2.43012262e-04  6.51181381e-04
  7.96142324e-04 -7.64964211e-05  1.18506853e-04  4.95727556e-05
 -6.41362760e-20 -1.59612771e-19  9.99436357e-07  4.89995824e-15
 -1.31038523e-14  7.19949437e-24 -1.06143816e-19 -2.39022110e-20
  4.89995825e-15  9.98873983e-07  1.13914775e-19 -8.88808149e-25
  6.87155478e-20  1.91111809e-20 -1.31038523e-14  1.13912980e-19
  9.98873983e-07  2.54047741e-24 -1.20813099e-18 -3.20515815e-18
 -4.47147899e-18  1.21894972e-18 -1.88811903e-18  9.99999444e-10],0.7059526506136992,0.2734911485416273,-1.820530405302662e-20,-8.127172403898134e-27,-1.1455319011590255e-26,0.5297094737492529,[ 6.20288783e-02  3.28841154e-04  4.19064035e-06  3.28297717e-11
 -4.16103095e-11 -1.99120764e-04  5.71390614e-04  3.59930396e-02
  4.54712982e-04  2.06659026e-11 -2.71762698e-11 -1.13329407e-04
  1.29596041e-18  1.40675232e-16  9.99155011e-07  1.20206604e-23
 -3.21537430e-23  2.13120208e-22  7.49632430e-25  4.71751443e-25
  1.20207596e-23  9.96637046e-07  1.10345094e-27  1.62817316e-28
 -3.45089412e-24 -2.25535964e-24 -3.21538677e-23  1.10345071e-27
  9.96637046e-07  2.99380907e-28 -1.51173984e-12  2.51942911e-12
  3.20178363e-14 -1.30053468e-21  1.84050750e-21  3.48747437e-02]
16.685336351394653,base_link,6.137491482000826,-4.981873041575278,6.066907102835851e-23,-7.522928842092426e-23,-1.6350960409942855e-23,0.96380400969427,0.26661176061315717,[ 2.26125102e-03 -5.19147055e-04 -1.15258678e-04 -6.13040460e-04
  8.54431449e-04  3.54540769e-04 -2.01272858e-04  5.96221264e-04
  7.97064470e-04 -6.07114624e-05  8.46111447e-05  3.51390536e-05
 -1.78406315e-20 -6.97213995e-20  9.99366681e-07  5.49742030e-15
 -1.46228701e-14  5.17376476e-24 -3.01226092e-20 -7.06743115e-21
  5.49742031e-15  9.98734964e-07  1.26925985e-19 -2.37313447e-24
  1.02543926e-19  2.72374032e-20 -1.46228701e-14  1.26924235e-19
  9.98734964e-07  4.32079416e-24 -1.20245095e-18 -3.66740234e-18
 -5.28817397e-18  1.02393433e-18 -1.42693590e-18  9.99999375e-10],0.6794078192776984,0.26659692402883434,-7.366753870711187e-22,3.0779663115086086e-27,-9.607904163444157e-27,0.5014494318279461,[ 6.22055333e-02  3.26577574e-04  4.16307932e-06  3.06800305e-11
 -3.79894635e-11 -1.84279261e-04  6.00856263e-04  3.59717607e-02
  4.54445379e-04  1.74887193e-11 -2.23348186e-11 -8.83017079e-05
  8.13998662e-19  8.89587883e-17  9.99050622e-07  1.34759350e-23
 -3.58521412e-23  2.00506846e-22  4.91138489e-25  2.81112161e-25
  1.34760448e-23  9.96223938e-07  1.22802555e-27  6.14076417e-29
  1.74483410e-25  1.03397577e-25 -3.58523051e-23  1.22802560e-27
  9.96223938e-07 -1.75732875e-28 -1.53596973e-12  2.55778038e-12
  3.25077822e-14 -8.37190532e-22  1.02654006e-21  3.48753920e-02]
16.72930932044983,base_link,6.078097010565562,-4.959335292533327,-1.0360218627867387e-21,1.3521131520734132e-24,1.2534720743306403e-23,0.9735832435935512,0.22833236256356648,[ 2.12351462e-03 -5.30408342e-04 -1.84768074e-04 -6.18146422e-04
  8.21290261e-04  3.43231352e-04 -2.41218455e-04  5.56309806e-04
  7.07495449e-04 -8.26801944e-05  1.09835256e-04  4.59734217e-05
 -5.73732473e-21 -7.44330202e-20  9.99112704e-07  7.70985364e-15
 -2.01233657e-14 -1.44801838e-23 -2.14934610e-20 -1.04555629e-20
  7.70985362e-15  9.98228549e-07  1.74861181e-19  2.38548813e-24
 -6.56450534e-21 -4.26163452e-21 -2.01233657e-14  1.74854489e-19
  9.98228549e-07  5.54320235e-25 -1.64748012e-19 -4.04718422e-18
 -5.53922186e-18  1.25439798e-18 -1.66618903e-18  9.99999120e-10],0.6867173081605905,0.2656165611505708,-2.8128850014112954e-20,1.9931637457491484e-26,-2.3210606113437395e-26,0.511586652777063,[ 6.21598588e-02  2.41027679e-04  3.07107499e-06  2.83756741e-11
 -2.78251067e-11 -1.82459925e-04  4.91822604e-04  3.59018445e-02
  4.53434647e-04  1.97938107e-11 -2.25078921e-11 -8.44285309e-05
 -2.64274280e-19 -3.90854883e-17  9.98670234e-07  1.88513394e-23
 -4.92090898e-23 -2.24291154e-22 -1.46372194e-24 -1.01781989e-24
  1.88512112e-23  9.94722938e-07  1.68505188e-27  1.14860786e-27
 -1.80945759e-25 -1.51865191e-25 -4.92089034e-23  1.68505173e-27
  9.94722938e-07 -1.39806264e-27 -1.54475662e-12  2.59243668e-12
  3.29407275e-14 -1.39216502e-21  1.64695309e-21  3.48749253e-02]
16.774391174316406,base_link,6.005974809399528,-4.939397687996923,-1.7447558040836935e-22,3.77658609739258e-23,1.2520079190297925e-22,0.9818244184934474,0.18979149414555943,[ 2.00188489e-03 -5.36879728e-04 -1.85643815e-04 -6.45706155e-04
  9.48427667e-04  4.03614054e-04 -2.71306119e-04  5.82580549e-04
  7.49998013e-04 -7.55445817e-05  1.10971611e-04  4.72566755e-05
  2.28963594e-20  9.68264538e-20  9.99284485e-07  6.11521369e-15
 -1.63840283e-14  8.72297891e-24 -6.88214270e-22 -1.85288457e-22
  6.11521370e-15  9.98571014e-07  1.40012682e-19 -6.51498092e-24
  8.44915365e-20  1.89523622e-20 -1.63840283e-14  1.40026854e-19
  9.98571014e-07  6.98641316e-25  2.96860233e-19 -3.65087346e-18
 -5.19917817e-18  1.09021590e-18 -1.60174281e-18  9.99999292e-10],0.7042698343668137,0.2670823039295334,-2.1354133122483528e-20,-2.686369845059691e-27,-2.860757878258044e-26,0.5204671641572464,[ 6.21330970e-02  1.21941790e-04  1.55449566e-06  3.98901267e-11
 -6.69456148e-11 -2.26169044e-04  3.55583383e-04  3.58659029e-02
  4.53152682e-04  1.80649678e-11 -2.95469682e-11 -8.89783855e-05
 -3.65494717e-19 -1.06468653e-16  9.98927494e-07  1.49691383e-23
 -4.01126678e-23  2.78926486e-22  1.15676039e-24  5.23450231e-25
  1.49693183e-23  9.95737330e-07  1.35161687e-27  3.48044225e-29
 -1.43464137e-24 -6.33310156e-25 -4.01128890e-23  1.35161657e-27
  9.95737330e-07  4.39030156e-28 -1.53287229e-12  2.59442814e-12
  3.29783720e-14 -1.04983309e-21  1.65447738e-21  3.48745479e-02]
16.81786608695984,base_link,5.949054853063734,-4.923125293950488,-2.7683661636411394e-22,1.5847339298351787e-22,-1.6987033681951245e-23,0.9888272078325397,0.14906627066544342,[ 1.95638642e-03 -4.04195256e-04 -1.82188113e-04 -4.39515857e-04
  6.88311073e-04  3.03294942e-04 -2.08378726e-04  5.01373052e-04
  7.71948622e-04 -4.74855102e-05  7.43717690e-05  3.28119410e-05
 -1.67917664e-22  1.83170875e-20  9.99323996e-07  5.74418252e-15
 -1.56302030e-14 -4.40039066e-24 -1.47171975e-20 -8.69532260e-21
  5.74418251e-15  9.98649816e-07  1.32813857e-19 -1.87730499e-25
  3.83282409e-20  1.82906177e-20 -1.56302030e-14  1.32807703e-19
  9.98649816e-07  4.54880488e-24  5.54633958e-19 -3.15720462e-18
 -5.26330798e-18  5.57951970e-19 -8.73930021e-19  9.99999332e-10],0.7066053258422941,0.2635947540318921,-1.4276896221228e-20,-9.092580311418781e-27,-1.565472071649567e-26,0.5327935873354872,[ 6.20383602e-02  1.37684867e-04  1.75510301e-06  1.30934486e-11
 -2.50196708e-11 -1.78074201e-04  3.16395191e-04  3.58461142e-02
  4.52985526e-04  7.59582440e-12 -1.31469574e-11 -5.94178747e-05
 -3.02602520e-19 -7.81167665e-17  9.98986678e-07  1.40463166e-23
 -3.82286216e-23  3.55588393e-23 -5.99382827e-25 -3.47351234e-25
  1.40463410e-23  9.95971127e-07  1.27950804e-27  7.30619868e-29
  1.77714585e-25  9.37040538e-26 -3.82286425e-23  1.27950791e-27
  9.95971127e-07  1.29243763e-28 -1.52797645e-12  2.59815433e-12
  3.30311625e-14 -1.79255040e-22  3.48397767e-22  3.48739961e-02]
16.884586811065674,base_link,5.8532602621892655,-4.907615545853205,-8.949653709353123e-23,8.719241592559516e-23,3.404039768985121e-23,0.9937116108248137,0.11196979285483155,[ 1.70204934e-03 -3.24590868e-04 -1.56118967e-04 -3.63555027e-04
  5.68721918e-04  2.36750447e-04 -2.00770715e-04  3.78901577e-04
  7.78372189e-04 -4.41856664e-05  6.91127107e-05  2.88147016e-05
  5.34772266e-22  7.15742840e-20  9.99207640e-07  6.73810375e-15
 -1.86099529e-14  1.56181217e-24 -2.18905077e-20 -9.09236929e-21
  6.73810374e-15  9.98417784e-07  1.58243195e-19 -5.53349916e-24
  5.23572241e-20  2.60197933e-20 -1.86099529e-14  1.58241468e-19
  9.98417784e-07  9.78158671e-24  1.57246980e-18 -3.14300938e-18
 -6.28764779e-18  3.54984474e-19 -5.55173176e-19  9.99999216e-10],0.716030562265997,0.2607005231009781,3.946013983472652e-21,-7.572983919987484e-27,2.8729604163841506e-26,0.5207997156282508,[ 6.17669709e-02  2.52040336e-05  3.22343133e-07  2.30226662e-11
 -3.09648816e-11 -1.48740952e-04  1.50686654e-04  3.57711911e-02
  4.52031779e-04  8.69295266e-12 -1.25996546e-11 -3.80822786e-05
 -5.38395317e-20 -7.54604712e-17  9.98812399e-07  1.64430301e-23
 -4.54227259e-23  1.27340199e-22  4.62057920e-25  1.76098998e-25
  1.64431390e-23  9.95283093e-07  1.51953965e-27  2.53584651e-28
  6.78546596e-25  2.71418638e-25 -4.54229426e-23  1.51954000e-27
  9.95283093e-07 -9.59446852e-28 -1.52569223e-12  2.62910527e-12
  3.34252337e-14 -1.79763954e-22  2.19253120e-22  3.48736993e-02]
16.92361617088318,base_link,5.804135903826651,-4.903736457874121,-1.367919698426348e-22,9.792551986681353e-23,3.0546407545691875e-23,0.9954193048404448,0.09560547866605562,[ 1.65993908e-03 -3.02713005e-04 -2.21264549e-04 -3.55398459e-04
  6.72005738e-04  2.70378726e-04 -2.95196792e-04  4.14889055e-04
  1.25813637e-03 -7.54381936e-05  1.42642730e-04  5.74559546e-05
 -3.09696421e-21  5.48453833e-20  9.99276071e-07  6.01160625e-15
 -1.70721840e-14  1.67451866e-24  3.46224717e-20  1.90582413e-20
  6.01160625e-15  9.98554233e-07  1.41764832e-19 -2.19639947e-24
 -5.57453558e-20 -3.06520048e-20 -1.70721840e-14  1.41763743e-19
  9.98554233e-07  4.98280504e-24  2.46693345e-18 -3.21427838e-18
 -9.94029507e-18  5.71045952e-19 -1.07976660e-18  9.99999284e-10],0.7122070774007073,0.2589463037456606,-1.4424287467450942e-20,-1.243363942392717e-26,1.7034335812824268e-26,0.5082038453069025,[ 6.17629507e-02 -2.92152981e-05 -3.70989538e-07  2.53629471e-11
 -4.80837863e-11 -1.69301361e-04  5.30149555e-06  3.57691646e-02
  4.52112779e-04  1.28483297e-11 -2.43111832e-11 -4.83118065e-05
  4.79632406e-20 -5.83300769e-17  9.98914891e-07  1.46591674e-23
 -4.16399159e-23  1.33084022e-22 -5.16987883e-25 -2.61725116e-25
  1.46592445e-23  9.95687533e-07  1.35923658e-27  1.98889385e-28
 -7.75481824e-26 -3.87740912e-26 -4.16400534e-23  1.35923653e-27
  9.95687533e-07 -2.59746927e-28 -1.50868173e-12  2.61713567e-12
  3.32790755e-14 -4.05488737e-22  7.67009721e-22  3.48723598e-02]
16.984676599502563,base_link,5.7449982145097955,-4.902676064128359,-2.5173401484997254e-22,-6.335849798109281e-23,-2.9470321774398986e-23,0.9993519355325355,0.03599595737544453,[ 1.86002842e-03 -3.74621994e-04 -1.85035236e-04 -4.48775642e-04
  5.32825391e-04  2.75828605e-04 -2.44961456e-04  4.39704607e-04
  7.90108085e-04 -7.57806476e-05  8.99647021e-05  4.66326020e-05
  1.77347523e-21 -2.42463181e-20  9.99172161e-07  6.75857230e-15
 -1.87634805e-14  4.94702882e-24  2.26581313e-20  1.02702745e-20
  6.75857231e-15  9.98347056e-07  1.53189402e-19  9.01849290e-25
  6.72332402e-21  3.46754113e-21 -1.87634805e-14  1.53190628e-19
  9.98347056e-07 -1.82533875e-24  2.69498440e-18 -3.61003157e-18
 -6.59053195e-18  4.56392006e-19 -5.41756009e-19  9.99999180e-10],0.6886313249730058,0.2538323564625716,-1.5910725457495396e-20,-3.5921506454662896e-26,8.37850891600362e-26,0.527870184640385,[ 6.20020839e-02 -1.43136596e-04 -1.82139009e-06  3.50109344e-11
 -3.71797692e-11 -1.79564025e-04 -1.33381691e-05  3.57806087e-02
  4.52279083e-04  1.27502710e-11 -1.47251170e-11 -3.66243562e-05
  1.05667360e-19 -2.61834825e-17  9.98759267e-07  1.65032821e-23
 -4.58245458e-23  5.53479957e-23  1.29246971e-26  6.46234854e-27
  1.65033370e-23  9.95073631e-07  1.47259801e-27  2.96973780e-28
 -7.30245385e-25 -2.90805684e-25 -4.58246353e-23  1.47259825e-27
  9.95073631e-07 -7.12185020e-28 -1.49419142e-12  2.61791977e-12
  3.32880126e-14 -5.44074465e-22  6.31776099e-22  3.48705059e-02]
17.01150369644165,base_link,5.721678963155532,-4.903657448991555,-1.2122860039193836e-22,-1.8670616300091646e-24,4.5982485698509794e-24,0.999487139237935,0.03202278092184947,[ 1.98933047e-03 -4.67093263e-04 -1.37249129e-04 -5.50217673e-04
  6.05349231e-04  2.70948436e-04 -2.39708781e-04  4.30898581e-04
  7.86378218e-04 -7.10214608e-05  7.81316878e-05  3.49982896e-05
  1.16467030e-21  1.24937360e-20  9.99379509e-07  5.03005869e-15
 -1.40697352e-14  5.03310791e-26  8.31151079e-21  2.21022660e-21
  5.03005869e-15  9.98760554e-07  1.14063969e-19  2.85422485e-24
 -1.88464831e-20 -5.58512350e-21 -1.40697352e-14  1.14055937e-19
  9.98760554e-07  8.19647215e-25  2.52450270e-18 -2.84942462e-18
 -4.98527627e-18  1.50052589e-19 -1.65014355e-19  9.99999388e-10],0.6758320229597257,0.25117032040314197,-1.0601235231319836e-20,-1.0573563274887678e-27,1.1108700084063956e-27,0.5103725129989931,[ 6.21592885e-02 -2.48893164e-04 -3.17189010e-06  4.24685918e-11
 -4.26518131e-11 -1.78850863e-04 -4.35146503e-05  3.57767940e-02
  4.52396376e-04  8.48899961e-12 -8.92728850e-12 -2.69274773e-05
  3.21872520e-20 -4.60785923e-18  9.99069839e-07  1.23190809e-23
 -3.44657283e-23  1.74913182e-23 -4.20698890e-24 -8.40105310e-25
  1.23190809e-23  9.96299943e-07  1.10167519e-27 -1.66077930e-28
  3.45089412e-24  7.22167449e-25 -3.44657353e-23  1.10167525e-27
  9.96299943e-07  9.76185357e-29 -1.48538259e-12  2.61327765e-12
  3.32419200e-14 -3.03364348e-22  3.21977003e-22  3.48717198e-02]
17.0847225189209,base_link,5.6498453488766245,-4.919741744191333,1.1104715659479916e-22,-1.4996094593683987e-22,-1.381320750569964e-22,-0.9998309327839063,0.01838765478422386,[ 2.21220302e-03 -5.25010124e-04 -2.52287760e-04 -6.20961453e-04
  6.36001882e-04  3.04822207e-04 -3.61309470e-04  4.68723709e-04
  1.13147427e-03 -1.40469550e-04  1.43867999e-04  6.90307020e-05
  3.32195734e-21 -5.23042845e-20  9.99275672e-07  5.80227403e-15
 -1.57471956e-14 -3.70614369e-24  2.27640105e-21  1.42936810e-21
  5.80227400e-15  9.98553438e-07  1.26131079e-19 -6.26028622e-24
 -1.53524722e-21 -1.00585162e-21 -1.57471956e-14  1.26129973e-19
  9.98553438e-07  6.95594705e-24  3.78014302e-18 -3.27751406e-18
 -7.39568997e-18  4.42236835e-19 -4.52918963e-19  9.99999284e-10],0.6539547483770947,0.25209037934269746,-1.656170929414211e-20,7.438431857266811e-27,-1.0959620673952777e-26,0.5105915555172046,[ 6.23903330e-02 -3.76296695e-04 -4.79668515e-06  4.60337658e-11
 -4.57516543e-11 -2.02365732e-04 -2.27069948e-04  3.58065367e-02
  4.52781456e-04  1.60530611e-11 -1.64223697e-11 -3.31403654e-05
  5.86993832e-19 -5.54569411e-17  9.98914293e-07  1.42110273e-23
 -3.85743367e-23  3.46948536e-23 -1.50572721e-24 -5.23450231e-25
  1.42110525e-23  9.95685205e-07  1.21880078e-27 -9.91293984e-29
 -1.01458872e-24 -3.61891518e-25 -3.85743592e-23  1.21880075e-27
  9.95685205e-07  1.47740041e-28 -1.47512628e-12  2.64561636e-12
  3.36565992e-14 -6.46949645e-22  6.67933898e-22  3.48729438e-02]
17.12035584449768,base_link,5.610586815365757,-4.924803707944303,4.8617143971232756e-23,2.1171407425842715e-23,1.8032561738034813e-23,-0.9993639071290067,0.03566204043301611,[ 1.94204300e-03 -5.33832710e-04 -1.59077706e-04 -6.65071136e-04
  6.43061228e-04  2.95068665e-04 -2.87201390e-04  4.21059143e-04
  7.25830490e-04 -1.10883991e-04  1.07209751e-04  4.92676574e-05
  4.83073478e-21  2.20228566e-20  9.98767745e-07  1.00049153e-14
 -2.65566634e-14  4.22938736e-24  4.65868121e-21  1.90582413e-21
  1.00049152e-14  9.97541543e-07  2.15599946e-19 -8.99244706e-24
 -1.67289007e-20 -7.09390093e-21 -2.65566633e-14  2.15596628e-19
  9.97541543e-07  1.01701403e-23  3.98921602e-18 -4.21028733e-18
 -6.68232960e-18  5.26219500e-19 -5.08727796e-19  9.99998774e-10],0.6496037005788154,0.24873336301592738,-8.93929879864278e-21,6.680728999753883e-27,1.541846332384966e-27,0.5018796289190897,[ 6.19806844e-02 -4.57532704e-04 -5.82280454e-06  8.20234854e-11
 -7.63353656e-11 -1.99910683e-04 -2.41671689e-04  3.58041525e-02
  4.52458102e-04  1.65230331e-11 -1.59275116e-11 -1.88858962e-05
 -1.22819777e-19  9.59518923e-18  9.98153890e-07  2.43082626e-23
 -6.45291338e-23  2.55718350e-23  5.29912580e-25  1.06628751e-25
  2.43083661e-23  9.92696235e-07  2.05653398e-27  1.05845940e-27
 -9.04728795e-26 -2.26182199e-26 -6.45291827e-23  2.05653222e-27
  9.92696235e-07  2.36933617e-28 -1.47934898e-12  2.64775007e-12
  3.36602861e-14 -4.32385239e-22  4.35842341e-22  3.48712024e-02]
17.16805124282837,base_link,5.5394158225876815,-4.947572650788675,1.219287485859227e-21,-9.739790682013208e-23,-1.3479463053799084e-22,-0.997083005473755,0.07632483341235642,[ 2.09587687e-03 -5.69449621e-04 -2.15698532e-04 -6.97781280e-04
  8.23830059e-04  3.41861095e-04 -3.32816409e-04  4.94931395e-04
  8.72003148e-04 -1.29827160e-04  1.53284415e-04  6.36632599e-05
  2.14032983e-22 -6.38451084e-20  9.99257971e-07  5.99280768e-15
 -1.58715255e-14 -1.19195096e-23 -2.05405490e-20 -8.68208771e-21
  5.99280765e-15  9.98518139e-07  1.28176907e-19 -2.32022004e-24
 -1.31290107e-20 -5.29395592e-21 -1.58715255e-14  1.28178488e-19
  9.98518139e-07  1.96386818e-24  4.14842751e-18 -3.67048270e-18
 -5.58725394e-18  1.20623616e-19 -1.42450068e-19  9.99999266e-10],0.6673020131556828,0.2530017428492397,-1.2095742182598841e-20,-1.4445065900803682e-25,1.8237068768469388e-25,0.5114383124495089,[ 6.21064025e-02 -5.49049117e-04 -6.99695771e-06  6.05754599e-11
 -7.39996515e-11 -2.30874213e-04 -3.43209133e-04  3.58641744e-02
  4.53612738e-04  1.12470521e-11 -1.32023424e-11 -1.74312346e-05
  6.94567017e-19 -4.49943902e-17  9.98887780e-07  1.46848222e-23
 -3.88968592e-23 -2.53413046e-24 -4.00665609e-25 -7.27014210e-26
  1.46848591e-23  9.95580540e-07  1.23959837e-27  7.65141517e-28
  1.04690046e-24  1.85792520e-25 -3.88969008e-23  1.23959842e-27
  9.95580540e-07 -9.66239781e-28 -1.46377382e-12  2.61999450e-12
  3.33353895e-14 -8.28902164e-22  9.50165163e-22  3.48717258e-02]
17.212453603744507,base_link,5.472682884684372,-4.961992375563479,-4.838067196553153e-22,-3.546572320204763e-22,-9.750533613089236e-22,-0.9936805914259081,0.11224474252033981,[ 2.06620169e-03 -5.98726547e-04 -1.94367493e-04 -7.22975213e-04
  8.12514019e-04  3.82004667e-04 -2.99316620e-04  5.69920536e-04
  8.78768308e-04 -1.18055327e-04  1.32664304e-04  6.24514267e-05
  9.44640260e-21 -2.02546754e-19  9.99191291e-07  6.55037037e-15
 -1.78505257e-14  6.08911153e-24 -1.62524447e-20 -8.33798057e-21
  6.55037035e-15  9.98385192e-07  1.44545355e-19 -1.90439542e-23
  3.98634881e-20  2.42198483e-20 -1.78505257e-14  1.44567881e-19
  9.98385192e-07  9.47467209e-24  4.33065974e-18 -4.12721586e-18
 -5.46017140e-18 -2.03551863e-19  2.28793013e-19  9.99999200e-10],0.6826214659309594,0.2491332395006219,-1.0841497820036941e-20,9.816608466461854e-26,8.258050520256335e-26,0.5178964823212788,[ 6.19800936e-02 -6.23458996e-04 -7.94589464e-06  5.04644640e-11
 -4.95268656e-11 -2.57877379e-04 -3.70932743e-04  3.59308720e-02
  4.54475855e-04  8.80156501e-12 -1.03226460e-11 -6.67818984e-06
  1.26377316e-18 -7.23162849e-17  9.98787915e-07  1.60264276e-23
 -4.36796607e-23 -3.78073264e-24  1.24077092e-24  2.18104263e-25
  1.60264118e-23  9.95186576e-07  1.39466356e-27 -5.83825338e-28
  1.89993047e-24  3.97434435e-25 -4.36796757e-23  1.39466447e-27
  9.95186576e-07 -4.91918098e-28 -1.45683612e-12  2.61949490e-12
  3.33296174e-14 -2.48335437e-22  3.37461129e-22  3.48713760e-02]
17.28013038635254,base_link,5.4244684761656785,-4.980477630355116,-1.5340915661004268e-22,2.9453829946691723e-22,5.338168586045561e-23,-0.9920855623514501,0.12556367696832996,[ 2.44759533e-03 -6.88254528e-04 -3.10810887e-04 -7.89947610e-04
  8.70878168e-04  3.77450227e-04 -4.14394090e-04  5.45822651e-04
  1.19062179e-03 -1.56891197e-04  1.72965355e-04  7.50471964e-05
  1.32613596e-20 -6.15157678e-20  9.99412386e-07  4.54711916e-15
 -1.26313167e-14  2.53825547e-24 -5.29395592e-21 -3.86458782e-21
  4.54711916e-15  9.98826151e-07  9.77470724e-20  1.01890509e-24
 -5.20395867e-20 -3.79047244e-20 -1.26313167e-14  9.77844018e-20
  9.98826151e-07 -1.89860661e-23  4.57922369e-18 -3.04753919e-18
 -5.30985915e-18 -3.04277734e-19  3.35450939e-19  9.99999421e-10],0.6448788213987832,0.24294594364954122,-1.1803987733251961e-20,-1.7886867331598268e-26,-8.942883256641747e-27,0.4801869288294305,[ 6.22476840e-02 -8.02104361e-04 -1.02526284e-05  4.37027847e-11
 -4.83854028e-11 -2.52197632e-04 -5.76996244e-04  3.60018611e-02
  4.55545563e-04  1.00735925e-11 -1.10798114e-11 -4.52120799e-07
  5.18384164e-19 -2.30935063e-17  9.99119096e-07  1.12033099e-23
 -3.11248096e-23  5.06021896e-23 -2.94683093e-24 -6.80162183e-25
  1.12033322e-23  9.96494880e-07  9.54043931e-28  3.32248582e-28
  3.21178722e-24  7.36707733e-25 -3.11248166e-23  9.54043579e-28
  9.96494880e-07  1.62914538e-28 -1.43664919e-12  2.65324221e-12
  3.37827288e-14 -3.31941925e-22  3.61863186e-22  3.48802074e-02]
17.322226524353027,base_link,5.3854821471778624,-5.002002797935391,-6.076968195724978e-23,1.8818915563311803e-22,-2.567253633462613e-24,-0.9882864017248827,0.1526105768473593,[ 2.04728637e-03 -6.50630682e-04 -2.60412479e-04 -7.78855868e-04
  8.33694574e-04  3.45918831e-04 -3.72551585e-04  4.62718395e-04
  8.15207580e-04 -1.48828829e-04  1.59305059e-04  6.61773247e-05
  2.44580764e-20 -2.24887247e-19  9.99242301e-07  5.94543025e-15
 -1.59900748e-14 -1.04570014e-24 -1.79994501e-21 -9.52912066e-22
  5.94543025e-15  9.98486893e-07  1.25465336e-19 -1.75004803e-24
 -4.62691747e-20 -2.54109884e-20 -1.59900748e-14  1.25492845e-19
  9.98486893e-07 -1.03667345e-23  5.16758754e-18 -3.43331415e-18
 -4.42954146e-18 -3.92491485e-19  4.20129208e-19  9.99999251e-10],0.6370962816157091,0.24341104214858544,-1.132135163742909e-20,-5.197993262673352e-26,-1.2071625215241175e-27,0.47983484894315365,[ 6.16829566e-02 -7.70556740e-04 -9.83275402e-06  6.60410085e-11
 -6.95852198e-11 -2.33647745e-04 -5.37771732e-04  3.59840393e-02
  4.55251870e-04  7.45029339e-12 -8.15660161e-12  6.85885545e-06
  8.26704157e-19 -3.83265468e-17  9.98864311e-07  1.45321532e-23
 -3.90901251e-23 -2.74612200e-23  1.68021062e-25  2.26182199e-26
  1.45321734e-23  9.95487896e-07  1.20803863e-27  8.44015467e-28
 -2.32644547e-25 -2.74649813e-26 -3.90901132e-23  1.20803777e-27
  9.95487896e-07  1.99076195e-29 -1.46287962e-12  2.67684486e-12
  3.40790167e-14  2.50856527e-22 -2.43852117e-22  3.48788994e-02]
17.372929334640503,base_link,5.329205887861658,-5.0228579692610955,-5.659970297974826e-22,-8.326500511842081e-24,-4.484005406698586e-23,-0.9818447593129691,0.1896862372700187,[ 1.98031036e-03 -6.84169456e-04 -1.69780760e-04 -8.38962668e-04
  1.01080755e-03  4.55283266e-04 -3.44326720e-04  5.83265180e-04
  1.11976995e-03 -1.28378996e-04  1.54685453e-04  6.97230968e-05
  1.63318540e-20 -1.75229941e-19  9.99387951e-07  4.77902095e-15
 -1.30331704e-14 -7.76031123e-24 -2.36639830e-20 -8.70855749e-21
  4.77902090e-15  9.98777397e-07  1.01733444e-19 -1.47340249e-23
 -6.42686249e-20 -2.13346424e-20 -1.30331704e-14  1.01754614e-19
  9.98777397e-07  6.24920824e-24  4.77116805e-18 -3.45817295e-18
 -4.71332675e-18 -9.72299693e-19  1.17152960e-18  9.99999397e-10],0.6368782792731057,0.2367813600091615,-1.3113456002792423e-20,-9.014156101956869e-27,-2.091490713775377e-27,0.4844526341244094,[ 6.14848793e-02 -7.94351101e-04 -1.01388178e-05  6.02043368e-11
 -7.84345385e-11 -3.02318663e-04 -5.13074920e-04  3.60859036e-02
  4.56706657e-04 -1.76456996e-12  3.06164889e-12  2.85632093e-05
  4.13352078e-19 -1.85398571e-17  9.99082486e-07  1.17249401e-23
 -3.19814594e-23  6.20092634e-24 -2.13257502e-24  6.34117950e-26
  1.17249641e-23  9.96349986e-07  9.85976049e-28  9.09796287e-28
  1.25369562e-24 -4.88715108e-26 -3.19814593e-23  9.85975286e-28
  9.96349986e-07  1.59697413e-28 -1.47110145e-12  2.66978800e-12
  3.40016137e-14  3.53371069e-22 -5.46190365e-22  3.48799331e-02]
17.433725118637085,base_link,5.278445374137404,-5.0474865557627675,4.474264619519195e-23,1.9138897614006372e-24,4.650772441888838e-24,-0.9818909928708798,0.18944676856319823,[ 1.99915832e-03 -5.97853621e-04 -2.49541167e-04 -7.15200180e-04
  7.77285138e-04  3.27016291e-04 -3.96993157e-04  4.71294807e-04
  1.15856713e-03 -1.86958981e-04  2.03169857e-04  8.55720102e-05
  3.08042060e-21 -1.08208459e-19  9.99256825e-07  5.60086788e-15
 -1.53963204e-14  3.62766339e-24  4.26163452e-20  2.96461532e-20
  5.60086788e-15  9.98515854e-07  1.16027104e-19 -2.54592157e-24
 -6.51685974e-20 -5.22513449e-20 -1.53963204e-14  1.16029664e-19
  9.98515854e-07  1.59379570e-24  5.72060307e-18 -3.33591012e-18
 -5.59757379e-18 -4.96265810e-19  5.39359776e-19  9.99999266e-10],0.6194354588776644,0.2306540200170865,-1.0244820021500561e-20,6.2592973183824484e-27,-7.22957549112393e-27,0.4399612596222221,[ 6.13870724e-02 -7.96029344e-04 -1.01506422e-05  6.17196713e-11
 -6.09758972e-11 -2.24164480e-04 -6.21893443e-04  3.60803008e-02
  4.56628214e-04  8.24625903e-12 -1.04665763e-11  1.34769018e-05
  1.41962722e-18 -6.38052979e-17  9.98886064e-07  1.37058063e-23
 -3.76815081e-23 -1.43088072e-23  2.81758396e-24  3.78047389e-25
  1.37058665e-23  9.95573755e-07  1.11942321e-27  1.25601094e-27
  6.33310156e-25  1.05013164e-25 -3.76815813e-23  1.11942337e-27
  9.95573755e-07 -1.59361270e-27 -1.46104147e-12  2.65858516e-12
  3.38565236e-14 -4.14585518e-22  5.67440208e-22  3.48777887e-02]
17.471115589141846,base_link,5.248055918209703,-5.052189030603172,-1.0139147005285809e-21,-2.884419048896825e-22,-4.2174836385980915e-23,-0.9790686058384507,0.20353050155087946,[ 1.72979280e-03 -6.57255645e-04 -1.68886174e-04 -8.64363613e-04
  9.11399270e-04  3.68290306e-04 -3.41020350e-04  4.52065862e-04
  7.57186114e-04 -1.90471339e-04  2.00802743e-04  8.12740353e-05
 -2.11758237e-21 -1.07996701e-20  9.98872408e-07  8.23415639e-15
 -2.28224303e-14 -2.45436481e-23 -2.22346149e-20 -1.13290657e-20
  8.23415633e-15  9.97749886e-07  1.66654452e-19 -2.11088415e-24
  6.10922513e-20  3.59989003e-20 -2.28224303e-14  1.66745507e-19
  9.97749886e-07 -3.66564060e-23  5.59607868e-18 -3.83492236e-18
 -4.33807754e-18 -8.11317089e-19  8.55383700e-19  9.99998880e-10],0.6044399398764408,0.21997211712630083,3.0460096212475747e-22,-2.227552782252574e-26,1.1680600018766885e-25,0.4307093171235644,[ 6.10205714e-02 -7.86338001e-04 -1.00165888e-05  1.24411755e-10
 -1.19188237e-10 -2.49414768e-04 -5.19176945e-04  3.60715985e-02
  4.56307050e-04  4.94792262e-12 -8.38597752e-12  2.42353072e-05
  1.33322986e-18 -6.07153217e-17  9.98310515e-07  2.00418451e-23
 -5.55542431e-23 -1.55047771e-22 -1.05982516e-24 -4.52364397e-26
  2.00416753e-23  9.93309693e-07  1.59414295e-27 -8.24371234e-28
 -7.75481824e-26  4.84676140e-27 -5.55540098e-23  1.59413854e-27
  9.93309693e-07  4.29766504e-27 -1.45761777e-12  2.64948480e-12
  3.37236109e-14  9.59141915e-23  9.83519711e-23  3.48760407e-02]
17.50870656967163,base_link,5.230600274902699,-5.053437073063842,-4.294424581633251e-22,1.3034012707963359e-22,4.418814898632524e-22,-0.9790912854747573,0.20342137229747329,[ 1.71568448e-03 -6.90468703e-04 -1.68845995e-04 -8.45628331e-04
  9.03416420e-04  3.60808769e-04 -3.17432554e-04  4.70994732e-04
  8.02864897e-04 -1.59838745e-04  1.70760164e-04  6.82715244e-05
  3.30872245e-23 -1.27054942e-21  9.99202669e-07  5.56535046e-15
 -1.55236348e-14 -9.75330831e-24 -4.25634056e-20 -2.09640654e-20
  5.56535039e-15  9.98407873e-07  1.08290297e-19 -2.58460353e-23
  6.85037896e-20  3.42518948e-20 -1.55236348e-14  1.08322699e-19
  9.98407873e-07  1.37584212e-23  4.57476777e-18 -3.21001861e-18
 -3.53991247e-18 -1.09050411e-18  1.16501801e-18  9.99999211e-10],0.5751494319404272,0.2103387993447373,-8.373447939179276e-22,8.374925984505686e-26,4.921782788491495e-27,0.40565595802129095,[ 6.09613769e-02 -8.07870179e-04 -1.02934654e-05  7.32704248e-11
 -7.75484782e-11 -2.39876808e-04 -4.96829860e-04  3.60907316e-02
  4.56840737e-04  1.87578243e-12 -2.20020040e-12  3.04929682e-05
  1.06895558e-18 -4.74338450e-17  9.98804954e-07  1.35649403e-23
 -3.78431952e-23 -1.37835710e-22 -3.85155973e-24 -9.77430216e-26
  1.35648896e-23  9.95253722e-07  1.03817157e-27  1.54137668e-27
 -9.17653492e-25 -2.66571877e-26 -3.78430888e-23  1.03816970e-27
  9.95253722e-07  9.39847504e-29 -1.44289398e-12  2.61798222e-12
  3.33410194e-14 -5.43870402e-22  5.90112351e-22  3.48741691e-02]
17.57965922355652,base_link,5.153016968052643,-5.0707843203594,2.8296078050556544e-22,-1.2305207932725092e-22,-1.1773343811565957e-22,-0.9795450846428981,0.20122481743546827,[ 1.74378659e-03 -7.80668735e-04 -1.15283652e-04 -9.48619061e-04
  9.74155025e-04  3.37871876e-04 -2.80074179e-04  4.23079346e-04
  6.83164504e-04 -1.37158560e-04  1.40855605e-04  4.88957650e-05
 -2.51793778e-21 -5.80746964e-20  9.99268534e-07  4.72539822e-15
 -1.38159732e-14 -2.03315838e-24 -1.87406040e-20 -5.92923063e-21
  4.72539818e-15  9.98539202e-07  8.92167199e-20 -1.28780046e-23
  4.69044495e-20  1.42672112e-20 -1.38159731e-14  8.91906603e-20
  9.98539202e-07  2.25230744e-23  4.09919403e-18 -2.98360128e-18
 -2.83252945e-18 -1.19378545e-18  1.22595902e-18  9.99999277e-10],0.5776875847971018,0.19011239848226397,8.805325322194645e-21,6.834829441531e-27,9.128411520433523e-27,0.3596146601606084,[ 6.09161475e-02 -8.90563242e-04 -1.13624241e-05  8.66013614e-11
 -9.15542003e-11 -2.18677565e-04 -4.82723117e-04  3.60889435e-02
  4.56944305e-04 -4.84688283e-12  5.73915409e-12  3.52279817e-05
  2.83417224e-18 -1.14058069e-16  9.98903601e-07  1.15393281e-23
 -3.37433317e-23 -1.15646782e-22  7.36707733e-25 -4.20052655e-26
  1.15392161e-23  9.95642967e-07  8.57851128e-28 -3.00726903e-28
 -1.66728592e-24  1.02589783e-25 -3.37432456e-23  8.57851955e-28
  9.95642967e-07 -4.06829804e-28 -1.40927992e-12  2.58209079e-12
  3.28924128e-14  1.07532784e-22 -1.46167968e-22  3.48752889e-02]
17.627919912338257,base_link,5.111029953841453,-5.069259156982903,-6.191471492222291e-22,1.396768711909146e-22,6.09712741100111e-23,-0.9793346612827079,0.202246436829636,[ 1.52517238e-03 -6.32413714e-04 -1.25184471e-04 -7.64840311e-04
  8.10026079e-04  2.82504824e-04 -2.56856641e-04  3.73661172e-04
  6.68697650e-04 -1.44176675e-04  1.52690674e-04  5.33176089e-05
 -3.15155813e-21 -1.50348348e-19  9.99141006e-07  4.92062599e-15
 -1.62769823e-14 -6.22324519e-24 -2.79520873e-20 -1.31290107e-20
  4.92062597e-15  9.98284954e-07  9.32363157e-20 -1.56909639e-24
 -2.13875819e-20 -1.03761536e-20 -1.62769823e-14  9.32202445e-20
  9.98284954e-07  7.60926784e-24  4.50705435e-18 -3.09689719e-18
 -3.29824174e-18 -9.68032317e-19  1.02520514e-18  9.99999149e-10],0.5610672091791605,0.1715637528160766,-7.577289835323525e-21,3.565933773131794e-27,-1.6922720814044572e-26,0.33420118542217603,[ 6.07490132e-02 -7.55257905e-04 -9.62318764e-06  7.95681980e-11
 -8.27902483e-11 -1.88099091e-04 -4.43739817e-04  3.60189080e-02
  4.56046889e-04  1.30952832e-12 -1.84080592e-12  2.54231430e-05
  2.25310764e-19 -1.06793914e-17  9.98712613e-07  1.19514985e-23
 -3.95411983e-23 -2.14685151e-23  3.10192730e-24  5.14968399e-26
  1.19514816e-23  9.94889751e-07  8.87979825e-28  5.11362714e-29
  4.13590306e-25  9.28962602e-27 -3.95411877e-23  8.87980070e-28
  9.94889751e-07 -2.50023416e-28 -1.38094722e-12  2.54609181e-12
  3.24295562e-14 -8.70587540e-22  9.35326187e-22  3.48715307e-02]
17.684329748153687,base_link,5.084273789306021,-5.0772667971703225,-2.972450710296833e-22,3.6519304772897e-22,2.4776551109073455e-22,-0.9779410655599146,0.20888100031247217,[ 1.76285533e-03 -6.77174699e-04 -1.89790665e-04 -7.79647217e-04
  7.86659642e-04  2.73863154e-04 -2.90620621e-04  3.64329881e-04
  6.76960595e-04 -1.37960116e-04  1.39192258e-04  4.85377703e-05
 -2.32272316e-21  2.68932961e-20  9.99125741e-07  4.70340618e-15
 -1.51357539e-14  7.83734500e-24  7.52800532e-20  4.71162077e-20
  4.70340622e-15  9.98254533e-07  8.14532315e-20  8.57852598e-24
 -5.12454933e-20 -3.47283508e-20 -1.51357540e-14  8.14888957e-20
  9.98254533e-07 -2.12110657e-23  3.98329961e-18 -2.55658599e-18
 -3.04633962e-18 -6.80703991e-19  6.86801319e-19  9.99999134e-10],0.5267691688586893,0.1627444137655901,-3.125663527641422e-20,-1.0869718100994147e-26,-6.628656817616096e-26,0.3132855545442358,[ 6.09664432e-02 -8.39745626e-04 -1.07276763e-05  6.80179063e-11
 -6.52773908e-11 -1.79652072e-04 -5.25016338e-04  3.60451937e-02
  4.56402711e-04  6.08259252e-12 -7.21742175e-12  2.51786538e-05
  2.14468742e-18 -9.12356128e-17  9.98689756e-07  1.15357766e-23
 -3.71253118e-23  2.48430859e-22  1.17614743e-24  1.05820957e-25
  1.15360561e-23  9.94799837e-07  7.88998445e-28  1.62716652e-28
  2.75296048e-24  3.11808317e-25 -3.71255651e-23  7.88996811e-28
  9.94799837e-07  1.00691641e-27 -1.33366603e-12  2.52015422e-12
  3.21038629e-14  2.68556248e-22 -2.59722615e-22  3.48766598e-02]
17.716709852218628,base_link,5.064229600077708,-5.084703322967129,1.384036354862288e-22,6.5276144549014855e-24,2.373313288468259e-25,-0.9781870887169807,0.2077258276368102,[ 1.52612093e-03 -5.13403444e-04 -9.86337113e-05 -5.82299933e-04
  6.92770884e-04  2.42155419e-04 -1.83813900e-04  3.60521160e-04
  6.82901702e-04 -7.14305805e-05  8.49908981e-05  2.97691947e-05
  4.96308368e-24 -3.72694497e-20  9.98750861e-07  6.51359813e-15
 -2.13798201e-14  5.87816308e-24  2.64697796e-22  1.58818678e-22
  6.51359815e-15  9.97507940e-07  1.11488830e-19  1.37747636e-24
  1.85288457e-20  9.26442286e-21 -2.13798201e-14  1.11458930e-19
  9.97507940e-07  1.08386474e-23  4.02088680e-18 -2.89722323e-18
 -3.69805255e-18 -7.71253399e-19  9.17667225e-19  9.99998758e-10],0.5148719131746141,0.15823084583652547,-5.373809613636636e-21,-1.615456810320218e-27,-4.501188701648461e-27,0.2962670078810595,[ 6.08272800e-02 -6.83488324e-04 -8.71441751e-06  4.61776607e-11
 -6.14167352e-11 -1.56597035e-04 -4.11448069e-04  3.59815955e-02
  4.55384276e-04  2.59437075e-12 -1.31949109e-12  2.81791096e-05
 -3.64224167e-19  1.89735380e-17  9.98128626e-07  1.57967820e-23
 -5.18538188e-23 -1.53945474e-22  1.29246971e-25  4.84676140e-27
  1.57965602e-23  9.92597352e-07  1.05988644e-27 -5.86935151e-28
 -7.75481824e-26 -7.47209049e-27 -5.18536090e-23  1.05989115e-27
  9.92597352e-07 -2.19447010e-27 -1.32043812e-12  2.50382007e-12
  3.18793295e-14 -4.78013337e-22  5.00917635e-22  3.48741444e-02]
17.773297786712646,base_link,5.049193773208554,-5.093995210814888,-1.2357088938472692e-22,9.73839200943853e-23,1.7507085116216233e-22,-0.9784260424782795,0.20659738478570353,[ 1.95304060e-03 -7.03988684e-04 -4.65810781e-05 -8.52275189e-04
  9.64438890e-04  3.46380483e-04 -2.20433940e-04  5.08410471e-04
  8.80239384e-04 -1.04884344e-04  1.18678922e-04  4.26542883e-05
  1.36782586e-20 -9.97910691e-20  9.99469926e-07  2.65268180e-15
 -8.64853379e-15 -5.98450315e-24  4.34104385e-20  1.09320190e-20
  2.65268177e-15  9.98940974e-07  4.32507319e-20 -1.06771016e-23
 -1.24937360e-19 -3.49665789e-20 -8.64853376e-15  4.32575424e-20
  9.98940974e-07  9.31075071e-24  3.33524589e-18 -2.32789909e-18
 -2.41256590e-18 -1.02909273e-18  1.16443628e-18  9.99999479e-10],0.4738479324278065,0.15372338416100528,-8.154850161368761e-21,3.2770907396032457e-26,-2.7520468740708234e-26,0.26947555339225465,[ 6.12019369e-02 -8.78577121e-04 -1.12331623e-05  6.17834090e-11
 -6.51447189e-11 -2.19706355e-04 -4.88824211e-04  3.61126661e-02
  4.57603181e-04 -6.33309839e-12  5.69059347e-12  3.98846061e-05
 -5.90381964e-18  2.40476042e-16  9.99205309e-07  6.52062086e-24
 -2.12616583e-23 -1.54871969e-22 -7.25075506e-24  7.45593462e-25
  6.52054912e-24  9.96836284e-07  4.20639671e-28  6.67771155e-28
  1.11798630e-23 -9.76622422e-25 -2.12615713e-23  4.20639535e-28
  9.96836284e-07 -5.62031478e-28 -1.27844599e-12  2.45171244e-12
  3.12536984e-14  2.37973953e-22 -2.77215270e-22  3.48776163e-02]
17.82063388824463,base_link,5.0334945624332,-5.099998842915408,-2.3808275484820533e-22,1.633040913716366e-22,2.221779201683113e-22,-0.9802323411608621,0.1978498353355272,[ 1.72188890e-03 -7.73125561e-04 -8.36038935e-05 -9.09136073e-04
  9.81249776e-04  3.04628370e-04 -2.21918061e-04  4.08463355e-04
  6.43518295e-04 -1.10363407e-04  1.19109589e-04  3.70310827e-05
  2.54771629e-21  6.35274710e-20  9.99171251e-07  4.06244234e-15
 -1.22885558e-14 -5.06596019e-24 -4.12928562e-20 -1.50877744e-20
  4.06244228e-15  9.98345243e-07  6.01581521e-20 -2.46425319e-23
 -3.68459332e-20 -1.47171975e-20 -1.22885557e-14  6.01567933e-20
  9.98345243e-07  2.70509212e-23  3.19538040e-18 -2.32735470e-18
 -1.98836843e-18 -1.05272991e-18  1.13615458e-18  9.99999180e-10],0.44594594514367514,0.14816206953151875,-8.361879399980316e-21,9.48628898607846e-27,-5.473950451044217e-26,0.23967573868890277,[ 6.08887301e-02 -8.82614404e-04 -1.12765672e-05  7.81006208e-11
 -7.98204530e-11 -1.93433441e-04 -4.41705808e-04  3.60652804e-02
  4.56838640e-04 -3.04707285e-12  1.90948085e-12  3.49689994e-05
  1.25699689e-18 -5.09032920e-17  9.98757905e-07  9.94862768e-24
 -3.00956420e-23 -3.07005858e-23  1.13737334e-24 -4.40247494e-26
  9.94860075e-24  9.95068289e-07  5.82003830e-28  3.64196152e-28
  5.29912580e-25 -1.77714585e-26 -3.00956499e-23  5.82006145e-28
  9.95068289e-07 -2.11731558e-27 -1.25657362e-12  2.44345516e-12
  3.11388475e-14  3.63504723e-22 -3.40164753e-22  3.48779296e-02]
17.869568347930908,base_link,4.979912487087195,-5.10765114534872,2.5248858150364602e-23,-9.227724824877891e-23,-1.3657281764050026e-22,-0.9785252313149172,0.20612707653311307,[ 1.51180549e-03 -7.08550659e-04 -1.15942479e-04 -8.79935117e-04
  9.12816211e-04  2.63142373e-04 -2.59573098e-04  3.20188836e-04
  5.44545321e-04 -1.86264004e-04  1.93208891e-04  5.57718387e-05
 -1.45583788e-22 -1.05879118e-21  9.99035915e-07  4.46225224e-15
 -1.44159432e-14 -1.64665952e-24 -1.77241644e-19 -8.44915365e-20
  4.46225217e-15  9.98075535e-07  6.66403759e-20 -2.42474587e-23
  9.40206571e-20  4.80691198e-20 -1.44159431e-14  6.66467684e-20
  9.98075535e-07  2.32347954e-23  3.61914410e-18 -2.52573352e-18
 -2.39809853e-18 -7.77717262e-19  8.06748388e-19  9.99999044e-10],0.45874834116750157,0.13360776794418602,1.2679899370455923e-21,-1.9270697397340846e-26,1.6136751468632636e-27,0.23134743754996503,[ 6.06735038e-02 -8.10629688e-04 -1.03342870e-05  1.14053283e-10
 -1.13202482e-10 -1.76723641e-04 -4.44768928e-04  3.59992981e-02
  4.55985906e-04  2.16091467e-12 -3.85962254e-12  2.11347916e-05
  1.99560962e-18 -8.80914265e-17  9.98555263e-07  1.08149172e-23
 -3.49426751e-23 -4.60382885e-23  4.00665609e-25  1.09052132e-26
  1.08149144e-23  9.94270491e-07  6.33174653e-28  1.26098093e-27
 -1.65436123e-24 -5.73533433e-26 -3.49426202e-23  6.33172620e-28
  9.94270491e-07 -1.38238940e-28 -1.23151619e-12  2.39931686e-12
  3.05721758e-14 -9.85067061e-22  1.06065707e-21  3.48740333e-02]
17.920809030532837,base_link,4.950321103512739,-5.099821359798804,3.5965262788724443e-22,2.0657579899700225e-22,1.7082385912631653e-22,-0.9783997332729959,0.2067219435167215,[ 1.65606520e-03 -7.47001963e-04 -1.44517229e-04 -8.79583558e-04
  9.21183865e-04  2.70328504e-04 -2.70637523e-04  3.34591408e-04
  5.96093132e-04 -1.49863915e-04  1.56947319e-04  4.61259870e-05
  8.23044709e-22 -9.29618660e-20  9.99120383e-07  3.52355385e-15
 -1.28211481e-14  7.05967912e-24 -1.11596591e-19 -5.54277185e-20
  3.52355384e-15  9.98243853e-07  5.13138139e-20 -1.32323490e-23
  1.51830656e-19  7.75564542e-20 -1.28211481e-14  5.12762958e-20
  9.98243853e-07  2.54129129e-23  3.12420916e-18 -2.21125920e-18
 -2.39754636e-18 -6.21237858e-19  6.50610330e-19  9.99999129e-10],0.43631389487407374,0.11587893511001318,-3.0323225971364796e-20,3.2770792665724784e-26,-6.19976786104006e-26,0.21397469345648956,[ 6.07981173e-02 -8.65042210e-04 -1.10477377e-05  8.83360988e-11
 -9.07920366e-11 -1.77330686e-04 -4.81165946e-04  3.60257626e-02
  4.56429404e-04  2.58600292e-12 -3.27645724e-12  2.60884282e-05
  6.42050974e-19 -2.65087431e-17  9.98681732e-07  8.63326603e-24
 -3.14161755e-23  2.27147525e-22  2.41691835e-24  7.47209049e-26
  8.63359565e-24  9.94768231e-07  4.96760378e-28  1.01164748e-27
 -6.53989672e-24 -2.44761451e-25 -3.14165479e-23  4.96761766e-28
  9.94768231e-07 -1.93670415e-27 -1.18596593e-12  2.35414813e-12
  3.00035437e-14 -2.89877031e-22  3.01383214e-22  3.48763809e-02]
17.984053134918213,base_link,4.925340373436936,-5.090166916064788,-3.4782694844687253e-22,-5.851746826035853e-23,-1.3077432334397426e-22,-0.9780573980674264,0.20833560925961692,[ 1.59735302e-03 -6.61960759e-04 -5.93360437e-05 -7.57215009e-04
  8.99383358e-04  2.33262124e-04 -1.82403121e-04  3.30874387e-04
  6.34073758e-04 -8.73523944e-05  1.03750121e-04  2.69379303e-05
 -4.86713072e-21  6.70744215e-20  9.99319775e-07  2.27204188e-15
 -9.29960703e-15 -2.17442820e-24  1.31290107e-20  4.04987628e-21
  2.27204189e-15  9.98641397e-07  3.10817461e-20  5.12994079e-24
 -6.24686799e-21 -1.98523347e-21 -9.29960703e-15  3.10743303e-20
  9.98641397e-07 -3.80492269e-24  2.90507641e-18 -1.93136369e-18
 -1.94347307e-18 -7.57798742e-19  9.00054285e-19  9.99999329e-10],0.3999203874501183,0.09798090156942625,-3.681108123159308e-21,-5.250430576617094e-26,-4.288987298607303e-26,0.19530350671686025,[ 6.08059290e-02 -8.07668082e-04 -1.03155632e-05  5.91747837e-11
 -6.86871189e-11 -1.49423707e-04 -4.20139171e-04  3.59899402e-02
  4.56196398e-04 -4.30987833e-12  4.62101989e-12  2.79796209e-05
 -1.02152173e-18  4.51570205e-17  9.98980355e-07  5.56301556e-24
 -2.27719711e-23 -3.37683838e-23 -9.17653492e-25  6.46234854e-26
  5.56295623e-24  9.95946148e-07  2.99904180e-28 -6.75433329e-28
  2.62371351e-24 -1.77714585e-25 -2.27719533e-23  2.99905794e-28
  9.95946148e-07 -5.59578071e-28 -1.13428093e-12  2.29502528e-12
  2.92616585e-14 -4.15535607e-22  4.92576065e-22  3.48749938e-02]
18.032511472702026,base_link,4.922144577090081,-5.108403132642202,-9.281258141732582e-23,4.854618142111747e-23,1.094701781543979e-23,-0.9760880741472843,0.21737541606043156,[ 1.57095949e-03 -6.66165528e-04 -3.46507209e-05 -8.01857537e-04
  8.94127604e-04  2.41993507e-04 -2.16383385e-04  3.28033297e-04
  7.12024467e-04 -1.27644931e-04  1.42347716e-04  3.85608221e-05
 -3.95061461e-21 -3.38813179e-20  9.99182200e-07  2.73303257e-15
 -1.04074409e-14 -4.64408254e-24 -2.13875819e-20 -7.43800807e-21
  2.73303255e-15  9.98367066e-07  3.47810630e-20 -7.95729047e-27
  4.25634056e-20  1.33407689e-20 -1.04074409e-14  3.47696537e-20
  9.98367066e-07  3.45806259e-24  2.84254869e-18 -1.95931126e-18
 -2.28143682e-18 -7.16609167e-19  7.99127339e-19  9.99999191e-10],0.3713265315535699,0.10509759339340574,-4.351884874632152e-21,-2.1023248457508882e-26,3.916321848021182e-26,0.19087222165750542,[ 6.07251214e-02 -8.04872252e-04 -1.02672532e-05  8.37355860e-11
 -1.00329968e-10 -1.58404026e-04 -4.38226387e-04  3.59985828e-02
  4.56293366e-04 -5.36506149e-12  8.10794113e-12  2.67691709e-05
  1.76182853e-19 -7.80625564e-18  9.98774300e-07  6.64254767e-24
 -2.52979850e-23  2.03949953e-23  5.45422216e-24 -3.48966821e-25
  6.64255200e-24  9.95132837e-07  3.31578889e-28 -4.06334286e-28
 -4.43317110e-24  3.60275931e-25 -2.52979659e-23  3.31578372e-28
  9.95132837e-07  7.87701719e-28 -1.09067681e-12  2.23809513e-12
  2.85316379e-14 -8.95725796e-22  1.02063151e-21  3.48713895e-02]
18.072826385498047,base_link,4.925690162122127,-5.117644713099754,-9.75946417713885e-23,-9.591518743594671e-23,-1.1035613837434802e-22,-0.9760910413001891,0.21736209212627788,[ 1.65239460e-03 -6.73317962e-04 -8.16457966e-05 -7.65572961e-04
  8.41986689e-04  2.09972602e-04 -2.17167071e-04  2.94302234e-04
  6.98535464e-04 -1.16316506e-04  1.27923535e-04  3.19358031e-05
  3.90429249e-22 -4.07634606e-21  9.99339862e-07  2.31800282e-15
 -7.75464568e-15 -1.06808343e-24  4.56868396e-20  1.89523622e-20
  2.31800283e-15  9.98681462e-07  2.72470446e-20  4.33883410e-24
  2.79520873e-20  1.19378706e-20 -7.75464570e-15  2.72510674e-20
  9.98681462e-07 -5.87672121e-24  2.55601860e-18 -1.52972814e-18
 -1.72435969e-18 -7.17627745e-19  7.89241320e-19  9.99999349e-10],0.3408039791519092,0.10888172130739825,-6.81039259166445e-21,2.9918775171427046e-26,-7.742257230926253e-26,0.17901572321576686,[ 6.07843886e-02 -8.42240639e-04 -1.07544212e-05  5.97184362e-11
 -6.45053142e-11 -1.36298176e-04 -4.72145155e-04  3.59929204e-02
  4.56388040e-04 -1.77402825e-12  1.54905345e-12  2.40092437e-05
 -1.47044920e-18  6.23958350e-17  9.99010445e-07  5.65354459e-24
 -1.89154994e-23 -7.14129903e-24 -1.52511425e-24  4.64481301e-26
  5.65356263e-24  9.96065047e-07  2.61089713e-28  4.36372306e-28
  7.75481824e-26 -6.46234854e-27 -1.89155557e-23  2.61090533e-28
  9.96065047e-07 -1.12061691e-27 -1.05427516e-12  2.18313909e-12
  2.78390783e-14 -5.43726474e-22  5.89540776e-22  3.48707117e-02]
18.111770391464233,base_link,4.9161756596992054,-5.126113657438261,9.554277641799426e-23,-2.5159031805081383e-22,3.031891796469585e-23,-0.9741554616650058,0.22587858798088725,[ 1.62719094e-03 -6.82139740e-04 -1.00407240e-04 -8.02724522e-04
  8.97404817e-04  2.35548355e-04 -2.35380794e-04  3.15910980e-04
  6.14928482e-04 -1.34726205e-04  1.50609397e-04  3.95763477e-05
 -1.19114008e-21  2.76344499e-20  9.99253352e-07  2.70110908e-15
 -8.00282823e-15 -3.54722120e-24 -8.07857673e-20 -3.34048619e-20
  2.70110908e-15  9.98508929e-07  2.89692932e-20  4.67379247e-24
  1.05032085e-19  4.59515374e-20 -8.00282819e-15  2.89079552e-20
  9.98508929e-07  1.28023340e-23  2.46452187e-18 -1.55081973e-18
 -1.54545946e-18 -6.99121985e-19  7.81548949e-19  9.99999262e-10],0.32714353365449045,0.1084276151061763,9.227119392203973e-22,1.3660566435135116e-26,-5.600555836224792e-26,0.17831558250163815,[ 6.07400914e-02 -8.29854049e-04 -1.05958230e-05  7.51713134e-11
 -8.10561274e-11 -1.53781432e-04 -4.67543490e-04  3.60019803e-02
  4.56503571e-04 -2.04787471e-12  1.27144466e-12  2.54737935e-05
  2.38863291e-18 -1.02944996e-16  9.98880863e-07  6.58872388e-24
 -1.95223581e-23 -9.14576430e-23  5.14402943e-24 -1.38940494e-25
  6.58861700e-24  9.95553200e-07  2.77706915e-28 -2.15108841e-28
  2.35229487e-24 -3.23117427e-26 -1.95222116e-23  2.77706080e-28
  9.95553200e-07  8.67457955e-28 -1.02169895e-12  2.13420601e-12
  2.72128705e-14 -4.27362608e-22  4.58140386e-22  3.48693911e-02]
18.167478561401367,base_link,4.890635474827152,-5.119944781340293,-3.5414154837137772e-22,5.314487859422836e-23,2.2866632097335473e-23,-0.97383189146295,0.22726954738744282,[ 1.68369623e-03 -6.99739518e-04 -4.05249479e-05 -7.72069151e-04
  9.31458501e-04  1.96228581e-04 -1.53233610e-04  2.75820777e-04
  5.82059440e-04 -6.06351580e-05  7.31509118e-05  1.54235431e-05
 -1.22290382e-20  4.15046144e-20  9.99494133e-07  1.67439356e-15
 -5.37313841e-15 -2.29300529e-24  6.49568391e-20  1.26128500e-20
  1.67439355e-15  9.98989288e-07  1.77808559e-20 -8.40484692e-25
 -2.86932411e-20 -5.79688173e-21 -5.37313839e-15  1.77646800e-20
  9.98989288e-07  5.12936590e-24  2.18263961e-18 -1.24495345e-18
 -1.01006511e-18 -7.28104480e-19  8.78392489e-19  9.99999503e-10],0.311463192860641,0.09292837898683172,2.8405048600993588e-21,-1.231497871760907e-26,-1.6510416663072956e-26,0.16476360981779342,[ 6.07900381e-02 -8.76334496e-04 -1.12195026e-05  4.93033980e-11
 -5.81191577e-11 -1.21456369e-04 -4.39346768e-04  3.59899998e-02
  4.56562077e-04 -8.17304621e-12  9.40371673e-12  2.86084219e-05
 -1.61275073e-18  6.55942314e-17  9.99241583e-07  4.11364208e-24
 -1.32017650e-23 -4.71143137e-23 -7.36707733e-25  1.21169035e-25
  4.11359011e-24  9.96980035e-07  1.72667364e-28 -2.93427568e-28
  4.34916056e-24 -7.06011578e-25 -1.32017218e-23  1.72668193e-28
  9.96980035e-07 -4.31883054e-28 -9.80290664e-13  2.07310211e-12
  2.64459123e-14 -7.54778514e-23  8.30965594e-23  3.48732095e-02]
18.229161977767944,base_link,4.871432958977897,-5.111380417489472,-9.9713588272103e-22,4.8812411728024157e-23,-4.348386345755132e-23,-0.9735873150510637,0.22831500163515495,[ 1.49813000e-03 -5.57703228e-04 -2.06428808e-05 -6.31815362e-04
  7.15319631e-04  1.76890379e-04 -1.34022623e-04  2.72457184e-04
  5.42413733e-04 -5.60577663e-05  6.34702430e-05  1.57180591e-05
 -1.64244982e-20 -9.27501077e-20  9.98988024e-07  2.70752789e-15
 -9.78641897e-15 -3.77965346e-24 -8.25857124e-21 -2.14405215e-21
  2.70752789e-15  9.97980134e-07  2.61963128e-20  3.17199660e-24
  3.59989003e-21  8.99972506e-22 -9.78641895e-15  2.61759110e-20
  9.97980134e-07  2.13436415e-24  2.05279314e-18 -1.38562734e-18
 -1.51741756e-18 -5.65293894e-19  6.40044828e-19  9.99998996e-10],0.28641044409814775,0.07799155516060534,6.255720864374053e-22,1.4365318733821293e-26,-6.002995811705866e-26,0.15062185304305126,[ 6.06699271e-02 -7.37178139e-04 -9.41905726e-06  5.82423426e-11
 -6.92102505e-11 -1.10907643e-04 -3.94745730e-04  3.59464288e-02
  4.55732990e-04 -7.08572658e-12  9.03243396e-12  2.56473036e-05
 -3.55753838e-19  1.71846044e-17  9.98483570e-07  6.61049464e-24
 -2.38942748e-23 -9.42550289e-23 -2.41691835e-24  2.94036858e-25
  6.61034800e-24  9.93988842e-07  2.51735157e-28  2.50082750e-28
  1.92577986e-24 -2.53647180e-25 -2.38941382e-23  2.51736548e-28
  9.93988842e-07 -9.95818251e-28 -9.38673726e-13  2.01833689e-12
  2.57305527e-14 -2.04432222e-22  2.35878997e-22  3.48719761e-02]
18.281858444213867,base_link,4.866796122663218,-5.1119853521433765,-1.2942613673432579e-22,2.6224254895390888e-23,1.3391622830334655e-22,-0.9735553693249437,0.2284511826596058,[ 1.42240952e-03 -5.03893927e-04 -2.30995029e-05 -5.86357983e-04
  7.05074900e-04  1.89996135e-04 -1.25131264e-04  2.93148218e-04
  5.46621666e-04 -6.47029228e-05  7.77988991e-05  2.10033229e-05
 -2.73300474e-21 -5.28336801e-20  9.98924085e-07  2.70146272e-15
 -9.49303356e-15 -2.93474200e-24  1.49289557e-20  5.16160702e-21
  2.70146269e-15  9.97852785e-07  2.38033501e-20 -8.73503482e-24
 -2.73168125e-20 -9.87322779e-21 -9.49303354e-15  2.38234495e-20
  9.97852785e-07  3.97526837e-24  2.07913382e-18 -1.38259954e-18
 -1.45111386e-18 -5.53727866e-19  6.65801865e-19  9.99998932e-10],0.2600144499444517,0.07407374457408758,-1.8553114275844737e-21,3.3009458988136453e-26,-4.190320014521591e-26,0.13870856758698416,[ 6.06219674e-02 -6.79050572e-04 -8.66457494e-06  6.15049863e-11
 -7.13918123e-11 -1.20780386e-04 -3.70371155e-04  3.59340310e-02
  4.55614740e-04 -4.87836061e-12  5.01503230e-12  2.64304590e-05
  8.52115145e-19 -4.48317598e-17  9.98387860e-07  6.56827544e-24
 -2.30817921e-23 -1.09056148e-22 -3.23117427e-25  2.90805684e-26
  6.56812100e-24  9.93613018e-07  2.27516511e-28  6.73666229e-28
  2.80465926e-24 -1.99525011e-25 -2.30816051e-23  2.27516582e-28
  9.93613018e-07 -8.61991138e-28 -8.98526045e-13  1.95149105e-12
  2.48775148e-14 -4.96600632e-22  5.80038703e-22  3.48688025e-02]
18.31633234024048,base_link,4.859716053159109,-5.120513211007087,1.414060765437086e-22,-3.3626198153129725e-24,-8.358533552251295e-23,-0.9755336488320607,0.2198501762482935,[ 1.58424975e-03 -5.12422564e-04  1.99493844e-05 -5.80004731e-04
  6.92890651e-04  1.88670655e-04 -9.49304740e-05  3.43092372e-04
  6.76971566e-04 -3.96257188e-05  4.73424318e-05  1.29030008e-05
 -7.71594075e-21 -1.11808349e-19  9.99027781e-07  2.35780461e-15
 -8.01235531e-15 -3.22577630e-24  4.81749989e-21  9.39677176e-22
  2.35780458e-15  9.98059331e-07  1.94097874e-20 -5.91667273e-24
  1.25996151e-20  2.03817303e-21 -8.01235529e-15  1.94269831e-20
  9.98059331e-07  1.46281416e-24  1.93983408e-18 -1.32580527e-18
 -1.49145412e-18 -5.48535490e-19  6.55401418e-19  9.99999036e-10],0.2528111583858576,0.0754407523509361,-8.164148932982548e-21,-1.725350281066329e-27,-1.6295765064852884e-26,0.12118013154878077,[ 6.08145497e-02 -7.23814592e-04 -9.23502411e-06  3.75018943e-11
 -5.35823496e-11 -1.17309764e-04 -3.84657644e-04  3.59606743e-02
  4.56086982e-04 -6.10887885e-12  9.79345791e-12  2.91421414e-05
  1.79401578e-18 -8.86335276e-17  9.98543086e-07  5.73540511e-24
 -1.94909027e-23 -9.13750997e-23  2.06795153e-25 -3.31195362e-26
  5.73528744e-24  9.94222667e-07  1.85582140e-28  3.62616521e-29
  7.36707733e-25 -1.32478145e-25 -1.94907518e-23  1.85581579e-28
  9.94222667e-07  3.20277764e-28 -8.71526592e-13  1.90326574e-12
  2.42675309e-14 -4.05667415e-22  5.64301715e-22  3.48666548e-02]
18.367183208465576,base_link,4.83504037571501,-5.131699972685736,-1.3132863390029856e-22,-1.0318536404631713e-22,-7.074311803239598e-23,-0.9760916173643469,0.21735950522361203,[ 1.82330987e-03 -5.64019647e-04 -1.28806543e-05 -6.23484323e-04
  7.56541473e-04  1.81838331e-04 -1.11872534e-04  3.04612373e-04
  6.41433088e-04 -4.23065538e-05  5.13354837e-05  1.23515345e-05
  2.07059851e-20 -1.79200408e-19  9.99356071e-07  1.59563881e-15
 -5.42209400e-15  2.15663884e-25 -7.19978005e-21 -1.41613321e-21
  1.59563880e-15  9.98713798e-07  1.34212070e-20 -3.52039309e-24
  5.79158778e-20  1.14084750e-20 -5.42209398e-15  1.34058290e-20
  9.98713798e-07  8.76302648e-24  1.89917541e-18 -1.03076148e-18
 -1.08214396e-18 -4.67998888e-19  5.67878094e-19  9.99999365e-10],0.25618834496870085,0.07246461518646471,-6.159595535297276e-21,-2.0197193180015744e-26,2.0310762204117042e-26,0.10892821604992667,[ 6.10316948e-02 -8.27642158e-04 -1.05844687e-05  3.93316679e-11
 -4.80652445e-11 -1.12105981e-04 -4.65527177e-04  3.59678268e-02
  4.56461722e-04 -5.67020501e-12  6.98617310e-12  2.68215738e-05
 -7.94516905e-19  3.42065785e-17  9.99034728e-07  3.91557617e-24
 -1.33060177e-23  1.47785486e-23 -2.53324063e-24  3.67546073e-25
  3.91560441e-24  9.96161089e-07  1.30221271e-28  4.42744521e-28
  3.03730381e-24 -4.42670875e-25 -1.33060494e-23  1.30221165e-28
  9.96161089e-07 -4.43538641e-28 -8.31778873e-13  1.84081222e-12
  2.34843342e-14 -1.68023939e-23  2.43602436e-23  3.48683468e-02]
18.434930562973022,base_link,4.820552575775529,-5.137870213036161,-2.416074300152855e-22,1.2858363604681625e-22,8.327449044380687e-23,-0.9760713749568944,0.21745038742149314,[ 1.50227852e-03 -4.93900239e-04 -6.61807196e-06 -5.60052819e-04
  7.17306266e-04  1.57525110e-04 -1.10273933e-04  2.77084029e-04
  5.62744867e-04 -5.26254096e-05  6.74089644e-05  1.48290129e-05
 -1.02570396e-21 -9.10560418e-21  9.98789612e-07  2.76161266e-15
 -9.66525367e-15 -6.31878627e-24 -4.08693397e-20 -1.37907552e-20
  2.76161262e-15  9.97585059e-07  2.20233865e-20 -6.37158236e-24
 -4.65868121e-21 -1.42936810e-21 -9.66525358e-15  2.19929988e-20
  9.97585059e-07  1.67345963e-23  1.91679823e-18 -1.25009110e-18
 -1.47230059e-18 -4.50007428e-19  5.76429574e-19  9.99998796e-10],0.23772633177954042,0.06872151755715077,-4.25399751065064e-21,-1.399153011560235e-26,7.539551800076311e-27,0.09796985635557444,[ 6.07357584e-02 -6.95468858e-04 -8.87406491e-06  4.91746659e-11
 -7.00435792e-11 -9.96850819e-05 -3.84429470e-04  3.59063148e-02
  4.55392392e-04 -3.34094239e-12  6.31549871e-12  2.14745731e-05
  5.37018889e-19 -2.75387352e-17  9.98186609e-07  6.66110507e-24
 -2.33135855e-23 -7.32724490e-23  1.86761873e-24 -1.28035280e-25
  6.66095006e-24  9.92824127e-07  2.07608799e-28 -4.90082369e-28
 -8.53030007e-25  7.75481824e-26 -2.33134031e-23  2.07609573e-28
  9.92824127e-07  2.59911791e-28 -7.83165145e-13  1.76742301e-12
  2.25309254e-14 -5.45802463e-22  7.30271237e-22  3.48646253e-02]
18.470303297042847,base_link,4.817513490719161,-5.140322563381494,8.784376866269568e-23,-2.3907260980215404e-23,7.530102509663072e-23,-0.9762467535226712,0.21666166305196902,[ 1.66518055e-03 -4.87544567e-04  3.14311676e-06 -5.45290134e-04
  7.22523132e-04  1.54590213e-04 -9.62994382e-05  2.87869083e-04
  6.01376405e-04 -4.02698289e-05  5.33619430e-05  1.14298925e-05
  4.84396967e-21  7.07272511e-20  9.99111737e-07  1.98016814e-15
 -6.79243898e-15  5.98897778e-26 -3.73223892e-20 -7.80858498e-21
  1.98016812e-15  9.98226620e-07  1.51194159e-20 -4.87456871e-24
  1.99052743e-20  3.79841337e-21 -6.79243898e-15  1.51436689e-20
  9.98226620e-07 -4.30028548e-25  1.70548047e-18 -1.03030728e-18
 -1.21898299e-18 -4.22082342e-19  5.59312668e-19  9.99999120e-10],0.22423767884088097,0.06767485763654295,-5.723748817322882e-21,-9.875158193550399e-27,9.068760187333769e-27,0.09171093345719698,[ 6.09235917e-02 -7.39362091e-04 -9.43890079e-06  4.07939104e-11
 -5.85074691e-11 -9.68857910e-05 -4.22491692e-04  3.59160304e-02
  4.55799068e-04 -5.68718155e-12  8.80303655e-12  2.22184169e-05
  9.91028548e-19 -4.78675259e-17  9.98668786e-07  4.82019696e-24
 -1.65348922e-23 -5.79575224e-23  8.91804098e-25 -1.24400209e-25
  4.82011044e-24  9.94717181e-07  1.44765201e-28 -1.77857331e-28
 -7.88406521e-25  1.19553448e-25 -1.65347823e-23  1.44765314e-28
  9.94717181e-07  1.61306546e-28 -7.58807784e-13  1.72003384e-12
  2.19383505e-14 -3.64843347e-22  5.22257684e-22  3.48628005e-02]
18.53245735168457,base_link,4.8223354462352805,-5.1422139739714545,3.4477704440984805e-22,3.395868490868671e-22,2.2562154332624663e-22,-0.976325725095537,0.21630552123483607,[ 1.71217849e-03 -5.69978212e-04 -4.29147946e-05 -6.49234773e-04
  7.65566099e-04  1.99071556e-04 -1.43319397e-04  3.15963092e-04
  5.81701044e-04 -6.50705496e-05  7.67291175e-05  1.99891174e-05
  2.40874994e-21  3.68459332e-20  9.98897593e-07  2.46287787e-15
 -7.31869989e-15  1.65496965e-24 -2.51992302e-20 -9.10560418e-21
  2.46287785e-15  9.97800033e-07  1.63244006e-20 -6.85339809e-24
  2.72109334e-20  9.95263713e-21 -7.31869985e-15  1.62929337e-20
  9.97800033e-07  1.77553516e-23  1.55708846e-18 -1.02079281e-18
 -1.11041085e-18 -3.92367362e-19  4.62666701e-19  9.99998905e-10],0.19157338297675156,0.06728295880248969,-4.096517294959412e-21,-1.685667808814221e-27,-4.823993946766592e-26,0.08262542573011288,[ 6.09058447e-02 -7.83583149e-04 -1.00152033e-05  5.74763476e-11
 -6.70481562e-11 -1.25129001e-04 -4.42457385e-04  3.59511375e-02
  4.56176804e-04 -3.08771231e-12  3.42095919e-12  2.61928386e-05
  1.77199293e-18 -8.07188517e-17  9.98348209e-07  6.01058406e-24
 -1.78614031e-23  1.68054005e-23 -5.88073717e-25  3.06961555e-26
  6.01061322e-24  9.93457538e-07  1.57121958e-28 -2.26422479e-29
 -9.56427583e-25  4.64481301e-26 -1.78614520e-23  1.57123216e-28
  9.93457538e-07 -6.56685283e-28 -7.14874178e-13  1.64617799e-12
  2.09909437e-14  3.07664873e-23 -4.32600504e-23  3.48631063e-02]
18.57288384437561,base_link,4.824478624931256,-5.143185498054855,2.534934229452843e-23,4.858181171116575e-23,4.354678981528206e-23,-0.9763407423938717,0.21623772737841893,[ 1.79406477e-03 -6.24023945e-04 -1.38930995e-05 -7.15751180e-04
  8.75977063e-04  2.15443406e-04 -1.31061592e-04  3.52919302e-04
  6.02387057e-04 -6.12020380e-05  7.49072327e-05  1.84402295e-05
  8.33136313e-21 -1.04237992e-19  9.99302477e-07  1.54811778e-15
 -4.18638321e-15 -1.95198215e-24 -1.18266975e-19 -2.64300749e-20
  1.54811776e-15  9.98606895e-07  9.28214885e-21 -2.30146333e-24
  1.39654557e-19  2.86270666e-20 -4.18638319e-15  9.27804688e-21
  9.98606895e-07  4.05342675e-24  1.44236264e-18 -8.68285427e-19
 -7.20196808e-19 -4.39840111e-19  5.38340820e-19  9.99999311e-10],0.17365220993982236,0.06659686824837621,-4.977941812354512e-21,-6.143017790920449e-27,1.1428363387569524e-26,0.07738935165927258,[ 6.09816499e-02 -8.32837075e-04 -1.06514576e-05  5.15642858e-11
 -6.73293541e-11 -1.34081159e-04 -4.39701602e-04  3.59774828e-02
  4.56846317e-04 -6.80159442e-12  9.58726968e-12  2.94010272e-05
  1.91937666e-18 -8.22909449e-17  9.98954443e-07  3.77901183e-24
 -1.02193275e-23 -1.02779810e-22 -9.95201674e-25  1.31670351e-25
  3.77890307e-24  9.95843749e-07  8.92236646e-29 -1.30114559e-28
 -1.56388835e-24  2.22951024e-25 -1.02191932e-23  8.92235716e-29
  9.95843749e-07  2.36682846e-28 -6.90554981e-13  1.59505222e-12
  2.03520621e-14 -4.13512324e-22  5.35183238e-22  3.48625437e-02]
18.627876043319702,base_link,4.825082030821292,-5.143550381179312,1.3291902843118666e-22,-1.5310529892327218e-23,7.673665435926921e-23,-0.9765688747765467,0.21520509477628394,[ 1.66399649e-03 -5.58737054e-04 -7.50429467e-06 -6.38793228e-04
  8.13151142e-04  1.93627332e-04 -1.10763322e-04  3.22503543e-04
  5.67570780e-04 -5.36435387e-05  6.82947166e-05  1.62823033e-05
 -5.28982002e-22  6.63862072e-20  9.99140111e-07  1.87093642e-15
 -4.53138006e-15 -1.54153958e-24 -1.57230491e-20 -3.94399716e-21
  1.87093640e-15  9.98283171e-07  9.83561126e-21 -5.66511702e-24
  5.61159328e-21  1.21760986e-21 -4.53138006e-15  9.85901948e-21
  9.98283171e-07  1.04414305e-25  1.36030762e-18 -7.93765036e-19
 -6.77326351e-19 -4.08415362e-19  5.19972684e-19  9.99999148e-10],0.1534337228228376,0.06441793460635742,-3.014900434691101e-21,6.602991752677738e-27,-8.34361984081592e-27,0.06973856938401196,[ 6.08805350e-02 -7.64973462e-04 -9.77718107e-06  5.16747693e-11
 -7.39552737e-11 -1.21000329e-04 -4.06732783e-04  3.59352827e-02
  4.56279071e-04 -5.95448462e-12  1.00314834e-11  2.65513995e-05
  5.92923063e-19 -2.77555756e-17  9.98711273e-07  4.55687930e-24
 -1.10367690e-23 -1.27277548e-22  1.57681304e-24 -1.80945759e-25
  4.55672055e-24  9.94884503e-07  9.43430555e-29  1.38794266e-28
  8.14255915e-25 -1.11475512e-25 -1.10365727e-23  9.43430565e-29
  9.94884503e-07 -1.69551081e-28 -6.58105189e-13  1.52681340e-12
  1.94776198e-14 -3.80121454e-22  5.40216851e-22  3.48602646e-02]
18.674015760421753,base_link,4.8266147162835304,-5.145525408705148,-7.955956644814836e-23,-1.4190186314195005e-23,-4.0964688166574823e-23,-0.9764023167291727,0.21595952372123878,[ 1.65237367e-03 -5.40537665e-04 -3.29888137e-05 -6.13091960e-04
  7.91707784e-04  1.95126904e-04 -1.31803383e-04  3.07797884e-04
  5.77942159e-04 -5.39699927e-05  6.96924156e-05  1.72034665e-05
 -2.08449514e-22 -4.49986253e-21  9.99068393e-07  1.99905897e-15
 -4.42027499e-15 -1.03323523e-24 -2.27640105e-20 -6.37921688e-21
  1.99905898e-15  9.98140249e-07  9.49714735e-21  2.96892035e-24
  2.00111534e-20  5.71747239e-21 -4.42027499e-15  9.49087309e-21
  9.98140249e-07 -1.83264122e-24  1.24908145e-18 -6.89120969e-19
 -6.27136702e-19 -3.49178444e-19  4.50899413e-19  9.99999076e-10],0.13800653428545198,0.06400958898249516,-4.359987539085147e-21,3.5177027131995383e-28,9.908528497873415e-27,0.06564828173935858,[ 6.08619594e-02 -7.47924671e-04 -9.56797817e-06  5.24680339e-11
 -6.69430366e-11 -1.21705898e-04 -4.21934761e-04  3.59284282e-02
  4.56190632e-04 -5.15818923e-12  6.41437343e-12  2.62672150e-05
  5.92923063e-20 -2.81892565e-18  9.98603889e-07  4.88981479e-24
 -1.08123217e-23 -4.84116522e-23  4.97600837e-25 -4.92754076e-26
  4.88975071e-24  9.94461845e-07  9.14730761e-29  8.42169979e-30
  2.72711108e-24 -2.58493941e-25 -1.08122334e-23  9.14727064e-29
  9.94461845e-07  2.33502752e-28 -6.33455744e-13  1.47176021e-12
  1.87738660e-14  1.07979237e-23 -2.14602540e-23  3.48614790e-02]
18.729243993759155,base_link,4.829507112062714,-5.148151108603491,-2.4235474875938047e-22,-5.087937326107535e-24,-3.972998145535164e-23,-0.9765823928051139,0.2151437427931339,[ 1.56135019e-03 -5.18823239e-04 -2.14175357e-05 -6.02302830e-04
  7.82568239e-04  1.96931636e-04 -1.30802051e-04  3.14934872e-04
  5.68487834e-04 -5.86810307e-05  7.62456524e-05  1.92117101e-05
 -1.25202058e-20 -1.69671287e-19  9.99093820e-07  1.93730569e-15
 -3.76348311e-15 -5.52792802e-24 -5.18807680e-20 -1.34466480e-20
  1.93730569e-15  9.98190915e-07  8.05979865e-21  3.50175986e-24
  5.03984604e-20  1.27319640e-20 -3.76348309e-15  8.04975192e-21
  9.98190915e-07 -1.25889997e-24  1.17820156e-18 -6.32143599e-19
 -5.15444069e-19 -3.55646717e-19  4.62102295e-19  9.99999102e-10],0.12058309271909018,0.06398654496607696,-4.179110191490361e-21,9.186523608137982e-27,6.378835265516881e-27,0.059208109844796276,[ 6.07812164e-02 -7.08867796e-04 -9.06232528e-06  5.65452889e-11
 -7.48553276e-11 -1.23947204e-04 -3.96656804e-04  3.59169245e-02
  4.56146536e-04 -6.12898211e-12  8.38145907e-12  2.59093139e-05
  1.01135734e-18 -5.09575021e-17  9.98641959e-07  4.72047235e-24
 -9.17020731e-24 -1.30613161e-22  1.55742600e-24 -1.68021062e-25
  4.72032168e-24  9.94611592e-07  7.70559967e-29  2.45197669e-28
 -1.08567455e-24  1.22784622e-25 -9.16999790e-24  7.70553156e-29
  9.94611592e-07  1.77578521e-28 -6.05812655e-13  1.40357517e-12
  1.79055197e-14 -3.13758826e-22  4.17746425e-22  3.48592607e-02]
18.775968313217163,base_link,4.830779884589864,-5.148582152827844,-6.737436140401384e-23,5.818751087076928e-24,5.432980760979174e-23,-0.9764683817177563,0.21566061185461316,[ 1.68900794e-03 -5.45629009e-04 -1.89598985e-05 -6.04972981e-04
  8.48097038e-04  1.86891108e-04 -1.13184498e-04  3.05264011e-04
  6.08105374e-04 -4.16409415e-05  5.83762830e-05  1.28769081e-05
  7.18654516e-21 -5.34160152e-20  9.99375801e-07  1.28965111e-15
 -2.33490920e-15 -2.70296283e-24 -2.60992027e-20 -5.12190235e-21
  1.28965109e-15  9.98753157e-07  4.79994668e-21 -5.33881512e-24
  5.10866746e-20  9.83352312e-21 -2.33490919e-15  4.81833276e-21
  9.98753157e-07  1.79678152e-24  1.03137894e-18 -4.82790698e-19
 -3.49744841e-19 -3.09234998e-19  4.33516625e-19  9.99999385e-10],0.10774700997261616,0.06255745578098487,-5.69721295234951e-21,6.075681282945135e-27,-7.819474037660048e-27,0.05554885360969323,[ 6.09105708e-02 -7.66985118e-04 -9.82107682e-06  3.84304951e-11
 -5.47207351e-11 -1.15312623e-04 -4.21312638e-04  3.59236002e-02
  4.56484166e-04 -5.65207749e-12  8.17980992e-12  2.63961082e-05
 -1.52296524e-18  7.07441918e-17  9.99064284e-07  3.15889065e-24
 -5.71923368e-24 -8.67917169e-23 -3.26994836e-24  4.81444966e-25
  3.15881509e-24  9.96277969e-07  4.65980681e-29  1.80961642e-28
  4.81444966e-24 -7.20551862e-25 -5.71912710e-24  4.65980485e-29
  9.96277969e-07 -2.34089545e-28 -5.83906784e-13  1.34625297e-12
  1.71819609e-14 -1.98446768e-22  2.85161782e-22  3.48603798e-02]
18.831830263137817,base_link,4.829393261934492,-5.142570256378882,3.3526334096336906e-22,3.944233444051888e-24,8.190661322303802e-24,-0.97624882896362,0.21665231119736658,[ 1.75818018e-03 -6.20235871e-04 -2.76867487e-05 -7.22159710e-04
  8.38462105e-04  2.07794367e-04 -1.51568718e-04  3.40347706e-04
  6.06471451e-04 -8.37505206e-05  9.72360220e-05  2.41225457e-05
  1.85288457e-22 -3.49401091e-21  9.99278474e-07  1.40122528e-15
 -2.33185553e-15  2.54457466e-24 -2.93285158e-20 -8.41738991e-21
  1.40122528e-15  9.98559025e-07  4.52559514e-21 -7.33589828e-25
  1.73641754e-20  5.10866746e-21 -2.33185554e-15  4.52667865e-21
  9.98559025e-07  5.39495586e-25  1.00431035e-18 -5.04832139e-19
 -3.27981435e-19 -3.42978870e-19  3.98203750e-19  9.99999287e-10],0.09384983950311587,0.055992482292347046,-2.315565703320964e-21,4.825126949409201e-27,-4.125660375494992e-27,0.05195074884523107,[ 6.09342834e-02 -8.20741057e-04 -1.05035612e-05  5.91476691e-11
 -6.71663373e-11 -1.31243021e-04 -4.46389429e-04  3.59625220e-02
  4.56994447e-04 -5.62964168e-12  6.06966258e-12  2.58763799e-05
  1.42640348e-18 -6.21247845e-17  9.98918490e-07  3.41397024e-24
 -5.68146332e-24 -3.38187605e-23  4.56241807e-24 -4.32977352e-25
  3.41394109e-24  9.95701737e-07  4.33444794e-29  1.43224881e-28
  2.97268033e-24 -2.68187464e-25 -5.68142782e-24  4.33444183e-29
  9.95701737e-07 -1.16323430e-28 -5.59738399e-13  1.28059369e-12
  1.63420615e-14 -4.22103952e-22  4.80459913e-22  3.48587526e-02]
18.86821222305298,base_link,4.829395266552618,-5.147552983414249,-3.01786921202696e-23,-6.165042299517545e-25,1.292601558619802e-24,-0.9765373138054527,0.21534826385562256,[ 1.70620982e-03 -6.30594521e-04 -3.28970063e-05 -7.25162703e-04
  8.58803289e-04  2.04852487e-04 -1.47045226e-04  3.35020588e-04
  5.76155791e-04 -7.93537908e-05  9.39780846e-05  2.24521718e-05
 -1.82641479e-21 -3.30342849e-20  9.98986506e-07  1.93094711e-15
 -3.01129197e-15  3.37807273e-25 -3.13931586e-20 -1.16731728e-20
  1.93094711e-15  9.97977108e-07  5.72401683e-21 -3.16329573e-24
  2.30816478e-20  8.57620859e-21 -3.01129197e-15  5.73990209e-21
  9.97977108e-07 -7.52010877e-25  9.72213705e-19 -5.01444427e-19
 -3.01933881e-19 -3.49443187e-19  4.13843065e-19  9.99998994e-10],0.08911110871476977,0.057688671294104606,-4.370818687184726e-21,-1.0968133652320045e-28,9.655105669656269e-28,0.0475185320235075,[ 6.08702239e-02 -8.12579878e-04 -1.03919245e-05  6.00254709e-11
 -7.12045195e-11 -1.29058329e-04 -4.27246094e-04  3.59549522e-02
  4.56751946e-04 -2.91192803e-12  3.48306110e-12  2.59313444e-05
  3.93023288e-19 -1.72388145e-17  9.98481296e-07  4.70208330e-24
 -7.33290005e-24 -3.90760167e-23 -1.42171668e-25  7.27014210e-27
  4.70202088e-24  9.93979871e-07  5.49026803e-29 -6.04490765e-29
  9.04728795e-25 -4.16013687e-26 -7.33280827e-24  5.49015980e-29
  9.93979871e-07  6.55466674e-28 -5.42731441e-13  1.23782234e-12
  1.57896274e-14 -2.00135081e-22  2.37943739e-22  3.48573620e-02]
18.919124841690063,base_link,4.83090774166043,-5.148817597242345,-2.6086808591684917e-23,3.152740578041764e-23,4.0331613479418585e-24,-0.9764620736850864,0.21568917138934202,[ 1.99675595e-03 -6.96547053e-04 -6.76057644e-05 -7.92101341e-04
  9.08185024e-04  2.32278670e-04 -1.81471274e-04  3.72129020e-04
  6.50373907e-04 -8.77586462e-05  1.00616990e-04  2.57592979e-05
 -1.90582413e-21  9.89969757e-21  9.99372418e-07  1.18874763e-15
 -1.73204959e-15  8.88747053e-25 -7.57035697e-21 -2.32934060e-21
  1.18874763e-15  9.98746409e-07  3.28224615e-21  3.68736378e-25
  1.75229941e-20  5.63806306e-21 -1.73204958e-15  3.26708670e-21
  9.98746409e-07  4.02870184e-24  9.19768748e-19 -4.23913717e-19
 -2.41692812e-19 -3.03912595e-19  3.48439706e-19  9.99999381e-10],0.0787155750360123,0.05688071173156109,-3.9860445610933295e-21,1.2182512800039456e-26,-2.0267468257072952e-26,0.04422237539483281,[ 6.11368316e-02 -9.17755067e-04 -1.17603922e-05  5.18064198e-11
 -5.75421688e-11 -1.44939371e-04 -5.11812046e-04  3.60094905e-02
  4.57769034e-04 -4.17675612e-12  4.21267096e-12  2.88595602e-05
  9.16489649e-19 -3.56160414e-17  9.99059217e-07  2.91724136e-24
 -4.25058389e-24  2.65597003e-23 -2.99206737e-24  2.42338070e-25
  2.91728530e-24  9.96257938e-07  3.17992496e-29  4.49454286e-28
  7.16674453e-24 -5.26681406e-25 -4.25064415e-24  3.17994989e-29
  9.96257938e-07 -7.46606535e-28 -5.22942258e-13  1.18054524e-12
  1.50677794e-14 -6.46382593e-23  5.67686975e-23  3.48596309e-02]
18.986048698425293,base_link,4.832298632335294,-5.146700258940731,-1.8731292648978448e-22,1.6230422127444083e-23,-5.571498885274045e-25,-0.9764658219483489,0.2156722016550477,[ 1.81485817e-03 -6.54305280e-04 -5.56108649e-05 -7.47676863e-04
  9.05325903e-04  2.25242158e-04 -1.78758710e-04  3.34033990e-04
  6.57581543e-04 -8.15236475e-05  9.87133198e-05  2.45833652e-05
 -1.56171700e-21  9.37030198e-21  9.99378947e-07  1.12687762e-15
 -1.40909936e-15  2.79911516e-25  2.14934610e-20  6.03510975e-21
  1.12687762e-15  9.98759434e-07  2.55968801e-21  7.28367315e-25
  5.08219768e-21  1.37642854e-21 -1.40909936e-15  2.54764473e-21
  9.98759434e-07  2.75058148e-24  7.13392794e-19 -3.23756486e-19
 -1.79011527e-19 -2.76446765e-19  3.34737085e-19  9.99999388e-10],0.06564413718208585,0.05332880585636415,-4.9980783143460494e-21,8.842200279426113e-27,-8.237367586071427e-27,0.039726077287562854,[ 6.09565922e-02 -8.48463736e-04 -1.08784234e-05  5.53603858e-11
 -6.71756069e-11 -1.40614609e-04 -4.72994521e-04  3.59728932e-02
  4.57378124e-04 -5.42119919e-12  6.61075626e-12  2.82017383e-05
  1.09097844e-18 -4.58617519e-17  9.99068998e-07  2.76494050e-24
 -3.45744423e-24  4.46793067e-23 -1.14383569e-24  1.14706687e-25
  2.76499495e-24  9.96296625e-07  2.47740046e-29  4.56586970e-28
  2.32644547e-24 -2.30221167e-25 -3.45750729e-24  2.47738634e-29
  9.96296625e-07 -4.16372842e-28 -4.97490666e-13  1.10674317e-12
  1.41258993e-14 -1.31799136e-22  1.60780147e-22  3.48607128e-02]
19.032386302947998,base_link,4.83209147146609,-5.15065722678989,2.2762324824460426e-22,-1.9703692304150586e-23,-1.2599191188379154e-23,-0.97658760638529,0.21512007589867113,[ 1.40177397e-03 -4.64598095e-04 -1.51301780e-05 -5.40272241e-04
  7.18779594e-04  1.82591861e-04 -1.16277923e-04  2.89184662e-04
  5.43481734e-04 -5.34670141e-05  7.11295285e-05  1.81025159e-05
  6.22039821e-21  3.49401091e-20  9.98825137e-07  2.04238680e-15
 -2.41154250e-15 -2.36096207e-24 -1.18584613e-20 -3.33519223e-21
  2.04238679e-15  9.97655772e-07  4.18497443e-21 -1.85555767e-24
 -4.23516474e-21 -1.27054942e-21 -2.41154247e-15  4.16687457e-21
  9.97655772e-07  8.60043252e-24  7.60459837e-19 -3.29864802e-19
 -1.73846806e-19 -2.67036660e-19  3.55246930e-19  9.99998832e-10],0.06143271350050728,0.05406474235949415,-3.8507660749734086e-21,-1.4207499553410045e-27,1.2425920645843815e-27,0.03626109338847793,[ 6.06387496e-02 -6.32910058e-04 -8.09413411e-06  6.25324859e-11
 -8.09057052e-11 -1.15147299e-04 -3.53424810e-04  3.58751416e-02
  4.55818193e-04 -5.92120215e-12  7.18739697e-12  2.38362489e-05
  7.25060203e-19 -4.08744219e-17  9.98239770e-07  4.93154117e-24
 -5.82295405e-24  2.58666702e-24 -1.29246971e-26  1.61558713e-27
  4.93155145e-24  9.93032316e-07  3.95389726e-29  9.27160375e-29
 -7.36707733e-25  6.54312789e-26 -5.82296590e-24  3.95390009e-29
  9.93032316e-07 -1.44767096e-28 -4.78804659e-13  1.05589842e-12
  1.34658066e-14 -4.11603186e-22  5.34683904e-22  3.48575701e-02]
19.073094844818115,base_link,4.834022695810033,-5.150539147773187,-7.557775659392538e-23,-2.0294236329480304e-24,1.9766242288877112e-23,-0.9764626388648292,0.21568661270726616,[ 1.65347688e-03 -5.30980644e-04 -2.87080259e-05 -6.00066136e-04
  7.05373527e-04  1.68950011e-04 -1.31831948e-04  2.86648683e-04
  5.79187811e-04 -5.99764597e-05  7.04987960e-05  1.69050279e-05
 -3.67268192e-22  2.90638180e-20  9.99221645e-07  1.38155733e-15
 -1.46893599e-15 -1.93391349e-24 -3.03343674e-20 -8.06004789e-21
  1.38155731e-15  9.98445706e-07  2.59691060e-21 -2.49871159e-24
  5.98217019e-21  1.69406589e-21 -1.46893598e-15  2.60633205e-21
  9.98445706e-07  2.79950166e-25  7.42702001e-19 -2.87472108e-19
 -1.22801797e-19 -2.53054506e-19  2.97446429e-19  9.99999230e-10],0.05415383547280091,0.05301640804612527,-3.56818813165155e-21,7.568373211299568e-27,2.800481898260097e-27,0.034645496043364456,[ 6.08702466e-02 -7.51683488e-04 -9.62232604e-06  4.75338582e-11
 -5.33648153e-11 -1.06435125e-04 -4.31236811e-04  3.59078646e-02
  4.56567792e-04 -4.98011543e-12  5.10592025e-12  2.20121599e-05
  1.23836217e-18 -5.87095476e-17  9.98833374e-07  3.37487471e-24
 -3.58836155e-24 -5.16906220e-23  1.69959766e-24 -1.76906791e-25
  3.37482986e-24  9.95365829e-07  2.50754319e-29  2.77097354e-28
 -1.09859925e-24  1.05820957e-25 -3.58828525e-24  2.50748301e-29
  9.95365829e-07  9.75881773e-29 -4.64101495e-13  1.01275585e-12
  1.29232688e-14 -1.66900786e-22  1.74402991e-22  3.48570294e-02]
19.12966299057007,base_link,4.83602607689307,-5.149110040027413,8.544749231787926e-23,7.228939379839228e-23,1.1247887611445905e-22,-0.9764446866878764,0.21576787026574365,[ 1.48956542e-03 -5.10764017e-04 -5.82062173e-05 -5.74237318e-04
  8.55983646e-04  2.21222148e-04 -1.22905978e-04  3.36721472e-04
  5.27207803e-04 -5.04682153e-05  7.52476301e-05  1.94899439e-05
  2.01832069e-21 -2.55698071e-20  9.98757165e-07  2.12168467e-15
 -1.90397177e-15 -3.04493710e-25  2.00640929e-20  9.47618110e-21
  2.12168462e-15  9.97520488e-07  3.14975148e-21 -2.60787599e-23
 -1.05879118e-21 -4.49986253e-22 -1.90397172e-15  3.18061390e-21
  9.97520488e-07  2.69563795e-23  6.55281780e-19 -2.36007553e-19
 -5.05365335e-20 -2.51048052e-19  3.74339860e-19  9.99998764e-10],0.04507148213808716,0.0506343624497346,-2.6673727306273905e-21,-2.074103228514944e-27,1.9438632464259622e-26,0.03174333768420155,[ 6.07138477e-02 -6.72013499e-04 -8.59883051e-06  4.28994178e-11
 -7.94241664e-11 -1.38208524e-04 -3.62437218e-04  3.59070897e-02
  4.56315747e-04 -2.33172004e-13  4.95009692e-12  2.96776774e-05
  3.04931861e-20 -1.62630326e-18  9.98138059e-07  5.15830966e-24
 -4.62912202e-24 -1.13750601e-22 -1.40232963e-24  6.10893885e-27
  5.15812896e-24  9.92634310e-07  3.10336832e-29 -1.74313177e-28
 -9.04728795e-26  9.69352280e-27 -4.62885126e-24  3.10313317e-29
  9.92634310e-07  1.60636260e-27 -4.42822591e-13  9.54774454e-13
  1.21747655e-14  3.18864700e-23  6.87553670e-23  3.48559216e-02]
19.174467086791992,base_link,4.835722314537431,-5.1514990545562735,-1.3654186622025434e-22,9.592166192731259e-24,2.3256486175815338e-23,-0.9765246559558719,0.21540565524207117,[ 1.61730102e-03 -5.09581252e-04 -6.59479601e-06 -5.77009522e-04
  8.43958332e-04  2.06772853e-04 -1.00029123e-04  3.38550126e-04
  5.81027322e-04 -3.65495937e-05  5.34591424e-05  1.31120298e-05
  1.43763990e-21 -6.29980755e-20  9.99261533e-07  1.24425597e-15
 -1.08893518e-15 -3.46199302e-24  3.17637355e-20  5.54541883e-21
  1.24425595e-15  9.98525242e-07  1.81493447e-21 -4.86737773e-24
 -7.00919764e-20 -1.21496288e-20 -1.08893516e-15  1.82538726e-21
  9.98525242e-07  3.36751206e-24  6.23540249e-19 -2.24132193e-19
 -4.83444343e-20 -2.15389998e-19  3.15039850e-19  9.99999270e-10],0.04222755522360061,0.05047140138262916,-3.595482061303706e-21,1.0814039963070238e-26,9.777064260605386e-28,0.02916754980361882,[ 6.08654404e-02 -7.11773522e-04 -9.11991837e-06  4.18960716e-11
 -6.14823807e-11 -1.27163997e-04 -3.85035761e-04  3.59129310e-02
  4.56794299e-04 -6.65056324e-12  9.78757990e-12  2.94591948e-05
  1.20278679e-18 -6.02274307e-17  9.98893115e-07  3.04591342e-24
 -2.66575158e-24 -7.97258550e-23 -1.68021062e-25  2.82727748e-26
  3.04585242e-24  9.95601592e-07  1.77105218e-29  7.40515620e-28
  1.66728592e-24 -2.64956290e-25 -2.66564046e-24  1.77093141e-29
  9.95601592e-07  6.66857073e-29 -4.27514930e-13  9.10242368e-13
  1.16153690e-14 -1.13004873e-22  1.67013207e-22  3.48564189e-02]
19.236628532409668,base_link,4.8363558455587015,-5.1516445702026425,-8.038426292887964e-23,1.3190278257921583e-23,1.818280663686807e-23,-0.976525288285726,0.21540278860423223,[ 1.65620836e-03 -5.62505185e-04 -4.42387983e-05 -6.39537751e-04
  8.14621838e-04  1.98915713e-04 -1.44567486e-04  3.11773652e-04
  5.77743040e-04 -6.32541361e-05  8.05670574e-05  1.96994210e-05
  1.33341515e-21 -6.20451634e-20  9.99185859e-07  1.35240547e-15
 -1.06026611e-15 -9.71765216e-25 -1.43995601e-20 -4.18222518e-21
  1.35240546e-15  9.98374363e-07  1.75466451e-21 -1.61312540e-24
  4.57397792e-20  1.40289832e-20 -1.06026610e-15  1.75545200e-21
  9.98374363e-07  1.80921896e-24  6.10903087e-19 -2.08527825e-19
 -2.86039693e-20 -2.32439596e-19  2.96054946e-19  9.99999194e-10],0.03607369088121705,0.04856925538281879,-2.816788842032255e-21,1.0756788241677934e-26,-2.6716083694719026e-26,0.02645889361396191,[ 6.08521959e-02 -7.58214854e-04 -9.71754769e-06  5.21761453e-11
 -6.35878188e-11 -1.24456885e-04 -4.25516628e-04  3.59221101e-02
  4.56936324e-04 -4.73516285e-12  5.14752382e-12  2.56701292e-05
  2.09217138e-18 -9.84455573e-17  9.98779780e-07  3.31142846e-24
 -2.59614564e-24 -3.71748256e-23 -2.64310055e-24  2.40722483e-25
  3.31139622e-24  9.95154512e-07  1.70111947e-29  3.38549440e-28
  2.99852972e-24 -2.44761451e-25 -2.59611697e-24  1.70117350e-29
  9.95154512e-07 -8.37438971e-28 -4.09040071e-13  8.52087498e-13
  1.08715916e-14  5.59512990e-25 -2.37698232e-23  3.48564668e-02]
19.27937960624695,base_link,4.839122514697091,-5.1511233688399605,-4.4692590255056757e-23,-4.23459471479978e-24,6.592769825522458e-24,-0.9765432696992435,0.21532125395582896,[ 1.77128555e-03 -5.69968142e-04  6.09163750e-06 -6.45118913e-04
  8.52525516e-04  1.93298517e-04 -1.09504916e-04  3.21998323e-04
  6.25397718e-04 -4.49847194e-05  5.94470243e-05  1.34887651e-05
  1.65436123e-20 -1.19961041e-19  9.99438595e-07  9.01882299e-16
 -6.08374748e-16  1.39028289e-24  6.91920039e-20  1.04423281e-20
  9.01882301e-16  9.98878447e-07  9.72891295e-22 -1.00967837e-24
 -3.19754938e-20 -4.85720456e-21 -6.08374755e-16  9.78679005e-22
  9.98878447e-07 -4.01514987e-25  5.60694543e-19 -1.80722456e-19
 -2.41294752e-21 -1.98024466e-19  2.61687763e-19  9.99999448e-10],0.0297969005800847,0.04759628515225869,-4.324283530093321e-21,1.4189280368685115e-27,8.689452988140368e-28,0.024623436062864285,[ 6.09928407e-02 -7.98094086e-04 -1.02421558e-05  4.58824375e-11
 -6.03242470e-11 -1.18920908e-04 -4.32121567e-04  3.59315276e-02
  4.57276037e-04 -8.00892614e-12  1.04899604e-11  2.70179774e-05
 -2.41234983e-18  1.07715486e-16  9.99158363e-07  2.19816566e-24
 -1.48279651e-24  3.87793214e-23 -1.80299524e-24  3.15039491e-25
  2.19820038e-24  9.96650289e-07  9.35696798e-30  5.30687017e-29
 -1.20199683e-24  2.10026327e-25 -1.48283803e-24  9.35686812e-30
  9.96650289e-07  4.17531295e-29 -3.95584038e-13  8.13481227e-13
  1.03824518e-14 -3.14440167e-22  4.14091984e-22  3.48580127e-02]
19.334919691085815,base_link,4.8352592802080245,-5.152446464810016,-5.651812399804471e-23,2.5565839817276665e-25,2.0929928739665975e-25,-0.9766257078266846,0.214947032573207,[ 1.62845457e-03 -5.49292643e-04 -1.48677090e-05 -6.38336395e-04
  7.47664847e-04  1.83865676e-04 -1.25878563e-04  2.96284992e-04
  5.38836486e-04 -6.49934006e-05  7.61150353e-05  1.87437857e-05
 -4.11108764e-22 -4.67456308e-20  9.99168412e-07  1.28635789e-15
 -8.42626661e-16 -1.93135879e-24 -2.80579664e-20 -7.17331027e-21
  1.28635788e-15  9.98339583e-07  1.30422577e-21  1.94093081e-25
  7.45388994e-20  2.17316891e-20 -8.42626656e-16  1.30775679e-21
  9.98339583e-07 -1.24587722e-24  5.52634831e-19 -1.82558667e-19
  8.52682450e-21 -2.19693660e-19  2.57282203e-19  9.99999177e-10],0.030839017688776598,0.045523650582122696,-2.615351601335809e-21,2.9208669222683045e-28,-1.3093953836186838e-28,0.022101299114222307,[ 6.08354397e-02 -7.50049017e-04 -9.61104218e-06  6.18117979e-11
 -6.60231328e-11 -1.15520593e-04 -4.12055291e-04  3.59079242e-02
  4.56867349e-04 -6.88507674e-12  6.04859868e-12  2.36732980e-05
  2.11758237e-19 -1.00830802e-17  9.98753653e-07  3.13448863e-24
 -2.05327690e-24 -3.46068230e-23  3.07607790e-24 -3.42504472e-25
  3.13444302e-24  9.95051483e-07  1.24815090e-29 -1.28976368e-28
 -3.20532487e-24  2.92421271e-25 -2.05322547e-24  1.24817038e-29
  9.95051483e-07  9.56129929e-30 -3.79788540e-13  7.64710344e-13
  9.75553719e-15 -2.39306464e-22  2.42928900e-22  3.48561269e-02]
19.386049032211304,base_link,4.833900711951956,-5.148948040916296,1.0772498770956568e-22,6.4651902163380056e-24,1.1392489080362055e-23,-0.9763270355384064,0.2162996062797789,[ 1.86175760e-03 -6.16005666e-04 -1.85442663e-05 -6.98178196e-04
  8.35345111e-04  2.09522161e-04 -1.35246810e-04  3.42551368e-04
  6.46402101e-04 -5.81605808e-05  6.95808257e-05  1.74702328e-05
 -7.94755133e-21  6.96684599e-20  9.99371133e-07  8.97420547e-16
 -5.96860654e-16 -3.03088910e-24 -2.59403840e-20 -5.57188861e-21
  8.97420531e-16  9.98743845e-07  8.39878721e-22 -2.98112029e-24
  5.55865372e-21  1.33672387e-21 -5.96860636e-16  8.41947444e-22
  9.98743845e-07  2.94477111e-24  4.79327590e-19 -1.60934728e-19
  3.53432249e-21 -1.86572892e-19  2.23202434e-19  9.99999380e-10],0.027218820046776223,0.04136446692573693,2.3270901479693637e-22,-2.31080564903305e-27,5.073157349927784e-28,0.021938660382421753,[ 6.10566568e-02 -8.41298141e-04 -1.07974932e-05  4.83748817e-11
 -5.27427860e-11 -1.29320856e-04 -4.61206771e-04  3.59590650e-02
  4.57712881e-04 -6.52061944e-12  6.23013113e-12  2.80998223e-05
 -1.53482370e-18  6.50521303e-17  9.99057292e-07  2.20260881e-24
 -1.46498245e-24 -1.03465471e-22  1.00166402e-24 -1.35709319e-25
  2.20250679e-24  9.96250323e-07  8.25636848e-30 -2.05082495e-28
 -1.23430857e-24  1.45402842e-25 -1.46486366e-24  8.25657913e-30
  9.96250323e-07  4.94741621e-29 -3.67073098e-13  7.23977302e-13
  9.23806973e-15 -8.11101203e-23  6.36244457e-23  3.48585296e-02]
19.426742792129517,base_link,4.831054498002743,-5.149765524594716,-3.059964649352193e-23,-1.5392152028889344e-24,2.805852061460764e-23,-0.9764713732118177,0.2156470665180197,[ 1.74111652e-03 -4.99027650e-04 -4.12624808e-05 -5.65312155e-04
  8.52155079e-04  2.24659482e-04 -1.17790056e-04  3.74063675e-04
  5.89023974e-04 -4.33427643e-05  6.53436261e-05  1.72465416e-05
 -7.87475943e-22  8.89384595e-21  9.99200898e-07  1.06300105e-15
 -7.06700015e-16 -1.23457993e-24 -2.29757687e-20 -5.83658640e-21
  1.06300106e-15  9.98404344e-07  9.70469412e-22  8.02336281e-24
  6.77626358e-21  1.41613321e-21 -7.06700013e-16  9.43446332e-22
  9.98404344e-07 -1.33756000e-24  4.65694672e-19 -1.27094923e-19
  3.89920752e-21 -1.57993862e-19  2.38204308e-19  9.99999209e-10],0.028186413218440395,0.03991171330466018,-2.7878379902025955e-21,4.3179839348391745e-27,2.9825321748183095e-27,0.019798332389924716,[ 6.10023008e-02 -7.22385012e-04 -9.26484573e-06  3.73840133e-11
 -6.53707415e-11 -1.38633587e-04 -4.20922413e-04  3.59384418e-02
  4.57382226e-04 -4.30044813e-12  9.11490354e-12  3.08333378e-05
  1.14180041e-18 -5.63243029e-17  9.98802303e-07  2.59670678e-24
 -1.72639988e-24 -8.16671439e-23  4.39439700e-25 -5.08909947e-26
  2.59662379e-24  9.95243289e-07  9.04065621e-30 -3.62403970e-28
 -3.48966821e-24  4.84676140e-25 -1.72629458e-24  9.04146091e-30
  9.95243289e-07 -2.54236190e-28 -3.56730785e-13  6.92533704e-13
  8.83413544e-15 -1.44100619e-22  2.54989461e-22  3.48579200e-02]
19.47534942626953,base_link,4.830369899811439,-5.143609680980124,-3.927623659058712e-23,-4.447655908760785e-24,1.5801984717356054e-23,-0.9763417119629891,0.2162333496044945,[ 1.50291505e-03 -5.10998630e-04 -2.27773126e-05 -5.95956781e-04
  8.09831016e-04  2.03072410e-04 -1.25368511e-04  3.32051166e-04
  5.48075739e-04 -5.90650485e-05  8.02625995e-05  2.01543312e-05
 -4.86382200e-21 -5.70688448e-20  9.99033958e-07  1.10737369e-15
 -7.83291157e-16 -2.05717054e-24  1.07467305e-20  2.99108509e-21
  1.10737367e-15  9.98071636e-07  8.78606324e-22 -4.84537998e-24
  4.77514824e-20  1.30760711e-20 -7.83291150e-16  8.98607288e-22
  9.98071636e-07 -2.45020025e-25  4.25272048e-19 -1.46028808e-19
  3.23767560e-21 -1.73097895e-19  2.35220762e-19  9.99999042e-10],0.023014666760967705,0.034576163831925695,-3.3293011713930368e-21,5.1518359275801516e-27,5.230763581990557e-27,0.018986821903334408,[ 6.07305875e-02 -6.78720884e-04 -8.69237999e-06  5.55217964e-11
 -7.59031561e-11 -1.27580876e-04 -3.69608402e-04  3.59042883e-02
  4.56906478e-04 -5.58141918e-12  7.71888476e-12  2.64530099e-05
  1.18076393e-18 -6.20705744e-17  9.98552333e-07  2.69591078e-24
 -1.90698020e-24 -5.45322583e-23  1.93870456e-24 -1.93870456e-25
  2.69585720e-24  9.94259029e-07  8.58820675e-30  4.38039661e-28
 -1.82238229e-24  1.85792520e-25 -1.90687662e-24  8.58675161e-30
  9.94259029e-07  4.43043035e-28 -3.40876605e-13  6.56137471e-13
  8.36738596e-15 -2.00863740e-22  2.75665286e-22  3.48551297e-02]
19.532832145690918,base_link,4.831482227753455,-5.144176650530655,-2.7360961895881134e-23,1.7067347449865607e-23,6.463380503263723e-24,-0.9763608418444513,0.21614695582587873,[ 1.65961258e-03 -5.73202575e-04 -2.56556615e-05 -6.76225714e-04
  8.70777445e-04  2.30165775e-04 -1.43182086e-04  3.64128438e-04
  5.97217551e-04 -7.08631829e-05  9.12462009e-05  2.41488196e-05
  3.01424615e-21  1.01485135e-19  9.99144331e-07  9.79103554e-16
 -5.85604775e-16 -2.27886030e-24 -8.61856024e-20 -2.35051643e-20
  9.79103546e-16  9.98291583e-07  6.66269613e-22 -1.00985692e-24
  4.36221968e-20  1.25466755e-20 -5.85604752e-16  6.48529879e-22
  9.98291583e-07  7.34870173e-24  3.87194133e-19 -1.28733967e-19
  2.29329769e-20 -1.71054514e-19  2.20252592e-19  9.99999152e-10],0.01940306818854784,0.03387408260313955,-2.1560064983582766e-21,3.167335031370027e-27,3.334141209800587e-28,0.01722628054703592,[ 6.08603937e-02 -7.52028078e-04 -9.63671676e-06  6.11498701e-11
 -7.54582428e-11 -1.44443335e-04 -4.09036875e-04  3.59415412e-02
  4.57545371e-04 -6.16398528e-12  6.94105826e-12  2.94100434e-05
  8.33480420e-19 -3.95733793e-17  9.98717593e-07  2.39054297e-24
 -1.42986170e-24 -8.46440005e-23 -4.78213792e-25  4.92754076e-26
  2.39045959e-24  9.94909421e-07  6.44009188e-30  3.56756107e-28
 -1.68021062e-25  1.45402842e-26 -1.42974130e-24  6.43946570e-30
  9.94909421e-07  4.18728162e-29 -3.23595114e-13  6.15505910e-13
  7.85006848e-15 -1.60428122e-22  1.85611917e-22  3.48537733e-02]
19.578521013259888,base_link,4.830002938751804,-5.142134221347752,9.013059351514672e-23,-7.525660744457607e-24,-2.5061915641186507e-24,-0.9764378779112417,0.21579868067296185,[ 1.67876182e-03 -5.79197549e-04 -2.34651374e-05 -6.65851787e-04
  9.62490729e-04  2.38976542e-04 -1.30995846e-04  3.68388337e-04
  6.23723167e-04 -5.46718140e-05  7.90303192e-05  1.96443629e-05
  5.63806306e-21 -7.46447785e-20  9.99281792e-07  7.64643165e-16
 -4.61268758e-16 -8.34321419e-25  3.17637355e-20  7.35859873e-21
  7.64643163e-16  9.98565642e-07  4.91950487e-22  2.13354598e-25
 -1.51407139e-20 -3.38813179e-21 -4.61268759e-16  4.97193609e-22
  9.98565642e-07 -2.19303344e-24  3.56728825e-19 -1.14845278e-19
  1.91384921e-20 -1.42928039e-19  2.06609834e-19  9.99999290e-10],0.017987361291334023,0.031120609155315757,-2.0480662289685806e-21,1.8729437700255483e-28,-4.99971569503648e-29,0.015588586041401502,[ 6.08808261e-02 -7.58025795e-04 -9.72474116e-06  4.94051053e-11
 -7.31414159e-11 -1.47710228e-04 -4.02770005e-04  3.59429717e-02
  4.57712405e-04 -6.29042465e-12  9.62387679e-12  3.24003027e-05
  1.03676833e-18 -4.87890978e-17  9.98923460e-07  1.87260984e-24
 -1.12970790e-24 -7.50674247e-23 -6.07460762e-25  7.67403889e-26
  1.87254092e-24  9.95721399e-07  4.74322197e-30  1.66776568e-29
  3.43796942e-24 -4.52364397e-25 -1.12960859e-24  4.74320520e-30
  9.95721399e-07 -4.62431468e-30 -3.10710618e-13  5.84464768e-13
  7.45512098e-15 -1.23066444e-22  1.88177144e-22  3.48546227e-02]
19.632474422454834,base_link,4.828295181838815,-5.144472883174748,2.4788958721939313e-24,-6.578569987442938e-25,1.2580015595098593e-24,-0.9763436251574908,0.21622471092437356,[ 1.66236100e-03 -5.72342331e-04  2.98292236e-05 -6.49333854e-04
  7.38071764e-04  1.56361603e-04 -1.03135797e-04  2.73934615e-04
  6.10766222e-04 -5.34908707e-05  6.07972247e-05  1.28983583e-05
 -6.85567292e-21 -4.88102736e-20  9.99074584e-07  9.30723602e-16
 -6.11922752e-16 -3.50859045e-24  3.62106585e-20  8.36445035e-21
  9.30723584e-16  9.98152583e-07  6.10719203e-22 -1.00079252e-24
  1.75759337e-20  4.39398341e-21 -6.11922737e-16  6.16582204e-22
  9.98152583e-07 -2.77055814e-25  3.68681365e-19 -1.23440137e-19
  2.75177649e-20 -1.50499600e-19  1.71053069e-19  9.99999082e-10],0.018698987354504665,0.03095597150243592,-4.7101129183525965e-21,-1.1149739245066352e-28,-2.575600607001436e-27,0.014800511561612054,[ 6.08596230e-02 -7.84155913e-04 -1.00514893e-05  5.76769420e-11
 -6.20003931e-11 -9.72496664e-05 -4.10712324e-04  3.58964801e-02
  4.57050219e-04 -7.15361732e-12  7.07414685e-12  2.12384935e-05
  1.66018458e-18 -7.55146813e-17  9.98613157e-07  2.26991774e-24
 -1.49248848e-24 -1.01463429e-22 -3.81278564e-25  4.68520269e-26
  2.26974736e-24  9.94498269e-07  5.90341845e-30 -2.37463298e-29
  1.35709319e-24 -1.55904158e-25 -1.49232072e-24  5.90455543e-30
  9.94498269e-07 -5.82207302e-28 -2.95696749e-13  5.49504019e-13
  7.00637831e-15 -1.64392865e-22  1.67425767e-22  3.48527342e-02]
19.666351318359375,base_link,4.829493859487775,-5.148568771301171,2.400321712054757e-23,5.807993311187195e-24,6.339688917157951e-24,-0.9766971585520892,0.21462213417137407,[ 1.63135209e-03 -5.97554521e-04  1.74732389e-05 -6.93441932e-04
  8.31935292e-04  1.93207948e-04 -1.12783142e-04  3.26172249e-04
  5.66479099e-04 -5.74334246e-05  6.89043825e-05  1.60195901e-05
 -6.55127045e-21 -5.59571141e-20  9.99140071e-07  8.71838420e-16
 -5.05948305e-16 -3.47781598e-25  2.86932411e-20  5.87629107e-21
  8.71838422e-16  9.98283091e-07  5.18214535e-22  1.22299074e-24
  1.66230216e-20  3.38813179e-21 -5.05948309e-16  5.19620555e-22
  9.98283091e-07 -1.85973728e-24  3.53280762e-19 -1.20952401e-19
  3.59952316e-20 -1.60506634e-19  1.92564652e-19  9.99999148e-10],0.01815553895317398,0.03316201449796921,-2.9264485218913465e-21,-2.5726162391193323e-27,7.45096805287571e-27,0.012131583578163262,[ 6.08196892e-02 -7.75170512e-04 -9.93458376e-06  5.95349602e-11
 -7.18944184e-11 -1.20308309e-04 -3.88711691e-04  3.59193087e-02
  4.57441314e-04 -8.46943548e-12  1.02967855e-11  2.63342534e-05
  9.82558219e-19 -4.52654407e-17  9.98711213e-07  2.11907956e-24
 -1.22975646e-24  7.08655839e-25  4.13590306e-25 -5.65455497e-26
  2.11908957e-24  9.94884245e-07  4.89105220e-30  1.78896798e-28
  1.12444865e-24 -1.61558713e-25 -1.22978224e-24  4.89159487e-30
  9.94884245e-07 -5.72893639e-28 -2.85583596e-13  5.29033414e-13
  6.74571057e-15 -2.51339804e-22  3.03796252e-22  3.48512664e-02]
19.712395191192627,base_link,4.83163731390375,-5.147833646268926,4.7179115566524854e-23,-7.312573898089635e-24,-2.3554649480199242e-23,-0.9764747169346448,0.21563192525088976,[ 1.82127723e-03 -6.37191275e-04 -4.21986961e-05 -7.27417398e-04
  8.86081739e-04  2.12515687e-04 -1.59572068e-04  3.44102787e-04
  6.47361115e-04 -8.02426045e-05  9.77469580e-05  2.34692550e-05
 -7.33543767e-21  1.04502690e-19  9.99275418e-07  8.13466696e-16
 -3.69395185e-16  2.11529917e-25  9.51853274e-20  2.99373207e-20
  8.13466708e-16  9.98552931e-07  4.32780828e-22  4.34067081e-24
 -1.18584613e-20 -3.65282959e-21 -3.69395192e-16  4.23143250e-22
  9.98552931e-07 -2.46762657e-24  3.53188324e-19 -1.10741525e-19
  4.91853584e-20 -1.61211354e-19  1.96379663e-19  9.99999284e-10],0.013884503879672484,0.03224724618942126,-2.9044774579669615e-21,-7.759424271641729e-27,4.525095918645009e-27,0.01245178185961082,[ 6.09839487e-02 -8.39901157e-04 -1.07785562e-05  5.39778141e-11
 -6.69626153e-11 -1.33097530e-04 -4.62324359e-04  3.59551907e-02
  4.58049140e-04 -4.16496007e-12  5.44831514e-12  2.64050449e-05
  9.94416680e-19 -4.22838847e-17  9.98913913e-07  1.99239480e-24
 -9.04753612e-25 -4.41241695e-24 -3.00499207e-24  2.28605579e-25
  1.99237374e-24  9.95683702e-07  4.00587574e-30 -4.56085893e-28
  3.50259291e-24 -2.83535542e-25 -9.04738925e-25  4.00623125e-30
  9.95683702e-07  2.66533399e-28 -2.75695008e-13  5.02191171e-13
  6.40415201e-15 -2.65782901e-23  3.90968359e-23  3.48523394e-02]
19.7845299243927,base_link,4.83072142993287,-5.147098133174002,-2.5594310439154635e-23,9.327817873263802e-26,-4.1184411393377757e-25,-0.9765348414344647,0.21535947498209793,[ 1.81753017e-03 -6.44412336e-04 -3.43488152e-05 -7.19056594e-04
  9.10074678e-04  2.05249975e-04 -1.40914199e-04  3.22147676e-04
  5.96551746e-04 -5.55598118e-05  7.03230452e-05  1.58753245e-05
  6.54465301e-21 -5.57982954e-20  9.99349063e-07  6.61258423e-16
 -2.60142594e-16 -2.69101253e-24 -1.84759062e-20 -4.12928562e-21
  6.61258408e-16  9.98699818e-07  2.53123923e-22 -2.51701622e-24
 -1.45054392e-20 -3.00431998e-21 -2.60142582e-16  2.64265386e-22
  9.98699818e-07  7.50895393e-28  3.03326381e-19 -8.32250680e-20
  4.82315482e-20 -1.30122026e-19  1.64701849e-19  9.99999358e-10],0.012421031773809177,0.02997276592091916,-1.7723052773790993e-21,-2.416110402901025e-28,1.6517403749574487e-28,0.010778169834081412,[ 6.09763173e-02 -8.47346149e-04 -1.08871516e-05  4.57702056e-11
 -6.14312627e-11 -1.25971900e-04 -4.51374799e-04  3.59456539e-02
  4.58050476e-04 -5.91069540e-12  8.53490473e-12  2.78359203e-05
  1.08081404e-18 -4.54280710e-17  9.99024229e-07  1.62168927e-24
 -6.38057014e-25 -8.18124253e-23 -4.32331117e-24  5.58185355e-25
  1.62161948e-24  9.96119574e-07  2.55888131e-30  4.17103177e-28
  5.24742701e-24 -7.27014210e-25 -6.37964937e-25  2.55869837e-30
  9.96119574e-07 -3.68503405e-28 -2.61788055e-13  4.62179774e-13
  5.89342442e-15 -7.18469099e-23  1.04657845e-22  3.48547909e-02]
19.81496834754944,base_link,4.831244745146769,-5.147442781098849,-9.944513250668654e-24,-1.5230554724178626e-23,5.426826302122165e-24,-0.9765598122281641,0.21524621516043652,[ 1.50665102e-03 -5.03409487e-04  3.61617754e-06 -5.64303766e-04
  7.51993121e-04  1.63315052e-04 -9.80897239e-05  2.80321150e-04
  5.81400538e-04 -4.22453365e-05  5.63010042e-05  1.22498478e-05
 -1.99846836e-21 -1.49289557e-20  9.98817884e-07  1.20361897e-15
 -4.29270223e-16 -3.89699931e-25 -1.45054392e-20 -4.08958095e-21
  1.20361896e-15  9.97641337e-07  4.23208824e-22 -3.02105827e-24
  1.13290657e-20  2.91167576e-21 -4.29270240e-16  4.53876514e-22
  9.97641337e-07 -4.87484089e-24  3.36537741e-19 -6.83569392e-20
  1.05030736e-19 -1.40162924e-19  1.86804632e-19  9.99998825e-10],0.011263963645120435,0.0296984680241462,-2.415808385992086e-21,2.2115793199645985e-28,8.421449865721015e-27,0.010114784530962855,[ 6.07319419e-02 -6.88340515e-04 -8.82655960e-06  4.78199798e-11
 -6.90902492e-11 -1.01175009e-04 -3.66446562e-04  3.58710885e-02
  4.56774067e-04 -4.71565751e-12  7.82714713e-12  2.25160317e-05
 -3.33730981e-19  1.72930247e-17  9.98228917e-07  2.91653047e-24
 -1.04022701e-24 -2.37843985e-23  7.10858339e-26 -5.65455497e-27
  2.91648873e-24  9.92989879e-07  4.14816505e-30  2.83619658e-29
 -2.04210214e-24  2.34260134e-25 -1.04014254e-24  4.14629156e-30
  9.92989879e-07  8.65919448e-28 -2.55187378e-13  4.45546378e-13
  5.67637567e-15 -1.51744356e-22  2.18051830e-22  3.48527006e-02]
19.87143301963806,base_link,4.831325828756839,-5.147247875746112,6.122633060783322e-23,-4.723046833003801e-24,1.5251928131364695e-24,-0.9764776047068036,0.21561884775237877,[ 1.56271213e-03 -5.11694081e-04 -2.02590928e-05 -5.87596920e-04
  7.83743033e-04  1.99971017e-04 -1.11438989e-04  3.27480409e-04
  5.32607220e-04 -4.88254668e-05  6.51293841e-05  1.66461043e-05
  9.39677176e-22  1.02702745e-20  9.98789970e-07  1.10188923e-15
 -4.00289100e-16 -1.62188082e-24  3.44107135e-21  1.00585162e-21
  1.10188923e-15  9.97585776e-07  3.76261166e-22  3.00492697e-24
  1.93758787e-20  5.02925812e-21 -4.00289077e-16  3.45000659e-22
  9.97585776e-07  6.66090686e-24  3.08470578e-19 -5.34176470e-20
  8.21446660e-20 -1.28930486e-19  1.71991778e-19  9.99998797e-10],0.00974111887814016,0.028483607077094276,-3.133656788444904e-21,7.577315811113915e-28,-1.7170255767297472e-27,0.009649412027385791,[ 6.07949445e-02 -6.96178526e-04 -8.92579672e-06  5.16889122e-11
 -7.51321080e-11 -1.24659339e-04 -3.77551652e-04  3.58977914e-02
  4.57173892e-04 -4.82769347e-12  8.19110384e-12  2.70950914e-05
  6.97955149e-19 -3.57244616e-17  9.98187146e-07  2.67780678e-24
 -9.72806738e-25 -1.56195461e-23  3.68353867e-25 -3.47351234e-26
  2.67777825e-24  9.92826389e-07  3.47700140e-30 -2.54976924e-28
  2.02917744e-24 -2.18104263e-25 -9.72763083e-25  3.47625291e-30
  9.92826389e-07  7.53175616e-28 -2.43029473e-13  4.17531461e-13
  5.31850468e-15 -7.43517890e-23  1.23366663e-22  3.48516624e-02]
19.92765974998474,base_link,4.834470789491704,-5.1489813700459575,-1.3830258151601195e-23,2.4298810554570126e-23,1.646902597187565e-23,-0.9764217826008504,0.2158714952525633,[ 1.63133594e-03 -6.21697298e-04  4.36087297e-05 -7.19895315e-04
  8.60527563e-04  1.85439451e-04 -1.02262733e-04  3.20915953e-04
  5.70315379e-04 -5.03133110e-05  6.01372591e-05  1.29737229e-05
 -3.20549031e-20 -1.47277854e-19  9.99075323e-07  8.69150043e-16
 -2.27605937e-16 -3.15813580e-24 -4.75397242e-20 -7.87475943e-21
  8.69150014e-16  9.98154055e-07  1.89895954e-22 -5.19224585e-24
  4.54221418e-20  8.41738991e-21 -2.27605880e-16  1.63397974e-22
  9.98154055e-07  1.30447659e-23  3.17101543e-19 -6.79613433e-20
  1.01783025e-19 -1.48843491e-19  1.77893381e-19  9.99999083e-10],0.006267011569152502,0.02938232845193907,-5.4050470319356784e-21,-1.3302249430419743e-27,-3.0047293131361666e-27,0.009069516043920207,[ 6.08126603e-02 -7.93328509e-04 -1.01747547e-05  6.21241638e-11
 -6.70172381e-11 -1.14647848e-04 -3.79220583e-04  3.59174609e-02
  4.57703363e-04 -1.02469041e-11  1.02394687e-11  2.60555634e-05
 -2.03287907e-19  9.10729825e-18  9.98614264e-07  2.11497613e-24
 -5.53989151e-25 -8.98650251e-23  1.08567455e-24 -1.80945759e-25
  2.11482956e-24  9.94502594e-07  2.04364876e-30 -1.84550406e-28
 -2.84343336e-24  4.32977352e-25 -5.53837704e-25  2.04478075e-30
  9.94502594e-07 -4.09123161e-28 -2.30894270e-13  3.90912129e-13
  4.98086965e-15 -1.79002858e-22  1.88131056e-22  3.48503477e-02]
19.98307991027832,base_link,4.8348414806503275,-5.144695686465017,2.899575581233818e-22,-6.77334358077954e-23,-4.687842921654742e-23,-0.9763826954663883,0.21604821682622116,[ 1.76244794e-03 -6.47529057e-04 -7.52664772e-05 -7.40171717e-04
  9.38855590e-04  2.51906544e-04 -1.70860250e-04  3.64827498e-04
  5.89257441e-04 -7.48593433e-05  9.49590234e-05  2.55190983e-05
 -9.92616735e-23  1.16467030e-21  9.99070772e-07  8.90576771e-16
 -1.54517790e-16  2.12781169e-24  2.88520598e-20  1.05614421e-20
  8.90576784e-16  9.98144989e-07  1.61036976e-22  3.48145043e-24
 -2.19169775e-20 -7.49094763e-21 -1.54517815e-16  1.73377368e-22
  9.98144989e-07 -8.62598479e-24  2.43193530e-19 -3.24680217e-20
  1.06185617e-19 -1.38470856e-19  1.75654345e-19  9.99999079e-10],0.0030104886040233482,0.025683395276583317,-9.833671796226094e-21,-5.072265292954801e-27,-1.7480296886494953e-26,0.00849411513637603,[ 6.09153668e-02 -8.13547522e-04 -1.04627122e-05  5.84323359e-11
 -7.78886288e-11 -1.56472523e-04 -4.40503471e-04  3.59672308e-02
  4.58361118e-04 -2.98806312e-12  4.95104724e-12  3.20288587e-05
  2.36999819e-18 -1.03812358e-16  9.98607450e-07  2.18244638e-24
 -3.78395846e-25  1.85053387e-22 -9.04728795e-25  4.52364397e-26
  2.18269055e-24  9.94475881e-07  1.43287457e-30 -1.64815430e-28
  4.91138489e-25 -3.23117427e-26 -3.78713646e-25  1.43402610e-30
  9.94475881e-07 -5.76647044e-28 -2.23015183e-13  3.65596876e-13
  4.65698900e-15  2.12134727e-22 -2.50135425e-22  3.48566921e-02]
