time,imu.ypr.x,imu.ypr.y,imu.ypr.z,imu.linear_acceleration.x,imu.linear_acceleration.y,imu.linear_acceleration.z,imu.angular_velocity.x,imu.angular_velocity.y,imu.angular_velocity.z,imu.compass.x,imu.compass.y,imu.compass.z,imu.orientation.x,imu.orientation.y,imu.orientation.z,imu.orientation.w
0.2457578182220459,-1.9769860889857316,1.8090451842300466,87.74537755002447,-0.03173828125,0.0341796875,1.00390625,0.1220703125,-0.42724609375,0.0,0.0,0.0,0.0,-0.02337397262454033,0.0005765605019405484,0.6930651068687439,-0.7204956412315369
0.25525879859924316,-1.926382284642165,1.787954734011811,87.7490385314196,-0.03125,0.033203125,1.00537109375,0.0,-0.732421875,-0.18310546875,0.0,0.0,0.0,-0.02292829193174839,0.00040390706271864474,0.6930881142616272,-0.7204881310462952
0.2807953357696533,-1.957692085240915,1.8396397359566494,87.75009721074095,-0.0322265625,0.03466796875,1.00341796875,-0.30517578125,-0.54931640625,-0.18310546875,0.0,0.0,0.0,-0.023437581956386566,0.00026836650795303285,0.6930952072143555,-0.7204648852348328
0.2972843647003174,-1.9417756100406698,1.8343866801546749,87.75498762618668,-0.0322265625,0.0341796875,1.00390625,-0.18310546875,-0.54931640625,-0.06103515625,0.0,0.0,0.0,-0.023305749520659447,0.00020613905508071184,0.6931259632110596,-0.7204395532608032
0.32625699043273926,-1.8403981003979324,1.8621134062035185,87.76268524938128,-0.03271484375,0.0322265625,1.00390625,0.244140625,-0.6103515625,-0.18310546875,0.0,0.0,0.0,-0.02283603325486183,-0.0005799380596727133,0.6931743621826172,-0.7204079627990723
0.3412952423095703,-1.8012472426320076,1.6805934450476134,87.76638038172226,-0.02978515625,0.03173828125,1.0048828125,0.06103515625,-0.9765625,-0.244140625,0.0,0.0,0.0,-0.02149241603910923,0.00032567145535722375,0.6931963562965393,-0.7204281687736511
0.35544371604919434,-1.9493300127061153,1.7431110202943862,87.76397615513442,-0.03076171875,0.0341796875,1.0029296875,-0.244140625,-1.03759765625,-0.1220703125,0.0,0.0,0.0,-0.022801386192440987,0.0008277695160359144,0.6931812763214111,-0.720402181148529
0.375382661819458,-1.9173213983779085,1.8358933771968973,87.76811524977144,-0.03173828125,0.0341796875,1.0029296875,-0.06103515625,-0.732421875,-0.1220703125,0.0,0.0,0.0,-0.023161103948950768,5.139607674209401e-05,0.6932085156440735,-0.7203649878501892
0.40056371688842773,-1.9788199947778802,1.8116227268680802,87.76922174041698,-0.03173828125,0.03466796875,1.00341796875,0.0,-0.244140625,-0.06103515625,0.0,0.0,0.0,-0.023400960490107536,0.0005763061344623566,0.6932150721549988,-0.7203505635261536
0.4212214946746826,-1.887031857286429,1.7821333851265502,87.77558747672343,-0.0322265625,0.033203125,1.0048828125,-0.244140625,-0.67138671875,-0.1220703125,0.0,0.0,0.0,-0.02264564111828804,0.00020777055760845542,0.6932550668716431,-0.7203364372253418
0.4434325695037842,-1.88942605203393,1.8791222847841427,87.77855177882321,-0.03271484375,0.03271484375,1.00341796875,-0.244140625,-0.91552734375,-0.1220703125,0.0,0.0,0.0,-0.023247143253684044,-0.0003871285589411855,0.6932743787765503,-0.7202985882759094
0.4572467803955078,-1.9828572769075923,1.7204957303439452,87.77868155241745,-0.02978515625,0.03466796875,1.00341796875,0.06103515625,-0.79345703125,-0.244140625,0.0,0.0,0.0,-0.022875281050801277,0.001175763551145792,0.6932730674743652,-0.7203109860420227
0.4808814525604248,-1.9596602469389366,1.8131654958468568,87.78227423192088,-0.03173828125,0.03466796875,1.0029296875,-0.06103515625,-0.48828125,-0.1220703125,0.0,0.0,0.0,-0.023289794102311134,0.0004533484752755612,0.6932972073554993,-0.7202752828598022
0.50846266746521,-1.954388621560156,1.8878762394225719,87.78469894907623,-0.033203125,0.0341796875,1.0048828125,-0.3662109375,-0.732421875,-0.06103515625,0.0,0.0,0.0,-0.023708412423729897,-4.7889887355268e-05,0.6933131814002991,-0.7202463150024414
0.5203940868377686,-1.9038507712307624,1.743160966052692,87.7897191381162,-0.03125,0.033203125,1.0048828125,-0.06103515625,-0.54931640625,-0.1220703125,0.0,0.0,0.0,-0.02251564711332321,0.0005574042443186045,0.6933434009552002,-0.7202553153038025
0.544304609298706,-1.8635528685710987,1.8443773259196994,87.79627611971941,-0.03173828125,0.03271484375,1.0029296875,0.3662109375,-0.732421875,-0.42724609375,0.0,0.0,0.0,-0.022874468937516212,-0.0003216087643522769,0.6933855414390564,-0.7202035784721375
0.5565662384033203,-1.99869349738509,1.7603508446463216,87.79389921388824,-0.03076171875,0.0341796875,1.00390625,-0.244140625,-0.9765625,-0.30517578125,0.0,0.0,0.0,-0.023215679451823235,0.0010240055853500962,0.6933692693710327,-0.7202076315879822
0.5801796913146973,-2.0148524443008706,1.7705688076446606,87.79712306317649,-0.03125,0.03564453125,1.00634765625,-0.30517578125,-0.67138671875,-0.18310546875,0.0,0.0,0.0,-0.023378999903798103,0.0010581830283626914,0.6933895349502563,-0.7201827764511108
0.6001944541931152,-2.0528502807575326,1.915989511489756,87.79856423309135,-0.033203125,0.03564453125,1.00390625,0.18310546875,-0.18310546875,0.0,0.0,0.0,0.0,-0.02449721097946167,0.00037399877328425646,0.6934004426002502,-0.7201359272003174
0.6201977729797363,-1.9510772604731692,1.8981326222349924,87.80633015817766,-0.033203125,0.03369140625,1.00146484375,0.18310546875,-0.48828125,-0.06103515625,0.0,0.0,0.0,-0.023749642074108124,-0.00012793844507541507,0.6934491991996765,-0.72011399269104
0.6362888813018799,-1.9611071798259214,1.832330366327678,87.80949936595255,-0.03173828125,0.0341796875,1.00341796875,-0.06103515625,-1.15966796875,-0.244140625,0.0,0.0,0.0,-0.023414693772792816,0.000347140827216208,0.6934685111045837,-0.7201062440872192
0.6618547439575195,-1.9429719603624798,1.8326029335642438,87.81315351715851,-0.0322265625,0.0341796875,1.00244140625,-0.30517578125,-0.8544921875,-0.30517578125,0.0,0.0,0.0,-0.023302366957068443,0.00023642031010240316,0.693491518497467,-0.7200878858566284
0.6764402389526367,-1.9442581703605577,1.8349866695845782,87.81626125323086,-0.0322265625,0.0341796875,1.00537109375,0.18310546875,-0.18310546875,-0.1220703125,0.0,0.0,0.0,-0.023324862122535706,0.00022985227406024933,0.6935110688209534,-0.7200682759284973
0.7018280029296875,-1.9258190074790504,1.7396268767657395,87.8197583100859,-0.0302734375,0.03369140625,1.00439453125,0.0,-0.3662109375,0.06103515625,0.0,0.0,0.0,-0.022632166743278503,0.0007184789283201098,0.6935319900512695,-0.720069944858551
0.7203125953674316,-1.8348635127361064,1.8371307086537274,87.82635627282414,-0.0322265625,0.0322265625,1.00390625,-0.18310546875,-0.8544921875,-0.1220703125,0.0,0.0,0.0,-0.022650448605418205,-0.00044369095121510327,0.6935744285583496,-0.7200286984443665
0.7400667667388916,-1.9378081239065386,1.834105361738235,87.82643823509417,-0.0322265625,0.03369140625,1.00439453125,-0.1220703125,-0.91552734375,-0.1220703125,0.0,0.0,0.0,-0.023278985172510147,0.00019842250912915915,0.6935750246047974,-0.7200081944465637
0.7605431079864502,-2.042506599589783,1.8231198562319157,87.82522246142192,-0.0322265625,0.03564453125,1.00341796875,0.06103515625,-0.732421875,-0.244140625,0.0,0.0,0.0,-0.023870380595326424,0.000900925777386874,0.6935667395591736,-0.7199963331222534
0.7857556343078613,-1.9434329981314555,1.7774664449327273,87.83251710345549,-0.03125,0.0341796875,1.0048828125,-0.244140625,-0.54931640625,-0.1220703125,0.0,0.0,0.0,-0.02297167293727398,0.0005897486116737127,0.6936125755310059,-0.7199817299842834
0.7984068393707275,-1.890099465997411,1.8040230741993832,87.83767389627884,-0.03173828125,0.033203125,1.005859375,-0.18310546875,-0.6103515625,-0.06103515625,0.0,0.0,0.0,-0.022797230631113052,0.00010101061343448237,0.6936454176902771,-0.7199558019638062
0.8161704540252686,-1.9798754724480587,1.7426616151913406,87.83835691519585,-0.03125,0.03466796875,1.0029296875,0.1220703125,-0.79345703125,-0.18310546875,0.0,0.0,0.0,-0.022990034893155098,0.0010302959708496928,0.6936485171318054,-0.7199459075927734
0.8401105403900146,-1.8500083900035518,1.7023610444890325,87.84363665142428,-0.0302734375,0.033203125,1.0048828125,0.0,-0.8544921875,-0.06103515625,0.0,0.0,0.0,-0.021930253133177757,0.0004985149134881794,0.6936819553375244,-0.719947338104248
0.8602957725524902,-1.9365564917411338,1.810171525112864,87.84350687783004,-0.03173828125,0.0341796875,1.00537109375,-0.30517578125,-1.03759765625,-0.244140625,0.0,0.0,0.0,-0.02312628924846649,0.00034475448774173856,0.6936820149421692,-0.7199099063873291
0.8798577785491943,-1.9820846117577346,1.8335802909457901,87.84646434974066,-0.0322265625,0.03515625,1.00390625,0.0,-0.91552734375,-0.244140625,0.0,0.0,0.0,-0.02355392463505268,0.00047382910270243883,0.6937007308006287,-0.7198779582977295
0.900470495223999,-1.9633792849420084,1.7612529632252922,87.84795333097972,-0.03125,0.03369140625,1.0048828125,0.0,-0.06103515625,0.0,0.0,0.0,0.0,-0.022998802363872528,0.0008155024261213839,0.6937091946601868,-0.7198874354362488
0.9204134941101074,-1.9292977082007026,1.8198315470333777,87.85336967099154,-0.03173828125,0.03369140625,1.0029296875,-0.18310546875,-0.6103515625,-0.18310546875,0.0,0.0,0.0,-0.02313910983502865,0.00024208480317611247,0.6937441229820251,-0.7198497653007507
0.9379653930664062,-1.8449275830347085,1.8588208281367493,87.8601452186482,-0.03271484375,0.03271484375,1.0029296875,-0.18310546875,-0.9765625,-0.244140625,0.0,0.0,0.0,-0.02284504659473896,-0.0005124000599607825,0.6937867999076843,-0.7198179364204407
0.9600584506988525,-1.8913429873131764,1.7230732729819787,87.86017253940487,-0.0302734375,0.033203125,1.0048828125,0.0,-0.732421875,-0.1220703125,0.0,0.0,0.0,-0.022315174341201782,0.0006217667832970619,0.6937859058380127,-0.7198352813720703
0.9801132678985596,-1.8626886361976804,1.8036834857315867,87.86351933209818,-0.03125,0.033203125,1.0048828125,0.06103515625,-0.18310546875,-0.1220703125,0.0,0.0,0.0,-0.0226229727268219,-5.767359471064992e-05,0.6938077807426453,-0.7198048233985901
1.0021357536315918,-1.9522198230552654,1.839835677008464,87.86354665285486,-0.0322265625,0.0341796875,1.0029296875,-0.3662109375,-0.48828125,0.0,0.0,0.0,0.0,-0.023404119536280632,0.0002572078083176166,0.6938081979751587,-0.719779372215271
1.0192136764526367,-1.9119571385585097,1.729069111856192,87.86831412489553,-0.0302734375,0.033203125,1.001953125,-0.18310546875,-0.732421875,0.0,0.0,0.0,0.0,-0.02248089760541916,0.0007104849792085588,0.6938369870185852,-0.7197808623313904
1.0421667098999023,-1.8355557097198048,1.8260775415859427,87.87383974793407,-0.0322265625,0.03271484375,1.00537109375,0.1220703125,-0.79345703125,-0.18310546875,0.0,0.0,0.0,-0.022588085383176804,-0.00036065722815692425,0.6938726902008057,-0.7197432518005371
1.0623078346252441,-1.982430603527878,1.8877402759694064,87.8703700118357,-0.03271484375,0.03466796875,1.00244140625,0.0,-0.6103515625,-0.06103515625,0.0,0.0,0.0,-0.023883743211627007,0.00014048113371245563,0.6938514113426208,-0.7197221517562866
1.0761568546295166,-2.004368744255136,1.8624574769829578,87.8727605780452,-0.03271484375,0.03515625,1.00390625,-0.18310546875,-0.48828125,-0.06103515625,0.0,0.0,0.0,-0.023868529126048088,0.0004327023634687066,0.6938661336898804,-0.7197082042694092
1.1001737117767334,-1.920228070756572,1.8657229477364587,87.87868918224477,-0.03271484375,0.03369140625,1.00390625,0.06103515625,-0.3662109375,-0.06103515625,0.0,0.0,0.0,-0.02335982955992222,-9.609584958525375e-05,0.6939035058021545,-0.7196890711784363
1.1174752712249756,-1.9684918949791745,1.892139131238306,87.8792970690809,-0.033203125,0.0341796875,1.0029296875,0.06103515625,-0.54931640625,-0.244140625,0.0,0.0,0.0,-0.023822814226150513,3.0294651878648438e-05,0.6939075589179993,-0.7196700572967529
1.1402854919433594,-1.9685911461655514,1.7204871926074827,87.88241163534244,-0.03076171875,0.03466796875,1.0048828125,-0.18310546875,-1.03759765625,-0.30517578125,0.0,0.0,0.0,-0.022784557193517685,0.00111013266723603,0.6939249634742737,-0.719685971736908
1.1604459285736084,-2.0551356193651364,1.8668627355542045,87.88312880520529,-0.0322265625,0.03564453125,1.005859375,-0.3662109375,-0.79345703125,-0.244140625,0.0,0.0,0.0,-0.024213964119553566,0.000714606256224215,0.6939310431480408,-0.719633936882019
1.177438497543335,-2.0130386021894093,1.8977608038120497,87.88759574892248,-0.033203125,0.03515625,1.00048828125,0.06103515625,-0.244140625,0.0,0.0,0.0,0.0,-0.024136584252119064,0.00026647307095117867,0.693959653377533,-0.719609260559082
1.2008469104766846,-1.9498027898627273,1.783744776162144,87.89348337198703,-0.03173828125,0.0341796875,1.00341796875,0.06103515625,-0.3662109375,-0.1220703125,0.0,0.0,0.0,-0.023049358278512955,0.0006011004443280399,0.6939955949783325,-0.7196100354194641
1.2202281951904297,-1.8913444814170575,1.7771846996294642,87.89988325923933,-0.03125,0.033203125,1.00439453125,-0.1220703125,-1.0986328125,-0.30517578125,0.0,0.0,0.0,-0.022642526775598526,0.00028954556910321116,0.6940359473228455,-0.7195841670036316
1.2401678562164307,-1.92141460268145,1.7214753288813132,87.902963674555,-0.0302734375,0.03369140625,1.00390625,-0.18310546875,-1.0986328125,-0.30517578125,0.0,0.0,0.0,-0.022494100034236908,0.0008222738979384303,0.6940544247627258,-0.7195706963539124
1.2603058815002441,-2.0326111495863155,1.8708169881968189,87.90193231599034,-0.0322265625,0.03564453125,1.00439453125,0.1220703125,-0.42724609375,0.0,0.0,0.0,0.0,-0.024096354842185974,0.000557312392629683,0.6940492987632751,-0.7195239067077637
1.2752516269683838,-1.8283703507129514,1.835885266347258,87.91042907131782,-0.0322265625,0.0322265625,1.00439453125,-0.244140625,-0.244140625,0.0,0.0,0.0,0.0,-0.02260245569050312,-0.000458581285784021,0.6941024661064148,-0.7195212244987488
1.3014400005340576,-1.8852218571563757,1.886291208648306,87.91188390161103,-0.033203125,0.03369140625,1.00390625,-0.1220703125,-0.30517578125,0.06103515625,0.0,0.0,0.0,-0.023264581337571144,-0.00043057947186753154,0.6941120028495789,-0.7194908261299133
1.320573329925537,-1.986770334971775,1.8940336549593384,87.9117336374493,-0.033203125,0.03466796875,1.0029296875,0.06103515625,-0.42724609375,0.0,0.0,0.0,0.0,-0.023949038237333298,0.00013585643318947405,0.6941112279891968,-0.7194693684577942
1.3427891731262207,-1.9260505935805963,1.8377257888851648,87.91587956227549,-0.0322265625,0.0341796875,1.00439453125,0.06103515625,-0.79345703125,-0.1220703125,0.0,0.0,0.0,-0.023226920515298843,0.0001226306485477835,0.6941368579864502,-0.7194682359695435
1.3553495407104492,-2.029187730708258,1.7469096726899713,87.91540827922276,-0.03076171875,0.03564453125,1.00390625,-0.3662109375,-1.03759765625,-0.30517578125,0.0,0.0,0.0,-0.023324668407440186,0.001317775808274746,0.6941320300102234,-0.7194684743881226
1.3802595138549805,-1.9004085693324875,1.8736195001906397,87.92225212877112,-0.03271484375,0.03369140625,1.0048828125,-0.30517578125,-0.732421875,-0.1220703125,0.0,0.0,0.0,-0.02328324504196644,-0.00025688044843263924,0.6941770911216736,-0.7194276452064514
1.4001610279083252,-1.933766572908595,1.8110506985250916,87.9234405816867,-0.03173828125,0.0341796875,1.0048828125,0.1220703125,-0.18310546875,0.0,0.0,0.0,0.0,-0.023113850504159927,0.00033846290898509324,0.6941840648651123,-0.7194262742996216
1.4202094078063965,-1.937433317275834,1.8222054646567802,87.92716986497352,-0.03173828125,0.0341796875,1.0029296875,0.30517578125,-0.67138671875,-0.18310546875,0.0,0.0,0.0,-0.023204397410154343,0.00029136083321645856,0.6942075490951538,-0.7194007039070129
1.4401137828826904,-1.932298295680454,1.804724876136602,87.9316846200149,-0.03173828125,0.03369140625,1.00390625,-0.18310546875,-1.220703125,-0.3662109375,0.0,0.0,0.0,-0.023066304624080658,0.0003709612356033176,0.6942357420921326,-0.7193779349327087
1.46014404296875,-1.9107046526194587,1.7100305998750163,87.93563246935517,-0.0302734375,0.03369140625,1.00439453125,-0.1220703125,-0.79345703125,-0.30517578125,0.0,0.0,0.0,-0.022357327863574028,0.000835681043099612,0.6942594647407532,-0.7193771004676819
1.4800841808319092,-1.987642464751421,1.8461331114232158,87.93660235621732,-0.0322265625,0.03466796875,1.005859375,-0.06103515625,-0.30517578125,-0.1220703125,0.0,0.0,0.0,-0.023664439097046852,0.0004471850406844169,0.6942668557167053,-0.7193284630775452
1.4961512088775635,-2.000903063581589,1.847847488904889,87.94024284704493,-0.03271484375,0.03466796875,1.00390625,-0.1220703125,-0.42724609375,-0.06103515625,0.0,0.0,0.0,-0.023758048191666603,0.0005175169208087027,0.6942896842956543,-0.7193031907081604
1.5170893669128418,-1.8806153214480252,1.7595394395172652,87.94772873437526,-0.03125,0.033203125,1.00341796875,-0.30517578125,-0.8544921875,-0.1220703125,0.0,0.0,0.0,-0.022468196228146553,0.00034480224712751806,0.6943361759185791,-0.7192999124526978
1.5411529541015625,-1.8368145989612028,1.7490966138848447,87.95308360268456,-0.03076171875,0.0322265625,1.00390625,0.06103515625,-0.8544921875,-0.30517578125,0.0,0.0,0.0,-0.022130005061626434,0.000146020800457336,0.6943697929382324,-0.7192780375480652
1.5557136535644531,-1.913586992449204,1.8130214215440519,87.95434035749184,-0.03173828125,0.033203125,1.00439453125,0.0,-0.3662109375,-0.30517578125,0.0,0.0,0.0,-0.022999033331871033,0.00021003787696827203,0.6943780779838562,-0.7192427515983582
1.5816683769226074,-2.0211524400365612,1.9494525292243525,87.95433352730267,-0.03369140625,0.03564453125,1.0048828125,-0.18310546875,-0.54931640625,-0.06103515625,0.0,0.0,0.0,-0.024500388652086258,5.0847138481913134e-06,0.6943790912628174,-0.7191922068595886
1.5971248149871826,-1.8951324616420642,1.7860338500294506,87.96263220714424,-0.03125,0.033203125,1.00341796875,-0.1220703125,-0.54931640625,0.0,0.0,0.0,0.0,-0.0227197352796793,0.00026932964101433754,0.6944299340248108,-0.7192016243934631
1.6177787780761719,-1.8711610589762582,1.7834057213028764,87.96676447159209,-0.03125,0.03271484375,1.00341796875,0.1220703125,-0.732421875,-0.18310546875,0.0,0.0,0.0,-0.02255336381494999,0.00014137942343950272,0.6944558620452881,-0.7191817760467529
1.640442132949829,-2.0267986586026345,1.9155478970712323,87.96423047141002,-0.033203125,0.03515625,1.00390625,0.06103515625,-0.8544921875,-0.18310546875,0.0,0.0,0.0,-0.02433048002421856,0.00025431145331822336,0.6944409012794495,-0.7191383242607117
1.6607131958007812,-1.9618102624236096,1.8235166475340112,87.96850616983045,-0.0322265625,0.03466796875,1.00439453125,-0.30517578125,-0.67138671875,-0.244140625,0.0,0.0,0.0,-0.023365214467048645,0.00043923003249801695,0.6944669485092163,-0.7191451787948608
1.6812865734100342,-1.9520597404965934,1.8032837062217293,87.9728433399534,-0.03173828125,0.0341796875,1.0048828125,-0.06103515625,-0.3662109375,0.0,0.0,0.0,0.0,-0.023181453347206116,0.0005080628907307982,0.6944940090179443,-0.7191247344017029
1.7005259990692139,-2.0625045397059343,1.7681784548785677,87.97224228330644,-0.03125,0.03564453125,1.00537109375,0.06103515625,-0.42724609375,-0.06103515625,0.0,0.0,0.0,-0.023661917075514793,0.0013977180933579803,0.6944887638092041,-0.7191130518913269
1.7201683521270752,-1.9494856129531448,1.7802746131769547,87.97856703847788,-0.03125,0.0341796875,1.0029296875,-0.06103515625,-1.0986328125,-0.244140625,0.0,0.0,0.0,-0.02302589640021324,0.000638080236967653,0.69452965259552,-0.7190952897071838
1.7400662899017334,-1.9093725522878946,1.7397051037760771,87.98224851044051,-0.03076171875,0.03271484375,1.00341796875,-0.30517578125,-1.03759765625,-0.18310546875,0.0,0.0,0.0,-0.0225283931940794,0.000650397501885891,0.694552481174469,-0.7190890312194824
1.7603850364685059,-1.9656710268519593,1.7823103297147358,87.98573873710639,-0.03125,0.03466796875,1.0048828125,0.06103515625,-0.732421875,-0.244140625,0.0,0.0,0.0,-0.023139750584959984,0.0007248460315167904,0.6945745944976807,-0.7190480828285217
1.781207799911499,-2.031331556333996,1.8618346491080173,87.98616903902409,-0.03271484375,0.03564453125,1.0048828125,-0.06103515625,-0.3662109375,-0.06103515625,0.0,0.0,0.0,-0.024033494293689728,0.0006236606859602034,0.6945779323577881,-0.7190157175064087
1.7999286651611328,-2.023921227971355,1.871499153340174,87.99025349214777,-0.03271484375,0.03515625,1.0048828125,-0.1220703125,-0.42724609375,-0.1220703125,0.0,0.0,0.0,-0.02404552698135376,0.0005189302028156817,0.6946037411689758,-0.7189903259277344
1.8201284408569336,-1.9393799211892877,1.8138762624073612,87.99772571909976,-0.0322265625,0.0341796875,1.00390625,0.1220703125,-0.67138671875,-0.18310546875,0.0,0.0,0.0,-0.02316596359014511,0.00036973581882193685,0.6946502923965454,-0.7189744114875793
1.8404450416564941,-1.8698791178464114,1.7411191663776813,88.0027049270047,-0.03076171875,0.033203125,1.005859375,0.06103515625,-0.91552734375,-0.244140625,0.0,0.0,0.0,-0.022289058193564415,0.00040612707380205393,0.6946810483932495,-0.718972384929657
1.8602101802825928,-2.01043160436058,1.7514436376383904,88.00059439855116,-0.03076171875,0.03515625,1.001953125,-0.1220703125,-0.8544921875,-0.244140625,0.0,0.0,0.0,-0.02323347143828869,0.0011929472675547004,0.6946669220924377,-0.718955397605896
1.8803324699401855,-1.9583050947189238,1.808542524995816,88.005368700781,-0.03173828125,0.03466796875,1.00341796875,-0.30517578125,-0.48828125,-0.06103515625,0.0,0.0,0.0,-0.023252353072166443,0.0005194921395741403,0.6946980953216553,-0.7189253568649292
1.9000399112701416,-1.9460092601090198,1.9049367713087944,88.0092209274729,-0.033203125,0.0341796875,1.005859375,0.06103515625,-0.18310546875,0.0,0.0,0.0,0.0,-0.02375926449894905,-0.0001593264751136303,0.6947231292724609,-0.7188847661018372
1.9205937385559082,-1.9049625979615934,1.8348218912708516,88.01423428632368,-0.0322265625,0.03271484375,1.00439453125,0.1220703125,-0.6103515625,-0.30517578125,0.0,0.0,0.0,-0.023076916113495827,3.2937114156084135e-05,0.6947541236877441,-0.7188771367073059
1.940232515335083,-1.9855714233290263,1.7706249432619017,88.0141591542428,-0.03125,0.03466796875,1.00537109375,-0.30517578125,-1.15966796875,-0.18310546875,0.0,0.0,0.0,-0.0231936052441597,0.0009245834662579,0.69475257396698,-0.7188742160797119
1.960218906402588,-1.8667186612513995,1.8087935344478139,88.01938424895786,-0.03173828125,0.03271484375,1.00244140625,-0.42724609375,-0.732421875,-0.244140625,0.0,0.0,0.0,-0.022679276764392853,-3.453956378507428e-05,0.6947862505912781,-0.7188585996627808
1.983548641204834,-1.91829534066487,1.8645628827946144,88.02109179625037,-0.03271484375,0.033203125,1.0048828125,0.1220703125,-0.1220703125,-0.06103515625,0.0,0.0,0.0,-0.023340778425335884,-7.150154851842672e-05,0.6947973370552063,-0.7188267707824707
2.000159502029419,-1.9039656037861832,1.7889845984726018,88.0244795700787,-0.03125,0.033203125,1.00390625,0.18310546875,-0.3662109375,-0.06103515625,0.0,0.0,0.0,-0.02279287949204445,0.00031663462868891656,0.6948180198669434,-0.7188243865966797
2.0212619304656982,-1.8960030973178292,1.7382303165238833,88.02911043833596,-0.03125,0.033203125,1.00439453125,-0.244140625,-1.0986328125,-0.244140625,0.0,0.0,0.0,-0.022435324266552925,0.0005877962103113532,0.694846510887146,-0.7188079357147217
2.0401899814605713,-1.9419070911821925,1.7742057766559867,88.02980711763131,-0.03125,0.0341796875,1.005859375,-0.18310546875,-0.9765625,-0.244140625,0.0,0.0,0.0,-0.022941291332244873,0.0006405090098269284,0.6948511004447937,-0.7187873721122742
2.0601491928100586,-2.027565774223792,1.8041675753890112,88.02956806101035,-0.03173828125,0.03515625,1.00537109375,0.0,-0.48828125,-0.1220703125,0.0,0.0,0.0,-0.023660166189074516,0.0009718373185023665,0.69484943151474,-0.7187652587890625
2.080690860748291,-1.903891965809194,1.7917265992592446,88.03664413699049,-0.03173828125,0.033203125,1.00341796875,-0.18310546875,-0.30517578125,-0.18310546875,0.0,0.0,0.0,-0.022809002548456192,0.0003013985406141728,0.6948943138122559,-0.7187501192092896
2.09582781791687,-1.9857063195651339,1.799246424092017,88.03883662771406,-0.03125,0.03466796875,1.0029296875,-0.244140625,-0.732421875,-0.1220703125,0.0,0.0,0.0,-0.02336772158741951,0.000750786333810538,0.6949077844619751,-0.7187187671661377
2.1204049587249756,-1.9464463922159005,1.787704578333459,88.04316013745868,-0.03125,0.0341796875,1.00244140625,0.0,-0.732421875,-0.1220703125,0.0,0.0,0.0,-0.023051505908370018,0.0005860046949237585,0.6949349641799927,-0.7187028527259827
2.137340784072876,-1.9444993614156239,1.7970500913870349,88.04724459058235,-0.03173828125,0.0341796875,1.0048828125,-0.06103515625,-0.91552734375,-0.30517578125,0.0,0.0,0.0,-0.02309591881930828,0.0005163737223483622,0.6949607133865356,-0.7186765670776367
2.160247564315796,-1.9210193054832356,1.8161902024321146,88.05043428892475,-0.0322265625,0.03369140625,1.00439453125,-0.3662109375,-0.54931640625,-0.18310546875,0.0,0.0,0.0,-0.023064669221639633,0.0002545175957493484,0.6949809789657593,-0.7186580896377563
2.1801836490631104,-1.9804479276778704,1.8839561377258076,88.05080994932909,-0.03271484375,0.03466796875,1.005859375,-0.244140625,-0.48828125,0.06103515625,0.0,0.0,0.0,-0.023848125711083412,0.00018981164612341672,0.6949838399887085,-0.7186297178268433
2.2001571655273438,-2.0087089025858558,1.780526903289422,88.05406794956319,-0.03125,0.03466796875,1.00390625,0.30517578125,-0.54931640625,-0.06103515625,0.0,0.0,0.0,-0.023398403078317642,0.0010108590358868241,0.6950028538703918,-0.718625545501709
2.22465443611145,-1.9309800691706414,1.8524126165913963,88.06051564813968,-0.03271484375,0.03369140625,1.00390625,-0.30517578125,-0.42724609375,-0.1220703125,0.0,0.0,0.0,-0.023346692323684692,8.9700122771319e-05,0.6950445175170898,-0.7185875177383423
2.240229606628418,-1.9445766279306096,1.8423733057285354,88.06376681818462,-0.03173828125,0.03369140625,1.0048828125,-0.06103515625,-1.220703125,-0.244140625,0.0,0.0,0.0,-0.02337108924984932,0.00023581794812344015,0.6950647830963135,-0.7185670733451843
2.2603659629821777,-2.00588654035476,1.8327216081010727,88.065228478667,-0.0322265625,0.03515625,1.00341796875,0.0,-0.54931640625,-0.1220703125,0.0,0.0,0.0,-0.0236970204859972,0.0006685518310405314,0.6950736045837402,-0.7185477614402771
2.2803969383239746,-1.883114103467192,1.7837516063513141,88.07099998851565,-0.03173828125,0.033203125,1.0029296875,0.0,-0.18310546875,0.06103515625,0.0,0.0,0.0,-0.022630274295806885,0.00023223317111842334,0.6951097846031189,-0.7185472846031189
2.3009068965911865,-1.8771391820473118,1.822577709966546,88.07407357364217,-0.0322265625,0.033203125,1.00390625,-0.18310546875,-0.54931640625,-0.1220703125,0.0,0.0,0.0,-0.022828204557299614,-4.6978064347058535e-05,0.6951293349266052,-0.7185221314430237
2.320183515548706,-1.8729793833993624,1.997083066844848,88.07801459279325,-0.03466796875,0.03271484375,1.0029296875,-0.18310546875,-0.91552734375,-0.244140625,0.0,0.0,0.0,-0.023860139772295952,-0.001166142406873405,0.6951543092727661,-0.7184635400772095
2.3365325927734375,-1.9439642587828356,1.8671214289690188,88.07962651743738,-0.033203125,0.0341796875,1.00341796875,0.1220703125,-0.79345703125,-0.244140625,0.0,0.0,0.0,-0.023517262190580368,8.008674922166392e-05,0.6951644420623779,-0.71846604347229
2.3607048988342285,-2.045011571467885,1.7430707862113066,88.07937380043809,-0.02978515625,0.0361328125,1.00341796875,-0.1220703125,-0.54931640625,-0.06103515625,0.0,0.0,0.0,-0.02339869737625122,0.0014712248230352998,0.6951605081558228,-0.7184721231460571
2.3806991577148438,-1.9514211178091971,1.8575723976225178,88.08569855560953,-0.0322265625,0.0341796875,1.0029296875,-0.244140625,-0.42724609375,0.0,0.0,0.0,0.0,-0.02350611239671707,0.00018647534307092428,0.6952024102210999,-0.7184295058250427
2.4005753993988037,-1.9085890015240472,1.8109922150303233,88.09057531067691,-0.03173828125,0.03369140625,1.0029296875,-0.06103515625,-0.54931640625,-0.1220703125,0.0,0.0,0.0,-0.02295512706041336,0.00021978588483761996,0.6952326893806458,-0.7184181809425354
2.4214837551116943,-1.8630828661788372,1.8544904882029611,88.09638097147142,-0.03173828125,0.03271484375,1.0029296875,0.1220703125,-0.732421875,-0.244140625,0.0,0.0,0.0,-0.022933613508939743,-0.00032798488973639905,0.6952693462371826,-0.718383252620697
2.4403843879699707,-1.8894136723160595,1.741119806707916,88.10011708494741,-0.0302734375,0.033203125,1.00390625,-0.06103515625,-0.91552734375,-0.3662109375,0.0,0.0,0.0,-0.022411169484257698,0.0005435936618596315,0.6952918767929077,-0.7183778882026672
2.461702823638916,-2.038314570986688,1.833752753222333,88.09864859427587,-0.03271484375,0.0361328125,1.00341796875,-0.3662109375,-0.79345703125,-0.18310546875,0.0,0.0,0.0,-0.023906361311674118,0.0008657568832859397,0.6952829360961914,-0.7183379530906677
2.4801018238067627,-2.0441851185783135,1.8813822236257707,88.10163338694316,-0.033203125,0.03564453125,1.0029296875,0.06103515625,-0.30517578125,0.06103515625,0.0,0.0,0.0,-0.024231964722275734,0.0006032673991285264,0.6953022480010986,-0.7183086276054382
2.5000863075256348,-1.982540526884833,1.7283511949414003,88.1070224061983,-0.0302734375,0.03466796875,1.00244140625,0.244140625,-0.3662109375,-0.18310546875,0.0,0.0,0.0,-0.022917473688721657,0.0011901133693754673,0.695334255695343,-0.7183201313018799
2.52017879486084,-1.9057216027331112,1.7854542444453514,88.1121928594,-0.03173828125,0.033203125,1.00390625,-0.1220703125,-0.9765625,-0.18310546875,0.0,0.0,0.0,-0.022782227024435997,0.00036687799729406834,0.6953679919242859,-0.7182925939559937
2.5403800010681152,-1.9655128652839913,1.8043413183260235,88.11361353874736,-0.03173828125,0.03466796875,1.00390625,-0.244140625,-0.91552734375,-0.3662109375,0.0,0.0,0.0,-0.023271553218364716,0.0006115431315265596,0.6953768134117126,-0.7182681560516357
2.5600647926330566,-1.9805898675465596,1.7837438156667922,88.11563527474169,-0.03125,0.03466796875,1.00244140625,0.0,-0.18310546875,-0.1220703125,0.0,0.0,0.0,-0.02324111945927143,0.0008326212409883738,0.6953891515731812,-0.7182570099830627
2.580260753631592,-1.8909551606343666,1.6685685768486886,88.12180976575138,-0.029296875,0.033203125,1.0048828125,0.0,-0.3662109375,0.06103515625,0.0,0.0,0.0,-0.021980656310915947,0.0010121542727574706,0.695426881313324,-0.7182599902153015
2.6011061668395996,-1.9477174477317576,1.844549361309419,88.12453501123022,-0.03271484375,0.0341796875,1.00439453125,-0.244140625,-0.9765625,-0.18310546875,0.0,0.0,0.0,-0.023403843864798546,0.000253628590144217,0.6954457759857178,-0.7181973457336426
2.6209287643432617,-1.987192739483258,1.7553310824931854,88.12732855860075,-0.03125,0.03466796875,1.00537109375,0.06103515625,-1.03759765625,-0.244140625,0.0,0.0,0.0,-0.023110073059797287,0.0010532292071729898,0.6954619288444519,-0.7181905508041382
2.640127658843994,-1.857991813926239,1.771661104303334,88.13286101182847,-0.03173828125,0.03271484375,1.00341796875,0.0,-0.6103515625,-0.1220703125,0.0,0.0,0.0,-0.022399354726076126,0.00016778403369244188,0.6954975128173828,-0.7181793451309204
2.6604928970336914,-1.9497703464641696,1.891624946059851,88.13353037036713,-0.033203125,0.03369140625,1.00341796875,-0.1220703125,-0.48828125,-0.18310546875,0.0,0.0,0.0,-0.023702245205640793,-2.7254636734141968e-05,0.695502519607544,-0.7181326746940613
2.6800599098205566,-1.8435470310487199,1.8301415041421003,88.1417129369928,-0.03125,0.0322265625,1.0048828125,-0.244140625,-0.48828125,-0.244140625,0.0,0.0,0.0,-0.022663600742816925,-0.00028482763445936143,0.6955533027648926,-0.7181169390678406
2.7006659507751465,-1.9008881766782693,1.847066286018569,88.14333169182609,-0.0322265625,0.033203125,1.0048828125,0.1220703125,-0.244140625,0.0,0.0,0.0,0.0,-0.02312561497092247,-4.256485772202723e-05,0.6955636143684387,-0.7180922627449036
2.719984769821167,-1.9002888275786007,1.8382583301970143,88.14716342795047,-0.03271484375,0.033203125,1.00537109375,0.06103515625,-0.79345703125,-0.06103515625,0.0,0.0,0.0,-0.023068424314260483,9.79097058007028e-06,0.6955875754356384,-0.7180709838867188
2.7354586124420166,-1.8928620640732696,1.746876588961179,88.15042825837374,-0.03076171875,0.033203125,1.00537109375,-0.18310546875,-1.0986328125,-0.244140625,0.0,0.0,0.0,-0.022467464208602905,0.000538273190613836,0.6956072449684143,-0.7180708050727844
2.7600882053375244,-1.9032450188287469,1.676370680593253,88.15224508869296,-0.02978515625,0.03369140625,1.00341796875,-0.18310546875,-0.67138671875,-0.244140625,0.0,0.0,0.0,-0.022104736417531967,0.0010436803568154573,0.6956176161766052,-0.718071460723877
2.7803831100463867,-1.909494428475897,1.8480955101491252,88.15562603233211,-0.0322265625,0.033203125,1.00439453125,-0.1220703125,-0.244140625,-0.18310546875,0.0,0.0,0.0,-0.023185791447758675,5.710066034225747e-06,0.6956406831741333,-0.7180156707763672
2.7959671020507812,-1.8524775033885115,1.8798704039416707,88.16123361764069,-0.033203125,0.03271484375,1.00634765625,-0.06103515625,-0.6103515625,-0.06103515625,0.0,0.0,0.0,-0.023021338507533073,-0.0005384969990700483,0.695675790309906,-0.7179868221282959
2.82067608833313,-1.9699638007453124,1.7490887164786169,88.16117214593817,-0.03125,0.03466796875,1.00537109375,-0.244140625,-1.0986328125,-0.1220703125,0.0,0.0,0.0,-0.022963935509324074,0.0009945901110768318,0.6956740617752075,-0.7179898619651794
2.8401806354522705,-1.9774050784026296,1.8609932551796364,88.16368565555273,-0.03271484375,0.03466796875,1.00439453125,-0.1220703125,-0.79345703125,-0.244140625,0.0,0.0,0.0,-0.02368953451514244,0.0003387772594578564,0.6956911683082581,-0.7179502248764038
2.8572099208831787,-1.8842062934041595,1.7040189661883474,88.16905418424037,-0.0302734375,0.033203125,1.005859375,0.0,-0.3662109375,-0.1220703125,0.0,0.0,0.0,-0.022153077647089958,0.0007580278324894607,0.6957235336303711,-0.7179675102233887
2.8812620639801025,-1.8822003522222912,1.8408538020816192,88.17134912780148,-0.03271484375,0.033203125,1.0048828125,-0.18310546875,-0.3662109375,0.0,0.0,0.0,0.0,-0.02297084592282772,-0.00011143030860694125,0.6957391500473022,-0.717927098274231
2.9013102054595947,-1.8993234230281018,1.7750217708183917,88.17488716579155,-0.03125,0.03271484375,1.0048828125,-0.1220703125,-0.732421875,-0.06103515625,0.0,0.0,0.0,-0.02267863042652607,0.0004058856866322458,0.6957607865333557,-0.717915415763855
2.9245734214782715,-1.9767698708098185,1.7991044842233277,88.17528331676341,-0.03125,0.03466796875,1.0048828125,0.0,-0.8544921875,-0.244140625,0.0,0.0,0.0,-0.023309964686632156,0.0007252427749335766,0.6957631707191467,-0.7178925275802612
2.940305233001709,-1.9189649126469428,1.8624111597626487,88.17931995856289,-0.03271484375,0.0341796875,1.0048828125,0.0,-0.732421875,-0.06103515625,0.0,0.0,0.0,-0.023331990465521812,-2.1722749806940556e-05,0.6957892179489136,-0.7178670763969421
2.960176467895508,-2.0239193069806514,1.8139614263285748,88.18003712842574,-0.03173828125,0.03515625,1.001953125,-0.244140625,-0.6103515625,-0.06103515625,0.0,0.0,0.0,-0.023695461452007294,0.0009193774894811213,0.6957927942276001,-0.7178510427474976
2.9790096282958984,-1.9696472641659646,1.9055241675774155,88.18582229865274,-0.03271484375,0.03466796875,1.0048828125,-0.06103515625,-0.42724609375,-0.18310546875,0.0,0.0,0.0,-0.023911116644740105,1.7147314792964607e-05,0.695830225944519,-0.717808187007904
3.0004312992095947,-1.8947375913306728,1.7196493204953924,88.18981112912803,-0.03076171875,0.033203125,1.0048828125,0.1220703125,-0.67138671875,-0.06103515625,0.0,0.0,0.0,-0.02231377735733986,0.0007280274294316769,0.6958536505699158,-0.7178364992141724
3.0206563472747803,-1.9512992416211947,1.717886811524412,88.19145037452883,-0.03076171875,0.0341796875,1.00244140625,-0.1220703125,-0.9765625,-0.244140625,0.0,0.0,0.0,-0.022657379508018494,0.0010828669182956219,0.6958634853363037,-0.7178158760070801
3.0403900146484375,-1.9503408807032772,1.8110953081981083,88.19300765765959,-0.03125,0.0341796875,1.00341796875,-0.3662109375,-0.732421875,-0.18310546875,0.0,0.0,0.0,-0.023217078298330307,0.0004932040465064347,0.6958744525909424,-0.7177879810333252
3.060534954071045,-1.9834305859110504,1.898623542081587,88.19504988422143,-0.0341796875,0.03515625,1.00439453125,0.06103515625,-0.244140625,-0.06103515625,0.0,0.0,0.0,-0.023955566808581352,0.00014602211012970656,0.6958879828453064,-0.7177507281303406
3.0800507068634033,-1.9431591502344203,1.8605546289688746,88.20028863931483,-0.03271484375,0.0341796875,1.00439453125,0.18310546875,-0.30517578125,-0.06103515625,0.0,0.0,0.0,-0.023472264409065247,0.00014111444761510938,0.6959205269813538,-0.717735230922699
3.0953261852264404,-1.8983919559800413,1.929256513622271,88.20609430010934,-0.03369140625,0.033203125,1.00244140625,-0.30517578125,-0.9765625,-0.244140625,0.0,0.0,0.0,-0.023608891293406487,-0.000560100597795099,0.6959571242332458,-0.7176949381828308
3.1202335357666016,-1.9260079048982837,1.8362291236832857,88.20879905502066,-0.0322265625,0.03369140625,1.0029296875,-0.30517578125,-0.9765625,-0.244140625,0.0,0.0,0.0,-0.023217177018523216,0.000191120634553954,0.6959736943244934,-0.7176918983459473
3.140345335006714,-1.8913694542962103,2.0203558692246086,88.21217999865982,-0.03515625,0.033203125,1.0048828125,0.18310546875,-0.79345703125,-0.18310546875,0.0,0.0,0.0,-0.02411792427301407,-0.0011723428033292294,0.6959950923919678,-0.7176405191421509
3.160182476043701,-1.9356122180883795,1.8090774141851926,88.21223464017318,-0.03125,0.0341796875,1.0048828125,-0.244140625,-0.42724609375,-0.06103515625,0.0,0.0,0.0,-0.023112501949071884,0.0004202849231660366,0.6959949135780334,-0.7176746129989624
3.1804990768432617,-2.0039083468163947,1.747811257660413,88.2135733572505,-0.03076171875,0.03515625,1.0048828125,-0.244140625,-0.3662109375,-0.06103515625,0.0,0.0,0.0,-0.02316831238567829,0.0012192699359729886,0.6960020065307617,-0.7176649570465088
3.200524091720581,-1.9160962331955373,1.8051449327705578,88.2207245653115,-0.03125,0.03369140625,1.0048828125,0.0,-0.6103515625,-0.06103515625,0.0,0.0,0.0,-0.022966381162405014,0.00032809830736368895,0.6960481405258179,-0.7176275849342346
3.218207359313965,-1.9321251930736765,1.5948280403002326,88.22253456544156,-0.02880859375,0.03369140625,1.00439453125,0.18310546875,-0.79345703125,-0.30517578125,0.0,0.0,0.0,-0.021789895370602608,0.0017435793997719884,0.6960561275482178,-0.7176546454429626
3.235729932785034,-1.9585364673770578,1.787446845413997,88.2236888674113,-0.0322265625,0.0341796875,1.0029296875,-0.30517578125,-0.9765625,-0.30517578125,0.0,0.0,0.0,-0.02312469854950905,0.000697373179718852,0.6960663199424744,-0.7176047563552856
3.2553160190582275,-1.8556202441803635,1.7722005825260592,88.22939890555742,-0.03125,0.03271484375,1.00439453125,-0.244140625,-0.42724609375,-0.06103515625,0.0,0.0,0.0,-0.022387627512216568,0.00016886787489056587,0.6961023211479187,-0.7175935506820679
3.280580759048462,-1.9221966593414166,1.8278640629407243,88.23075128301308,-0.0322265625,0.0341796875,1.0029296875,0.30517578125,-0.1220703125,0.06103515625,0.0,0.0,0.0,-0.023142488673329353,0.0002248261298518628,0.6961110830307007,-0.7175609469413757
3.3038337230682373,-1.9164603676556637,1.8376730683625089,88.23420735873312,-0.0322265625,0.0341796875,1.00439453125,0.1220703125,-0.54931640625,-0.06103515625,0.0,0.0,0.0,-0.023166116327047348,0.0001292200613534078,0.6961328387260437,-0.7175393104553223
3.320030689239502,-1.9506951967664716,1.8760179638063719,88.23565535883715,-0.03271484375,0.03466796875,1.00537109375,-0.244140625,-0.9765625,-0.18310546875,0.0,0.0,0.0,-0.02361329458653927,9.726316784508526e-05,0.6961421370506287,-0.7175155878067017
3.336294174194336,-1.9322792992168247,1.8095190286037162,88.23771124577733,-0.03173828125,0.03369140625,1.00341796875,-0.18310546875,-0.79345703125,-0.06103515625,0.0,0.0,0.0,-0.02309422194957733,0.0004024109512101859,0.6961544752120972,-0.7175204157829285
3.360407829284668,-1.9044178903752849,1.8198405116566634,88.2422738121429,-0.03173828125,0.033203125,1.00439453125,0.1220703125,-0.06103515625,-0.1220703125,0.0,0.0,0.0,-0.02298242785036564,0.00016940516070462763,0.6961832046508789,-0.7174961566925049
3.3810651302337646,-1.8959845277410232,1.9191094138365707,88.2456889067279,-0.03369140625,0.033203125,1.00244140625,-0.1220703125,-0.48828125,0.06103515625,0.0,0.0,0.0,-0.02353239804506302,-0.0005030034808441997,0.6962050795555115,-0.7174569368362427
3.3956291675567627,-1.8803109511431366,1.9260096124455761,88.25021732214762,-0.033203125,0.033203125,1.0029296875,-0.30517578125,-0.8544921875,-0.1220703125,0.0,0.0,0.0,-0.023476189002394676,-0.000640526763163507,0.696233332157135,-0.7174312472343445
3.415783166885376,-1.948914651827214,1.7884452269715823,88.25153554865743,-0.03173828125,0.03466796875,1.0048828125,0.0,-0.8544921875,-0.244140625,0.0,0.0,0.0,-0.023070352151989937,0.0006382772116921842,0.6962407231330872,-0.7174373269081116
3.440638303756714,-1.9517329586334904,1.780543551875524,88.25482769983738,-0.03125,0.0341796875,1.00341796875,0.06103515625,-0.42724609375,-0.30517578125,0.0,0.0,0.0,-0.02303999476134777,0.0007055602036416531,0.6962612271308899,-0.7174182534217834
3.4624593257904053,-1.8908145014261468,1.8626167057679839,88.25884385106934,-0.03271484375,0.033203125,1.00390625,-0.18310546875,-0.42724609375,-0.06103515625,0.0,0.0,0.0,-0.023157015442848206,-0.00017786677926778793,0.696287214756012,-0.7173896431922913
3.480118989944458,-1.9742794130837025,1.8348417415081268,88.26029868136256,-0.0322265625,0.03466796875,1.00634765625,-0.1220703125,-0.48828125,-0.1220703125,0.0,0.0,0.0,-0.023510858416557312,0.000503558840136975,0.696295976638794,-0.7173694968223572
3.501192569732666,-1.9774076397235685,1.9186663053141662,88.26303075703056,-0.03369140625,0.03466796875,1.00390625,0.06103515625,-0.6103515625,-0.1220703125,0.0,0.0,0.0,-0.024039490148425102,-1.9022147625946673e-06,0.6963137984275818,-0.7173348069190979
3.520169973373413,-1.9691040506835369,1.9030377652761192,88.26729279507265,-0.033203125,0.03466796875,1.00390625,-0.06103515625,-0.79345703125,-0.244140625,0.0,0.0,0.0,-0.02389259822666645,4.641911436920054e-05,0.6963403820991516,-0.7173139452934265
3.540147304534912,-2.012375220066272,1.8222385483855725,88.26872713479835,-0.03173828125,0.03515625,1.0029296875,-0.30517578125,-0.79345703125,-0.1220703125,0.0,0.0,0.0,-0.023672746494412422,0.0008157221018336713,0.6963483691215515,-0.7173130512237549
3.5620687007904053,-1.9424535063157935,1.8727394730047657,88.27378147478416,-0.0322265625,0.03466796875,1.00439453125,-0.1220703125,-0.3662109375,-0.06103515625,0.0,0.0,0.0,-0.023541759699583054,7.556716445833445e-05,0.6963807940483093,-0.717286229133606
3.580195903778076,-1.9025137617007324,1.7745923226743272,88.27818011660965,-0.03125,0.033203125,1.00341796875,0.1220703125,-0.42724609375,-0.06103515625,0.0,0.0,0.0,-0.022695615887641907,0.000448405189672485,0.6964076161384583,-0.7172874212265015
3.6001083850860596,-1.9442477116333912,1.84014922538005,88.27931392801187,-0.03173828125,0.0341796875,1.0048828125,-0.18310546875,-0.6103515625,-0.1220703125,0.0,0.0,0.0,-0.023355035111308098,0.00029170745983719826,0.6964151859283447,-0.7172589898109436
3.6204516887664795,-1.9801106870876009,1.8050420530461844,88.28124687154698,-0.03125,0.0341796875,1.00537109375,-0.18310546875,-1.03759765625,-0.244140625,0.0,0.0,0.0,-0.023366257548332214,0.0007299142307601869,0.6964267492294312,-0.7172471284866333
3.6402077674865723,-2.0013732794172623,1.9012730151493171,88.28205283386905,-0.03271484375,0.03466796875,1.00439453125,0.1220703125,-0.6103515625,-0.18310546875,0.0,0.0,0.0,-0.02408384345471859,0.00025666618603281677,0.6964327096939087,-0.7172178030014038
3.660675287246704,-1.9093460853048607,1.8754186147067033,88.2878721550419,-0.03271484375,0.0341796875,1.00341796875,0.06103515625,-0.30517578125,-0.06103515625,0.0,0.0,0.0,-0.023350810632109642,-0.00013953683082945645,0.6964690089225769,-0.7172069549560547
3.6804730892181396,-2.0106578543768365,1.8765300145507113,88.28863030603978,-0.03271484375,0.03466796875,1.00439453125,-0.244140625,-0.42724609375,-0.1220703125,0.0,0.0,0.0,-0.023991642519831657,0.00046942016342654824,0.6964735984802246,-0.7171810865402222
3.700308322906494,-1.846092984061842,1.7822234582462297,88.29796034444601,-0.03125,0.0322265625,1.0029296875,-0.06103515625,-0.79345703125,-0.18310546875,0.0,0.0,0.0,-0.022388789802789688,6.159404438221827e-05,0.6965315937995911,-0.7171767354011536
3.7202060222625732,-1.812624843685368,1.7533314378919584,88.30232483532565,-0.03076171875,0.0322265625,1.0048828125,0.1220703125,-0.79345703125,-0.30517578125,0.0,0.0,0.0,-0.022003795951604843,3.9909424231154844e-05,0.6965587735176086,-0.7171623110771179
3.7408220767974854,-1.798553586778084,1.83690296453359,88.30548721291136,-0.0322265625,0.03173828125,1.00439453125,-0.06103515625,-0.67138671875,-0.18310546875,0.0,0.0,0.0,-0.02242348901927471,-0.0005682799383066595,0.6965788006782532,-0.7171297669410706
3.760179042816162,-1.939897948349151,1.778537930858773,88.30376600524052,-0.03125,0.0341796875,1.0048828125,-0.3662109375,-0.3662109375,-0.06103515625,0.0,0.0,0.0,-0.022953439503908157,0.000656013609841466,0.6965675950050354,-0.7171237468719482
3.781771421432495,-1.931843661213825,1.8331487083676101,88.30738600550063,-0.03173828125,0.03369140625,1.00390625,0.0,-0.244140625,-0.06103515625,0.0,0.0,0.0,-0.023234810680150986,0.00026585679734125733,0.6965908408164978,-0.7170922756195068
3.8003387451171875,-1.8580853021405035,1.7635860064353805,88.31361513802368,-0.03125,0.03271484375,1.0048828125,0.30517578125,-0.67138671875,-0.18310546875,0.0,0.0,0.0,-0.022350581362843513,0.0002542391011957079,0.6966294050216675,-0.7170830368995667
3.820220947265625,-1.8536890081925423,1.7278949596491846,88.31616962877327,-0.0302734375,0.03271484375,1.0048828125,-0.18310546875,-1.28173828125,-0.244140625,0.0,0.0,0.0,-0.022106196731328964,0.00045145981130190194,0.6966450810432434,-0.7170751690864563
3.840527057647705,-2.0085669627171665,1.8399808185283268,88.31350585499696,-0.0322265625,0.03515625,1.00439453125,-0.30517578125,-0.8544921875,-0.18310546875,0.0,0.0,0.0,-0.023756396025419235,0.0006907434435561299,0.6966288685798645,-0.7170379161834717
3.861056327819824,-1.9437715193821943,1.7804049203797139,88.31873094971202,-0.03173828125,0.0341796875,1.0048828125,-0.06103515625,-0.06103515625,-0.06103515625,0.0,0.0,0.0,-0.0229889377951622,0.0006708743167109787,0.6966612339019775,-0.7170315384864807
3.8802006244659424,-1.866345348724576,1.860752277567982,88.32487811996504,-0.0322265625,0.03271484375,1.00341796875,0.18310546875,-0.42724609375,0.0,0.0,0.0,0.0,-0.022992685437202454,-0.0003016201371792704,0.6967004537582397,-0.7169935703277588
3.901259183883667,-2.0018522464328092,1.8792757505970565,88.32400385575127,-0.03271484375,0.03515625,1.00341796875,-0.30517578125,-1.220703125,-0.244140625,0.0,0.0,0.0,-0.023953085765242577,0.0004061014042235911,0.6966950297355652,-0.7169673442840576
3.920144557952881,-1.967111769880009,1.7549040889483538,88.32901038441288,-0.03076171875,0.0341796875,1.005859375,-0.244140625,-0.9765625,-0.30517578125,0.0,0.0,0.0,-0.022979948669672012,0.0009744809940457344,0.696725070476532,-0.7169694900512695
3.945617914199829,-1.8937800841864016,1.8681290953150071,88.33304019602319,-0.03271484375,0.033203125,1.00390625,0.0,-0.3662109375,-0.18310546875,0.0,0.0,0.0,-0.02320917882025242,-0.00017934621428139508,0.696751594543457,-0.7169368863105774
3.96040940284729,-1.8957870925853275,1.8324902354429384,88.33617525285223,-0.03173828125,0.03271484375,1.0029296875,-0.06103515625,-0.3662109375,-0.06103515625,0.0,0.0,0.0,-0.023005157709121704,5.657630754285492e-05,0.6967710256576538,-0.7169246673583984
3.9805731773376465,-1.941122686644699,1.8858310246529761,88.33913272476285,-0.033203125,0.0341796875,1.0048828125,-0.1220703125,-0.67138671875,-0.1220703125,0.0,0.0,0.0,-0.023612946271896362,-1.0435383046569768e-06,0.6967898607254028,-0.7168866395950317
4.00043249130249,-2.0014234386189793,1.8368244173581347,88.341830649485,-0.03173828125,0.03466796875,1.00390625,0.06103515625,-0.3662109375,-0.48828125,0.0,0.0,0.0,-0.023692352697253227,0.0006729319575242698,0.6968060731887817,-0.7168678641319275
4.020605087280273,-1.86016338719548,1.971332186456842,88.34694646117335,-0.03173828125,0.0087890625,1.001953125,-2.9296875,1.64794921875,0.06103515625,0.0,0.0,0.0,-0.023626137524843216,-0.0010269018821418285,0.6968384981155396,-0.7168381214141846
4.040626049041748,-1.3051916273900206,2.092287793025186,88.33102529021804,-0.052734375,-0.3037109375,0.83935546875,-22.705078125,17.39501953125,2.685546875,0.0,0.0,0.0,-0.020888695493340492,-0.0051616462878882885,0.6967213153839111,-0.717019259929657
4.060580015182495,-0.9205929600150055,2.1890574862991037,88.36885770803075,0.0341796875,-0.2587890625,1.19287109375,2.8076171875,5.126953125,-5.126953125,0.0,0.0,0.0,-0.019072918221354485,-0.008099419996142387,0.6969306468963623,-0.7168391942977905
4.075247049331665,-0.8086003225458633,2.161988592844697,88.51369869957003,-0.04052734375,-0.08203125,0.98193359375,-0.6103515625,0.79345703125,-5.18798828125,0.0,0.0,0.0,-0.018218614161014557,-0.008588138036429882,0.6978298425674438,-0.7159804105758667
4.101154565811157,-0.46615219328202506,2.307851337995139,88.61106987637774,-0.046875,-0.23779296875,0.97216796875,-5.55419921875,4.0283203125,-5.67626953125,0.0,0.0,0.0,-0.016976794227957726,-0.011570644564926624,0.6983956098556519,-0.7154170870780945
4.120330572128296,-0.27072439283081373,2.417226145382315,88.78943343636345,-0.05908203125,-0.1044921875,0.99951171875,0.244140625,6.04248046875,-8.9111328125,0.0,0.0,0.0,-0.016444096341729164,-0.013419045135378838,0.6994754672050476,-0.7143413424491882
4.140089511871338,-0.09089881884706762,2.4962729918639304,88.99672284748416,-0.09326171875,-0.115234375,1.0078125,2.197265625,3.47900390625,-8.6669921875,0.0,0.0,0.0,-0.015832673758268356,-0.014980873093008995,0.7007346749305725,-0.7130890488624573
4.160519123077393,0.11009079664115719,2.5989680876862455,89.19390357863327,-0.07177734375,-0.1142578125,1.00048828125,0.79345703125,-0.9765625,-11.53564453125,0.0,0.0,0.0,-0.015238871797919273,-0.01682276651263237,0.7019187808036804,-0.7118952870368958
4.180377006530762,0.33038598850916934,2.610577701727975,89.45099189899254,-0.0390625,-0.06005859375,0.9794921875,0.48828125,1.89208984375,-13.36669921875,0.0,0.0,0.0,-0.013982285745441914,-0.018212923780083656,0.7034787535667419,-0.7103453278541565
4.200804710388184,0.5701713319471178,2.6390529738211694,89.73783935356556,-0.05810546875,-0.07568359375,0.99609375,-0.244140625,0.732421875,-14.2822265625,0.0,0.0,0.0,-0.012720361351966858,-0.019829632714390755,0.7052102088928223,-0.7086067795753479
4.2227623462677,0.7937791855729059,2.716166449880848,90.07270986819296,-0.048828125,-0.048828125,1.021484375,2.0751953125,1.220703125,-18.06640625,0.0,0.0,0.0,-0.011875598691403866,-0.021647799760103226,0.7072235941886902,-0.7065587639808655
4.235512971878052,0.7979274582766309,2.8687746471669127,90.4668527644377,-0.07666015625,-0.01416015625,1.015625,0.1220703125,2.62451171875,-19.775390625,0.0,0.0,0.0,-0.012869877740740776,-0.02256990596652031,0.7096192836761475,-0.7041061520576477
4.260143041610718,0.8511578438820376,3.0304973050135358,90.88452566237316,-0.0791015625,-0.0126953125,1.02783203125,2.0751953125,-2.3193359375,-20.751953125,0.0,0.0,0.0,-0.013631626032292843,-0.023843325674533844,0.7121371626853943,-0.7015029191970825
4.28083062171936,0.7245823256480952,2.993098604213131,91.31240969311777,-0.0380859375,-0.0078125,0.9970703125,-0.42724609375,0.244140625,-22.0947265625,0.0,0.0,0.0,-0.014259119518101215,-0.022774748504161835,0.7147850394248962,-0.698827862739563
4.300306797027588,0.8051195941118015,3.0441395406635783,91.74209689380328,-0.06201171875,-0.00927734375,0.986328125,1.5869140625,-1.40380859375,-21.42333984375,0.0,0.0,0.0,-0.01417479757219553,-0.02353527583181858,0.7173736691474915,-0.6961467266082764
4.324197292327881,0.6847235294468693,3.1931582600973893,92.24892425097491,-0.06494140625,-0.01513671875,0.99267578125,1.5869140625,-3.47900390625,-19.775390625,0.0,0.0,0.0,-0.015944013372063637,-0.02361622266471386,0.7204390168190002,-0.692932665348053
4.335433006286621,0.559443932886231,3.1810961460231466,92.53069687499462,-0.041015625,0.0107421875,1.009765625,1.28173828125,0.30517578125,-19.34814453125,0.0,0.0,0.0,-0.0166816096752882,-0.022714706137776375,0.722168505191803,-0.6911428570747375
4.360430479049683,0.39900945938924276,3.1190660755283837,92.89445225962199,-0.05908203125,-0.00341796875,0.9833984375,-1.52587890625,-1.8310546875,-16.78466796875,0.0,0.0,0.0,-0.017325839027762413,-0.02127467654645443,0.7244018912315369,-0.6888317465782166
4.380520343780518,0.5745973478901389,2.9797481457066946,93.17879303476961,-0.04638671875,-0.0107421875,0.99951171875,-0.244140625,-4.39453125,-10.986328125,0.0,0.0,0.0,-0.015442832373082638,-0.021509122103452682,0.7261031866073608,-0.6870758533477783
4.3959314823150635,0.6034731465451314,2.6617563091788803,93.36106346296057,-0.0009765625,-0.01806640625,1.01416015625,0.79345703125,-5.4931640625,-8.056640625,0.0,0.0,0.0,-0.013285653665661812,-0.01976480707526207,0.7272494435310364,-0.685960054397583
4.420376539230347,0.5162337549583502,2.4032724957948024,93.46690407433908,-0.00732421875,0.01318359375,1.02099609375,1.89208984375,-2.50244140625,-3.84521484375,0.0,0.0,0.0,-0.01218334212899208,-0.01765289716422558,0.7279407978057861,-0.6853044033050537
4.440589427947998,0.40619820681025476,2.2104761057626177,93.53134690915816,0.015625,0.01513671875,1.03955078125,2.0751953125,-0.30517578125,-4.33349609375,0.0,0.0,0.0,-0.011625322513282299,-0.015794532373547554,0.7283714413642883,-0.6849018931388855
4.460378408432007,0.2355067101706115,2.1176448703188586,93.61200461306684,-0.00634765625,0.0380859375,1.0048828125,0.244140625,4.33349609375,-4.7607421875,0.0,0.0,0.0,-0.012065351009368896,-0.014146284200251102,0.7288883328437805,-0.6843801736831665
4.480222225189209,0.04588087527484829,2.196549990375196,93.69911684574119,-0.0556640625,0.02587890625,1.0009765625,1.3427734375,2.50244140625,-4.8828125,0.0,0.0,0.0,-0.01370995119214058,-0.013400908559560776,0.7294211387634277,-0.6837962865829468
4.5002381801605225,-0.1297246756683547,2.336534503971196,93.79153613540062,-0.052734375,0.02099609375,0.9794921875,-1.46484375,0.6103515625,-4.8828125,0.0,0.0,0.0,-0.015659427270293236,-0.013105793856084347,0.7299753427505493,-0.683168351650238
4.51603627204895,-0.310877954383408,2.443684590679652,93.88049251915088,-0.06396484375,0.0302734375,0.994140625,-0.06103515625,-0.67138671875,-4.2724609375,0.0,0.0,0.0,-0.017431681975722313,-0.012577109970152378,0.7305127382278442,-0.6825606822967529
4.543046474456787,-0.34914398248669865,2.6401921213086808,93.94408841051286,-0.06591796875,0.00927734375,1.0322265625,1.64794921875,-2.8076171875,-3.662109375,0.0,0.0,0.0,-0.018919650465250015,-0.013493292964994907,0.730871319770813,-0.6821195483207703
4.563945293426514,-0.5352970797361203,2.7054720811879007,93.995396791558,-0.05712890625,0.02880859375,0.97705078125,-1.52587890625,-1.52587890625,-2.86865234375,0.0,0.0,0.0,-0.020449688658118248,-0.012685481458902359,0.7311897277832031,-0.6817496418952942
4.580136299133301,-0.5965022448060459,2.8686359089493965,94.04182841753574,-0.06005859375,0.0166015625,0.9853515625,0.732421875,-0.42724609375,-1.953125,0.0,0.0,0.0,-0.021860063076019287,-0.013257037848234177,0.7314522862434387,-0.6814132928848267
4.601879596710205,-0.6192567532216788,2.7333001928572367,94.0961625723832,-0.04150390625,0.0068359375,0.97509765625,-1.708984375,0.8544921875,-2.44140625,0.0,0.0,0.0,-0.0211375392973423,-0.012296763248741627,0.7317947149276733,-0.6810862421989441
4.620060920715332,-0.7856754862878031,2.805427630822806,94.16827570964018,-0.052734375,0.03125,1.013671875,-0.42724609375,2.25830078125,-5.31005859375,0.0,0.0,0.0,-0.022594459354877472,-0.011648591607809067,0.7322320342063904,-0.6805806756019592
4.640558242797852,-0.9503064173386766,2.8896208114006146,94.33842938224355,-0.06201171875,0.02587890625,1.015625,-0.1220703125,2.01416015625,-10.986328125,0.0,0.0,0.0,-0.02412644773721695,-0.011061019264161587,0.7332484722137451,-0.6794427037239075
4.6606221199035645,-1.0599068344118747,3.085000933929768,94.60143264642406,-0.087890625,0.05224609375,1.01806640625,-1.28173828125,3.0517578125,-15.68603515625,0.0,0.0,0.0,-0.026052292436361313,-0.011458924040198326,0.7347941994667053,-0.6776928305625916
4.680356025695801,-1.172334949801458,3.2628818983619374,94.95339912454398,-0.06201171875,0.04638671875,1.03515625,-0.67138671875,3.35693359375,-20.263671875,0.0,0.0,0.0,-0.027893289923667908,-0.011704940348863602,0.7368621230125427,-0.6753661036491394
4.700430393218994,-1.2798387122428736,3.4387406999129597,95.3678891543262,-0.09130859375,0.0322265625,0.99462890625,-1.0986328125,4.2724609375,-21.240234375,0.0,0.0,0.0,-0.029700420796871185,-0.011943417601287365,0.7392891049385071,-0.6726269125938416
4.720193862915039,-1.3003460350607197,3.6798258870468996,95.81024635592209,-0.10888671875,0.0341796875,0.99560546875,1.3427734375,0.42724609375,-23.01025390625,0.0,0.0,0.0,-0.03142595663666725,-0.013106036931276321,0.7418497204780579,-0.6697012186050415
4.74012017250061,-1.2830212602309823,3.8912616498806374,96.28363310691732,-0.09423828125,0.0087890625,0.98583984375,1.953125,-3.11279296875,-23.62060546875,0.0,0.0,0.0,-0.03275199979543686,-0.014319667592644691,0.7445763945579529,-0.66657954454422
4.760299921035767,-1.3709736061732365,3.91170227163237,96.75102978201048,-0.0634765625,0.03662109375,0.994140625,-0.6103515625,-5.06591796875,-23.0712890625,0.0,0.0,0.0,-0.03345261514186859,-0.013730854727327824,0.7472965717315674,-0.663506031036377
4.78044581413269,-1.3402828981897246,3.64517975248201,97.23199121279526,-0.0185546875,0.02734375,1.044921875,0.06103515625,-2.8076171875,-24.23095703125,0.0,0.0,0.0,-0.03158967196941376,-0.012253864668309689,0.7501107454299927,-0.6604437828063965
4.800382852554321,-1.1797135818174815,3.4805937512692706,97.7204112101537,-0.03759765625,-0.0576171875,0.99951171875,-4.638671875,0.79345703125,-22.5830078125,0.0,0.0,0.0,-0.029639845713973045,-0.01222934015095234,0.7529250979423523,-0.6573247313499451
4.8236823081970215,-0.8833226987875087,3.46062996209897,98.17757626187016,-0.06396484375,-0.10302734375,0.98974609375,0.67138671875,-7.50732421875,-22.216796875,0.0,0.0,0.0,-0.027864348143339157,-0.013951091095805168,0.7555107474327087,-0.6543947458267212
4.840232610702515,-0.6418770057314388,3.361934795809343,98.55000598674344,-0.02294921875,-0.06884765625,0.96728515625,-0.48828125,-2.01416015625,-15.44189453125,0.0,0.0,0.0,-0.025883518159389496,-0.014894993975758553,0.7576189637184143,-0.6520135998725891
4.8625168800354,-0.4368055918219777,3.213528872410129,98.7743708707892,-0.02734375,-0.05078125,1.0126953125,0.79345703125,-3.90625,-8.11767578125,0.0,0.0,0.0,-0.02376578561961651,-0.015359586104750633,0.7588913440704346,-0.6506022810935974
4.880460500717163,-0.33834937543159593,3.004550910460538,98.9041308046411,0.01123046875,-0.01904296875,1.06201171875,1.8310546875,-0.6103515625,-4.08935546875,0.0,0.0,0.0,-0.021839765831828117,-0.014800111763179302,0.7596482038497925,-0.6497989892959595
4.900561809539795,-0.2628619913224828,2.8333925597189538,98.96705733746442,0.00634765625,-0.021484375,0.98779296875,-0.8544921875,-0.06103515625,-2.25830078125,0.0,0.0,0.0,-0.020285040140151978,-0.014318651519715786,0.7600217461585999,-0.6494233012199402
4.920756101608276,-0.18120189045203675,2.633240269394077,99.02525737938211,0.00732421875,-0.0185546875,0.95654296875,-0.244140625,-1.3427734375,-3.41796875,0.0,0.0,0.0,-0.01850179210305214,-0.013716387562453747,0.7603709697723389,-0.6490806341171265
4.940500736236572,-0.15873813198359205,2.462761522474909,99.11555931039885,0.00830078125,0.00390625,1.0087890625,0.18310546875,1.28173828125,-5.06591796875,0.0,0.0,0.0,-0.01725354790687561,-0.01288611814379692,0.7609033584594727,-0.648507833480835
4.9604644775390625,-0.26994257629468527,2.322575518298394,99.2362419228438,-0.0107421875,0.04833984375,1.05908203125,3.96728515625,2.62451171875,-7.01904296875,0.0,0.0,0.0,-0.016964023932814598,-0.011336403898894787,0.7616156339645386,-0.6477078795433044
4.980605363845825,-0.5080724793129784,2.3892787188459153,99.36259359229986,-0.07080078125,0.125,1.03515625,2.13623046875,-0.06103515625,-6.16455078125,0.0,0.0,0.0,-0.01876441016793251,-0.01011008583009243,0.7623437643051147,-0.646821141242981
5.000531196594238,-0.7031532474574149,2.4046944558026344,99.47269624172047,-0.07177734375,0.09619140625,0.99560546875,1.8310546875,-3.84521484375,-5.31005859375,0.0,0.0,0.0,-0.019976606592535973,-0.00888010486960411,0.7629793882369995,-0.64605313539505
5.021493911743164,-0.9148942343696876,2.388778407489212,99.53673609537852,-0.0537109375,0.0810546875,0.98095703125,1.8310546875,-2.01416015625,-2.01416015625,0.0,0.0,0.0,-0.021068517118692398,-0.007368730381131172,0.7633568644523621,-0.6455913782119751
5.040543079376221,-1.1999561280832838,2.324439946498396,99.52502232095193,-0.05224609375,0.08154296875,1.0009765625,3.60107421875,-5.18798828125,2.3193359375,0.0,0.0,0.0,-0.02224547602236271,-0.00510939909145236,0.7633118629455566,-0.6456268429756165
5.060559511184692,-1.481345834622646,2.212794101212191,99.35645325223602,-0.021484375,0.1025390625,1.02685546875,3.72314453125,-5.2490234375,10.92529296875,0.0,0.0,0.0,-0.023083563894033432,-0.002639598911628127,0.7623781561851501,-0.6467145085334778
5.0812828540802,-1.7482064481369217,2.037930159402463,99.0866881007772,0.0283203125,0.138671875,1.0341796875,4.08935546875,-4.08935546875,13.916015625,0.0,0.0,0.0,-0.0234269667416811,6.815214146627113e-05,0.7608642578125,-0.6484881043434143
5.095974445343018,-1.9602096502802995,1.9043515094742889,98.7494065293728,-0.00244140625,0.1337890625,0.98193359375,1.0986328125,-4.7607421875,17.7001953125,0.0,0.0,0.0,-0.023746658116579056,0.00216234871186316,0.7589531540870667,-0.6507085561752319
5.121009826660156,-2.2012478798636956,1.8060714906201523,98.3597852183586,-0.0107421875,0.1494140625,0.9912109375,0.30517578125,-0.42724609375,19.6533203125,0.0,0.0,0.0,-0.02447930909693241,0.004234011285007,0.7567300200462341,-0.6532554626464844
5.140108823776245,-2.3994083162718676,1.7244884028006409,97.94874443410723,-0.033203125,0.130859375,0.97265625,-0.6103515625,-3.72314453125,20.3857421875,0.0,0.0,0.0,-0.025091877207159996,0.0059180427342653275,0.7543721199035645,-0.655940592288971
5.160326957702637,-2.61497869143099,1.6697300291727082,97.52375640357069,-0.03759765625,0.1279296875,0.99072265625,-1.64794921875,-0.79345703125,21.1181640625,0.0,0.0,0.0,-0.025993723422288895,0.007554477546364069,0.7519201040267944,-0.6586983799934387
5.1801674365997314,-2.824824087405173,1.6027145609140703,97.13875230043541,-0.025390625,0.11279296875,1.0234375,-0.30517578125,-3.23486328125,18.00537109375,0.0,0.0,0.0,-0.026791613548994064,0.009226957336068153,0.7496845126152039,-0.661188542842865
5.200813055038452,-3.0505432698972883,1.5833271756766947,96.79109567168176,-0.0322265625,0.1220703125,1.04931640625,1.3427734375,0.0,16.78466796875,0.0,0.0,0.0,-0.027999883517622948,0.010730696842074394,0.7476544380187988,-0.6634107828140259
5.220616579055786,-3.266943939927391,1.5941826941453723,96.46810285602103,-0.02197265625,0.125,1.0185546875,-0.1220703125,1.5869140625,15.13671875,0.0,0.0,0.0,-0.029357362538576126,0.011996994726359844,0.7457609176635742,-0.6654583215713501
5.240933895111084,-3.483043441303778,1.573799595393056,96.16825072126831,-0.02880859375,0.13134765625,1.00048828125,1.40380859375,0.9765625,14.83154296875,0.0,0.0,0.0,-0.030514974147081375,0.013442006893455982,0.7439914345741272,-0.6673567295074463
5.262388467788696,-3.7222831967013454,1.6558452150854241,95.81029416724627,-0.04541015625,0.10693359375,0.97998046875,-0.79345703125,2.99072265625,13.36669921875,0.0,0.0,0.0,-0.032485608011484146,0.014415602199733257,0.741881787776947,-0.6695881485939026
5.280423164367676,-3.8467697976271746,1.7534208706814032,95.6401883059671,-0.0439453125,0.09326171875,0.99853515625,-1.28173828125,1.64794921875,9.09423828125,0.0,0.0,0.0,-0.03386584296822548,0.014600529335439205,0.7408807873725891,-0.6706234216690063
5.298107147216797,-4.028574919180928,1.8367191897562343,95.50812659836491,-0.0400390625,0.08935546875,1.02587890625,-1.46484375,3.5400390625,5.0048828125,0.0,0.0,0.0,-0.03548537567257881,0.015247033908963203,0.7400920987129211,-0.6713956594467163
5.320780992507935,-3.711885941237293,1.9653021966367785,95.44056919728432,-0.0693359375,-0.109375,0.9248046875,-8.4228515625,2.25830078125,3.23486328125,0.0,0.0,0.0,-0.034466784447431564,0.01242697611451149,0.73974609375,-0.6718878746032715
5.345369338989258,-3.3221585488475394,2.0273700466153888,95.454536934137,-0.0556640625,-0.17724609375,1.06396484375,-3.60107421875,0.79345703125,-0.9765625,0.0,0.0,0.0,-0.0325806550681591,0.009550606831908226,0.7398695945739746,-0.6718931198120117
5.356001377105713,-3.1310639431357457,2.006232532124903,95.48302565316511,-0.06982421875,-0.205078125,0.98974609375,-3.5400390625,-1.89208984375,-0.244140625,0.0,0.0,0.0,-0.0313216932117939,0.008448646403849125,0.7400505542755127,-0.6717683672904968
5.382636785507202,-2.9059695095092746,2.003549761884969,95.48066923790145,-0.052734375,-0.16845703125,1.0185546875,-0.06103515625,-2.38037109375,-0.06103515625,0.0,0.0,0.0,-0.02998489700257778,0.007010059431195259,0.740051805973053,-0.6718446612358093
5.400609016418457,-2.581982901324305,2.0017073183563583,95.43722923478018,-0.0546875,-0.2158203125,0.89013671875,-7.26318359375,0.3662109375,3.662109375,0.0,0.0,0.0,-0.028075240552425385,0.0049178446643054485,0.7398138046264648,-0.6722076535224915
5.420202732086182,-2.1708537515005504,1.9902093352188763,95.3776631550285,-0.0341796875,-0.28076171875,0.9375,-10.07080078125,4.45556640625,5.37109375,0.0,0.0,0.0,-0.025590350851416588,0.0023177333641797304,0.7394771575927734,-0.6726912260055542
5.440274953842163,-1.810342920172349,2.0012341143129233,95.30595299893254,-0.02587890625,-0.3212890625,1.0537109375,-2.99072265625,2.99072265625,5.615234375,0.0,0.0,0.0,-0.02354496903717518,-8.820220682537183e-05,0.7390594482421875,-0.6732286214828491
5.455794095993042,-1.5325439721457095,1.927966461642785,95.22892212547313,-0.06591796875,-0.30078125,1.00537109375,-4.5166015625,-8.23974609375,3.90625,0.0,0.0,0.0,-0.021439502015709877,-0.0014635755214840174,0.7386066317558289,-0.673794150352478
5.480374574661255,-1.2807623886064121,1.8390965224742217,95.15842774304943,-0.0146484375,-0.29736328125,1.04296875,-2.99072265625,-1.15966796875,4.0283203125,0.0,0.0,0.0,-0.019384782761335373,-0.002575566526502371,0.7381904721260071,-0.6743088960647583
5.500502586364746,-1.0605384134666893,1.7720251320417544,95.07934781283902,-0.0224609375,-0.2939453125,0.9931640625,-1.28173828125,-6.34765625,3.60107421875,0.0,0.0,0.0,-0.017654409632086754,-0.003611582098528743,0.7377218008041382,-0.6748643517494202
5.520364284515381,-0.8886435762335072,1.7431192378657314,95.00155878838174,0.01806640625,-0.2744140625,0.96044921875,2.62451171875,0.91552734375,3.84521484375,0.0,0.0,0.0,-0.016452910378575325,-0.004559091757982969,0.737258791923523,-0.6753947138786316
5.540918827056885,-0.7992614262380461,1.6395020665054647,94.96897195585161,0.00244140625,-0.20458984375,1.021484375,2.5634765625,-2.197265625,3.60107421875,0.0,0.0,0.0,-0.01525828056037426,-0.004527628421783447,0.7370684742927551,-0.6756306886672974
5.560214519500732,-0.5952680082786834,1.5776271693709076,94.96307067240872,0.0703125,-0.13916015625,0.98388671875,-2.99072265625,4.45556640625,0.54931640625,0.0,0.0,0.0,-0.013657301664352417,-0.0054755499586462975,0.7370281219482422,-0.675701916217804
5.580833911895752,-0.26061435215744616,1.663218404294453,94.97003063517296,0.0380859375,-0.2080078125,0.9921875,-5.06591796875,4.69970703125,-2.62451171875,0.0,0.0,0.0,-0.01223487313836813,-0.008131957612931728,0.7370433807373047,-0.675685703754425
5.600431203842163,-0.07699600881214633,1.749387110367982,94.9486111619358,-0.11767578125,-0.2158203125,1.0771484375,3.5400390625,-3.60107421875,0.244140625,0.0,0.0,0.0,-0.011704527772963047,-0.009823266416788101,0.7368952035903931,-0.6758342981338501
5.620029926300049,-0.01350631138375343,1.828321258728292,94.87188081679989,-0.1083984375,-0.1904296875,0.994140625,5.615234375,-3.173828125,2.62451171875,0.0,0.0,0.0,-0.011830499395728111,-0.010705005377531052,0.7364290952682495,-0.6763266324996948
5.640290021896362,0.1681565893230694,1.889596593319769,94.77890828181766,-0.1064453125,-0.14599609375,0.89794921875,-5.55419921875,-6.53076171875,3.47900390625,0.0,0.0,0.0,-0.011142165400087833,-0.012243143282830715,0.7358552813529968,-0.6769365072250366
5.66006875038147,0.423865344872139,1.7951256855883837,94.69352408700334,-0.07470703125,-0.17431640625,0.94873046875,-2.25830078125,-8.1787109375,3.7841796875,0.0,0.0,0.0,-0.00901493988931179,-0.013333852402865887,0.7353333234786987,-0.6775144934654236
5.680180549621582,0.5166278782178011,1.7539524514979006,94.66933838715232,0.09375,-0.19970703125,1.138671875,7.50732421875,5.43212890625,0.8544921875,0.0,0.0,0.0,-0.008199356496334076,-0.013687435537576675,0.7351844310760498,-0.6776793599128723
5.700683832168579,0.5145623863241069,1.7712651667748847,94.63427219595349,-0.02734375,-0.18994140625,1.01904296875,8.30078125,-1.89208984375,3.11279296875,0.0,0.0,0.0,-0.008318443782627583,-0.01377910003066063,0.7349750995635986,-0.6779029965400696
5.715811729431152,0.5779418994276238,1.7698533453291019,94.53196962256503,-0.0927734375,-0.09912109375,0.88818359375,2.8076171875,-7.080078125,6.2255859375,0.0,0.0,0.0,-0.00792178325355053,-0.014184332452714443,0.7343620657920837,-0.6785635352134705
5.741035461425781,0.8353686343159367,1.7410643114209097,94.43858044604345,-0.01220703125,-0.09619140625,0.888671875,-6.16455078125,2.74658203125,5.43212890625,0.0,0.0,0.0,-0.006200097966939211,-0.015668638050556183,0.7337791323661804,-0.6791790723800659
5.760350465774536,1.0658365058285035,1.7824370083794983,94.35639277976068,-0.07763671875,-0.1220703125,1.07568359375,-0.18310546875,-1.52587890625,5.06591796875,0.0,0.0,0.0,-0.005086622666567564,-0.017393184825778008,0.7332524657249451,-0.679715096950531
5.784674167633057,1.1371272456207462,1.6997481769663851,94.2035536367033,-0.05126953125,-0.095703125,1.09814453125,4.45556640625,-7.38525390625,5.2490234375,0.0,0.0,0.0,-0.004111341200768948,-0.017364535480737686,0.7323471903800964,-0.680697500705719
5.802555322647095,1.1614654507893232,1.5421652540870245,94.12329208376649,0.01123046875,-0.06298828125,0.98828125,4.57763671875,-6.4697265625,5.0048828125,0.0,0.0,0.0,-0.0029477663338184357,-0.016586357727646828,0.7318902611732483,-0.6812143325805664
5.8207080364227295,1.2655570001317886,1.3631853762504236,94.04295539874879,0.01611328125,-0.029296875,0.9287109375,-3.60107421875,2.44140625,4.8828125,0.0,0.0,0.0,-0.001174192875623703,-0.01618833653628826,0.7314233779907227,-0.6817304491996765
5.840470552444458,1.3100455440123724,1.2355172945535435,93.97846475260553,0.0439453125,-0.0849609375,1.0654296875,9.521484375,5.67626953125,2.99072265625,0.0,0.0,0.0,-8.558804984204471e-05,-0.015713036060333252,0.7310511469841003,-0.6821417808532715
5.867638111114502,1.1497623485333295,1.1365510551312323,93.92230693724969,-0.0078125,0.0087890625,0.97705078125,0.3662109375,2.197265625,4.2724609375,0.0,0.0,0.0,-0.00040129927219823003,-0.01410167757421732,0.7307505011558533,-0.6824989318847656
5.88123631477356,0.9975849867735048,1.1990614800237178,93.86683897100002,-0.03271484375,-0.00439453125,1.06982421875,0.0,1.52587890625,3.0517578125,0.0,0.0,0.0,-0.0016998216742649674,-0.013504290953278542,0.7304308414459229,-0.6828510761260986
5.905453681945801,0.9006862669572976,1.4745096690371093,93.8148885521729,-0.037109375,-0.01171875,1.01806640625,4.08935546875,5.92041015625,-1.8310546875,0.0,0.0,0.0,-0.004026706796139479,-0.014529523439705372,0.7300989627838135,-0.6831751465797424
5.924584865570068,1.0249832234119531,1.8206343077042657,94.08632709997838,-0.130859375,-0.07568359375,0.8671875,-2.3193359375,9.82666015625,-18.1884765625,0.0,0.0,0.0,-0.00553250964730978,-0.017371362075209618,0.7316488027572632,-0.6814379096031189
5.9461352825164795,1.1194544513084557,2.0832241319965794,94.66159295263353,-0.1240234375,-0.052734375,1.09228515625,6.7138671875,6.65283203125,-32.16552734375,0.0,0.0,0.0,-0.006745734717696905,-0.01950189657509327,0.7350020408630371,-0.677750825881958
5.9634857177734375,1.0196634665438653,2.406241493649642,95.48674810626277,-0.16064453125,-0.001953125,0.9697265625,5.859375,9.33837890625,-45.8984375,0.0,0.0,0.0,-0.009557771496474743,-0.02070324867963791,0.739822268486023,-0.6724159121513367
5.980590343475342,1.0051336264668382,2.638183832249285,96.25430427462129,-0.216796875,0.0322265625,0.8740234375,-1.220703125,4.45556640625,-54.3212890625,0.0,0.0,0.0,-0.011287885718047619,-0.021894749253988266,0.7442672252655029,-0.6674275398254395
6.002726793289185,1.0382187426412628,2.9664205256452956,97.83776752047287,-0.22021484375,0.01611328125,1.041015625,1.220703125,4.2724609375,-68.603515625,0.0,0.0,0.0,-0.013558444567024708,-0.023835372179746628,0.7533424496650696,-0.6570565700531006
6.0203235149383545,1.0347277689234458,3.1572762881795504,98.95226997791136,-0.23095703125,0.0283203125,1.052734375,0.18310546875,5.67626953125,-77.57568359375,0.0,0.0,0.0,-0.015075198374688625,-0.02476070262491703,0.7596542835235596,-0.6496807932853699
6.04159688949585,1.091464976419978,3.4193478718685895,100.6096700215283,-0.22119140625,0.02783203125,0.99072265625,-1.77001953125,2.25830078125,-87.09716796875,0.0,0.0,0.0,-0.016874872148036957,-0.026380380615592003,0.7688945531845093,-0.6386083364486694
6.060269594192505,1.18098890620157,3.6379538392269595,102.35898392080612,-0.21435546875,-0.0205078125,0.99560546875,2.38037109375,10.3759765625,-87.890625,0.0,0.0,0.0,-0.018271826207637787,-0.027922743931412697,0.7784746289253235,-0.6267884969711304
6.081001281738281,1.2186607078470695,4.1013791862045625,104.19827190202051,-0.162109375,0.01806640625,0.99072265625,-1.46484375,11.16943359375,-93.68896484375,0.0,0.0,0.0,-0.021705739200115204,-0.0303666815161705,0.7882910966873169,-0.6141692996025085
6.095797777175903,1.234113263792283,4.226752857948847,106.13200090888867,-0.29248046875,-0.01416015625,1.1142578125,8.11767578125,-2.197265625,-98.876953125,0.0,0.0,0.0,-0.023008214309811592,-0.030760394409298897,0.798499584197998,-0.6007686257362366
6.120115518569946,1.1465007197612367,4.479499312430115,108.10048191825386,-0.21923828125,-0.00146484375,1.046875,9.6435546875,9.09423828125,-97.71728515625,0.0,0.0,0.0,-0.025766611099243164,-0.031035514548420906,0.808643639087677,-0.5869143605232239
6.140351057052612,1.235954640103836,4.76106276190649,110.02705288687184,-0.29443359375,0.03369140625,0.94140625,-2.25830078125,6.8359375,-95.76416015625,0.0,0.0,0.0,-0.027849163860082626,-0.03264356404542923,0.8182759284973145,-0.5732220411300659
6.160233736038208,1.3462935713810416,4.970917762834192,111.96074091260499,-0.33251953125,-0.015625,0.98779296875,3.7841796875,2.01416015625,-95.88623046875,0.0,0.0,0.0,-0.029374362900853157,-0.03398892655968666,0.827724039554596,-0.5593343377113342
6.180140256881714,1.3537849015183705,5.196744307362324,113.87450527652919,-0.29638671875,-0.0205078125,0.98681640625,7.32421875,7.62939453125,-95.88623046875,0.0,0.0,0.0,-0.03155265003442764,-0.03462148457765579,0.8368613719940186,-0.5454070568084717
6.201264142990112,1.3428164714849762,5.4573954251474115,115.8113215289022,-0.28369140625,0.01806640625,1.00048828125,7.9345703125,4.82177734375,-96.923828125,0.0,0.0,0.0,-0.03410956263542175,-0.03520838916301727,0.8458594083786011,-0.5311486124992371
6.220454454421997,1.3475117996525368,5.566051782011267,117.7581166876526,-0.34814453125,0.01220703125,1.02001953125,8.23974609375,-2.5634765625,-96.61865234375,0.0,0.0,0.0,-0.03549261391162872,-0.03514788672327995,0.8547143936157227,-0.5166897177696228
6.235814571380615,1.436930074945405,5.685860557129284,119.71578550756165,-0.30078125,0.03662109375,0.91162109375,-0.6103515625,-0.06103515625,-97.22900390625,0.0,0.0,0.0,-0.03659943863749504,-0.03573395311832428,0.863338053226471,-0.5020269155502319
6.26039719581604,1.6619903576260258,5.7970278622867655,121.62315681442273,-0.30224609375,-0.0107421875,0.904296875,-3.23486328125,-0.244140625,-91.6748046875,0.0,0.0,0.0,-0.03707754984498024,-0.03730340301990509,0.8714544773101807,-0.48764845728874207
6.280685901641846,1.8478549594242937,6.0446299036625435,123.36169950537943,-0.24267578125,-0.037109375,0.982421875,0.30517578125,0.54931640625,-82.45849609375,0.0,0.0,0.0,-0.03876994922757149,-0.03918379917740822,0.8785768151283264,-0.4744095802307129
6.301106214523315,2.0616590903527334,6.090427175821126,124.90077335181509,-0.2802734375,-0.01123046875,1.0830078125,-1.64794921875,-6.89697265625,-73.54736328125,0.0,0.0,0.0,-0.03878356143832207,-0.04049469903111458,0.8847733736038208,-0.46263596415519714
6.32019305229187,2.1063419744595455,6.076496578122062,126.20872725711585,-0.22216796875,-0.0546875,1.14990234375,8.11767578125,-6.2255859375,-59.26513671875,0.0,0.0,0.0,-0.038958482444286346,-0.04034162685275078,0.8899872899055481,-0.45252344012260437
6.3359339237213135,2.084139377345361,6.103473690909496,127.2258926886925,-0.16015625,-0.001953125,0.98779296875,1.15966796875,-10.07080078125,-44.43359375,0.0,0.0,0.0,-0.039611831307411194,-0.03992528095841408,0.8939635753631592,-0.444596529006958
6.360472202301025,1.9139807955435375,5.914673601872003,127.93744813604609,-0.07861328125,0.0166015625,1.025390625,7.87353515625,-6.77490234375,-32.470703125,0.0,0.0,0.0,-0.03903203085064888,-0.03762629255652428,0.8968546390533447,-0.43899044394493103
6.376232147216797,1.632651813654765,5.860156312577431,128.36153458161218,-0.056640625,0.09765625,0.9765625,6.4697265625,0.67138671875,-17.4560546875,0.0,0.0,0.0,-0.03981268033385277,-0.035069070756435394,0.8985873460769653,-0.43557533621788025
6.400205135345459,1.47009790044181,5.870606502007551,128.60520841044155,-0.10498046875,0.15380859375,0.9189453125,-3.41796875,-0.67138671875,-11.5966796875,0.0,0.0,0.0,-0.04058438539505005,-0.03374772518873215,0.8995556235313416,-0.4336055815219879
6.421208620071411,1.3366527593675686,5.822994533963861,128.78206932880985,-0.11376953125,0.10498046875,0.99462890625,-4.8828125,-3.11279296875,-8.85009765625,0.0,0.0,0.0,-0.04076544567942619,-0.03245757520198822,0.9002835750579834,-0.43217402696609497
6.440178632736206,1.1148522911900423,5.766680478030753,128.95872534150305,-0.06884765625,0.091796875,1.11572265625,6.04248046875,1.953125,-10.8642578125,0.0,0.0,0.0,-0.04120618477463722,-0.030439548194408417,0.9010342359542847,-0.4307120144367218
6.460109710693359,0.8475406183862813,5.689907444212516,129.15898648796784,-0.052734375,0.1328125,0.99072265625,3.35693359375,-2.5634765625,-12.02392578125,0.0,0.0,0.0,-0.04165582358837128,-0.027976782992482185,0.9018863439559937,-0.4290492832660675
6.481656789779663,0.7673305586725009,5.639880150523581,129.34823736949056,-0.08447265625,0.158203125,0.85498046875,-7.14111328125,-1.953125,-10.25390625,0.0,0.0,0.0,-0.04160705953836441,-0.027089770883321762,0.9026337265968323,-0.42753639817237854
6.500473499298096,0.6839963811045274,5.603127756373389,129.5236776085115,-0.06884765625,0.1005859375,0.9296875,-2.8076171875,0.732421875,-8.9111328125,0.0,0.0,0.0,-0.04166858643293381,-0.026232637465000153,0.9033216834068298,-0.4261285960674286
6.520249366760254,0.6185175986874366,5.563689817218912,129.67455648727707,-0.12109375,0.1318359375,1.0556640625,-4.7607421875,-6.65283203125,-7.87353515625,0.0,0.0,0.0,-0.041634730994701385,-0.025515180081129074,0.9039127826690674,-0.42492038011550903
6.540202617645264,0.4963227396715581,5.481825731148078,129.80810034592918,-0.1025390625,0.10986328125,1.16552734375,-0.67138671875,-2.25830078125,-6.591796875,0.0,0.0,0.0,-0.04147013649344444,-0.024199705570936203,0.904466450214386,-0.4238339364528656
6.560778379440308,0.262654844491561,5.3375123717221715,129.92342125987568,-0.09228515625,0.09423828125,1.03662109375,4.57763671875,-6.9580078125,-6.103515625,0.0,0.0,0.0,-0.041216976940631866,-0.021780429407954216,0.9049950242042542,-0.4228604733943939
6.580733060836792,0.12277546511596918,5.244099289538492,130.05236157102718,-0.0458984375,0.14794921875,0.91748046875,-6.2255859375,-0.1220703125,-6.4697265625,0.0,0.0,0.0,-0.04101816937327385,-0.02028496377170086,0.905530571937561,-0.421806275844574
6.595385789871216,-0.022768242165145777,5.077536162004446,130.19925161931747,-0.03955078125,0.0859375,1.03662109375,2.38037109375,-3.84521484375,-8.7890625,0.0,0.0,0.0,-0.04026129096746445,-0.01847015507519245,0.9061547517776489,-0.4206206202507019
6.620471954345703,-0.28378077967696913,4.927836344644337,130.37354438655785,-0.00732421875,0.0712890625,1.09326171875,9.6435546875,1.89208984375,-9.27734375,0.0,0.0,0.0,-0.04005958512425423,-0.015795545652508736,0.9068834185600281,-0.41917580366134644
6.635859489440918,-0.5218573485227979,4.863341429632845,130.5211311141435,-0.04833984375,0.13671875,0.94384765625,-1.3427734375,1.28173828125,-7.75146484375,0.0,0.0,0.0,-0.040437616407871246,-0.013623218983411789,0.9074740409851074,-0.41793569922447205
6.661367893218994,-0.5988762691511542,4.868996399378793,130.66869052097243,-0.04638671875,0.119140625,0.97802734375,-4.45556640625,1.8310546875,-8.4228515625,0.0,0.0,0.0,-0.04078003391623497,-0.01298142783343792,0.9080185294151306,-0.416738361120224
6.6805431842803955,-0.7839631365185398,4.788379676605133,130.83148124965052,-0.1044921875,0.068359375,1.03271484375,2.13623046875,-6.2255859375,-7.9345703125,0.0,0.0,0.0,-0.0408303327858448,-0.011163286864757538,0.9086543321609497,-0.4153982102870941
6.7025628089904785,-1.0238122728561192,4.745080546135482,130.978057109239,-0.0556640625,0.083984375,1.02783203125,5.79833984375,1.46484375,-8.30078125,0.0,0.0,0.0,-0.04136807844042778,-0.009051291272044182,0.9092190861701965,-0.4141589105129242
6.720213174819946,-1.3202502735191946,4.617896874261144,131.14793757427555,-0.03515625,0.09716796875,1.04443359375,7.87353515625,-3.41796875,-10.19287109375,0.0,0.0,0.0,-0.04143979400396347,-0.006177252158522606,0.9098882675170898,-0.41273248195648193
6.740750789642334,-1.5244947009305552,4.539171260113932,131.32492143604892,-0.07373046875,0.1279296875,0.921875,-1.89208984375,-2.01416015625,-8.9111328125,0.0,0.0,0.0,-0.041557107120752335,-0.0042071351781487465,0.9105553030967712,-0.41127172112464905
6.760228872299194,-1.6876036737352795,4.529019464573177,131.46850567278094,-0.0634765625,0.0703125,0.9365234375,0.1220703125,0.42724609375,-7.62939453125,0.0,0.0,0.0,-0.04206540808081627,-0.002821824513375759,0.9110775589942932,-0.41007357835769653
6.780404567718506,-1.8423308304896344,4.484840093474242,131.59694054993386,-0.08837890625,0.0908203125,0.9140625,-3.662109375,-4.21142578125,-7.26318359375,0.0,0.0,0.0,-0.042269594967365265,-0.0013857415178790689,0.911550760269165,-0.40900683403015137
6.800358057022095,-1.9594707091894688,4.436037964967678,131.71543067165524,-0.08984375,0.0849609375,1.1044921875,-3.47900390625,-7.14111328125,-7.2021484375,0.0,0.0,0.0,-0.04229995608329773,-0.0002354897151235491,0.9119862914085388,-0.4080340564250946
6.820601224899292,-2.1147247510052667,4.385576954266447,131.8145640372688,-0.0830078125,0.05859375,1.12353515625,1.220703125,-1.64794921875,-4.94384765625,0.0,0.0,0.0,-0.04245036095380783,0.0012170631671324372,0.9123504757881165,-0.4072015583515167
6.8409013748168945,-2.1867123835362623,4.391455185820889,131.8919364201867,-0.10009765625,0.037109375,0.94482421875,2.8076171875,-9.6435546875,-3.11279296875,0.0,0.0,0.0,-0.0427517294883728,0.0017981266137212515,0.91262286901474,-0.4065569341182709
6.860214948654175,-2.282460750085851,4.357310643273172,131.93351861185374,-0.04345703125,0.072265625,0.92529296875,-4.638671875,1.3427734375,-2.197265625,0.0,0.0,0.0,-0.042818691581487656,0.0026977581437677145,0.912776529788971,-0.4062000513076782
6.880618333816528,-2.1927756705285297,4.108975637222087,131.98231348328432,-0.0654296875,0.0146484375,1.08154296875,1.64794921875,-6.77490234375,-1.708984375,0.0,0.0,0.0,-0.04052261635661125,0.0028838664293289185,0.9130074977874756,-0.4059150516986847
6.900354623794556,-2.1812821697026905,3.9118230806033147,132.05091590330792,-0.02392578125,-0.0078125,1.1044921875,10.68115234375,-3.173828125,-2.74658203125,0.0,0.0,0.0,-0.03890989348292351,0.003516098950058222,0.9132922291755676,-0.40542685985565186
6.920677185058594,-2.3133496402769995,3.7506374463801837,132.09370020826887,-0.01220703125,0.05810546875,0.92822265625,2.3193359375,0.91552734375,-1.28173828125,0.0,0.0,0.0,-0.03809130936861038,0.005154875572770834,0.9134703278541565,-0.4050857126712799
6.942676544189453,-2.350665951920541,3.6376127566552823,132.1061311525583,-0.0263671875,0.05908203125,0.91015625,-7.75146484375,2.99072265625,-1.3427734375,0.0,0.0,0.0,-0.03732213005423546,0.0058571347035467625,0.9135333895683289,-0.4050056040287018
6.960633993148804,-2.1885736100850908,3.4998269236417916,132.14601945731118,-0.0537109375,-0.00830078125,1.06884765625,0.9765625,-3.173828125,-1.3427734375,0.0,0.0,0.0,-0.035649556666612625,0.005065698176622391,0.9137066006660461,-0.4047761559486389
6.981272220611572,-2.0750629097120603,3.4314200177831755,132.18328496942277,-0.07861328125,0.0126953125,1.01025390625,1.89208984375,-6.4697265625,-0.9765625,0.0,0.0,0.0,-0.034701958298683167,0.004414154216647148,0.9138548970222473,-0.4045312702655792
7.001418590545654,-2.074293446213376,3.2795981460253087,132.22795440659465,0.029296875,0.02490234375,1.04736328125,4.0283203125,1.28173828125,-2.86865234375,0.0,0.0,0.0,-0.03348710015416145,0.004958345089107752,0.914038360118866,-0.4042128026485443
7.02051568031311,-2.0753803000650546,3.101577803045389,132.300805204282,-0.02783203125,0.02392578125,0.97705078125,0.0,-2.197265625,-3.662109375,0.0,0.0,0.0,-0.032068002969026566,0.005616819020360708,0.9143232703208923,-0.40367457270622253
7.041217803955078,-2.1383236949178954,2.935327796996105,132.36201735962365,-0.02734375,0.0390625,0.8916015625,-4.638671875,-0.244140625,-3.60107421875,0.0,0.0,0.0,-0.0309602040797472,0.0067225429229438305,0.914559543132782,-0.4032086133956909
7.056121110916138,-1.9740738670783675,2.8410607277227626,132.42820189268107,-0.0146484375,0.0009765625,0.9189453125,-3.11279296875,3.60107421875,-2.685546875,0.0,0.0,0.0,-0.029626837000250816,0.005761155392974615,0.9148142337799072,-0.4027455747127533
7.083982229232788,-1.8164269111755378,2.896990158628235,132.48002936810315,-0.095703125,0.029296875,1.01611328125,-3.47900390625,-5.06591796875,-1.953125,0.0,0.0,0.0,-0.02951713651418686,0.0043190219439566135,0.9149953126907349,-0.4023601710796356
7.100186109542847,-1.7440913658836947,3.0233055427043354,132.53331850400758,-0.0703125,0.03857421875,1.13916015625,-5.2490234375,-2.5634765625,-2.3193359375,0.0,0.0,0.0,-0.03026985563337803,0.003311185399070382,0.9151655435562134,-0.4019264280796051
7.120866060256958,-1.6829093060630709,3.0862333561881323,132.55846726053156,-0.068359375,0.01953125,1.10205078125,0.0,0.1220703125,-0.6103515625,0.0,0.0,0.0,-0.030557073652744293,0.002608157694339752,0.9152452349662781,-0.4017283022403717
7.1418068408966064,-1.6565122257465583,3.1363720673379034,132.54352280662758,-0.10009765625,0.01708984375,0.9384765625,1.3427734375,-8.1787109375,1.64794921875,0.0,0.0,0.0,-0.0308651402592659,0.0022172085009515285,0.9151850938796997,-0.4018441438674927
7.161736011505127,-1.7294214002069768,3.0695962960304506,132.5274172205647,0.0087890625,0.05517578125,0.9609375,-3.11279296875,3.35693359375,0.3662109375,0.0,0.0,0.0,-0.030588116496801376,0.0030297941993921995,0.9151379466056824,-0.40196743607521057
7.181113958358765,-1.6887039745218861,2.8551840648224682,132.52230823906552,-0.03271484375,0.02001953125,1.056640625,-0.732421875,-3.41796875,0.06103515625,0.0,0.0,0.0,-0.028733665123581886,0.0034568298142403364,0.915154218673706,-0.4020637571811676
7.200673818588257,-1.5748060878002808,2.7279216323292634,132.54146008949823,-0.00537109375,-0.10498046875,1.05859375,3.0517578125,0.06103515625,-0.732421875,0.0,0.0,0.0,-0.027317458763718605,0.0029990244656801224,0.9152430295944214,-0.40196406841278076
7.221248388290405,-1.380073979468632,2.7368158192890895,132.56271563819533,0.0458984375,-0.1220703125,0.90185546875,-6.04248046875,6.16455078125,-1.220703125,0.0,0.0,0.0,-0.026705097407102585,0.001417405204847455,0.9153200387954712,-0.4018385410308838
7.2352659702301025,-0.9697358509281299,2.769305961953782,132.5862251493185,-0.01611328125,-0.1845703125,0.931640625,-11.474609375,4.150390625,-0.30517578125,0.0,0.0,0.0,-0.025525875389575958,-0.001969069940969348,0.9153963327407837,-0.4017387926578522
7.2615556716918945,-0.5845327651724216,2.7615863540877865,132.5887523193114,-0.12109375,-0.26318359375,1.03271484375,-7.32421875,-6.28662109375,1.0986328125,0.0,0.0,0.0,-0.024113725870847702,-0.005018570926040411,0.9153947830200195,-0.401803195476532
7.2811102867126465,-0.29852411652641186,2.748946235255032,132.63131805821894,0.04833984375,-0.28759765625,1.08642578125,-3.35693359375,2.685546875,-2.685546875,0.0,0.0,0.0,-0.023012520745396614,-0.0072503965348005295,0.9155309796333313,-0.4015234708786011
7.299814701080322,-0.02325627385557773,2.6604754352660915,132.69645074214418,-0.0634765625,-0.24560546875,0.8720703125,-6.77490234375,-9.27734375,-0.3662109375,0.0,0.0,0.0,-0.02134629711508751,-0.009127447381615639,0.915755569934845,-0.4010644853115082
7.320227861404419,0.38754568055846395,2.478138626174135,132.47162823542402,-0.048828125,-0.251953125,0.84130859375,-16.357421875,-2.86865234375,19.95849609375,0.0,0.0,0.0,-0.01842804066836834,-0.011808399111032486,0.9149630665779114,-0.4029437303543091
7.335549592971802,0.7091952968302316,2.2352331936263865,131.9081512892763,-0.005859375,-0.341796875,1.0732421875,-1.15966796875,-18.24951171875,33.87451171875,0.0,0.0,0.0,-0.015290576033294201,-0.013598172925412655,0.9129787683486938,-0.4074937105178833
7.360552787780762,0.9625062024133771,1.7278464012730541,130.99520088405572,0.02685546875,-0.29638671875,1.08154296875,-7.14111328125,-18.1884765625,54.0771484375,0.0,0.0,0.0,-0.010236328467726707,-0.013895058073103428,0.9097558259963989,-0.41478484869003296
7.381028413772583,1.1815848402066536,1.5061299230779777,129.7147999618668,0.193359375,-0.30615234375,1.130859375,-1.64794921875,-1.3427734375,69.39697265625,0.0,0.0,0.0,-0.007516662590205669,-0.014917179942131042,0.9050692915916443,-0.42493611574172974
7.400214910507202,1.1730022806277094,1.4059727761408511,128.16707909594192,0.1572265625,-0.30126953125,1.0791015625,5.79833984375,4.21142578125,86.3037109375,0.0,0.0,0.0,-0.006561163812875748,-0.014568135142326355,0.899262547492981,-0.43711748719215393
7.420387506484985,1.2185531323676417,1.1392538890518533,126.30456847154947,0.0126953125,-0.2431640625,0.91259765625,6.65283203125,-29.60205078125,99.4873046875,0.0,0.0,0.0,-0.00406743073835969,-0.013976631686091423,0.8920677900314331,-0.45166724920272827
7.435274600982666,1.2805689021538302,0.983917458079192,124.1106843893847,0.27685546875,-0.22998046875,0.98046875,-1.03759765625,12.451171875,114.92919921875,0.0,0.0,0.0,-0.0023480320814996958,-0.013894893229007721,0.8832679986953735,-0.4686567783355713
7.455270051956177,1.4354883714220035,0.8817544233210503,121.6856667057067,0.10498046875,-0.1787109375,0.78515625,-7.6904296875,-18.00537109375,124.267578125,0.0,0.0,0.0,-0.0006162371137179434,-0.014687658287584782,0.8731452822685242,-0.4872383773326874
7.480477333068848,1.685477777356113,0.32652437030717335,119.0879955001891,0.1416015625,-0.29541015625,0.97509765625,-4.94384765625,-24.0478515625,132.2021484375,0.0,0.0,0.0,0.004999108612537384,-0.014122718945145607,0.8619006872177124,-0.506855845451355
7.500179052352905,1.8327670715477355,0.04240018352637268,116.28902495945289,0.34716796875,-0.34228515625,1.15576171875,-1.77001953125,-8.9111328125,142.63916015625,0.0,0.0,0.0,0.008126644417643547,-0.01377961877733469,0.8492701053619385,-0.5277161598205566
7.520218849182129,1.8121659403505077,-0.07001418143843136,113.33722210584848,0.3037109375,-0.32421875,1.1318359375,7.4462890625,-6.591796875,150.69580078125,0.0,0.0,0.0,0.009199615567922592,-0.012876572087407112,0.8354071378707886,-0.5494036674499512
7.541438817977905,1.8121917670033068,-0.3493199932599587,110.21412493804932,0.26904296875,-0.2587890625,0.9736328125,0.18310546875,-11.71875,158.447265625,0.0,0.0,0.0,0.01154614333063364,-0.01122709084302187,0.8201435804367065,-0.5719310641288757
7.56062388420105,1.8971482212208641,-0.2842377620211253,106.89663375628243,0.26416015625,-0.244140625,0.84765625,2.3193359375,-2.50244140625,170.47119140625,0.0,0.0,0.0,0.011851565912365913,-0.01182189118117094,0.8032318949699402,-0.5954312682151794
7.580161094665527,2.087400365787219,-0.9848460436411964,103.44712184804835,0.10693359375,-0.291015625,0.84423828125,4.82177734375,-45.654296875,174.74365234375,0.0,0.0,0.0,0.01802864857017994,-0.008975903503596783,0.784968912601471,-0.6192077398300171
7.600545883178711,2.280771345483331,-1.265426906372441,99.8451601175396,0.46826171875,-0.3095703125,1.03369140625,0.48828125,1.708984375,183.10546875,0.0,0.0,0.0,0.021260609850287437,-0.008119586855173111,0.7651184797286987,-0.6434872150421143
7.621920824050903,2.3584933487093753,-1.3713696504233914,96.14179056842367,0.36083984375,-0.36669921875,1.15380859375,6.77490234375,-15.9912109375,184.4482421875,0.0,0.0,0.0,0.022652337327599525,-0.00731516582891345,0.743925929069519,-0.6678379774093628
7.640839338302612,2.329517765259477,-1.6017815997621287,92.31214448193255,0.36083984375,-0.30859375,0.96484375,8.60595703125,-7.6904296875,192.87109375,0.0,0.0,0.0,0.024158455431461334,-0.004979020915925503,0.7212067246437073,-0.6922807097434998
7.660562515258789,2.35858000673447,-1.675983921131501,88.356454084498,0.31005859375,-0.3046875,0.9375,14.09912109375,-29.60205078125,196.533203125,0.0,0.0,0.0,0.024948671460151672,-0.0038546277210116386,0.6968863606452942,-0.7167372107505798
7.679572582244873,2.685958871059409,-2.3106559844230756,83.19376680788466,0.341796875,-0.25634765625,0.7978515625,-6.77490234375,-16.78466796875,209.228515625,0.0,0.0,0.0,0.030905812978744507,-0.0004821241309400648,0.6639216542243958,-0.7471631169319153
7.700624704360962,2.8875924586605324,-2.4653514448308136,80.02453171224205,0.47705078125,-0.3837890625,1.078125,4.94384765625,-8.30078125,212.646484375,0.0,0.0,0.0,0.033120736479759216,0.0002751387073658407,0.6430138349533081,-0.7651380896568298
7.715916395187378,3.0440486137702525,-2.3635190872780356,75.73492702666393,0.40087890625,-0.3935546875,1.05810546875,9.70458984375,-15.0146484375,216.064453125,0.0,0.0,0.0,0.033619221299886703,-2.5163737518596463e-05,0.6139223575592041,-0.7886501550674438
7.73530912399292,3.061658548997838,-2.6417293407587565,71.38902792194655,0.46435546875,-0.376953125,1.02587890625,12.02392578125,-6.65283203125,217.7734375,0.0,0.0,0.0,0.03513524681329727,0.0031312787905335426,0.5836003422737122,-0.8112745881080627
7.760326623916626,3.1518768101972436,-2.9665993912241855,67.00366398420485,0.3095703125,-0.27001953125,0.81591796875,12.3291015625,-39.85595703125,216.73583984375,0.0,0.0,0.0,0.037207718938589096,0.0064020585268735886,0.5521636009216309,-0.8328805565834045
7.780421733856201,3.2808175482355675,-3.151741913961136,62.48005018747291,0.59423828125,-0.24169921875,0.9384765625,8.23974609375,7.8125,227.35595703125,0.0,0.0,0.0,0.03872324153780937,0.00866264384239912,0.5188888907432556,-0.8539202809333801
7.800503969192505,3.296217490379831,-3.095853250747272,58.01093447012851,0.59130859375,-0.30908203125,1.119140625,18.9208984375,-19.34814453125,221.0693359375,0.0,0.0,0.0,0.03823745250701904,0.009674291126430035,0.4851951003074646,-0.8735159039497375
7.823132038116455,3.330348159105796,-3.399956111041277,53.551900111999046,0.615234375,-0.25390625,1.00244140625,12.451171875,-8.48388671875,223.57177734375,0.0,0.0,0.0,0.03929035738110542,0.013388496823608875,0.45088404417037964,-0.8916168212890625
7.842027187347412,3.509399860650388,-3.4623579999589826,49.102441679085935,0.57861328125,-0.20849609375,0.88232421875,4.8828125,-19.95849609375,221.98486328125,0.0,0.0,0.0,0.04038603603839874,0.01474878191947937,0.4159635603427887,-0.9083643555641174
7.8603620529174805,3.8110671181750484,-3.472550136304523,44.67946388958497,0.4658203125,-0.2333984375,0.74853515625,2.25830078125,-4.21142578125,222.35107421875,0.0,0.0,0.0,0.04225216060876846,0.015376432798802853,0.38064491748809814,-0.9236275553703308
7.8813512325286865,4.140017139452502,-3.408976229613925,40.287723970253055,0.58935546875,-0.322265625,0.94091796875,2.62451171875,-10.19287109375,215.75927734375,0.0,0.0,0.0,0.044132836163043976,0.015473215840756893,0.3450101613998413,-0.937433123588562
7.9003825187683105,4.286683072160655,-3.45267898157484,36.07740753565502,0.7861328125,-0.3837890625,1.2119140625,9.6435546875,-8.6669921875,206.35986328125,0.0,0.0,0.0,0.04486741125583649,0.017049061134457588,0.31037360429763794,-0.9494021534919739
7.920280933380127,4.347890531747255,-3.4492570568006635,32.01928137614321,0.67822265625,-0.302734375,1.02099609375,12.0849609375,-11.65771484375,201.23291015625,0.0,0.0,0.0,0.044740092009305954,0.01845056191086769,0.2765730917453766,-0.959773600101471
7.94061803817749,4.456567379178621,-3.2694480580318466,28.046968005816147,0.6259765625,-0.28857421875,0.95361328125,7.01904296875,-6.7138671875,195.61767578125,0.0,0.0,0.0,0.04461446404457092,0.018238486722111702,0.2431139051914215,-0.9687995910644531
7.960235118865967,4.6871771905598765,-3.2135984549622987,24.197041380131957,0.50341796875,-0.2197265625,0.75439453125,-2.50244140625,0.67138671875,189.5751953125,0.0,0.0,0.0,0.045840080827474594,0.018827209249138832,0.21045681834220886,-0.9763463139533997
7.980231046676636,5.049262167048354,-2.890089319688995,20.54247011754118,0.50244140625,-0.22216796875,0.767578125,-6.4697265625,-3.173828125,178.22265625,0.0,0.0,0.0,0.04782141372561455,0.016938121989369392,0.17917153239250183,-0.9825090169906616
8.000337362289429,5.265998583564845,-3.1979641519521396,17.256247541794604,0.7353515625,-0.31103515625,1.16845703125,2.25830078125,-14.0380859375,153.3203125,0.0,0.0,0.0,0.04958249256014824,0.02066994644701481,0.15107126533985138,-0.9870622754096985
8.020157098770142,5.304338142923419,-3.070200127441762,14.520133524442734,0.86865234375,-0.2490234375,1.24169921875,12.39013671875,-2.74658203125,126.89208984375,0.0,0.0,0.0,0.04926693066954613,0.020700586959719658,0.1274222731590271,-0.9904079437255859
8.04031252861023,5.220981233632115,-2.9744148351819724,12.24590763461839,0.623046875,-0.15576171875,0.9541015625,5.859375,2.86865234375,108.45947265625,0.0,0.0,0.0,0.04803622514009476,0.02092251367866993,0.10769117623567581,-0.9928028583526611
8.060171365737915,5.398293798259291,-2.8802290878484356,10.315229160988288,0.57080078125,-0.10693359375,0.8662109375,-4.33349609375,-1.64794921875,89.41650390625,0.0,0.0,0.0,0.049142856150865555,0.020770568400621414,0.09094645082950592,-0.9944256544113159
8.08136534690857,5.522044019415229,-3.018567098967639,8.7861965464062,0.56787109375,-0.1552734375,0.96435546875,-2.3193359375,-2.44140625,70.25146484375,0.0,0.0,0.0,0.0500272773206234,0.02254253812134266,0.07774848490953445,-0.9954618811607361
8.100160837173462,5.558679019689062,-3.045673558462481,7.554991769261579,0.515625,-0.12939453125,0.826171875,3.23486328125,-0.42724609375,56.70166015625,0.0,0.0,0.0,0.05011594668030739,0.023292994126677513,0.06706707924604416,-0.9962167143821716
8.120381355285645,5.665212468381513,-3.090528051072189,6.544445644764329,0.52685546875,-0.1162109375,0.83056640625,-1.15966796875,-3.47900390625,45.47119140625,0.0,0.0,0.0,0.050857026129961014,0.024070048704743385,0.05832001566886902,-0.9967111349105835
8.140820026397705,5.634801477988853,-3.4952212417070876,5.853581401727648,0.74169921875,-0.1552734375,1.19287109375,7.14111328125,-10.7421875,26.0009765625,0.0,0.0,0.0,0.05062144249677658,0.027911648154258728,0.05247154086828232,-0.9969478845596313
8.16121244430542,5.44763593859711,-3.5418402710001864,5.602587744542135,0.82470703125,-0.08740234375,1.21435546875,12.3291015625,5.18798828125,5.43212890625,0.0,0.0,0.0,0.04895085096359253,0.028510278090834618,0.050260622054338455,-0.9971283078193665
8.180421829223633,5.237369418771913,-3.6319385770022943,5.7222001517215135,0.638671875,-0.03857421875,1.0107421875,8.60595703125,5.67626953125,-12.26806640625,0.0,0.0,0.0,0.047189000993967056,0.029337376356124878,0.05128373205661774,-0.9971372485160828
8.20020866394043,5.0212656485272955,-3.660406805462907,6.181301135180853,0.51318359375,-0.0068359375,0.91552734375,10.07080078125,-4.5166015625,-29.78515625,0.0,0.0,0.0,0.04543905332684517,0.029500005766749382,0.05523362755775452,-0.9970026612281799
8.220349550247192,4.788464627082934,-3.88969284080565,7.0469068035090245,0.580078125,0.06787109375,0.91357421875,5.0048828125,13.85498046875,-54.99267578125,0.0,0.0,0.0,0.043755967170000076,0.03127783536911011,0.0627831444144249,-0.9965769052505493
8.241428136825562,4.4355146017225255,-3.9265092679793114,8.479083920565747,0.572265625,0.08251953125,1.08642578125,12.02392578125,5.79833984375,-79.40673828125,0.0,0.0,0.0,0.0410996749997139,0.03128012642264366,0.07514981925487518,-0.9958338141441345
8.262131452560425,4.126208204498028,-4.075577719728017,10.331712115002821,0.40380859375,0.11328125,0.9521484375,2.5634765625,14.7705078125,-98.32763671875,0.0,0.0,0.0,0.03903086856007576,0.03215186297893524,0.09119874238967896,-0.9945480227470398
8.280169010162354,3.84902119873234,-3.891785866899436,12.460928819879562,0.15576171875,0.09033203125,0.939453125,4.82177734375,23.3154296875,-107.91015625,0.0,0.0,0.0,0.037048183381557465,0.030093541368842125,0.1095377504825592,-0.992836058139801
8.30021858215332,3.400051733689657,-3.3565118390517648,14.754154588427589,-0.09375,0.13916015625,1.0029296875,8.48388671875,32.28759765625,-112.1826171875,0.0,0.0,0.0,0.03316726163029671,0.025224164128303528,0.1291489154100418,-0.9907493591308594
8.320316791534424,2.8640402588550358,-3.019518843139798,17.037925667617024,-0.2978515625,0.26416015625,1.05126953125,16.11328125,14.892578125,-111.4501953125,0.0,0.0,0.0,0.028608331456780434,0.02234761416912079,0.14869023859500885,-0.9882172346115112
8.336681604385376,2.3160870520302934,-2.7791777197385663,19.307920255250544,-0.20703125,0.314453125,0.990234375,13.73291015625,13.671875,-111.6943359375,0.0,0.0,0.0,0.023984145373106003,0.020514003932476044,0.1680968701839447,-0.9852651357650757
8.360903024673462,1.9317245597901729,-2.4247690221035363,21.554982482745746,-0.1796875,0.34228515625,0.94921875,5.9814453125,19.53125,-111.14501953125,0.0,0.0,0.0,0.02051161415874958,0.017630930989980698,0.18727733194828033,-0.9819347262382507
8.375376462936401,1.5617622407545546,-2.111964927693758,23.777157208452717,-0.2841796875,0.31298828125,1.037109375,8.23974609375,2.50244140625,-110.41259765625,0.0,0.0,0.0,0.017130186781287193,0.01522522047162056,0.20620079338550568,-0.9782412648200989
8.400243997573853,1.214680735273362,-2.02431246974475,25.969803318830426,-0.2578125,0.34228515625,1.0146484375,6.77490234375,4.638671875,-108.82568359375,0.0,0.0,0.0,0.014296128414571285,0.014830514788627625,0.2248290330171585,-0.9741805195808411
8.420571327209473,0.939412905942741,-1.770670726873682,28.130262162744454,-0.19970703125,0.34033203125,0.96630859375,1.953125,11.77978515625,-104.8583984375,0.0,0.0,0.0,0.011706058867275715,0.012995628640055656,0.24311041831970215,-0.969840943813324
8.440441846847534,0.6854770380505392,-1.7403003974509261,30.231564738257,-0.28466796875,0.3203125,0.9794921875,3.0517578125,-5.2490234375,-103.515625,0.0,0.0,0.0,0.009734339080750942,0.013100985437631607,0.26082339882850647,-0.9652485847473145
8.460486650466919,0.4134818298277064,-1.7111919454773301,32.29436041477631,-0.17626953125,0.3203125,0.95947265625,2.86865234375,1.77001953125,-102.11181640625,0.0,0.0,0.0,0.007618332281708717,0.01333986409008503,0.27812469005584717,-0.9604220986366272
8.481220245361328,0.24675800608517945,-1.440054246160451,34.26424502801593,-0.19091796875,0.3291015625,0.9775390625,-1.40380859375,7.26318359375,-96.435546875,0.0,0.0,0.0,0.005759441293776035,0.01137460209429264,0.29457801580429077,-0.9555424451828003
8.500234365463257,0.09590202579559451,-1.357221874053062,36.115410708196976,-0.29248046875,0.33935546875,1.0576171875,-2.9296875,-0.67138671875,-89.66064453125,0.0,0.0,0.0,0.004466876853257418,0.011000948958098888,0.30996227264404297,-0.9506747126579285
8.522163152694702,-0.07638924922403251,-1.2580998209403098,37.866643890631565,-0.22998046875,0.32470703125,1.08251953125,1.40380859375,-1.15966796875,-85.87646484375,0.0,0.0,0.0,0.0029317373409867287,0.010601067915558815,0.32444101572036743,-0.9458419680595398
8.536217212677002,-0.2714231531994178,-1.1739089882400287,39.51814265080562,-0.22119140625,0.31103515625,0.9716796875,1.46484375,-0.244140625,-80.74951171875,0.0,0.0,0.0,0.0012341358233243227,0.010441639460623264,0.33802419900894165,-0.9410786628723145
8.560209035873413,-0.39619683551379914,-1.0611296517167186,41.046380402123056,-0.2177734375,0.31640625,0.9501953125,-0.91552734375,-2.01416015625,-73.73046875,0.0,0.0,0.0,8.520048140781e-06,0.00988427922129631,0.35053932666778564,-0.9364959597587585
8.58207631111145,-0.5704231418119091,-1.0101466651525104,42.45334472963232,-0.21142578125,0.3154296875,1.04296875,0.732421875,-2.0751953125,-67.626953125,0.0,0.0,0.0,-0.0014484234852716327,0.01001912821084261,0.3619990944862366,-0.9321234822273254
8.600670099258423,-0.625707333284227,-0.6389284984441089,43.67328823238288,-0.2724609375,0.13720703125,1.0029296875,-0.54931640625,14.0380859375,-56.0302734375,0.0,0.0,0.0,-0.002994527807459235,0.007206521462649107,0.37192198634147644,-0.9282312393188477
8.62035584449768,-0.791137396467992,-0.5207280194322186,44.723327364434795,-0.29248046875,0.2451171875,1.01611328125,1.52587890625,1.46484375,-48.27880859375,0.0,0.0,0.0,-0.004655880853533745,0.006828955374658108,0.38040968775749207,-0.9247811436653137
8.640360116958618,-0.9315142190544443,-0.35933854675104515,45.67733403675632,-0.09326171875,0.134765625,0.9462890625,-0.42724609375,-2.62451171875,-47.54638671875,0.0,0.0,0.0,-0.006274486426264048,0.0060449945740401745,0.38809940218925476,-0.9215764403343201
8.660211086273193,-0.9825532345141877,-0.24221667733906144,46.62557261432378,-0.04248046875,0.15478515625,0.962890625,-6.53076171875,2.25830078125,-48.76708984375,0.0,0.0,0.0,-0.007037769071757793,0.005334367509931326,0.39571836590766907,-0.9183295369148254
8.681333780288696,-1.033678694555614,-0.13231405107551678,47.58391304167368,-0.05322265625,0.07275390625,1.05419921875,-3.173828125,-2.38037109375,-45.95947265625,0.0,0.0,0.0,-0.007788042072206736,0.004695477895438671,0.40339067578315735,-0.9149826169013977
8.700251579284668,-1.0525275620656163,-0.02608608826328546,48.38876545799506,-0.072265625,0.02197265625,1.06005859375,0.48828125,-4.57763671875,-36.19384765625,0.0,0.0,0.0,-0.008284815587103367,0.003971922677010298,0.40981438755989075,-0.9121226668357849
8.72019338607788,-0.9278728744531812,0.07407948468601783,48.976653500236395,-0.0517578125,-0.04443359375,0.95068359375,-7.32421875,-1.708984375,-24.59716796875,0.0,0.0,0.0,-0.007636712864041328,0.002768028760328889,0.4144989252090454,-0.9100136160850525
8.740376710891724,-0.6528626713203167,0.10159764984133807,49.411767286217476,-0.0126953125,-0.11181640625,1.03759765625,-0.3662109375,0.67138671875,-19.59228515625,0.0,0.0,0.0,-0.005546330939978361,0.0015757940709590912,0.41795799136161804,-0.9084481000900269
8.760347127914429,-0.5041760164740448,0.12496847610785897,49.745124913943705,-0.03125,-0.02685546875,1.0859375,3.23486328125,-1.3427734375,-13.916015625,0.0,0.0,0.0,-0.004450337029993534,0.0008611482917331159,0.42060142755508423,-0.9072343111038208
8.78058123588562,-0.3643615105553548,0.20438956893122345,49.97068166599962,-0.01904296875,-0.03173828125,0.9931640625,0.1220703125,-2.197265625,-10.80322265625,0.0,0.0,0.0,-0.003635458182543516,-0.0002736687602009624,0.4223886728286743,-0.9064075946807861
8.802330732345581,-0.18730302362921675,0.32389837601471505,50.116646223657376,-0.04052734375,-0.03271484375,0.94287109375,-1.708984375,-1.52587890625,-6.53076171875,0.0,0.0,0.0,-0.002677828073501587,-0.00186821143142879,0.4235425293445587,-0.9058703780174255
8.81577467918396,0.0037084467075364606,0.5116825010935946,50.20759360755068,-0.0751953125,-0.0380859375,0.95654296875,-3.72314453125,2.685546875,-2.685546875,0.0,0.0,0.0,-0.0018651223508641124,-0.004057202022522688,0.4242550730705261,-0.9055317640304565
8.840474843978882,0.14845968445850133,0.7017683732423419,50.26321866815127,-0.09521484375,-0.0400390625,0.98681640625,-2.62451171875,-1.0986328125,-2.0751953125,0.0,0.0,0.0,-0.0014279847964644432,-0.006094516720622778,0.42468342185020447,-0.9053202867507935
8.86065149307251,0.21646883851967033,0.7881397971960026,50.27631214079018,-0.12646484375,-0.0458984375,1.01953125,1.953125,-9.033203125,-0.9765625,0.0,0.0,0.0,-0.00121159793343395,-0.007028783671557903,0.4247798025608063,-0.905268669128418
8.882136583328247,0.26740521437887843,0.8810401883051079,50.301829727529345,-0.0556640625,-0.0244140625,1.0263671875,0.79345703125,-2.685546875,-2.44140625,0.0,0.0,0.0,-0.0011553677031770349,-0.007951239123940468,0.4249740540981293,-0.9051698446273804
8.90034532546997,0.3664865798413015,1.0179913508576814,50.356952769225934,-0.048828125,-0.00830078125,0.96044921875,-4.7607421875,-3.2958984375,-2.197265625,0.0,0.0,0.0,-0.0008851761813275516,-0.009400023147463799,0.4253946840763092,-0.9049587249755859
8.920785427093506,0.46613885306880243,1.1711216307284287,50.379700714256664,-0.037109375,-0.01171875,1.00830078125,-4.33349609375,-0.3662109375,0.0,0.0,0.0,0.0,-0.0006689138826914132,-0.01097908429801464,0.42555564641952515,-0.9048653841018677
8.935797929763794,0.6634945544545292,1.125625100336739,50.37947190291947,-0.02392578125,-0.02001953125,1.09375,0.48828125,-2.01416015625,0.6103515625,0.0,0.0,0.0,0.0010585113195702434,-0.011352737434208393,0.425538033246994,-0.9048687815666199
8.961974859237671,0.6399246922067259,1.2125932587082766,50.344320334356,-0.072265625,-0.001953125,1.01123046875,0.18310546875,-6.2255859375,2.0751953125,0.0,0.0,0.0,0.0005530243506655097,-0.011951743625104427,0.4252556264400482,-0.9049942493438721
8.980585098266602,0.53757569487626,1.301068967895683,50.30587661461258,-0.02392578125,0.0087890625,0.98095703125,-0.54931640625,-1.220703125,0.54931640625,0.0,0.0,0.0,-0.0005795829347334802,-0.012270817533135414,0.4249556362628937,-0.9051308631896973
9.0002920627594,0.33094411634997983,1.2275412344285555,50.29508150062937,-0.025390625,0.0107421875,1.0068359375,-0.67138671875,-2.62451171875,-0.732421875,0.0,0.0,0.0,-0.001937959692440927,-0.010923939757049084,0.4248965084552765,-0.9051739573478699
9.024092674255371,0.17903800114561208,1.0691703851954102,50.31791140793014,0.0009765625,0.0029296875,0.98193359375,-1.28173828125,-0.18310546875,-1.5869140625,0.0,0.0,0.0,-0.002552407793700695,-0.009109188802540302,0.4250987768173218,-0.9050976037979126
9.040467500686646,0.17981314757512917,0.9220597431392658,50.35462367471896,0.01611328125,-0.015625,1.0234375,3.96728515625,3.5400390625,-2.38037109375,0.0,0.0,0.0,-0.0020030620507895947,-0.007949483580887318,0.4253952205181122,-0.904970645904541
9.060410976409912,0.11708698475440638,0.8037888811624125,50.408237244608976,-0.0029296875,0.00048828125,0.9755859375,3.173828125,3.0517578125,-2.3193359375,0.0,0.0,0.0,-0.002062530955299735,-0.006781638599932194,0.42582711577415466,-0.9047768712043762
9.080402612686157,-0.009796945035267932,0.8900608404862849,50.45547824800337,-0.03369140625,0.05224609375,0.9345703125,-7.4462890625,1.708984375,-2.62451171875,0.0,0.0,0.0,-0.0033878388348966837,-0.006989903282374144,0.426205039024353,-0.904593288898468
9.100160360336304,-0.0975725206458717,0.9441559387127859,50.52034113945639,-0.0302734375,0.01318359375,1.109375,-1.0986328125,-3.90625,-3.84521484375,0.0,0.0,0.0,-0.004285951144993305,-0.007088040467351675,0.4267209768295288,-0.9043454527854919
9.120067834854126,-0.019570611398462286,0.9276761863494261,50.623463335545246,-0.01708984375,-0.00537109375,1.0849609375,2.8076171875,-5.7373046875,-5.37109375,0.0,0.0,0.0,-0.003615521127358079,-0.007245197426527739,0.4275301992893219,-0.9039648771286011
9.140236139297485,-0.16332232283479453,0.9860946875988393,50.666022244263594,-0.04248046875,0.03466796875,0.8974609375,-1.8310546875,-3.47900390625,2.25830078125,0.0,0.0,0.0,-0.004970125388354063,-0.00716786365956068,0.42787349224090576,-0.9037964940071106
9.155910730361938,-0.3357785829414531,0.8917990169083474,50.51144481806245,0.0146484375,0.01953125,1.044921875,2.62451171875,-3.60107421875,10.498046875,0.0,0.0,0.0,-0.005970433820039034,-0.0057882461696863174,0.42666491866111755,-0.9043716192245483
9.176306962966919,-0.4766724455119901,0.6741558394186844,50.18336009637547,0.00634765625,0.0322265625,1.0556640625,-0.6103515625,-3.72314453125,19.53125,0.0,0.0,0.0,-0.006261927075684071,-0.0035638734698295593,0.4240790605545044,-0.9055965542793274
9.196130990982056,-0.6828432530735589,0.4524981115226407,49.68315802269876,-0.005859375,0.02001953125,0.9912109375,0.1220703125,-9.70458984375,28.50341796875,0.0,0.0,0.0,-0.007066390011459589,-0.001079970970749855,0.42012137174606323,-0.9074398279190063
9.220250129699707,-0.817072265076765,0.1652729421524282,49.00286435117632,0.03271484375,0.03466796875,0.93359375,-0.9765625,-4.33349609375,36.865234375,0.0,0.0,0.0,-0.007086281664669514,0.0016446521040052176,0.41471436619758606,-0.9099226593971252
9.241310358047485,-0.8701218107517251,-0.10006986859211713,48.1337910811839,0.01708984375,0.03759765625,0.94921875,-4.638671875,-6.103515625,47.8515625,0.0,0.0,0.0,-0.006576981395483017,0.0038938538637012243,0.40778496861457825,-0.9130460619926453
9.260634183883667,-0.8473578574651305,-0.39294902720260516,47.10214564856683,0.0390625,-0.0107421875,1.05712890625,5.126953125,-4.7607421875,53.5888671875,0.0,0.0,0.0,-0.005408429075032473,0.006097990088164806,0.3995298743247986,-0.9166839122772217
9.28024172782898,-0.8954634133980592,-0.7157029730053729,46.028252080838655,0.04833984375,0.0380859375,0.9716796875,-1.0986328125,-5.126953125,54.0771484375,0.0,0.0,0.0,-0.0047505078837275505,0.008803379721939564,0.3908935785293579,-0.920381486415863
9.300387620925903,-0.887496638061474,-0.9397363794329645,44.95627438117266,0.09521484375,0.05029296875,1.0,-6.591796875,-0.91552734375,52.734375,0.0,0.0,0.0,-0.004020875319838524,0.010538359172642231,0.38224783539772034,-0.9239910840988159
9.3215970993042,-0.8386635068993803,-1.2019227956774243,43.89757456925317,0.08935546875,0.01513671875,1.0791015625,-1.5869140625,-2.38037109375,53.22265625,0.0,0.0,0.0,-0.002867526840418577,0.012463472783565521,0.3736759126186371,-0.9274711608886719
9.340421199798584,-0.8391437545753968,-1.4267829751597048,42.83957485172362,0.07958984375,0.02978515625,1.0205078125,0.1220703125,0.0,52.79541015625,0.0,0.0,0.0,-0.002269669668748975,0.014264507219195366,0.36507534980773926,-0.9308659434318542
9.360792398452759,-0.9198469752915932,-1.6588721628265035,41.80266334325647,0.06884765625,0.03125,1.0478515625,3.11279296875,-3.0517578125,51.57470703125,0.0,0.0,0.0,-0.002333848737180233,0.016386324539780617,0.356602281332016,-0.934109628200531
9.382549524307251,-1.0309533423550732,-1.9763180111075398,40.54224072438983,0.0771484375,0.03125,0.9716796875,2.50244140625,-3.47900390625,50.35400390625,0.0,0.0,0.0,-0.002463392447680235,0.019293516874313354,0.34625178575515747,-0.9379400014877319
9.400562047958374,-1.0705366364728244,-2.1610370621159496,39.79434525555718,0.08203125,0.01953125,1.0068359375,4.0283203125,-3.0517578125,49.4384765625,0.0,0.0,0.0,-0.00236527225933969,0.020909862592816353,0.34009212255477905,-0.9401566982269287
9.420373439788818,-1.1501490012733755,-2.3852324720929174,38.816135807911714,0.08251953125,0.0419921875,0.9716796875,0.54931640625,0.54931640625,49.01123046875,0.0,0.0,0.0,-0.002548517659306526,0.02296430990099907,0.3320081830024719,-0.9429935812950134
9.441430568695068,-1.189543611415305,-2.5412316448584815,37.853813380275696,0.07470703125,0.03515625,1.00634765625,-1.46484375,2.197265625,47.79052734375,0.0,0.0,0.0,-0.0026246747002005577,0.024340791627764702,0.3240467309951782,-0.9457242488861084
9.46059513092041,-1.071395746204365,-2.6270316274385355,36.92899552137221,0.05908203125,-0.005859375,1.00537109375,1.3427734375,4.08935546875,44.37255859375,0.0,0.0,0.0,-0.0016060719499364495,0.024702519178390503,0.3164166212081909,-0.9482972621917725
9.476004600524902,-0.9311085698507691,-2.42854291506338,36.10140882039845,0.0146484375,0.0205078125,0.87939453125,-2.99072265625,2.197265625,37.65869140625,0.0,0.0,0.0,-0.0011575886746868491,0.02266494184732437,0.30961498618125916,-0.9505912661552429
9.495663166046143,-0.9371437890344158,-2.1959809502399694,35.48494668176436,0.0390625,0.04443359375,1.037109375,-6.4697265625,11.65771484375,26.4892578125,0.0,0.0,0.0,-0.0019482879433780909,0.020742032676935196,0.3045237958431244,-0.9522768259048462
9.519185066223145,-0.9352844834762913,-1.8096345014893718,35.03930757427229,-0.064453125,0.0048828125,1.15966796875,2.3193359375,2.50244140625,12.02392578125,0.0,0.0,0.0,-0.0030286721885204315,0.017515040934085846,0.3008624315261841,-0.9535019993782043
9.540518283843994,-0.9993000045854128,-1.668669962469181,34.94334341643361,-0.083984375,0.029296875,1.00244140625,5.126953125,0.732421875,4.45556640625,0.0,0.0,0.0,-0.003945575561374426,0.01650696061551571,0.3000698387622833,-0.9537662863731384
9.56038236618042,-1.054546950182413,-1.4893305392058025,34.91359111240904,-0.099609375,0.03369140625,0.8759765625,1.46484375,-1.8310546875,-0.30517578125,0.0,0.0,0.0,-0.004879340995103121,0.015157797373831272,0.2998344302177429,-0.9538583755493164
9.580341339111328,-1.0282388757685221,-1.3550919222490758,34.92641137748115,-0.107421875,0.04052734375,0.919921875,-5.18798828125,-6.4697265625,-0.732421875,0.0,0.0,0.0,-0.005010293796658516,0.013972190208733082,0.2999589741230011,-0.9538366794586182
9.600295543670654,-0.9797782567204585,-1.295479311833674,34.89891986607185,-0.10107421875,0.00390625,1.0576171875,0.67138671875,-9.46044921875,2.685546875,0.0,0.0,0.0,-0.004766266327351332,0.013348020613193512,0.29974207282066345,-0.953914999961853
9.620322704315186,-0.9993672392600551,-1.2322340012751773,34.82409172861978,-0.03466796875,0.01416015625,1.02392578125,2.38037109375,-7.32421875,3.72314453125,0.0,0.0,0.0,-0.005103274714201689,0.012869478203356266,0.29912325739860535,-0.9541140198707581
9.640405416488647,-1.0915335984767955,-1.101491587399851,34.72380064594189,0.00634765625,0.04736328125,0.9716796875,-1.5869140625,0.9765625,5.2490234375,0.0,0.0,0.0,-0.006222679279744625,0.012016094289720058,0.2982914447784424,-0.9543789625167847
9.660142421722412,-1.17130070975073,-0.9229094613606976,34.59627759904317,-0.0458984375,0.01904296875,1.05517578125,0.91552734375,-5.79833984375,6.4697265625,0.0,0.0,0.0,-0.0073640961199998856,0.010728302411735058,0.29724010825157166,-0.9547140598297119
9.680869817733765,-1.1836576958980467,-0.8100047801939473,34.43495536103664,-0.04931640625,0.04296875,0.9873046875,-0.91552734375,-4.69970703125,7.568359375,0.0,0.0,0.0,-0.007773881778120995,0.009808803908526897,0.29590651392936707,-0.955134928226471
9.700414419174194,-1.2351128192886318,-0.7895637849162445,34.301046087263956,0.01708984375,0.021484375,1.0439453125,-0.67138671875,-1.3427734375,4.8828125,0.0,0.0,0.0,-0.008266988210380077,0.009761651046574116,0.2947879433631897,-0.9554771184921265
9.720824241638184,-1.324151698917447,-0.6140334194147645,34.1985386082004,-0.0078125,0.03955078125,1.0224609375,-0.8544921875,-1.89208984375,3.662109375,0.0,0.0,0.0,-0.009468790143728256,0.008518715389072895,0.2939451038837433,-0.9557374119758606
9.740447044372559,-1.4379372076828645,-0.4908665391026286,34.10659401668828,-0.021484375,0.03125,1.04931640625,1.40380859375,-5.615234375,3.84521484375,0.0,0.0,0.0,-0.010740106925368309,0.007774760946631432,0.29318395256996155,-0.9559641480445862
9.760630130767822,-1.6177599735517274,-0.5012329519937098,34.00250534883187,0.0087890625,0.04638671875,1.037109375,6.103515625,-10.07080078125,6.65283203125,0.0,0.0,0.0,-0.012221259996294975,0.008310208097100258,0.29230159521102905,-0.956212043762207
9.7825448513031,-1.9033594244973446,-0.646329915544317,33.71858121522361,0.01171875,0.1396484375,0.92626953125,2.38037109375,-4.69970703125,19.287109375,0.0,0.0,0.0,-0.014259487390518188,0.010214054025709629,0.2898879945278168,-0.956899881362915
9.800777435302734,-2.1170224693307413,-0.8178147813447395,33.24303270935606,0.0703125,0.13525390625,0.97119140625,-1.708984375,-1.52587890625,27.28271484375,0.0,0.0,0.0,-0.0156599972397089,0.01212150976061821,0.28586578369140625,-0.9580650925636292
9.820241451263428,-2.2631097569501475,-1.0224085622599757,32.62877672182388,0.04443359375,0.10986328125,0.99560546875,-1.52587890625,-7.32421875,33.75244140625,0.0,0.0,0.0,-0.016446365043520927,0.014108325354754925,0.28067266941070557,-0.9595589637756348
9.836408615112305,-2.429145465814222,-1.1993105684850118,31.88179991343461,0.0771484375,0.10498046875,0.99169921875,0.30517578125,1.5869140625,39.1845703125,0.0,0.0,0.0,-0.01750674843788147,0.01588231325149536,0.27435559034347534,-0.9613378643989563
9.860646724700928,-2.5559865610130017,-1.228761170247343,31.065749401968997,0.1123046875,0.1181640625,1.04296875,0.9765625,9.1552734375,40.46630859375,0.0,0.0,0.0,-0.018616773188114166,0.016300855204463005,0.2674787938594818,-0.9632459878921509
9.880772113800049,-2.6726750068973804,-1.2308635878512377,30.273809458273526,0.02783203125,0.14111328125,1.005859375,-3.84521484375,2.8076171875,39.36767578125,0.0,0.0,0.0,-0.019706908613443375,0.016455087810754776,0.2607983946800232,-0.9650519490242004
9.90019702911377,-2.763102442640118,-1.2192243051753013,29.477754325603126,-0.02294921875,0.10986328125,1.0166015625,-2.62451171875,-1.8310546875,40.34423828125,0.0,0.0,0.0,-0.020609557628631592,0.016420109197497368,0.2540777921676636,-0.9668247103691101
9.920728921890259,-2.8941635275289075,-1.2205280175331275,28.694727778774524,-0.00830078125,0.0947265625,1.0068359375,0.1220703125,-3.90625,39.1845703125,0.0,0.0,0.0,-0.021826183423399925,0.01657293550670147,0.24744631350040436,-0.9685139060020447
9.940482378005981,-3.0071344295140956,-1.2162655526042163,27.92709477078784,-0.00146484375,0.11083984375,0.939453125,-3.84521484375,-1.220703125,39.1845703125,0.0,0.0,0.0,-0.02290211245417595,0.016627807170152664,0.24093757569789886,-0.9701279401779175
9.960222244262695,-3.0787327412624004,-1.2209177652026413,27.12623972267821,-0.03466796875,0.0830078125,0.99951171875,0.0,-6.4697265625,41.015625,0.0,0.0,0.0,-0.023615414276719093,0.016653090715408325,0.23414024710655212,-0.9717733263969421
9.980734586715698,-3.2162562523230798,-1.1565158047968853,26.312198994375873,0.00390625,0.07421875,1.06005859375,5.18798828125,-6.8359375,39.9169921875,0.0,0.0,0.0,-0.02502932958304882,0.01621062494814396,0.2272278070449829,-0.9733849763870239
10.003451108932495,-3.3975962806830373,-1.3126453914869143,25.334616216586753,0.0126953125,0.13232421875,0.96044921875,-5.37109375,-5.67626953125,39.4287109375,0.0,0.0,0.0,-0.026411006227135658,0.0176714900881052,0.21884745359420776,-0.9752415418624878
10.020240068435669,-3.471097653888837,-1.4254997533693887,24.74192996645348,0.0595703125,0.109375,1.0498046875,-3.47900390625,-0.6103515625,40.58837890625,0.0,0.0,0.0,-0.026917077600955963,0.018633173778653145,0.21375752985477448,-0.9763380289077759
10.040353059768677,-3.5950201238779056,-1.6515807224441033,23.928447606115792,0.0361328125,0.09033203125,1.076171875,0.244140625,-3.41796875,41.6259765625,0.0,0.0,0.0,-0.02769654616713524,0.020594047382473946,0.20673510432243347,-0.9777880311012268
10.060481786727905,-3.724603326585034,-1.7223334781175017,23.09853693327693,0.01318359375,0.10498046875,0.9423828125,-1.89208984375,-3.41796875,42.1142578125,0.0,0.0,0.0,-0.028828492388129234,0.0212231632322073,0.1996036022901535,-0.9792226552963257
10.080278635025024,-3.8192723098023493,-1.87481179508763,22.266000052702196,0.0517578125,0.0673828125,1.0234375,2.38037109375,1.40380859375,41.44287109375,0.0,0.0,0.0,-0.029534634202718735,0.022476736456155777,0.1924191564321518,-0.980610728263855
10.100264549255371,-3.8919135060595504,-1.9330784313497162,21.463722617697915,0.01953125,0.0703125,1.02392578125,4.150390625,-1.15966796875,39.85595703125,0.0,0.0,0.0,-0.030218826606869698,0.02288619428873062,0.1855163425207138,-0.9819098114967346
10.120175838470459,-3.841021766553786,-1.8615923908358936,20.68643172222483,0.00927734375,0.0576171875,1.02587890625,1.0986328125,-3.35693359375,38.87939453125,0.0,0.0,0.0,-0.03004901111125946,0.021988052874803543,0.17888417840003967,-0.9831653833389282
10.14028525352478,-3.710639004826943,-1.8871889516373395,19.927466224294893,0.0380859375,0.05224609375,1.0048828125,1.89208984375,0.0,37.9638671875,0.0,0.0,0.0,-0.02903524972498417,0.021812250837683678,0.17238548398017883,-0.9843599796295166
10.160393476486206,-3.5733351270367617,-2.122545957935166,19.193886831962597,0.05859375,0.04248046875,0.9765625,-0.244140625,-0.54931640625,36.4990234375,0.0,0.0,0.0,-0.027650203555822372,0.023450570181012154,0.16603711247444153,-0.9854528903961182
10.180597305297852,-3.381188245305963,-2.301655075757468,18.468713694951298,0.0517578125,0.033203125,0.98095703125,-0.9765625,0.9765625,35.400390625,0.0,0.0,0.0,-0.025892337784171104,0.024548808112740517,0.15978603065013885,-0.9865066409111023
10.20065712928772,-3.060374686877287,-2.387315893233183,17.760435030852022,0.06494140625,-0.08447265625,0.9873046875,-4.94384765625,-3.173828125,33.447265625,0.0,0.0,0.0,-0.02316317707300186,0.02469603158533573,0.1537310928106308,-0.9875325560569763
10.216825485229492,-2.7701573877225063,-2.528302737089882,17.07696873646011,0.07568359375,-0.15283203125,1.04931640625,0.8544921875,-2.9296875,35.400390625,0.0,0.0,0.0,-0.020623454824090004,0.025398917496204376,0.14786680042743683,-0.9884660840034485
10.242351055145264,-2.628690723076614,-2.578657026085332,16.32610725798039,-0.02197265625,-0.07373046875,1.02783203125,3.96728515625,-1.77001953125,40.1611328125,0.0,0.0,0.0,-0.019505377858877182,0.025523392483592033,0.14140647649765015,-0.98943030834198
10.26148533821106,-2.4163973446152163,-2.5373563662781455,15.51439050154315,0.02294921875,-0.03173828125,0.9501953125,-2.44140625,2.5634765625,40.52734375,0.0,0.0,0.0,-0.017899610102176666,0.024778638035058975,0.13444969058036804,-0.9904488325119019
10.280474424362183,-2.1678277642548234,-2.528725568488188,14.673884497754306,0.041015625,-0.07275390625,1.08935546875,0.91552734375,-0.42724609375,41.80908203125,0.0,0.0,0.0,-0.015939932316541672,0.024296075105667114,0.12723618745803833,-0.9914467930793762
10.300523042678833,-1.9508100293218924,-2.615101848279462,13.83082571076317,0.0419921875,-0.078125,0.978515625,1.5869140625,-5.9814453125,40.83251953125,0.0,0.0,0.0,-0.014147852547466755,0.024698924273252487,0.11996946483850479,-0.9923694729804993
10.320552825927734,-1.5555713146021728,-2.8398528514567283,13.011471095286563,-0.02294921875,-0.03662109375,0.83154296875,-19.04296875,-18.06640625,42.3583984375,0.0,0.0,0.0,-0.010675583966076374,0.026155568659305573,0.11292321979999542,-0.9932021498680115
10.340662717819214,-0.8786281176718885,-3.1070899791490008,12.207040443146434,0.15283203125,-0.17431640625,0.9521484375,-23.74267578125,-2.5634765625,40.8935546875,0.0,0.0,0.0,-0.004738623276352882,0.027771614491939545,0.10607625544071198,-0.9939588308334351
10.360760927200317,-0.3079406261947587,-3.0400683210314274,11.247597794019219,0.12548828125,-0.27880859375,1.017578125,-11.8408203125,2.685546875,47.4853515625,0.0,0.0,0.0,-7.392221596091986e-05,0.026661967858672142,0.09789049625396729,-0.9948399662971497
10.383680582046509,0.031636332332854886,-3.1709550226529704,10.209531129808695,-0.02392578125,-0.31103515625,1.02880859375,-1.953125,-11.474609375,52.91748046875,0.0,0.0,0.0,0.002736722119152546,0.02753397263586521,0.08895067870616913,-0.9956516623497009
10.401220321655273,0.3413051131144925,-3.280168039934182,9.062320603982306,-0.017578125,-0.29248046875,1.01611328125,-4.2724609375,-5.859375,59.08203125,0.0,0.0,0.0,0.0052290004678070545,0.028296170756220818,0.07905352115631104,-0.9964550137519836
10.42032766342163,0.6929209303896482,-3.382606149888975,7.805582018399238,0.025390625,-0.28857421875,1.02001953125,-4.57763671875,-8.9111328125,64.0869140625,0.0,0.0,0.0,0.008039024658501148,0.029034147039055824,0.06821105629205704,-0.9972159266471863
10.44066596031189,1.0104160307379026,-3.507347815691622,6.424829395603542,0.083984375,-0.3212890625,1.037109375,-1.46484375,-5.92041015625,70.4345703125,0.0,0.0,0.0,0.010514287278056145,0.0300594475120306,0.05627882853150368,-0.9979071617126465
10.460374355316162,1.2724417240934556,-3.5990341406757578,4.939503161520365,0.09423828125,-0.3095703125,1.03125,-0.42724609375,-2.99072265625,75.74462890625,0.0,0.0,0.0,0.0124412402510643,0.030892979353666306,0.04341640695929527,-0.9985018372535706
10.475460767745972,1.5143254030300526,-3.613942736086603,3.335174754971468,0.06591796875,-0.298828125,0.95556640625,1.77001953125,-3.41796875,82.21435546875,0.0,0.0,0.0,0.014119968749582767,0.03113190457224846,0.029500281438231468,-0.9989800453186035
10.495212316513062,1.7637978490213566,-3.811197318656102,1.5999545241591504,0.03125,-0.27978515625,0.9482421875,1.3427734375,-17.63916015625,88.37890625,0.0,0.0,0.0,0.015845634043216705,0.03303088620305061,0.01446416787803173,-0.999224066734314
10.520377397537231,2.114622938497951,-3.8075986627371514,-0.31346432824259496,0.17333984375,-0.2861328125,0.99853515625,-2.50244140625,5.18798828125,96.61865234375,0.0,0.0,0.0,0.01835140399634838,0.03326611965894699,-0.002120496239513159,-0.999275803565979
10.540626764297485,2.57900365818571,-3.9074991439718736,-2.402138257505757,0.05078125,-0.21142578125,0.80029296875,-12.75634765625,-12.6953125,105.46875,0.0,0.0,0.0,0.021771688014268875,0.034548070281744,-0.02017652802169323,-0.9989621043205261
10.560903549194336,3.0780998815471166,-4.213762691921129,-4.579862538981105,0.150390625,-0.2841796875,1.0595703125,-3.7841796875,-21.30126953125,106.93359375,0.0,0.0,0.0,0.025350259616971016,0.03779355064034462,-0.03892816603183746,-0.9982051849365234
10.580726385116577,3.6328192445184024,-4.286201970710993,-6.924216115448085,0.2685546875,-0.283203125,1.14404296875,-13.5498046875,1.52587890625,121.58203125,0.0,0.0,0.0,0.02935992181301117,0.03922123461961746,-0.05913269892334938,-0.9970471858978271
10.60024619102478,4.043528337708201,-4.502527295216813,-9.458193245634368,0.162109375,-0.4189453125,1.1376953125,2.50244140625,-15.625,129.33349609375,0.0,0.0,0.0,0.03189532086253166,0.042030081152915955,-0.0809485912322998,-0.9953207969665527
10.621665716171265,4.096650987751621,-5.042736775070053,-12.076606028113993,0.2373046875,-0.5205078125,1.26416015625,20.99609375,-43.64013671875,126.3427734375,0.0,0.0,0.0,0.030884988605976105,0.04747616872191429,-0.1034606471657753,-0.993019700050354
10.641011476516724,4.146948500799596,-5.219302714643583,-14.787533722901442,0.32958984375,-0.25146484375,0.79931640625,4.638671875,4.94384765625,139.22119140625,0.0,0.0,0.0,0.029987528920173645,0.04977434501051903,-0.12683641910552979,-0.9902200698852539
10.661059141159058,4.451405890600206,-5.15626604501989,-17.776192277267242,0.1279296875,-0.1689453125,0.5693359375,-0.6103515625,-7.87353515625,152.2216796875,0.0,0.0,0.0,0.031386230140924454,0.05040235444903374,-0.15250633656978607,-0.9865173697471619
10.680750846862793,4.942753050904821,-5.468417216033697,-21.010443943619187,0.1484375,-0.33837890625,0.81640625,2.8076171875,-30.029296875,161.7431640625,0.0,0.0,0.0,0.0336599126458168,0.05471258610486984,-0.17992570996284485,-0.9815805554389954
10.700481414794922,5.319332969472536,-5.444277619959579,-24.432667538571764,0.447265625,-0.44091796875,1.146484375,7.9345703125,-3.84521484375,173.4619140625,0.0,0.0,0.0,0.035262588411569595,0.05617498606443405,-0.20898306369781494,-0.9756674766540527
10.720287799835205,5.501121442440187,-5.347907065865284,-27.961296943056677,0.5166015625,-0.4384765625,1.2373046875,12.939453125,-9.6435546875,174.49951171875,0.0,0.0,0.0,0.035257723182439804,0.056799206882715225,-0.23888063430786133,-0.9687449932098389
10.740528583526611,5.5340429542396485,-5.542506839281764,-31.516828755134977,0.63720703125,-0.458984375,1.19384765625,21.05712890625,-15.80810546875,179.19921875,0.0,0.0,0.0,0.03329083323478699,0.05957246571779251,-0.26870161294937134,-0.9608029127120972
10.760684490203857,5.678200073088291,-5.175697933208576,-35.22842185201161,0.4365234375,-0.28076171875,0.75732421875,15.44189453125,-7.080078125,190.3076171875,0.0,0.0,0.0,0.03351472690701485,0.05795464664697647,-0.29979512095451355,-0.9516516923904419
10.775465250015259,6.085945717951951,-5.362552698993084,-39.21747430844708,0.22119140625,-0.3134765625,0.64306640625,3.0517578125,-31.55517578125,201.96533203125,0.0,0.0,0.0,0.03427457436919212,0.061800483614206314,-0.3324158489704132,-0.9404816627502441
10.800905227661133,6.618835796335876,-5.424573804864562,-43.38284468321184,0.53466796875,-0.419921875,0.90625,2.25830078125,-15.7470703125,205.9326171875,0.0,0.0,0.0,0.03611927852034569,0.06520930677652359,-0.36603960394859314,-0.9276089072227478
10.821183681488037,6.82483003283523,-5.3811828937279405,-47.565731078103106,0.7001953125,-0.4970703125,1.173828125,20.01953125,-15.80810546875,207.09228515625,0.0,0.0,0.0,0.03551100194454193,0.06685726344585419,-0.3995559811592102,-0.913577675819397
10.837536573410034,6.971125854667733,-5.124418580467413,-51.79633658963067,0.66650390625,-0.33251953125,0.95361328125,7.75146484375,-12.51220703125,210.14404296875,0.0,0.0,0.0,0.03514719381928444,0.06666810065507889,-0.43308430910110474,-0.8981970548629761
10.860641717910767,7.067178378078799,-4.919436065738868,-56.08558952046654,0.64306640625,-0.39208984375,0.99609375,17.822265625,-16.11328125,215.33203125,0.0,0.0,0.0,0.03420931473374367,0.06675557047128677,-0.4664701819419861,-0.8813507556915283
10.875351428985596,7.37360926566272,-4.976992362327272,-60.58728182505732,0.5029296875,-0.3310546875,0.74609375,4.8828125,-22.216796875,227.05078125,0.0,0.0,0.0,0.03361321613192558,0.06981806457042694,-0.5005024075508118,-0.8622604012489319
10.901023864746094,7.754072146773587,-4.56674302624598,-65.18468898558207,0.62646484375,-0.37841796875,0.92138671875,6.34765625,6.591796875,235.7177734375,0.0,0.0,0.0,0.035510413348674774,0.0698835551738739,-0.5347290635108948,-0.8413798809051514
10.915349245071411,7.851234149037957,-4.227984853320389,-69.7274819535034,0.7265625,-0.50146484375,1.14404296875,20.6298828125,-13.7939453125,228.515625,0.0,0.0,0.0,0.035098690539598465,0.06930360198020935,-0.5678253173828125,-0.8194751739501953
10.936689138412476,7.897298652347816,-4.1905852987463375,-74.2887779038863,0.7451171875,-0.455078125,1.05810546875,19.8974609375,-29.78515625,223.93798828125,0.0,0.0,0.0,0.03283020481467247,0.07062774896621704,-0.5999826788902283,-0.7962127327919006
10.96064829826355,7.820996047808665,-3.546945410517948,-78.80102626583933,0.78515625,-0.30224609375,0.861328125,14.892578125,16.05224609375,227.60009765625,0.0,0.0,0.0,0.03307521343231201,0.0671258494257927,-0.631325364112854,-0.7718992233276367
10.981030702590942,7.817117354133743,-3.5863594440103297,-83.37186399049273,0.4375,-0.39208984375,0.7666015625,18.5546875,-42.29736328125,230.3466796875,0.0,0.0,0.0,0.0301181860268116,0.06862467527389526,-0.661582350730896,-0.7461181879043579
10.999161005020142,7.910106110815236,-3.522176369823131,-88.05807044041683,0.99853515625,-0.2578125,1.06982421875,12.75634765625,-5.79833984375,234.4970703125,0.0,0.0,0.0,0.02825941890478134,0.06995905190706253,-0.6915160417556763,-0.7184098958969116
11.020321130752563,7.930012697151238,-3.16611220508802,-92.5136418926371,0.91943359375,-0.3486328125,1.0556640625,22.5830078125,-27.587890625,216.61376953125,0.0,0.0,0.0,0.02788144163787365,0.06899172812700272,-0.7191212177276611,-0.6908888816833496
11.04093074798584,7.74469429704316,-2.876465013285524,-96.8972982830863,0.9365234375,-0.27490234375,0.98046875,16.05224609375,13.7939453125,217.041015625,0.0,0.0,0.0,0.026040000841021538,0.06713385134935379,-0.7452934980392456,-0.6628369092941284
11.060879707336426,7.584160092112119,-2.2942682261700993,-101.3745214349755,0.51123046875,-0.16748046875,0.68603515625,6.591796875,-15.19775390625,225.64697265625,0.0,0.0,0.0,0.02643674612045288,0.06381502002477646,-0.7710118889808655,-0.633063554763794
11.080280780792236,7.628635722666303,-2.544225402149063,-105.98825957780575,0.61376953125,-0.28662109375,0.79541015625,13.36669921875,-32.71484375,225.4638671875,0.0,0.0,0.0,0.02234060689806938,0.06644357740879059,-0.7957196235656738,-0.6015949249267578
11.10039496421814,7.575956181145287,-2.2306462947119,-110.39724913988654,1.044921875,-0.310546875,1.146484375,23.62060546875,-9.82666015625,218.75,0.0,0.0,0.0,0.021749747917056084,0.06532261520624161,-0.8184524774551392,-0.5704345703125
11.120556831359863,7.3493381884470805,-1.9422761348407847,-114.7654283216765,0.8671875,-0.22265625,0.91845703125,8.36181640625,-0.91552734375,218.81103515625,0.0,0.0,0.0,0.020295340567827225,0.06309255957603455,-0.8398518562316895,-0.5387543439865112
11.145320177078247,7.054376042253256,-1.9549373845712843,-118.8602496725042,1.25146484375,-0.30322265625,1.1640625,25.57373046875,-14.6484375,198.91357421875,0.0,0.0,0.0,0.016624603420495987,0.06162315234541893,-0.8587197661399841,-0.508455216884613
11.156328439712524,6.731140327990165,-1.2735906899778988,-122.74246089484774,0.89306640625,-0.22314453125,0.908203125,23.98681640625,4.0283203125,195.61767578125,0.0,0.0,0.0,0.018388116732239723,0.056841880083084106,-0.8758618831634521,-0.4788495898246765
11.180822849273682,6.561890374791364,-1.057709221046423,-126.8046066206861,0.54248046875,-0.19384765625,0.62060546875,-0.1220703125,6.9580078125,209.228515625,0.0,0.0,0.0,0.017383210361003876,0.055298853665590286,-0.8924320340156555,-0.4474426209926605
11.20073676109314,6.721383402760802,-0.6408281448070188,-130.9294261623485,0.7490234375,-0.3291015625,0.798828125,2.197265625,-9.521484375,199.0966796875,0.0,0.0,0.0,0.019263852387666702,0.05564569681882858,-0.9079909324645996,-0.41483113169670105
11.220689058303833,6.657742261395562,-0.3884017487213899,-134.60261993571132,1.001953125,-0.458984375,1.12744140625,14.6484375,-3.5400390625,172.91259765625,0.0,0.0,0.0,0.019285444170236588,0.054875027388334274,-0.92090904712677,-0.38541316986083984
11.240280389785767,6.384903951697055,-0.11981600551358348,-137.74644672764148,0.9462890625,-0.34716796875,1.025390625,13.7939453125,-1.5869140625,148.0712890625,0.0,0.0,0.0,0.019098682329058647,0.052323032170534134,-0.931316077709198,-0.35992756485939026
11.260495901107788,6.1502152367208325,0.2566593524628914,-140.33038925292735,0.81005859375,-0.28271484375,0.89990234375,11.29150390625,21.05712890625,120.9716796875,0.0,0.0,0.0,0.020306069403886795,0.04970347881317139,-0.9393587708473206,-0.33870700001716614
11.280250310897827,5.974310117949501,0.1602030341377879,-142.37586698480607,0.54052734375,-0.20654296875,0.6953125,8.97216796875,-25.93994140625,88.8671875,0.0,0.0,0.0,0.018125861883163452,0.04887806624174118,-0.9453177452087402,-0.32195761799812317
11.30066728591919,6.159411659551432,0.030980370703322515,-143.73720564865965,0.86962890625,-0.25,0.93310546875,-11.474609375,-3.72314453125,51.26953125,0.0,0.0,0.0,0.01697567291557789,0.050973404198884964,-0.9489773511886597,-0.3107340931892395
11.32032823562622,6.274192988553495,-0.21592838646137985,-144.05146265237195,1.10498046875,-0.30126953125,1.1767578125,-2.50244140625,0.1220703125,-3.2958984375,0.0,0.0,0.0,0.015097967348992825,0.052634965628385544,-0.9497362971305847,-0.30822503566741943
11.340583801269531,6.317899795939231,-0.007902811515472409,-143.21602123385267,1.16796875,-0.24560546875,1.1923828125,2.685546875,28.564453125,-61.95068359375,0.0,0.0,0.0,0.017321549355983734,0.05231305956840515,-0.9474771022796631,-0.31504058837890625
11.356215238571167,6.275096707958053,0.016036517108929636,-141.37441098832048,0.57958984375,-0.2392578125,0.9150390625,0.8544921875,18.9208984375,-102.72216796875,0.0,0.0,0.0,0.018233515322208405,0.05160697549581528,-0.9423150420188904,-0.3302222192287445
11.380718231201172,6.682682697149863,-0.00985971657482393,-138.99082523214776,0.0869140625,-0.20654296875,0.51318359375,-26.3671875,38.330078125,-122.25341796875,0.0,0.0,0.0,0.020335525274276733,0.05462178960442543,-0.9350501298904419,-0.3496915400028229
11.401657342910767,7.046802216237358,1.0588590407045124,-136.28870677384234,0.03076171875,-0.30859375,1.1591796875,9.521484375,86.12060546875,-124.6337890625,0.0,0.0,0.0,0.03143709525465965,0.05360325053334236,-0.9265422224998474,-0.37102290987968445
11.420471906661987,6.648898020194041,2.1397823671925162,-133.77120832880235,-0.7236328125,-0.16796875,1.14111328125,20.6298828125,26.123046875,-119.56787109375,0.0,0.0,0.0,0.039905279874801636,0.04600774496793747,-0.9184401631355286,-0.3908434808254242
11.44075608253479,6.37273212770927,2.563146093367056,-131.39192559180674,-0.63134765625,0.05712890625,0.98291015625,16.9677734375,29.78515625,-117.5537109375,0.0,0.0,0.0,0.043223533779382706,0.041454024612903595,-0.9102493524551392,-0.4097065031528473
11.455673694610596,6.3229404755467,2.845499710353036,-128.97674338053355,-0.4560546875,0.0498046875,1.0654296875,7.50732421875,14.70947265625,-120.4833984375,0.0,0.0,0.0,0.04611961916089058,0.03907999023795128,-0.9014363288879395,-0.4286704957485199
11.480547666549683,6.164909961833292,3.053345995334521,-126.51377716582697,-0.3828125,0.0546875,1.1083984375,8.4228515625,19.34814453125,-125.0,0.0,0.0,0.0,0.04794684424996376,0.03603259101510048,-0.8920691609382629,-0.4479012191295624
11.501040935516357,6.1180386424277255,3.4944549798595768,-123.80609893353714,-0.154296875,0.1435546875,0.7431640625,-3.41796875,45.41015625,-140.19775390625,0.0,0.0,0.0,0.05197978392243385,0.032714467495679855,-0.8812516927719116,-0.4686398506164551
11.51541805267334,6.315004222617968,4.051937154350133,-120.88317411974356,-0.3681640625,0.1435546875,0.84375,4.7607421875,10.3759765625,-143.798828125,0.0,0.0,0.0,0.05785977840423584,0.030469100922346115,-0.868950366973877,-0.4905599355697632
11.540637969970703,6.195753388577777,4.136106429265847,-117.85990016666413,-0.58203125,0.02734375,1.20947265625,15.2587890625,6.7138671875,-145.44677734375,0.0,0.0,0.0,0.05873628705739975,0.02766214869916439,-0.8557347059249878,-0.5133253931999207
11.564480543136597,6.028358685512281,4.298092903169161,-114.15120990018475,-0.61767578125,0.14453125,0.99072265625,15.80810546875,14.404296875,-148.0712890625,0.0,0.0,0.0,0.059993285685777664,0.023752816021442413,-0.8387094736099243,-0.5407430529594421
11.58036470413208,5.91349454046653,4.262942188379337,-111.95270861014104,-0.64697265625,0.20947265625,1.005859375,15.7470703125,3.23486328125,-147.27783203125,0.0,0.0,0.0,0.05962645262479782,0.021939126774668694,-0.8282041549682617,-0.5568134784698486
11.60034990310669,5.664199892837058,4.204538521447027,-108.93740548782303,-0.52392578125,0.2890625,1.0146484375,20.263671875,11.474609375,-152.77099609375,0.0,0.0,0.0,0.05851112678647041,0.018889809027314186,-0.8133105039596558,-0.5785720348358154
11.62032675743103,5.428530618828115,3.976843493294074,-105.80180907384275,-0.4912109375,0.29736328125,0.98486328125,19.95849609375,-1.708984375,-160.46142578125,0.0,0.0,0.0,0.05619069188833237,0.016841493546962738,-0.7972100377082825,-0.6008453965187073
11.640396118164062,5.305400237339357,3.9507961400074074,-102.41902128361053,-0.32861328125,0.3271484375,0.8779296875,7.62939453125,13.73291015625,-174.8046875,0.0,0.0,0.0,0.05581600219011307,0.01448088139295578,-0.7791435122489929,-0.6241877675056458
11.664010763168335,5.291023116023303,3.9688739431931386,-97.90794088400557,-0.5244140625,0.26806640625,0.98779296875,12.939453125,-2.197265625,-184.26513671875,0.0,0.0,0.0,0.05637919530272484,0.012074739672243595,-0.7539762258529663,-0.6543663740158081
11.680577039718628,5.2110454428238615,3.692947107329317,-95.13263694874345,-0.56982421875,0.2548828125,1.08740234375,14.22119140625,-4.82177734375,-184.6923828125,0.0,0.0,0.0,0.054413847625255585,0.011815681122243404,-0.7379013299942017,-0.6726077795028687
11.700502395629883,4.96745955268005,3.4636042960390987,-91.34389003500236,-0.44140625,0.251953125,0.998046875,17.76123046875,-0.9765625,-192.68798828125,0.0,0.0,0.0,0.051865994930267334,0.009888464584946632,-0.7152673602104187,-0.6968534588813782
11.720337152481079,4.831511467440117,3.3552237080629825,-87.45707526515822,-0.47216796875,0.27392578125,0.96142578125,10.986328125,7.75146484375,-194.82421875,0.0,0.0,0.0,0.05066438391804695,0.007987183518707752,-0.6912238001823425,-0.7208184003829956
11.74088454246521,4.67698142567634,3.125266820077697,-83.74727850803332,-0.62255859375,0.19580078125,1.07275390625,16.78466796875,-11.65771484375,-181.09130859375,0.0,0.0,0.0,0.04855850711464882,0.006936858408153057,-0.6675146818161011,-0.7429791688919067
11.755858182907104,4.558683403025365,2.8277378034164182,-80.28339588178554,-0.45751953125,0.2080078125,0.94677734375,8.48388671875,-3.11279296875,-170.2880859375,0.0,0.0,0.0,0.046288538724184036,0.006784806028008461,-0.6447241306304932,-0.7629824280738831
11.780375719070435,4.538125387397273,2.6457604330295337,-77.02687096855018,-0.43017578125,0.2021484375,0.873046875,4.33349609375,-1.15966796875,-158.935546875,0.0,0.0,0.0,0.04533587768673897,0.006597259547561407,-0.6227592825889587,-0.781071126461029
11.800485610961914,4.399254834966221,2.4379154287085183,-74.0398926407202,-0.48486328125,0.18994140625,1.04248046875,12.6953125,-6.04248046875,-143.9208984375,0.0,0.0,0.0,0.043436720967292786,0.006131312809884548,-0.6021651029586792,-0.7971655130386353
11.820366144180298,4.129775697678891,2.291591432345689,-71.42015992418347,-0.498046875,0.2109375,1.0625,17.88330078125,-11.5966796875,-124.32861328125,0.0,0.0,0.0,0.04091497138142586,0.0048003895208239555,-0.5837734341621399,-0.8108708262443542
11.841302394866943,3.8891165435944304,1.9422204261103668,-69.11275126782391,-0.41162109375,0.2666015625,0.9365234375,9.33837890625,-12.39013671875,-113.95263671875,0.0,0.0,0.0,0.037549469619989395,0.005294271744787693,-0.5672824382781982,-0.8226497173309326
11.860328912734985,3.7486174179331524,1.9341334821330718,-67.0306432314264,-0.34033203125,0.27490234375,0.97021484375,6.2255859375,4.638671875,-99.79248046875,0.0,0.0,0.0,0.03657941147685051,0.003992882091552019,-0.5522461533546448,-0.8328686952590942
11.880676507949829,3.6289268904651415,1.9592450995034467,-65.17262687150783,-0.44140625,0.29345703125,0.9716796875,-0.6103515625,1.3427734375,-89.84375,0.0,0.0,0.0,0.035878006368875504,0.002652050694450736,-0.538676917552948,-0.8417439460754395
11.900127410888672,3.5680705452905626,1.9453586845905761,-63.39615614009004,-0.4150390625,0.28466796875,0.9814453125,0.06103515625,1.77001953125,-87.890625,0.0,0.0,0.0,0.03539981320500374,0.0019195120548829436,-0.5255624055862427,-0.8500160574913025
11.920444250106812,3.4368177882181894,1.973127245548086,-61.70053435787769,-0.41748046875,0.23779296875,0.99462890625,6.89697265625,-3.2958984375,-82.763671875,0.0,0.0,0.0,0.034565992653369904,0.0006000181892886758,-0.5129328966140747,-0.857732355594635
11.93566632270813,3.347433877314583,1.9755521761468522,-60.13733628329356,-0.50439453125,0.248046875,0.9033203125,-3.72314453125,6.8359375,-73.30322265625,0.0,0.0,0.0,0.03390709310770035,-0.000280796637525782,-0.5011851191520691,-0.8646755218505859
11.955475807189941,3.409053282685499,2.2015347478088363,-58.891318533386475,-0.650390625,0.099609375,1.00634765625,-1.0986328125,-0.732421875,-57.80029296875,0.0,0.0,0.0,0.035337839275598526,-0.0021018360275775194,-0.49178725481033325,-0.8699955344200134
11.980173826217651,3.4655775803789974,2.2260186281058045,-57.9504189940822,-0.61669921875,0.11865234375,0.9384765625,-6.77490234375,1.03759765625,-41.259765625,0.0,0.0,0.0,0.03585383668541908,-0.002339721890166402,-0.48463213443756104,-0.8739798069000244
12.000506162643433,3.479109465785262,2.3768546047456622,-57.340694837064326,-0.61083984375,0.12060546875,1.05078125,-0.79345703125,2.5634765625,-22.705078125,0.0,0.0,0.0,0.03657478094100952,-0.003628310514613986,-0.4799976348876953,-0.8764995336532593
12.02131724357605,3.4275985269425533,2.3771679396738365,-57.09186421541159,-0.61572265625,0.09033203125,1.03515625,1.28173828125,-10.55908203125,-7.38525390625,0.0,0.0,0.0,0.03617364540696144,-0.003925037570297718,-0.4780915081501007,-0.8775560855865479
12.047391891479492,3.383092160537104,2.3777371932524747,-57.08586389422574,-0.26123046875,0.0927734375,1.04736328125,-0.06103515625,-2.5634765625,1.953125,0.0,0.0,0.0,0.035834964364767075,-0.00411696033552289,-0.4780440926551819,-0.8775949478149414
12.0602707862854,3.2734221609117364,2.3282040210613077,-57.15865322021056,-0.12939453125,0.0830078125,1.015625,2.0751953125,-14.2822265625,4.21142578125,0.0,0.0,0.0,0.03479151055216789,-0.0041727633215487,-0.478590726852417,-0.877338707447052
12.080581903457642,3.0644303251403935,1.8685591837893065,-57.330995968442906,-0.02734375,0.10986328125,0.9931640625,2.50244140625,-27.4658203125,9.6435546875,0.0,0.0,0.0,0.03127751871943474,-0.0014770615380257368,-0.47984251379966736,-0.876795768737793
12.101170539855957,3.002182542365836,1.3924146371949644,-57.6341812355106,0.10205078125,-0.0009765625,0.9658203125,-5.7373046875,-13.18359375,15.625,0.0,0.0,0.0,0.028805125504732132,0.0019834921695291996,-0.482092946767807,-0.8756441473960876
12.120346307754517,3.14540563284548,1.0700551081363385,-57.97827250551751,0.10498046875,-0.06640625,1.02978515625,-8.9111328125,-3.0517578125,19.1650390625,0.0,0.0,0.0,0.028529589995741844,0.005135806277394295,-0.48466426134109497,-0.8742197751998901
12.140426635742188,3.4007040167553932,0.8141603633345182,-58.33071026669017,0.0673828125,-0.173828125,1.01220703125,-5.31005859375,-6.77490234375,16.54052734375,0.0,0.0,0.0,0.029370659962296486,0.008258603513240814,-0.4872889220714569,-0.8727076649665833
12.155408143997192,3.729893734984032,0.6192033390079352,-58.6658881398302,0.0302734375,-0.20361328125,0.90087890625,-10.3759765625,-7.50732421875,15.93017578125,0.0,0.0,0.0,0.031016504392027855,0.011234159581363201,-0.48977047204971313,-0.8712270855903625
12.180341243743896,4.133115233296204,0.5639631702392522,-58.98024076619087,0.0361328125,-0.2216796875,1.068359375,-7.32421875,-0.8544921875,14.404296875,0.0,0.0,0.0,0.03380921110510826,0.013470293954014778,-0.4921018183231354,-0.8697766065597534
12.200635433197021,4.331434898489402,0.5945996635962271,-59.32210539452834,-0.0888671875,-0.1728515625,1.115234375,-1.52587890625,-1.03759765625,19.59228515625,0.0,0.0,0.0,0.03540373593568802,0.014195052906870842,-0.4946783483028412,-0.868238627910614
12.220465183258057,4.466528356309437,0.6273688835215384,-59.71629610209729,-0.0576171875,-0.1435546875,0.91357421875,-0.6103515625,-6.40869140625,19.4091796875,0.0,0.0,0.0,0.03651844337582588,0.014655601233243942,-0.4976538121700287,-0.8664827346801758
12.238516330718994,4.793741375103592,0.6273316376462207,-60.12785598072558,-0.044921875,-0.11767578125,0.826171875,-9.8876953125,-7.99560546875,20.44677734375,0.0,0.0,0.0,0.03893435373902321,0.016216794028878212,-0.5007182955741882,-0.8645821809768677
12.260558366775513,5.122534728916959,0.5591151233107183,-60.50331830959035,0.0302734375,-0.14404296875,0.970703125,-8.60595703125,-0.6103515625,17.7001953125,0.0,0.0,0.0,0.04105734825134277,0.018302803859114647,-0.5034780502319336,-0.8628378510475159
12.281628847122192,5.392669991251433,0.5813162796818745,-60.79427753804372,-0.0234375,-0.1220703125,1.08203125,-2.9296875,-0.3662109375,12.87841796875,0.0,0.0,0.0,0.04313952103257179,0.01943203993141651,-0.50562983751297,-0.8614522218704224
12.3003408908844,5.406361959216369,0.6955407348231712,-60.97956007965866,-0.07958984375,-0.10302734375,1.14306640625,2.50244140625,-6.28662109375,6.591796875,0.0,0.0,0.0,0.043715838342905045,0.018704218789935112,-0.5070573687553406,-0.8605998754501343
12.320767879486084,5.23961142836697,0.7433703084249491,-61.01267966694405,-0.0107421875,-0.06298828125,1.07080078125,0.732421875,-0.91552734375,-1.0986328125,0.0,0.0,0.0,0.042669832706451416,0.017619332298636436,-0.5073479413986206,-0.8605039119720459
12.341742515563965,5.101332967959593,0.7703801314152059,-60.971445814924685,-0.0146484375,-0.06298828125,0.9638671875,-1.46484375,2.99072265625,-2.13623046875,0.0,0.0,0.0,0.04175694286823273,0.016789168119430542,-0.5070673823356628,-0.8607306480407715
12.355620622634888,5.014899058447197,0.8984453245792987,-60.929556264744996,-0.07080078125,-0.080078125,0.951171875,2.9296875,-7.38525390625,-2.3193359375,0.0,0.0,0.0,0.04167944937944412,0.01542914193123579,-0.5068032145500183,-0.8609153628349304
12.383729934692383,4.849271239942619,1.0350256292042819,-60.880310600829205,-0.03125,-0.0478515625,1.00146484375,-2.86865234375,3.173828125,-0.79345703125,0.0,0.0,0.0,0.04104430228471756,0.013652371242642403,-0.506493330001831,-0.8611583113670349
12.400673389434814,4.7858209169873165,1.112691176647968,-60.87872599694176,-0.10009765625,-0.06494140625,0.9599609375,1.5869140625,-5.92041015625,-0.732421875,0.0,0.0,0.0,0.040910474956035614,0.012787418439984322,-0.5065100789070129,-0.8611680269241333
12.420339584350586,4.537239170352464,1.247738637412812,-60.887168110755894,-0.033203125,-0.0458984375,1.1279296875,7.14111328125,0.3662109375,-0.18310546875,0.0,0.0,0.0,0.039637625217437744,0.010676078498363495,-0.5066341757774353,-0.8611834049224854
12.444233894348145,4.295526459588529,1.2945809285144056,-60.89789833794199,-0.06005859375,0.00146484375,1.00439453125,-0.42724609375,-2.44140625,0.1220703125,0.0,0.0,0.0,0.03802695870399475,0.00925871916115284,-0.5067471265792847,-0.8612059354782104
12.460924863815308,4.129698004277082,1.381809060961227,-60.922043056657984,-0.07177734375,0.05810546875,0.892578125,2.74658203125,-1.8310546875,1.3427734375,0.0,0.0,0.0,0.03716419264674187,0.007877296768128872,-0.5069605708122253,-0.8611317276954651
12.481379270553589,3.9452380735703096,1.4000277367985898,-60.959506644255505,-0.07177734375,0.10693359375,0.89306640625,-1.0986328125,-4.69970703125,0.42724609375,0.0,0.0,0.0,0.03585619106888771,0.0069359601475298405,-0.5072578191757202,-0.8610202670097351
12.50082778930664,3.8383648229666507,1.336875274124123,-61.00030336416799,-0.095703125,0.11572265625,0.95654296875,-3.47900390625,-5.06591796875,2.3193359375,0.0,0.0,0.0,0.034771502017974854,0.00695000821724534,-0.5075580477714539,-0.8608877062797546
12.520893812179565,3.6258955671341253,1.209661826893872,-61.052178650914236,-0.06005859375,0.083984375,1.17724609375,3.96728515625,-7.8125,3.60107421875,0.0,0.0,0.0,0.03260928764939308,0.006979868747293949,-0.5079357624053955,-0.8607492446899414
12.54830265045166,3.212663786263065,1.0795451223795423,-61.104716466009975,0.0078125,0.18310546875,1.10302734375,8.48388671875,-4.5166015625,0.79345703125,0.0,0.0,0.0,0.028926081955432892,0.006139240227639675,-0.5083306431770325,-0.8606542348861694
12.561247110366821,3.020218083756078,1.060109819096271,-61.11929208969878,0.00341796875,0.2431640625,0.982421875,4.33349609375,-0.67138671875,0.42724609375,0.0,0.0,0.0,0.027393819764256477,0.005435047671198845,-0.5084466934204102,-0.8606404662132263
12.580573797225952,2.777958530971719,1.1315475146773748,-61.13147031698892,-0.029296875,0.23046875,0.90185546875,1.708984375,5.615234375,3.2958984375,0.0,0.0,0.0,0.025890592485666275,0.0038261590525507927,-0.508558452129364,-0.860629677772522
12.596296548843384,2.5548328993735043,1.1046118099117832,-61.16523194205629,-0.076171875,0.17333984375,0.98388671875,0.9765625,-0.9765625,1.5869140625,0.0,0.0,0.0,0.02409442886710167,0.0030453787185251713,-0.5088151097297668,-0.8605332970619202
12.62068223953247,2.391462244946204,1.1145150505997727,-61.18678801907685,-0.0458984375,0.171875,1.01806640625,-1.64794921875,-4.33349609375,1.40380859375,0.0,0.0,0.0,0.022911082953214645,0.0022498932667076588,-0.5089820027351379,-0.8604692816734314
12.641907930374146,2.1547539284097725,1.0192366864424454,-61.26741840222885,-0.048828125,0.14404296875,0.96533203125,3.84521484375,-5.0048828125,3.5400390625,0.0,0.0,0.0,0.020709291100502014,0.0019287100294604897,-0.5095813870429993,-0.8601711392402649
12.655477046966553,1.8352652132366678,0.9536348538985884,-61.46017317079578,-0.01318359375,0.1650390625,1.09130859375,4.5166015625,-6.04248046875,14.22119140625,0.0,0.0,0.0,0.01801770180463791,0.0010308163473382592,-0.5110256671905518,-0.8593760132789612
12.675428628921509,1.561403549101423,0.7091314238893214,-61.9639952447326,-0.00390625,0.17626953125,1.04541015625,1.40380859375,-13.00048828125,30.82275390625,0.0,0.0,0.0,0.01486646942794323,0.001708874013274908,-0.5147833228111267,-0.8571898341178894
12.70059609413147,1.358198591104374,0.4827775140520708,-62.75805937725994,0.06103515625,0.14501953125,0.9619140625,2.0751953125,-9.94873046875,43.27392578125,0.0,0.0,0.0,0.012312211096286774,0.002574800979346037,-0.5206986665725708,-0.8536478281021118
12.720433235168457,1.1462084090091014,0.29075995234825275,-63.787662583315175,0.046875,0.13916015625,0.9228515625,1.0986328125,-6.7138671875,55.96923828125,0.0,0.0,0.0,0.00983282271772623,0.0031305328011512756,-0.5283403396606445,-0.8489700555801392
12.740707159042358,0.8897476122798164,0.017463483031773475,-65.03480048424615,0.046875,0.1435546875,0.96826171875,0.54931640625,-13.671875,65.91796875,0.0,0.0,0.0,0.006629109848290682,0.004045313689857721,-0.5375404953956604,-0.8432021737098694
12.760381937026978,0.7994936526698265,-0.18315416395611,-66.40066756351943,0.1630859375,0.15380859375,0.982421875,-5.55419921875,-0.1220703125,69.091796875,0.0,0.0,0.0,0.004962774459272623,0.005157670937478542,-0.5475447177886963,-0.8367458581924438
12.780551433563232,0.711649362454676,-0.3641806439444817,-67.79571321092703,0.10888671875,0.11376953125,1.08642578125,-0.67138671875,-6.103515625,69.4580078125,0.0,0.0,0.0,0.0033822855912148952,0.006101392209529877,-0.5576841235160828,-0.8300238847732544
12.800525426864624,0.525830224103071,-0.5099437377021503,-69.13604904308282,0.12353515625,0.1142578125,1.1240234375,3.96728515625,0.06103515625,65.91796875,0.0,0.0,0.0,0.0012536762515082955,0.006267937831580639,-0.5673558712005615,-0.8234479427337646
12.820714235305786,0.36704737572475654,-0.589156002827727,-70.42056856934127,0.08203125,0.1328125,1.01953125,-0.244140625,0.91552734375,62.744140625,0.0,0.0,0.0,-0.00034734909422695637,0.0060474686324596405,-0.5765549540519714,-0.8170359134674072
12.840500593185425,0.24832857606831216,-0.6312418675852001,-71.51697102547924,0.0654296875,0.09814453125,0.974609375,-1.3427734375,2.38037109375,48.27880859375,0.0,0.0,0.0,-0.001460523810237646,0.0057365004904568195,-0.5843499302864075,-0.8114801645278931
12.860726356506348,0.07587988653265748,-0.5563325149150257,-72.303740515973,0.05029296875,0.07373046875,0.99365234375,3.0517578125,11.41357421875,34.72900390625,0.0,0.0,0.0,-0.0023293655831366777,0.00431074807420373,-0.5899179577827454,-0.8074482679367065
12.880404233932495,-0.16425729835893257,-0.3922817230567802,-72.85290138562037,-0.041015625,0.10107421875,0.94873046875,1.40380859375,0.3662109375,22.52197265625,0.0,0.0,0.0,-0.0031860657036304474,0.0019033068092539907,-0.5937902331352234,-0.8046113848686218
12.900535106658936,-0.3051739726940804,-0.4232341927041475,-73.12264604651168,-0.0595703125,0.119140625,0.93896484375,-2.74658203125,-9.3994140625,9.27734375,0.0,0.0,0.0,-0.004339164588600397,0.0013802298344671726,-0.5956845283508301,-0.8032056093215942
12.92089056968689,-0.5061866534109672,-0.5179231062000177,-73.16299880412811,0.09228515625,0.08984375,1.13818359375,2.8076171875,3.2958984375,-1.220703125,0.0,0.0,0.0,-0.006240666378289461,0.0009968114318326116,-0.5959697365760803,-0.8029820919036865
12.943341255187988,-0.674430487728513,-0.5238587540321703,-73.10824117755212,0.05908203125,0.0771484375,1.0380859375,2.50244140625,3.96728515625,-3.23486328125,0.0,0.0,0.0,-0.007450390607118607,0.00016695965314283967,-0.595586895942688,-0.8032563328742981
12.956106901168823,-0.7933272725097744,-0.40161306880391345,-73.09224487451596,-0.056640625,0.064453125,0.87255859375,-4.33349609375,-2.86865234375,0.06103515625,0.0,0.0,0.0,-0.007648684550076723,-0.0013068766565993428,-0.5954712629318237,-0.8033391833305359
12.980482578277588,-0.7585202016125663,-0.3046986608969563,-73.14039087797538,-0.08642578125,0.029296875,0.9638671875,-2.86865234375,-6.591796875,3.35693359375,0.0,0.0,0.0,-0.006900327745825052,-0.0018083408940583467,-0.5958061218261719,-0.8030967116355896
13.000616312026978,-0.7260264304098769,-0.19671074209704983,-73.21050276980556,-0.04248046875,0.0166015625,1.0458984375,-0.8544921875,-3.84521484375,2.62451171875,0.0,0.0,0.0,-0.006109683308750391,-0.002399967983365059,-0.5962943434715271,-0.8027390241622925
13.015401124954224,-0.7482507453911876,-0.04943628889263744,-73.25644945235223,-0.04150390625,0.00634765625,1.02978515625,4.2724609375,-4.8828125,1.89208984375,0.0,0.0,0.0,-0.005497600883245468,-0.0035495231859385967,-0.5966097712516785,-0.80250483751297
13.047338008880615,-0.8000752859663354,0.11292210348521921,-73.30219122922381,-0.02587890625,0.033203125,0.90625,-2.44140625,1.220703125,2.3193359375,0.0,0.0,0.0,-0.005013258662074804,-0.004958365112543106,-0.5969201922416687,-0.802269697189331
13.05558156967163,-0.8628465920686038,0.27875512114958845,-73.35631364820699,-0.0263671875,0.02734375,1.0126953125,-4.45556640625,0.1220703125,2.5634765625,0.0,0.0,0.0,-0.004585821181535721,-0.0064485082402825356,-0.5972860455513,-0.8019893169403076
13.075436353683472,-0.7842258853581737,0.3797298097138537,-73.41232119940109,0.005859375,0.00927734375,1.06103515625,-2.0751953125,2.8076171875,2.0751953125,0.0,0.0,0.0,-0.003505942178890109,-0.006747097708284855,-0.5976758599281311,-0.8017018437385559
13.100243091583252,-0.784036774495529,0.27016706540279656,-73.42406912477351,0.02685546875,0.015625,1.05859375,2.13623046875,2.0751953125,0.732421875,0.0,0.0,0.0,-0.004075486212968826,-0.005980032961815596,-0.5977649688720703,-0.8016387820243835
13.120351314544678,-0.9795514730956729,0.25218755290809003,-73.4199710112715,-0.005859375,0.03759765625,1.0458984375,1.52587890625,1.52587890625,-0.3662109375,0.0,0.0,0.0,-0.005537264980375767,-0.006873951759189367,-0.5977264642715454,-0.8016515374183655
13.135650157928467,-1.1279527007398324,0.34617362393011003,-73.43159599323887,-0.03515625,0.03759765625,1.0263671875,-0.67138671875,-2.0751953125,0.42724609375,0.0,0.0,0.0,-0.0060843247920274734,-0.008306116797029972,-0.5977906584739685,-0.8015862107276917
13.160432577133179,-1.166071773054262,0.4548425205943947,-73.44177297510218,-0.046875,0.01904296875,0.96142578125,-0.244140625,-2.01416015625,0.3662109375,0.0,0.0,0.0,-0.00578320911154151,-0.009265600703656673,-0.5978493094444275,-0.8015341758728027
13.180744171142578,-1.1196323563919932,0.473996558822079,-73.44257893742424,0.00927734375,0.013671875,0.982421875,2.50244140625,9.1552734375,0.1220703125,0.0,0.0,0.0,-0.005358372814953327,-0.009157322347164154,-0.5978569388389587,-0.8015327453613281
13.20076870918274,-1.1008358892395298,0.6824249573477484,-73.47508380768434,-0.11181640625,0.0107421875,0.974609375,3.72314453125,-5.4931640625,2.685546875,0.0,0.0,0.0,-0.004136355128139257,-0.010518222115933895,-0.5980663299560547,-0.801366925239563
13.220348358154297,-1.1249870112578717,0.6291373155471899,-73.5297321512336,-0.1171875,0.029296875,0.96533203125,0.9765625,-10.19287109375,3.0517578125,0.0,0.0,0.0,-0.0045785075053572655,-0.010273831896483898,-0.5984514355659485,-0.8010801672935486
13.23720932006836,-1.2258650633175519,0.5520080446750556,-73.53327018922367,0.06591796875,0.0224609375,1.15576171875,4.5166015625,5.79833984375,-0.42724609375,0.0,0.0,0.0,-0.005686263088136911,-0.010261693969368935,-0.5984747409820557,-0.8010557889938354
13.255545854568481,-1.3291574805271258,0.5378577069837874,-73.53992279347527,-0.01904296875,0.033203125,0.99267578125,1.40380859375,0.9765625,1.15966796875,0.0,0.0,0.0,-0.006481620948761702,-0.010702620260417461,-0.5985132455825806,-0.8010151982307434
13.28048586845398,-1.3579660445074762,0.7204561976983199,-73.61524611964217,-0.0888671875,0.0361328125,0.87451171875,-2.5634765625,-3.662109375,4.7607421875,0.0,0.0,0.0,-0.005721163935959339,-0.012133121490478516,-0.599016547203064,-0.8006243705749512
13.301355123519897,-1.3171522491220649,0.7695511705655484,-73.73855835491759,-0.068359375,0.0146484375,1.01416015625,-0.3662109375,-6.9580078125,5.9814453125,0.0,0.0,0.0,-0.005166115704923868,-0.012268315069377422,-0.5998764634132385,-0.7999818921089172
13.320924520492554,-1.253862542333963,0.7216340318041768,-73.84355202283902,-0.01611328125,0.01708984375,1.0458984375,1.0986328125,-1.953125,4.638671875,0.0,0.0,0.0,-0.004964540246874094,-0.011607067659497261,-0.6006211638450623,-0.7994341850280762
13.34121584892273,-1.2279202032057854,0.8378811300742964,-73.9406295015124,-0.0400390625,0.02294921875,0.9423828125,-1.03759765625,-2.5634765625,5.18798828125,0.0,0.0,0.0,-0.004163737408816814,-0.012285522185266018,-0.6012879610061646,-0.7989271283149719
13.361486673355103,-1.353301665634592,0.7743259530430634,-74.07198769963009,-0.00390625,0.03662109375,0.994140625,-2.38037109375,-2.13623046875,7.50732421875,0.0,0.0,0.0,-0.005357112269848585,-0.012506525032222271,-0.6021971702575684,-0.7982314229011536
13.380470514297485,-1.4147340945769793,0.6678002950351346,-74.34740141753251,-0.0068359375,0.0322265625,1.02978515625,-1.8310546875,-12.14599609375,18.61572265625,0.0,0.0,0.0,-0.006315898150205612,-0.012102617882192135,-0.6041197776794434,-0.7967767119407654
13.400315046310425,-1.44664217705834,0.3502814757877702,-74.8526441708167,0.162109375,0.03564453125,1.068359375,2.44140625,-2.50244140625,30.029296875,0.0,0.0,0.0,-0.008167538791894913,-0.010099384002387524,-0.6076588034629822,-0.7940919995307922
13.421606302261353,-1.5625001146283275,0.06252425869359753,-75.57008724123484,0.1298828125,0.076171875,1.06005859375,2.9296875,-3.11279296875,39.306640625,0.0,0.0,0.0,-0.010441639460623264,-0.008785326965153217,-0.6126378178596497,-0.7902460694313049
13.440465688705444,-1.6749278031310877,-0.19228067072920899,-76.47089357011114,0.1005859375,0.08447265625,1.03369140625,1.708984375,-5.7373046875,48.88916015625,0.0,0.0,0.0,-0.01251883152872324,-0.007727878633886576,-0.6188467144966125,-0.785374104976654
13.460541248321533,-1.7944031796402433,-0.4767524867913262,-77.54507059068987,0.09814453125,0.0703125,0.9931640625,1.0986328125,-2.0751953125,55.908203125,0.0,0.0,0.0,-0.01481291837990284,-0.006562490481883287,-0.6261987686157227,-0.7794950604438782
13.48072099685669,-1.8420149342405212,-0.7009195087945562,-78.73651512912856,0.09814453125,0.07421875,0.95849609375,-3.47900390625,1.03759765625,61.767578125,0.0,0.0,0.0,-0.016305571421980858,-0.005467461422085762,-0.634284496307373,-0.7729084491729736
13.495543479919434,-1.8135605796016596,-0.9988826159941014,-80.02126005162962,0.0478515625,0.02685546875,0.91162109375,-2.5634765625,-4.45556640625,64.208984375,0.0,0.0,0.0,-0.017724374309182167,-0.003498818725347519,-0.6429304480552673,-0.7657115459442139
13.52041506767273,-1.7655415749721197,-1.1293825581538923,-81.27466806621865,0.134765625,-0.00830078125,1.048828125,5.859375,8.23974609375,60.302734375,0.0,0.0,0.0,-0.018108580261468887,-0.0025554033927619457,-0.651275098323822,-0.758621335029602
13.543581247329712,-1.8214338667239804,-1.3196237103845516,-82.44114826324095,0.05615234375,0.048828125,1.0556640625,1.0986328125,-0.244140625,57.0068359375,0.0,0.0,0.0,-0.019541963934898376,-0.0018123164772987366,-0.6589703559875488,-0.7519128322601318
13.55548620223999,-1.875694170151031,-1.4128165189674982,-83.47422803558372,0.03369140625,0.06982421875,0.958984375,-9.6435546875,1.64794921875,47.7294921875,0.0,0.0,0.0,-0.020419210195541382,-0.0016968020936474204,-0.6657246947288513,-0.7459161281585693
13.580623388290405,-1.6494871627417886,-1.4200132971968702,-84.28767624497556,0.015625,0.00390625,0.943359375,-8.36181640625,5.126953125,35.94970703125,0.0,0.0,0.0,-0.01898564212024212,-0.0004705592873506248,-0.671005368232727,-0.7412093281745911
13.596160650253296,-1.4250333795151238,-1.1686692726512768,-84.87687568353753,-0.03955078125,-0.0087890625,1.00341796875,-2.197265625,3.35693359375,23.62060546875,0.0,0.0,0.0,-0.01605822890996933,-0.0008651146199554205,-0.6748039722442627,-0.7378217577934265
13.620556354522705,-1.3951624009537194,-1.0783045892715386,-85.20027831054847,-0.1005859375,0.03125,1.00732421875,0.6103515625,-8.1787109375,11.65771484375,0.0,0.0,0.0,-0.015330251306295395,-0.0013144478434696794,-0.6768819689750671,-0.7359307408332825
13.64289402961731,-1.4988301584025265,-1.001660475273887,-85.30038839321334,0.0146484375,0.0419921875,1.0625,-0.48828125,-1.8310546875,2.5634765625,0.0,0.0,0.0,-0.015541289933025837,-0.0024327081628143787,-0.6775208115577698,-0.7353353500366211
13.65554666519165,-1.625561436966057,-1.1701060669762124,-85.3085777900282,0.03759765625,0.04052734375,1.04150390625,-0.54931640625,1.15966796875,-0.48828125,0.0,0.0,0.0,-0.017350006848573685,-0.002102101920172572,-0.6775761842727661,-0.7352449297904968
13.680397272109985,-1.6500933420306272,-1.2866142598995263,-85.30226669523509,0.04150390625,0.02392578125,1.0078125,3.47900390625,0.6103515625,-0.732421875,0.0,0.0,0.0,-0.018196171149611473,-0.001498412573710084,-0.6775385737419128,-0.7352606058120728
13.700392007827759,-1.7785085823896831,-1.3519189792144877,-85.29601707214454,0.0498046875,0.06103515625,0.95166015625,-3.90625,4.638671875,0.0,0.0,0.0,0.0,-0.019406190142035484,-0.0018374839564785361,-0.677498459815979,-0.7352659106254578
13.720516920089722,-1.7643062712276996,-1.3425525487065788,-85.27293786293906,0.0634765625,0.05078125,1.01220703125,-5.9814453125,9.70458984375,-0.9765625,0.0,0.0,0.0,-0.019260073080658913,-0.0018097569700330496,-0.6773502826690674,-0.7354062795639038
13.740931034088135,-1.7798004486381676,-1.1678115503019113,-85.25054167265058,-0.06005859375,0.01513671875,1.1044921875,3.11279296875,0.42724609375,-1.3427734375,0.0,0.0,0.0,-0.018327590078115463,-0.0030195526778697968,-0.677200198173523,-0.7355644106864929
13.760483264923096,-1.8443766855894648,-0.9537359193539635,-85.2356450300708,-0.03271484375,0.0556640625,1.0078125,1.8310546875,4.39453125,-0.91552734375,0.0,0.0,0.0,-0.01747802644968033,-0.00477344635874033,-0.6770923137664795,-0.7356751561164856
13.783653736114502,-1.846031939246135,-0.7825700980929745,-85.20227955597528,-0.0859375,0.06640625,0.87353515625,-7.62939453125,-5.55419921875,-1.3427734375,0.0,0.0,0.0,-0.016479266807436943,-0.005877576768398285,-0.6768679618835449,-0.7358964681625366
13.800420045852661,-1.7740414252290833,-0.6012841242769953,-85.17689857301951,-0.05224609375,-0.0078125,1.05615234375,2.74658203125,4.69970703125,-1.46484375,0.0,0.0,0.0,-0.014947815798223019,-0.0066134692169725895,-0.6766969561576843,-0.7360802292823792
13.820729494094849,-1.7755193074107447,-0.3616862375152519,-85.15531517524228,-0.0263671875,0.00146484375,1.076171875,9.3994140625,3.84521484375,-1.15966796875,0.0,0.0,0.0,-0.013544168323278427,-0.008158918470144272,-0.6765403151512146,-0.7362359166145325
13.840467691421509,-1.8478773709825078,-0.2761757642425566,-85.17545740310464,-0.13037109375,0.0888671875,0.9052734375,-4.82177734375,-6.9580078125,2.25830078125,0.0,0.0,0.0,-0.013502659276127815,-0.009137924760580063,-0.67665696144104,-0.7361178398132324
13.861495018005371,-1.7688514419552257,-0.16737868146941517,-85.21027770749336,-0.05517578125,0.0498046875,0.9833984375,-9.46044921875,-3.23486328125,1.28173828125,0.0,0.0,0.0,-0.012349758297204971,-0.009373976849019527,-0.6768772006034851,-0.7359328269958496
13.880716323852539,-1.6061185564416753,-0.0385180847620266,-85.25254974826657,-0.0517578125,0.0029296875,1.0068359375,-3.5400390625,-2.86865234375,2.13623046875,0.0,0.0,0.0,-0.01054008025676012,-0.009244232438504696,-0.6771503686904907,-0.7357112169265747
13.900357961654663,-1.5345548225260435,0.09697363178355926,-85.33290692385178,-0.0966796875,0.0087890625,1.00634765625,2.13623046875,-9.033203125,5.06591796875,0.0,0.0,0.0,-0.009273158386349678,-0.009697752073407173,-0.6776599287986755,-0.735253095626831
13.92032265663147,-1.5522137430165825,0.10807451012393489,-85.44602168669635,-0.07373046875,0.0390625,1.00634765625,1.3427734375,-7.4462890625,6.04248046875,0.0,0.0,0.0,-0.009311064146459103,-0.009882601909339428,-0.6783828139305115,-0.7345831990242004
13.936540126800537,-1.6960284986330787,0.043604337872918,-85.53928108962371,0.00244140625,0.0439453125,1.04638671875,-1.0986328125,-3.72314453125,5.31005859375,0.0,0.0,0.0,-0.010606236755847931,-0.010329348035156727,-0.6789738535881042,-0.7340131402015686
13.960378646850586,-1.7276236730730883,-0.03279124128228867,-85.63381773792585,0.02294921875,0.02685546875,1.01171875,-1.52587890625,4.0283203125,5.06591796875,0.0,0.0,0.0,-0.011253000237047672,-0.010036497376859188,-0.679583728313446,-0.7334429621696472
13.980340957641602,-1.664348373715267,-0.17296014664050566,-85.72836121641717,0.00732421875,0.0224609375,1.00537109375,3.23486328125,-0.3662109375,4.150390625,0.0,0.0,0.0,-0.01167203113436699,-0.008773702196776867,-0.680206298828125,-0.7328752875328064
13.995410203933716,-1.7988325573169965,-0.22609647040247932,-85.79690899492742,0.0546875,0.0634765625,0.95849609375,-4.57763671875,6.2255859375,1.89208984375,0.0,0.0,0.0,-0.012841988354921341,-0.009239821694791317,-0.6806386113166809,-0.7324485778808594
14.021255016326904,-1.7762519519209345,-0.3016259829049497,-85.82131326083187,0.02392578125,0.0380859375,1.048828125,-2.74658203125,1.46484375,1.40380859375,0.0,0.0,0.0,-0.013144410215318203,-0.008625696413218975,-0.6808028221130371,-0.7322980165481567
14.040390491485596,-1.7456786378137823,-0.1909941272258004,-85.82882646891889,-0.037109375,0.0087890625,1.12158203125,6.4697265625,0.06103515625,0.732421875,0.0,0.0,0.0,-0.012291201390326023,-0.00915190763771534,-0.6808437705039978,-0.7322683930397034
14.060364246368408,-1.8764621395458343,-0.05405801576879524,-85.81589009063089,-0.00537109375,0.0546875,0.98681640625,3.41796875,3.173828125,-1.220703125,0.0,0.0,0.0,-0.012314601801335812,-0.010802636854350567,-0.6807367205619812,-0.7323449850082397
14.080480098724365,-1.9536430637235669,0.03094546603542537,-85.79626695714543,-0.05419921875,0.0693359375,0.8505859375,-7.87353515625,-4.150390625,-0.67138671875,0.0,0.0,0.0,-0.012304919771850109,-0.011802272871136665,-0.6805946826934814,-0.7324617505073547
14.100525140762329,-1.8659442885542494,0.19149800041943427,-85.77392540837033,0.00244140625,-0.00927734375,1.1005859375,4.150390625,6.2255859375,-2.0751953125,0.0,0.0,0.0,-0.010793146677315235,-0.012305526994168758,-0.6804430484771729,-0.7326182723045349
14.120397567749023,-1.8597503741941057,0.33779039381713916,-85.76014208662524,-0.021484375,0.00146484375,1.07421875,8.85009765625,5.9814453125,-0.1220703125,0.0,0.0,0.0,-0.009886392392218113,-0.013202791102230549,-0.6803383827209473,-0.7327126860618591
14.140253067016602,-1.9591183141169783,0.46246874696783125,-85.79029054162167,-0.11669921875,0.091796875,0.8837890625,-4.638671875,-4.82177734375,2.197265625,0.0,0.0,0.0,-0.009777623228728771,-0.014592432416975498,-0.680503249168396,-0.7325345873832703
14.16063642501831,-1.8774309591909184,0.5997835637328551,-85.82814345000189,-0.06005859375,0.05419921875,0.95849609375,-10.8642578125,-2.50244140625,1.03759765625,0.0,0.0,0.0,-0.008434897288680077,-0.01498779933899641,-0.6807372570037842,-0.7323257923126221
14.180325269699097,-1.6785203759128087,0.7429981164760363,-85.84965854588742,-0.0283203125,-0.00341796875,1.04248046875,-1.708984375,1.77001953125,0.79345703125,0.0,0.0,0.0,-0.006309983786195517,-0.014722447842359543,-0.6808813214302063,-0.7322186231613159
14.200380563735962,-1.5792128404754082,0.8426208011106093,-85.88777783164527,-0.09423828125,0.0078125,1.00732421875,5.2490234375,-8.30078125,3.60107421875,0.0,0.0,0.0,-0.005078445188701153,-0.014770528301596642,-0.6811245083808899,-0.7320010662078857
14.220826864242554,-1.6763087820038998,0.8016568482851636,-85.93659319364335,-0.0048828125,0.0546875,1.02734375,-0.42724609375,-2.8076171875,1.46484375,0.0,0.0,0.0,-0.005935796070843935,-0.015088563784956932,-0.6814290881156921,-0.731704592704773
14.240617513656616,-1.7315285135659257,0.5807068987418624,-85.9560797233454,0.0205078125,0.05615234375,1.02587890625,-4.638671875,-3.173828125,0.18310546875,0.0,0.0,0.0,-0.007600179873406887,-0.01400764100253582,-0.6815754175186157,-0.7315744757652283
14.261264085769653,-1.6865185274308936,0.498440631922791,-85.95338862881242,0.05126953125,0.01513671875,1.03564453125,-0.18310546875,5.37109375,-0.18310546875,0.0,0.0,0.0,-0.0078025273978710175,-0.013214608654379845,-0.6815736889839172,-0.73158860206604
14.28041934967041,-1.6524926594200058,0.5256008791573467,-85.95568357237353,-0.03369140625,0.033203125,0.9462890625,1.89208984375,-2.0751953125,0.6103515625,0.0,0.0,0.0,-0.0074234614148736,-0.013185754418373108,-0.6815890073776245,-0.7315788269042969
14.300562143325806,-1.7136848578026789,0.5629976589670475,-85.93873104285356,0.0556640625,0.0732421875,0.93798828125,-8.056640625,10.43701171875,-1.89208984375,0.0,0.0,0.0,-0.007593698799610138,-0.013787318021059036,-0.6814690232276917,-0.7316777110099792
14.320568799972534,-1.7003002483503926,0.6229982027829649,-85.9046279083277,-0.0498046875,0.0263671875,1.1005859375,-2.9296875,-3.35693359375,-2.197265625,0.0,0.0,0.0,-0.0071555539034307,-0.014088647440075874,-0.6812453269958496,-0.7318847179412842
14.34037709236145,-1.6731349851956652,0.7395070893973664,-85.86212364112271,-0.0751953125,0.009765625,1.123046875,4.7607421875,-3.47900390625,-1.52587890625,0.0,0.0,0.0,-0.006294723134487867,-0.01466882973909378,-0.6809621453285217,-0.7321446537971497
14.35567307472229,-1.7421013262359881,0.8417367184999158,-85.8061843918203,-0.0458984375,0.0576171875,0.9208984375,-2.74658203125,-2.50244140625,-2.99072265625,0.0,0.0,0.0,-0.006135415285825729,-0.015728700906038284,-0.6805815696716309,-0.7324778437614441
14.381119728088379,-1.6912470460489524,0.9687614817543453,-85.77240227618542,-0.06689453125,0.05810546875,0.89404296875,-9.94873046875,-0.54931640625,-1.28173828125,0.0,0.0,0.0,-0.00506052328273654,-0.016236957162618637,-0.6803545951843262,-0.7326856851577759
14.398247480392456,-1.570227513178845,1.0889048294199868,-85.73960370779102,-0.01708984375,-0.03173828125,1.15673828125,5.92041015625,3.72314453125,-1.52587890625,0.0,0.0,0.0,-0.003577884053811431,-0.016285419464111328,-0.6801446676254272,-0.7328883409500122
14.420248746871948,-1.5677287311596781,1.18915845277914,-85.7234571405931,-0.04052734375,0.01708984375,1.00146484375,7.4462890625,1.03759765625,-0.1220703125,0.0,0.0,0.0,-0.0029690738301724195,-0.01691119745373726,-0.6800270676612854,-0.7329859733581543
14.441683053970337,-1.6170267954330089,1.2406418574217573,-85.7580793694959,-0.103515625,0.08203125,0.88525390625,-7.99560546875,-6.2255859375,2.50244140625,0.0,0.0,0.0,-0.002973497612401843,-0.017533868551254272,-0.6802332401275635,-0.7327800393104553
14.460564374923706,-1.5581983761116889,1.2411638332847343,-85.78908159813858,-0.017578125,0.03466796875,0.97314453125,-10.498046875,-1.8310546875,1.3427734375,0.0,0.0,0.0,-0.0025895575527101755,-0.01718868874013424,-0.6804403066635132,-0.7325974106788635
14.480313777923584,-1.2926935551476608,1.1862117597608082,-85.82795220470513,-0.02880859375,-0.01708984375,1.0810546875,-0.6103515625,-0.244140625,3.41796875,0.0,0.0,0.0,-0.001213379087857902,-0.01526126079261303,-0.6807342171669006,-0.7323706746101379
14.5003023147583,-1.2706824167736483,1.1742132518232116,-85.96902293182258,-0.107421875,0.01123046875,1.0166015625,4.57763671875,-14.16015625,9.521484375,0.0,0.0,0.0,-0.0011254622368142009,-0.015055233612656593,-0.6816397905349731,-0.731532096862793
14.521739482879639,-1.4073523676314879,0.9883201553294999,-86.19944619366213,0.02294921875,0.03759765625,1.0244140625,3.173828125,-7.38525390625,13.0615234375,0.0,0.0,0.0,-0.003074448788538575,-0.014687958173453808,-0.6831159591674805,-0.7301558256149292
14.540724992752075,-1.462498781381642,0.6348905226233091,-86.51052715941036,0.07861328125,0.0439453125,1.01123046875,-0.8544921875,-3.23486328125,17.08984375,0.0,0.0,0.0,-0.005498514510691166,-0.012780088931322098,-0.6851320862770081,-0.7282860279083252
14.56066083908081,-1.4839903984919103,0.4805695486811584,-86.8842204692801,0.1103515625,0.02587890625,1.02783203125,1.953125,0.48828125,20.5078125,0.0,0.0,0.0,-0.006518974434584379,-0.01194924395531416,-0.6875181794166565,-0.7260395884513855
14.58070683479309,-1.5612768704366606,0.22542012159208938,-87.34165189837418,0.0595703125,0.03076171875,0.986328125,5.18798828125,-2.38037109375,24.71923828125,0.0,0.0,0.0,-0.008496460504829884,-0.010830499231815338,-0.6904293894767761,-0.7232688665390015
14.600340604782104,-1.6325641951343184,0.022445100512726118,-87.9178603171348,0.10009765625,0.07861328125,0.9775390625,-3.41796875,1.28173828125,32.04345703125,0.0,0.0,0.0,-0.010119093582034111,-0.010029963217675686,-0.6940701007843018,-0.7197664380073547
14.620571374893188,-1.6896269038334841,-0.2526067557683995,-88.6801162586974,0.05078125,0.04736328125,1.080078125,-0.18310546875,-6.9580078125,41.259765625,0.0,0.0,0.0,-0.012085647322237492,-0.008728524670004845,-0.6988610625267029,-0.7151020169258118
14.641878604888916,-1.7516490769220197,-0.58019682234908,-89.57226190770612,0.05419921875,0.03271484375,1.05322265625,4.45556640625,-5.0048828125,47.36328125,0.0,0.0,0.0,-0.01441494096070528,-0.007174763362854719,-0.7044260501861572,-0.7095947265625
14.661075115203857,-1.859318578172514,-0.8569201756640012,-90.58281571616618,0.033203125,0.07568359375,0.8994140625,-4.7607421875,-5.18798828125,53.8330078125,0.0,0.0,0.0,-0.016727767884731293,-0.006270547863095999,-0.7106659412384033,-0.7033029198646545
14.676406383514404,-1.9050735885356063,-1.099549572519746,-91.7001595322994,0.1015625,0.00048828125,1.08154296875,6.65283203125,-0.244140625,56.45751953125,0.0,0.0,0.0,-0.018462631851434708,-0.005245073698461056,-0.7174986004829407,-0.6962954998016357
14.700493335723877,-1.949145597598525,-1.370445974059853,-92.82984550026283,0.07568359375,0.037109375,1.0078125,3.662109375,-2.197265625,55.96923828125,0.0,0.0,0.0,-0.020386820659041405,-0.004075594712048769,-0.7243351340293884,-0.6891345381736755
14.715490579605103,-1.9660332403213816,-1.6183356304327126,-93.97672988455635,0.0634765625,0.052734375,0.8955078125,-4.2724609375,-0.54931640625,58.28857421875,0.0,0.0,0.0,-0.02202659472823143,-0.002911521354690194,-0.7311999201774597,-0.681801438331604
14.741122961044312,-1.796938673926199,-1.8353420528648303,-95.19025642458169,0.0234375,0.00927734375,0.98388671875,-0.91552734375,-5.859375,61.4013671875,0.0,0.0,0.0,-0.02239760011434555,-0.0007779414881952107,-0.7383819222450256,-0.6740103960037231
14.760836601257324,-1.5615467696305818,-2.055224411824347,-96.40111919083071,0.03955078125,0.0283203125,1.03369140625,-4.33349609375,-7.99560546875,60.6689453125,0.0,0.0,0.0,-0.022449472919106483,0.0017957306699827313,-0.745456337928772,-0.6661739349365234
14.782411098480225,-1.4595114273934078,-2.4902822756315945,-97.59794591833537,0.10302734375,0.01806640625,1.01171875,0.42724609375,-6.591796875,59.75341796875,0.0,0.0,0.0,-0.02473592385649681,0.0047319564037024975,-0.7523467540740967,-0.6582857966423035
14.800697326660156,-1.4592313896374371,-2.7994661563378544,-98.8073538542912,0.1494140625,0.02294921875,1.02685546875,4.57763671875,-3.173828125,60.97412109375,0.0,0.0,0.0,-0.02683040127158165,0.006228226236999035,-0.7592273950576782,-0.6502423882484436
14.821081638336182,-1.5204236947418162,-3.040413032141102,-100.0543210004929,0.103515625,0.04052734375,1.0546875,4.39453125,-3.173828125,61.95068359375,0.0,0.0,0.0,-0.028849631547927856,0.00687750056385994,-0.7662380337715149,-0.641871988773346
14.840365409851074,-1.5964392178924152,-3.382941682931952,-101.28639150411483,0.107421875,0.0537109375,1.0205078125,1.15966796875,-5.37109375,61.6455078125,0.0,0.0,0.0,-0.03165155649185181,0.007949602790176868,-0.7730607390403748,-0.6334920525550842
14.86030125617981,-1.5778921593663628,-3.6083206366260363,-102.51688423403847,0.17529296875,0.05419921875,1.01708984375,0.30517578125,2.50244140625,61.21826171875,0.0,0.0,0.0,-0.03316659852862358,0.008966285735368729,-0.7797874212265015,-0.62510085105896
14.88152027130127,-1.5198258397460285,-3.7736415235047867,-103.74376379389119,0.1513671875,0.03564453125,0.97265625,-0.3662109375,3.5400390625,61.70654296875,0.0,0.0,0.0,-0.03408198058605194,0.009899880737066269,-0.7864060997962952,-0.6166895627975464
14.900434494018555,-1.4782045879346748,-3.9645760466579083,-104.99293709119482,0.0947265625,0.005859375,0.96337890625,6.34765625,0.67138671875,61.6455078125,0.0,0.0,0.0,-0.03528754413127899,0.010830147191882133,-0.793046772480011,-0.6080413460731506
14.920346975326538,-1.4654985150877469,-4.168943844361152,-106.22627801000236,0.091796875,0.0595703125,0.849609375,-5.2490234375,-1.64794921875,61.58447265625,0.0,0.0,0.0,-0.03676053136587143,0.011608762666583061,-0.7995069026947021,-0.5994185209274292
14.940871715545654,-1.3400310349640805,-4.3377622149817725,-107.47454972233555,0.12109375,0.03076171875,1.05810546875,-0.91552734375,-1.8310546875,62.68310546875,0.0,0.0,0.0,-0.037424638867378235,0.012961367145180702,-0.8059423565864563,-0.5906678438186646
14.960392713546753,-1.2485791775675468,-4.590359685961769,-108.72034207600002,0.11865234375,0.00341796875,1.17919921875,7.99560546875,-2.0751953125,61.4013671875,0.0,0.0,0.0,-0.038888394832611084,0.014486165717244148,-0.812250018119812,-0.5818313360214233
14.980452299118042,-1.3189163589186321,-4.725807459844999,-109.93952401265813,0.07421875,0.07275390625,0.9580078125,-0.42724609375,-3.662109375,61.58447265625,0.0,0.0,0.0,-0.04035881534218788,0.014247598126530647,-0.8183711767196655,-0.5730940699577332
15.000876426696777,-1.266701376982883,-4.737429026717776,-111.21453591559192,0.02490234375,0.05517578125,0.90283203125,-5.55419921875,-7.4462890625,65.185546875,0.0,0.0,0.0,-0.04034144803881645,0.014230722561478615,-0.8246877789497375,-0.5639682412147522
15.020483493804932,-1.0699191446831728,-4.695552283142781,-112.55397016277728,0.0791015625,0.00634765625,0.9990234375,-1.3427734375,-2.685546875,66.71142578125,0.0,0.0,0.0,-0.039249517023563385,0.014982794411480427,-0.831209123134613,-0.5543702244758606
15.040335416793823,-0.8485526603222067,-4.720870940622373,-113.918327770244,0.03857421875,-0.00439453125,0.99560546875,2.685546875,-8.85009765625,67.93212890625,0.0,0.0,0.0,-0.03855832666158676,0.01625317521393299,-0.8377142548561096,-0.5445035099983215
15.061146259307861,-0.7689169234680893,-4.854371256818503,-115.30036873747189,0.13525390625,0.015625,1.03369140625,7.99560546875,1.03759765625,68.54248046875,0.0,0.0,0.0,-0.0393633171916008,0.016996758058667183,-0.8441720604896545,-0.5343549847602844
15.08052134513855,-0.8939264607522477,-5.059327731450837,-116.68268974245575,0.07421875,0.05419921875,1.0283203125,2.9296875,-9.521484375,69.4580078125,0.0,0.0,0.0,-0.041657883673906326,0.01653115265071392,-0.8505154848098755,-0.5240370035171509
15.100597143173218,-0.9395426795369711,-5.312246648208648,-118.03315474515067,0.17236328125,0.04931640625,1.08740234375,1.220703125,-4.94384765625,67.138671875,0.0,0.0,0.0,-0.04394419491291046,0.01683378592133522,-0.8565620183944702,-0.5138939619064331
15.120508670806885,-0.8923171507899162,-5.490909455857372,-119.37637974732537,0.21337890625,0.05078125,1.0087890625,1.77001953125,3.84521484375,67.2607421875,0.0,0.0,0.0,-0.0452750064432621,0.01745949126780033,-0.8624628186225891,-0.5037890672683716
15.142280101776123,-0.8694277461381755,-5.5953695152499,-120.74208973224776,0.158203125,0.05078125,0.94580078125,0.91552734375,5.06591796875,68.9697265625,0.0,0.0,0.0,-0.04617258161306381,0.017542557790875435,-0.8683672547340393,-0.4934558570384979
15.156764268875122,-0.952799543107437,-5.58480449326436,-122.09099745181193,0.0771484375,0.02880859375,1.013671875,3.96728515625,-5.126953125,66.650390625,0.0,0.0,0.0,-0.046646859496831894,0.016317253932356834,-0.8741313219070435,-0.4831690490245819
15.180622100830078,-0.9814779066067338,-5.661500687454434,-123.40709294260334,0.09716796875,0.06103515625,0.94140625,-6.77490234375,-2.38037109375,67.32177734375,0.0,0.0,0.0,-0.047538045793771744,0.015877429395914078,-0.8796005845069885,-0.4730655252933502
15.200489521026611,-0.9126670590917346,-5.7564296447470324,-124.76447009673832,0.13671875,0.00244140625,1.06884765625,2.685546875,-3.173828125,66.83349609375,0.0,0.0,0.0,-0.048177916556596756,0.0162285678088665,-0.885099470615387,-0.4626169502735138
15.220515966415405,-0.9204225254508726,-5.837088629316183,-126.09053766371795,0.22509765625,0.0107421875,1.04931640625,9.82666015625,7.4462890625,64.51416015625,0.0,0.0,0.0,-0.04901956394314766,0.015928609296679497,-0.8903654217720032,-0.45231929421424866
15.240487098693848,-0.950831167966004,-5.877722278462235,-127.3989287011256,0.06884765625,0.0830078125,0.83447265625,-4.69970703125,-1.64794921875,65.97900390625,0.0,0.0,0.0,-0.049632951617240906,0.015287292189896107,-0.8954609632492065,-0.4421002268791199
15.260775804519653,-0.7704921358454235,-5.930451338854733,-128.72516019264532,0.09912109375,0.0625,0.87939453125,-13.00048828125,-2.5634765625,67.5048828125,0.0,0.0,0.0,-0.049541305750608444,0.01632799580693245,-0.9004732370376587,-0.43177199363708496
15.280389070510864,-0.5042239345199406,-6.076567868221524,-130.09297387583206,0.13037109375,-0.00341796875,1.12451171875,-3.0517578125,0.0,68.29833984375,0.0,0.0,0.0,-0.04990866035223007,0.018377117812633514,-0.9054656028747559,-0.421074241399765
15.301122426986694,-0.3693221755639146,-6.114746064360956,-131.45929857777975,0.052734375,0.00390625,1.11083984375,5.31005859375,-10.19287109375,66.7724609375,0.0,0.0,0.0,-0.04994449391961098,0.01898931711912155,-0.910384476184845,-0.41029879450798035
15.320322036743164,-0.4766209522889506,-6.1924911194754495,-132.7759814648398,0.12158203125,0.0556640625,1.025390625,3.662109375,-6.7138671875,66.5283203125,0.0,0.0,0.0,-0.05115441977977753,0.017828885465860367,-0.9150233268737793,-0.3997471034526825
15.340473651885986,-0.46078099655175053,-6.320626748965358,-134.1220341653309,0.12158203125,0.07421875,0.9521484375,-4.638671875,-1.03759765625,69.03076171875,0.0,0.0,0.0,-0.052334677428007126,0.017789294943213463,-0.9195988774299622,-0.3889505863189697
15.360442161560059,-0.4476841088182511,-6.55592164323042,-135.48643275393263,0.1484375,0.02490234375,1.04833984375,1.220703125,-3.23486328125,69.3359375,0.0,0.0,0.0,-0.05439674109220505,0.018047448247671127,-0.9240590333938599,-0.3779289424419403
15.380634546279907,-0.4241148068594031,-6.667427896525463,-136.8562681731137,0.19677734375,0.0390625,1.02197265625,3.7841796875,8.6669921875,68.603515625,0.0,0.0,0.0,-0.05543646588921547,0.017944252118468285,-0.92845618724823,-0.3668431341648102
15.400650024414062,-0.4265194870144972,-6.648363984778311,-138.23371242303017,0.0927734375,0.0517578125,0.95263671875,0.1220703125,-1.15966796875,68.90869140625,0.0,0.0,0.0,-0.05550045147538185,0.01719779148697853,-0.9328078627586365,-0.3556593656539917
15.415535688400269,-0.375402484668254,-6.641888538558316,-139.5907344073283,0.08837890625,0.044921875,1.044921875,-0.6103515625,-6.53076171875,66.40625,0.0,0.0,0.0,-0.055493563413619995,0.016937807202339172,-0.9369496703147888,-0.3446141481399536
15.440439939498901,-0.3146696698681171,-6.756492709528783,-140.91737571019823,0.15625,0.04931640625,1.01025390625,-5.4931640625,-0.8544921875,67.3828125,0.0,0.0,0.0,-0.056449875235557556,0.01712699420750141,-0.9408134818077087,-0.3337515592575073
15.461194515228271,-0.27467309594472733,-6.883307124301117,-142.28968365785886,0.12939453125,0.0126953125,0.95068359375,1.64794921875,1.28173828125,69.4580078125,0.0,0.0,0.0,-0.05758374556899071,0.01713666506111622,-0.944675624370575,-0.322456955909729
15.481529474258423,-0.2603886624301448,-6.961511509637294,-143.65931417136483,0.166015625,0.0205078125,1.05517578125,7.75146484375,4.638671875,67.32177734375,0.0,0.0,0.0,-0.058392882347106934,0.016777953132987022,-0.9484214186668396,-0.31113603711128235
15.500529289245605,-0.24900126966027908,-6.91505427045016,-145.01557117447592,0.02392578125,0.07958984375,0.9619140625,-3.662109375,-8.056640625,67.93212890625,0.0,0.0,0.0,-0.05817161872982979,0.016058603301644325,-0.9520589113235474,-0.2999034523963928
15.521790504455566,-0.058717221974002164,-6.905430533909612,-146.39343889612093,0.06396484375,0.04931640625,0.95458984375,-9.033203125,-7.62939453125,70.25146484375,0.0,0.0,0.0,-0.05780122056603432,0.0169205442070961,-0.9555740356445312,-0.2885323166847229
15.540419101715088,0.375547759590249,-6.894653349172978,-147.85277711418587,0.1181640625,-0.11279296875,0.99072265625,-7.14111328125,-4.39453125,71.77734375,0.0,0.0,0.0,-0.056874144822359085,0.01979193463921547,-0.9591082334518433,-0.2765590250492096
15.560599088668823,0.8460996085539672,-7.087698400779633,-149.31465616262204,0.12548828125,-0.1904296875,0.94970703125,-2.8076171875,-10.31494140625,72.08251953125,0.0,0.0,0.0,-0.05765794217586517,0.023461371660232544,-0.9623695015907288,-0.2645183503627777
15.58042287826538,1.2070457577200513,-7.267544965588885,-150.77276494663636,0.23193359375,-0.12646484375,1.0361328125,1.3427734375,-5.0048828125,70.4345703125,0.0,0.0,0.0,-0.058672841638326645,0.0261615552008152,-0.9654818177223206,-0.25242412090301514
15.600518703460693,1.4440329380736894,-7.423718948508519,-152.20990504989874,0.26611328125,-0.0390625,1.02197265625,-0.42724609375,0.3662109375,70.068359375,0.0,0.0,0.0,-0.059819672256708145,0.02775224670767784,-0.9684280157089233,-0.24041321873664856
15.620594263076782,1.6451943888484355,-7.665613513059106,-153.63040681234295,0.18017578125,-0.0478515625,1.09228515625,1.77001953125,-1.52587890625,70.068359375,0.0,0.0,0.0,-0.06180913746356964,0.02919214591383934,-0.9711428284645081,-0.22849324345588684
15.640724897384644,1.8153274641625774,-7.785734342444828,-155.05321717872667,0.16943359375,-0.02978515625,1.06298828125,1.3427734375,-0.9765625,71.83837890625,0.0,0.0,0.0,-0.06286673992872238,0.03009316511452198,-0.9737890958786011,-0.21651095151901245
15.660451889038086,2.0836557145747596,-7.838946638721104,-156.53264981332975,0.14013671875,-0.048828125,0.984375,4.69970703125,-5.859375,71.6552734375,0.0,0.0,0.0,-0.06322598457336426,0.03165918216109276,-0.9763991832733154,-0.20407049357891083
15.681946992874146,2.2555461762180045,-7.987522036189099,-157.98156516272124,0.17724609375,-0.0205078125,0.896484375,-2.9296875,1.77001953125,72.57080078125,0.0,0.0,0.0,-0.06460334360599518,0.03257080540060997,-0.9787613153457642,-0.19181184470653534
15.701904773712158,2.436598055972352,-8.031931072398876,-159.4857640632548,0.15869140625,-0.052734375,1.0087890625,6.2255859375,5.43212890625,75.1953125,0.0,0.0,0.0,-0.06512292474508286,0.033338483422994614,-0.9811153411865234,-0.17905369400978088
15.720416784286499,2.5203197400540183,-7.841037530380774,-161.01436039950366,0.11328125,-0.01904296875,1.09130859375,5.37109375,-1.0986328125,75.37841796875,0.0,0.0,0.0,-0.06380144506692886,0.032913800328969955,-0.9835122227668762,-0.16598132252693176
15.741950035095215,2.602481366240571,-7.78485922445742,-162.55228677415877,0.11767578125,0.03857421875,0.900390625,-7.32421875,-5.67626953125,78.4912109375,0.0,0.0,0.0,-0.0636444240808487,0.032687872648239136,-0.9856626987457275,-0.15280726552009583
15.761093378067017,2.8109837762692,-7.824647637693682,-164.17116455085684,0.1513671875,-0.017578125,0.9169921875,-5.06591796875,-0.67138671875,81.6650390625,0.0,0.0,0.0,-0.06419016420841217,0.033629756420850754,-0.9876389503479004,-0.1389891803264618
15.78055477142334,2.99340574928237,-7.785335630152028,-165.84066768968307,0.05712890625,-0.0576171875,1.02685546875,6.4697265625,-17.333984375,82.21435546875,0.0,0.0,0.0,-0.06413526087999344,0.0342247299849987,-0.9895300269126892,-0.12468271702528
15.800494909286499,2.9992884631484547,-7.811199848991573,-167.48537724182214,0.18505859375,-0.0029296875,1.05810546875,3.23486328125,-5.0048828125,81.0546875,0.0,0.0,0.0,-0.0648379996418953,0.033375732600688934,-0.9911999702453613,-0.11047530174255371
15.820379495620728,3.049597929027476,-7.934327669159393,-169.13799615302008,0.22119140625,0.015625,1.0400390625,0.9765625,-2.01416015625,82.8857421875,0.0,0.0,0.0,-0.06633730232715607,0.03297250717878342,-0.992599606513977,-0.09621953219175339
15.840347290039062,3.0762070653733766,-8.002027650438913,-170.82927393492028,0.1943359375,0.00146484375,0.97998046875,5.43212890625,-0.18310546875,85.14404296875,0.0,0.0,0.0,-0.06738512963056564,0.032266661524772644,-0.9938619136810303,-0.08158760517835617
15.860319375991821,3.188466560467825,-8.02182409997455,-172.5236526227037,0.22802734375,0.04443359375,0.94677734375,-4.69970703125,1.52587890625,84.9609375,0.0,0.0,0.0,-0.06796121597290039,0.03225238621234894,-0.9949162006378174,-0.0669541135430336
15.88045620918274,3.340616494749264,-8.11991073909781,-174.2047534227406,0.22265625,0.01318359375,1.0263671875,0.91552734375,-4.5166015625,84.16748046875,0.0,0.0,0.0,-0.06920994818210602,0.03261547535657883,-0.9956875443458557,-0.05246434733271599
15.900713205337524,3.3873416054179097,-8.229433676212611,-175.8763602598312,0.19775390625,0.0205078125,1.0693359375,-0.54931640625,-1.64794921875,84.28955078125,0.0,0.0,0.0,-0.0706152468919754,0.03204096853733063,-0.9962649345397949,-0.03798878937959671
15.920758247375488,3.425828654173874,-8.294606487499227,-177.54478422876852,0.21826171875,0.01611328125,1.08740234375,6.591796875,-4.69970703125,81.97021484375,0.0,0.0,0.0,-0.07163327187299728,0.03135514259338379,-0.9966606497764587,-0.023519765585660934
15.940368413925171,3.459387934887085,-8.310913564142632,-179.18633823351107,0.21630859375,0.0595703125,0.9521484375,-1.89208984375,1.5869140625,83.19091796875,0.0,0.0,0.0,-0.07221423089504242,0.030618442222476006,-0.9968760013580322,-0.009265740402042866
15.960184574127197,3.6499634462219577,-8.29267866660599,179.10887022794478,0.130859375,0.0537109375,0.84619140625,-8.7890625,-0.8544921875,87.70751953125,0.0,0.0,0.0,-0.07251226156949997,0.03120025433599949,-0.9968645572662354,0.005449606105685234
15.975636005401611,3.8319363342971995,-8.205485325435253,177.34159976133898,0.11474609375,-0.00390625,0.9453125,-4.69970703125,-5.31005859375,88.92822265625,0.0,0.0,0.0,-0.07225951552391052,0.03168037533760071,-0.9966670274734497,0.020733075216412544
15.995616674423218,4.035414072974226,-8.259133046271119,175.5367086127848,0.0966796875,-0.00146484375,1.0322265625,-0.54931640625,-13.12255859375,89.35546875,0.0,0.0,0.0,-0.07328034937381744,0.03228791058063507,-0.9961282014846802,0.036281079053878784
16.020377159118652,4.155562223116628,-8.353996689879779,173.75439806962663,0.2666015625,0.02197265625,1.080078125,0.18310546875,-2.44140625,90.63720703125,0.0,0.0,0.0,-0.07465168833732605,0.03214085102081299,-0.9953519701957703,0.05165892094373703
16.04116129875183,4.255681697291614,-8.36013702994362,171.9549574120301,0.25634765625,0.0244140625,1.0458984375,5.2490234375,-2.25830078125,90.39306640625,0.0,0.0,0.0,-0.07525918632745743,0.03182961046695709,-0.9943869113922119,0.06721397489309311
16.06075429916382,4.325345784844336,-8.45245215921822,170.161199471823,0.2021484375,0.0439453125,1.01806640625,-0.244140625,-3.90625,89.7216796875,0.0,0.0,0.0,-0.07659821957349777,0.031180422753095627,-0.9931379556655884,0.08268942683935165
16.08051562309265,4.436080226763167,-8.495449907590743,168.40110070384574,0.21728515625,0.00830078125,1.009765625,3.72314453125,-4.638671875,88.0126953125,0.0,0.0,0.0,-0.07753458619117737,0.030919764190912247,-0.9916952252388,0.09784171730279922
16.101569175720215,4.460419178983685,-8.508750847225697,166.64068774716665,0.22314453125,0.00634765625,0.89990234375,2.3193359375,4.150390625,89.90478515625,0.0,0.0,0.0,-0.0781392827630043,0.02992154471576214,-0.9900607466697693,0.11304236203432083
16.120497226715088,4.585752296479773,-8.557822341317653,164.84813192025348,0.20263671875,0.0322265625,0.912109375,1.28173828125,-7.4462890625,88.07373046875,0.0,0.0,0.0,-0.07916108518838882,0.029718860983848572,-0.9881101250648499,0.12840832769870758
16.140629768371582,4.671116854500238,-8.516165871343393,163.13117262707402,0.365234375,0.02880859375,1.1083984375,1.220703125,9.58251953125,85.87646484375,0.0,0.0,0.0,-0.07934598624706268,0.029318245127797127,-0.9860784411430359,0.14315782487392426
16.160579919815063,4.820849115258904,-8.386353003525423,161.39970601209745,0.162109375,0.064453125,1.005859375,-2.44140625,-3.662109375,88.623046875,0.0,0.0,0.0,-0.07887299358844757,0.02958739548921585,-0.9838398694992065,0.15799637138843536
16.180423259735107,4.979445680899777,-8.287935954001062,159.5962355428906,0.11669921875,0.02783203125,1.03271484375,-1.89208984375,-2.50244140625,90.88134765625,0.0,0.0,0.0,-0.07872708886861801,0.029854711145162582,-0.9812462329864502,0.17339779436588287
16.195592880249023,5.013363973431237,-8.280385179873614,157.77827141226498,0.134765625,-0.01220703125,1.01416015625,6.16455078125,-12.939453125,90.8203125,0.0,0.0,0.0,-0.07918234169483185,0.028904471546411514,-0.9783674478530884,0.18892282247543335
16.220738410949707,4.99286401441109,-8.299188690658658,155.97047060312437,0.208984375,0.01708984375,0.9404296875,7.2021484375,-4.33349609375,91.064453125,0.0,0.0,0.0,-0.07975172996520996,0.027442725375294685,-0.9752601981163025,0.20433828234672546
16.240877389907837,4.984158084540263,-8.267103877032524,154.1498290383441,0.244140625,0.02783203125,1.0,6.65283203125,-1.8310546875,90.27099609375,0.0,0.0,0.0,-0.07988923043012619,0.026161642745137215,-0.9719096422195435,0.21982921659946442
16.26196527481079,4.964332179813831,-8.361690897979798,152.34940483350707,0.22412109375,0.04296875,1.07958984375,3.96728515625,-5.79833984375,90.27099609375,0.0,0.0,0.0,-0.08104775846004486,0.02453666739165783,-0.9682908058166504,0.23503687977790833
16.28067111968994,5.023853436449084,-8.352798845454089,150.5434618358207,0.25439453125,0.04150390625,1.06640625,3.0517578125,-0.54931640625,91.12548828125,0.0,0.0,0.0,-0.08147964626550674,0.023777227848768234,-0.9644588828086853,0.2502295672893524
16.295807361602783,5.035159107072747,-8.319590465709487,148.73295627176873,0.212890625,0.00732421875,0.9111328125,7.01904296875,-0.42724609375,91.00341796875,0.0,0.0,0.0,-0.08159349113702774,0.022660428658127785,-0.9603997468948364,0.2654455602169037
16.32066321372986,5.138154517775131,-8.343854712735956,146.8910591582914,0.1318359375,0.04345703125,0.80810546875,-5.67626953125,-12.63427734375,92.46826171875,0.0,0.0,0.0,-0.08240160346031189,0.02214454673230648,-0.9559776186943054,0.28076040744781494
16.34115195274353,5.097542212970236,-8.493404265934325,145.08321736801574,0.29443359375,-0.0234375,1.1865234375,12.5732421875,-4.45556640625,87.70751953125,0.0,0.0,0.0,-0.08387493342161179,0.020110495388507843,-0.9513628482818604,0.29575204849243164
16.360569715499878,5.03393308811673,-8.411775821389856,143.32587799646316,0.2783203125,0.044921875,1.07763671875,8.72802734375,1.15966796875,89.29443359375,0.0,0.0,0.0,-0.0833282545208931,0.01852184720337391,-0.9467658400535583,0.3103993237018585
16.3804030418396,5.104940588501829,-8.335996580095857,141.52277635747149,0.1630859375,0.07421875,0.80615234375,-4.8828125,-2.38037109375,91.9189453125,0.0,0.0,0.0,-0.08318951725959778,0.01801113598048687,-0.9417898058891296,0.32524949312210083
16.400697231292725,5.2754566880180205,-8.370205582553867,139.6936653581204,0.1845703125,0.0126953125,0.8857421875,-3.35693359375,-6.16455078125,91.552734375,0.0,0.0,0.0,-0.08425147086381912,0.01797110214829445,-0.9364368319511414,0.3400953710079193
16.42559552192688,5.427692639994319,-8.420112067271857,137.8776546615974,0.27099609375,0.0087890625,0.970703125,-0.9765625,-1.5869140625,89.4775390625,0.0,0.0,0.0,-0.08540141582489014,0.01771313138306141,-0.9308844804763794,0.35474908351898193
16.440715312957764,5.44161598061739,-8.412458840306858,136.09530313730426,0.2490234375,0.0966796875,1.1318359375,6.8359375,-2.38037109375,89.41650390625,0.0,0.0,0.0,-0.08564981818199158,0.016520215198397636,-0.9252557754516602,0.3691789507865906
16.460528135299683,5.3929743615563215,-8.324867640616967,134.32166693439203,0.22119140625,0.14306640625,1.171875,7.2021484375,-4.150390625,89.41650390625,0.0,0.0,0.0,-0.08503168821334839,0.015100320801138878,-0.9194748401641846,0.38354626297950745
16.481038808822632,5.392420689346727,-8.232560195305185,132.56819344990967,0.234375,0.17431640625,1.04150390625,1.708984375,0.30517578125,87.58544921875,0.0,0.0,0.0,-0.08451720327138901,0.014118320308625698,-0.9135364294052124,0.3976289927959442
16.500662326812744,5.449830136867977,-8.11242826686206,130.8234216264299,0.2119140625,0.11474609375,0.91650390625,5.126953125,0.3662109375,87.09716796875,0.0,0.0,0.0,-0.08398020267486572,0.013722307048738003,-0.9074171185493469,0.4115256071090698
16.520752668380737,5.403372897680843,-8.039844700325983,129.11661199435707,0.1650390625,0.12060546875,0.86328125,1.64794921875,-4.57763671875,85.99853515625,0.0,0.0,0.0,-0.08343393355607986,0.012377647683024406,-0.9012195467948914,0.4250752329826355
16.54105854034424,5.504362367201359,-8.105123379544732,127.41403707956967,0.17919921875,0.11376953125,1.0078125,1.89208984375,-11.3525390625,83.49609375,0.0,0.0,0.0,-0.08450298756361008,0.011672120541334152,-0.8947706818580627,0.4383019208908081
16.560626745224,5.424289925127184,-8.012239637021729,125.79234526493353,0.302734375,0.10498046875,1.19677734375,7.75146484375,5.126953125,81.11572265625,0.0,0.0,0.0,-0.08362686634063721,0.010224650613963604,-0.888518750667572,0.45103925466537476
16.58042550086975,5.417773924658991,-7.862803635718312,124.18158175296944,0.1630859375,0.17041015625,0.91357421875,-0.6103515625,-2.8076171875,81.84814453125,0.0,0.0,0.0,-0.08258961141109467,0.009610041044652462,-0.8821425437927246,0.46358510851860046
16.600359678268433,5.612708804231624,-7.86780162664347,122.53706344612712,0.09033203125,0.14111328125,0.84716796875,-9.09423828125,-8.1787109375,82.70263671875,0.0,0.0,0.0,-0.08356700837612152,0.00989195704460144,-0.8753817677497864,0.47605210542678833
16.62035083770752,5.684246071164222,-7.861370149766256,120.9061918572465,0.1337890625,0.056640625,1.078125,2.74658203125,-12.20703125,81.4208984375,0.0,0.0,0.0,-0.08395568281412125,0.009271610528230667,-0.8685145378112793,0.48841384053230286
16.64065408706665,5.583731726677845,-7.853624715247461,119.31152027096694,0.20166015625,0.09521484375,1.046875,7.080078125,0.244140625,79.7119140625,0.0,0.0,0.0,-0.08357956260442734,0.0073808422312140465,-0.8616428971290588,0.5005313158035278
16.661158084869385,5.511520832338355,-7.830643690011308,117.74621849811844,0.18310546875,0.140625,0.99365234375,1.03759765625,-7.75146484375,78.125,0.0,0.0,0.0,-0.0831790342926979,0.005803770385682583,-0.8547360897064209,0.5123220086097717
16.682076454162598,5.552324382440011,-7.7703698319068835,116.24118631450612,0.23193359375,0.1318359375,1.0390625,1.220703125,-0.48828125,74.89013671875,0.0,0.0,0.0,-0.08299030363559723,0.00529106892645359,-0.8479490280151367,0.5235142707824707
16.700499773025513,5.5522035734690665,-7.642074973631949,114.75740967959089,0.21240234375,0.11376953125,1.0341796875,0.79345703125,4.638671875,75.37841796875,0.0,0.0,0.0,-0.08211352676153183,0.004819722846150398,-0.8411335349082947,0.534535825252533
16.720595121383667,5.5739974264501075,-7.453840936521922,113.28384417748484,0.18603515625,0.11669921875,0.9462890625,0.1220703125,3.662109375,74.21875,0.0,0.0,0.0,-0.08090787380933762,0.004826685413718224,-0.8342360854148865,0.5454181432723999
16.740386724472046,5.554735439217025,-7.31223233200734,111.85547403711675,0.15283203125,0.1025390625,0.97021484375,1.40380859375,1.28173828125,71.533203125,0.0,0.0,0.0,-0.07985018938779831,0.00437202351167798,-0.8274058699607849,0.5558817386627197
16.761388540267944,5.494491036303398,-7.185185690803225,110.44862582282337,0.11572265625,0.10400390625,1.052734375,-0.91552734375,-2.0751953125,71.59423828125,0.0,0.0,0.0,-0.07869438827037811,0.003593149594962597,-0.8205479979515076,0.5661231279373169
16.780521154403687,5.474568228268116,-7.160262757408671,109.00113115277925,0.0595703125,0.06787109375,1.0146484375,3.90625,-7.4462890625,72.75390625,0.0,0.0,0.0,-0.07845713943243027,0.0025838816072791815,-0.8133370876312256,0.5764725208282471
16.80043125152588,5.313854730871363,-6.952487549083237,107.59991101436196,0.2255859375,0.05419921875,1.10546875,9.58251953125,11.41357421875,71.10595703125,0.0,0.0,0.0,-0.07620463520288467,0.001565474784001708,-0.8062692284584045,0.5866177678108215
16.821455240249634,5.175648841223917,-6.7382343332168695,106.184723139092,0.0673828125,0.07861328125,0.91552734375,4.69970703125,-2.44140625,72.3876953125,0.0,0.0,0.0,-0.07401082664728165,0.0007843529456295073,-0.7990020513534546,0.5967559218406677
16.84047770500183,5.297125036273063,-6.680550824355173,104.71473665611103,0.03515625,0.0830078125,0.8681640625,-9.033203125,-8.9111328125,73.79150390625,0.0,0.0,0.0,-0.07426152378320694,0.0009813816286623478,-0.7912901639938354,0.606913685798645
16.860453844070435,5.3786510279799815,-6.686011133709775,103.24679922988106,0.1494140625,0.009765625,1.03369140625,-2.8076171875,-4.57763671875,73.30322265625,0.0,0.0,0.0,-0.07474411278963089,0.0005578057607635856,-0.7834497690200806,0.6169437766075134
16.880363941192627,5.259539359044129,-6.724512056287491,101.7661030102815,0.109375,-0.01025390625,1.03173828125,7.32421875,-10.986328125,74.40185546875,0.0,0.0,0.0,-0.0743526816368103,-0.0014261073665693402,-0.7754063606262207,0.6270683407783508
16.9005708694458,5.126751090068972,-6.6801580884778975,100.29121928166563,0.173828125,0.04638671875,0.98046875,3.11279296875,-0.3662109375,74.27978515625,0.0,0.0,0.0,-0.07329428195953369,-0.0030239084735512733,-0.7672744989395142,0.6371097564697266
16.92035174369812,5.1379696757807185,-6.711391689778719,98.82890993131176,0.1513671875,0.06396484375,0.9892578125,-4.2724609375,-5.37109375,73.91357421875,0.0,0.0,0.0,-0.0735190287232399,-0.004062015097588301,-0.7590782642364502,0.6468219757080078
16.940617561340332,5.113046742386165,-6.683880114688731,97.39115511102406,0.19921875,0.0244140625,1.11865234375,3.5400390625,0.3662109375,72.32666015625,0.0,0.0,0.0,-0.07314008474349976,-0.0049888975918293,-0.7509056329727173,0.6563279628753662
16.960918188095093,5.031457998316247,-6.586748848275626,95.95247821519843,0.15625,0.041015625,1.06982421875,2.13623046875,2.8076171875,72.93701171875,0.0,0.0,0.0,-0.0719711109995842,-0.005867939442396164,-0.7426137328147888,0.6658158302307129
16.98050308227539,4.9577880048153125,-6.445617503229299,94.5055777716121,0.12744140625,0.0322265625,0.97119140625,4.150390625,-0.67138671875,73.30322265625,0.0,0.0,0.0,-0.07055716216564178,-0.00641210563480854,-0.7341585159301758,0.6752716898918152
17.00033402442932,4.860309679415006,-6.409230097312879,93.07364910268643,0.1533203125,0.033203125,0.92578125,1.52587890625,0.3662109375,71.71630859375,0.0,0.0,0.0,-0.06965992599725723,-0.007692118640989065,-0.7256604433059692,0.6844745874404907
17.020519256591797,4.914516621989166,-6.348940017509176,91.66452643539944,0.14306640625,0.0498046875,0.92431640625,-7.26318359375,-2.685546875,72.32666015625,0.0,0.0,0.0,-0.06951246410608292,-0.007842262275516987,-0.7171981334686279,0.6933494210243225
17.04093337059021,4.893640148791022,-6.351737833747943,90.2203853882378,0.15087890625,-0.00537109375,1.0322265625,3.11279296875,-0.18310546875,72.08251953125,0.0,0.0,0.0,-0.06929738074541092,-0.008863937109708786,-0.708401620388031,0.7023435235023499
17.057403802871704,4.836926099904645,-6.172958485996506,88.84609668571787,0.28466796875,0.04248046875,1.09326171875,2.99072265625,13.3056640625,69.580078125,0.0,0.0,0.0,-0.06774744391441345,-0.008926661685109138,-0.6999354958534241,0.7109295725822449
17.08119010925293,4.867727691740463,-6.014970660965409,87.48465556902674,0.107421875,0.0732421875,0.9150390625,-7.080078125,0.48828125,70.49560546875,0.0,0.0,0.0,-0.06688111275434494,-0.008549160324037075,-0.691450834274292,0.7192702293395996
17.09651756286621,4.944500298671875,-5.966024244712629,86.07449471298591,0.06103515625,0.02978515625,0.984375,-4.94384765625,-8.11767578125,70.9228515625,0.0,0.0,0.0,-0.06696824729442596,-0.008602102287113667,-0.6825552582740784,0.7277084589004517
17.1205313205719,4.943576942473455,-5.890818739308911,84.65619227145442,0.12060546875,0.00537109375,1.0498046875,-0.9765625,-0.30517578125,72.20458984375,0.0,0.0,0.0,-0.06641086935997009,-0.008950638584792614,-0.6734982132911682,0.7361452579498291
17.140569925308228,4.798138736268611,-5.8520305218992315,83.2161903189298,0.087890625,-0.001953125,0.99169921875,7.01904296875,-4.33349609375,73.42529296875,0.0,0.0,0.0,-0.06512439996004105,-0.010374409146606922,-0.6641825437545776,0.7446560859680176
17.161389350891113,4.68059374197363,-5.799916605418858,81.78404991413987,0.125,0.09521484375,0.9560546875,-0.6103515625,-3.23486328125,71.77734375,0.0,0.0,0.0,-0.06392095237970352,-0.011515508405864239,-0.6548136472702026,0.7529944181442261
17.18084192276001,4.672615654136233,-5.827876838559951,80.3487266411967,0.13720703125,0.14013671875,1.05712890625,-1.03759765625,-5.67626953125,71.77734375,0.0,0.0,0.0,-0.06387539207935333,-0.012546527199447155,-0.6453295946121216,0.7611257433891296
17.20072102546692,4.62708177114752,-5.775974657943848,78.97098869314593,0.21337890625,0.10986328125,1.12158203125,3.5400390625,3.35693359375,69.4580078125,0.0,0.0,0.0,-0.06312773376703262,-0.013216924853622913,-0.6361272931098938,0.7688838243484497
17.221182107925415,4.456566952291797,-5.658896250946543,77.61098874636967,0.146484375,0.19921875,1.0009765625,6.8359375,2.44140625,68.603515625,0.0,0.0,0.0,-0.061173636466264725,-0.0141022689640522,-0.6269369125366211,0.7765366435050964
17.23649287223816,4.353314555721892,-5.551252469627142,76.27726453733045,0.09521484375,0.1650390625,0.92041015625,1.5869140625,-6.4697265625,64.697265625,0.0,0.0,0.0,-0.05972147360444069,-0.014631506986916065,-0.6178433299064636,0.7838935256004333
17.26078200340271,4.289811725687344,-5.502594201979972,75.01678727695045,0.14111328125,0.16259765625,0.9990234375,0.67138671875,2.9296875,62.68310546875,0.0,0.0,0.0,-0.05886130779981613,-0.015288442373275757,-0.6091747879981995,0.7907009124755859
17.281375646591187,4.147009972502126,-5.356307771657577,73.81580096424125,0.12353515625,0.28662109375,1.0693359375,3.7841796875,5.55419921875,62.1337890625,0.0,0.0,0.0,-0.05694102868437767,-0.015632987022399902,-0.6008335947990417,0.7971903681755066
17.302852869033813,3.941938238427547,-5.278165711797577,72.62301087853608,0.0322265625,0.3056640625,0.962890625,7.2021484375,-0.48828125,58.4716796875,0.0,0.0,0.0,-0.054935116320848465,-0.01673591136932373,-0.5924730896949768,0.8035406470298767
17.315484285354614,3.7567047887972707,-5.119317709817882,71.56653087809684,0.0849609375,0.314453125,0.96875,4.21142578125,7.4462890625,49.4384765625,0.0,0.0,0.0,-0.05266313627362251,-0.017063358798623085,-0.5850110054016113,0.8091338276863098
17.34048843383789,3.612147250108536,-4.817380659821007,70.73804259215264,0.02587890625,0.34619140625,1.0234375,-1.0986328125,11.5966796875,38.9404296875,0.0,0.0,0.0,-0.049992259591817856,-0.01602664776146412,-0.5791217088699341,0.8135489821434021
17.360440969467163,3.556987496145159,-4.600952028703989,70.13978632275122,0.00927734375,0.29296875,0.9775390625,-7.568359375,10.80322265625,25.45166015625,0.0,0.0,0.0,-0.04843304678797722,-0.015018998645246029,-0.5748552083969116,0.8166825175285339
17.380471229553223,3.605571485485106,-4.3823402983735065,69.8353101499304,0.041015625,-0.01416015625,1.06884765625,-7.87353515625,2.0751953125,11.8408203125,0.0,0.0,0.0,-0.04765118286013603,-0.013341153040528297,-0.5726832151412964,0.8182820081710815
17.40039587020874,3.5999391407407844,-4.034728065849463,69.64752775907924,-0.04296875,0.01513671875,1.07568359375,-1.03759765625,2.62451171875,4.69970703125,0.0,0.0,0.0,-0.04586159810423851,-0.010957981459796429,-0.5713262557983398,0.819367527961731
17.42026710510254,3.424800070373552,-3.8306949474155494,69.57952639570259,-0.09912109375,0.12451171875,0.9130859375,0.67138671875,1.953125,3.35693359375,0.0,0.0,0.0,-0.04358886554837227,-0.010395853780210018,-0.5708136558532715,0.8198558688163757
17.43543553352356,3.199916732281117,-3.779639283369704,69.56044284716157,-0.06982421875,0.166015625,0.978515625,2.5634765625,-3.0517578125,1.64794921875,0.0,0.0,0.0,-0.04172433540225029,-0.011157199740409851,-0.5706537961959839,0.820054292678833
17.45554518699646,3.05643644249054,-3.7337506574309733,69.52416771247964,-0.01318359375,0.10888671875,0.9296875,-5.92041015625,-0.8544921875,2.62451171875,0.0,0.0,0.0,-0.04046592116355896,-0.011555695906281471,-0.5703784823417664,0.820303201675415
17.47535467147827,2.9830458464153415,-3.6298873858171747,69.47684816190979,0.00341796875,0.07763671875,1.04443359375,-4.45556640625,3.2958984375,3.41796875,0.0,0.0,0.0,-0.039420198649168015,-0.01119286846369505,-0.5700293183326721,0.8206018805503845
17.500452280044556,2.8376351744105897,-3.586876403953135,69.4525190280862,-0.01220703125,0.08740234375,1.052734375,-1.953125,-2.13623046875,2.197265625,0.0,0.0,0.0,-0.03816293552517891,-0.01161593571305275,-0.5698395371437073,0.8207871317863464
17.52107882499695,2.6774762029970764,-3.5096621826031984,69.41722061045557,-0.02587890625,0.10107421875,1.0458984375,2.197265625,-0.732421875,2.01416015625,0.0,0.0,0.0,-0.03662890940904617,-0.011869982816278934,-0.5695688128471375,0.8210413455963135
17.53555393218994,2.430040220595494,-3.4085267177891736,69.38039223045087,-0.01904296875,0.126953125,1.0341796875,4.08935546875,1.40380859375,2.50244140625,0.0,0.0,0.0,-0.03435025364160538,-0.01238549966365099,-0.5692777037620544,0.8213340044021606
17.555651903152466,2.253050595850011,-3.3226328201080317,69.31409841436673,-0.0869140625,0.12060546875,0.943359375,0.67138671875,-7.01904296875,4.08935546875,0.0,0.0,0.0,-0.03264833241701126,-0.012667452916502953,-0.5687829852104187,0.8217417597770691
17.575538873672485,2.171651816416384,-3.290012263518874,69.24372697534808,-0.04638671875,0.12890625,1.001953125,-5.126953125,-1.220703125,3.41796875,0.0,0.0,0.0,-0.03189506009221077,-0.012856961227953434,-0.5682693123817444,0.8221238255500793
17.595444202423096,2.026024499348896,-3.2107530408427536,69.21568904880517,-0.00537109375,0.10986328125,1.087890625,0.48828125,0.30517578125,1.28173828125,0.0,0.0,0.0,-0.030454596504569054,-0.013017513789236546,-0.5680524110794067,0.8223257064819336
17.62053942680359,1.8382988844452113,-3.141645186820565,69.19384610383948,-0.0302734375,0.12255859375,1.00927734375,0.91552734375,-4.150390625,1.28173828125,0.0,0.0,0.0,-0.02876272052526474,-0.013457302004098892,-0.5678751468658447,0.8225018978118896
17.640775203704834,1.6969210122585288,-3.067446067102366,69.1495864780178,-0.01123046875,0.12158203125,0.95556640625,-2.197265625,0.1220703125,3.11279296875,0.0,0.0,0.0,-0.027375400066375732,-0.013635585084557533,-0.5675423741340637,0.8227760195732117
17.660317182540894,1.5067556324389744,-2.969896238159186,69.09759507805566,-0.01806640625,0.09326171875,1.005859375,2.8076171875,0.6103515625,3.96728515625,0.0,0.0,0.0,-0.02552102692425251,-0.01388818770647049,-0.5671491026878357,0.8231025338172913
17.680558443069458,1.2849461996381621,-2.8378050753661936,69.04259839485871,-0.0263671875,0.1064453125,1.0087890625,2.3193359375,3.173828125,4.0283203125,0.0,0.0,0.0,-0.02326780930161476,-0.014047887176275253,-0.5667319297790527,0.8234538435935974
17.69540548324585,1.0735889839798796,-2.7145619957561298,68.99195937235224,-0.0361328125,0.11865234375,1.01220703125,1.15966796875,0.244140625,3.23486328125,0.0,0.0,0.0,-0.021133584901690483,-0.014216546900570393,-0.5663475394248962,0.8237729668617249
17.720451831817627,0.9340960305607091,-2.6335873283812785,68.9559574452371,-0.03955078125,0.1328125,1.01318359375,-2.25830078125,-1.46484375,1.46484375,0.0,0.0,0.0,-0.01972631923854351,-0.014329868368804455,-0.5660755634307861,0.8239927291870117
17.740370512008667,0.7961114817310537,-2.5431791025455817,68.92311106551851,-0.037109375,0.11767578125,1.0458984375,-1.0986328125,-0.244140625,1.708984375,0.0,0.0,0.0,-0.018283585086464882,-0.014366470277309418,-0.5658272504806519,0.8241959810256958
17.76033663749695,0.6381319809930092,-2.451305801132917,68.86592872178716,-0.04052734375,0.1083984375,0.9892578125,0.18310546875,-0.79345703125,2.8076171875,0.0,0.0,0.0,-0.01668660156428814,-0.014493920840322971,-0.5654017329216003,0.8245195150375366
17.780531406402588,0.4428393702625964,-2.372135157472595,68.79953928305464,-0.033203125,0.10400390625,0.9716796875,1.8310546875,-1.0986328125,2.99072265625,0.0,0.0,0.0,-0.01488223671913147,-0.014896364882588387,-0.5649043917655945,0.824887752532959
17.800488233566284,0.22699826881633256,-2.2996171180638654,68.75467860058599,-0.01416015625,0.11767578125,0.9677734375,-0.48828125,-0.9765625,1.8310546875,0.0,0.0,0.0,-0.012965002097189426,-0.015443382784724236,-0.5645586252212524,0.8251466155052185
17.82044267654419,0.017397008749284855,-2.2458746283532665,68.7420837317565,-0.00634765625,0.10205078125,1.01953125,1.52587890625,-1.03759765625,0.732421875,0.0,0.0,0.0,-0.011189164593815804,-0.01609022729098797,-0.5644439458847046,0.8252387642860413
17.84053897857666,-0.1820848258043931,-2.164272010461597,68.73966584479031,-0.009765625,0.10498046875,1.02197265625,0.244140625,0.244140625,1.3427734375,0.0,0.0,0.0,-0.009350249543786049,-0.01648532785475254,-0.5644063353538513,0.8252795934677124
17.860675811767578,-0.35749978512128366,-2.0759775147306074,68.72654505139471,-0.02099609375,0.10205078125,1.00048828125,0.732421875,1.03759765625,2.197265625,0.0,0.0,0.0,-0.007650059647858143,-0.016714315861463547,-0.5642959475517273,0.8253679275512695
17.88081192970276,-0.5109125573472343,-1.934083109487943,68.69295418105659,-0.0390625,0.103515625,0.98779296875,-0.18310546875,0.42724609375,2.13623046875,0.0,0.0,0.0,-0.005841358099132776,-0.016449546441435814,-0.5640478730201721,0.8255575895309448
17.900581121444702,-0.654640494856077,-1.7975282046289358,68.64265666800861,-0.048828125,0.11572265625,1.0400390625,-0.1220703125,-1.0986328125,2.01416015625,0.0,0.0,0.0,-0.0041264635510742664,-0.016175132244825363,-0.5636809468269348,0.825823962688446
17.920351028442383,-0.8567389622075844,-1.702201068652066,68.61015179774853,-0.025390625,0.12890625,1.05615234375,2.197265625,-1.89208984375,0.67138671875,0.0,0.0,0.0,-0.002196268644183874,-0.016482967883348465,-0.5634295344352722,0.8259968161582947
17.94089365005493,-1.0243629568579513,-1.6120564454296493,68.60213315566293,-0.02294921875,0.13623046875,0.9814453125,-1.77001953125,1.0986328125,0.3662109375,0.0,0.0,0.0,-0.000543456815648824,-0.016657501459121704,-0.563359260559082,0.8260440230369568
17.960410594940186,-1.2028039968020616,-1.5270043685637118,68.60407292938721,-0.0322265625,0.115234375,0.97802734375,0.06103515625,2.38037109375,1.15966796875,0.0,0.0,0.0,0.0011608621571213007,-0.016921773552894592,-0.5633587837219238,0.8260381817817688
17.980523824691772,-1.3954489487337425,-1.4057783291929173,68.59280994744586,-0.0283203125,0.111328125,0.9931640625,0.9765625,0.0,0.48828125,0.0,0.0,0.0,0.0031474463175982237,-0.01699485071003437,-0.5632666349411011,0.826094388961792
18.000420570373535,-1.5700543038503616,-1.2696887309711173,68.57488753106375,-0.03466796875,0.123046875,0.98681640625,-1.64794921875,1.3427734375,1.03759765625,0.0,0.0,0.0,0.005078051704913378,-0.016871441155672073,-0.563132107257843,0.826179027557373
18.020347595214844,-1.730213275263875,-1.1718322905672274,68.57177296480222,-0.05126953125,0.107421875,1.0302734375,0.18310546875,-1.3427734375,0.6103515625,0.0,0.0,0.0,0.006714321672916412,-0.016952941194176674,-0.5631012916564941,0.8261867761611938
18.04056978225708,-1.8957093991835188,-1.0463382367388212,68.55356368047497,-0.0400390625,0.1064453125,1.0263671875,1.5869140625,-1.953125,0.6103515625,0.0,0.0,0.0,0.008527143858373165,-0.01686023361980915,-0.5629658699035645,0.8262642025947571
18.060314178466797,-2.074039021666793,-0.9595243979538435,68.5400740568642,-0.03173828125,0.11962890625,0.97021484375,-1.28173828125,0.732421875,1.3427734375,0.0,0.0,0.0,0.01024167612195015,-0.017109276726841927,-0.5628567337989807,0.8263140320777893
18.080665111541748,-2.215952209929675,-0.8403313003564798,68.51507556450194,-0.03955078125,0.11181640625,0.98291015625,-1.5869140625,-0.67138671875,1.40380859375,0.0,0.0,0.0,0.011854405514895916,-0.016944436356425285,-0.5626760721206665,0.8264188170433044
18.100281715393066,-2.3677589272053208,-0.721040178872356,68.4966613744996,-0.03564453125,0.09033203125,1.0205078125,0.6103515625,-0.3662109375,1.3427734375,0.0,0.0,0.0,0.01353788934648037,-0.016827529296278954,-0.5625420808792114,0.8264866471290588
18.12041687965393,-2.530620305652632,-0.5878070938275023,68.46779699506712,-0.0283203125,0.10107421875,1.00048828125,-0.30517578125,-1.03759765625,1.28173828125,0.0,0.0,0.0,0.01537098828703165,-0.01666240207850933,-0.5623343586921692,0.8265992403030396
18.13653039932251,-2.7015124924599974,-0.5091553844615427,68.45846695666089,-0.02294921875,0.10302734375,1.01611328125,-0.8544921875,-0.6103515625,0.3662109375,0.0,0.0,0.0,0.016991151496767998,-0.016932375729084015,-0.5622568726539612,0.8266147375106812
18.160361766815186,-2.836124635386959,-0.3718689289898302,68.44066065349466,-0.04541015625,0.09619140625,0.9931640625,-1.0986328125,-0.48828125,1.28173828125,0.0,0.0,0.0,0.018638543784618378,-0.01659979112446308,-0.5621352195739746,0.8266686797142029
18.18195128440857,-2.9762954850812533,-0.2602711885125059,68.4223625767082,-0.037109375,0.1005859375,1.01220703125,0.0,-1.220703125,0.79345703125,0.0,0.0,0.0,0.020199917256832123,-0.016479209065437317,-0.5620049238204956,0.8267229199409485
18.200405836105347,-3.1166014444550667,-0.15074842482047707,68.41547774602482,-0.0361328125,0.0869140625,0.9990234375,-0.48828125,-1.77001953125,0.67138671875,0.0,0.0,0.0,0.02175033837556839,-0.016375936567783356,-0.5619571208953857,0.8267181515693665
18.215835094451904,-3.298760028298368,-0.041391173153902054,68.4016329525772,-0.0322265625,0.12451171875,1.02099609375,2.13623046875,-1.220703125,0.30517578125,0.0,0.0,0.0,0.023602792993187904,-0.01647748053073883,-0.5618536472320557,0.8267356753349304
18.23715591430664,-3.4539893106784247,0.02853600007883767,68.38530880046088,-0.01806640625,0.09912109375,0.984375,-2.9296875,-2.50244140625,0.1220703125,0.0,0.0,0.0,0.025067927315831184,-0.016730520874261856,-0.5617282390594482,0.8267727494239807
18.260473489761353,-3.5246465504251487,0.18891006575530025,68.38009736612416,-0.0302734375,0.06591796875,1.0322265625,-0.3662109375,-0.06103515625,0.0,0.0,0.0,0.0,0.026364531368017197,-0.015918582677841187,-0.5617150664329529,0.8267574310302734
18.280518293380737,-3.6634423976621546,0.3214335581784131,68.36831528980588,-0.05615234375,0.12353515625,1.021484375,3.11279296875,-2.44140625,0.67138671875,0.0,0.0,0.0,0.02801698073744774,-0.015639880672097206,-0.5616395473480225,0.8267596364021301
18.301388263702393,-3.8156595666182356,0.40596792804960485,68.34878094877965,-0.03271484375,0.13037109375,0.94482421875,-4.33349609375,-0.244140625,0.3662109375,0.0,0.0,0.0,0.02953205071389675,-0.01577092707157135,-0.5614963173866272,0.8268016576766968
18.320528984069824,-3.9090231299304325,0.5356509155516387,68.33635683467939,-0.02197265625,0.07470703125,1.0537109375,1.0986328125,-1.953125,0.1220703125,0.0,0.0,0.0,0.03084252029657364,-0.015289230272173882,-0.5614229440689087,0.826812744140625
18.343024969100952,-4.1678804692847455,0.5745653847392574,68.33722426870399,-0.0244140625,0.15087890625,1.04150390625,2.0751953125,1.0986328125,0.3662109375,0.0,0.0,0.0,0.032900597900152206,-0.016276851296424866,-0.5614025592803955,0.826728343963623
18.360527992248535,-4.288452944929334,0.6426591157522582,68.33911623110409,-0.037109375,0.107421875,0.9326171875,-5.67626953125,0.18310546875,0.30517578125,0.0,0.0,0.0,0.03410358726978302,-0.016376731917262077,-0.5614153742790222,0.8266690373420715
18.380858421325684,-4.249204116637503,0.8162198254518357,68.33495664589954,-0.03759765625,0.06591796875,1.06787109375,3.173828125,-1.0986328125,0.18310546875,0.0,0.0,0.0,0.03467075154185295,-0.014930717647075653,-0.5614320039749146,0.8266614675521851
18.400493383407593,-4.369805193699241,0.9576716024197718,68.32861823034978,-0.03662109375,0.109375,0.99755859375,0.9765625,-1.77001953125,0.0,0.0,0.0,0.0,0.03623398020863533,-0.014498807489871979,-0.5614038109779358,0.8266212940216064
18.420604944229126,-4.55150316666039,0.994197959997119,68.32605007922184,-0.02490234375,0.126953125,0.98681640625,-0.18310546875,-0.79345703125,-0.1220703125,0.0,0.0,0.0,0.037723738700151443,-0.015124524012207985,-0.5613705515861511,0.8265659809112549
18.440770149230957,-4.745656843346703,1.0227703488425748,68.32703362646232,-0.029296875,0.11669921875,1.02001953125,0.67138671875,-0.67138671875,-0.18310546875,0.0,0.0,0.0,0.03926382586359978,-0.01586979441344738,-0.5613585114479065,0.8264884352684021
18.46054482460022,-4.917568862774515,1.1039411707126525,68.330114041778,-0.03662109375,0.1103515625,0.98974609375,-1.28173828125,-0.06103515625,-0.30517578125,0.0,0.0,0.0,0.04090041667222977,-0.016127323731780052,-0.561377763748169,0.8263911008834839
18.480657815933228,-4.950070744826844,1.2611144956852243,68.33497713646705,-0.0341796875,0.080078125,1.00244140625,-0.8544921875,-0.48828125,-0.3662109375,0.0,0.0,0.0,0.04190315678715706,-0.015154209919273853,-0.5614492893218994,0.8263106942176819
18.50030279159546,-4.751459942820275,1.3293704970518656,68.34575517497733,-0.0322265625,0.04833984375,1.0107421875,0.06103515625,-0.67138671875,-0.3662109375,0.0,0.0,0.0,0.04080362245440483,-0.013692379929125309,-0.561569094657898,0.8263098001480103
18.520504236221313,-4.540348613972112,1.3554647011673704,68.35681325124358,-0.0283203125,0.03662109375,1.0048828125,-0.18310546875,-0.48828125,-0.42724609375,0.0,0.0,0.0,0.03940775245428085,-0.012473286129534245,-0.5616790652275085,0.8263221383094788
18.535385131835938,-4.3282498959020606,1.3787797653426206,68.3680352520499,-0.03076171875,0.0341796875,1.00732421875,-0.18310546875,-0.3662109375,-0.42724609375,0.0,0.0,0.0,0.037991270422935486,-0.011269125156104565,-0.5617870688438416,0.8263323903083801
18.560651302337646,-4.120870411661664,1.405931901727537,68.38203713984844,-0.0322265625,0.02880859375,1.00341796875,-0.06103515625,-0.54931640625,-0.67138671875,0.0,0.0,0.0,0.03662749379873276,-0.010060975328087807,-0.5619129538536072,0.8263238668441772
18.581653833389282,-3.90643619578229,1.4413349066298287,68.39711136734665,-0.03515625,0.02197265625,1.001953125,-0.30517578125,-0.06103515625,-0.3662109375,0.0,0.0,0.0,0.0352533794939518,-0.008758633397519588,-0.5620460510253906,0.826308012008667
18.600572109222412,-3.693991272498683,1.4824588352922408,68.4083538587205,-0.03759765625,0.0185546875,1.0029296875,-0.244140625,-0.42724609375,-0.1220703125,0.0,0.0,0.0,0.033922143280506134,-0.007423229515552521,-0.5621494054794312,0.8263064026832581
18.62049436569214,-3.478058256983315,1.5032483303001727,68.42073699168573,-0.029296875,0.01708984375,1.0029296875,-0.1220703125,-0.6103515625,-0.3662109375,0.0,0.0,0.0,0.03246621415019035,-0.006217427551746368,-0.5622549653053284,0.8263029456138611
18.640283584594727,-3.259649938224052,1.5197386481124049,68.43210242646464,-0.03271484375,0.01513671875,1.00439453125,-0.244140625,-0.30517578125,-0.1220703125,0.0,0.0,0.0,0.03097156621515751,-0.005029861815273762,-0.5623500347137451,0.8263038992881775
18.660259008407593,-3.046179846234708,1.5528167206542478,68.4412002384391,-0.0361328125,0.01171875,1.00439453125,-0.244140625,-0.30517578125,-0.1220703125,0.0,0.0,0.0,0.029594076797366142,-0.0037459637969732285,-0.5624281764030457,0.8263078927993774
18.680436372756958,-2.8327503084935612,1.5817876083490916,68.45172555995008,-0.03369140625,0.01025390625,1.00537109375,-0.1220703125,-0.18310546875,-0.18310546875,0.0,0.0,0.0,0.028196830302476883,-0.0024919970892369747,-0.5625133514404297,0.8263035416603088
18.695473670959473,-2.6163878448341285,1.593704687625177,68.46338469286329,-0.0322265625,0.01025390625,1.0068359375,-0.1220703125,-0.732421875,-0.30517578125,0.0,0.0,0.0,0.026694929227232933,-0.0013466400559991598,-0.5626022219657898,0.8262956738471985
18.715616464614868,-2.4038376939486206,1.614312222124752,68.4712394104088,-0.033203125,0.01171875,1.001953125,-0.06103515625,-0.79345703125,-0.1220703125,0.0,0.0,0.0,0.025263309478759766,-0.00015616489690728486,-0.5626621246337891,0.8263009190559387
18.740684509277344,-2.1909748484651734,1.6424334983198694,68.48035771295078,-0.03271484375,0.0146484375,1.00390625,-0.30517578125,-0.54931640625,-0.18310546875,0.0,0.0,0.0,0.023866403847932816,0.0010899878107011318,-0.5627291202545166,0.8262960910797119
18.760502338409424,-1.9796283049774688,1.6654669239135622,68.49053469481409,-0.03271484375,0.0166015625,1.00537109375,-0.06103515625,-0.3662109375,-0.1220703125,0.0,0.0,0.0,0.022455619648098946,0.002292012097314,-0.5628007650375366,0.8262843489646912
18.77605938911438,-1.7759120432880204,1.712436640731859,68.50037699740808,-0.0341796875,0.02001953125,1.0029296875,0.0,-0.54931640625,0.0,0.0,0.0,0.0,0.02121749147772789,0.003629514016211033,-0.562868595123291,0.8262661099433899
18.80063557624817,-1.586131928826337,1.797844527764872,68.50898986595146,-0.0341796875,0.0234375,1.00390625,0.06103515625,-0.732421875,-0.1220703125,0.0,0.0,0.0,0.020268691703677177,0.005176210310310125,-0.5629260540008545,0.8262425661087036
18.8203444480896,-1.5595302629998413,1.7673659825324537,68.51261669640074,-0.03125,0.02685546875,1.00390625,-0.1220703125,-1.03759765625,-0.244140625,0.0,0.0,0.0,0.019927414134144783,0.00508643314242363,-0.5629503130912781,0.8262348771095276
18.84033513069153,-1.7431524283162296,1.8568533067689623,68.51107307364832,-0.03369140625,0.03271484375,1.0029296875,-0.1220703125,-0.79345703125,-0.18310546875,0.0,0.0,0.0,0.021690603345632553,0.004830050747841597,-0.5629494786262512,0.8261925578117371
18.861050128936768,-1.9296170195444007,1.9436539120624232,68.50612118650007,-0.03466796875,0.03564453125,1.001953125,-0.1220703125,-0.54931640625,-0.1220703125,0.0,0.0,0.0,0.02346084453165531,0.004541048314422369,-0.5629243850708008,0.8261629939079285
18.880303621292114,-2.141284155036273,1.9087264590810937,68.50093024273085,-0.033203125,0.0400390625,1.00390625,-0.1220703125,-0.3662109375,0.0,0.0,0.0,0.0,0.024815276265144348,0.0032504519913345575,-0.5628925561904907,0.8261511921882629
18.900333642959595,-2.3353106194492943,1.8317662353909172,68.4965452612837,-0.0322265625,0.041015625,1.00537109375,-0.1220703125,-0.54931640625,0.06103515625,0.0,0.0,0.0,0.025836339220404625,0.0017432727618142962,-0.5628604888916016,0.8261463046073914
18.92054009437561,-2.4461415377901528,1.8938274686237686,68.49621058201437,-0.03369140625,0.04296875,1.0048828125,-0.06103515625,-0.8544921875,-0.1220703125,0.0,0.0,0.0,0.026939887553453445,0.0016465815715491772,-0.5628641247749329,0.8261086344718933
18.93546223640442,-2.511181160387953,1.9701117170295255,68.4965930726079,-0.03515625,0.0439453125,1.00341796875,-0.1220703125,-0.8544921875,-0.06103515625,0.0,0.0,0.0,0.027783066034317017,0.0018772287294268608,-0.5628734230995178,0.826073944568634
18.955485343933105,-2.39630719694527,1.973388073397016,68.50254216737497,-0.03466796875,0.04248046875,1.00390625,-0.1220703125,-0.54931640625,0.0,0.0,0.0,0.0,0.02697114646434784,0.0024637209717184305,-0.5629143714904785,0.8260715007781982
18.980416297912598,-2.3379799427543,1.892643071133006,68.50896937538396,-0.03369140625,0.041015625,1.0029296875,-0.1220703125,-0.30517578125,-0.18310546875,0.0,0.0,0.0,0.026154549792408943,0.0021664102096110582,-0.5629541873931885,0.8260713815689087
18.995524883270264,-2.230600831265237,1.8983900349893372,68.51644160233595,-0.033203125,0.03955078125,1.001953125,0.0,-0.6103515625,-0.1220703125,0.0,0.0,0.0,0.025408843532204628,0.002733721397817135,-0.5630061626434326,0.8260576128959656
19.020603895187378,-2.1578134262711153,1.9785493485320182,68.52176231969939,-0.03466796875,0.0380859375,1.00341796875,-0.18310546875,-0.91552734375,-0.18310546875,0.0,0.0,0.0,0.025277774780988693,0.0036682647187262774,-0.5630468726158142,0.8260301351547241
19.040437936782837,-2.034481127315018,1.9899478670397117,68.52895450889541,-0.03515625,0.03662109375,1.00537109375,-0.30517578125,-0.91552734375,-0.244140625,0.0,0.0,0.0,0.024444950744509697,0.004354926757514477,-0.5630949139595032,0.8260191679000854
19.060277700424194,-1.9653325056012205,1.9553388716284341,68.53472601874408,-0.0341796875,0.03369140625,1.00341796875,-0.1220703125,-0.42724609375,-0.244140625,0.0,0.0,0.0,0.02377680502831936,0.004443937446922064,-0.5631324648857117,0.8260125517845154
19.080626726150513,-1.8933969532626462,1.974526793997704,68.54131032110396,-0.03466796875,0.033203125,1.00390625,0.06103515625,-0.3662109375,-0.06103515625,0.0,0.0,0.0,0.023352760821580887,0.00493447482585907,-0.5631776452064514,0.825991153717041
19.100353240966797,-1.71895520252099,1.9155869572155484,68.553283642719,-0.03369140625,0.0302734375,1.0048828125,-0.1220703125,-0.6103515625,-0.244140625,0.0,0.0,0.0,0.02180645242333412,0.005364494863897562,-0.5632543563842773,0.8259783387184143
19.120422840118408,-1.7308849816800636,1.915460598715903,68.5559474164953,-0.03369140625,0.0302734375,1.00341796875,-0.06103515625,-0.9765625,-0.244140625,0.0,0.0,0.0,0.021891944110393524,0.005304436665028334,-0.563274085521698,0.8259630799293518
19.141119718551636,-1.6670271952520872,1.8248069129569089,68.56221753015338,-0.0322265625,0.029296875,1.00390625,-0.30517578125,-0.67138671875,-0.3662109375,0.0,0.0,0.0,0.020986637100577354,0.0049635316245257854,-0.5633140206336975,0.8259615302085876
19.156428575515747,-1.6263459482252565,1.9493351353479929,68.56684839841064,-0.03369140625,0.0283203125,1.005859375,-0.06103515625,-0.48828125,0.0,0.0,0.0,0.0,0.021305397152900696,0.0060605150647461414,-0.5633482933044434,0.8259226083755493
19.180591106414795,-1.6225448412304386,1.9381122807680158,68.57068696472419,-0.0341796875,0.02880859375,1.0048828125,-0.1220703125,-0.48828125,0.0,0.0,0.0,0.0,0.02122306637465954,0.00599757581949234,-0.5633755326271057,0.8259065747261047
19.200377941131592,-1.6315293147533556,2.027628526586791,68.57371273852651,-0.03515625,0.02880859375,1.0048828125,-0.06103515625,-0.79345703125,-0.1220703125,0.0,0.0,0.0,0.021727774292230606,0.006598220206797123,-0.5633993744850159,0.8258726596832275
19.220340490341187,-1.8034696154332006,1.9455428862547548,68.56997662505051,-0.0341796875,0.03125,1.00439453125,0.0,-0.9765625,-0.18310546875,0.0,0.0,0.0,0.02256350964307785,0.005161785986274481,-0.5633794069290161,0.8258740305900574
19.240694999694824,-1.9411512880618482,1.9741942491624889,68.56893843629666,-0.03466796875,0.03369140625,1.00537109375,-0.18310546875,-0.732421875,-0.06103515625,0.0,0.0,0.0,0.023696480318903923,0.004691665060818195,-0.5633788108825684,0.8258455395698547
19.260226249694824,-1.918567694458024,1.9504717215145653,68.57316632339291,-0.0341796875,0.03369140625,1.00341796875,-0.1220703125,-0.30517578125,-0.1220703125,0.0,0.0,0.0,0.023417361080646515,0.004630798939615488,-0.5634074807167053,0.825834333896637
19.28088617324829,-1.8964459923968222,1.8155594771509462,68.57735322935413,-0.0322265625,0.033203125,1.00537109375,0.0,-0.30517578125,-0.06103515625,0.0,0.0,0.0,0.02259528823196888,0.0037660780362784863,-0.5634315013885498,0.8258452415466309
19.29594922065735,-1.9670543536022984,1.9062056923905357,68.57778353127183,-0.03369140625,0.0341796875,1.0029296875,0.1220703125,-0.42724609375,-0.1220703125,0.0,0.0,0.0,0.023549498990178108,0.004072319716215134,-0.5634408593177795,0.8258106708526611
19.32075572013855,-1.9551525355301398,1.8837281801622585,68.58190213534135,-0.033203125,0.0341796875,1.00390625,-0.06103515625,-0.9765625,-0.18310546875,0.0,0.0,0.0,0.023353440687060356,0.003967951983213425,-0.5634691715240479,0.8257974982261658
19.34085488319397,-1.9085057585935377,1.9449864392808105,68.5859251167625,-0.0341796875,0.03369140625,1.00537109375,-0.18310546875,-0.91552734375,-0.244140625,0.0,0.0,0.0,0.023318417370319366,0.004638128448277712,-0.5634987950325012,0.8257747888565063
19.360528469085693,-2.007492915470182,1.9630768356278239,68.58658764511198,-0.03369140625,0.03564453125,1.0029296875,-0.1220703125,-0.54931640625,-0.244140625,0.0,0.0,0.0,0.024120643734931946,0.004281633999198675,-0.563508152961731,0.8257471919059753
19.38054633140564,-2.027378157465028,1.9840463701534092,68.58914896605074,-0.03466796875,0.0361328125,1.00439453125,0.06103515625,-0.3662109375,0.0,0.0,0.0,0.0,0.02436705492436886,0.004334472119808197,-0.5635282397270203,0.8257260918617249
19.4006130695343,-1.9098141667064181,1.831195487708398,68.59761840062156,-0.0322265625,0.03369140625,1.00390625,0.0,-0.48828125,-0.06103515625,0.0,0.0,0.0,0.022769125178456306,0.0038090466987341642,-0.5635786652565002,0.8257398009300232
19.4175922870636,-1.835923259274516,1.891173726687807,68.60348553311859,-0.033203125,0.0322265625,1.00341796875,-0.06103515625,-1.03759765625,-0.30517578125,0.0,0.0,0.0,0.02253166027367115,0.004603656008839607,-0.5636205077171326,0.8257137537002563
19.440516710281372,-1.8918552515009275,1.84743106080893,68.60434613695402,-0.03271484375,0.033203125,1.00244140625,-0.1220703125,-0.91552734375,-0.244140625,0.0,0.0,0.0,0.022719737142324448,0.004013072233647108,-0.5636271834373474,0.8257071375846863
19.46052384376526,-1.989629836356483,1.9310270267211853,68.60485157095259,-0.03369140625,0.03466796875,1.00439453125,-0.18310546875,-0.48828125,-0.06103515625,0.0,0.0,0.0,0.023835109546780586,0.004134631250053644,-0.5636377334594727,0.8256678581237793
19.48039674758911,-1.9296904440779783,2.008134953252163,68.61012447699184,-0.03466796875,0.0341796875,1.00244140625,0.0,-0.30517578125,0.0,0.0,0.0,0.0,0.023782402276992798,0.004984166938811541,-0.5636763572692871,0.8256382346153259
19.50028705596924,-1.7775142562569175,1.8872009044683868,68.61930425123634,-0.033203125,0.03125,1.00390625,0.0,-0.6103515625,-0.244140625,0.0,0.0,0.0,0.022091921418905258,0.0048592532984912395,-0.5637319684028625,0.8256481289863586
19.52033758163452,-1.7733876480594661,1.9538185142078717,68.62133281741984,-0.0341796875,0.03125,1.00390625,-0.1220703125,-0.9765625,-0.1220703125,0.0,0.0,0.0,0.022389760240912437,0.005359315779060125,-0.563748300075531,0.8256258368492126
19.540854454040527,-1.869867165015364,1.9759109745216894,68.62189289293178,-0.03466796875,0.03271484375,1.0029296875,-0.244140625,-0.79345703125,-0.244140625,0.0,0.0,0.0,0.02319350838661194,0.005043786484748125,-0.5637574195861816,0.8255992531776428
19.560489654541016,-2.0242247445025976,1.9363069763930167,68.61919496820963,-0.03369140625,0.03466796875,1.00146484375,-0.06103515625,-0.3662109375,0.0,0.0,0.0,0.0,0.0241108238697052,0.003999511711299419,-0.5637425184249878,0.8255890011787415
19.580384016036987,-1.9029316839005725,1.8931973836728349,68.62609345927133,-0.033203125,0.03369140625,1.00244140625,0.0,-0.30517578125,0.06103515625,0.0,0.0,0.0,0.02302529104053974,0.004284115973860025,-0.5637860894203186,0.8255887627601624
19.600290775299072,-1.9008632037991164,1.8863353914344994,68.63076530866363,-0.033203125,0.033203125,1.00439453125,-0.06103515625,-0.79345703125,-0.244140625,0.0,0.0,0.0,0.02297682873904705,0.004243900533765554,-0.563819408416748,0.8255675435066223
19.620511293411255,-1.9716312206764417,1.9568173941403302,68.63116145963548,-0.0341796875,0.0341796875,1.0068359375,-0.1220703125,-1.0986328125,-0.30517578125,0.0,0.0,0.0,0.023833181709051132,0.0044035897590219975,-0.5638276934623718,0.8255367875099182
19.635486125946045,-1.9698348809247284,1.952832832533274,68.63433749759955,-0.03466796875,0.03466796875,1.00537109375,-0.18310546875,-0.732421875,-0.18310546875,0.0,0.0,0.0,0.023800775408744812,0.0043830531649291515,-0.5638503432273865,0.8255223035812378
19.66073489189148,-1.9483345126345861,1.8911745804614533,68.63973334704384,-0.033203125,0.0341796875,1.00439453125,-0.1220703125,-0.244140625,-0.18310546875,0.0,0.0,0.0,0.023342935368418694,0.00404337840154767,-0.5638859272003174,0.8255128860473633
19.680596113204956,-1.8657363946713872,1.9371210495647175,68.64693919661822,-0.0341796875,0.033203125,1.005859375,0.0,-0.48828125,-0.1220703125,0.0,0.0,0.0,0.022974113002419472,0.00477950694039464,-0.5639364123344421,0.8254847526550293
19.70057439804077,-1.831717997179904,1.8758730357299207,68.65273802722355,-0.033203125,0.03173828125,1.00390625,-0.18310546875,-0.91552734375,-0.244140625,0.0,0.0,0.0,0.02242809720337391,0.004504407290369272,-0.5639746785163879,0.82547527551651
19.72047710418701,-2.0134697578807663,1.8312247294557822,68.64872187599158,-0.0322265625,0.03466796875,1.0029296875,-0.18310546875,-0.91552734375,-0.18310546875,0.0,0.0,0.0,0.02351766638457775,0.003288973355665803,-0.5639500617980957,0.8254674077033997
19.73583221435547,-1.9285186397484981,1.8310405277916033,68.6538445178691,-0.0322265625,0.03369140625,1.001953125,-0.18310546875,-0.54931640625,-0.1220703125,0.0,0.0,0.0,0.02290496975183487,0.003704698756337166,-0.5639843940734863,0.8254594802856445
19.7618625164032,-1.9380685248686453,1.9247641701391067,68.65645365013204,-0.033203125,0.0341796875,1.00390625,-0.244140625,-0.54931640625,-0.1220703125,0.0,0.0,0.0,0.02343476563692093,0.004332547541707754,-0.5640073418617249,0.8254258632659912
19.780438661575317,-1.8375392393434589,1.8846257097078805,68.66401466954325,-0.03271484375,0.0322265625,1.00537109375,-0.06103515625,-0.30517578125,-0.18310546875,0.0,0.0,0.0,0.02251352183520794,0.0045366170816123486,-0.564056396484375,0.8254168629646301
19.800682067871094,-1.8107832539304032,1.8703721721271218,68.6692192736908,-0.033203125,0.03173828125,1.005859375,-0.06103515625,-0.6103515625,0.0,0.0,0.0,0.0,0.02225089631974697,0.004564598668366671,-0.5640923976898193,0.8253992795944214
19.820454835891724,-1.8460853000990258,1.8797632553490662,68.67083119833492,-0.033203125,0.03271484375,1.0048828125,0.0,-0.91552734375,-0.18310546875,0.0,0.0,0.0,0.022551430389285088,0.004458170849829912,-0.5641056895256042,0.8253825306892395
19.8413143157959,-1.8926353871701898,1.9500482497860245,68.67115904741507,-0.0341796875,0.033203125,1.00439453125,-0.1220703125,-0.9765625,-0.06103515625,0.0,0.0,0.0,0.02323245443403721,0.004735378082841635,-0.5641124248504639,0.8253574967384338
19.86052179336548,-1.9158785209157432,2.0078472315333764,68.67339251927368,-0.03564453125,0.03369140625,1.00390625,-0.18310546875,-0.48828125,-0.1220703125,0.0,0.0,0.0,0.02368425577878952,0.005036957561969757,-0.564131498336792,0.8253298401832581
19.880693435668945,-1.8821984312315871,1.9136348037733941,68.67839221774612,-0.03369140625,0.03271484375,1.0029296875,-0.1220703125,-0.244140625,-0.1220703125,0.0,0.0,0.0,0.02297845296561718,0.0045229350216686726,-0.5641627907752991,0.8253313899040222
19.89549684524536,-1.8397325838406793,1.9272083106449134,68.68391784078466,-0.03369140625,0.0322265625,1.0029296875,0.0,-0.79345703125,-0.1220703125,0.0,0.0,0.0,0.022739602252840996,0.00482870964333415,-0.564201295375824,0.8253099918365479
19.92053723335266,-1.9053213963364306,1.950828385455287,68.6853453503212,-0.03466796875,0.03369140625,1.0029296875,0.0,-1.03759765625,-0.1220703125,0.0,0.0,0.0,0.02332824096083641,0.00467566167935729,-0.5642151236534119,0.8252848982810974
19.943414211273193,-1.9450814215989558,1.9157530161897443,68.68641769002089,-0.03369140625,0.0341796875,1.00439453125,-0.1220703125,-0.79345703125,-0.18310546875,0.0,0.0,0.0,0.023442072793841362,0.004226967692375183,-0.564223051071167,0.8252786993980408
19.96111798286438,-1.9673341779148574,1.946704018413657,68.68690946364113,-0.0341796875,0.0341796875,1.00341796875,-0.18310546875,-0.3662109375,0.06103515625,0.0,0.0,0.0,0.023754620924592018,0.00434029009193182,-0.5642286539077759,0.8252654075622559
19.980794191360474,-1.8666072437905639,1.9213450201292805,68.69313176597501,-0.03369140625,0.03271484375,1.00390625,0.0,-0.42724609375,0.0,0.0,0.0,0.0,0.022904686629772186,0.00465230131521821,-0.5642685890197754,0.8252604007720947
