time,child_frame_id,pose.pose.position.x,pose.pose.position.y,pose.pose.position.z,pose.pose.orientation.x,pose.pose.orientation.y,pose.pose.orientation.z,pose.pose.orientation.w,pose.covariance,twist.twist.linear.x,twist.twist.linear.y,twist.twist.linear.z,twist.twist.angular.x,twist.twist.angular.y,twist.twist.angular.z,twist.covariance
0.5358633995056152,base_link,5.483405638974791,-5.331479075715718,-5.625194497558667e-23,-2.3665805373879807e-27,-1.5845671638282338e-24,0.981069875203125,0.19365407294690354,[ 3.04909822e-03 -9.03220391e-04 -7.48320605e-05 -1.00559288e-03
  1.19726179e-03  3.64118584e-04 -2.89965751e-04  5.23759011e-04
  1.41243009e-03 -7.64518796e-05  9.10185554e-05  2.76963877e-05
  2.32669363e-20  1.06461454e-19  9.99677224e-07  1.51541490e-17
 -2.95830278e-17 -3.21609267e-24 -6.85567292e-20 -1.21231591e-20
  1.51541361e-17  9.99354865e-07 -5.54969831e-24 -2.11159785e-24
  3.17637355e-21  6.35274710e-22 -2.95830180e-17  2.52000915e-24
  9.99354865e-07 -4.09806484e-25 -1.86649428e-21 -9.36914845e-21
 -2.29219548e-20  1.37251972e-21 -1.63394733e-21  9.99999686e-10],0.003484668703767906,0.0006898457783753442,8.999558136402205e-22,-1.2890125180624135e-28,-8.813676876360281e-28,8.465489145418953e-05,[ 6.34509428e-02  1.14628056e-04  8.36192879e-07  3.72747986e-11
 -4.06278475e-11 -2.03836319e-04  5.75851474e-04  3.60114425e-02
  2.57901197e-04  1.42123745e-11 -1.61711787e-11 -6.24205174e-05
  1.63900875e-19  5.06322415e-17  9.99515992e-07  3.75406891e-26
 -7.33060821e-26  6.24823296e-23  1.80299524e-24  6.86624532e-25
  3.75679147e-26  9.98069567e-07  1.36680467e-32 -5.08105559e-29
  2.95329328e-24  1.17614743e-24 -7.33634881e-26  1.38528682e-32
  9.98069567e-07 -3.42577623e-28 -1.26526959e-14  6.97750844e-15
  5.10062682e-17 -1.39815909e-23  1.69488974e-23  3.49794150e-02]
0.5689332485198975,base_link,5.485144788278525,-5.32993850272881,6.976981179262281e-24,-1.2914061332412e-23,-3.0671328527585064e-23,0.9809711776153838,0.19415341533922922,[ 2.11489362e-03 -6.18894233e-04 -3.68654026e-05 -7.01705586e-04
  9.31562610e-04  2.42082923e-04 -1.99693371e-04  3.86504976e-04
  1.11096843e-03 -8.41446893e-05  1.11703471e-04  2.90892399e-05
  2.50404115e-20  1.51513018e-19  9.98946567e-07  2.44176265e-17
 -1.07087708e-16  2.71069852e-25 -2.72109334e-20 -1.37907552e-20
  2.44176074e-17  9.97897557e-07 -1.49365650e-23 -4.53768846e-24
  1.69406589e-21  8.99972506e-22 -1.07087705e-16 -3.50073208e-25
  9.97897557e-07  9.79467267e-25  2.36249245e-21 -1.15823639e-20
 -4.92278964e-20  7.33452179e-21 -9.73658509e-21  9.99998954e-10],0.0021102613377585212,-0.000780414473717927,4.638068362267144e-22,-3.535057852577e-27,-3.8078991406110346e-27,-0.000518287720305694,[ 6.23128213e-02  8.14231753e-05  5.90860419e-07  3.90435778e-11
 -4.92699281e-11 -1.36157918e-04  4.03873681e-04  3.59522551e-02
  2.57210769e-04  2.67812524e-11 -3.50051632e-11 -4.69527486e-05
  4.19281309e-20  1.82688066e-17  9.98421510e-07  5.93031511e-26
 -2.60139332e-25  1.17794695e-23  1.00166402e-24  6.88240119e-25
  5.93154526e-26  9.93745070e-07  2.33722926e-32 -1.43800466e-28
  4.71751443e-25  3.36042124e-25 -2.60169236e-25  2.38962391e-32
  9.93745070e-07 -1.65370334e-28 -1.27181757e-14  7.73758160e-15
  5.64248806e-17 -9.18859069e-24  1.16554691e-23  3.49729410e-02]
0.639580249786377,base_link,5.487149739384492,-5.328932248453778,1.3526538301209677e-23,-7.216541279384147e-24,5.4285554313007965e-24,0.9810697113433519,0.1936549030741855,[ 2.35117055e-03 -7.16307356e-04 -7.53219397e-05 -8.16033383e-04
  1.12124074e-03  2.98164100e-04 -2.87700633e-04  4.36052876e-04
  1.34949841e-03 -1.04830771e-04  1.44024301e-04  3.83402448e-05
  2.17184542e-20  1.28854887e-19  9.99425436e-07 -3.28208817e-17
 -3.79297137e-17 -2.21635830e-24  1.77347523e-20  6.37921688e-21
 -3.28208819e-17  9.98852191e-07  5.01926115e-24  1.91340622e-24
 -2.15993402e-20 -9.07913440e-21 -3.79296943e-17 -1.27433085e-23
  9.98852191e-07  3.86907603e-24 -3.54580146e-20 -4.94821704e-21
 -1.78445047e-20  9.83541994e-21 -1.35122752e-20  9.99999434e-10],0.0001539957670739773,-0.0018869690160559969,1.5285453770361007e-22,4.9334817937175635e-28,3.297105110350551e-27,7.794028847360444e-05,[ 6.26806045e-02  7.92985084e-05  5.75467660e-07  4.04006832e-11
 -4.81669288e-11 -1.67550724e-04  4.12259513e-04  3.59582454e-02
  2.57445159e-04  2.19120624e-11 -2.86840854e-11 -5.85567932e-05
  9.15854374e-20  4.11454724e-17  9.99138648e-07 -8.10260370e-26
 -9.33498510e-26  1.30910387e-22 -1.58973774e-24 -8.59492355e-25
 -8.09109588e-26  9.96572282e-07 -2.10886643e-32  7.02046161e-29
  1.92577986e-24  1.14706687e-24 -9.34884851e-26 -2.15328313e-32
  9.96572282e-07  4.59242337e-28 -1.13867836e-14  7.90700513e-15
  5.76742170e-17 -4.08983993e-23  5.62831996e-23  3.49755541e-02]
0.6765296459197998,base_link,5.487407530074227,-5.3277137514354145,1.5491354531651775e-23,-3.039866117051652e-23,-1.4318418808375417e-23,0.9811133640460381,0.19343362399093467,[ 1.92768747e-03 -6.38802981e-04 -5.94073404e-05 -7.50300168e-04
  1.01199009e-03  2.96912592e-04 -2.64410057e-04  4.39381485e-04
  1.19717198e-03 -1.15904256e-04  1.56330772e-04  4.59328404e-05
 -3.57342025e-21 -2.21287357e-20  9.99103832e-07 -6.87982926e-17
 -1.99129255e-17  2.29906241e-24  3.44636530e-20  1.79994501e-20
 -6.87983177e-17  9.98210866e-07 -2.81078738e-23 -7.81483260e-24
 -6.56450534e-21 -3.38813179e-21 -1.99128907e-17 -2.81822613e-23
  9.98210866e-07  1.05701643e-23 -4.86350922e-20 -5.06076207e-21
 -3.86855266e-21  1.05572405e-20 -1.42395746e-20  9.99999112e-10],0.00037387648028718067,-0.0026918410416673544,2.385607933177464e-22,4.323852559217675e-27,-1.5737523275090014e-26,0.00028186789587776205,[ 6.21950271e-02  1.20580808e-05  8.84094730e-08  4.01858087e-11
 -5.49359232e-11 -1.67891245e-04  3.08934250e-04  3.59403640e-02
  2.57225013e-04  2.79732469e-11 -3.78938934e-11 -6.21783469e-05
 -4.85720456e-21 -1.40404181e-17  9.98656949e-07 -1.67689770e-25
 -4.84899965e-26  2.21992527e-23 -1.88700577e-24 -1.31508793e-24
 -1.67644751e-25  9.94670598e-07 -1.38628047e-32  4.96836630e-28
  4.32977352e-24  2.98560502e-24 -4.85902455e-26 -1.25369749e-32
  9.94670598e-07 -1.79813588e-27 -1.00669298e-14  7.71321077e-15
  5.62343688e-17 -1.17027628e-23  1.60611937e-23  3.49693059e-02]
0.7314431667327881,base_link,5.485423123290957,-5.324897577765702,2.6559696668484083e-24,6.30941726520507e-23,3.006627460249865e-23,0.981571247012794,0.19109653852895586,[ 1.89244870e-03 -6.08355397e-04  3.30639121e-05 -6.84198438e-04
  8.74388245e-04  2.07859897e-04 -1.82606117e-04  3.66694202e-04
  1.27415109e-03 -7.71631429e-05  9.86037621e-05  2.34731998e-05
 -2.91432273e-20 -1.45583788e-19  9.99071533e-07 -1.18394612e-16
 -6.33784386e-17 -2.07547616e-24  4.71162077e-21  2.01170325e-21
 -1.18394699e-16  9.98146505e-07 -5.75917499e-23 -1.18001138e-23
 -2.80579664e-21 -1.50877744e-21 -6.33783213e-17 -6.06561012e-23
  9.98146505e-07  1.60109669e-23 -4.94304102e-20  7.47186108e-21
 -2.53369096e-20  2.00348035e-20 -2.55999628e-20  9.99999079e-10],0.0034972869535348514,-0.003885224405753272,-1.4443400185504001e-22,-7.250604776857149e-27,4.5156018880879486e-27,0.0029922688741106417,[ 6.20966691e-02  3.52812058e-05  2.54654752e-07  3.19287201e-11
 -3.27373516e-11 -1.21045870e-04  3.77968696e-04  3.59123200e-02
  2.57065292e-04  1.86198866e-11 -2.17807668e-11 -4.04998893e-05
 -8.04681300e-21 -7.91467586e-18  9.98608590e-07 -2.88632423e-25
 -1.54383148e-25  3.76500430e-23 -1.29246971e-25 -7.10858339e-26
 -2.88533489e-25  9.94480295e-07 -7.61726854e-32  5.99221148e-28
 -5.23450231e-25 -3.55429169e-25 -1.54493094e-25 -7.68313778e-32
  9.94480295e-07 -3.80901826e-28 -8.32269866e-15  7.53350764e-15
  5.49134113e-17 -2.52259020e-23  2.94077042e-23  3.49604139e-02]
0.7877802848815918,base_link,5.485882426648683,-5.329608059380402,9.62748302166626e-23,8.422756742285276e-24,-5.755183734634167e-24,0.9809853384405512,0.19408185325959004,[ 1.92497884e-03 -5.58187783e-04  2.20489991e-06 -6.48562227e-04
  9.83595329e-04  2.32851786e-04 -2.09007054e-04  3.75985159e-04
  1.27521986e-03 -9.55624565e-05  1.44930748e-04  3.43499565e-05
 -4.10281584e-21 -2.14934610e-20  9.99219244e-07 -5.96853799e-17
 -5.89191288e-17 -2.13299138e-24 -3.25048894e-20 -1.27849035e-20
 -5.96853817e-17  9.98440920e-07 -1.54137216e-24  7.02451858e-25
  5.02925812e-20  1.93758787e-20 -5.89191097e-17 -1.05634198e-23
  9.98440920e-07  2.17867293e-24 -3.52615980e-20 -2.20340236e-22
 -2.62740337e-20  1.33210702e-20 -2.02029422e-20  9.99999228e-10],0.0005725736225566641,-0.0008260591995084939,-6.883629325341556e-22,2.591433622212521e-28,2.8119126281897683e-27,-0.0005790004502616583,[ 6.21061433e-02  7.85731245e-05  5.66427678e-07  4.10901226e-11
 -6.38149790e-11 -1.34069226e-04  3.60366597e-04  3.59090716e-02
  2.57151910e-04  2.38353197e-11 -3.64559458e-11 -4.84639505e-05
 -2.87991202e-20 -1.30104261e-17  9.98829778e-07 -1.45267731e-25
 -1.43362095e-25  1.55393354e-23 -6.20385459e-25 -3.61891518e-25
 -1.45251604e-25  9.95351614e-07 -4.30526277e-32 -1.30030984e-29
  9.69352280e-25  5.55761974e-25 -1.43396248e-25 -4.28354513e-32
  9.95351614e-07 -1.90458487e-28 -6.55555255e-15  7.68461155e-15
  5.59912448e-17 -1.09494702e-23  1.74420971e-23  3.49524485e-02]
0.8352165222167969,base_link,5.48480227621859,-5.330768001068596,1.691561899305977e-22,-3.9734720884743276e-23,-1.5633997532168468e-23,0.9811291969763857,0.19335330056782715,[ 1.93377138e-03 -5.31957827e-04 -1.45557066e-05 -6.03171666e-04
  8.44730311e-04  2.07303656e-04 -1.92982816e-04  3.39740192e-04
  1.17081942e-03 -7.49398918e-05  1.04928157e-04  2.58122790e-05
 -1.61465656e-20 -6.94567017e-20  9.98727560e-07 -2.17741695e-17
 -3.76159008e-17 -8.21031730e-24 -1.36054667e-20 -6.67038446e-21
 -2.17741605e-17  9.97461575e-07  2.20330025e-23  5.58368019e-24
 -6.67038446e-21 -4.34104385e-21 -3.76159184e-17  2.48123971e-23
  9.97461575e-07 -8.77550640e-24 -7.19192184e-21 -7.96671865e-22
 -1.50068366e-20  4.29608062e-21 -6.01460239e-21  9.99998734e-10],0.001141334317630104,0.00023621667381981996,-1.2902770024040566e-21,6.091144962226629e-27,-2.390896526604135e-27,0.00030723159340489915,[ 6.20635538e-02  1.06812979e-04  7.71336833e-07  3.91504365e-11
 -3.87184971e-11 -1.19879585e-04  3.78862140e-04  3.58990580e-02
  2.56908731e-04  2.64219334e-11 -3.33312652e-11 -4.12877515e-05
  1.16890547e-19  3.89770681e-17  9.98093763e-07 -5.31664962e-26
 -9.15249946e-26  5.15477439e-23  6.13923111e-25  4.10359132e-25
 -5.30829563e-26  9.92461122e-07 -7.32850924e-33 -4.33918383e-28
  3.48966821e-25  2.97268033e-25 -9.16651524e-26 -6.49059358e-33
  9.92461122e-07  1.71302866e-28 -5.46171220e-15  7.43198905e-15
  5.41099499e-17 -9.75602949e-24  9.23960644e-24  3.49510404e-02]
0.8533933162689209,base_link,5.484366253791255,-5.329567188056377,-8.052348148330754e-23,3.0029125336819157e-24,-8.213258348286839e-24,0.9810301878452617,0.1938550245319696,[ 1.94147901e-03 -5.44605829e-04  1.25637236e-05 -6.47086393e-04
  8.62441612e-04  2.53340236e-04 -2.02104740e-04  4.15801066e-04
  1.20096024e-03 -8.68683795e-05  1.15771581e-04  3.40515886e-05
 -1.16467030e-20 -4.91279109e-20  9.99084749e-07  7.16205686e-18
 -3.43848647e-17 -5.52334541e-24 -4.35163177e-20 -1.56701095e-20
  7.16202603e-18  9.98172837e-07 -9.59990683e-24 -2.90482886e-24
  1.78935710e-20  7.04096137e-21 -3.43848561e-17  4.11269591e-24
  9.98172837e-07 -1.50769988e-24 -4.07929677e-20 -1.74445864e-20
 -1.91501050e-20  2.88693669e-21 -3.84729233e-21  9.99999093e-10],0.002075661876745472,-0.0004353155750291928,-1.2316642811544747e-21,-7.281308971729697e-28,-9.155990273665626e-28,-0.00029106942443919617,[ 6.20956857e-02  7.96453969e-05  5.75356548e-07  4.33737247e-11
 -5.28551195e-11 -1.46148693e-04  3.55092809e-04  3.59241664e-02
  2.57244293e-04  2.36160028e-11 -3.03079264e-11 -5.14191719e-05
 -1.81053292e-20 -8.18572640e-18  9.98628377e-07  1.74383486e-26
 -8.34657452e-26 -6.21974319e-23  2.34583252e-24  1.27631384e-24
  1.73587049e-26  9.94558081e-07  2.41986675e-33 -8.95590697e-29
 -2.38460661e-24 -1.37001789e-24 -8.33670417e-26  2.64932771e-33
  9.94558081e-07 -8.17936649e-29 -5.17209731e-15  7.34513429e-15
  5.35059454e-17  7.04218513e-25 -2.45520126e-24  3.49483816e-02]
0.9258685111999512,base_link,5.486662509439635,-5.331747334184868,2.256461079680084e-22,-1.4760907490102222e-23,-8.04396456572239e-24,0.9810822752468482,0.19359124256140217,[ 2.41372661e-03 -7.59807955e-04 -4.98663353e-05 -8.79843679e-04
  1.12405804e-03  3.16232070e-04 -2.95470133e-04  4.63588005e-04
  1.31997092e-03 -1.08456115e-04  1.38559911e-04  3.90122373e-05
  5.75982404e-20  2.17369830e-19  9.99430673e-07  3.03321619e-17
 -1.37634598e-18  1.36611770e-23  3.74812079e-20  1.12761261e-20
  3.03321910e-17  9.98862641e-07 -8.55535754e-24 -2.43033605e-24
 -4.70103286e-20 -1.41348623e-20 -1.37638373e-18 -7.98341568e-24
  9.98862641e-07  2.89912130e-24 -6.63584967e-21 -1.18890120e-20
 -5.02791702e-21 -4.48694376e-21  5.73237064e-21  9.99999440e-10],-0.0014587659698473761,0.00033936515460373053,1.2040555744280088e-21,3.560606533143953e-29,7.277078616827577e-27,3.2739735385008326e-05,[ 6.27230502e-02  6.08327391e-05  4.41262779e-07  4.60315736e-11
 -5.88703173e-11 -1.79451653e-04  4.25702281e-04  3.59291583e-02
  2.57412043e-04  2.27099245e-11 -2.90267181e-11 -6.17233812e-05
  1.50877744e-20  8.89045781e-18  9.99146495e-07  7.47499746e-26
 -3.33219093e-27  5.53996155e-23  1.42171668e-25  7.43170082e-26
  7.47988900e-26  9.96603348e-07  7.19185540e-34  2.26341783e-30
  2.75296048e-24  1.36355554e-24 -3.37102049e-27  3.29937033e-34
  9.96603348e-07  4.75256331e-28 -4.71103704e-15  7.09373491e-15
  5.17000119e-17  2.25291538e-23 -2.87604833e-23  3.49539261e-02]
0.9836390018463135,base_link,5.489059992443089,-5.329966601426504,-3.503141582424915e-24,1.3689903111149702e-23,6.4304806393200854e-24,0.9812266771352635,0.19285799977726972,[ 2.27160498e-03 -6.95888571e-04 -8.93735836e-05 -7.77813904e-04
  1.05653869e-03  2.96255685e-04 -2.57153938e-04  4.56666192e-04
  1.25260396e-03 -8.71298627e-05  1.18356988e-04  3.32251291e-05
  1.38966343e-21  9.74087889e-21  9.99336545e-07 -2.35217916e-17
  4.53948602e-17 -8.14061805e-25 -7.46447785e-20 -3.11019910e-20
 -2.35217735e-17  9.98674848e-07  2.03118403e-23  5.25284335e-24
  1.07784943e-19  4.16634331e-20  4.53948361e-17  2.03820181e-23
  9.98674848e-07 -7.16233659e-24 -1.79040529e-20  3.13587401e-21
  2.74309164e-20 -2.69040079e-21  3.65479077e-21  9.99999345e-10],-0.0029779602065881546,-0.0014208709734553166,4.869951437085117e-22,-3.252926954377476e-27,-2.0329466625854403e-27,0.0008526900434824284,[ 6.25087243e-02  6.28018752e-05  4.54681157e-07  3.12256276e-11
 -4.56417991e-11 -1.68518418e-04  4.05894825e-04  3.59324664e-02
  2.57420206e-04  1.83959449e-11 -2.57032130e-11 -5.66105694e-05
  6.99331577e-20  3.97360096e-17  9.99005477e-07 -5.79114786e-26
  1.11714030e-25  8.17000349e-23  1.93870456e-26  9.69352280e-27
 -5.78519608e-26  9.96045460e-07  1.49421051e-32 -5.56641979e-28
  1.66082357e-24  9.33809363e-25  1.11584029e-25  1.59788576e-32
  9.96045460e-07 -3.48571567e-28 -4.26175759e-15  5.99991384e-15
  4.37628644e-17  7.22940078e-24 -1.00058224e-23  3.49527354e-02]
1.0437517166137695,base_link,5.488135881281989,-5.328030457936937,4.785657950833191e-25,-4.000914685885388e-23,-2.683898467110401e-24,0.9809516317519503,0.19425214583933448,[ 1.92139884e-03 -5.41592561e-04 -4.70090200e-05 -6.06007638e-04
  7.90651541e-04  2.11782951e-04 -2.12079368e-04  3.62147456e-04
  1.26131569e-03 -8.59397273e-05  1.12118569e-04  3.00865229e-05
 -9.52912066e-22 -7.19978005e-21  9.98971212e-07 -7.14224212e-17
  2.56229093e-17  7.35584304e-26  1.13290657e-20  7.06743115e-21
 -7.14224440e-17  9.97946644e-07 -1.09930235e-23 -3.43049676e-24
  7.57035697e-21  5.18807680e-21  2.56229945e-17 -3.46302515e-23
  9.97946644e-07  1.27580654e-23 -2.41561490e-20  4.27121172e-21
  2.03561319e-20  3.52720779e-21 -4.60165994e-21  9.99998979e-10],-0.0009332814059702238,-0.002371306697547389,-1.2263073727728791e-23,-4.855253259101183e-27,-3.5976696376119065e-28,-0.0008163080680547031,[ 6.20328189e-02  9.16742720e-05  6.61521463e-07  2.64914450e-11
 -3.07874923e-11 -1.20661019e-04  3.54195712e-04  3.58935297e-02
  2.57044678e-04  2.14194598e-11 -2.70663843e-11 -4.34468892e-05
 -2.21287357e-20 -8.61940727e-18  9.98458402e-07 -1.73740634e-25
  6.23310985e-26  1.16347702e-25 -1.77714585e-25 -1.45402842e-25
 -1.73763369e-25  9.93889936e-07  1.60481877e-32 -4.69121596e-28
  6.07460762e-25  5.33143754e-25  6.23298229e-26  1.70463528e-32
  9.93889936e-07 -3.46972951e-29 -3.26929098e-15  4.81347818e-15
  3.51591660e-17 -9.57608319e-24  1.25914616e-23  3.49457528e-02]
1.0772719383239746,base_link,5.487898625098136,-5.326069057284008,-2.5493920844224645e-23,-8.40206236473537e-24,2.817649601954044e-24,0.9810408442744879,0.19380108840045235,[ 1.92133738e-03 -4.98885912e-04  1.00110046e-04 -5.67906615e-04
  7.54753720e-04  1.70883722e-04 -1.26292072e-04  3.30200307e-04
  1.24816364e-03 -4.71296117e-05  6.26397568e-05  1.42000237e-05
 -7.15742840e-20 -2.17687467e-19  9.98918872e-07 -1.17597484e-16
 -2.28928055e-17 -2.60445701e-24  9.95263713e-21  2.22346149e-21
 -1.17597489e-16  9.97842403e-07 -9.68960369e-25  3.45149932e-25
 -1.07996701e-20 -2.22346149e-21 -2.28927665e-17 -1.12951772e-23
  9.97842403e-07  2.65558906e-24 -3.32785940e-20  1.10940753e-20
 -9.98512206e-22  1.09193293e-20 -1.45133821e-20  9.99998926e-10],0.00018628413064324678,-0.0035195378595813077,2.4644184533979107e-22,-2.8666512204338856e-29,-3.800343464970778e-27,-0.00029023828449562146,[ 6.19731752e-02  1.19771692e-04  8.63393814e-07  4.32791049e-11
 -6.26439741e-11 -1.01025272e-04  4.19505523e-04  3.58943939e-02
  2.57063992e-04  1.81869682e-11 -2.54632921e-11 -3.14261568e-05
 -2.62580214e-20 -7.80625564e-18  9.98380057e-07 -2.85789151e-25
 -5.55820379e-26  1.83967878e-23 -9.88739326e-25 -4.16821481e-25
 -2.85755625e-25  9.93582392e-07 -2.37456298e-32 -2.33591773e-30
  2.31352078e-24  9.43502886e-25 -5.56478503e-26 -2.31659644e-32
  9.93582392e-07 -3.34790113e-28 -2.66284556e-15  4.54008982e-15
  3.31763320e-17 -1.82655965e-23  2.46456050e-23  3.49405901e-02]
1.1328885555267334,base_link,5.486667302839084,-5.332304031289395,-4.69010932413751e-22,1.0905361907691837e-22,2.8324364404410342e-24,0.9809377843481308,0.1943220606060461,[ 1.92737134e-03 -4.81122623e-04  6.37887149e-05 -5.44290583e-04
  8.05571399e-04  1.99489246e-04 -1.22321826e-04  3.82111986e-04
  1.21544730e-03 -3.67800221e-05  5.44317772e-05  1.34919778e-05
 -1.80259199e-20 -7.81387894e-20  9.99167783e-07 -5.57960620e-17
  5.88239550e-18  5.10755529e-24 -6.14098887e-21 -1.03893885e-21
 -5.57960604e-17  9.98338328e-07 -7.73029038e-24 -2.01605905e-24
  8.41738991e-21  1.66759611e-21  5.88242962e-18 -2.30940937e-23
  9.98338328e-07  8.62496891e-24 -2.35107542e-20  6.66725991e-21
  9.09582124e-21  4.91672656e-21 -7.27594423e-21  9.99999176e-10],-0.001274630769082082,0.0009730841738862851,4.2245492849474545e-22,3.033688485718976e-27,8.173050883760776e-27,-0.0009217410534687424,[ 6.19717372e-02  1.18277327e-04  8.53039045e-07  3.15124380e-11
 -3.89018265e-11 -1.18877996e-04  4.08239546e-04  3.59087288e-02
  2.57314836e-04  1.19201626e-11 -1.56545252e-11 -3.54364373e-05
 -7.41153829e-22 -2.16840434e-19  9.98752711e-07 -1.35974732e-25
  1.43262190e-26 -4.00137641e-24  1.33770615e-24  5.05678773e-25
 -1.35984100e-25  9.95047770e-07  3.64802245e-33 -7.42170129e-29
  8.78879401e-25  3.55429169e-25  1.43237157e-26  3.99006118e-33
  9.95047770e-07 -1.92757069e-28 -1.50176978e-15  4.29260373e-15
  3.13878021e-17 -2.18309078e-24  7.94864341e-25  3.49335633e-02]
1.1726808547973633,base_link,5.481234096849934,-5.327782031916977,4.735043580065228e-22,1.8045759236730368e-24,-7.573794275490083e-25,0.9814387765899707,0.19177572266995016,[ 2.00020836e-03 -5.32067476e-04  4.28648783e-05 -6.19162876e-04
  9.67252542e-04  2.51685638e-04 -1.53949721e-04  4.30010165e-04
  1.23228758e-03 -5.90736365e-05  9.22974093e-05  2.40414346e-05
 -5.60100536e-20 -2.80579664e-19  9.99164219e-07  2.31966489e-17
 -5.16173157e-17  1.05275038e-23  3.48342300e-20  9.50265088e-21
  2.31966767e-17  9.98331224e-07  3.15075380e-24  4.47769492e-25
 -6.60685699e-20 -1.50083650e-20 -5.16173342e-17 -9.97623282e-24
  9.98331224e-07  4.64582453e-24 -1.66055216e-20 -1.42847823e-20
 -2.95966949e-20  1.92425424e-21 -3.00695345e-21  9.99999172e-10],0.00641625316433482,-0.0005593251946604542,6.989458782824699e-22,1.2564785752967015e-28,-7.153406514946203e-28,0.0020880428442282316,[ 6.20845347e-02  9.43494379e-05  6.80658473e-07  3.79039850e-11
 -7.12878764e-11 -1.47682654e-04  3.97821132e-04  3.59133035e-02
  2.57379696e-04  1.74822449e-11 -3.01907823e-11 -4.72251227e-05
 -5.10337351e-20 -1.92445886e-17  9.98747374e-07  5.66153521e-26
 -1.25990966e-25  1.69797279e-23 -1.14383569e-24 -5.26681406e-25
  5.66323577e-26  9.95026756e-07  1.37284332e-32 -2.53585441e-29
 -1.46049077e-24 -6.20385459e-25 -1.25994845e-25  1.32223031e-32
  9.95026756e-07  5.41044564e-28 -1.19630821e-15  4.11855202e-15
  3.01211615e-17 -3.51866787e-24  6.17860906e-24  3.49293809e-02]
1.2214012145996094,base_link,5.480734740156094,-5.324907838040764,1.2896353119660825e-22,3.481564310438268e-23,3.644154933955241e-24,0.9813747200804112,0.1921032503293338,[ 2.08097222e-03 -6.13182656e-04 -2.95823020e-05 -7.01654438e-04
  1.03776495e-03  2.89036256e-04 -2.08750652e-04  4.57757566e-04
  1.20054027e-03 -7.22352562e-05  1.06853019e-04  2.97912148e-05
  7.79535009e-21  4.65868121e-20  9.99165301e-07 -7.26230455e-17
 -2.07319143e-16 -1.22162587e-23  6.77626358e-21  2.30287083e-21
 -7.26230888e-17  9.98333383e-07 -3.01192914e-23 -3.37118961e-24
 -3.12343399e-20 -8.31151079e-21 -2.07319050e-16 -4.38023935e-23
  9.98333383e-07  1.06361325e-23 -6.37429904e-20 -2.05991592e-20
 -9.65115589e-20  2.85916854e-20 -4.22996696e-20  9.99999173e-10],0.007465138809545033,-0.00223406134396345,7.489225694452819e-22,-5.200936411462718e-27,1.7706183691128342e-27,0.001645262718154529,[ 6.22184291e-02  5.91185235e-05  4.26746512e-07  3.42886063e-11
 -6.53887567e-11 -1.67530014e-04  3.80251382e-04  3.59036922e-02
  2.57337818e-04  1.79969834e-11 -3.01842928e-11 -5.46312330e-05
 -5.61159328e-21 -3.41523684e-18  9.98748995e-07 -1.77860212e-25
 -5.07996816e-25 -4.83632988e-23 -1.25369562e-24 -6.55928376e-25
 -1.77899928e-25  9.95033180e-07 -1.73629940e-31  4.99300048e-28
  2.53324063e-24  1.16968508e-24 -5.07920502e-25 -1.74220691e-31
  9.95033180e-07 -1.55623479e-28 -1.02009475e-15  5.39326545e-15
  3.93233326e-17 -7.21408414e-23  1.05610335e-22  3.49273879e-02]
1.2786839008331299,base_link,5.481085105269966,-5.327413695929609,-2.9635187547307095e-22,-1.9297963538406366e-23,2.1825113277349913e-23,0.9813563498143174,0.19219707250402954,[ 2.13992000e-03 -7.23632922e-04 -1.23040862e-05 -8.46823656e-04
  1.21362513e-03  3.15431552e-04 -2.67324021e-04  4.54404379e-04
  1.30511027e-03 -1.05302176e-04  1.50911859e-04  3.92587679e-05
 -1.15937635e-20 -4.38339550e-20  9.99372199e-07 -5.74284960e-17
 -1.34042024e-16  6.82046572e-24  4.77514824e-20  1.45583788e-20
 -5.74284909e-17  9.98745971e-07 -2.62188509e-23 -3.63230027e-24
 -8.13151629e-20 -2.51462906e-20 -1.34042068e-16  3.16235024e-25
  9.98745971e-07 -4.69105331e-24 -5.86551704e-20 -1.13117466e-20
 -7.07687408e-20  2.82304084e-20 -4.04576169e-20  9.99999381e-10],0.005170561451626137,-0.0006042363380975008,5.4545637799583956e-21,-5.252564470669325e-28,1.1618784937569344e-27,0.0014017130215913413,[ 6.23419031e-02  6.80879384e-06  4.90904144e-08  4.94212695e-11
 -6.96911219e-11 -1.79725668e-04  3.66385415e-04  3.58767211e-02
  2.57243884e-04  2.42329766e-11 -3.44920620e-11 -6.16018937e-05
  2.60065585e-21  1.15467531e-17  9.99058888e-07 -1.41084219e-25
 -3.29737096e-25 -1.22608741e-22 -2.94036858e-24 -1.44110372e-24
 -1.41198263e-25  9.96256646e-07 -1.19201595e-31  3.21812143e-29
  6.90178824e-24  3.42504472e-24 -3.29573828e-25 -1.19180560e-31
  9.96256646e-07 -7.06357133e-29 -1.24328344e-16  7.23978034e-15
  5.26932372e-17 -6.78046390e-23  9.69138391e-23  3.49275457e-02]
1.321512222290039,base_link,5.480597078832506,-5.328065283767029,2.9433701146648036e-23,-8.227689315841509e-24,1.098519612403349e-24,0.981077560610773,0.19361513387649973,[ 2.12298111e-03 -5.88394100e-04 -4.56653499e-05 -6.36736208e-04
  9.53185505e-04  2.53789533e-04 -1.72354602e-04  4.56804925e-04
  1.27955472e-03 -4.88875299e-05  7.31928707e-05  1.95042560e-05
 -3.31401641e-20 -3.77882574e-19  9.99293564e-07 -1.83362010e-17
 -1.18437564e-16 -2.51022177e-24 -2.22346149e-21 -8.60267837e-22
 -1.83362044e-17  9.98589119e-07 -1.00663147e-24  5.51492688e-25
  2.64697796e-22  7.94093388e-23 -1.18437598e-16  1.49485226e-23
  9.98589119e-07 -7.19892649e-24 -2.79310652e-20 -1.27818049e-20
 -6.39422066e-20  1.36085667e-20 -2.03780141e-20  9.99999302e-10],0.0049256293076863885,-3.647871646974127e-05,-3.765660033752563e-22,-6.91958532728363e-28,-9.09244016571227e-28,-0.000367336667751874,[ 6.22216171e-02  8.30264471e-05  6.00233158e-07  1.56089912e-11
 -3.74882989e-11 -1.47863806e-04  4.10969107e-04  3.59116495e-02
  2.57495202e-04  8.33875800e-12 -1.61087354e-11 -4.51038772e-05
 -1.56277579e-19 -6.70579044e-17  9.98941092e-07 -4.48645107e-26
 -2.89571857e-25  2.42385950e-23  5.65455497e-25  3.03730381e-25
 -4.48256139e-26  9.95791025e-07 -2.93080909e-32  2.13776110e-28
 -1.68667297e-24 -7.27014210e-25 -2.89597924e-25 -2.98495721e-32
  9.95791025e-07  2.29844508e-28  5.35215052e-16  8.03862050e-15
  5.84472976e-17  8.99360356e-24 -4.52931294e-24  3.49241988e-02]
1.3834056854248047,base_link,5.479202837563063,-5.320838305535195,1.8702480354514999e-23,-3.748144064477782e-23,-4.836482669841788e-23,0.9809066847408011,0.19447898557636173,[ 2.07875112e-03 -5.20301080e-04  2.28988384e-06 -5.51793058e-04
  7.78103736e-04  1.80952459e-04 -1.11831570e-04  3.61995985e-04
  1.20873254e-03 -2.50340846e-05  3.53034584e-05  8.21551661e-06
  1.51804186e-20  1.46430821e-19  9.98934971e-07 -1.23518982e-16
 -2.90809330e-16  5.32622332e-25 -1.66891960e-20 -3.30210501e-21
 -1.23519062e-16  9.97874465e-07 -7.46454509e-23 -9.54398836e-24
  1.62524447e-20  2.09773003e-21 -2.90809291e-16 -4.82658461e-23
  9.97874465e-07  4.78298176e-24 -7.54399204e-20 -1.73061181e-20
 -1.31263480e-19  2.59015832e-20 -3.65345342e-20  9.99998942e-10],0.008654532371290272,-0.004281093621622468,2.6365870567537445e-22,4.803318980966702e-27,-1.509227372595272e-27,-0.001365589873400212,[ 6.20897008e-02  1.37147843e-04  9.89976510e-07  1.33175160e-11
 -3.02556432e-11 -1.07247997e-04  4.60242154e-04  3.58849913e-02
  2.57206313e-04  5.31123483e-12 -1.05604627e-11 -3.02639029e-05
  1.92699996e-20  4.98732999e-18  9.98404154e-07 -3.00848511e-25
 -7.08266478e-25  6.05592379e-24  6.91471293e-25  2.77073193e-25
 -3.00822837e-25  9.93676989e-07 -3.22316868e-31  2.45059851e-28
 -9.49965235e-25 -3.29579775e-25 -7.08286834e-25 -3.22770604e-31
  9.93676989e-07 -7.76452705e-29  1.17964848e-15  9.40306521e-15
  6.82518562e-17 -2.59445562e-23  4.09927970e-23  3.49193500e-02]
1.4382596015930176,base_link,5.4764842568919825,-5.321949663973472,3.3275907034375426e-23,-1.9310036714673e-23,-1.3475282797653728e-23,0.9814735577598057,0.19159763938605628,[ 2.15000154e-03 -5.45448928e-04  9.34421512e-05 -6.36256367e-04
  8.38779265e-04  2.40245439e-04 -1.17086091e-04  4.52065696e-04
  1.18174613e-03 -4.12436728e-05  5.43730058e-05  1.55850456e-05
 -5.56924163e-20 -2.13134665e-19  9.99237336e-07 -9.11355282e-17
 -2.10922870e-16 -1.63087519e-24  2.76344499e-20  4.03664139e-21
 -9.11355181e-17  9.98476991e-07 -1.52649076e-23  2.85117638e-24
 -5.46336251e-20 -7.64976630e-21 -2.10922879e-16 -1.79811731e-23
  9.98476991e-07 -2.73170067e-24 -6.73095734e-20 -1.76313014e-20
 -1.04140446e-19  2.72867576e-20 -3.59741180e-20  9.99999246e-10],0.010003486917904668,-0.0026872689990957354,-3.5284322890322194e-22,2.9784469900444592e-27,-6.2591428554020604e-27,0.002058554467896355,[ 6.21993938e-02  1.15008675e-04  8.30346379e-07  3.88291069e-11
 -5.36601695e-11 -1.42179182e-04  4.55189205e-04  3.59138697e-02
  2.57577869e-04  1.38140948e-11 -1.88482892e-11 -4.20941909e-05
 -2.17158072e-19 -6.73289549e-17  9.98856874e-07 -2.22017711e-25
 -5.13787285e-25  1.28351519e-23 -1.18907213e-24 -4.23283829e-25
 -2.22011424e-25  9.95458518e-07 -2.41376514e-31 -1.45379408e-28
  2.55909002e-24  9.01497621e-25 -5.13789715e-25 -2.41484654e-31
  9.95458518e-07  3.02743241e-28  2.25932489e-15  1.05381876e-14
  7.64575174e-17 -1.92727130e-23  2.69268875e-23  3.49137766e-02]
1.4770586490631104,base_link,5.479261017400506,-5.3242226279161855,-7.27082420420572e-24,2.0275859185066006e-23,-3.330861286078842e-24,0.9809830306986976,0.19409351736005498,[ 2.17114193e-03 -5.66239021e-04  4.05735597e-05 -6.52382453e-04
  8.91414519e-04  2.25015228e-04 -1.68553967e-04  4.11074929e-04
  1.28453383e-03 -7.15552077e-05  9.77667764e-05  2.47030767e-05
 -5.94246552e-20 -2.73485763e-19  9.99311099e-07 -3.77851350e-17
 -1.62721591e-16  2.50298907e-24 -1.18584613e-20 -3.29548756e-21
 -3.77851260e-17  9.98624090e-07 -7.93927541e-24  2.49185655e-25
  1.79994501e-21  5.82335151e-22 -1.62721644e-16  1.21994916e-23
  9.98624090e-07 -7.29568509e-24 -3.76272441e-20 -1.39309914e-20
 -9.16033358e-20  2.11812760e-20 -2.89392442e-20  9.99999320e-10],0.005399106396871517,-0.0018791075828157127,-1.468654865887128e-22,1.141158859122919e-27,5.5679009050088676e-27,-0.0009145826668788555,[ 6.22433429e-02  1.23213569e-04  8.89987273e-07  3.75927856e-11
 -4.66043439e-11 -1.30574224e-04  4.39114752e-04  3.58807743e-02
  2.57395626e-04  1.75149450e-11 -2.28291922e-11 -4.31045696e-05
 -2.41404390e-19 -6.97684098e-17  9.98967358e-07 -9.20565760e-26
 -3.96602361e-25 -2.76342422e-23  9.75814629e-25  4.52364397e-25
 -9.20768916e-26  9.95894760e-07 -8.52964371e-32  1.24822377e-28
 -5.49299626e-25 -2.64956290e-25 -3.96529548e-25 -8.60031306e-32
  9.95894760e-07  5.73556536e-28  2.90665171e-15  1.13748461e-14
  8.24967470e-17 -7.72404859e-24  7.24972754e-24  3.49108837e-02]
1.5344574451446533,base_link,5.479534006962118,-5.3264970824867905,9.309271110013533e-23,4.005074478844692e-23,2.2606093273526846e-23,0.981358525385119,0.19218596372769975,[ 2.38935619e-03 -6.93844185e-04  7.36995135e-06 -7.85727927e-04
  1.12060361e-03  2.81248364e-04 -2.07322868e-04  4.58897688e-04
  1.32608238e-03 -7.02425215e-05  1.00185100e-04  2.51613535e-05
  8.51797508e-20  4.15257902e-19  9.99468338e-07 -4.38444512e-17
 -8.51434554e-17 -2.44001450e-24  4.97631857e-21  1.15143541e-21
 -4.38444791e-17  9.98937805e-07 -2.75812897e-23 -5.16550700e-24
 -1.31290107e-20 -2.72638730e-21 -8.51434210e-17 -2.35202231e-23
  9.98937805e-07  5.91237105e-24 -3.61007339e-20 -2.32501568e-21
 -4.62834874e-20  1.74876825e-20 -2.49431089e-20  9.99999477e-10],0.003519706202345705,-0.00039371815535709875,2.135615667017826e-21,-6.535489662895204e-27,1.0776677298740818e-26,0.0013535238379852352,[ 6.25420635e-02  8.87557981e-05  6.42351548e-07  3.66141730e-11
 -5.71033133e-11 -1.62316524e-04  4.70337924e-04  3.58882397e-02
  2.57528966e-04  1.54761344e-11 -2.32009137e-11 -5.11816355e-05
  1.44313238e-19  5.77879758e-17  9.99202930e-07 -1.07781527e-25
 -2.09417114e-25 -3.87932781e-23 -3.16655078e-25 -1.32478145e-25
 -1.07796320e-25  9.96826859e-07 -6.79314710e-32  3.27307071e-28
  3.50259291e-24  1.41848550e-24 -2.09401462e-25 -6.78754047e-32
  9.96826859e-07 -5.27568318e-28  3.71403419e-15  1.21924904e-14
  8.84341722e-17 -2.38106030e-23  3.57160825e-23  3.49122397e-02]
1.5668644905090332,base_link,5.47798625575103,-5.326813956394524,-5.844781238193797e-23,-2.8482853044936187e-24,-4.800120427112488e-25,0.9812871344987398,0.19255014844775392,[ 2.37460457e-03 -7.56676186e-04  3.33716822e-05 -8.72174090e-04
  1.20478807e-03  3.30569905e-04 -2.15148190e-04  5.00199007e-04
  1.35270982e-03 -7.38817761e-05  1.02055024e-04  2.80231763e-05
  4.82014687e-20  1.97146918e-19  9.99486236e-07 -6.72399241e-18
 -5.86046213e-17  8.00766413e-24 -6.96684599e-20 -1.43863252e-20
 -6.72396990e-18  9.98973526e-07  9.06305356e-25  4.59604006e-25
  8.92560968e-20  1.91641204e-20 -5.86046540e-17  2.41018001e-24
  9.98973526e-07 -1.20542117e-24  9.78435757e-21 -2.12929861e-21
 -3.58950552e-20  8.93955704e-21 -1.23483149e-20  9.99999495e-10],0.004756402230463307,0.00021923566132722125,5.851064810695968e-22,-2.1702793617740302e-28,3.876746605596323e-27,0.0008615314744713538,[ 6.25561612e-02  3.05541325e-05  2.20861289e-07  4.42573036e-11
 -5.91112647e-11 -1.90254901e-04  4.52249384e-04  3.58950198e-02
  2.57588014e-04  1.78307376e-11 -2.41834183e-11 -5.92087254e-05
  2.34786945e-20  2.71050543e-17  9.99229749e-07 -1.65198916e-26
 -1.44415310e-25 -5.78471354e-23 -2.11965032e-24 -8.53030007e-25
 -1.65617499e-26  9.96933141e-07 -7.45981240e-33  2.41450747e-29
 -1.30539440e-24 -5.33143754e-25 -1.44377145e-25 -7.14949844e-33
  9.96933141e-07 -4.88802720e-28  4.04591009e-15  1.25253879e-14
  9.08517328e-17 -8.41075313e-24  1.05890300e-23  3.49142349e-02]
1.627418041229248,base_link,5.478904035618015,-5.3292179411126925,1.6047502506289006e-23,-1.6050543639336677e-23,-1.0587429825620204e-24,0.9813779446901539,0.19208677642078656,[ 2.20072546e-03 -6.38137657e-04 -2.43627457e-06 -6.89461023e-04
  1.06329385e-03  2.35065115e-04 -1.44369684e-04  3.92510193e-04
  1.17258156e-03 -3.67017594e-05  5.66123600e-05  1.25331271e-05
 -9.97910691e-21 -5.44218669e-20  9.99002655e-07  5.31012958e-17
 -6.68464138e-17  7.76985764e-24  2.44580764e-20  6.67038446e-21
  5.31013424e-17  9.98009278e-07  2.33472383e-23  4.38569326e-24
 -5.65394492e-20 -1.03893885e-20 -6.68465399e-17  5.21414625e-23
  9.98009278e-07 -1.66111449e-23  5.78696203e-21 -1.28419903e-20
 -3.45000378e-20  1.75248634e-22 -2.70906085e-22  9.99999010e-10],0.0022774593173564054,0.0014968225183281327,-3.245041164671667e-23,9.35768787455479e-28,-4.8364767328191074e-27,0.0013440907365304586,[ 6.22624951e-02  8.40851571e-05  6.09609573e-07  2.70291103e-11
 -6.15728627e-11 -1.36100769e-04  4.64975776e-04  3.58816236e-02
  2.57290290e-04  1.24900665e-11 -2.41393186e-11 -3.92498564e-05
 -2.64697796e-21 -1.13841228e-18  9.98505471e-07  1.30090166e-25
 -1.63759349e-25  1.89560068e-23 -1.61558713e-26 -8.07793567e-27
  1.30109913e-25  9.94074941e-07  3.37490134e-32 -2.93665325e-28
  5.16987883e-25  2.10026327e-25 -1.63738054e-25  3.20156458e-32
  9.94074941e-07  1.52644910e-27  3.82922972e-15  1.34296938e-14
  9.73628955e-17  2.59497537e-23 -3.28378734e-23  3.49203462e-02]
1.6828622817993164,base_link,5.483934013584032,-5.334836666872806,-7.152909554133955e-23,5.510650267171634e-24,-7.390832181821738e-24,0.9809582708690988,0.1942186160323148,[ 1.84406956e-03 -4.86646314e-04  2.27210972e-05 -5.25641918e-04
  8.23953317e-04  1.40289892e-04 -1.35667349e-04  2.55119789e-04
  1.24425542e-03 -4.65910321e-05  7.30454985e-05  1.24554331e-05
 -9.92616735e-21 -5.54806580e-20  9.99039410e-07  1.34745908e-16
  1.47052365e-16 -4.09941703e-24 -5.50571416e-20 -1.99317440e-20
  1.34745877e-16  9.98082500e-07 -2.84210845e-23 -1.32988541e-24
  7.64447235e-20  2.13346424e-20  1.47052373e-16 -1.52504966e-23
  9.98082500e-07 -1.43870384e-24  5.37508941e-20 -7.05269861e-21
  6.87443726e-20 -2.15482264e-20  3.37864758e-20  9.99999047e-10],-0.005313342307377001,0.0037517245501234894,5.846914014084622e-22,-2.402685579137969e-27,5.9325383764000135e-28,-0.0011355961255618294,[ 6.18106435e-02  1.27814710e-04  9.23541007e-07  2.67411622e-11
 -5.44971419e-11 -8.21914111e-05  4.06317413e-04  3.58201116e-02
  2.56903609e-04  1.44714431e-11 -2.56264337e-11 -2.59667153e-05
 -6.61744490e-20 -1.83772268e-17  9.98560496e-07  3.28216466e-25
  3.58355308e-25  3.02558852e-23  9.07959969e-25  4.91138489e-25
  3.28267589e-25  9.94291135e-07 -1.97939114e-31 -1.39970686e-28
 -2.48800419e-24 -1.16968508e-24  3.58263263e-25 -1.97592784e-31
  9.94291135e-07  3.02888922e-29  3.45137913e-15  1.24865802e-14
  9.05418345e-17  5.02086451e-23 -7.76541864e-23  3.49145286e-02]
1.726273775100708,base_link,5.487127233105819,-5.332457114447555,-5.075376118485021e-23,3.80114113496004e-23,1.0514027346041694e-23,0.9808206061844924,0.19491264321199078,[ 1.85737129e-03 -4.26561629e-04 -3.77097960e-05 -4.73344245e-04
  8.78750763e-04  1.98833151e-04 -1.65546290e-04  3.42065768e-04
  1.22485151e-03 -5.05839420e-05  9.39238893e-05  2.12819702e-05
  3.89105760e-21  3.49401091e-20  9.99119250e-07  6.84399592e-17
  1.48351403e-16 -1.81914921e-24  9.21148330e-21  3.73223892e-21
  6.84399663e-17  9.98241595e-07 -1.37281960e-24  2.30207395e-24
 -2.78462081e-20 -8.97325528e-21  1.48351389e-16 -6.03488546e-25
  9.98241595e-07 -4.59852248e-24  3.04721705e-20  2.65343708e-21
  6.57715490e-20 -1.49301067e-20  2.77240045e-20  9.99999127e-10],-0.007154128731893972,0.0012739541893150525,2.2554985237213368e-21,1.6993394347797914e-27,-1.047362767199526e-26,-0.0018798224179459597,[ 6.18347323e-02  1.52092660e-04  1.09931271e-06  2.46726625e-11
 -5.74900195e-11 -1.15692753e-04  3.61188548e-04  3.58584523e-02
  2.57240304e-04  1.43478620e-11 -2.92375582e-11 -3.81491148e-05
  7.28448335e-20  1.70761842e-17  9.98680036e-07  1.67253591e-25
  3.62857207e-25  6.99961650e-23  4.84676140e-26  2.90805684e-26
  1.67337469e-25  9.94761528e-07 -1.10955103e-31  6.33392516e-29
  4.91138489e-25  2.48800419e-25  3.62694367e-25 -1.10650989e-31
  9.94761528e-07 -3.98002441e-28  2.65777750e-15  1.08957643e-14
  7.90438242e-17  3.42178744e-23 -6.80341556e-23  3.49119625e-02]
1.7721531391143799,base_link,5.4891863097667235,-5.3273151126172795,-1.7875952884934833e-22,4.043674909672554e-23,3.494023905199841e-23,0.9811989213854506,0.19299916236094963,[ 2.02088971e-03 -5.51057440e-04 -7.17090909e-06 -6.34242152e-04
  8.85306832e-04  2.37514783e-04 -2.08393161e-04  3.93071373e-04
  1.28219911e-03 -8.05816970e-05  1.12476539e-04  3.02108781e-05
 -4.97631857e-21 -3.05990652e-20  9.99245175e-07 -6.31505789e-18
  1.92635189e-16 -3.70126377e-24  2.03817303e-20  7.43800807e-21
 -6.31503362e-18  9.98492623e-07  3.06423085e-23  7.80146697e-24
 -4.38339550e-20 -1.68083100e-20  1.92635177e-16  1.48661440e-23
  9.98492623e-07 -4.97178529e-24  6.70904223e-21  1.69855206e-20
  1.10522630e-19 -1.95436122e-20  2.72785708e-20  9.99999254e-10],-0.006332073052405034,-0.002612057943544553,2.1708204311427797e-21,-3.9789635956984335e-27,-5.0953841634683275e-28,0.0004792884943945451,[ 6.20982238e-02  1.04774546e-04  7.57723558e-07  3.51074597e-11
 -4.67575847e-11 -1.36494345e-04  3.78938508e-04  3.58596593e-02
  2.57325688e-04  1.93296956e-11 -2.64782513e-11 -4.73143672e-05
 -9.05266462e-20 -3.07371316e-17  9.98868615e-07 -1.55054835e-26
  4.71803603e-25  3.77479419e-23 -9.62889932e-25 -5.33143754e-25
 -1.54739588e-26  9.95504895e-07  1.52623008e-32 -2.13640326e-28
  3.10192730e-25  1.77714585e-25  4.71744263e-25  1.55866925e-32
  9.95504895e-07 -2.15730901e-29  2.25587283e-15  8.70330080e-15
  6.31922517e-17  4.10538969e-23 -5.62764391e-23  3.49098686e-02]
1.8341174125671387,base_link,5.490079382724895,-5.329709239613358,-2.210689965426785e-22,-7.040763449773204e-23,4.071964069202173e-23,0.9809847196345827,0.19408498098374108,[ 1.87820505e-03 -4.72883116e-04 -2.74258923e-05 -5.57256385e-04
  7.37080218e-04  2.47293209e-04 -1.95980445e-04  3.96294582e-04
  1.15830546e-03 -7.50951752e-05  9.92901538e-05  3.33850309e-05
  1.43730903e-20  7.75035147e-20  9.98838405e-07 -3.32685525e-18
  2.62598142e-16 -8.74069098e-24  9.95263713e-21  4.42045319e-21
 -3.32685720e-18  9.97682189e-07  1.25947689e-23  3.98544023e-24
  1.61995051e-20  1.24937360e-20  2.62598219e-16 -2.56644761e-23
  9.97682189e-07  1.17525372e-23  1.33822572e-20  3.00521373e-20
  1.23086813e-19 -2.00351706e-20  2.64846186e-20  9.99998845e-10],-0.007427993078146402,-0.0012469407807136667,4.173304891647602e-22,-3.2397018249909456e-27,-1.710860068839336e-26,-0.0008422075383687365,[ 6.18940843e-02  1.13112910e-04  8.17840156e-07  3.88172844e-11
 -2.69007042e-11 -1.42214564e-04  3.35106452e-04  3.58619392e-02
  2.57222734e-04  2.41924064e-11 -2.63433928e-11 -5.00443187e-05
  3.36695597e-20  1.06251813e-17  9.98259627e-07 -8.11520810e-27
  6.39139243e-25  1.34301177e-23  5.16987883e-26  3.23117427e-26
 -8.10234839e-27  9.93110262e-07  6.94373527e-33 -1.42778536e-28
  2.39106896e-25  2.32644547e-25  6.39090550e-25  8.15435174e-33
  9.93110262e-07 -7.65579146e-28  2.37892428e-15  5.85047351e-15
  4.25230045e-17  4.06333283e-23 -4.55786349e-23  3.49062400e-02]
1.8713035583496094,base_link,5.491586955419742,-5.331675382580069,-8.517917685799864e-23,1.0683833240413368e-23,-1.4739764208122986e-23,0.98101320781926,0.19394093452431652,[ 1.73045211e-03 -5.05969481e-04 -2.00138678e-05 -5.71509560e-04
  8.70042874e-04  1.87505071e-04 -2.11851482e-04  2.93632222e-04
  1.15864913e-03 -7.75536105e-05  1.18097716e-04  2.54906185e-05
  1.43466205e-20  6.18334051e-20  9.98812701e-07 -5.04911602e-17
  3.34528769e-16  3.58257361e-24 -9.42324154e-21 -4.47339275e-21
 -5.04911277e-17  9.97631021e-07  2.74571230e-23  2.85921457e-24
 -1.39760436e-20 -4.87043945e-21  3.34528776e-16  5.05880757e-24
  9.97631021e-07  3.01746356e-24  1.75239634e-20  2.82439334e-20
  1.63688787e-19 -2.64852687e-20  4.03445548e-20  9.99998820e-10],-0.009248025087570132,-0.0003314515998007267,-1.8274524309244567e-21,-1.640420546722843e-27,2.678548044010283e-26,-0.0006360763576362085,[ 6.17331321e-02  8.14301311e-05  5.88507166e-07  3.66075014e-11
 -7.83104565e-11 -1.08036312e-04  3.19063780e-04  3.57961953e-02
  2.56764633e-04  2.42407558e-11 -4.22210214e-11 -3.82063600e-05
 -9.42324154e-21 -4.01154804e-18  9.98221161e-07 -1.22956449e-25
  8.13954527e-25  5.98549281e-23 -3.16655078e-25 -2.10026327e-25
 -1.22818007e-25  9.92959585e-07  1.36273380e-31  1.11522993e-28
  1.47341547e-24  7.81944173e-25  8.13672072e-25  1.39542539e-31
  9.92959585e-07 -1.77702892e-27  2.48427562e-15  4.29695071e-15
  3.12962920e-17  5.77943880e-23 -9.08995107e-23  3.49033847e-02]
1.9364211559295654,base_link,5.4870151727737015,-5.326350900185822,-3.4145924045402444e-23,-6.409514536793109e-24,-3.5920525194007884e-24,0.9813295614973131,0.1923338028831418,[ 1.84370216e-03 -5.23772842e-04  1.15107051e-06 -6.06161664e-04
  8.91820464e-04  2.14327265e-04 -2.07041304e-04  3.40716878e-04
  1.28382564e-03 -9.41498072e-05  1.38515695e-04  3.33300530e-05
 -1.57759886e-20 -1.38595766e-19  9.99255381e-07 -6.04105895e-17
  7.85666742e-17 -6.70085164e-24 -4.88632131e-20 -2.12287632e-20
 -6.04105983e-17  9.98512973e-07  1.71390796e-23  2.59075007e-24
  2.49874719e-20  1.11173074e-20  7.85666860e-17  1.63202647e-23
  9.98512973e-07 -3.52169195e-24 -2.20906079e-20  1.48366410e-20
  5.54231816e-20 -1.58705667e-21  2.33487144e-21  9.99999264e-10],-0.00123797292620727,-0.002513833942933613,3.470021326004658e-23,1.0136789175707029e-27,-7.309973806721091e-29,0.001154582282152016,[ 6.18770385e-02  8.50623182e-05  6.15935583e-07  3.66530711e-11
 -5.25329394e-11 -1.22640922e-04  3.39202292e-04  3.58188748e-02
  2.57129951e-04  2.22255048e-11 -3.24305955e-11 -4.48720337e-05
  3.25048894e-20  1.36067373e-17  9.98883901e-07 -1.46640180e-25
  1.90715403e-25  6.60940375e-24  2.35875722e-24  1.43141020e-24
 -1.46640568e-25  9.95565151e-07  6.03737862e-32 -1.60407293e-28
 -3.38627063e-24 -2.09380093e-24  1.90706247e-25  6.05916950e-32
  9.95565151e-07  1.58274067e-29  2.71967772e-15  2.38868119e-15
  1.74925899e-17 -4.08395339e-25  1.08231658e-24  3.49020299e-02]
1.9773719310760498,base_link,5.485408438660285,-5.327614748232851,-7.93738847759823e-23,-1.61341651477127e-23,-6.850077727848308e-24,0.9810386188726153,0.19381235327117688,[ 1.95421026e-03 -4.77868069e-04  2.70532131e-05 -5.27292083e-04
  8.64679401e-04  2.36711134e-04 -1.16460590e-04  4.40838749e-04
  1.23040869e-03 -2.38076594e-05  3.90422344e-05  1.06903582e-05
 -3.24784196e-20 -2.13134665e-19  9.99252491e-07 -2.02380783e-17
  2.80879063e-17 -4.66725553e-24 -3.97046694e-21 -2.99439382e-22
 -2.02381343e-17  9.98507210e-07 -3.05809744e-23 -8.59478578e-24
  4.14516749e-20  2.67013902e-21  2.80879886e-17 -2.58297485e-23
  9.98507210e-07  1.19607396e-23 -1.00363633e-20  6.33361774e-21
  1.79445338e-20  3.27308472e-24 -5.07714760e-24  9.99999261e-10],7.042847304607197e-06,-0.001228182362010781,7.107048049985095e-22,8.840237289633014e-28,-3.567344832559058e-27,-0.0006202155627249052,[ 6.19516467e-02  1.09296292e-04  7.90941416e-07  2.06165472e-11
 -4.66133513e-11 -1.41455826e-04  3.98444477e-04  3.58882397e-02
  2.57657870e-04  6.31329177e-12 -1.38341284e-11 -3.96317507e-05
 -3.21872520e-20 -1.04083409e-17  9.98879572e-07 -4.94818997e-26
  6.86794627e-26  4.04211766e-23  3.06961555e-25  9.37040538e-26
 -4.94306912e-26  9.95548117e-07  7.61800079e-33  2.18127897e-28
 -5.23450231e-25 -1.56711952e-25  6.85767197e-26  8.05167524e-33
  9.95548117e-07 -8.23769438e-28  2.93698404e-15  2.01441714e-15
  1.47807003e-17 -3.36202056e-25  1.73565282e-25  3.48995398e-02]
2.0333337783813477,base_link,5.489015636851316,-5.33105997920659,-1.2041731292275844e-22,-1.4979394789968097e-23,-7.159622399974713e-24,0.9811252082766959,0.19337353925501324,[ 1.75215183e-03 -5.04560615e-04  3.37850561e-05 -6.18042794e-04
  9.06119653e-04  2.67254812e-04 -1.82541245e-04  3.94102563e-04
  1.08811057e-03 -7.82032756e-05  1.14650295e-04  3.38743094e-05
 -1.52465931e-20 -4.92337901e-20  9.98767190e-07  2.61560627e-17
  1.65037125e-16 -1.66875924e-23  1.07996701e-20  3.81164826e-21
  2.61560062e-17  9.97540437e-07 -1.76063497e-23 -4.17093114e-24
  1.53524722e-20  5.61159328e-21  1.65037206e-16 -1.63802016e-23
  9.97540437e-07  5.58317850e-24  3.54315061e-21  1.40748012e-20
  7.34741275e-20 -1.58877155e-20  2.32917010e-20  9.99998774e-10],-0.00506993047402698,7.274151160063912e-05,-2.4346484726836006e-23,-4.256791432444613e-27,2.1766271600783345e-27,-4.0864862168260606e-05,[ 6.17532608e-02  5.64767688e-05  4.08705221e-07  5.43487130e-11
 -7.65216950e-11 -1.54580115e-04  3.14253062e-04  3.58346999e-02
  2.57119943e-04  2.92130538e-11 -4.20869503e-11 -5.33723613e-05
 -3.65282959e-21 -2.27682456e-18  9.98153059e-07  6.35096700e-26
  4.00744611e-25  1.36196462e-24 -1.75775880e-24 -9.46734060e-25
  6.34964974e-26  9.92692967e-07 -3.44055938e-32 -5.18719169e-28
  0.00000000e+00  0.00000000e+00  4.00750066e-25 -3.37197536e-32
  9.92692967e-07  2.66359478e-28  3.06343620e-15  1.43485602e-15
  1.05763886e-17  3.30702478e-23 -4.85876200e-23  3.48954870e-02]
2.0684239864349365,base_link,5.489719203441706,-5.335695373487002,3.413561391760984e-22,-5.2011614129429444e-24,-5.396597617309193e-23,0.9810685027155426,0.19366102596930387,[ 1.74706471e-03 -5.47558055e-04  1.19448866e-05 -6.44702425e-04
  8.81244557e-04  2.41507388e-04 -2.09388962e-04  3.83909762e-04
  1.19059146e-03 -9.15076964e-05  1.25082102e-04  3.43293439e-05
  4.37016061e-20  1.74700545e-19  9.98910780e-07  2.64281258e-17
  2.40930026e-16 -7.42661284e-24 -1.70465381e-20 -7.09390093e-21
  2.64281408e-17  9.97826290e-07  1.67972719e-23  6.22153049e-24
  6.98802181e-21  2.85873620e-21  2.40930057e-16 -7.40770832e-24
  9.97826290e-07  5.86629058e-25  3.31737166e-20  2.16694889e-20
  1.11039064e-19 -2.69216789e-20  3.67993516e-20  9.99998918e-10],-0.007398311186418165,0.0028919188365650462,-1.4219111997682823e-21,-2.1963119516946052e-26,6.596492157079645e-27,-0.0003566208873086329,[ 6.17769158e-02  3.31511983e-05  2.39886268e-07  4.42208975e-11
 -6.05034830e-11 -1.38585928e-04  3.04811838e-04  3.58136296e-02
  2.57050210e-04  2.65112382e-11 -3.62547405e-11 -4.95972451e-05
 -9.47618110e-21 -1.00830802e-17  9.98367945e-07  6.42373422e-26
  5.86041726e-25  2.44826598e-23  1.50572721e-24  9.07959969e-25
  6.43079021e-26  9.93534893e-07 -5.43057726e-32  7.41055472e-28
 -5.16987883e-26 -3.87740912e-26  5.85977883e-25 -5.55126227e-32
  9.93534893e-07 -2.10724271e-28  3.04161149e-15  6.48943705e-16
  4.89930411e-18  5.02757487e-23 -6.87248463e-23  3.48924726e-02]
2.1413538455963135,base_link,5.489998565621186,-5.334115705819388,-2.876386586720008e-23,6.229312954236569e-24,1.1938014264704448e-24,0.9810216377157269,0.19389828862976857,[ 2.13247379e-03 -5.81125742e-04  1.55655118e-05 -6.83191288e-04
  9.98401611e-04  2.95757192e-04 -1.99000593e-04  4.75534788e-04
  1.33700400e-03 -7.53093238e-05  1.10053487e-04  3.26297624e-05
 -1.17525821e-20 -5.48453833e-20  9.99383552e-07  2.50698771e-17
  1.22605921e-16  3.50183364e-24 -3.99164276e-20 -1.05349723e-20
  2.50698771e-17  9.98768622e-07 -1.22539761e-23 -2.15532388e-24
  1.54054117e-19  4.16899029e-20  1.22605928e-16 -1.84187658e-23
  9.98768622e-07  5.82132901e-24  2.35804765e-20  1.33178437e-20
  7.31801301e-20 -1.70149203e-20  2.48646382e-20  9.99999392e-10],-0.005901366079364439,0.001682645546316972,-2.569979800482458e-22,-6.459910861792846e-29,1.1540978343262207e-27,-0.0005847185138693721,[ 6.22132969e-02  9.02906759e-05  6.53765395e-07  4.02300224e-11
 -5.74706094e-11 -1.70269515e-04  3.92791524e-04  3.58727276e-02
  2.57694742e-04  1.82582162e-11 -2.63932491e-11 -5.65197840e-05
  4.24575265e-20  1.66967135e-17  9.99075897e-07  6.14252461e-26
  3.00501967e-25  2.23858945e-23  1.58973774e-24  7.23783036e-25
  6.14419521e-26  9.96323911e-07 -4.81921096e-32  2.27281645e-29
 -2.03563979e-24 -9.33809363e-25  3.00465848e-25 -4.79907523e-32
  9.96323911e-07 -3.32451893e-28  2.37360808e-15 -1.60476829e-15
 -1.14279451e-17  2.46082178e-23 -3.51544700e-23  3.48920989e-02]
2.1887247562408447,base_link,5.48803271157988,-5.332052007688043,4.043433669891932e-24,-4.778253485578542e-25,-4.0955586658363206e-25,0.9812502259519851,0.19273814897206565,[ 2.10627724e-03 -6.67410288e-04 -4.30902278e-05 -7.67524611e-04
  1.11445815e-03  2.89158583e-04 -2.60600179e-04  4.29212575e-04
  1.29114602e-03 -9.71263012e-05  1.41033858e-04  3.66158319e-05
  2.08317165e-20  1.28113733e-19  9.99502069e-07  1.42147429e-17
  5.29909596e-17  1.94419298e-24  1.01114558e-20  2.89844087e-21
  1.42147191e-17  9.99005127e-07 -2.74067747e-23 -6.72477116e-24
  5.01867021e-20  1.35789969e-20  5.29909705e-17 -1.19571866e-23
  9.99005127e-07  3.93872846e-24 -6.54156400e-21 -3.25287483e-21
  3.06641905e-20 -1.05230630e-20  1.52805139e-20  9.99999511e-10],-0.002517686041373521,0.0008264288371317352,2.0738796654630048e-23,-1.1037924496322643e-29,3.207453623848481e-29,0.0007054038232321227,[ 6.22377672e-02  4.23200545e-05  3.06682635e-07  3.87012140e-11
 -5.89454122e-11 -1.64655661e-04  3.63265033e-04  3.58277559e-02
  2.57426459e-04  1.81036511e-11 -2.68654826e-11 -5.65294818e-05
  5.65394492e-20  4.75422653e-17  9.99253474e-07  3.46989680e-26
  1.29432411e-25  2.07426147e-23 -4.97600837e-25 -2.29413373e-25
  3.47121042e-26  9.97027153e-07 -1.45659784e-32 -3.44945571e-29
 -1.24077092e-24 -5.62224323e-25  1.29405774e-25 -1.44867059e-32
  9.97027153e-07 -6.98846314e-29  1.60269020e-15 -2.51692791e-15
 -1.80430237e-17 -2.54038268e-24  1.41288121e-24  3.48935967e-02]
2.216550827026367,base_link,5.4874855149413,-5.327013329875827,1.8060044396860095e-22,-3.5183564965603536e-23,1.4912265348495917e-23,0.9810846548254861,0.1935791829354511,[ 2.13098385e-03 -5.64439864e-04 -1.23395357e-04 -6.11513021e-04
  9.01188795e-04  2.49202559e-04 -2.38168078e-04  3.99984366e-04
  1.32673633e-03 -7.07115030e-05  1.04209640e-04  2.88512265e-05
 -4.61566782e-21 -1.48019008e-19  9.99401759e-07  1.64255622e-17
  4.90468814e-17  2.11443352e-24  4.53162627e-20  2.48551230e-20
  1.64255713e-17  9.98804946e-07  2.27393993e-24  1.00284430e-24
 -1.37642854e-20 -7.25271961e-21  4.90468923e-17 -1.34747875e-23
  9.98804946e-07  4.95064714e-24  1.92674146e-20  5.18670355e-21
  2.68820644e-20 -7.22170402e-21  1.06429328e-20  9.99999411e-10],0.0003599113405386005,-0.002301851724727122,-4.106286323179232e-21,8.142322132564748e-28,-1.7373308713256213e-27,-0.00030626791531284856,[ 6.21981982e-02  1.24125974e-04  9.00483023e-07  1.78556492e-11
 -2.74975373e-11 -1.42023869e-04  3.80175188e-04  3.58403623e-02
  2.57484733e-04  1.27015081e-11 -1.89684054e-11 -4.77252918e-05
  2.20334445e-19  6.29379361e-17  9.99103174e-07  4.04707779e-26
  1.20651885e-25 -4.63943775e-23 -2.39753131e-24 -1.70767560e-24
  4.04286980e-26  9.96431859e-07 -1.30822929e-32  3.02639230e-29
  2.24243494e-24  1.54773247e-24  1.20712354e-25 -1.30629093e-32
  9.96431859e-07 -6.79102587e-29  1.25698988e-15 -2.90572111e-15
 -2.08644168e-17  1.41121895e-23 -2.11041442e-23  3.48944438e-02]
2.287592649459839,base_link,5.4881807162837895,-5.327272781226371,2.4751477953140482e-26,3.6856342817985115e-23,-4.993044379108858e-24,0.9809296348086284,0.19436319495781867,[ 1.83685217e-03 -4.91571835e-04 -7.57992242e-05 -5.53169138e-04
  9.13946737e-04  2.64480919e-04 -2.09622989e-04  4.08722848e-04
  1.19783540e-03 -6.17884966e-05  1.02109298e-04  2.95886901e-05
 -3.61312492e-21 -4.84926362e-20  9.99016883e-07 -7.20753726e-17
 -4.85241765e-18  1.99459608e-24 -1.78935710e-20 -8.65561793e-21
 -7.20753615e-17  9.98037621e-07  4.78751142e-24  1.49188147e-24
  9.21148330e-21  3.12343399e-21 -4.85254303e-18  5.16156734e-23
  9.98037621e-07 -2.49165223e-23 -2.58902750e-20  6.03686751e-21
  5.27627826e-21  6.11506518e-21 -1.01067131e-20  9.99999025e-10],-0.0006220432743579156,-0.002172885419720472,1.577849313933571e-23,6.71564464715455e-28,-2.683219460091727e-27,-0.0011620557329726558,[ 6.18398223e-02  8.73241515e-05  6.32785947e-07  2.38108412e-11
 -5.84175276e-11 -1.52109289e-04  3.10082658e-04  3.58437747e-02
  2.57383536e-04  1.55557687e-11 -3.03350964e-11 -5.09530053e-05
 -3.73753288e-20 -1.52330405e-17  9.98526771e-07 -1.75855608e-25
 -1.18145118e-26  1.35255647e-23  9.37040538e-25  6.13923111e-25
 -1.75834271e-25  9.94158579e-07 -3.17961812e-33  1.38070480e-28
 -1.64143653e-24 -8.53030007e-25 -1.18588469e-26 -2.82633825e-33
  9.94158579e-07 -5.25939922e-28  1.93454830e-15 -2.42617934e-15
 -1.73864458e-17 -2.21396571e-24  9.99050472e-24  3.48942513e-02]
2.3320906162261963,base_link,5.485461891732697,-5.324737674815197,-2.141913698148173e-22,1.3879905743681766e-23,-1.9184362030283475e-24,0.981283466692854,0.1925688396269097,[ 1.88736319e-03 -5.39762624e-04 -2.71528676e-05 -6.24809682e-04
  8.91861221e-04  2.43911123e-04 -2.34708540e-04  3.83195485e-04
  1.30312141e-03 -9.08279243e-05  1.29631035e-04  3.54990299e-05
  2.43521972e-21  1.28113733e-20  9.99212951e-07 -6.24555233e-17
 -1.13960376e-17 -1.11530854e-23  3.95987903e-20  1.58553980e-20
 -6.24555555e-17  9.98428374e-07 -3.81585194e-24 -7.97739578e-25
 -1.02702745e-20 -5.02925812e-21 -1.13959206e-17 -4.16579210e-23
  9.98428374e-07  1.59358563e-23 -4.00838412e-20 -1.70899392e-21
  1.54625889e-21  7.93344178e-21 -1.13222836e-20  9.99999221e-10],0.003359847521309868,-0.003028196953778902,5.97055146400153e-22,1.3553330195881903e-28,3.598648740968235e-27,0.0009744768156966614,[ 6.19343591e-02  7.97641696e-05  5.77766133e-07  3.82818395e-11
 -4.50515455e-11 -1.38353871e-04  3.22849373e-04  3.58214080e-02
  2.57322551e-04  2.22091585e-11 -2.96441154e-11 -5.00300488e-05
 -1.94817578e-20 -8.67361738e-18  9.98820354e-07 -1.52885801e-25
 -2.78285347e-26  3.67811876e-23 -8.46567658e-25 -4.94369663e-25
 -1.52847635e-25  9.95314492e-07 -8.78850828e-33 -4.24968044e-29
  7.30245385e-25  4.78213792e-25 -2.79454688e-26 -7.51102540e-33
  9.95314492e-07 -1.19277715e-27  2.56832044e-15 -2.28406754e-15
 -1.63664733e-17 -1.53731426e-23  2.03965217e-23  3.48927673e-02]
2.389404535293579,base_link,5.485721032011269,-5.3279831897710075,-4.1464042827157797e-23,-2.2876539534973764e-24,-2.3465777086676047e-23,0.9808333842913595,0.19484833142615923,[ 1.89112794e-03 -5.28013234e-04  1.57659026e-05 -6.11179219e-04
  8.70596951e-04  2.14799997e-04 -1.87696939e-04  3.59477307e-04
  1.23879893e-03 -8.44991701e-05  1.20369607e-04  2.97364854e-05
  1.08658445e-20  7.50682950e-20  9.99183599e-07 -1.10342812e-17
 -1.02689831e-16 -6.09300292e-24  1.53524722e-21  6.35274710e-22
 -1.10343148e-17  9.98369855e-07 -1.69925511e-23 -3.85609747e-24
 -7.09390093e-21 -2.80579664e-21 -1.02689808e-16 -2.79699559e-25
  9.98369855e-07 -3.90133632e-25 -2.96410867e-20 -1.57204060e-20
 -5.44380993e-20  1.12792638e-20 -1.60675824e-20  9.99999192e-10],0.0011765493268107723,-0.0009077136627334457,1.8708061954758793e-22,6.486688512585135e-27,-2.828573100421263e-27,-0.0017906417313226803,[ 6.19131044e-02  8.82367021e-05  6.38688602e-07  3.74368264e-11
 -5.56660246e-11 -1.23067952e-04  3.59828409e-04  3.58168632e-02
  2.57314785e-04  2.18446663e-11 -3.16084235e-11 -4.35146856e-05
 -1.03549778e-19 -4.16875735e-17  9.98776395e-07 -2.68539745e-26
 -2.49688591e-25  1.66262849e-23  2.30059608e-24  1.34416850e-24
 -2.68210573e-26  9.95141100e-07 -1.27675884e-32  3.09621747e-28
 -3.26348601e-24 -1.86115638e-24 -2.49722121e-25 -1.30976689e-32
  9.95141100e-07 -1.37684205e-28  3.23989766e-15 -1.20417846e-15
 -8.55932527e-18 -6.60393817e-24  1.05241797e-23  3.48893041e-02]
2.4378726482391357,base_link,5.484862293944139,-5.331766689026493,3.637625862045896e-22,2.454468588358282e-23,3.2156127522310143e-23,0.9813067384878684,0.1924502143368572,[ 2.00838619e-03 -5.54020567e-04  8.67048035e-06 -6.15374990e-04
  8.61386243e-04  1.98074574e-04 -1.93000865e-04  3.22314181e-04
  1.38144696e-03 -6.74187213e-05  9.43753410e-05  2.17265688e-05
  2.48021835e-20  1.40819227e-19  9.99283967e-07 -5.29244129e-18
 -3.16652477e-17 -5.95053733e-24 -4.74867846e-20 -1.60142167e-20
 -5.29248733e-18  9.98569981e-07 -1.95262506e-23 -4.44308499e-24
  2.87991202e-20  9.10560418e-21 -3.16652081e-17 -6.72813443e-24
  9.98569981e-07  2.09367246e-24 -1.11613160e-20 -4.37663847e-21
 -1.85656367e-20  3.56896328e-21 -4.99608701e-21  9.99999293e-10],0.00031874617467477347,0.0017886741997968686,1.7581692959842134e-21,-1.695256889509724e-26,4.800859966100561e-27,0.0010826904226549448,[ 6.20377340e-02  1.15513452e-04  8.36775036e-07  3.34202833e-11
 -4.96514165e-11 -1.14277554e-04  4.01873083e-04  3.58035117e-02
  2.57278402e-04  1.73315153e-11 -2.48779668e-11 -3.79008874e-05
 -1.08208459e-19 -3.33392168e-17  9.98926718e-07 -1.29428721e-26
 -7.76742862e-26 -2.53652903e-23  2.97268033e-25  1.61558713e-25
 -1.29356874e-26  9.95734276e-07 -1.30042567e-33  6.06179695e-28
  1.29246971e-26  6.46234854e-27 -7.76407317e-26 -2.07333603e-33
  9.95734276e-07 -1.64412363e-28  3.49018254e-15 -7.69483693e-16
 -5.41526515e-18 -3.49932413e-24  5.50801765e-24  3.48890411e-02]
2.4834063053131104,base_link,5.486219714656475,-5.328176601611147,-5.789713838356412e-22,1.3977876350629762e-23,6.1528607351595774e-24,0.9810184472055653,0.19391443020668048,[ 2.05015081e-03 -4.80227087e-04  6.31477608e-05 -5.31591492e-04
  8.96743511e-04  1.93789248e-04 -9.78630778e-05  3.63181243e-04
  1.26151428e-03 -2.86498744e-05  4.83406531e-05  1.04602945e-05
 -1.71259474e-20 -8.89384595e-20  9.99100274e-07  5.39052132e-17
  5.61456782e-18 -5.50150612e-24 -3.00167301e-20 -6.02187486e-21
  5.39052028e-17  9.98203778e-07  4.44127000e-24  1.03423954e-24
  2.64697796e-20  3.94399716e-21  5.61458662e-18  3.77320528e-24
  9.98203778e-07 -1.50114201e-24  4.04906849e-21 -9.28626560e-21
 -2.83788531e-21 -4.63812740e-21  7.82633273e-21  9.99999108e-10],0.0004380560805318603,-0.0009511237698951062,-6.164541108740015e-21,-1.9358791007854826e-27,-7.393402598999736e-27,-0.0006378181577994191,[ 6.20102078e-02  1.53531553e-04  1.11206476e-06  3.01503074e-11
 -6.75644449e-11 -1.14405441e-04  4.55373432e-04  3.58517170e-02
  2.57575782e-04  1.20677848e-11 -2.43246154e-11 -3.29665265e-05
 -1.03338020e-19 -2.40150781e-17  9.98651623e-07  1.31937987e-25
  1.36250916e-26 -5.39918554e-23  1.09859925e-24  4.41055288e-25
  1.31866670e-25  9.94649679e-07 -3.37384318e-33 -6.68411519e-29
  5.81611368e-25  2.10026327e-25  1.37236851e-26 -2.93751423e-33
  9.94649679e-07 -2.58705567e-28  3.13155195e-15 -6.39209814e-16
 -4.47366915e-18  1.35071589e-23 -2.22816615e-23  3.48884228e-02]
2.5390801429748535,base_link,5.486851351024481,-5.326199816736784,2.6205002974017295e-22,-9.774810371829725e-24,7.081907364674381e-24,0.9811222221238197,0.1933886895731446,[ 1.94112400e-03 -5.81378800e-04  6.04968731e-05 -6.75537151e-04
  9.46129157e-04  2.37432830e-04 -1.76085869e-04  4.10793027e-04
  1.30226985e-03 -7.59586482e-05  1.06376920e-04  2.67223284e-05
 -5.91599574e-20 -2.99955542e-19  9.99273943e-07 -2.74493041e-17
  3.16216156e-17  9.98639725e-24  5.46336251e-20  1.59480422e-20
 -2.74492666e-17  9.98549989e-07  7.80949890e-24  1.66250247e-24
 -3.02814279e-20 -1.00055767e-20  3.16215947e-17 -7.67294075e-24
  9.98549989e-07  3.12187987e-24 -1.72239942e-20  5.69090245e-21
  2.27628200e-20 -6.87502044e-23  9.61029837e-23  9.99999282e-10],0.0007250706471842123,-0.002361296862987208,6.775954781899044e-22,-3.825877018690641e-27,2.7318819678631907e-27,-2.6957516418494156e-05,[ 6.19914920e-02  5.13962877e-05  3.72493370e-07  3.80011876e-11
 -4.68751870e-11 -1.37487734e-04  3.73659685e-04  3.58293951e-02
  2.57517617e-04  1.80732395e-11 -2.37864294e-11 -4.57481658e-05
 -4.04987628e-20 -2.79724161e-17  9.98911703e-07 -6.68331881e-26
  7.69983373e-26  1.82195679e-23 -2.63017585e-24 -1.25692679e-24
 -6.68305977e-26  9.95674932e-07  1.08952633e-32 -3.59941590e-28
  3.36688359e-24  1.71252236e-24  7.69810529e-26  1.11934600e-32
  9.95674932e-07  2.25553290e-28  2.97052441e-15 -7.30701866e-16
 -5.14124700e-18  5.63766022e-25 -3.36004438e-25  3.48850710e-02]
2.5774738788604736,base_link,5.486238634891699,-5.3234348139863155,-7.634307799691756e-22,1.4131346795625493e-23,5.92808298956387e-24,0.9810511439527637,0.19374894309124266,[ 1.95792339e-03 -4.77608592e-04 -4.05686055e-05 -5.41470955e-04
  7.86627686e-04  2.09152104e-04 -1.82586968e-04  3.73160784e-04
  1.14989717e-03 -7.08616166e-05  1.02932320e-04  2.74168681e-05
  4.68515099e-21  2.40345599e-20  9.98952845e-07 -6.74203235e-17
 -2.13854826e-17 -9.94540112e-24  2.49874719e-20  1.10908377e-20
 -6.74203427e-17  9.97910062e-07  1.99529753e-24  8.98857526e-25
 -5.45806855e-20 -2.87461806e-20 -2.13854550e-17  2.87257952e-24
  9.97910062e-07 -1.64523077e-24 -1.93173815e-20  6.58316860e-21
 -2.61044331e-21  6.51737173e-21 -9.46664520e-21  9.99998960e-10],0.002515904310696681,-0.003938979363936735,-5.355954899552498e-22,-7.164235928970584e-27,-2.463386771489126e-27,-0.00043896007204986234,[ 6.19522877e-02  1.38118339e-04  9.99545843e-07  3.31775542e-11
 -3.98602950e-11 -1.19906041e-04  3.72293754e-04  3.58288288e-02
  2.57411655e-04  2.07973923e-11 -2.82983753e-11 -4.18203837e-05
  9.61382395e-20  2.47740196e-17  9.98430908e-07 -1.64287384e-25
 -5.21329685e-26 -8.23250438e-24 -1.19553448e-24 -7.52863604e-25
 -1.64311518e-25  9.93782010e-07 -1.36240769e-32 -2.16458672e-28
  1.33124380e-24  9.43502886e-25 -5.21197393e-26 -1.30744359e-32
  9.93782010e-07 -9.38681952e-29  3.18037300e-15 -6.19220683e-16
 -4.33529146e-18 -1.04672808e-23  1.46250899e-23  3.48830681e-02]
2.643085479736328,base_link,5.48250772278763,-5.326185682952991,-1.1849609787414642e-22,1.9532301208959928e-23,1.2693705015337175e-24,0.9811845517686613,0.19307220248013746,[ 2.16412181e-03 -5.29521956e-04  4.45980127e-05 -5.91012743e-04
  8.45666914e-04  1.98308737e-04 -1.55379050e-04  3.54384540e-04
  1.40234834e-03 -5.19403779e-05  7.43248554e-05  1.74434704e-05
 -1.07255547e-19 -5.20925263e-19  9.99379186e-07 -5.65481515e-17
 -1.13269607e-16  1.97963462e-24  4.40986528e-20  9.88646268e-21
 -5.65481507e-17  9.98759911e-07 -1.30724988e-23 -6.46804052e-25
 -2.81638455e-20 -5.79688173e-21 -1.13269596e-16 -1.77371612e-23
  9.98759911e-07  2.49268525e-24 -4.94195180e-20 -4.35897526e-21
 -6.37806225e-20  1.64010368e-20 -2.34699493e-20  9.99999388e-10],0.0046580481528961295,-0.0010361427024841519,-1.7223376815647976e-21,3.3351462410206e-27,-1.1492998656202096e-27,0.00029565578159290306,[ 6.21763848e-02  1.59474264e-04  1.15537702e-06  3.29269343e-11
 -5.11175840e-11 -1.15365133e-04  4.55212197e-04  3.58275175e-02
  2.57600693e-04  1.37994451e-11 -2.06518409e-11 -3.61000754e-05
  3.45165926e-20  7.75204553e-18  9.99069356e-07 -1.38458731e-25
 -2.77244785e-25  2.90915471e-23  5.04063186e-25  2.11641915e-25
 -1.38440969e-25  9.96298028e-07 -9.97184955e-32 -1.24964656e-28
  2.74003578e-24  1.10829277e-24 -2.77280647e-25 -9.95993565e-32
  9.96298028e-07  4.38042118e-29  3.76183853e-15  4.52835249e-16
  3.42586704e-18 -2.28482429e-23  3.35190501e-23  3.48818764e-02]
2.683581829071045,base_link,5.480616165830911,-5.32298975403517,-7.807327750783517e-23,1.1098455625499776e-23,2.97200707328612e-24,0.9814159672798636,0.1918924156086681,[ 2.02852587e-03 -6.29221066e-04  1.22707908e-05 -7.56991641e-04
  1.01876004e-03  2.71819219e-04 -2.44298823e-04  4.05988743e-04
  1.26411614e-03 -1.22539390e-04  1.64892592e-04  4.40468880e-05
 -1.82376781e-20 -9.74087889e-20  9.99284322e-07 -2.92922476e-17
 -1.42785529e-16 -3.14380803e-24  1.57759886e-20  6.16745865e-21
 -2.92922495e-17  9.98570688e-07  2.38708363e-24  2.19915001e-24
 -1.34889997e-19 -6.08275535e-20 -1.42785531e-16  7.22061687e-24
  9.98570688e-07 -4.69688814e-24 -3.48794535e-20 -1.60599701e-20
 -7.81049955e-20  2.26378061e-20 -3.04611846e-20  9.99999293e-10],0.007557939279778249,-0.0025812889078787645,1.501628707071486e-21,1.9032888085697044e-28,4.951425473388727e-27,0.0015747694659624892,[ 6.21220556e-02  4.81560419e-05  3.48764785e-07  5.04424373e-11
 -5.88907904e-11 -1.53582612e-04  3.52121569e-04  3.58063579e-02
  2.57432248e-04  2.85064352e-11 -3.66470895e-11 -5.69995092e-05
 -1.00955739e-19 -7.44304791e-17  9.98927250e-07 -7.15641886e-26
 -3.48566614e-25  4.55168705e-23 -1.69959766e-24 -9.59658758e-25
 -7.15200447e-26  9.95736344e-07 -5.61219305e-32  1.69190931e-29
  1.46049077e-24  9.11191144e-25 -3.48602773e-25 -5.67411197e-32
  9.95736344e-07  6.46914996e-28  4.12251653e-15  1.48116162e-15
  1.08689448e-17 -2.81370861e-23  3.48369500e-23  3.48803703e-02]
2.736588954925537,base_link,5.478145834226931,-5.327015288759121,-2.2198862266907786e-22,2.6354043814098182e-23,-2.4049325707190648e-23,0.9812310395137626,0.19283580345657003,[ 1.93925117e-03 -5.45090571e-04  5.82006179e-05 -6.11973256e-04
  8.04530946e-04  1.87173374e-04 -1.27142656e-04  3.56665504e-04
  1.15248620e-03 -5.04666246e-05  6.63450264e-05  1.54566484e-05
 -1.30760711e-20 -5.89746690e-20  9.99012171e-07 -4.30674996e-17
 -2.66745069e-16  3.12028524e-24 -1.69406589e-20 -4.71162077e-21
 -4.30674771e-17  9.98028230e-07 -4.65128383e-24  1.62731546e-24
 -2.02758512e-20 -5.77041195e-21 -2.66745062e-16 -2.03018083e-23
  9.98028230e-07  2.65850204e-24 -5.48704314e-20 -2.46828110e-20
 -1.29366060e-19  2.49322613e-20 -3.27763507e-20  9.99999020e-10],0.007495515056455547,0.0007706761230666541,-8.279409992580397e-23,8.469252999642902e-28,8.528633775025147e-27,0.00039566199311552835,[ 6.19248944e-02  8.31225188e-05  6.01321978e-07  3.45336630e-11
 -4.42264047e-11 -1.09901819e-04  4.14079230e-04  3.58106047e-02
  2.57390216e-04  1.60459618e-11 -2.08059805e-11 -3.39361036e-05
 -5.03984604e-20 -2.15756232e-17  9.98519716e-07 -1.04443657e-25
 -6.46864930e-25  8.17726506e-25 -4.91138489e-25 -2.26182199e-25
 -1.04443927e-25  9.94130764e-07 -1.10531728e-31 -2.24811176e-29
  5.23450231e-25  2.45569244e-25 -6.46878529e-25 -1.10142170e-31
  9.94130764e-07 -2.15334646e-28  4.49064855e-15  3.25192550e-15
  2.36703232e-17 -6.74269825e-24  8.14567002e-24  3.48770064e-02]
2.778859853744507,base_link,5.477374121923087,-5.3278122457123205,2.2917286141431392e-24,-1.75483593270881e-24,2.1540189381177777e-24,0.9812431088160904,0.1927743795241836,[ 2.45728212e-03 -6.55418233e-04  6.41291447e-05 -7.12337536e-04
  9.55768516e-04  2.09628569e-04 -1.22815802e-04  3.73960454e-04
  1.38012349e-03 -3.70802096e-05  4.97523909e-05  1.09181516e-05
  3.90429249e-20  2.11334720e-19  9.99606027e-07  1.00835728e-17
 -9.57487964e-17  1.74775215e-26  1.16996426e-20  1.46245532e-21
  1.00835695e-17  9.99212675e-07 -8.15123785e-25 -7.16798730e-25
  2.72638730e-20  3.34180967e-21 -9.57488005e-17  5.36637389e-24
  9.99212675e-07 -8.58682580e-25 -2.46713791e-20 -1.32208148e-20
 -6.71155134e-20  8.73705398e-21 -1.17230242e-20  9.99999615e-10],0.0072934412181529735,0.0014587370590301014,-2.949369652366378e-22,-6.6421772578644395e-28,-6.54624420145574e-29,0.000440878981665433,[ 6.25322604e-02  1.44724210e-04  1.05297727e-06  2.90753885e-11
 -3.97614125e-11 -1.22550279e-04  5.59156877e-04  3.58441174e-02
  2.57843636e-04  9.74748774e-12 -1.32522637e-11 -3.48300734e-05
 -2.20228566e-20 -5.36680075e-18  9.99409273e-07  2.47236786e-26
 -2.34828814e-25  1.03536595e-23 -6.49466028e-25 -2.18104263e-25
  2.47375699e-26  9.97645407e-07  2.37795608e-32  7.69464149e-29
  1.66082357e-24  5.52530800e-25 -2.34837714e-25  2.37043900e-32
  9.97645407e-07  1.02442594e-29  4.26928631e-15  4.25390788e-15
  3.09979332e-17 -1.65768538e-24  2.61986601e-24  3.48860005e-02]
2.8389437198638916,base_link,5.4789523284566,-5.322520369381971,4.331669763775974e-23,2.6290646230207537e-24,-1.8248407065940963e-24,0.981531936579172,0.19129834676530863,[ 2.06043443e-03 -6.36838056e-04  1.18583851e-05 -7.50220995e-04
  9.34649672e-04  2.62228749e-04 -2.29884345e-04  4.11556421e-04
  1.22321988e-03 -1.01160411e-04  1.26033177e-04  3.53940939e-05
 -1.57230491e-20 -6.60685699e-20  9.99258116e-07 -3.62503708e-17
 -1.52538327e-16  2.85634965e-24 -6.82920314e-20 -2.30287083e-20
 -3.62503664e-17  9.98518427e-07 -1.01407256e-23 -7.55086633e-25
  2.77403290e-20  8.94678551e-21 -1.52538346e-16 -3.18318372e-24
  9.98518427e-07 -1.49497335e-24 -3.79422448e-20 -1.34027719e-20
 -8.03894668e-20  2.42709601e-20 -3.02393092e-20  9.99999267e-10],0.0070692970230441955,-0.0023732853184751735,3.6973698795453983e-22,2.1822567306980212e-27,-1.6756838445433407e-27,0.0021219134886842988,[ 6.21560856e-02  4.98439767e-05  3.62379362e-07  4.60357940e-11
 -5.99911371e-11 -1.49242419e-04  3.68918729e-04  3.58179361e-02
  2.57546543e-04  2.39159981e-11 -3.03931849e-11 -5.23375638e-05
 -3.86988178e-20 -2.74303150e-17  9.98887997e-07 -8.84939139e-26
 -3.72253537e-25  2.00671284e-23  1.16322274e-25  6.13923111e-26
 -8.84518414e-26  9.95581364e-07 -7.10613220e-32  3.74304450e-28
 -1.07274986e-24 -5.42837277e-25 -3.72295038e-25 -7.12962528e-32
  9.95581364e-07 -2.40249564e-28  3.86761107e-15  6.42403340e-15
  4.67032886e-17 -1.58504305e-23  2.05443915e-23  3.48832109e-02]
2.8788979053497314,base_link,5.479114823153175,-5.322656092167173,2.2371027782072067e-22,7.80149847634476e-24,-7.261612108177012e-26,0.9810903625508363,0.19355025318988536,[ 1.90398796e-03 -5.12851099e-04 -6.34497867e-05 -5.67903654e-04
  8.27425693e-04  2.34556694e-04 -1.73418967e-04  3.81757464e-04
  1.13180156e-03 -6.37582729e-05  9.28956210e-05  2.63928930e-05
 -3.79179593e-21 -8.73502727e-20  9.98783934e-07 -1.21483149e-16
 -3.23703427e-16 -9.75078999e-24 -8.25857124e-21 -5.26748614e-21
 -1.21483157e-16  9.97573763e-07 -2.19691056e-23  2.94861876e-24
 -2.11758237e-22 -1.05879118e-22 -3.23703433e-16 -1.16149486e-23
  9.97573763e-07 -8.58609960e-24 -5.51055833e-20 -2.68312446e-20
 -1.40484462e-19  3.14097779e-20 -4.57641760e-20  9.99998791e-10],0.006195457845612301,-0.0022518427259783625,-1.5234192638933613e-21,-4.065038898452362e-30,9.066289734639972e-28,-0.0006577755993182831,[ 6.19018062e-02  9.19878366e-05  6.66430098e-07  2.32000669e-11
 -3.45811711e-11 -1.35488768e-04  3.58334801e-04  3.58247757e-02
  2.57429484e-04  1.88161433e-11 -2.75933839e-11 -4.49757514e-05
 -6.35274710e-21 -2.43945489e-18  9.98178114e-07 -2.95834752e-25
 -7.87811631e-25  7.09989154e-23  1.71252236e-25  1.42171668e-25
 -2.95721159e-25  9.92791073e-07 -3.09457850e-31 -1.06733677e-29
  9.75814629e-25  7.85175347e-25 -7.87967936e-25 -3.09868311e-31
  9.92791073e-07  2.95924851e-28  4.10812918e-15  7.56997750e-15
  5.49632047e-17 -5.65540359e-23  8.25476771e-23  3.48821966e-02]
2.92625093460083,base_link,5.486756193791713,-5.331174533523683,1.6188749369653433e-22,1.0470672600816084e-24,-8.917794730968214e-25,0.9811435545962722,0.19328043168979064,[ 2.05591729e-03 -5.35574428e-04 -7.48188566e-05 -6.04191501e-04
  9.54763366e-04  2.30365443e-04 -2.52607233e-04  3.63029806e-04
  1.33848964e-03 -8.63510896e-05  1.36462909e-04  3.29501231e-05
 -1.26922593e-20 -9.34912616e-20  9.99447040e-07  9.55157569e-18
  1.08053290e-17 -4.28484332e-24 -3.31931036e-20 -1.14878843e-20
  9.55155898e-18  9.98895301e-07 -4.25496880e-24 -9.82578198e-25
  5.61159328e-20  1.78406315e-20  1.08053379e-17  3.98792200e-24
  9.98895301e-07 -1.59339447e-24 -6.46239377e-21 -5.80803898e-21
  4.96788392e-21 -2.50412518e-21  3.95741436e-21  9.99999456e-10],-0.005725843108314128,0.0013046619014020972,1.8470396134393381e-22,3.0249246035396326e-28,9.249607997264028e-29,-0.0002744737294395849,[ 6.21160160e-02  1.34941423e-04  9.78804402e-07  3.14689293e-11
 -5.36746667e-11 -1.30514621e-04  3.58761987e-04  3.58095765e-02
  2.57593042e-04  1.66280981e-11 -2.70526459e-11 -4.66204639e-05
  1.78300435e-19  4.68917440e-17  9.99171018e-07  2.33839611e-26
  2.64341020e-26 -8.21815711e-24 -3.74816215e-25 -1.97101630e-25
  2.33869504e-26  9.96700423e-07 -1.65718299e-33  1.28694189e-28
 -3.48966821e-24 -1.76098998e-24  2.64462079e-26 -1.82179665e-33
  9.96700423e-07  2.50765982e-29  4.46433830e-15  7.65119101e-15
  5.55950991e-17  2.01142608e-23 -2.89925125e-23  3.48829841e-02]
2.979496717453003,base_link,5.490500441251319,-5.330623738052627,4.405916061147072e-24,4.1680535604055297e-23,1.7747465838863643e-23,0.9809766182673432,0.19412592411310547,[ 1.99898795e-03 -6.23320196e-04 -1.44014623e-04 -7.17726708e-04
  9.81377784e-04  2.80879661e-04 -3.34076436e-04  3.89606854e-04
  1.27954071e-03 -1.30893239e-04  1.78975200e-04  5.12965782e-05
  1.62789145e-20  1.48971920e-19  9.99207786e-07  1.06071537e-17
  1.76862951e-16  1.73848426e-24  6.51156578e-21  3.97046694e-21
  1.06071859e-17  9.98418076e-07  2.37427161e-23  7.48765433e-24
 -2.36110434e-20 -1.43995601e-20  1.76862900e-16  2.60898358e-23
  9.98418076e-07 -1.11585910e-23  1.63878955e-20  1.46254580e-20
  9.54856078e-20 -2.61500423e-20  3.57558643e-20  9.99999216e-10],-0.008723648902730296,-6.346458304529525e-05,-9.19406719413607e-22,3.3496194556478085e-27,1.154190604278936e-26,-0.0012363677208194809,[ 6.21289282e-02  6.21322833e-05  4.50412024e-07  3.55706525e-11
 -4.83775835e-11 -1.55577994e-04  2.90342927e-04  3.57927680e-02
  2.57385962e-04  2.87949729e-11 -3.93253196e-11 -6.12231570e-05
 -5.79158778e-20 -3.31765865e-17  9.98812618e-07  2.61500509e-26
  4.33758992e-25 -1.04461129e-22 -3.55429169e-25 -2.87574510e-25
  2.60365105e-26  9.95284006e-07 -2.25274405e-32  2.85370083e-28
 -2.57201472e-24 -2.08733858e-24  4.33972662e-25 -2.40546578e-32
  9.95284006e-07  1.00212906e-27  4.33333738e-15  5.13696683e-15
  3.73176617e-17  8.15306117e-23 -1.11515643e-22  3.48851535e-02]
3.027040719985962,base_link,5.488642391841246,-5.329200683574014,-7.933123869172483e-24,-9.233196623888662e-24,-7.948532594421301e-25,0.980883346033456,0.1945966635742029,[ 2.01941665e-03 -5.86466215e-04 -3.51014847e-05 -6.54657544e-04
  1.00842838e-03  2.35112202e-04 -2.27207021e-04  3.82540908e-04
  1.35233173e-03 -7.62165937e-05  1.17418189e-04  2.74041166e-05
 -4.54486116e-20 -2.42463181e-19  9.99281060e-07 -1.14452812e-17
  1.41718578e-16 -1.19699038e-24 -6.29980755e-21 -2.43521972e-21
 -1.14452921e-17  9.98564184e-07 -3.84038737e-24 -1.42365024e-24
  4.71162077e-20  1.48495464e-20  1.41718610e-16 -1.14186978e-23
  9.98564184e-07  4.91993478e-24  1.24286827e-20  1.02962434e-20
  8.27887467e-20 -1.46175021e-20  2.25218647e-20  9.99999290e-10],-0.00542049830428761,-0.0004917796084214521,7.634081829564802e-23,4.602492123453733e-27,2.2981288786951034e-27,-0.0017624082952148244,[ 6.20894455e-02  8.35284009e-05  6.05710953e-07  3.09536271e-11
 -5.80370405e-11 -1.33857477e-04  3.67959612e-04  3.58153731e-02
  2.57597113e-04  1.72772305e-11 -2.89609100e-11 -4.53432131e-05
 -3.12343399e-20 -1.32814766e-17  9.98922364e-07 -2.80633185e-26
  3.47337322e-25  1.21376686e-23 -2.45569244e-25 -1.32478145e-25
 -2.80079732e-26  9.95717079e-07  2.30049049e-32  7.43869269e-28
  1.05336281e-24  5.29912580e-25  3.47337713e-25  2.14132090e-32
  9.95717079e-07  3.79048052e-28  4.29733122e-15  3.05586956e-15
  2.22263270e-17  1.81327823e-23 -3.34103560e-23  3.48848584e-02]
3.074021100997925,base_link,5.487709671890445,-5.33137208935655,6.091961718231016e-23,4.403171380825274e-24,4.452038945000513e-24,0.9810190242610433,0.19391151084427805,[ 2.12137690e-03 -6.18044608e-04  1.90568100e-05 -6.86690666e-04
  9.03289988e-04  2.22012588e-04 -1.67005016e-04  3.94088781e-04
  1.25834725e-03 -5.97562436e-05  7.86001512e-05  1.93442896e-05
  2.50668813e-20  1.45477909e-19  9.99144726e-07  2.14967810e-17
  1.53352100e-16 -7.56194179e-24  3.44107135e-21  1.13820052e-21
  2.14967450e-17  9.98292370e-07 -1.28237356e-23 -2.20952557e-24
 -9.47618110e-21 -3.62635981e-21  1.53352139e-16 -8.24290521e-24
  9.98292370e-07  1.42192993e-24  1.56728948e-20  9.45568576e-21
  8.23228323e-20 -1.68358391e-20  2.21437313e-20  9.99999153e-10],-0.004839073560653171,0.001154434525746326,9.643021152835272e-22,-2.3578925585958328e-27,9.396694630347846e-27,-0.0008508696361687507,[ 6.21906745e-02  8.20649147e-05  5.94798404e-07  2.99556729e-11
 -3.40133532e-11 -1.28130898e-04  4.36896866e-04  3.58332396e-02
  2.57690168e-04  1.53897322e-11 -1.89147099e-11 -4.05024004e-05
 -6.24686799e-21 -2.87313576e-18  9.98718184e-07  5.27526243e-26
  3.75286319e-25 -7.94645356e-23  6.46234854e-27  3.23117427e-27
  5.26435608e-26  9.94911779e-07 -3.66902716e-32  2.90621452e-28
 -1.46695312e-24 -8.20718264e-25  3.75394128e-25 -3.56627945e-32
  9.94911779e-07 -1.13443824e-27  4.15956959e-15  1.46275475e-15
  1.06647461e-17  3.28688644e-23 -4.16342239e-23  3.48847689e-02]
3.122591018676758,base_link,5.4879755882631995,-5.328896918714645,2.9445925308241045e-22,-1.0886763476279834e-23,-1.068150604040883e-23,0.9812514577822402,0.19273187748846415,[ 2.09840545e-03 -6.81465163e-04  2.24892446e-06 -7.91582924e-04
  1.00422589e-03  2.53172178e-04 -2.38253843e-04  3.80607194e-04
  1.23530863e-03 -1.11991114e-04  1.42059763e-04  3.58679902e-05
 -2.03817303e-21 -8.47032947e-21  9.99138877e-07  4.75417870e-17
  9.57551556e-17  7.03559436e-24  1.58818678e-20  6.85567292e-21
  4.75418009e-17  9.98280713e-07 -1.17798933e-23 -1.64031968e-24
  1.85288457e-20  9.15854374e-21  9.57551332e-17 -8.84546642e-24
  9.98280713e-07  1.14037540e-24  3.45589598e-21 -4.82413672e-21
  4.78397158e-20 -1.73420722e-20  2.19972612e-20  9.99999147e-10],-0.0036048555593502624,-0.0005665123214666854,-2.2239247038366915e-21,7.133036953085398e-27,-1.644560514374829e-26,0.0005670145417974084,[ 6.22217365e-02  4.39438445e-05  3.18809204e-07  4.83179573e-11
 -5.29046958e-11 -1.43078399e-04  3.90937552e-04  3.58037800e-02
  2.57489707e-04  2.95320043e-11 -3.56793883e-11 -5.14020316e-05
 -2.78991477e-20 -2.26056153e-17  9.98709426e-07  1.16499495e-25
  2.34453770e-25 -3.92772536e-23 -8.85341749e-25 -5.42837277e-25
  1.16453637e-25  9.94877286e-07 -5.06145697e-32  2.71706009e-28
  2.25535964e-24  1.51865191e-24  2.34501775e-25 -5.02349277e-32
  9.94877286e-07 -6.34350210e-28  3.46458300e-15  2.38124467e-16
  1.77810019e-18  4.28020639e-23 -5.15660701e-23  3.48852866e-02]
3.182520866394043,base_link,5.4836988643385745,-5.324944082648678,-1.2370949363662565e-22,1.9233744258954192e-23,1.0391516363091449e-23,0.9815109859833889,0.1914058107631944,[ 2.27687514e-03 -6.69308735e-04 -1.00480115e-04 -7.46804170e-04
  1.03773201e-03  3.18086138e-04 -2.66217316e-04  4.96566739e-04
  1.38028105e-03 -8.34124377e-05  1.15914411e-04  3.55562803e-05
 -9.99234180e-21 -9.73029098e-20  9.99465280e-07 -2.98564790e-17
  4.28088116e-17 -9.10655135e-24 -4.59515374e-20 -1.64244982e-20
 -2.98565270e-17  9.98931702e-07 -1.78424985e-23 -6.20981839e-24
  7.31095313e-20  2.24463731e-20  4.28088733e-17 -1.51749863e-23
  9.98931702e-07  7.49213433e-24 -1.98638377e-20  9.67739924e-21
  3.34718104e-20 -1.61000518e-21  2.23774546e-21  9.99999474e-10],0.0029485073210220583,-0.001962161767554073,-9.772715026775178e-22,-7.179568501430477e-27,4.285026641239284e-27,0.001975715482661165,[ 6.24441247e-02  6.97095820e-05  5.06847090e-07  2.62788197e-11
 -4.24470843e-11 -1.81300061e-04  3.83037812e-04  3.58654708e-02
  2.58070758e-04  1.38126676e-11 -2.05853728e-11 -6.02056527e-05
  2.69991752e-20  1.36609474e-17  9.99198348e-07 -7.34154207e-26
  1.05270861e-25 -7.20142348e-23 -1.00812637e-24 -5.25065819e-25
 -7.34279936e-26  9.96808709e-07  2.41650095e-32  9.26420991e-28
  2.42338070e-24  1.17291626e-24  1.05321838e-25  2.36648210e-32
  9.96808709e-07 -5.47148046e-28  3.17552559e-15 -7.14697602e-16
 -5.14868895e-18 -5.39812315e-24  5.18102776e-24  3.48891173e-02]
3.226125478744507,base_link,5.476732924219913,-5.320505950257458,-4.7589513372749397e-23,3.02082876387181e-23,-1.4206869889693914e-24,0.9813127391896751,0.1924196141355051,[ 2.08479808e-03 -5.11856105e-04 -3.79681123e-05 -5.57649337e-04
  8.48158020e-04  2.24317303e-04 -1.70424377e-04  3.97844600e-04
  1.31587858e-03 -4.66715117e-05  7.09848754e-05  1.87950320e-05
  1.08923143e-20  8.33268662e-20  9.99287668e-07 -6.87323880e-17
 -1.52640694e-16 -1.89125041e-24 -4.47074577e-20 -1.46774928e-20
 -6.87324002e-17  9.98577361e-07 -1.90906983e-23 -1.15594978e-24
  6.14098887e-20  2.03420256e-20 -1.52640647e-16 -3.16513946e-23
  9.98577361e-07  6.82017311e-24 -5.32324975e-20 -9.06280243e-21
 -8.13197341e-20  1.98056497e-20 -3.01232435e-20  9.99999296e-10],0.011690351995751656,-0.002959970463062175,1.3800088934655072e-22,1.3325586266695988e-27,-4.26558416187639e-28,0.00068358130896352,[ 6.21114152e-02  1.37792260e-04  9.99827351e-07  2.11006583e-11
 -3.18192348e-11 -1.29781066e-04  4.05590690e-04  3.58528048e-02
  2.57928204e-04  1.05781745e-11 -1.60215727e-11 -4.02860445e-05
 -2.13875819e-19 -5.51316805e-17  9.98932261e-07 -1.68157149e-25
 -3.73399415e-25  1.10335930e-23  1.28923853e-24  6.46234854e-25
 -1.68151938e-25  9.95756150e-07 -1.42139011e-31 -1.02763024e-28
 -1.63497418e-24 -8.20718264e-25 -3.73415179e-25 -1.42018896e-31
  9.95756150e-07  3.04804565e-29  3.20607146e-15  1.15796657e-16
  8.75806622e-19 -3.49883244e-23  5.32111002e-23  3.48877385e-02]
3.284534215927124,base_link,5.465551967754741,-5.310946103841697,-7.144554333186171e-23,9.88597137941695e-25,-3.66708616031716e-24,0.9816099546678595,0.19089760841079895,[ 2.03757519e-03 -3.90370492e-04  7.23666721e-05 -4.31771811e-04
  7.00319992e-04  2.03564246e-04 -5.37625074e-05  4.14744038e-04
  1.17932565e-03 -7.81802870e-06  1.26805343e-05  3.68552510e-06
 -1.28643129e-20 -7.07272511e-20  9.99124223e-07 -1.54540054e-16
 -5.99925670e-16 -9.92937878e-25  1.24407964e-20  1.73707929e-22
 -1.54540052e-16  9.98251505e-07 -1.03037859e-22  8.22908012e-25
 -3.26107685e-20 -4.74801672e-22 -5.99925663e-16 -1.07069492e-22
  9.98251505e-07  5.69787104e-25 -1.50677178e-19 -6.97458389e-20
 -2.89103716e-19  3.57500699e-20 -5.79904439e-20  9.99999132e-10],0.025602520480140833,-0.006096122627813248,-3.917318075002294e-22,3.87016267545102e-27,-1.6598091092778305e-27,0.0023769628211835845,[ 6.19674536e-02  1.87945319e-04  1.36169154e-06  2.17416952e-11
 -3.87783493e-11 -1.22413643e-04  4.54445952e-04  3.58927846e-02
  2.58187691e-04  5.53441702e-12 -9.89638568e-12 -3.17069587e-05
 -1.61783293e-19 -3.06829215e-17  9.98687482e-07 -3.76249119e-25
 -1.46065140e-24 -9.20138685e-24 -1.17291626e-24 -2.98075826e-25
 -3.76270395e-25  9.94790800e-07 -1.01276817e-30 -2.73181800e-28
  2.31352078e-24  5.89689304e-25 -1.46062906e-24 -1.01251724e-30
  9.94790800e-07  1.54448932e-28  3.44494899e-15  3.80075711e-15
  2.75649381e-17 -3.20474740e-23  5.45907955e-23  3.48845722e-02]
3.3320798873901367,base_link,5.4536143586070125,-5.304616408634361,-1.1296406495459122e-23,3.542370982095237e-23,8.713448147698492e-24,0.9815859170197341,0.19102117031504068,[ 2.38789362e-03 -5.26433534e-04  2.14887382e-04 -6.10728895e-04
  8.30562885e-04  2.20485633e-04 -3.11377407e-05  4.64002720e-04
  1.36593885e-03 -8.40382225e-06  1.14269089e-05  3.03637094e-06
 -1.39760436e-20 -4.31986803e-20  9.99360708e-07 -1.53323693e-16
 -6.98990799e-16 -8.01874273e-25  2.12817028e-20  6.60090129e-22
 -1.53323700e-16  9.98723048e-07 -1.73915793e-22 -1.66751895e-24
 -6.45862622e-21 -2.64697796e-22 -6.98990785e-16 -1.77609882e-22
  9.98723048e-07  3.60223256e-24 -2.09787931e-19 -7.91833747e-20
 -4.00532042e-19  5.78249855e-20 -7.86229954e-20  9.99999369e-10],0.03788144413619722,-0.0068956077244736735,2.409026287465099e-24,-4.5534484823149625e-27,6.913754122534434e-27,0.002037334704634084,[ 6.24098982e-02  1.71516032e-04  1.24352626e-06  4.14990369e-11
 -4.53538059e-11 -1.32157488e-04  5.61325578e-04  3.59146148e-02
  2.58458479e-04  1.09482318e-11 -1.21865135e-11 -3.35208059e-05
 -8.47032947e-21 -1.73472348e-18  9.99041674e-07 -3.75732970e-25
 -1.71300224e-24 -1.46254256e-23 -3.29579775e-24 -8.69185878e-25
 -3.75739169e-25  9.96188548e-07 -1.62070117e-30  1.42896338e-28
  2.64310055e-24  7.09242752e-25 -1.71299387e-24 -1.62069035e-30
  9.96188548e-07 -2.16926313e-28  3.52238191e-15  9.33020683e-15
  6.76886791e-17 -9.84747036e-23  1.24443317e-22  3.48844370e-02]
3.389089345932007,base_link,5.43881453356079,-5.297609291713284,1.0593855286586472e-22,-3.9615825590997385e-23,-1.2597089415799922e-23,0.9821291045426062,0.18820845361018898,[ 2.60582537e-03 -5.63288087e-04  2.59121558e-04 -6.02552089e-04
  7.43199175e-04  1.78332017e-04  8.19120332e-05  4.11315694e-04
  1.29554752e-03  3.96066949e-05 -4.88436428e-05 -1.17439534e-05
  3.04931861e-20  1.05243844e-19  9.99206876e-07 -1.91388882e-16
 -1.16031350e-15 -9.09316036e-27 -8.07328278e-21  3.45430624e-21
 -1.91388876e-16  9.98416263e-07 -2.75284531e-22  1.13280531e-24
  2.01435023e-20 -1.31025409e-20 -1.16031351e-15 -2.72950756e-22
  9.98416263e-07 -2.08900848e-24 -3.05354654e-19 -1.37096863e-19
 -6.39840163e-19  4.18311119e-20 -5.15868410e-20  9.99999215e-10],0.051511332700544636,-0.007349800833424018,-1.0226387709448847e-21,-1.4469836047855753e-26,-3.491480607281102e-27,0.005128534143886046,[ 6.25811239e-02  2.05225893e-04  1.49023040e-06  2.66392401e-11
 -2.47725781e-11 -1.09536921e-04  7.04424107e-04  3.59254926e-02
  2.58478933e-04 -8.69273701e-14  2.28185067e-12 -2.14426624e-05
 -7.51741741e-20 -1.31188463e-17  9.98811256e-07 -4.69887735e-25
 -2.84886531e-24 -1.39083059e-23 -1.27954501e-24  3.73604525e-27
 -4.69895656e-25  9.95278641e-07 -2.71687205e-30  2.41128185e-28
 -4.78213792e-25  4.52364397e-26 -2.84884047e-24 -2.71733506e-30
  9.95278641e-07  5.89381335e-29  2.80001056e-15  2.22370679e-14
  1.61496090e-16 -8.21226167e-23  8.47869589e-23  3.48883621e-02]
3.43707275390625,base_link,5.386042730707951,-5.281661741000616,4.508139703267135e-22,1.0615269061292339e-22,9.479142382443851e-23,0.9795835874681332,0.20103729794011407,[ 2.98404205e-03 -6.26651428e-04  2.74155381e-04 -6.96339794e-04
  7.51420242e-04  1.97371159e-04  8.24623112e-05  5.20318226e-04
  1.19130057e-03  3.83894072e-05 -4.14227740e-05 -1.08915378e-05
  4.97631857e-21  1.59877469e-20  9.99334021e-07 -1.24111768e-16
 -1.61021182e-15  7.21810212e-25 -2.54109884e-21  4.56603698e-22
 -1.24111769e-16  9.98669811e-07 -3.06007140e-22 -1.55916924e-24
  5.39983504e-21 -1.15805286e-21 -1.61021182e-15 -3.04127397e-22
  9.98669811e-07  1.14886278e-24 -4.29906226e-19 -2.56508417e-19
 -8.05415926e-19  6.22005574e-20 -6.71153305e-20  9.99999343e-10],0.107083967482412,-0.003947363691403132,9.275085042860716e-22,-5.206287504389253e-27,-1.7419269822493938e-26,-0.00975731680294959,[ 6.30287353e-02  2.38837674e-04  1.73391096e-06  3.47043786e-11
 -3.18866804e-11 -1.20186276e-04  7.82648684e-04  3.59863043e-02
  2.58988277e-04  4.81434023e-12 -3.83343170e-12 -2.47479149e-05
 -1.79359227e-19 -2.67797937e-17  9.99001695e-07 -3.04239508e-25
 -3.94711331e-24  6.60241582e-24 -1.34416850e-24 -1.86600314e-25
 -3.04233468e-25  9.96030491e-07 -2.90287498e-30  2.00726774e-29
  1.22784622e-24  1.47018429e-25 -3.94711768e-24 -2.90296645e-30
  9.96030491e-07  6.87861314e-29  2.60511367e-15  3.47693743e-14
  2.52464957e-16 -8.64313168e-23  7.73833239e-23  3.48880366e-02]
3.485609769821167,base_link,5.341744995848906,-5.275475486885667,-6.07104490258745e-23,1.448575291619538e-23,3.492086170485836e-24,0.9792144688783906,0.20282757194033432,[ 3.60431249e-03 -8.31239933e-04  2.21868561e-04 -9.12080387e-04
  1.02729445e-03  2.54619857e-04  3.90531186e-05  5.54951581e-04
  1.19755954e-03  1.30518280e-05 -1.47006116e-05 -3.64403074e-06
 -1.89258924e-20 -5.95570041e-20  9.99656857e-07 -4.44574790e-17
 -1.20488767e-15  6.34162971e-25  9.52912066e-21 -1.83634096e-22
 -4.44574768e-17  9.99314184e-07 -1.56428258e-22 -8.01942151e-26
 -1.45054392e-20  2.73796783e-22 -1.20488767e-15 -1.56715088e-22
  9.99314184e-07  1.70444099e-25 -4.38816961e-19 -1.61189875e-19
 -6.81157984e-19  1.06814909e-19 -1.20309938e-19  9.99999666e-10],0.14456974125368457,0.003789253018516274,-1.7622348407940952e-21,-1.815192315810034e-26,1.7782886224653716e-26,-0.01109631797963954,[ 6.37605764e-02  2.78007006e-04  2.02556948e-06  3.35197601e-11
 -3.92349921e-11 -1.48994239e-04  9.32567054e-04  3.60182524e-02
  2.59310882e-04  8.11262999e-12 -9.49441835e-12 -3.58288449e-05
  7.88164157e-19  1.00885012e-16  9.99485461e-07 -1.09589263e-25
 -2.97010055e-24  9.95554246e-24  1.10506160e-24  2.66571877e-25
 -1.09582948e-25  9.97948164e-07 -1.52376842e-30  6.63713704e-29
 -3.87740912e-25 -9.37040538e-26 -2.97010704e-24 -1.52377336e-30
  9.97948164e-07 -6.47960563e-29 -2.42888201e-15  5.83993574e-14
  4.25402334e-16 -1.88004515e-22  2.15880205e-22  3.49011693e-02]
3.5371546745300293,base_link,5.26476547161986,-5.251393270588522,-3.6580000384731197e-22,-1.383885987253719e-22,-2.0940356494612892e-22,0.9792740831449325,0.20253955189209796,[ 2.86308951e-03 -7.12046554e-04  2.72375222e-04 -7.93881238e-04
  1.04105277e-03  2.83817020e-04  7.86089786e-05  5.59647391e-04
  1.04610622e-03  3.40827414e-05 -4.46955927e-05 -1.21996590e-05
  3.69782821e-20  9.60323604e-20  9.99356485e-07  1.49548033e-16
 -3.95340980e-15 -1.79600370e-24  1.18055217e-20 -1.98523347e-21
  1.49548039e-16  9.98714623e-07  9.36989383e-22  4.98122183e-24
 -3.40401366e-20  5.42630482e-21 -3.95340980e-15  9.24334375e-22
  9.98714623e-07 -2.00181028e-24 -8.16888833e-19 -7.35455433e-19
 -1.73839014e-18  1.33481887e-19 -1.75046128e-19  9.99999365e-10],0.21644860176076114,0.008428791054824079,-1.0983607557880932e-21,-1.7221569431541957e-27,-1.7353257814455042e-26,-0.0099295210885125,[ 6.28960344e-02  1.59564777e-04  1.16141758e-06  3.84573046e-11
 -5.26059791e-11 -1.68714994e-04  7.54631532e-04  3.60061079e-02
  2.59110516e-04  5.72392330e-12 -8.09021009e-12 -3.77010662e-05
  1.73006479e-19  3.85975973e-17  9.99035347e-07  3.67093651e-25
 -9.70398057e-24 -8.24614349e-24 -3.31518480e-24 -4.93561869e-25
  3.67087062e-25  9.96163539e-07  8.90845533e-30  1.16987382e-29
  5.29912580e-24  8.14255915e-25 -9.70396823e-24  8.90834947e-30
  9.96163539e-07  1.08070479e-28 -1.28534789e-14  1.15223911e-13
  8.38314002e-16 -2.06415276e-22  2.86015420e-22  3.49010854e-02]
3.5780012607574463,base_link,5.206806109261648,-5.2272323946614145,-1.5885633906168728e-22,-1.3273096433204924e-22,1.233972495119469e-22,0.9796912641290143,0.20051191233763127,[ 2.43764522e-03 -5.95016223e-04  1.58758233e-04 -6.70658736e-04
  9.32430706e-04  2.84425419e-04  1.92171719e-05  5.48105518e-04
  9.84329826e-04  5.71891680e-06 -7.95123159e-06 -2.42711109e-06
 -2.24199033e-20 -1.01114558e-19  9.99280232e-07  1.97593284e-16
 -5.84838718e-15 -1.00750896e-25 -1.18055217e-20  2.66352157e-22
  1.97593278e-16  9.98562530e-07  1.59565501e-21 -3.01474351e-24
  3.22401916e-20 -6.88214270e-22 -5.84838719e-15  1.61709167e-21
  9.98562530e-07 -4.91369981e-24 -9.59151395e-19 -1.06189377e-18
 -2.38345158e-18  2.39343293e-19 -3.32772383e-19  9.99999289e-10],0.2668713806540666,0.008106289753949905,2.410898966140457e-21,4.838167306947438e-27,2.609199043308444e-26,-0.006953830726391767,[ 6.24448122e-02  1.37572410e-04  9.99474019e-07  3.25651113e-11
 -4.69045515e-11 -1.68189021e-04  6.03662629e-04  3.59815508e-02
  2.58923366e-04  7.89008068e-12 -1.13875268e-11 -4.21596409e-05
 -2.64697796e-20 -6.83047369e-18  9.98921123e-07  4.82587747e-25
 -1.42836422e-23  2.22382358e-23  4.97600837e-25  1.19553448e-25
  4.82603190e-25  9.95712150e-07  1.54334638e-29 -4.90943276e-29
  1.01458872e-24  2.45569244e-25 -1.42836720e-23  1.54337044e-29
  9.95712150e-07 -2.36056290e-28 -1.36021468e-14  1.55903231e-13
  1.13312121e-15 -2.62698260e-22  3.78740868e-22  3.48987188e-02]
3.638669490814209,base_link,5.14941752059593,-5.205361366502905,3.0569333863473e-22,1.4329975722601977e-22,6.050059290399186e-26,0.9790496911729896,0.2036214679597262,[ 2.07464451e-03 -5.49752605e-04  1.93088230e-04 -6.16385724e-04
  8.69512161e-04  2.60078073e-04  5.90436193e-05  5.00194026e-04
  8.09245632e-04  2.53350039e-05 -3.57428575e-05 -1.07039048e-05
  1.00585162e-20  3.53106860e-20  9.99192771e-07  2.79489091e-16
 -7.67056265e-15  1.80839185e-24 -3.17637355e-22  4.63221143e-23
  2.79489094e-16  9.98388141e-07  2.65196477e-21 -1.15174197e-24
  4.47339275e-20 -5.91599574e-21 -7.67056265e-15  2.64256115e-21
  9.98388141e-07  5.59992400e-24 -1.23425085e-18 -1.25013675e-18
 -2.58679362e-18  2.34603299e-19 -3.30984606e-19  9.99999201e-10],0.3005446652435105,0.009137765251993807,-3.0793975519290966e-21,-5.7960626084581306e-27,3.5628194041907965e-26,-0.009774912723117566,[ 6.20349148e-02  8.11546925e-05  5.88753614e-07  3.27543314e-11
 -5.41197835e-11 -1.57722681e-04  5.52675308e-04  3.59481126e-02
  2.58680788e-04  5.22616312e-12 -9.45076414e-12 -3.61205822e-05
  5.82335151e-21  2.49366500e-18  9.98790132e-07  6.80838758e-25
 -1.86844928e-23 -1.55156555e-23  1.36355554e-24  2.17296470e-25
  6.80826999e-25  9.95195271e-07  2.54162160e-29  6.89387481e-29
 -3.07607790e-24 -5.36374928e-25 -1.86844820e-23  2.54165027e-29
  9.95195271e-07 -4.14222626e-28 -2.04054430e-14  2.21783529e-13
  1.61035290e-15 -1.51979590e-22  2.97295965e-22  3.48953494e-02]
3.6813836097717285,base_link,5.113825131506342,-5.18961692268727,-1.888563517347756e-23,6.032182158758313e-23,5.727606412238584e-23,0.9777316377777389,0.2098591062795715,[ 2.08689695e-03 -5.51075037e-04  1.62432633e-04 -6.57079186e-04
  9.78500980e-04  3.45495402e-04  1.95641551e-05  6.00682914e-04
  8.41573961e-04  1.04256370e-06 -1.55187187e-06 -5.42079816e-07
 -6.10260769e-20 -2.41510269e-19  9.99345476e-07  1.90286547e-16
 -6.60444999e-15  9.47021035e-26  2.74756312e-20  8.00710833e-22
  1.90286546e-16  9.98692662e-07  1.90939214e-21 -3.77994601e-24
 -3.08108235e-20 -8.13945723e-22 -6.60444999e-15  1.91516950e-21
  9.98692662e-07  2.58789096e-24 -1.13638168e-18 -1.38821350e-18
 -2.41769039e-18  3.38214477e-19 -5.03677170e-19  9.99999354e-10],0.31708142429183017,0.00853387579146196,1.340951492588901e-21,-4.918060676873624e-27,-7.725328172327664e-27,-0.016350170479270808,[ 6.20976740e-02  6.45843102e-05  4.68390620e-07  4.02407172e-11
 -6.27661068e-11 -2.06357008e-04  5.08674362e-04  3.59809399e-02
  2.59001963e-04  1.13866149e-11 -1.76459563e-11 -5.37049390e-05
 -6.94037621e-20 -3.82723367e-17  9.99018856e-07  4.65065942e-25
 -1.61408515e-23  2.29672013e-23 -8.33642961e-25 -2.35875722e-25
  4.65078574e-25  9.96098309e-07  1.84764053e-29  7.96381174e-29
  5.16987883e-26  1.29246971e-26 -1.61408671e-23  1.84762684e-29
  9.96098309e-07  1.22841637e-28 -2.18556604e-14  2.62048955e-13
  1.90255324e-15 -4.53028973e-22  7.01154118e-22  3.48938183e-02]
3.7315471172332764,base_link,5.082795663612752,-5.164358467805343,-2.3793343519697844e-22,2.8210401150380553e-23,8.288189533337508e-24,0.9709321463377962,0.2393548980235839,[ 2.26400672e-03 -5.74771153e-04  2.33206800e-04 -6.39102894e-04
  8.53216108e-04  2.38910763e-04  8.55971684e-05  4.96627665e-04
  8.58478489e-04  3.69532335e-05 -4.93320236e-05 -1.38272805e-05
 -6.81067429e-20 -1.69353650e-19  9.99423707e-07  9.53492593e-17
 -6.09531514e-15 -1.93207445e-25 -2.10170050e-20  3.79841337e-21
  9.53492577e-17  9.98848741e-07  1.00517174e-21 -9.30401771e-25
 -2.84285433e-20  5.38660015e-21 -6.09531514e-15  1.00448001e-21
  9.98848741e-07  1.50094429e-24 -1.69062011e-18 -9.33728093e-19
 -2.35082814e-18  3.11517230e-19 -4.15870703e-19  9.99999432e-10],0.3270242285606694,0.0013874212360257417,3.7350949144522304e-21,-1.5814533590081417e-26,2.0592801850771078e-26,-0.04840725985409597,[ 6.22038616e-02  1.53283239e-04  1.11305057e-06  3.30125387e-11
 -4.24136181e-11 -1.43894061e-04  6.67795655e-04  3.59725058e-02
  2.58989434e-04  6.64004522e-12 -8.41355247e-12 -3.47779703e-05
  2.99637905e-19  6.97684098e-17  9.99136058e-07  2.33947592e-25
 -1.49497959e-23  1.81253044e-23 -7.23783036e-25 -1.44595048e-25
  2.33966529e-25  9.96562002e-07  9.76787951e-30  2.89886331e-28
  9.75814629e-25  1.92254869e-25 -1.49498194e-23  9.76785365e-30
  9.96562002e-07 -3.53352458e-28 -3.72933470e-14  3.24444898e-13
  2.35579941e-15 -3.62836667e-22  4.64398660e-22  3.48941155e-02]
3.7920475006103516,base_link,5.039655877070468,-5.12595508126565,-4.938710126614121e-22,7.255630322608733e-24,-1.5689596431863525e-23,0.9629687252674674,0.26961311940769694,[ 2.60007101e-03 -7.06051005e-04  1.92567702e-04 -7.81220973e-04
  8.75176201e-04  2.52448619e-04  3.39824546e-05  5.04553880e-04
  1.01071507e-03  1.19221604e-05 -1.33555785e-05 -3.85382623e-06
  3.54430349e-20  1.12337745e-19  9.99557000e-07 -3.07504264e-18
 -4.88305431e-15 -1.13882611e-25 -1.65171425e-20  4.49986253e-22
 -3.07504198e-18  9.99114783e-07 -3.10390543e-23  8.24462058e-25
  2.38228016e-20 -7.24610217e-22 -4.88305431e-15 -3.59897937e-23
  9.99114783e-07  6.77558801e-25 -1.70600794e-18 -6.76791991e-19
 -2.25985920e-18  4.52683981e-19 -5.07090984e-19  9.99999566e-10],0.3485282843315358,-0.008485453752263023,1.181389084921636e-20,5.315787309914478e-27,4.032754923655041e-27,-0.07856549951384408,[ 6.25624904e-02  2.35381071e-04  1.71285618e-06  3.23854435e-11
 -3.21173077e-11 -1.44504274e-04  8.05966672e-04  3.60030085e-02
  2.59265963e-04  1.07646256e-11 -1.08887607e-11 -4.42128643e-05
  2.11546479e-19  3.20923843e-17  9.99335793e-07 -7.45181875e-27
 -1.20092668e-23  3.56158976e-23 -2.93390624e-24 -9.75814629e-25
 -7.43436711e-27  9.97353690e-07 -3.23892361e-31 -9.73440974e-29
  3.87740912e-25  1.30862558e-25 -1.20092932e-23 -3.23775513e-31
  9.97353690e-07 -7.00917603e-29 -5.16570971e-14  4.07161284e-13
  2.95832790e-15 -6.72508846e-22  6.90219618e-22  3.48988275e-02]
3.8236517906188965,base_link,5.023343340447311,-5.097426539667662,6.05569869771386e-22,-2.2969151177711657e-23,-7.559765204209361e-24,0.9549799686413097,0.2966702875143432,[ 2.61827008e-03 -7.47789865e-04  2.25617319e-04 -8.23908417e-04
  9.23239440e-04  2.37617105e-04  2.40844947e-05  4.68435483e-04
  1.16659847e-03  1.09852571e-05 -1.23096959e-05 -3.17023069e-06
 -2.17581588e-20 -6.78685149e-20  9.99473200e-07 -1.33633750e-16
 -6.01119947e-15  5.90136873e-25 -3.58930211e-20  1.19444880e-21
 -1.33633750e-16  9.98947510e-07 -1.52862715e-21 -9.68866810e-25
  1.81053292e-20 -6.00533125e-22 -6.01119946e-15 -1.52968324e-21
  9.98947510e-07  1.39057137e-24 -1.96078732e-18 -6.80981868e-19
 -3.05571638e-18  5.49513370e-19 -6.15766209e-19  9.99999482e-10],0.3578457883641478,-0.019914269305973568,-1.0703922971436086e-20,1.7078716837148837e-26,-5.731985676622696e-27,-0.10693654769522819,[ 6.25453317e-02  2.60148547e-04  1.89329990e-06  3.65393537e-11
 -4.12233537e-11 -1.33691648e-04  8.53433041e-04  3.60019356e-02
  2.59223970e-04  1.26616506e-11 -1.42787414e-11 -4.36205714e-05
  1.90794171e-19  2.61292724e-17  9.99210216e-07 -3.29377224e-25
 -1.48215262e-23 -2.10162177e-23  8.20718264e-25  2.85958923e-25
 -3.29379307e-25  9.96855739e-07 -1.48943829e-29  3.42831368e-28
  1.09859925e-25  3.87740912e-26 -1.48215116e-23 -1.48946125e-29
  9.96855739e-07 -1.18282074e-28 -6.56926787e-14  4.73475859e-13
  3.44092365e-15 -1.52050766e-21  1.70769622e-21  3.49009641e-02]
3.8593485355377197,base_link,5.005560295304978,-5.076309751966038,-2.865082573000905e-22,1.2177755510019888e-23,1.2679756031438013e-23,0.9545318836809729,0.2981088442774782,[ 2.76980963e-03 -7.91876701e-04  2.12452707e-04 -8.70353007e-04
  9.53050914e-04  2.58139135e-04  3.41853192e-05  5.12268977e-04
  1.03747689e-03  1.76751199e-05 -1.93543462e-05 -5.24589776e-06
 -8.31151079e-20 -2.07893649e-19  9.99533539e-07 -2.87920120e-16
 -5.45464258e-15 -1.43624556e-24  3.81164826e-21 -2.11758237e-22
 -2.87920129e-16  9.99067948e-07 -3.37391757e-21 -1.91711895e-24
 -7.41153829e-22  4.30133919e-23 -5.45464257e-15 -3.37007256e-21
  9.99067948e-07  9.57807156e-25 -2.26974197e-18 -5.50082849e-19
 -2.50936410e-18  6.38515989e-19 -6.99176122e-19  9.99999542e-10],0.36117959569488667,-0.025005679041308723,-3.32208508117816e-21,-9.97298849587199e-28,1.8285751513302356e-27,-0.10273885520025314,[ 6.26389823e-02  3.13889468e-04  2.28599731e-06  3.32688094e-11
 -3.56702762e-11 -1.41969056e-04  9.45910928e-04  3.60630453e-02
  2.59686048e-04  1.28335903e-11 -1.38095725e-11 -5.00344895e-05
 -1.77876919e-19 -2.02203705e-17  9.99300634e-07 -7.09572023e-25
 -1.34462064e-23 -1.78331600e-23  8.91804098e-25  3.44120060e-25
 -7.09583513e-25  9.97214204e-07 -3.28708048e-29  3.61499037e-29
  2.01625274e-24  7.80328586e-25 -1.34461949e-23 -3.28707854e-29
  9.97214204e-07 -6.51772303e-29 -7.37107773e-14  5.36599411e-13
  3.90149375e-15 -1.32137624e-21  1.42931671e-21  3.49049506e-02]
3.9400687217712402,base_link,4.943819387725885,-5.019089145871211,1.1162643560229147e-22,8.510063326661993e-23,1.2579783994100122e-23,0.9464044609286318,0.3229838948529568,[ 2.31767838e-03 -6.84583471e-04  1.58051807e-04 -7.28014093e-04
  7.00208980e-04  1.61598021e-04  3.08486797e-05  3.35184926e-04
  1.00045546e-03  6.36032686e-06 -6.11690051e-06 -1.40908546e-06
 -6.94831715e-21 -6.44803831e-20  9.98928252e-07 -1.01805076e-15
 -1.34447760e-14 -5.26736373e-25  1.56171700e-20  5.97224402e-22
 -1.01805077e-15  9.97861085e-07 -1.27846471e-20 -3.11474485e-24
 -4.15046144e-20 -1.16963339e-21 -1.34447760e-14 -1.27919202e-20
  9.97861085e-07  4.61496970e-24 -2.57643204e-18 -8.49140855e-19
 -4.88099481e-18  7.39173540e-19 -7.11011335e-19  9.99998935e-10],0.3937701476181771,-0.032876211631910665,-2.1212592439647282e-20,-4.323593943252199e-27,2.906821420036594e-26,-0.11989020754188741,[ 6.20065042e-02  3.41106788e-04  2.47843965e-06  2.53057091e-11
 -2.92501698e-11 -8.61632317e-05  8.92613200e-04  3.60142887e-02
  2.59095982e-04  1.27170292e-11 -1.41016936e-11 -3.48825171e-05
  1.10114283e-20  1.13841228e-18  9.98394097e-07 -2.48407890e-24
 -3.28101139e-23 -5.64736221e-23 -2.22951024e-25 -1.11475512e-25
 -2.48419152e-24  9.93637555e-07 -1.22690087e-28  1.10313477e-28
  2.71418638e-25  1.27631384e-25 -3.28100203e-23 -1.22689135e-28
  9.93637555e-07 -5.18347933e-28 -5.68142030e-14  7.06762773e-13
  5.13575098e-15 -1.11921184e-21  1.26652440e-21  3.49080652e-02]
3.96523118019104,base_link,4.932167576293736,-5.005344032190992,-1.9303398988386436e-22,-1.2639072582114653e-23,-9.848982910968317e-27,0.9470468545977387,0.3210953989027708,[ 2.37903361e-03 -6.45060585e-04  1.68395886e-04 -6.98071824e-04
  6.77560867e-04  1.84792169e-04  1.24203671e-05  3.93932281e-04
  1.11869454e-03  5.56082493e-06 -5.39750503e-06 -1.47317158e-06
 -3.08637630e-20 -1.18690492e-19  9.99338517e-07 -6.95685162e-16
 -8.53983662e-15 -2.42570722e-25  1.37113458e-20 -3.11019910e-22
 -6.95685159e-16  9.98678779e-07 -8.97755131e-21  1.05407430e-24
 -6.35274710e-22  1.90251541e-23 -8.53983663e-15 -8.97094146e-21
  9.98678779e-07 -2.77534131e-24 -2.89763723e-18 -6.28825060e-19
 -4.05862905e-18  7.99119919e-19 -7.75655846e-19  9.99999347e-10],0.3929041305785651,-0.03514313616018334,2.0192810305560223e-22,4.082928011051986e-28,-1.6964016982178786e-27,-0.11289954201867507,[ 6.20367817e-02  3.89595283e-04  2.83048601e-06  2.73218987e-11
 -2.73576500e-11 -9.75992749e-05  8.99578445e-04  3.60641927e-02
  2.59628826e-04  1.27503830e-11 -1.27154496e-11 -4.15207292e-05
 -4.95937791e-19 -4.54822811e-17  9.99008430e-07 -1.69714343e-24
 -2.08381858e-23 -5.22936683e-25 -1.05013164e-24 -4.89522902e-25
 -1.69714622e-24  9.96057084e-07 -8.61604848e-29 -3.34340992e-29
  1.59296891e-24  7.39938907e-25 -2.08381779e-23 -8.61605960e-29
  9.96057084e-07  1.26286035e-28 -3.70418214e-14  7.25253625e-13
  5.27297229e-15 -2.41945441e-22  2.71168351e-22  3.49076496e-02]
4.0255372524261475,base_link,4.892108311057682,-4.9823930465522,-6.599023442605039e-23,4.770723530157253e-24,-2.4315427969824925e-23,0.9513534590309959,0.3081016001090538,[ 2.43861157e-03 -6.24821736e-04  3.01194457e-04 -6.71953146e-04
  7.25535637e-04  2.16453271e-04  1.01006119e-04  4.40334252e-04
  1.45178572e-03  3.86497867e-05 -4.17366387e-05 -1.24620164e-05
 -2.80579664e-21 -8.89384595e-21  9.99528189e-07 -5.55016989e-16
 -6.04480385e-15  8.19450967e-25  1.77082826e-20 -3.81826571e-21
 -5.55016985e-16  9.99057266e-07 -7.10929166e-21  4.60931613e-25
 -4.77514824e-20  8.24533635e-21 -6.04480385e-15 -7.11162925e-21
  9.99057266e-07  2.56020890e-25 -2.76984605e-18 -4.33281392e-19
 -3.90775217e-18  6.00379691e-19 -6.48332429e-19  9.99999537e-10],0.39492184526501395,-0.029856219797606956,-7.346734297517858e-21,-4.879193794830555e-27,4.2612424635936264e-27,-0.08708988091000751,[ 6.19952257e-02  4.02879668e-04  2.93082010e-06  2.58040997e-11
 -3.22412783e-11 -1.16901424e-04  9.69298650e-04  3.61342579e-02
  2.60222488e-04  7.49637958e-12 -1.01834487e-11 -4.64224512e-05
  1.19092832e-18  1.05763922e-16  9.99292616e-07 -1.36533800e-24
 -1.48722314e-23  4.44079110e-23  1.98394100e-24  5.75149020e-25
 -1.36530498e-24  9.97182393e-07 -6.91925450e-29  3.00192462e-29
  1.45402842e-24  4.58826746e-25 -1.48722655e-23 -6.91925488e-29
  9.97182393e-07 -2.61930132e-29 -2.00577775e-14  7.93240040e-13
  5.76900104e-15 -6.23995853e-22  8.25602577e-22  3.49107363e-02]
4.079549789428711,base_link,4.852161767783642,-4.973314404356489,6.683512995520576e-22,-1.1775254448996479e-23,7.881660373407988e-24,0.957791642020194,0.2874633376210966,[ 2.22081966e-03 -5.95284288e-04  2.54360148e-04 -6.86028592e-04
  7.92154577e-04  2.99461376e-04  5.99594860e-05  5.29381476e-04
  1.13223369e-03  1.11086510e-05 -1.28271198e-05 -4.84700835e-06
 -3.74547381e-20 -9.20089539e-20  9.99364640e-07 -4.58860357e-16
 -8.29762460e-15 -6.71234990e-24 -4.44162902e-20  1.45997378e-22
 -4.58860372e-16  9.98730892e-07 -5.99317487e-21 -2.16282754e-25
  1.10643679e-20 -3.43279954e-23 -8.29762458e-15 -5.99104714e-21
  9.98730892e-07 -6.80164613e-25 -2.48118824e-18 -1.16660814e-18
 -4.00137485e-18  6.51774455e-19 -7.52602025e-19  9.99999373e-10],0.3921321483449651,-0.01783923574107248,1.3378834163518991e-20,-2.5455887527535314e-27,2.688658707849402e-26,-0.055212324262118403,[ 6.18918805e-02  3.11078969e-04  2.26161862e-06  3.52783017e-11
 -4.07852736e-11 -1.58625386e-04  8.23898823e-04  3.61203700e-02
  2.60069275e-04  1.48573182e-11 -1.71810141e-11 -6.73357576e-05
  1.96088127e-19  2.24971951e-17  9.99047565e-07 -1.12697830e-24
 -2.03834179e-23 -1.12981245e-22  2.47507949e-24  1.04366929e-24
 -1.12704797e-24  9.96211858e-07 -5.81784066e-29  3.94878907e-29
  2.46861714e-24  1.03720694e-24 -2.03833454e-23 -5.81781691e-29
  9.96211858e-07 -3.94613593e-28 -4.87219111e-15  8.84753208e-13
  6.43276995e-15 -1.28190899e-21  1.48187672e-21  3.49108277e-02]
4.134343385696411,base_link,4.83139970518644,-4.9649646171506365,1.1636200429129917e-22,6.123100235122264e-23,-3.233300540225409e-24,0.9615048399223519,0.2747879961095323,[ 2.33231780e-03 -7.27340397e-04  2.21421597e-04 -8.34522145e-04
  9.39192332e-04  3.00298730e-04 -8.51776531e-06  5.52231089e-04
  1.15687524e-03  3.80658424e-07 -4.28479043e-07 -1.38022048e-07
 -2.26051918e-20 -5.99275810e-20  9.99411264e-07 -3.63411627e-16
 -7.27096537e-15 -1.64551939e-24  6.17804656e-20 -4.57017288e-22
 -3.63411633e-16  9.98823912e-07 -4.49011979e-21 -6.19273905e-25
  2.86932411e-20 -2.05140792e-22 -7.27096536e-15 -4.49562948e-21
  9.98823912e-07  2.68184070e-24 -2.32257970e-18 -8.97116484e-19
 -3.45704856e-18  8.04807749e-19 -9.05773088e-19  9.99999420e-10],0.372508337689938,-0.01413698794514028,4.946073968063414e-21,-1.645665989941584e-26,2.2812730018985414e-26,-0.03567984899464491,[ 6.21755987e-02  2.65370240e-04  1.92888343e-06  4.14990048e-11
 -4.78800925e-11 -1.60093935e-04  8.28586170e-04  3.60803008e-02
  2.59812130e-04  1.56178114e-11 -1.80915369e-11 -6.54858517e-05
 -3.64224167e-20 -4.98732999e-18  9.99117414e-07 -8.92879379e-25
 -1.78668627e-23 -4.26376519e-23 -3.17947548e-24 -1.19553448e-24
 -8.92904119e-25  9.96488211e-07 -4.35924198e-29  2.14457428e-28
  1.03397577e-25  3.55429169e-26 -1.78668375e-23 -4.35923762e-29
  9.96488211e-07 -2.97946448e-28  8.18755938e-15  9.53867194e-13
  6.93533261e-15 -1.03299617e-21  1.20371717e-21  3.49111750e-02]
4.1835408210754395,base_link,4.797614154089705,-4.951163653342569,-8.132069519759384e-23,-1.6672254540867248e-22,-1.156585964251044e-22,0.9627046651495884,0.27055448194258175,[ 2.14417934e-03 -7.74302991e-04  1.54611065e-04 -9.28084208e-04
  1.06764932e-03  3.73784755e-04 -8.96499660e-05  5.92341432e-04
  1.13398943e-03 -4.89519693e-05  5.63136747e-05  1.97442637e-05
 -2.52257000e-20 -7.63388444e-20  9.99198720e-07 -2.63663883e-16
 -9.75663373e-15 -2.60072468e-24  6.83979105e-20  1.20172799e-20
 -2.63663858e-16  9.98400003e-07 -3.16786599e-21  1.49369260e-23
 -4.52103836e-20 -7.87475943e-21 -9.75663375e-15 -3.17989238e-21
  9.98400003e-07 -1.23318917e-23 -1.87581593e-18 -1.25262385e-18
 -4.07434764e-18  1.10929134e-18 -1.27611449e-18  9.99999207e-10],0.3743016457337315,-0.009419797078868123,1.5696926487482217e-22,1.5291779314690038e-27,3.5903043798472133e-26,-0.02803344370923426,[ 6.21405495e-02  1.49688160e-04  1.08721609e-06  5.18686672e-11
 -6.00485992e-11 -1.96161839e-04  6.86681538e-04  3.60237211e-02
  2.59335084e-04  2.73438879e-11 -3.16017481e-11 -8.54318467e-05
 -1.05455602e-19 -2.50992803e-17  9.98799042e-07 -6.46172119e-25
 -2.39124069e-23  1.53263778e-23 -2.74003578e-24 -1.44433490e-24
 -6.46159364e-25  9.95230459e-07 -3.10571115e-29 -4.31703802e-29
  2.94683093e-24  1.55096365e-24 -2.39124511e-23 -3.10561322e-29
  9.95230459e-07 -9.95646713e-28  2.42926102e-14  1.01379669e-12
  7.36814265e-15 -1.87596260e-21  2.16837923e-21  3.49101906e-02]
4.2059431076049805,base_link,4.78286572125895,-4.93905856503853,-1.7747150758922918e-22,-6.603681127619062e-23,-5.741281081698593e-23,0.963920266782731,0.2661911329956517,[ 2.10405647e-03 -7.77498304e-04  2.46495774e-04 -9.09776211e-04
  9.99950383e-04  3.33617755e-04 -5.04775999e-05  5.75325044e-04
  1.27277126e-03 -1.00914073e-05  1.10919621e-05  3.69808836e-06
 -1.17949338e-19 -3.03873070e-19  9.99257134e-07 -2.26460233e-16
 -9.12522178e-15 -1.56801816e-24  5.88687898e-20 -1.57784702e-22
 -2.26460198e-16  9.98516470e-07 -2.75015557e-21  1.05751616e-23
 -6.03510975e-20  2.69660880e-22 -9.12522180e-15 -2.76279651e-21
  9.98516470e-07 -6.97967183e-24 -2.16097653e-18 -1.15067513e-18
 -4.67639860e-18  1.03386774e-18 -1.13625358e-18  9.99999265e-10],0.3779363080046418,-0.011101846706512656,2.036473823542069e-21,-4.91556915532247e-27,1.1529592373503617e-26,-0.021849752003720045,[ 6.20945091e-02  1.22206809e-04  8.87253671e-07  4.99591585e-11
 -5.10836069e-11 -1.81086136e-04  6.94465241e-04  3.60145420e-02
  2.59303254e-04  1.80732973e-11 -1.83065953e-11 -7.06448875e-05
  1.10114283e-20  3.25260652e-18  9.98886527e-07 -5.53886589e-25
 -2.23198905e-23  3.99900256e-23 -3.99373139e-24 -1.44433490e-24
 -5.53838456e-25  9.95575577e-07 -2.68087826e-29  2.09519343e-28
  3.54136700e-24  1.26985149e-24 -2.23199533e-23 -2.68085432e-29
  9.95575577e-07 -4.80143300e-28  2.95308584e-14  1.02972882e-12
  7.48411357e-15 -4.76541143e-22  4.01689734e-22  3.49090554e-02]
4.289973497390747,base_link,4.7542105175960225,-4.9194020246377415,-3.27863707479494e-23,-9.274431972748051e-23,-6.42736257089396e-23,0.9702541099790711,0.24208874833151703,[ 2.47000898e-03 -7.53064918e-04  1.05153576e-04 -8.26069837e-04
  9.45208986e-04  4.01159752e-04 -4.45780333e-05  6.52732766e-04
  1.39124714e-03 -1.17543649e-05  1.34495821e-05  5.71603251e-06
  5.86305618e-21  3.34578014e-20  9.99515631e-07 -1.60342693e-16
 -5.78573529e-15  6.39348501e-24  7.70270586e-21  6.18731098e-22
 -1.60342665e-16  9.99032199e-07 -1.89364709e-21  9.19107257e-24
 -4.00752463e-20 -3.29548756e-21 -5.78573532e-15 -1.89868733e-21
  9.99032199e-07 -8.06592947e-24 -1.75261047e-18 -9.37216986e-19
 -3.24164959e-18  6.40499686e-19 -7.32873232e-19  9.99999524e-10],0.351407126773352,-0.011947744463812873,-8.498196565292208e-22,5.626225702384974e-27,3.1787650346070604e-26,0.009194153328586033,[ 6.24642964e-02  2.09959340e-04  1.53132356e-06  2.43336002e-11
 -2.77212092e-11 -2.15601956e-04  7.52777443e-04  3.60995978e-02
  2.59981641e-04  9.84984174e-12 -1.12306470e-11 -8.09559761e-05
  1.48230766e-19  2.52077005e-17  9.99273797e-07 -3.96183311e-25
 -1.42952021e-23  5.85086821e-23 -1.92254869e-24 -7.78712999e-25
 -3.96158200e-25  9.97107775e-07 -1.87802743e-29 -1.77563332e-28
 -8.40105310e-26 -3.55429169e-26 -1.42952683e-23 -1.87796300e-29
  9.97107775e-07 -1.00454696e-27  1.66943418e-14  1.12765266e-12
  8.20351957e-15 -2.14031690e-21  2.44814921e-21  3.49244548e-02]
4.32735276222229,base_link,4.749394334707621,-4.912459256798904,-7.756195674913085e-24,2.1130958244841655e-23,-1.1288744770513926e-24,0.9712237945053944,0.23816872377905393,[ 2.58381253e-03 -7.45193483e-04  1.11016262e-04 -8.35832451e-04
  8.86251846e-04  3.83958729e-04 -7.56613299e-05  6.38219406e-04
  1.42667403e-03 -2.29557820e-05  2.43388853e-05  1.05541413e-05
  2.68932961e-20  1.02596866e-19  9.99554515e-07 -1.78683611e-16
 -5.10243506e-15 -6.81893634e-25  3.18166751e-20  2.80248792e-21
 -1.78683612e-16  9.99109824e-07 -2.04518822e-21  6.05593763e-25
 -2.06993676e-20 -2.07787770e-21 -5.10243506e-15 -2.03971827e-21
  9.99109824e-07 -3.15712647e-24 -1.58435143e-18 -8.86999019e-19
 -3.08019122e-18  5.99609277e-19 -6.35731760e-19  9.99999563e-10],0.33239822761261945,-0.014379260381165236,-6.097838196021974e-22,5.039037687026777e-27,4.44644333768508e-27,0.013262958645723067,[ 6.26175440e-02  2.33926228e-04  1.70643292e-06  3.23232786e-11
 -3.10037059e-11 -2.07631849e-04  7.46894046e-04  3.60966027e-02
  2.59966027e-04  1.19354877e-11 -1.14722443e-11 -7.59460765e-05
  3.64435926e-19  5.54569411e-17  9.99332070e-07 -4.40857838e-25
 -1.25890524e-23 -2.70754496e-23 -1.75775880e-24 -6.49466028e-25
 -4.40862879e-25  9.97338924e-07 -2.00162823e-29  2.21016810e-28
 -7.43170082e-25 -2.74649813e-25 -1.25890304e-23 -2.00164919e-29
  9.97338924e-07  1.93374418e-28  1.67292870e-14  1.18199417e-12
  8.60086918e-15 -8.95572336e-22  8.44105499e-22  3.49283517e-02]
4.373208045959473,base_link,4.72270491892543,-4.9080016565807965,-2.9851338567875585e-22,-4.6554390246547755e-23,-1.1352814868546036e-22,0.9727506727550572,0.23185367940704238,[ 1.96994706e-03 -6.98603656e-04  1.28537415e-04 -8.13081577e-04
  8.87862331e-04  3.59493616e-04 -7.16302966e-05  5.45192484e-04
  1.09315503e-03 -2.97425172e-05  3.24811299e-05  1.31745113e-05
 -2.86932411e-20 -1.25360876e-19  9.99166203e-07 -2.94249054e-16
 -8.98850519e-15  1.48253538e-23  1.95346973e-20  3.12343399e-21
 -2.94249000e-16  9.98335180e-07 -3.14679864e-21  1.02535334e-23
  1.73641754e-20  2.50139417e-21 -8.98850523e-15 -3.16846260e-21
  9.98335180e-07 -1.60065157e-24 -1.41752663e-18 -1.26127972e-18
 -3.78109910e-18  7.77068350e-19 -8.48624359e-19  9.99999174e-10],0.3292740554552604,-0.008149238309397813,-2.4060111513206646e-21,-2.3837607788409114e-26,3.1462004357284516e-26,0.01962834689375987,[ 6.20224446e-02  5.63435024e-05  4.10694295e-07  4.33679619e-11
 -5.23277302e-11 -2.00014492e-04  5.47715055e-04  3.59932631e-02
  2.59078951e-04  1.83306697e-11 -2.16110136e-11 -7.07274158e-05
 -2.05405490e-20 -1.28477957e-17  9.98750345e-07 -7.20369947e-25
 -2.20021973e-23  7.15163106e-23  1.04690046e-24  4.42670875e-25
 -7.20287500e-25  9.95038494e-07 -3.06236147e-29  5.90933433e-28
 -3.10192730e-25 -1.26015796e-25 -2.20022894e-23 -3.06234734e-29
  9.95038494e-07 -7.82219290e-28  3.89817505e-14  1.23794898e-12
  9.00204759e-15 -5.80048263e-22  7.79829883e-22  3.49255746e-02]
4.4162163734436035,base_link,4.7036345590847395,-4.898566143735075,-2.918532235944246e-23,7.214186630810149e-24,-1.3347846796153426e-23,0.97346682368617,0.2288281957765679,[ 2.23020739e-03 -8.23847386e-04  1.32461205e-04 -9.68597577e-04
  1.12342076e-03  4.79570224e-04 -1.18906346e-04  6.91696679e-04
  1.36710966e-03 -4.02471755e-05  4.66818728e-05  1.99382570e-05
  2.84550131e-20  1.13343596e-19  9.99612778e-07 -1.08347725e-16
 -4.14631827e-15 -1.45200966e-24  3.10755213e-20  2.94476298e-21
 -1.08347725e-16  9.99226155e-07 -1.15599904e-21  1.78348114e-24
 -8.39621409e-20 -7.53726974e-21 -4.14631827e-15 -1.16336275e-21
  9.99226155e-07  1.57975926e-24 -1.16402384e-18 -8.27814659e-19
 -2.62297935e-18  6.80240081e-19 -7.89003693e-19  9.99999622e-10],0.32345753536115474,-0.00776558392432192,7.708193912413723e-23,5.796872350731663e-27,9.876482129292741e-28,0.02185654731371805,[ 6.24359722e-02  6.82778409e-06  4.93922477e-08  4.23079506e-11
 -5.10804065e-11 -2.66397030e-04  5.56451276e-04  3.60405147e-02
  2.59583913e-04  1.56437646e-11 -1.87793050e-11 -9.20538996e-05
 -1.84428189e-20 -9.65482035e-17  9.99419391e-07 -2.66357573e-25
 -1.01912395e-23  1.57346086e-23 -4.52364397e-26 -1.61558713e-26
 -2.66361061e-25  9.97685603e-07 -1.12706476e-29 -2.66284901e-28
  5.68686671e-25  2.10026327e-25 -1.01912479e-23 -1.12705135e-29
  9.97685603e-07 -4.14345536e-29  4.97448618e-14  1.23908045e-12
  9.01695322e-15 -1.29284808e-22  2.11817124e-22  3.49327396e-02]
4.48569130897522,base_link,4.656071724860772,-4.877904575035674,-1.4118283375954197e-22,-1.9503905666286528e-23,-4.4922322098906846e-23,0.9808607113067566,0.1947107213658344,[ 1.94195426e-03 -6.56828967e-04  1.03994367e-04 -7.80769400e-04
  8.59383233e-04  3.79180693e-04 -1.06121945e-04  5.82124423e-04
  1.12681610e-03 -3.75619628e-05  4.13462249e-05  1.82620201e-05
 -4.06046419e-20 -1.13608294e-19  9.99254264e-07 -2.08961840e-16
 -7.89945497e-15  6.90716239e-24  1.94817578e-20  2.59403840e-21
 -2.08961823e-16  9.98510747e-07 -2.21056327e-21  1.29898938e-24
  1.21760986e-20  1.52201233e-21 -7.89945499e-15 -2.21290932e-21
  9.98510747e-07 -2.88789192e-25 -1.36035151e-18 -1.25043592e-18
 -3.54618273e-18  7.82511860e-19 -8.61369481e-19  9.99999262e-10],0.3351132580322857,-0.005758855199163939,-2.973486519419078e-21,-5.78230681316414e-26,3.576463191300001e-26,0.059236914106750596,[ 6.20623224e-02  2.60506640e-05  1.88647250e-07  4.82843980e-11
 -5.66995814e-11 -2.15319320e-04  4.63682911e-04  3.59970033e-02
  2.59153537e-04  1.87242661e-11 -2.16704866e-11 -7.21124528e-05
 -7.22624983e-21 -9.75781955e-18  9.98882228e-07 -5.10178235e-25
 -1.92825079e-23  4.13692117e-23  8.78879401e-25  3.42504472e-25
 -5.10133944e-25  9.95558594e-07 -2.12606832e-29  4.56624348e-28
  2.64956290e-25  9.69352280e-26 -1.92825502e-23 -2.12608391e-29
  9.95558594e-07 -2.83883983e-28  5.53840294e-14  1.28768914e-12
  9.36482741e-15  9.59989945e-24  7.16067718e-23  3.49289374e-02]
4.537397623062134,base_link,4.6283842350218025,-4.858820924921088,2.2293551046312295e-22,4.68653960117576e-23,-2.2842952945902886e-23,0.9831262176279957,0.18292851120716774,[ 2.07935729e-03 -7.43034497e-04  1.01288837e-04 -8.90447268e-04
  9.06933365e-04  3.98121989e-04 -1.43886101e-04  6.13768050e-04
  1.29103942e-03 -6.92736291e-05  7.05527378e-05  3.10091559e-05
 -7.61006164e-20 -3.33730981e-19  9.99286946e-07 -1.97853640e-16
 -7.82247317e-15  5.23724598e-24 -6.14098887e-20 -1.47966068e-20
 -1.97853624e-16  9.98575923e-07 -2.16611640e-21  1.94210286e-24
  7.87740641e-20  2.03817303e-20 -7.82247317e-15 -2.18642459e-21
  9.98575923e-07  7.11519068e-24 -1.12892275e-18 -1.34208935e-18
 -4.03678313e-18  8.75536360e-19 -8.91688887e-19  9.99999295e-10],0.33576774830356537,-0.01028647061866988,-2.0459705147814666e-21,-1.4126567312693628e-26,4.582298228458593e-27,0.06811688389463262,[ 6.23049300e-02 -4.59193834e-05 -3.34106599e-07  5.01815096e-11
 -4.79042005e-11 -2.29674346e-04  4.30756860e-04  3.59852165e-02
  2.59104695e-04  2.06939397e-11 -2.02404381e-11 -7.35507582e-05
  2.83226642e-20 -2.18466738e-17  9.98931181e-07 -4.85614676e-25
 -1.91969829e-23 -3.73499496e-23  2.37168191e-24  9.82276977e-25
 -4.85630902e-25  9.95751906e-07 -2.10458625e-29  5.76894739e-28
 -4.05835488e-24 -1.71898471e-24 -1.91969561e-23 -2.10461764e-29
  9.95751906e-07 -1.87877567e-28  5.81523711e-14  1.29794179e-12
  9.43908893e-15 -1.14592074e-21  1.14315322e-21  3.49274103e-02]
4.588324069976807,base_link,4.592906945791136,-4.842114030643644,-2.0024399243393792e-22,1.041755413540473e-22,5.600599179099003e-23,0.9852418484859389,0.171168046060035,[ 2.44833461e-03 -9.25891696e-04  1.05577361e-04 -1.05375700e-03
  1.06748129e-03  4.31023958e-04 -1.42528983e-04  6.34496808e-04
  1.37050410e-03 -4.27590732e-05  4.33157611e-05  1.74967260e-05
  3.24122451e-20  1.39707497e-19  9.99672946e-07 -1.24180055e-16
 -3.55849455e-15 -3.25200099e-24 -7.39036246e-20 -6.03510975e-21
 -1.24180071e-16  9.99346319e-07 -1.36055099e-21 -3.80434635e-24
  5.26748614e-20  4.34104385e-21 -3.55849453e-15 -1.36316936e-21
  9.99346319e-07  4.92551684e-24 -9.67171044e-19 -5.56273055e-19
 -2.30392790e-18  5.84350398e-19 -5.91956066e-19  9.99999682e-10],0.3438938613182981,-0.011662930801282667,8.68720276687668e-22,2.3469985924966856e-27,-9.992923838557506e-27,0.07629798289565362,[ 6.27885016e-02 -1.07424101e-04 -7.85374593e-07  4.26570286e-11
 -4.28630554e-11 -2.50612684e-04  5.03011455e-04  3.59947085e-02
  2.59286484e-04  1.18746069e-11 -1.19406018e-11 -6.83339970e-05
 -3.90905705e-19  1.29020059e-16  9.99509578e-07 -3.06126527e-25
 -8.76841422e-24  1.62407149e-23  5.21511527e-24  1.45241283e-24
 -3.06121181e-25  9.98044054e-07 -1.31854862e-29 -3.55722687e-29
 -7.58679718e-24 -2.11318797e-24 -8.76841366e-24 -1.31855342e-29
  9.98044054e-07  1.52470946e-28  5.60141126e-14  1.30507150e-12
  9.49830930e-15 -3.42147107e-22  3.41925034e-22  3.49403117e-02]
4.642640590667725,base_link,4.537764754418163,-4.822829956186211,-2.772057458588246e-24,1.5685945550198028e-22,1.6560495927822585e-22,0.990905823529312,0.13455723278849002,[ 2.66555379e-03 -9.57097637e-04  3.23780813e-05 -1.05814511e-03
  1.06249220e-03  4.17367126e-04 -1.47004167e-04  6.13021492e-04
  1.22681397e-03 -3.98095560e-05  3.99727233e-05  1.57107172e-05
  1.59480422e-20  9.19030748e-20  9.99693345e-07 -1.33157458e-16
 -3.41768226e-15 -2.42469620e-24  5.78099987e-20  5.93584808e-21
 -1.33157468e-16  9.99387067e-07 -1.49335073e-21 -3.65707593e-24
 -3.12872795e-20 -3.28225267e-21 -3.41768225e-15 -1.49071013e-21
  9.99387067e-07  2.62984160e-24 -8.93971692e-19 -5.79501450e-19
 -1.97823813e-18  5.11876525e-19 -5.13973168e-19  9.99999702e-10],0.3703277874763982,-0.01058445929347211,-1.6828987639882218e-21,3.6370589069937747e-26,-8.003821703709166e-26,0.11176795345505575,[ 6.30404664e-02 -1.02950376e-04 -7.53689175e-07  3.62791590e-11
 -3.59027615e-11 -2.42121593e-04  5.16387518e-04  3.60087454e-02
  2.59336941e-04  9.77294217e-12 -9.69311202e-12 -6.14198728e-05
  1.01749833e-19 -3.48570998e-17  9.99540158e-07 -3.29950859e-25
 -8.46775513e-24 -7.03371339e-23 -2.33290782e-24 -6.30078982e-25
 -3.29991402e-25  9.98165688e-07 -1.46203172e-29 -2.07942413e-28
 -2.60432646e-24 -7.01164816e-25 -8.46770345e-24 -1.46204213e-29
  9.98165688e-07  4.57790845e-28  3.93944487e-14  1.40637415e-12
  1.02441758e-14 -1.86372907e-21  1.87726803e-21  3.49553448e-02]
4.688291311264038,base_link,4.485766555439787,-4.813716916428997,3.1431355803823476e-22,1.4519257348553682e-22,8.551509976666713e-23,0.9948448527829288,0.1014086726632034,[ 2.11886872e-03 -6.78962580e-04  4.02305231e-05 -7.77706813e-04
  7.95004352e-04  3.10194663e-04 -1.18808776e-04  5.04347672e-04
  1.02876479e-03 -5.05973104e-05  5.17143554e-05  2.02089143e-05
 -2.64697796e-20 -9.41265363e-20  9.99284075e-07 -2.34394064e-16
 -9.16699284e-15 -7.12905739e-24 -7.62859048e-20 -1.72318265e-20
 -2.34394089e-16  9.98570195e-07 -3.01146945e-21 -3.98142495e-24
  4.80691198e-20  1.36848761e-20 -9.16699281e-15 -3.01479658e-21
  9.98570195e-07  5.39828437e-24 -6.90025175e-19 -1.54157232e-18
 -3.86144622e-18  6.05310139e-19 -6.18660071e-19  9.99999292e-10],0.39289076897744524,-0.0062009714321042955,-1.545683861970594e-22,-6.48762526720689e-28,-3.265292802390475e-26,0.14135946117432735,[ 6.23583799e-02 -1.22265948e-04 -8.91540776e-07  4.77570810e-11
 -4.06061345e-11 -1.88144215e-04  3.17659287e-04  3.59755009e-02
  2.58951901e-04  1.25906299e-11 -1.12335402e-11 -4.18573716e-05
  4.53162627e-20 -1.31730564e-17  9.98926879e-07 -5.74309076e-25
 -2.24484452e-23  2.86492982e-24  4.31038647e-24  1.13737334e-24
 -5.74306574e-25  9.95734902e-07 -2.90018192e-29  8.26125421e-30
 -1.02105107e-24 -2.82727748e-25 -2.24484378e-23 -2.90021466e-29
  9.95734902e-07  3.74166714e-28  5.28418218e-14  1.48315821e-12
  1.07956975e-14 -2.58938059e-22  4.86489201e-23  3.49509655e-02]
4.72361159324646,base_link,4.455018101507519,-4.81068931297722,6.973106966101431e-23,1.2327316138851402e-22,1.5687166757413323e-22,0.9953288132664125,0.0965430136347257,[ 2.19937661e-03 -6.87991620e-04  2.50062725e-05 -7.77840789e-04
  8.61659963e-04  3.33823252e-04 -1.20512384e-04  5.19148327e-04
  9.80096620e-04 -3.62855841e-05  4.01975313e-05  1.55831828e-05
  4.34633781e-20  2.67874170e-19  9.99528574e-07 -1.27311658e-16
 -6.04639415e-15 -1.57743414e-24  4.67985703e-20  5.61159328e-21
 -1.27311674e-16  9.99058035e-07 -1.64928596e-21 -6.36548495e-24
 -1.75759337e-20 -1.93891136e-21 -6.04639413e-15 -1.64239054e-21
  9.99058035e-07  4.08965748e-24 -5.98966819e-19 -1.23345959e-18
 -2.77105971e-18  4.37957750e-19 -4.85191582e-19  9.99999537e-10],0.39811935784677177,-0.003315165321499685,-3.8364751240302034e-22,1.7738468048984975e-26,9.304379228639258e-27,0.139199238211878,[ 6.24781865e-02 -1.84375094e-04 -1.34457328e-06  3.90817368e-11
 -4.62539866e-11 -2.06771704e-04  2.66168034e-04  3.59824896e-02
  2.59102561e-04  6.87028141e-12 -8.18738709e-12 -3.73593886e-05
 -4.41304166e-19  8.50556604e-17  9.99293193e-07 -3.13342360e-25
 -1.48662123e-23  6.13361600e-24 -3.52197995e-24 -6.19577666e-25
 -3.13346683e-25  9.97184680e-07 -1.58888243e-29 -1.95960959e-28
  2.39753131e-24  4.24899416e-25 -1.48662214e-23 -1.58886434e-29
  9.97184680e-07 -1.03827441e-28  6.07983038e-14  1.49295767e-12
  1.08709465e-14 -4.69228273e-23  1.11610525e-22  3.49527649e-02]
4.775981903076172,base_link,4.39290331007466,-4.815631883801423,-4.612778741686789e-24,-4.0169424773735456e-23,-1.785540052558757e-24,0.998394093321823,0.05665010520815414,[ 1.61648395e-03 -3.86592330e-04  1.00988513e-04 -4.36826683e-04
  6.38323440e-04  2.40317030e-04  4.30353953e-06  4.30054297e-04
  7.31175417e-04  5.53965631e-06 -8.09577985e-06 -3.05395474e-06
 -4.55280209e-21 -1.72582963e-20  9.98966416e-07  1.47479594e-16
 -1.41237927e-14 -3.24806510e-26  2.11758237e-21 -1.19114008e-22
  1.47479595e-16  9.97937089e-07  2.01561249e-21  1.21697769e-25
 -3.22401916e-20  1.58156933e-21 -1.41237927e-14  2.01749590e-21
  9.97937089e-07 -1.21640158e-24 -6.07589027e-19 -2.23671411e-18
 -4.07677553e-18  1.28033407e-19 -1.87111724e-19  9.99998974e-10],0.42153003039538767,0.007979440957938467,-1.3979711593573669e-21,-1.3805138299367692e-26,1.710879895917927e-26,0.1724197982636549,[ 6.16947918e-02 -1.44412741e-04 -1.05027153e-06  3.24710126e-11
 -5.22333595e-11 -1.57499484e-04  1.83088996e-04  3.59642059e-02
  2.58791861e-04  8.92667628e-13 -1.95982945e-12 -1.48059311e-05
  7.09390093e-20 -1.75098651e-17  9.98451222e-07  3.56505674e-25
 -3.42064066e-23  6.45444415e-25  1.22784622e-25  3.63507105e-27
  3.56506951e-25  9.93861672e-07  1.90647015e-29  1.24813453e-28
  1.04690046e-24  3.91779880e-26 -3.42064088e-23  1.90646723e-29
  9.93861672e-07 -1.51284599e-28  6.68796683e-14  1.51896030e-12
  1.10486583e-14  1.91148579e-22 -2.35106834e-22  3.49451862e-02]
4.839579105377197,base_link,4.3319156880434,-4.834477890986392,9.91765963073454e-22,1.8739627166473762e-22,2.859326814627516e-23,0.9994295915006713,0.03377116570095214,[ 1.71467728e-03 -3.75831393e-04  7.58541086e-05 -4.38916440e-04
  7.06752628e-04  2.74186935e-04 -1.97604713e-05  4.58864783e-04
  7.77952098e-04 -7.89303326e-06  1.27103151e-05  4.94064469e-06
 -9.05266462e-21 -5.75453009e-20  9.99106747e-07  5.32652980e-16
 -1.25528630e-14 -4.62978067e-24 -6.14098887e-21 -4.43368808e-22
  5.32652971e-16  9.98216676e-07  7.48123260e-21 -1.61074353e-24
  8.57620859e-21  5.82335151e-22 -1.25528629e-14  7.47170703e-21
  9.98216676e-07  8.55538729e-24  4.89013669e-21 -2.38357425e-18
 -4.02929001e-18  6.53689033e-20 -1.05263709e-19  9.99999115e-10],0.4315870543352568,0.024927279181012275,-7.278562701930688e-21,1.9655979839683917e-27,5.537569179812709e-26,0.18079468692535045,[ 6.18092803e-02 -2.11842475e-04 -1.53862446e-06  3.37231678e-11
 -5.69921558e-11 -1.81714215e-04  9.23897605e-05  3.59704345e-02
  2.58938690e-04  2.51789985e-12 -4.25397381e-12 -1.24368195e-05
 -1.16890547e-19  1.97324795e-17  9.98661315e-07  1.29665366e-24
 -3.05721942e-23 -3.26816711e-24  1.27308266e-24  9.53196409e-26
  1.29665085e-24  9.94687776e-07  7.15936052e-29 -3.15169732e-29
 -1.41525433e-24 -1.07436544e-25 -3.05721972e-23  7.15941398e-29
  9.94687776e-07 -7.35711163e-28  6.32588057e-14  1.51419415e-12
  1.10144004e-14  4.12951988e-23 -6.20860669e-23  3.49393299e-02]
4.889601230621338,base_link,4.2896436121686685,-4.8397632102325705,4.0268296987314295e-23,7.04009978512976e-24,-9.509358196151585e-24,0.9993576268509765,0.03583760113043962,[ 2.00755566e-03 -4.10380992e-04  8.65430757e-05 -4.66826757e-04
  8.55667293e-04  3.18065739e-04 -1.64279963e-05  5.42648795e-04
  9.72826935e-04 -2.00621190e-06  3.67692807e-06  1.36610833e-06
 -4.41383575e-21 -4.53692022e-20  9.99488659e-07  4.36040628e-16
 -7.24176620e-15 -7.91572172e-25  4.37810155e-20 -7.38258697e-23
  4.36040627e-16  9.98978362e-07  6.17664161e-21  4.80719350e-25
 -7.14684049e-20 -1.43851878e-23 -7.24176620e-15  6.17479200e-21
  9.98978362e-07  3.80291073e-25 -4.29900240e-20 -1.80800793e-18
 -3.21577328e-18  2.94078909e-20 -5.39217766e-20  9.99999498e-10],0.43322433622243134,0.0299492177882472,-8.514465389040686e-22,3.218079055173049e-28,1.4476675167616583e-26,0.16470878625577887,[ 6.21681631e-02 -2.52762227e-04 -1.83814533e-06  2.32705417e-11
 -5.14705954e-11 -2.09091207e-04  7.90738268e-05  3.60053182e-02
  2.59367521e-04  8.40378413e-13 -2.10641877e-12 -9.96372027e-06
 -3.62106585e-20  5.09575021e-18  9.99233380e-07  1.06750574e-24
 -1.77386443e-23 -1.13812434e-24 -2.83050866e-24 -1.01983938e-25
  1.06750554e-24  9.96947509e-07  5.96045265e-29 -4.11785419e-30
  6.78546596e-24  2.77073193e-25 -1.77386480e-23  5.96046109e-29
  9.96947509e-07 -2.16935572e-28  5.40568228e-14  1.50565151e-12
  1.09576982e-14  8.85210754e-23 -1.59450952e-22  3.49380193e-02]
4.942988872528076,base_link,4.238593670455487,-4.832901047085217,-4.0656537588066406e-22,-5.666616126816716e-23,1.7146402097052857e-23,0.9983824379681266,0.056855145385617055,[ 2.07468252e-03 -4.22838906e-04  6.36219775e-05 -4.89517331e-04
  8.33101441e-04  3.34366146e-04 -3.39690314e-05  5.72826113e-04
  9.77727645e-04 -1.18951861e-05  2.02422926e-05  8.13597238e-06
  7.53065230e-21  1.14402387e-19  9.99395530e-07  5.91789980e-16
 -8.50797330e-15 -2.68267674e-24 -3.91752738e-21 -3.54033302e-22
  5.91789975e-16  9.98792518e-07  8.32733323e-21 -8.74634301e-25
 -7.46447785e-21 -7.74241053e-22 -8.50797329e-15  8.33471530e-21
  9.98792518e-07 -3.56006238e-24  1.09597140e-19 -2.02880701e-18
 -3.47788875e-18  4.20259014e-20 -7.15186620e-20  9.99999404e-10],0.4425736248312096,0.02669244203674646,-1.0430043738790502e-21,-2.9996062478679493e-26,1.1281579248350248e-27,0.12725489035299473,[ 6.22345472e-02 -2.66078394e-04 -1.93598482e-06  2.80723675e-11
 -4.31866039e-11 -2.18034112e-04  5.74239530e-05  3.60150933e-02
  2.59426333e-04  2.73603197e-12 -4.50305193e-12 -1.25111633e-05
 -6.68308995e-19  8.95550994e-17  9.99093842e-07  1.45318696e-24
 -2.08970196e-23  4.61059222e-25 -1.41525433e-24 -1.36921010e-25
  1.45319191e-24  9.96394920e-07  8.08299965e-29  5.41654759e-28
  2.10672562e-24  2.19719850e-25 -2.08970201e-23  8.08296046e-29
  9.96394920e-07 -1.74852458e-29  3.61924439e-14  1.54471314e-12
  1.12395383e-14 -1.83278131e-23  4.14864749e-23  3.49363066e-02]
4.992728233337402,base_link,4.179195977189954,-4.822697592417116,5.547533756795883e-23,-1.052882398655026e-23,-2.5533742670275595e-23,0.9976412033875093,0.06864422265218276,[ 2.19030624e-03 -4.27079451e-04  6.78797942e-05 -5.07993447e-04
  8.37683904e-04  3.89720922e-04 -4.67263981e-05  6.70803649e-04
  1.05309196e-03 -1.24220737e-05  2.04818031e-05  9.53999245e-06
 -3.37489690e-21 -2.69991752e-20  9.99343256e-07  5.08981125e-16
 -9.80672927e-15  9.45276385e-25 -2.72109334e-20 -2.02824686e-21
  5.08981128e-16  9.98688235e-07  7.60407749e-21  1.75924761e-24
 -6.56450534e-21 -5.88952596e-22 -9.80672927e-15  7.60106163e-21
  9.98688235e-07 -5.83956136e-25 -2.55001197e-19 -2.55227180e-18
 -4.09555387e-18  1.47772845e-19 -2.43642180e-19  9.99999352e-10],0.4633996128912056,0.02294966469415402,-5.635640392560273e-22,4.2220242924927506e-27,1.7644832574648314e-26,0.10425871441020125,[ 6.23761856e-02 -2.37346510e-04 -1.72677987e-06  3.03483096e-11
 -4.25032211e-11 -2.51969818e-04  7.66320154e-05  3.60551924e-02
  2.59724437e-04  3.82096997e-12 -5.95948214e-12 -1.90933627e-05
 -2.11758237e-19  3.18213338e-17  9.99015530e-07  1.24824216e-24
 -2.40559178e-23 -1.16601530e-25 -7.10858339e-25 -8.96650859e-26
  1.24824114e-24  9.96085186e-07  7.35956030e-29 -8.47958547e-29
  2.40399366e-24  3.36849917e-25 -2.40559212e-23  7.35957961e-29
  9.96085186e-07 -3.40624891e-28  1.93343944e-14  1.57548800e-12
  1.14614663e-14 -1.11816557e-22  1.95988577e-22  3.49337632e-02]
5.0348029136657715,base_link,4.132161676364658,-4.809048460799628,5.39597541371141e-23,5.657082196687911e-23,2.8725407017425487e-23,0.9944784280529918,0.10494120323900592,[ 2.04879169e-03 -2.81374555e-04  9.10718702e-06 -3.02681116e-04
  7.52731587e-04  3.84097129e-04 -2.21598279e-05  6.45968808e-04
  1.10212926e-03 -3.50572677e-06  8.72261003e-06  4.46131208e-06
  1.12661999e-21 -6.29980755e-20  9.99196087e-07  5.02271286e-16
 -1.23301550e-14  3.62377560e-25 -2.99108509e-21 -5.36013037e-22
  5.02271285e-16  9.98394752e-07  7.69718000e-21 -3.33044070e-24
  3.38813179e-21  2.44845461e-22 -1.23301550e-14  7.69945126e-21
  9.98394752e-07  5.39701266e-24 -6.70629625e-19 -2.80509325e-18
 -4.95291625e-18  1.28380329e-19 -3.19384593e-19  9.99999204e-10],0.47660621830350114,0.017241959274499556,-1.4672123424472693e-23,-7.73601108476621e-27,-6.569346950530619e-28,0.05653548068394575,[ 6.21589145e-02 -9.66604566e-05 -7.04242994e-07  7.34240929e-12
 -3.84384670e-11 -2.47701599e-04  1.21708901e-04  3.60467583e-02
  2.59635228e-04  2.41990318e-12 -7.14203817e-12 -2.24438093e-05
  7.13625258e-20 -2.63461128e-17  9.98795098e-07  1.22758858e-24
 -3.01409125e-23  6.47765244e-25 -1.97101630e-25 -6.50273821e-26
  1.22758946e-24  9.95214884e-07  7.41722893e-29  2.17493327e-28
 -2.06795153e-25 -3.87740912e-26 -3.01409128e-23  7.41721186e-29
  9.95214884e-07  1.94567465e-29  4.93036025e-15  1.59790844e-12
  1.16206451e-14 -1.07320431e-22  2.59895409e-22  3.49298835e-02]
5.091964483261108,base_link,4.041836701840374,-4.75910435480238,-5.540027965310255e-22,1.530184906054805e-23,-2.1831966796999024e-24,0.9830785650686595,0.18318442865741968,[ 1.95555577e-03 -3.01787931e-04  1.05652080e-04 -3.77961667e-04
  7.99263347e-04  3.97167085e-04 -2.41980924e-05  6.50864677e-04
  1.19099669e-03 -5.85436225e-06  1.23778963e-05  6.16390941e-06
 -2.67080076e-20 -1.46960216e-19  9.99097125e-07  9.30584733e-17
 -1.51201399e-14 -1.16354323e-24 -1.10643679e-20 -5.95570041e-22
  9.30584721e-17  9.98197501e-07  1.55815307e-21 -1.41119136e-25
 -1.69406589e-21 -1.05879118e-22 -1.51201399e-14  1.55579741e-21
  9.98197501e-07  2.77759372e-24 -1.61458464e-18 -3.15222978e-18
 -6.34952137e-18  3.62730580e-19 -7.66952494e-19  9.99999105e-10],0.5305847419481554,-0.0047400402071294465,3.637030062475583e-21,2.5681918116752404e-27,9.1650113388224e-27,-0.03684208766345799,[ 6.20296566e-02 -3.29668401e-05 -2.41253919e-07  3.24758931e-11
 -6.10454324e-11 -2.51421797e-04  2.02958036e-04  3.60482782e-02
  2.59653956e-04  7.37617099e-12 -1.48375431e-11 -3.88415394e-05
 -3.86458782e-21  4.11996826e-18  9.98646907e-07  2.26825203e-25
 -3.68494156e-23  9.39088736e-24 -4.97600837e-25 -1.11475512e-25
  2.26827631e-25  9.94631072e-07  1.49346338e-29 -1.23299385e-28
  3.50259291e-24  8.53030007e-25 -3.68494268e-23  1.49349172e-29
  9.94631072e-07 -4.84171829e-28 -7.82200114e-15  1.61034987e-12
  1.17074443e-14 -2.97825880e-22  6.12539423e-22  3.49236402e-02]
5.142553329467773,base_link,3.970677244501206,-4.718735135392302,-5.513262259511451e-22,6.462696391225715e-24,1.1382093573359875e-23,0.981810526586556,0.18986334528768237,[ 2.28976608e-03 -3.87807258e-04  1.15287935e-05 -4.80076300e-04
  9.85161744e-04  5.09137937e-04 -1.10367522e-04  8.32177317e-04
  1.36238413e-03 -2.46781359e-05  5.06401585e-05  2.61886461e-05
  4.79103011e-21  3.55753838e-20  9.99439657e-07 -1.58334328e-16
 -1.01865623e-14 -1.52778777e-24  2.01170325e-21  2.31610572e-22
 -1.58334333e-16  9.98880567e-07 -2.88292536e-21 -2.34873419e-24
 -3.19754938e-20 -3.86458782e-21 -1.01865623e-14 -2.87910585e-21
  9.98880567e-07  7.64880496e-25 -1.91935670e-18 -2.81490899e-18
 -5.20675748e-18  5.82522401e-19 -1.19532382e-18  9.99999448e-10],0.5645010808597243,-0.015645824671461705,3.846029969776159e-21,-4.301058265122214e-27,7.7215833916960845e-28,-0.041941929034885465,[ 6.24540968e-02  3.69800546e-05  2.67169387e-07  2.62409244e-11
 -5.06357065e-11 -3.06751463e-04  2.69858981e-04  3.61340642e-02
  2.60440787e-04  8.33931178e-12 -1.65951303e-11 -7.20503547e-05
  5.16160702e-20  5.03611909e-17  9.99159955e-07 -3.88254070e-25
 -2.49854334e-23  2.69911662e-23 -1.90316164e-24 -6.04229588e-25
 -3.88243133e-25  9.96656621e-07 -2.78586015e-29  2.26089216e-28
 -2.58493941e-26 -6.46234854e-27 -2.49854478e-23 -2.78587139e-29
  9.96656621e-07 -8.65030569e-30 -1.33058042e-14  1.62242268e-12
  1.18004883e-14 -5.71647059e-22  1.16003980e-21  3.49224845e-02]
5.189357757568359,base_link,3.9346104306492276,-4.68764366026313,-2.559925995358217e-22,3.417573840862263e-23,-6.1975238030813054e-24,0.9702632124060563,0.24205226429736235,[ 2.73102722e-03 -4.68415568e-04 -8.63295240e-05 -5.62388586e-04
  1.22531550e-03  6.90390591e-04 -1.89185012e-04  1.02255354e-03
  1.63795142e-03 -3.42492382e-05  7.46235838e-05  4.20657915e-05
  1.91442681e-20  2.14828731e-19  9.99644162e-07 -1.72292741e-16
 -6.52799273e-15 -3.10128639e-24  3.78253151e-20  5.51233160e-21
 -1.72292743e-16  9.99288831e-07 -3.16039183e-21  2.20896717e-25
  6.46392018e-20  8.78796683e-21 -6.52799273e-15 -3.15801044e-21
  9.99288831e-07 -3.40659525e-24 -1.76423942e-18 -2.24438125e-18
 -4.28013167e-18  5.54221894e-19 -1.20757450e-18  9.99999653e-10],0.559513872357522,-0.026611869735281214,-1.1602142149649709e-20,1.1060032611198102e-26,7.04963766362949e-27,-0.09949729712778665,[ 6.29899917e-02  9.66221560e-05  7.04306796e-07  2.07560957e-11
 -4.79697222e-11 -4.01238941e-04  3.23914166e-04  3.62292081e-02
  2.61196093e-04  7.53401047e-12 -1.68762030e-11 -1.06627820e-04
  3.97046694e-20  1.47451495e-17  9.99466433e-07 -4.25114247e-25
 -1.61115955e-23 -6.98786116e-23 -3.83863503e-24 -1.39263611e-24
 -4.25119109e-25  9.97872527e-07 -3.09156963e-29  3.18232542e-28
  4.70458973e-24  1.65436123e-24 -1.61115695e-23 -3.09158213e-29
  9.97872527e-07  1.98478721e-28 -1.92619205e-14  1.67663366e-12
  1.22021642e-14 -9.87950663e-22  2.14873401e-21  3.49324406e-02]
5.230098485946655,base_link,3.88290017376382,-4.651486313604418,7.355430906249458e-22,6.102843517932156e-23,-5.992359093027034e-23,0.9656458786819915,0.25986157273534055,[ 2.76386667e-03 -5.13016956e-04 -1.20093003e-04 -6.26912413e-04
  1.35887678e-03  8.19989767e-04 -2.31864909e-04  1.12559286e-03
  1.64885169e-03 -3.81032876e-05  8.25917997e-05  4.98659921e-05
  1.96008718e-20  1.47277854e-19  9.99591245e-07 -3.31534615e-16
 -7.45292239e-15  5.26071333e-24  3.46224717e-20  4.99617090e-21
 -3.31534608e-16  9.99183158e-07 -6.03602938e-21  5.38695276e-24
  3.14460982e-20  4.49986253e-21 -7.45292239e-15 -6.05203515e-21
  9.99183158e-07  9.27492743e-24 -2.38453133e-18 -2.52321789e-18
 -4.22764410e-18  7.60222413e-19 -1.64784299e-18  9.99999599e-10],0.5822277269621602,-0.033595900124984035,-2.3838124123093223e-21,-1.6824499164891548e-26,4.650841180071164e-26,-0.11415923117237296,[ 6.30298145e-02  1.20563316e-04  8.79760351e-07  2.34696038e-11
 -5.11948780e-11 -4.56132686e-04  3.45389300e-04  3.62866968e-02
  2.61579931e-04  1.09910886e-11 -2.38882491e-11 -1.43541862e-04
 -3.03978949e-19 -9.03682511e-17  9.99387118e-07 -8.19681114e-25
 -1.84302248e-23 -3.16669183e-23 -8.20718264e-25 -3.82894151e-25
 -8.19676040e-25  9.97557440e-07 -5.93421330e-29  6.22952293e-28
  1.57035069e-24  7.30245385e-25 -1.84302406e-23 -5.93420825e-29
  9.97557440e-07 -1.67210024e-27 -2.13578680e-14  1.78509030e-12
  1.29953649e-14 -2.53512418e-21  5.49332524e-21  3.49378717e-02]
5.268923997879028,base_link,3.823483546498972,-4.607930362426028,1.2042926883821312e-21,3.1435030437717826e-23,-6.30027119126933e-23,0.9607544889508193,0.2774000936568878,[ 2.68062401e-03 -4.04659833e-04 -1.10080495e-04 -4.48103742e-04
  1.40119379e-03  8.71193462e-04 -1.70037176e-04  1.17716325e-03
  1.77846242e-03 -1.15238303e-05  3.60385050e-05  2.24126382e-05
  1.89655971e-20  1.72371205e-19  9.99571097e-07 -4.42961301e-16
 -8.15480134e-15  1.52946402e-23  2.92491065e-21  2.24165946e-22
 -4.42961290e-16  9.99142929e-07 -8.41319430e-21  5.54023880e-24
 -5.07160977e-20 -2.13081726e-21 -8.15480136e-15 -8.42470489e-21
  9.99142929e-07  5.07620561e-24 -2.73934032e-18 -2.59877031e-18
 -4.69161950e-18  5.75198903e-19 -1.79937424e-18  9.99999579e-10],0.6173041537390532,-0.0407772089344097,2.022939950198894e-20,2.285937415384667e-27,2.47706801123849e-26,-0.12803734435959785,[ 6.28192097e-02  1.96938752e-04  1.43802646e-06  7.93099727e-12
 -5.37209936e-11 -4.78673401e-04  3.83827486e-04  3.63577902e-02
  2.62080666e-04  4.78048983e-12 -2.21317011e-11 -1.55999969e-04
  2.65121312e-19  4.83012068e-17  9.99356921e-07 -1.09409344e-24
 -2.01453585e-23  2.35192232e-22  1.17937861e-25  7.18936275e-26
 -1.09406303e-24  9.97437554e-07 -8.25337375e-29 -7.41185909e-29
  1.18907213e-24  4.87907314e-25 -2.01454550e-23 -8.25336144e-29
  9.97437554e-07 -7.58689564e-28 -1.84858639e-14  1.88615443e-12
  1.37345107e-14 -1.01596420e-21  4.13392193e-21  3.49419688e-02]
5.335521697998047,base_link,3.7058932547808294,-4.519642023827287,2.7090330690055763e-22,-4.050235333123742e-22,-8.520970071591569e-23,0.9612539281980101,0.2756644437062836,[ 2.05874541e-03 -2.45251191e-04 -2.25366168e-04 -2.63228242e-04
  9.98226096e-04  6.53708874e-04 -2.19406884e-04  9.09978524e-04
  1.46026659e-03 -1.79896553e-05  6.82328097e-05  4.47080068e-05
 -7.52734357e-22  1.35842909e-19  9.98946145e-07 -1.51077331e-15
 -2.31762904e-14  6.27381408e-24  1.52862977e-21  5.32704314e-22
 -1.51077333e-15  9.97896719e-07 -3.32445959e-20 -1.29476181e-23
 -3.48342300e-20 -4.40721830e-21 -2.31762904e-14 -3.32334525e-20
  9.97896719e-07  2.13756761e-23 -3.81708523e-18 -4.28583487e-18
 -7.27926605e-18  7.32130223e-19 -2.77865190e-18  9.99998952e-10],0.693253715649672,-0.051070620941682424,3.3770269551117117e-20,1.9702132158972557e-26,6.213080289319689e-27,-0.11366389597743201,[ 6.20425384e-02  2.69709039e-04  1.96121216e-06  4.47161027e-12
 -5.88514180e-11 -3.43650705e-04  3.01578315e-04  3.62511575e-02
  2.61081296e-04  3.21165731e-12 -2.81502373e-11 -1.43572232e-04
  2.01593841e-19  2.68340038e-17  9.98420880e-07 -3.68610752e-24
 -5.65512341e-23  3.73766266e-22 -2.18912057e-25 -1.56711952e-25
 -3.68601366e-24  9.93742665e-07 -3.19097483e-28  3.85942665e-28
  2.98560502e-24  1.43141020e-24 -5.65515330e-23 -3.19097809e-28
  9.93742665e-07  9.09530689e-29  2.57930003e-14  2.04376013e-12
  1.48672168e-14 -2.00547836e-22  2.97205361e-21  3.49368330e-02]
5.375951528549194,base_link,3.627070060984201,-4.464986316072882,-6.852740522434797e-22,-2.2496360772593797e-23,2.529937373266665e-24,0.9599934678301406,0.2800223950391484,[ 1.94037468e-03 -1.98636753e-04 -2.63082658e-04 -2.53154884e-04
  1.06269740e-03  7.33867318e-04 -2.57616204e-04  9.79757628e-04
  1.61236669e-03 -2.92478522e-05  1.22764344e-04  8.48538702e-05
  1.07450762e-21 -2.18428621e-19  9.99279728e-07 -1.16343690e-15
 -1.70676041e-14  1.33730743e-25 -1.78141617e-20 -4.32780896e-21
 -1.16343690e-15  9.98561526e-07 -2.75706109e-20 -1.15601698e-24
  6.98802181e-20  1.96405765e-20 -1.70676041e-14 -2.75664013e-20
  9.98561526e-07 -7.36625406e-24 -3.69645176e-18 -4.27490345e-18
 -7.15208435e-18  7.80528113e-19 -3.27597115e-18  9.99999286e-10],0.7413237457300902,-0.05421318022674919,6.886461838476135e-21,1.158848570438224e-27,1.114386902131818e-26,-0.11204627830426181,[ 6.19516682e-02  2.60168104e-04  1.88989734e-06  1.54509968e-11
 -5.57131761e-11 -3.76021485e-04  2.28884863e-04  3.62649262e-02
  2.61342401e-04  9.28440100e-12 -3.58062108e-11 -1.78433743e-04
 -2.15146369e-19 -2.97613496e-17  9.98920368e-07 -2.84014290e-24
 -4.16728752e-23  1.59003681e-22  3.90972086e-25  2.35875722e-25
 -2.84012277e-24  9.95709169e-07 -2.64821068e-28  1.07393693e-28
 -4.97600837e-25 -3.23117427e-25 -4.16729677e-23 -2.64821005e-28
  9.95709169e-07 -1.03741134e-27  5.22713993e-14  2.06677991e-12
  1.50402692e-14 -5.57285818e-22  1.98939810e-21  3.49327876e-02]
5.434916019439697,base_link,3.515890718787324,-4.396610522267227,1.31711818663092e-21,1.427170161606091e-22,-7.328443461616844e-23,0.9646344176335376,0.26359142686514986,[ 1.80609097e-03 -1.98891845e-04 -3.41783842e-04 -2.50227336e-04
  1.03382522e-03  7.38141469e-04 -3.25183286e-04  9.59457495e-04
  1.66531399e-03 -3.48084120e-05  1.43818011e-04  1.02798420e-04
  4.21531240e-21 -1.09479008e-19  9.98905766e-07 -1.81985671e-15
 -2.82623257e-14  2.86475162e-23 -7.54388719e-21 -2.85873620e-21
 -1.81985670e-15  9.97816305e-07 -4.69971588e-20  5.04050940e-24
 -3.29284058e-20 -1.16467030e-20 -2.82623257e-14 -4.70112688e-20
  9.97816305e-07  2.08976998e-23 -4.20649170e-18 -5.45723261e-18
 -9.48945867e-18  1.09263522e-18 -4.51466082e-18  9.99998910e-10],0.7950477741425677,-0.052094802528798036,-1.1356683276874886e-22,1.9268953172395282e-26,2.9435598404836466e-26,-0.08311866104251857,[ 6.18448575e-02  2.49733101e-04  1.81163905e-06  1.32873875e-11
 -5.97523246e-11 -3.74070508e-04  1.66283106e-04  3.62216085e-02
  2.60922788e-04  9.85140728e-12 -4.26623301e-11 -1.88759186e-04
 -1.08843734e-19 -1.56667214e-17  9.98360441e-07 -4.41994014e-24
 -6.86487523e-23  1.55450554e-22  3.97434435e-25  2.94036858e-25
 -4.41992069e-24  9.93505431e-07 -4.47855377e-28 -8.49326011e-28
  6.07460762e-25  4.39439700e-25 -6.86488779e-23 -4.47854565e-28
  9.93505431e-07 -1.12046964e-27  7.82258034e-14  2.13221541e-12
  1.55046712e-14 -5.91269797e-22  2.67844123e-21  3.49271927e-02]
5.480727434158325,base_link,3.447741183373487,-4.349985683622604,-3.761003823641885e-22,-4.4935634131161143e-23,9.897005963781699e-23,0.9639807004008792,0.26597219639396574,[ 2.04939123e-03 -2.66980831e-04 -5.29180385e-04 -3.40731877e-04
  1.08081290e-03  7.83224915e-04 -4.90596452e-04  1.06943077e-03
  1.90488738e-03 -7.70913170e-05  2.44547122e-04  1.77334185e-04
 -1.72053567e-22  2.43521972e-21  9.99357722e-07 -1.15536673e-15
 -1.68770290e-14 -1.23968773e-23 -7.01449159e-21 -4.12928562e-21
 -1.15536674e-15  9.98717090e-07 -3.03672060e-20 -5.64435698e-24
 -1.05879118e-20 -5.61159328e-21 -1.68770290e-14 -3.03570818e-20
  9.98717090e-07 -5.40047785e-24 -3.91586926e-18 -4.50412586e-18
 -7.81333257e-18  1.42816642e-18 -4.53063393e-18  9.99999363e-10],0.8110565397579977,-0.05359307164549294,-1.2793828928518915e-21,1.7005013888808278e-26,-5.870828247911458e-26,-0.07967852353875762,[ 6.22385276e-02  2.94792582e-04  2.14035715e-06  9.77804990e-12
 -3.61205945e-11 -3.71343401e-04  1.32883433e-04  3.62336487e-02
  2.61221528e-04  1.12141714e-11 -3.75617550e-11 -2.22772599e-04
  8.25857124e-20  1.01372903e-17  9.99037200e-07 -2.82845182e-24
 -4.13237544e-23  5.56312694e-23 -2.50416006e-25 -2.85958923e-25
 -2.82844833e-24  9.96170851e-07 -2.93031766e-28 -3.33099911e-28
  1.11798630e-24  1.15676039e-24 -4.13237588e-23 -2.93031809e-28
  9.96170851e-07  1.31633396e-27  9.24373290e-14  2.15807146e-12
  1.57015704e-14 -1.13912610e-21  3.74057335e-21  3.49245122e-02]
5.535877466201782,base_link,3.3594392519337264,-4.29675428957717,1.497528393680113e-22,6.287028392718539e-22,-1.7609208312436373e-22,0.9621890565487762,0.27238248742857174,[ 1.70742442e-03 -9.86384057e-05 -4.50861546e-04 -8.19230317e-05
  8.07025861e-04  4.60176376e-04 -3.54719828e-04  7.23961683e-04
  1.48336995e-03 -1.50953292e-05  1.48881760e-04  8.50413791e-05
  1.26260849e-20 -7.00919764e-20  9.98810048e-07 -2.02034814e-15
 -3.23073502e-14  5.27780357e-24  4.72485566e-21 -2.33595805e-21
 -2.02034814e-15  9.97625739e-07 -5.48527880e-20  7.98244056e-26
  1.45054392e-20  1.19643404e-20 -3.23073501e-14 -5.48595569e-20
  9.97625739e-07  3.74309334e-23 -4.65923739e-18 -4.96608057e-18
 -9.11034572e-18  4.60241721e-19 -4.54384938e-18  9.99998814e-10],0.8324440241391096,-0.05088296497646833,8.255167063291583e-24,-1.5195280070534412e-27,-6.753190485086702e-26,-0.07978784172617986,[ 6.16008601e-02  3.68345063e-04  2.67092581e-06 -7.76049531e-12
 -2.01688515e-11 -2.22967863e-04  1.82212563e-04  3.61251831e-02
  2.60260364e-04 -1.85621506e-13 -3.54211323e-11 -1.27053898e-04
  1.69406589e-21  1.62630326e-19  9.98217190e-07 -4.90456102e-24
 -7.84365644e-23  1.17854115e-23 -4.36208526e-26 -6.56332273e-28
 -4.90456217e-24  9.92943996e-07 -5.22334371e-28 -5.66729053e-29
  5.46068451e-25  9.62889932e-25 -7.84365575e-23 -5.22334453e-28
  9.92943996e-07  1.14618080e-27  1.05061156e-13  2.23866065e-12
  1.62714487e-14  1.86000768e-22  2.60218832e-21  3.49187185e-02]
5.591776132583618,base_link,3.2960868852684393,-4.264450723173661,5.514959918819072e-23,5.409135657265066e-23,-1.3639968495821718e-23,0.9574224029223924,0.2886907383036594,[ 1.83165576e-03 -1.94087299e-04 -3.19060789e-04 -2.58886802e-04
  9.10214477e-04  4.99548264e-04 -3.58657962e-04  7.58638500e-04
  1.61546847e-03 -5.22022427e-05  1.83498212e-04  1.00796281e-04
 -1.80408092e-21 -1.93547028e-19  9.99290004e-07 -1.07521033e-15
 -1.92242267e-14 -2.66757371e-24 -2.80314966e-20 -1.03364489e-20
 -1.07521033e-15  9.98582018e-07 -2.91135049e-20 -2.28577802e-25
 -4.55280209e-21 -2.27640105e-21 -1.92242267e-14 -2.91157052e-20
  9.98582018e-07  5.05345774e-24 -4.44445759e-18 -3.84743424e-18
 -8.46740343e-18  1.23210664e-18 -4.33038840e-18  9.99999296e-10],0.8143378048019225,-0.04402154992397468,2.418999505066689e-21,-2.8569124090137824e-27,5.391415664505856e-26,-0.09125843417484271,[ 6.17699265e-02  3.59457219e-04  2.60834852e-06  1.48402869e-11
 -3.54858291e-11 -2.35702182e-04  2.46252399e-04  3.61274034e-02
  2.60509870e-04  1.24428438e-11 -3.76660667e-11 -1.43644572e-04
 -3.15943289e-19 -3.15502832e-17  9.98935760e-07 -2.61341151e-24
 -4.67416193e-23 -5.33296730e-23  6.97933642e-25  5.86458130e-25
 -2.61341927e-24  9.95769923e-07 -2.77535991e-28  7.39938061e-29
  7.75481824e-26  8.40105310e-26 -4.67416137e-23 -2.77535804e-28
  9.95769923e-07 -1.41975722e-27  1.15590114e-13  2.25149153e-12
  1.63740694e-14 -3.86426288e-22  6.86778359e-22  3.49136918e-02]
5.642621278762817,base_link,3.230824971547315,-4.2261765030223435,-1.5252180732359507e-22,8.883543535722048e-23,-4.114222207438884e-23,0.949987989299497,0.31228643932565947,[ 1.92331087e-03 -6.82971331e-05 -5.81003571e-04 -4.94524619e-05
  1.01063018e-03  5.21413362e-04 -4.57176619e-04  7.96407408e-04
  1.43677669e-03 -9.99288953e-06  2.04509722e-04  1.05591627e-04
  6.35274710e-21 -3.79047244e-20  9.99382733e-07 -7.96801973e-16
 -1.64927653e-14  3.85848279e-24 -8.82767150e-21  2.95468915e-21
 -7.96801976e-16  9.98766987e-07 -2.12896293e-20  8.67431965e-26
 -1.13290657e-19 -5.56924163e-20 -1.64927653e-14 -2.12887234e-20
  9.98766987e-07 -1.13690577e-23 -3.76151848e-18 -3.84674573e-18
 -5.49485752e-18  2.07348692e-19 -4.24893594e-18  9.99999389e-10],0.8122496562499674,-0.03989188543917557,6.358332470305678e-21,2.2471419953719284e-27,9.019407167006209e-27,-0.11245980246917757,[ 6.18211512e-02  4.77724941e-04  3.47255109e-06 -4.43176534e-12
 -3.48385062e-11 -2.43353790e-04  1.86589779e-04  3.61568183e-02
  2.60788363e-04 -5.71322635e-13 -3.62080752e-11 -1.50211691e-04
 -3.77353178e-19 -2.83518868e-17  9.99074669e-07 -1.95492820e-24
 -4.04726204e-23  1.51119200e-22  4.91946282e-25  6.38156918e-26
 -1.95491951e-24  9.96319061e-07 -2.06282287e-28 -5.25827405e-30
  3.70938806e-24  3.85802208e-24 -4.04727076e-23 -2.06282302e-28
  9.96319061e-07  3.07982063e-28  1.24048246e-13  2.30303797e-12
  1.67505557e-14 -8.63808000e-23  4.80400881e-21  3.49127597e-02]
5.682758569717407,base_link,3.17420015029939,-4.19815947775681,-1.746623689345828e-22,-1.2997396157452392e-22,6.060726089079098e-23,0.9533928654712608,0.3017317418974983,[ 1.76817028e-03 -1.67765264e-04 -5.20496007e-04 -2.26618810e-04
  9.84281717e-04  5.11551793e-04 -4.90519078e-04  7.26713651e-04
  1.31009227e-03 -5.89766361e-05  2.56044307e-04  1.33210369e-04
  1.12893610e-20 -8.50209321e-20  9.99296122e-07 -7.62172736e-16
 -1.88962113e-14 -4.18637145e-24 -2.10434748e-20 -9.11883907e-21
 -7.62172738e-16  9.98594221e-07 -2.04637328e-20 -1.28698987e-24
  6.53274161e-20  4.83867571e-20 -1.88962113e-14 -2.04562980e-20
  9.98594221e-07 -1.12115244e-23 -3.57764218e-18 -3.48195224e-18
 -5.57762483e-18  1.18350471e-18 -5.13685286e-18  9.99999302e-10],0.8137604228129397,-0.03189854662872446,-7.077568469239777e-21,1.5919891404079923e-27,-6.632773642187202e-27,-0.09298333756976847,[ 6.17126883e-02  4.18989919e-04  3.04491331e-06  1.31735398e-11
 -2.47087243e-11 -2.20245180e-04  1.80588802e-04  3.60850841e-02
  2.60258532e-04  1.33884375e-11 -4.67032501e-11 -1.61340130e-04
 -5.48453833e-19 -4.68917440e-17  9.98944925e-07 -1.85953115e-24
 -4.61185018e-23  2.01282965e-22 -3.87740912e-25 -3.95818848e-25
 -1.85950386e-24  9.95806148e-07 -1.96361900e-28 -3.23553332e-29
 -1.08890573e-24 -2.06795153e-24 -4.61186399e-23 -1.96361900e-28
  9.95806148e-07  1.54621326e-28  1.30050945e-13  2.35340566e-12
  1.71134230e-14 -7.70687328e-22  1.35767278e-21  3.49098740e-02]
5.724106550216675,base_link,3.118543401797525,-4.161401105513164,-2.9652423265108005e-22,4.338717902502257e-22,-9.546596069279506e-23,0.9551291748838103,0.2961895664701435,[ 1.76911162e-03 -1.44257949e-04 -6.40665852e-04 -1.67433104e-04
  9.95606452e-04  5.41419113e-04 -5.33886969e-04  7.67707320e-04
  1.21632580e-03 -4.54705226e-05  2.70418996e-04  1.47186737e-04
  4.30928012e-20 -1.39866315e-19  9.99284482e-07 -7.24648128e-16
 -1.91891258e-14 -4.47661017e-24  7.99387344e-21  6.68361935e-21
 -7.24648134e-16  9.98571006e-07 -1.94403997e-20 -3.47250976e-24
 -4.61632956e-20 -3.04402465e-20 -1.91891257e-14 -1.94444012e-20
  9.98571006e-07  3.36149156e-23 -3.60948752e-18 -3.97080570e-18
 -4.70693121e-18  9.02774409e-19 -5.36951769e-18  9.99999290e-10],0.8181292267669641,-0.029561870486279205,-5.341179882323496e-21,7.954445574108613e-27,-1.954976872036259e-26,-0.08031572081017523,[ 6.17294466e-02  4.34269896e-04  3.15549794e-06  3.35295985e-12
 -3.15516333e-11 -2.31449954e-04  1.41527737e-04  3.60919386e-02
  2.60331458e-04  7.42468233e-12 -4.87532743e-11 -1.73874965e-04
 -7.47930092e-19 -6.17453137e-17  9.98927489e-07 -1.76984783e-24
 -4.68809359e-23  1.34848410e-22 -2.31836754e-25 -5.13756709e-25
 -1.76983679e-24  9.95737291e-07 -1.86853317e-28 -2.16468598e-28
  2.36521956e-24  3.66415162e-24 -4.68810179e-23 -1.86853216e-28
  9.95737291e-07  4.28243896e-28  1.36584239e-13  2.38594734e-12
  1.73485070e-14 -3.63685502e-22  2.72175249e-21  3.49071705e-02]
5.775153160095215,base_link,3.0473886692896937,-4.0937746747526536,-2.479724345198677e-22,7.1160963499483665e-22,-2.520117310842745e-22,0.9524342657223307,0.30474410491093135,[ 1.76913536e-03 -2.25071079e-04 -5.64642234e-04 -3.27505771e-04
  9.71790114e-04  5.24202791e-04 -5.64593767e-04  7.28896039e-04
  1.32608447e-03 -1.11125076e-04  3.29627631e-04  1.78008210e-04
  3.40798412e-21 -8.49150530e-20  9.98935750e-07 -9.47298944e-16
 -2.94994124e-14 -1.52765242e-24 -1.73641754e-20 -9.92616735e-21
 -9.47298946e-16  9.97876011e-07 -2.62590428e-20 -6.38714551e-25
  1.66230216e-20  1.37642854e-20 -2.94994124e-14 -2.62446769e-20
  9.97876011e-07 -2.11376586e-23 -4.14960617e-18 -4.97044465e-18
 -8.28182494e-18  2.57775498e-18 -7.64351777e-18  9.99998939e-10],0.8383517265326497,-0.03948713898221477,7.456658729429177e-21,5.26830918193834e-26,1.7163775120076282e-25,-0.08471944458193062,[ 6.17827370e-02  4.04729741e-04  2.93783505e-06  2.27890441e-11
 -3.51814340e-11 -2.18792563e-04  1.51436077e-04  3.60442847e-02
  2.59884771e-04  2.74840206e-11 -6.60236956e-11 -1.80013991e-04
  1.27901975e-19  1.13299127e-17  9.98405318e-07 -2.28783053e-24
 -7.12611319e-23  6.01906961e-23 -1.93870456e-25 -2.35875722e-25
 -2.28780707e-24  9.93681421e-07 -2.47709618e-28  4.30417650e-28
  3.29579775e-25  6.33310156e-25 -7.12611689e-23 -2.47710444e-28
  9.93681421e-07  1.39906228e-27  1.38371628e-13  2.42961293e-12
  1.76548522e-14 -5.92294642e-22 -5.04678860e-22  3.49024125e-02]
5.821806192398071,base_link,2.9913552261398317,-4.057245699823914,-2.7417211010521155e-22,1.9747489835569232e-22,-5.922386819506395e-23,0.9534507421097427,0.3015488059508461,[ 1.92524634e-03 -1.50484841e-04 -7.14829270e-04 -1.51097065e-04
  1.03736882e-03  5.13956638e-04 -6.04780322e-04  7.63189034e-04
  1.24608944e-03 -4.03309420e-05  2.77022493e-04  1.37362454e-04
 -1.94552880e-20  7.40095038e-20  9.99235867e-07 -8.97463225e-16
 -2.10017274e-14  5.75530070e-24  2.00591299e-23 -9.13207396e-22
 -8.97463242e-16  9.98474064e-07 -2.46809502e-20 -7.28610877e-24
  6.46921413e-20  4.38868946e-20 -2.10017273e-14 -2.46791440e-20
  9.98474064e-07  4.39055289e-23 -3.90754721e-18 -3.98847075e-18
 -4.67365604e-18  8.37078580e-19 -5.75357028e-18  9.99999241e-10],0.8314812680674755,-0.03654872072873862,-7.440032616963979e-21,-5.343851893264836e-28,1.1655612275275968e-26,-0.07484993049241528,[ 6.18880824e-02  5.05214091e-04  3.67096580e-06 -3.31999790e-12
 -2.72227257e-11 -2.20279699e-04  1.60347670e-04  3.60841006e-02
  2.60320083e-04  3.23364972e-12 -4.49570882e-11 -1.63466359e-04
  6.35274710e-20  4.49943902e-18  9.98854674e-07 -2.19807522e-24
 -5.14440818e-23  4.46162613e-22 -1.41363874e-26  1.33285939e-26
 -2.19800039e-24  9.95449887e-07 -2.38336022e-28  2.63016295e-28
 -1.09859925e-25 -1.80945759e-25 -5.14444774e-23 -2.38336155e-28
  9.95449887e-07 -7.14871143e-28  1.39748307e-13  2.44724987e-12
  1.77902615e-14 -1.18608283e-21  8.13602851e-21  3.49010212e-02]
5.891144752502441,base_link,2.9031800333318487,-3.989950527688871,-5.761100506607451e-22,7.40383308197996e-23,2.9378875563416964e-23,0.9496718302428372,0.3132465719576508,[ 1.97418250e-03 -2.67481926e-04 -7.15866568e-04 -3.36412664e-04
  9.96611419e-04  4.90359470e-04 -6.75548279e-04  7.09967607e-04
  1.28894168e-03 -1.23052017e-04  3.64506656e-04  1.79568419e-04
 -1.60671562e-20  6.80802731e-20  9.99150093e-07 -1.05482653e-15
 -2.32153504e-14 -1.71151440e-23 -1.17261124e-20 -1.19378706e-20
 -1.05482655e-15  9.98303067e-07 -2.88386022e-20 -1.26958763e-23
  3.15519773e-20  3.66341750e-20 -2.32153503e-14 -2.88366858e-20
  9.98303067e-07  3.48086763e-23 -4.14277665e-18 -3.63019627e-18
 -5.55448679e-18  2.30796418e-18 -6.83626478e-18  9.99999155e-10],0.8354281330169994,-0.03766478993468702,-2.2620489766012868e-21,-1.0305390687174464e-26,1.346166866090421e-26,-0.08078980238748651,[ 6.20023832e-02  5.05633419e-04  3.67623750e-06  5.01881652e-12
 -7.63413884e-12 -1.86914526e-04  1.97531888e-04  3.60313505e-02
  2.59933000e-04  2.15107479e-11 -6.09263607e-11 -1.73016372e-04
 -2.87991202e-19 -2.03287907e-17  9.98726221e-07 -2.57155971e-24
 -5.66055857e-23  2.62507183e-22 -9.28962602e-26 -3.97434435e-25
 -2.57146801e-24  9.94943397e-07 -2.76192156e-28  7.50167389e-28
  2.66571877e-25  2.14549971e-24 -5.66058662e-23 -2.76192168e-28
  9.94943397e-07 -2.19587148e-27  1.39240941e-13  2.53613363e-12
  1.84342193e-14 -8.75561078e-22  2.08051842e-21  3.48999888e-02]
5.929706573486328,base_link,2.8554608543954583,-3.9510322820461266,7.603589733654497e-23,-2.416669673262012e-22,-1.931512547316911e-23,0.9524391432825606,0.30472886037128455,[ 2.01496227e-03 -2.53495992e-04 -7.62705554e-04 -3.03038335e-04
  9.11611539e-04  4.33615881e-04 -7.03717709e-04  6.61438140e-04
  1.23855680e-03 -1.22993347e-04  3.69978706e-04  1.76223734e-04
  1.98523347e-20 -8.43856574e-20  9.98966614e-07 -1.19142537e-15
 -2.84297424e-14  3.50086437e-24  5.77041195e-21  7.04096137e-21
 -1.19142539e-15  9.97937485e-07 -3.28059899e-20 -1.34978236e-23
  2.90108784e-20  3.75870870e-20 -2.84297424e-14 -3.28029450e-20
  9.97937485e-07  3.62321559e-23 -4.30341515e-18 -3.93250044e-18
 -5.89090159e-18  2.38850842e-18 -7.18463460e-18  9.99998971e-10],0.8369028127935224,-0.03907170264130397,1.284096729088836e-21,6.354337771526619e-27,-3.997021952324023e-26,-0.06595926228942783,[ 6.20115224e-02  5.61710913e-04  4.08071417e-06  2.79544633e-12
 -5.14791781e-12 -1.58295864e-04  2.18858011e-04  3.60179543e-02
  2.59789476e-04  2.22917798e-11 -6.55583059e-11 -1.60063443e-04
  1.73641754e-19  1.10588622e-17  9.98451518e-07 -2.90368042e-24
 -6.92943397e-23  1.14650160e-22  1.89831488e-26  1.51865191e-25
 -2.90363204e-24  9.93862935e-07 -3.14172393e-28  2.78714880e-28
 -1.13898893e-25 -1.48634016e-24 -6.92945086e-23 -3.14171982e-28
  9.93862935e-07 -1.91577249e-27  1.41075045e-13  2.56503152e-12
  1.86381146e-14 -2.44148344e-21  7.23435320e-21  3.48973439e-02]
5.986990213394165,base_link,2.79316126577935,-3.9048170727283393,-1.117372037518192e-22,4.77773839420638e-24,2.7599600771816438e-24,0.9544024756255374,0.29852288776548686,[ 2.58344468e-03 -3.90713540e-04 -9.97671389e-04 -5.08242007e-04
  1.13338487e-03  6.33681413e-04 -9.48672228e-04  8.80372797e-04
  1.59358271e-03 -2.09156358e-04  4.66388470e-04  2.60886942e-04
  3.61312492e-21 -1.76818128e-20  9.99510373e-07 -6.13388845e-16
 -1.33820767e-14 -2.17476424e-24  8.17386794e-20  5.73600124e-20
 -6.13388849e-16  9.99021703e-07 -1.67679068e-20 -1.82315813e-24
 -5.69629657e-20 -4.50515649e-20 -1.33820767e-14 -1.67667397e-20
  9.99021703e-07  2.60879302e-24 -3.29451113e-18 -2.95722879e-18
 -4.47237468e-18  2.50180133e-18 -5.57825104e-18  9.99999516e-10],0.8234506817274025,-0.03867736674725101,-8.54031083754164e-22,-5.3750023829344515e-27,-1.3033371870574238e-27,-0.05298832417799764,[ 6.28071536e-02  6.70538051e-04  4.88265981e-06  1.42285809e-11
 -2.51853672e-11 -2.32258904e-04  2.47127842e-04  3.60879898e-02
  2.60530016e-04  2.40731449e-11 -5.10585553e-11 -2.30111093e-04
 -9.19030748e-19 -4.90059382e-17  9.99265918e-07 -1.50749154e-24
 -3.28940971e-23  1.01480351e-22 -1.74321852e-24 -2.95006211e-24
 -1.50745434e-24  9.97076513e-07 -1.62867256e-28  6.90010337e-28
  1.20845918e-24  2.45569244e-24 -3.28941354e-23 -1.62867629e-28
  9.97076513e-07  2.66684527e-28  1.42601615e-13  2.59173585e-12
  1.88487448e-14 -2.84183502e-21  6.30650042e-21  3.49000476e-02]
6.0338356494903564,base_link,2.7340374634680913,-3.856373118574178,9.301244514285689e-23,1.1405568391330096e-22,2.7292858898161454e-22,0.952288261123956,0.30520004542187085,[ 2.45364734e-03 -5.13511267e-04 -9.58889855e-04 -6.66949007e-04
  1.09384190e-03  6.38046724e-04 -9.69008884e-04  7.98694165e-04
  1.51340587e-03 -2.74024623e-04  4.49395255e-04  2.62427719e-04
 -1.17658170e-20  6.25745590e-20  9.99112237e-07 -1.23709931e-15
 -2.40356402e-14 -3.30609645e-23  3.62635981e-20  3.84341200e-20
 -1.23709939e-15  9.98227617e-07 -3.35814861e-20 -5.12936580e-23
 -5.11396142e-20 -5.88687898e-20 -2.40356402e-14 -3.34991343e-20
  9.98227617e-07  5.16002650e-24 -3.81175502e-18 -3.40936231e-18
 -6.52009062e-18  4.81921096e-18 -7.90294735e-18  9.99999116e-10],0.8277729959992114,-0.04129174468667557,1.2080865892483694e-20,-8.064042376142669e-26,-5.431551602303925e-26,-0.05685881695751258,[ 6.27322403e-02  5.88645227e-04  4.28470206e-06  9.05083681e-12
 -9.43178741e-12 -2.30175391e-04  2.44972762e-04  3.60077769e-02
  2.59805264e-04  4.56509880e-11 -7.25530251e-11 -2.33017959e-04
  7.53859323e-20  4.60785923e-18  9.98669534e-07 -3.02731905e-24
 -5.88277990e-23 -4.89954279e-22 -3.24733014e-25 -1.62204948e-24
 -3.02750056e-24  9.94720192e-07 -3.23282977e-28  4.10790220e-27
  6.44619266e-25  5.02770716e-24 -5.88273388e-23 -3.23288118e-28
  9.94720192e-07  3.28036284e-27  1.42135462e-13  2.70382501e-12
  1.96539223e-14 -5.97226458e-21  9.43433078e-21  3.48992470e-02]
6.085425138473511,base_link,2.6724394902545656,-3.8097122364929543,1.7132185856560454e-22,-8.979759456863344e-23,5.45245268500255e-23,0.9545359543040143,0.29809581000229585,[ 2.66467015e-03 -4.42276586e-04 -1.14990298e-03 -5.03933028e-04
  1.10185115e-03  6.03695239e-04 -1.03705354e-03  8.63045310e-04
  1.63688720e-03 -2.28863160e-04  5.00520758e-04  2.74455970e-04
  2.05140792e-20 -5.71747239e-20  9.99279842e-07 -1.01290601e-15
 -1.94537367e-14 -3.11338985e-23 -5.77041195e-21 -1.14349448e-20
 -1.01290605e-15  9.98561754e-07 -2.73731092e-20 -6.19589054e-24
 -9.52912066e-20 -1.07890822e-19 -1.94537366e-14 -2.73428870e-20
  9.98561754e-07 -2.27338252e-23 -3.89307220e-18 -3.73883559e-18
 -5.85265075e-18  3.34130124e-18 -7.30925460e-18  9.99999284e-10],0.8249211581742989,-0.041416136255889226,1.671393564150344e-20,-1.55697568494815e-26,1.359146563102516e-27,-0.043940925513355426,[ 6.29225972e-02  6.98035583e-04  5.08278006e-06 -5.15951046e-12
 -1.14449448e-11 -2.06983850e-04  2.44231895e-04  3.60626727e-02
  2.60290009e-04  2.45784041e-11 -6.42708030e-11 -2.28635496e-04
 -1.43826194e-18 -7.36173275e-17  9.98920539e-07 -2.48517196e-24
 -4.77379639e-23 -5.78667380e-22  2.52839386e-25 -1.19230330e-24
 -2.48535104e-24  9.95709881e-07 -2.65207910e-28  1.10885341e-27
  6.62390725e-26  3.74816215e-25 -4.77375660e-23 -2.65208684e-28
  9.95709881e-07 -9.67075208e-29  1.51223516e-13  2.74785923e-12
  1.99796010e-14 -4.76445777e-21  1.08410604e-20  3.48994260e-02]
6.131568670272827,base_link,2.618686163443515,-3.768710758358989,-1.3037627288386844e-22,-2.6325668297327204e-23,1.9882979980500074e-24,0.9577701535891628,0.2875349246505395,[ 2.82872307e-03 -3.72016488e-04 -1.14381117e-03 -4.15388051e-04
  9.18773238e-04  4.25890387e-04 -1.07033573e-03  7.05689446e-04
  1.69233980e-03 -2.41848397e-04  5.34932220e-04  2.48246273e-04
 -2.95932136e-20  1.28643129e-19  9.99267353e-07 -9.98346475e-16
 -1.97641524e-14  1.77513931e-25 -2.17052193e-20 -5.17748889e-20
 -9.98346469e-16  9.98536848e-07 -2.69277110e-20  1.90507921e-24
  2.03817303e-20  4.81749989e-20 -1.97641524e-14 -2.69236404e-20
  9.98536848e-07 -8.39599887e-24 -3.69797586e-18 -3.04731955e-18
 -6.37494559e-18  3.08468616e-18 -6.82287693e-18  9.99999273e-10],0.8207826356658907,-0.04219540790513686,-6.049940740144385e-21,-2.254699967210123e-27,1.0417996645554808e-26,-0.02826959865424867,[ 6.29796851e-02  8.49367585e-04  6.18218800e-06 -8.58523285e-12
  1.87626039e-11 -1.27133455e-04  3.15836631e-04  3.60381156e-02
  2.60129576e-04  2.74235694e-11 -6.07543055e-11 -1.79345044e-04
 -4.27751638e-19 -1.79977561e-17  9.98901833e-07 -2.44515900e-24
 -4.84084394e-23  2.05502762e-22 -5.10525534e-25  1.62528066e-24
 -2.44507417e-24  9.95636009e-07 -2.60185388e-28  2.37592486e-28
  1.11152395e-24 -3.59306579e-24 -4.84086378e-23 -2.60185195e-28
  9.95636009e-07 -9.77267665e-28  1.50286901e-13  2.79416421e-12
  2.03159119e-14 -2.57472772e-21  5.70492370e-21  3.48980289e-02]
6.177431106567383,base_link,2.5567373092338204,-3.721191594391662,2.266299853765621e-22,5.592388002989496e-23,1.1252004173071366e-24,0.9634463730294375,0.2679012622150592,[ 2.90625941e-03 -4.10583294e-04 -1.13890210e-03 -4.87859540e-04
  9.09678179e-04  4.55661192e-04 -1.10693472e-03  7.00883258e-04
  1.67850054e-03 -2.69013646e-04  5.01582201e-04  2.51490166e-04
  5.55865372e-22 -2.96461532e-21  9.99359668e-07 -8.98161769e-16
 -1.73926133e-14  1.69292824e-23 -3.17107960e-20 -5.36807130e-20
 -8.98161758e-16  9.98720973e-07 -2.44047880e-20 -4.50171504e-24
  8.91502177e-20  1.71630051e-19 -1.73926133e-14 -2.44164865e-20
  9.98720973e-07  1.93377636e-23 -3.47404954e-18 -2.91479247e-18
 -6.28097360e-18  3.33292227e-18 -6.21401624e-18  9.99999365e-10],0.8287159364540846,-0.04468297164241436,-1.0026118428458493e-21,2.6937000444713823e-27,1.1256145295386723e-27,-0.0033221396378508034,[ 6.31182212e-02  8.31741840e-04  6.05427541e-06 -3.00045431e-13
  4.91484692e-12 -1.52011818e-04  3.02628148e-04  3.60156596e-02
  2.60025788e-04  3.00027356e-11 -5.43386280e-11 -1.86090561e-04
 -8.91925693e-19 -3.83265468e-17  9.99040116e-07 -2.19911325e-24
 -4.25862517e-23  6.25569222e-23 -1.43888229e-26  1.11152395e-24
 -2.19909628e-24  9.96182382e-07 -2.35502496e-28 -2.20953777e-28
  1.57519746e-25 -1.68021062e-24 -4.25862972e-23 -2.35502294e-28
  9.96182382e-07 -1.04442049e-28  1.59123447e-13  2.82009832e-12
  2.05070160e-14 -1.74845730e-21  3.05021523e-21  3.48968721e-02]
6.222127199172974,base_link,2.4728077764127017,-3.671975034596483,-1.806725556787075e-22,-2.648772580865638e-23,3.65583618291476e-23,0.9712602962046365,0.23801982483919668,[ 2.95505513e-03 -4.59790719e-04 -1.21886727e-03 -5.47505109e-04
  8.04840069e-04  4.47662242e-04 -1.19168492e-03  6.53099871e-04
  1.64562540e-03 -3.40175401e-04  5.00025329e-04  2.78415057e-04
  2.78726779e-20 -1.02490987e-19  9.99352131e-07 -8.48982686e-16
 -1.80365045e-14 -2.37814391e-24 -1.72847661e-20 -3.56812629e-20
 -8.48982741e-16  9.98705937e-07 -2.36929542e-20 -3.20102268e-23
  2.66815378e-20  6.56450534e-20 -1.80365044e-14 -2.36880825e-20
  9.98705937e-07  4.30598279e-23 -2.63882237e-18 -2.83672373e-18
 -6.92888989e-18  4.30758244e-18 -6.33134334e-18  9.99999357e-10],0.858899164783924,-0.042289222078133785,-2.2287639763694706e-21,1.9854295562040343e-27,-1.8976010604885987e-27,0.031406428778177425,[ 6.32761828e-02  7.90223014e-04  5.75195110e-06 -3.66146793e-13
  5.41552605e-12 -1.56044838e-04  2.33346131e-04  3.59533131e-02
  2.59591560e-04  3.73427802e-11 -5.32781801e-11 -1.91473101e-04
 -1.80418018e-19 -8.18572640e-18  9.99028824e-07 -2.07765089e-24
 -4.41353114e-23  1.26239142e-22  4.78112817e-26 -4.18113950e-24
 -2.07761312e-24  9.96137729e-07 -2.27939780e-28 -6.99867126e-28
 -2.57686148e-25  2.53324063e-24 -4.41354226e-23 -2.27938805e-28
  9.96137729e-07 -1.07001896e-27  1.69866101e-13  2.85176743e-12
  2.07367975e-14 -1.67296117e-21  2.19118622e-21  3.48955540e-02]
6.287043809890747,base_link,2.3665362064936604,-3.636513130099147,-7.001438569373758e-22,7.8290618399103995e-22,5.317992233408061e-22,0.9842612387682483,0.17671959104296608,[ 2.94988825e-03 -4.10472204e-04 -1.26076087e-03 -4.18999269e-04
  6.43188944e-04  3.05508106e-04 -1.20149309e-03  4.97168751e-04
  1.57922069e-03 -3.06337749e-04  4.70390465e-04  2.23841629e-04
  3.52312766e-20 -1.29278404e-19  9.99010954e-07 -8.94553110e-16
 -2.79048956e-14  3.90855750e-23 -1.63450889e-21  1.84229666e-20
 -8.94553188e-16  9.98025809e-07 -2.53358143e-20 -4.61700442e-23
  1.86611946e-21  1.60936260e-20 -2.79048955e-14 -2.53050266e-20
  9.98025809e-07  4.83727954e-23 -1.83009466e-18 -3.33966097e-18
 -1.07390336e-17  5.45572375e-18 -8.37996727e-18  9.99999015e-10],0.8668776962143838,-0.02827543081282324,-1.1045882187949127e-20,-2.9563617779517217e-25,4.698045257427345e-25,0.0983936675787756,[ 6.33087929e-02  7.30025582e-04  5.31023933e-06 -2.32932410e-11
  1.84264180e-11 -1.18404024e-04  1.25631224e-04  3.58679146e-02
  2.58870165e-04  3.79607008e-11 -6.41231410e-11 -1.40399193e-04
 -5.53959548e-19 -2.70508442e-17  9.98517895e-07 -2.18521895e-24
 -6.81503271e-23  1.46892322e-22 -8.07793567e-26  1.29246971e-25
 -2.18495273e-24  9.94123710e-07 -2.42804470e-28  6.02902918e-27
  2.71418638e-25 -9.43502886e-25 -6.81507371e-23 -2.42803178e-28
  9.94123710e-07 -9.87115030e-27  1.83337178e-13  2.92427020e-12
  2.12531018e-14 -6.23619405e-21  9.85094107e-21  3.48932947e-02]
6.328604459762573,base_link,2.2824418097823838,-3.6118591421155277,4.644519476705964e-22,-3.2095516796436106e-22,-4.1964455119309183e-23,0.9932116550056747,0.1163211432237863,[ 2.92995592e-03 -1.91257634e-04 -1.22981999e-03 -1.77287765e-04
  5.29326601e-04  1.48925687e-04 -1.14300000e-03  2.94024821e-04
  1.49896907e-03 -1.37982419e-04  4.12392664e-04  1.16204997e-04
 -1.40819227e-20  4.65868121e-20  9.99106193e-07 -7.18118019e-16
 -2.56272874e-14 -2.54433218e-23  5.34689548e-21 -2.09640654e-20
 -7.18118015e-16  9.98215572e-07 -2.05735247e-20  4.64574506e-24
  1.42936810e-20  4.88102736e-20 -2.56272874e-14 -2.05724320e-20
  9.98215572e-07 -1.48199946e-23 -3.05502719e-19 -2.41129694e-18
 -1.12868907e-17  2.31198338e-18 -6.91620602e-18  9.99999112e-10],0.8902970060592588,-0.021636392087021575,-1.0274183332768797e-21,2.8418849764646686e-26,1.3233633164886217e-25,0.16091872772005078,[ 6.32282568e-02  7.38533679e-04  5.37133808e-06 -1.23592922e-11
 -7.85684302e-12 -6.91517920e-05  7.30017200e-06  3.58087122e-02
  2.58501702e-04  1.72783115e-11 -6.07035193e-11 -6.97289089e-05
  4.15046144e-20  2.00577402e-18  9.98660485e-07 -1.75506593e-24
 -6.26067338e-23  8.04340881e-24 -1.08244338e-25  1.45402842e-25
 -1.75508782e-24  9.94684544e-07 -1.98188733e-28 -4.87750393e-28
 -4.68520269e-26 -3.36042124e-25 -6.26068493e-23 -1.98186071e-28
  9.94684544e-07 -1.83516281e-27  1.94218556e-13  2.94025741e-12
  2.13716432e-14 -2.82962173e-21  7.88006782e-21  3.48913332e-02]
6.386108875274658,base_link,2.149275818248364,-3.5888500152963267,-1.0704444572821024e-22,1.3909579875859547e-22,-7.015384155776492e-23,0.9991426965768799,0.041398935699857746,[ 2.94094285e-03  8.81578562e-05 -1.17825056e-03  9.41444123e-05
  4.14775871e-04 -3.09429433e-05 -1.07101808e-03  1.75294284e-04
  1.25725495e-03  7.71903619e-05  3.39797290e-04 -2.53876878e-05
  1.24407964e-20 -3.10225817e-20  9.99169756e-07 -4.63843864e-16
 -2.49569200e-14  1.83018487e-24 -1.87935435e-21 -2.54109884e-21
 -4.63843855e-16  9.98342261e-07 -1.39382849e-20 -3.58782742e-25
  1.51671837e-20  7.57035697e-20 -2.49569199e-14 -1.39356186e-20
  9.98342261e-07 -2.45611993e-24  1.53672632e-18 -2.56964022e-18
 -1.11395062e-17 -1.36122075e-18 -5.98717096e-18  9.99999178e-10],0.933854458625101,-0.012658020400335975,-4.868770339437657e-21,1.0359516226512727e-26,-3.665896728210888e-26,0.23029918498474355,[ 6.32343436e-02  6.22055726e-04  4.52269642e-06 -9.18559617e-12
 -7.24065309e-12  1.41836005e-05 -2.76856590e-04  3.57835889e-02
  2.58382808e-04 -1.09153109e-11 -4.36953084e-11  1.23699491e-05
 -8.47032947e-22 -5.42101086e-20  9.98755665e-07 -1.13314545e-24
 -6.08973219e-23 -8.87394681e-24  1.68021062e-25  2.00332805e-25
 -1.13315950e-24  9.95059426e-07 -1.34008499e-28  1.62351429e-29
  4.28130590e-26  2.71418638e-25 -6.08973397e-23 -1.34008158e-28
  9.95059426e-07 -1.80071301e-28  2.11076247e-13  2.95111852e-12
  2.14513222e-14  8.38300198e-22  3.48874000e-21  3.48876172e-02]
6.405696392059326,base_link,2.099752043201204,-3.5806727388136825,-7.898878619642444e-23,8.663407375366008e-23,1.0887829987332055e-23,0.9999998160273271,0.0006065849585050251,[ 2.82857981e-03  1.35499234e-04 -1.02658142e-03  1.46339677e-04
  4.20896395e-04 -5.51837702e-05 -9.34933923e-04  2.35499760e-04
  8.75554927e-04  8.61651753e-05  2.47719126e-04 -3.25200121e-05
  1.96935160e-20 -3.72694497e-20  9.99150559e-07 -4.74155383e-16
 -2.60581048e-14  1.02664892e-24  2.43521972e-21  2.88520598e-21
 -4.74155381e-16  9.98303996e-07 -1.45470509e-20  1.89596129e-25
  1.68877194e-20  4.11869771e-20 -2.60581047e-14 -1.45310795e-20
  9.98303996e-07 -5.48966131e-24  1.15344851e-18 -3.52616559e-18
 -7.25050498e-18 -1.65902304e-18 -4.76685937e-18  9.99999159e-10],0.9519702296869637,-0.012188609331241891,8.766068994032854e-23,4.423896502077904e-27,1.9289332129146927e-26,0.2701632709420808,[ 6.30813716e-02  5.22034476e-04  3.79530396e-06 -1.33927327e-11
 -1.98396226e-11  2.94152520e-05 -3.10130185e-04  3.58263105e-02
  2.58698519e-04 -1.17414925e-11 -3.05437951e-11  1.70620317e-05
  4.87043945e-20  3.36102673e-18  9.98726918e-07 -1.15891399e-24
 -6.36119636e-23 -2.15560976e-25 -4.15205893e-25 -3.65122692e-25
 -1.15891768e-24  9.94946158e-07 -1.39921209e-28  2.44196660e-29
 -6.39772505e-25 -9.82276977e-25 -6.36120219e-23 -1.39921563e-28
  9.94946158e-07  3.60785391e-28  2.12166222e-13  2.95667830e-12
  2.14907881e-14  1.17076609e-21  3.31392341e-21  3.48864943e-02]
6.4904515743255615,base_link,1.8955895280118873,-3.595421272374792,-5.2027762407285855e-23,9.504371909078407e-23,-2.972259311101919e-23,-0.9952398627271223,0.09745571116614335,[ 3.19323668e-03  3.98620799e-04 -8.23572538e-04  4.40846529e-04
  7.88245745e-04 -2.16858193e-04 -7.14047157e-04  5.08640444e-04
  7.43400441e-04  9.70595767e-05  1.73538836e-04 -4.77660397e-05
 -5.10999095e-20  1.70862427e-19  9.99576509e-07 -1.28144581e-16
 -1.35551711e-14  4.64639165e-25 -2.21816753e-20 -9.70117422e-21
 -1.28144579e-16  9.99153735e-07 -4.10308174e-21  3.84304966e-25
 -2.22875544e-20 -1.05614421e-20 -1.35551711e-14 -4.10362671e-21
  9.99153735e-07  9.55411959e-25  1.97282240e-18 -3.65882695e-18
 -4.10176132e-18 -9.62667016e-19 -1.72111119e-18  9.99999586e-10],1.0111970241547088,0.0025798486160023156,-2.0525912957827795e-22,-2.0237399839312524e-26,-5.075157024662341e-26,0.3436260539052654,[ 6.34837789e-02  3.41382925e-04  2.49491854e-06 -2.54345714e-11
 -4.28501977e-11  1.36419957e-04 -5.19211986e-04  3.60373408e-02
  2.60358250e-04 -5.11009438e-12 -8.94137250e-12  2.08813514e-05
  3.88364606e-19  4.04949511e-17  9.99365032e-07 -3.17679228e-25
 -3.35082692e-23 -1.07279088e-24  1.10829277e-24  2.22143231e-25
 -3.17676590e-25  9.97469755e-07 -4.03651711e-29 -5.73045582e-29
  6.26847808e-25  1.32478145e-25 -3.35082604e-23 -4.03651498e-29
  9.97469755e-07 -1.51975537e-28  2.51247021e-13  3.14241168e-12
  2.28732997e-14  3.49659992e-21  6.45299088e-21  3.49034554e-02]
6.543309688568115,base_link,1.7126518270514632,-3.677241006149719,-2.954791959698418e-22,-3.4015316722684664e-22,6.25080707143184e-22,-0.9762885628578014,0.21647319010225893,[ 2.31307397e-03  3.89040967e-04 -7.28973790e-04  4.06187934e-04
  9.54554491e-04 -2.57146549e-04 -6.23661386e-04  5.02148439e-04
  5.38465766e-04  8.94384019e-05  2.10292843e-04 -5.67044012e-05
  2.86005969e-20 -5.71747239e-20  9.99326505e-07  3.80018878e-16
 -2.36479339e-14 -4.18427695e-25  4.83073478e-22  1.50877744e-21
  3.80018870e-16  9.98654821e-07  1.33661941e-20 -6.17509355e-24
  4.62691747e-20  2.79520873e-20 -2.36479339e-14  1.33460602e-20
  9.98654821e-07 -1.74709451e-24  5.57469362e-18 -4.21698227e-18
 -4.66222025e-18 -7.15364846e-19 -1.68359248e-18  9.99999336e-10],1.1210226120174491,0.0420542967791545,-1.6992390724133558e-20,7.066440575948095e-26,1.352674676605637e-25,0.4502020744795856,[ 6.22946526e-02  1.11487112e-04  8.14992707e-07 -1.44545713e-11
 -7.65742821e-11  1.70214226e-04 -7.07531115e-04  3.61175835e-02
  2.60853377e-04 -3.24059735e-12 -7.21030451e-12  6.92207038e-06
 -7.49624158e-20 -2.40692882e-17  9.98990436e-07  9.30921859e-25
 -5.80641214e-23 -2.88405591e-23 -3.44120060e-25 -7.79520792e-26
  9.30892126e-25  9.95986006e-07  1.29155356e-28  1.86037296e-28
 -3.87740912e-26 -2.42338070e-27 -5.80641776e-23  1.29155363e-28
  9.95986006e-07  3.50888828e-28  2.98170837e-13  3.34399869e-12
  2.43369051e-14 -8.44575628e-22 -9.71470080e-22  3.49036756e-02]
6.573637008666992,base_link,1.609036770005826,-3.6951622731136924,3.0926941987759165e-23,-3.922507633901341e-23,-3.760809204736683e-23,-0.9554016488396808,0.29530948070527524,[ 1.72531352e-03  3.78305144e-04 -5.22325599e-04  4.74001326e-04
  7.01270768e-04 -2.31079997e-04 -3.80719398e-04  5.10864142e-04
  2.90182280e-04  1.10584966e-04  1.63441131e-04 -5.39774580e-05
  1.76818128e-20 -7.91446410e-21  9.98829574e-07  1.02074665e-15
 -4.41302895e-14  1.32865942e-24  2.95402740e-20  1.40819227e-20
  1.02074665e-15  9.97664606e-07  3.84809751e-20  1.95489504e-24
  6.88214270e-21  1.73112359e-20 -4.41302895e-14  3.84945323e-20
  9.97664606e-07 -3.73246675e-24  7.93964499e-18 -6.58743944e-18
 -4.84400229e-18 -8.29132178e-19 -1.22387637e-18  9.99998837e-10],1.169679228908612,0.03209691702868721,4.624105927362291e-22,-1.1646902269949073e-27,1.9006562707024425e-26,0.5221831613491772,[ 6.16139308e-02  5.32474078e-05  3.86463764e-07 -7.48471434e-11
 -3.92271828e-11  1.55333240e-04 -6.14286459e-04  3.61617655e-02
  2.61000277e-04 -9.96230898e-13 -1.05956776e-11 -8.63250156e-06
 -1.81053292e-20 -1.20888542e-17  9.98246410e-07  2.46875178e-24
 -1.06928403e-22  1.97611834e-23  2.58493941e-25  3.63507105e-27
  2.46877599e-24  9.93058396e-07  3.64559334e-28 -2.54387247e-29
  3.03730381e-25  8.23949438e-26 -1.06928356e-22  3.64558887e-28
  9.93058396e-07  4.08512613e-28  2.44671867e-13  3.39707602e-12
  2.47029030e-14 -1.31107792e-21 -1.32501617e-22  3.48998786e-02]
6.63357138633728,base_link,1.4696932426850748,-3.7555289039602275,2.1783941879098105e-23,-4.179499260303932e-23,-3.500381601577023e-23,-0.924670750090231,0.3807676508417823,[ 1.51413248e-03  4.42527138e-04 -4.70360692e-04  5.13450507e-04
  8.98232685e-04 -2.98165750e-04 -3.37981408e-04  5.42599790e-04
  3.06018922e-04  9.82030537e-05  1.71808125e-04 -5.70972643e-05
  2.41669088e-20 -2.04082001e-20  9.99134786e-07  2.68467833e-16
 -3.38781520e-14  1.13811620e-24  3.67929936e-20  2.27375407e-20
  2.68467837e-16  9.98272556e-07  1.05076448e-20  1.48200725e-24
  5.14572515e-20  2.84285433e-20 -3.38781520e-14  1.05201368e-20
  9.98272556e-07 -4.67594557e-24  9.05312287e-18 -4.46661938e-18
 -5.01320063e-18  7.05997044e-19  1.23507749e-18  9.99999142e-10],1.1963062455678966,0.016981529419681805,7.174789400962392e-23,5.79568632643119e-27,1.698537640780295e-26,0.5774974224490469,[ 6.12241126e-02  2.40577938e-05  1.73285599e-07 -3.84696760e-11
 -7.28120425e-11  1.83889897e-04 -7.12686742e-04  3.62633020e-02
  2.61897304e-04  5.92855044e-12  1.19908841e-11 -4.67493914e-05
 -5.32042570e-21 -7.69783542e-18  9.98703298e-07  6.47772669e-25
 -8.24321629e-23 -7.36033415e-24 -1.88700577e-24  2.89997891e-25
  6.47775473e-25  9.94853080e-07  9.95811270e-29  1.45087034e-28
  2.99852972e-24 -4.91138489e-25 -8.24321572e-23  9.95810000e-29
  9.94853080e-07  4.22292009e-28  2.03348371e-13  3.42032652e-12
  2.48813368e-14 -8.94904465e-22 -1.77137999e-21  3.48964194e-02]
6.682318687438965,base_link,1.3662341457852127,-3.8053597306418165,-1.08990360873387e-22,1.18317491279237e-23,8.35188958362416e-23,-0.8910920273117254,0.4538226513314195,[ 1.73739758e-03  3.51042094e-04 -4.75544480e-04  3.96528800e-04
  9.67443797e-04 -2.49163263e-04 -3.39375099e-04  5.16351196e-04
  4.11622993e-04  9.06389333e-05  2.21096569e-04 -5.70288732e-05
  4.43633506e-20 -3.76135568e-20  9.99129186e-07 -3.19789322e-16
 -3.41883656e-14 -1.75685637e-24  3.51783371e-20  2.57815653e-20
 -3.19789324e-16  9.98261398e-07 -1.25458409e-20 -2.37616310e-24
  6.63862072e-20  6.85567292e-20 -3.41883656e-14 -1.25579310e-20
  9.98261398e-07  1.81596998e-24  1.09792363e-17 -3.58262971e-18
 -6.16304280e-18  8.34320096e-19  2.03529412e-18  9.99999137e-10],1.201850355845967,-0.006905604355388673,-3.2520916813972257e-21,3.507462002982138e-26,1.0078581330087181e-25,0.6253189482397146,[ 6.11046038e-02 -1.45250524e-04 -1.05907594e-06 -3.32470939e-11
 -6.75205298e-11  1.43139140e-04 -8.28407006e-04  3.64029706e-02
  2.62933107e-04  5.79218881e-12  7.42865860e-12 -5.25954145e-05
  1.30866590e-19 -3.26344854e-17  9.98694914e-07 -7.86383995e-25
 -8.37322629e-23 -5.57329030e-23  3.55429169e-25 -6.30078982e-26
 -7.86411052e-25  9.94820133e-07 -1.21826916e-28  3.54183819e-28
 -2.11965032e-24  2.26182199e-25 -8.37323101e-23 -1.21826995e-28
  9.94820133e-07  1.07476434e-27  2.16818134e-13  3.46463309e-12
  2.52037108e-14 -1.16981931e-21 -2.04596216e-21  3.48964163e-02]
6.730118751525879,base_link,1.3029027040779584,-3.8617460232805523,-4.254376496727078e-23,9.811844985087961e-23,7.001313404117661e-23,-0.8641826326384305,0.50317827600773,[ 1.93595420e-03  4.45177397e-04 -6.39438517e-04  5.01977334e-04
  7.82964180e-04 -1.95147678e-04 -4.61794163e-04  5.42694372e-04
  8.19586907e-04  1.50785325e-04  2.35110080e-04 -5.86780237e-05
  6.44009738e-20 -1.55907002e-19  9.99184917e-07 -7.37907771e-16
 -3.17693729e-14 -1.55150637e-24  1.66759611e-20  1.40289832e-20
 -7.37907774e-16  9.98372484e-07 -2.87578662e-20 -8.84092191e-25
 -5.32042570e-21 -1.20172799e-20 -3.17693729e-14 -2.87868767e-20
  9.98372484e-07  9.91962037e-24  1.17904853e-17 -2.30523320e-18
 -9.06999757e-18  9.62902570e-19  1.50175989e-18  9.99999193e-10],1.1780235597278894,-0.018138547698506743,-1.801252610712458e-21,4.307771081298503e-27,2.4586699003571425e-26,0.6430706991756705,[ 6.09925242e-02 -1.10086170e-04 -8.02441786e-07 -4.15393889e-11
 -4.36388959e-11  1.07005241e-04 -9.69849294e-04  3.65557671e-02
  2.64088479e-04  8.69725589e-12  3.89100409e-13 -4.79905987e-05
  7.88799432e-20 -2.62376926e-17  9.98778369e-07 -1.81125115e-24
 -7.78243675e-23 -4.05501611e-23  8.27180613e-25 -1.72867823e-25
 -1.81126661e-24  9.95148953e-07 -2.78574674e-28  9.57900583e-29
  2.23597259e-24 -1.88821746e-26 -7.78243841e-23 -2.78575097e-28
  9.95148953e-07  5.82705707e-28  2.36855599e-13  3.52088150e-12
  2.56154046e-14 -1.31404834e-21 -1.69858701e-22  3.48958293e-02]
6.775751352310181,base_link,1.2229554299625767,-3.9622077090536973,1.132476779004583e-23,-2.243714884529895e-22,-2.0746985117460358e-22,-0.8181957361862678,0.5749397683989265,[ 1.69271251e-03  4.03032282e-04 -5.85625214e-04  4.39932676e-04
  1.24514705e-03 -2.65278878e-04 -4.50714018e-04  5.18317209e-04
  5.76197299e-04  1.01144719e-04  2.86383676e-04 -6.10697972e-05
  5.87629107e-21 -7.19978005e-21  9.99270386e-07 -8.07379916e-16
 -2.88235994e-14 -1.17006847e-24  5.77041195e-21  6.45862622e-21
 -8.07379917e-16  9.98542896e-07 -3.19001690e-20  9.17234737e-25
  1.39760436e-19  7.57035697e-20 -2.88235994e-14 -3.18840823e-20
  9.98542896e-07 -7.12240317e-24  1.10309555e-17 -1.11346917e-18
 -6.49033719e-18  1.55682773e-18  4.40811668e-18  9.99999278e-10],1.2131914108454591,-0.030314540738514854,2.9233807424463514e-21,-7.286201228787705e-27,1.854207939811986e-25,0.6941138136223373,[ 6.06548756e-02  1.38990945e-05  1.00435293e-07 -2.28906266e-11
 -9.08958086e-11  1.22037391e-04 -8.11986407e-04  3.65512222e-02
  2.64111954e-04  7.34997651e-12  4.29083006e-11 -8.10718179e-05
 -1.21893335e-20 -3.32307966e-17  9.98906375e-07 -1.98186861e-24
 -7.05836375e-23  5.42949863e-23 -2.81112161e-25  9.04728795e-26
 -1.98184483e-24  9.95653941e-07 -3.08788313e-28 -5.10336263e-29
 -8.33642961e-24  3.92910791e-24 -7.05835362e-23 -3.08789239e-28
  9.95653941e-07  1.26400519e-27  2.08110719e-13  3.58973788e-12
  2.61197110e-14 -1.08105394e-21 -6.15611489e-21  3.48944994e-02]
6.821712493896484,base_link,1.1565658278592492,-4.01131353330191,-1.4819310015331155e-22,5.279638139101176e-22,2.070822418536494e-22,-0.7873464976994897,0.6165107400202752,[ 1.62895376e-03  3.37078833e-04 -7.88397783e-04  3.72225610e-04
  1.15903298e-03 -2.84027772e-04 -5.56168685e-04  5.67318806e-04
  9.01110010e-04  1.26623435e-04  3.94336141e-04 -9.67737652e-05
  6.78685149e-20 -8.97854924e-20  9.99145408e-07 -1.87305397e-15
 -3.35724307e-14 -1.23068740e-24 -6.40568666e-21 -1.19114008e-20
 -1.87305397e-15  9.98293730e-07 -7.35447578e-20 -9.29945937e-24
 -4.53162627e-20 -6.18334051e-20 -3.35724307e-14 -7.35405173e-20
  9.98293730e-07 -3.22054995e-23  1.26913826e-17 -1.59793794e-18
 -9.90257168e-18  1.33186970e-18  4.14777359e-18  9.99999153e-10],1.1792453252240889,-0.059744303932012056,5.81242237449927e-22,-2.658767223424236e-26,-8.652915967549136e-26,0.7045653676666501,[ 6.04677726e-02  1.93343963e-04  1.40749144e-06 -3.07184968e-11
 -1.01975287e-10  1.31375978e-04 -6.72587776e-04  3.66130024e-02
  2.64533544e-04  4.30508915e-12  2.21266406e-11 -9.17619127e-05
 -1.86982523e-19 -3.50739403e-17  9.98719205e-07 -4.58841297e-24
 -8.21699912e-23 -2.42109427e-23  1.29246971e-26 -3.23117427e-27
 -4.58841560e-24  9.94915799e-07 -7.10870971e-28  4.45048378e-28
  4.49779458e-24 -9.72583455e-25 -8.21699954e-23 -7.10871049e-28
  9.94915799e-07  1.47761216e-27  1.99241096e-13  3.65791772e-12
  2.66111882e-14 -8.14099960e-22 -3.76779558e-21  3.48935702e-02]
6.875000238418579,base_link,1.1104607413255347,-4.061814631915301,3.952146993433049e-23,7.621405635064261e-23,-1.476930314472316e-24,-0.7779336853248289,0.6283463863482706,[ 1.93186098e-03  3.34505508e-04 -8.16336862e-04  3.59097732e-04
  1.11073668e-03 -2.07200007e-04 -6.60516125e-04  4.98977715e-04
  9.56500102e-04  1.27726017e-04  3.95188237e-04 -7.37746200e-05
  6.07216744e-20 -8.16328003e-20  9.99398515e-07 -1.84665720e-15
 -2.25596791e-14  1.40429139e-27  9.29089264e-21  1.37907552e-20
 -1.84665720e-15  9.98798475e-07 -6.92781225e-20  3.00482311e-24
  9.27501077e-20  7.61270861e-20 -2.25596791e-14 -6.92704240e-20
  9.98798475e-07  4.84955492e-24  1.14039408e-17 -1.70039331e-19
 -7.21404737e-18  1.24263655e-18  3.84471017e-18  9.99999407e-10],1.118310386198827,-0.08017210147317785,1.0655986748669659e-21,-8.606577282089074e-27,-8.453209445359537e-28,0.6644943948385267,[ 6.02948356e-02  2.79150670e-04  2.03525929e-06 -2.21607571e-11
 -7.67982362e-11  8.20278582e-05 -6.64807623e-04  3.67790312e-02
  2.65865935e-04  5.99203070e-12  3.57370183e-11 -7.26625813e-05
  4.34104385e-19  5.66495635e-17  9.99098314e-07 -4.53962240e-24
 -5.54085690e-23  2.33660600e-24  8.27180613e-25 -2.22143231e-25
 -4.53962555e-24  9.96412616e-07 -6.72838958e-28 -1.53890593e-28
 -1.91285517e-24  8.85341749e-25 -5.54085672e-23 -6.72839203e-28
  9.96412616e-07 -2.30691703e-29  2.14637241e-13  3.70795408e-12
  2.69863780e-14 -7.80551337e-22 -4.73118608e-21  3.48944934e-02]
6.926507234573364,base_link,1.0655962988162822,-4.151139144613911,-8.016957835731687e-22,1.9098362564146996e-22,9.655706882729771e-23,-0.7174570638013901,0.6966027286778943,[ 1.59407716e-03  2.39504239e-04 -6.63208188e-04  2.75183496e-04
  8.70922654e-04 -2.52428638e-04 -5.30238023e-04  4.49367266e-04
  6.69875952e-04  6.59117486e-05  2.08534589e-04 -6.05177528e-05
  1.93229391e-20 -1.51671837e-20  9.99228465e-07 -2.66814588e-15
 -2.87304825e-14 -1.45119167e-24  1.18849310e-20  6.84243803e-21
 -2.66814588e-15  9.98459306e-07 -9.93456207e-20 -3.26501780e-24
  7.72917564e-20  8.43327178e-20 -2.87304825e-14 -9.93365212e-20
  9.98459306e-07 -1.86864786e-23  1.06676276e-17 -2.59025224e-19
 -5.91923537e-18  1.27501094e-18  4.03342198e-18  9.99999236e-10],1.1078237600448113,-0.09500019896368003,-9.504897133614132e-21,-2.5383374951665277e-26,-7.313339301620333e-26,0.7149417209512814,[ 6.01845462e-02  3.11962096e-04  2.27436868e-06 -1.50296627e-11
 -3.99589280e-11  7.00007492e-05 -4.53225919e-04  3.66277248e-02
  2.64709762e-04  1.30068223e-11  2.47390519e-11 -9.76269362e-05
 -2.58768565e-19 -2.99781901e-17  9.98843589e-07 -6.54823935e-24
 -7.04737468e-23 -1.51960384e-22 -5.46068451e-25  4.71751443e-25
 -6.54828428e-24  9.95406162e-07 -9.63080958e-28  3.76202665e-28
  1.29246971e-25 -7.75481824e-26 -7.04738627e-23 -9.63081180e-28
  9.95406162e-07  1.95400825e-27  2.23734483e-13  3.83004566e-12
  2.78706176e-14 -2.36989441e-21 -5.22566514e-21  3.48951431e-02]
6.972593069076538,base_link,1.0297769168885673,-4.189910359584702,1.031461314194971e-22,-4.4592259592207646e-23,-8.138160222364496e-23,-0.7090075439266411,0.7052008952455407,[ 1.58935151e-03  1.92340558e-04 -6.18023035e-04  2.26457981e-04
  9.23304701e-04 -2.39883307e-04 -4.81063482e-04  4.65520649e-04
  7.54335151e-04  6.36057356e-05  2.59281241e-04 -6.74306086e-05
  1.49448376e-19 -1.88411891e-19  9.99266785e-07 -3.04045594e-15
 -2.59435842e-14  2.65084113e-24  6.98802181e-21  4.12928562e-21
 -3.04045593e-15  9.98535715e-07 -1.07574785e-19 -1.78754731e-24
  6.88214270e-20  5.37865922e-20 -2.59435842e-14 -1.07567933e-19
  9.98535715e-07 -1.45513720e-23  1.05315697e-17  2.31023558e-19
 -5.36796329e-18  1.24112137e-18  5.05892424e-18  9.99999274e-10],1.0484478355358882,-0.1162875025912393,1.2308854514475248e-20,4.857855684683658e-27,5.308450680112893e-27,0.6781193217917191,[ 6.02094820e-02  3.91789712e-04  2.85441774e-06 -1.18088314e-11
 -4.58854172e-11  5.39549484e-05 -3.02769011e-04  3.66223305e-02
  2.64705418e-04  1.17327303e-11  3.72568993e-11 -9.71695995e-05
 -2.82909004e-19 -2.62376926e-17  9.98900981e-07 -7.45113870e-24
 -6.35421692e-23  8.81445281e-23 -1.59943126e-25  1.58327539e-25
 -7.45111443e-24  9.95632648e-07 -1.03995865e-27 -6.15681255e-29
 -7.75481824e-25  6.26847808e-25 -6.35420567e-23 -1.03995883e-27
  9.95632648e-07  2.23547975e-28  2.27276233e-13  3.88733837e-12
  2.82897257e-14 -1.24074039e-21 -3.50338929e-21  3.48939547e-02]
7.024986982345581,base_link,1.0067892485944483,-4.263397376208981,-5.237613751724159e-22,-4.602311861011215e-22,-2.613983746567957e-23,-0.681714143739017,0.7316186344169884,[ 1.66109102e-03  3.66759246e-04 -7.95182652e-04  4.66142656e-04
  9.79482306e-04 -4.35786393e-04 -5.46684911e-04  7.51752810e-04
  6.91400931e-04  1.23708218e-04  2.59898090e-04 -1.15754103e-04
  1.56436397e-19 -1.12920080e-19  9.99214843e-07 -3.48576215e-15
 -2.65362806e-14 -1.91210837e-23  1.82641479e-20  1.11702470e-20
 -3.48576218e-15  9.98432147e-07 -1.17773077e-19 -1.64542688e-23
  3.54695047e-20  2.90638180e-20 -2.65362807e-14 -1.17792091e-19
  9.98432147e-07 -1.67621534e-23  1.00721849e-17  1.03325126e-18
 -5.54139363e-18  2.45531534e-18  5.15787848e-18  9.99999221e-10],1.0172690913367701,-0.12884308326896501,-2.278751200744034e-20,7.395648989800641e-26,-3.4520857568031033e-26,0.6660476149619813,[ 6.06062297e-02  5.07788267e-04  3.70157487e-06 -2.01082277e-11
 -4.10496616e-11  7.45949458e-05 -3.67452158e-04  3.66427451e-02
  2.64849654e-04  2.34718558e-11  3.83071609e-11 -1.76374810e-04
 -6.28498447e-19 -4.48317598e-17  9.98823187e-07 -8.55408828e-24
 -6.50977679e-23 -4.32884153e-22  1.09536808e-24 -1.27631384e-24
 -8.55422197e-24  9.95325687e-07 -1.14199015e-27  1.10867310e-27
 -8.78879401e-25  8.20718264e-25 -6.50981229e-23 -1.14198896e-27
  9.95325687e-07 -5.07213127e-28  2.71944007e-13  3.93305007e-12
  2.86216092e-14 -3.90991241e-21 -7.07776624e-21  3.48950647e-02]
7.0873801708221436,base_link,0.9769168034614816,-4.32423041439825,3.037184114004452e-23,2.6171047513495097e-22,2.1334514176020274e-23,-0.6994783483728846,0.7146537904171093,[ 1.64614324e-03  2.77192230e-04 -6.19456614e-04  2.92341412e-04
  1.17980761e-03 -3.53513316e-04 -5.16001201e-04  5.83560255e-04
  7.58008058e-04  6.41301253e-05  2.59020117e-04 -7.76878154e-05
  4.04458232e-20 -6.76567567e-20  9.99258349e-07 -3.79792438e-15
 -2.34286232e-14  1.29223971e-24 -5.59174094e-22 -4.15575540e-21
 -3.79792437e-15  9.98518893e-07 -1.20010906e-19  1.05147912e-23
 -9.74087889e-20 -5.13513724e-20 -2.34286231e-14 -1.19986449e-19
  9.98518893e-07  1.28305933e-23  8.89544401e-18  5.81028464e-20
 -4.49777471e-18  1.23176274e-18  4.97655575e-18  9.99999265e-10],0.9526990865546134,-0.1459147041654713,2.7407516669224805e-21,-3.4514457291537546e-26,-5.1666196748984615e-26,0.576280528294895,[ 6.03921100e-02  5.18356916e-04  3.78588616e-06 -1.46332831e-11
 -5.01601152e-11  4.16484833e-05 -2.42911978e-04  3.66202146e-02
  2.64703840e-04  1.41600974e-12  5.71277656e-11 -1.39496787e-04
 -5.16266581e-19 -3.61039323e-17  9.98888346e-07 -9.33959499e-24
 -5.76019192e-23  6.96740821e-23  6.10691937e-25 -5.41221690e-26
 -9.33959091e-24  9.95582801e-07 -1.16725111e-27 -6.24146090e-28
 -7.17320687e-25  8.20718264e-25 -5.76018725e-23 -1.16725151e-27
  9.95582801e-07 -9.82390422e-28  3.24582104e-13  3.99369773e-12
  2.90693277e-14 -1.90399710e-21 -1.18707882e-20  3.49008042e-02]
7.132848501205444,base_link,0.9400920962939271,-4.397705340816575,4.7012115732123634e-23,2.076709473955401e-22,-2.416913540823582e-22,-0.7248139976021643,0.6889446050880795,[ 1.48808889e-03  3.32888409e-04 -6.75420532e-04  4.14960422e-04
  1.11185332e-03 -4.43649613e-04 -4.73891763e-04  7.05077662e-04
  6.41707808e-04  9.39860495e-05  2.51816484e-04 -1.00604118e-04
 -1.51936535e-20  1.00055767e-20  9.99091471e-07 -5.16054321e-15
 -2.83017000e-14  9.30880162e-24 -8.62914815e-21 -5.39983504e-21
 -5.16054320e-15  9.98186236e-07 -1.60782152e-19  1.00030199e-23
  2.13875819e-20  1.42407414e-20 -2.83016999e-14 -1.60756642e-19
  9.98186236e-07 -5.27299940e-25  9.33204741e-18 -1.68982246e-19
 -5.36444964e-18  1.95564914e-18  5.23964889e-18  9.99999097e-10],0.9450660538176061,-0.16701397208264068,9.133185195557889e-21,2.966571814982111e-26,1.1616308529231983e-25,0.495388258005133,[ 6.05400980e-02  4.68685292e-04  3.41956991e-06 -2.18400758e-11
 -5.87972956e-11  6.24011513e-05 -3.00202286e-04  3.65427434e-02
  2.64084496e-04  1.94386043e-11  4.88103697e-11 -1.73941542e-04
 -1.20278679e-19 -9.32413868e-18  9.98638442e-07 -1.26256247e-23
 -6.92281089e-23  9.75250183e-23 -2.03563979e-25  1.84176933e-25
 -1.26255819e-23  9.94597801e-07 -1.55056147e-27  2.71419598e-28
  1.29246971e-26 -6.46234854e-27 -6.92279879e-23 -1.55056160e-27
  9.94597801e-07  1.03617171e-27  3.74123529e-13  4.03501885e-12
  2.93639745e-14 -1.90465298e-21 -4.70211695e-21  3.48995967e-02]
7.185912609100342,base_link,0.9070880702871031,-4.445746692982515,-5.725725129913599e-22,-4.705471774841904e-22,-3.729313763811635e-22,-0.7581971563838695,0.652025361509362,[ 1.58654604e-03  3.03782632e-04 -7.36444580e-04  3.45424070e-04
  1.09606439e-03 -4.22760806e-04 -5.36556858e-04  7.01395624e-04
  9.13744691e-04  9.38596755e-05  2.97914400e-04 -1.15020170e-04
  8.45444760e-20 -1.15461179e-19  9.99291044e-07 -4.31150755e-15
 -2.14457913e-14 -6.27644607e-24  6.73655891e-21  8.78796683e-21
 -4.31150756e-15  9.98584094e-07 -1.30419932e-19 -9.85968173e-25
  8.36445035e-20  6.05628557e-20 -2.14457914e-14 -1.30402358e-19
  9.98584094e-07 -2.46832020e-23  9.02336077e-18 -8.63618074e-19
 -6.30248508e-18  1.28246482e-18  4.07093589e-18  9.99999298e-10],0.8979252875993018,-0.18097761444043942,-1.3708561842625733e-20,3.561724685640765e-26,9.321849775252459e-26,0.3996140731874618,[ 6.05093792e-02  4.70887404e-04  3.43626506e-06 -2.10344165e-11
 -6.50814343e-11  9.08693865e-05 -3.16125341e-04  3.65884453e-02
  2.64514272e-04  6.76724042e-12  4.01288408e-11 -1.59844987e-04
 -3.01967246e-19 -2.32019265e-17  9.98937318e-07 -1.05866629e-23
 -5.26496255e-23 -1.23497689e-22 -5.52530800e-25  1.76098998e-25
 -1.05866888e-23  9.95776146e-07 -1.26544697e-27  4.25241947e-28
 -1.92577986e-24  1.18260978e-24 -5.26497047e-23 -1.26544693e-27
  9.95776146e-07  1.11743795e-27  4.21908846e-13  4.02800189e-12
  2.93223111e-14 -8.72663018e-22 -4.21401489e-21  3.49002407e-02]
7.2075276374816895,base_link,0.8977951801340944,-4.459239747261287,-1.9757165289982318e-22,-3.917937573610982e-22,-2.6461504089154196e-22,-0.7698244867865532,0.6382556380822813,[ 1.45840195e-03  2.95512345e-04 -5.87258330e-04  3.60965393e-04
  1.07659157e-03 -4.58497955e-04 -4.38416471e-04  6.88279988e-04
  6.66232171e-04  6.53406453e-05  1.94876509e-04 -8.30508102e-05
  5.29395592e-22 -4.49986253e-22  9.99230120e-07 -4.81947757e-15
 -2.26443586e-14 -3.55484352e-25 -1.23349173e-20 -4.44692297e-21
 -4.81947757e-15  9.98462605e-07 -1.41747331e-19 -3.20103091e-24
  4.55280209e-20  1.71524172e-20 -2.26443586e-14 -1.41731718e-19
  9.98462605e-07 -2.94111169e-23  8.19256806e-18 -1.16776962e-18
 -5.01318200e-18  1.37690613e-18  4.10649653e-18  9.99999237e-10],0.8739165492270875,-0.18310755623869038,9.857090139094002e-21,-2.018773118278581e-27,3.0047708826108165e-26,0.3654158090992706,[ 6.04969126e-02  3.75696458e-04  2.74126045e-06 -1.52462344e-11
 -4.51893925e-11  8.25643679e-05 -3.26143345e-04  3.65201533e-02
  2.64001757e-04  1.52611448e-11  4.35335285e-11 -1.73062267e-04
 -6.73391193e-20 -6.50521303e-18  9.98846067e-07 -1.18001046e-23
 -5.54328917e-23  1.07048482e-22  7.81944173e-25 -7.81944173e-25
 -1.18000767e-23  9.95415921e-07 -1.36863209e-27 -4.40615605e-29
 -1.77714585e-24  1.71252236e-24 -5.54327965e-23 -1.36863230e-27
  9.95415921e-07  5.43174468e-28  4.45762052e-13  4.03518538e-12
  2.93718895e-14 -9.46341005e-22 -2.62539678e-21  3.48991949e-02]
7.271894454956055,base_link,0.8698083469705027,-4.5110832218115196,-2.60701321833695e-22,9.664895420138405e-22,2.9282221683112013e-22,-0.803649500760106,0.5951029154087824,[ 1.53021197e-03  4.09741224e-04 -8.33052088e-04  5.16469676e-04
  1.11699423e-03 -5.65315226e-04 -5.33777558e-04  8.55123068e-04
  8.22386529e-04  1.28582238e-04  2.78013278e-04 -1.40863825e-04
  2.54851038e-19 -2.00217413e-19  9.99357766e-07 -4.07762975e-15
 -1.73838571e-14 -1.32708952e-23  4.18751913e-20  2.49610022e-20
 -4.07762974e-15  9.98717180e-07 -1.10400932e-19  1.43383233e-23
  1.66230216e-20  1.59877469e-20 -1.73838571e-14 -1.10409392e-19
  9.98717180e-07  4.02689509e-23  7.66159005e-18 -1.59085371e-18
 -6.02849528e-18  1.42977404e-18  3.09120888e-18  9.99999365e-10],0.8235320180448737,-0.18588223646730576,-1.2428402481565354e-20,-3.9642190547712584e-26,-7.75367292779411e-26,0.2687188194132648,[ 6.07289043e-02  4.00599325e-04  2.92616384e-06 -3.15999249e-11
 -6.71874026e-11  1.61600178e-04 -4.57579037e-04  3.65477651e-02
  2.64259257e-04  1.79434379e-11  2.25937001e-11 -2.00839268e-04
 -3.38813179e-20 -2.98155597e-18  9.99037267e-07 -1.00388323e-23
 -4.27940161e-23 -3.15095557e-22  2.58493941e-25 -1.48634016e-25
 -1.00389250e-23  9.96171149e-07 -1.07582417e-27 -4.86449567e-28
  8.53030007e-25 -2.87574510e-25 -4.27942294e-23 -1.07582423e-27
  9.96171149e-07 -9.55555911e-28  5.38234496e-13  4.02725769e-12
  2.93223430e-14 -2.35656734e-21 -4.18687344e-21  3.49046568e-02]
7.341612100601196,base_link,0.806690017715733,-4.538070538030567,3.9291183697247487e-22,-3.1552845244800575e-22,-2.3671593110987322e-23,-0.839776105289628,0.5429328623177857,[ 1.58487927e-03  4.47642415e-04 -8.66805397e-04  5.79340385e-04
  1.26413135e-03 -6.15260364e-04 -5.31027028e-04  9.06984802e-04
  7.71776097e-04  1.40178860e-04  3.05888479e-04 -1.48986951e-04
  8.73502727e-21 -5.13513724e-21  9.99197163e-07 -5.57174342e-15
 -2.03818215e-14  5.50226110e-24  5.55865372e-21  2.93814554e-21
 -5.57174342e-15  9.98396898e-07 -1.41433867e-19 -8.58391876e-24
  5.27278010e-20  2.56756862e-20 -2.03818215e-14 -1.41436297e-19
  9.98396898e-07 -1.61469001e-23  7.06361246e-18 -2.95304673e-18
 -6.19067194e-18  1.00867195e-18  2.20107941e-18  9.99999204e-10],0.7585865699451559,-0.21045713091155532,-2.5550090699780656e-20,5.990611755972859e-26,-2.035497705545682e-26,0.17029134956993094,[ 6.08472406e-02  3.35200573e-04  2.44646230e-06 -3.95458327e-11
 -8.88666983e-11  2.20046481e-04 -5.47759118e-04  3.65488827e-02
  2.64227740e-04  1.88995453e-11  4.61066746e-11 -2.03841540e-04
 -1.49077799e-19 -1.59919820e-17  9.98796709e-07 -1.36532591e-23
 -4.99418578e-23 -3.47892588e-22  1.11152395e-24 -5.29912580e-25
 -1.36533538e-23  9.95221260e-07 -1.36798550e-27  9.86905281e-28
  3.28287306e-24 -1.70606001e-24 -4.99420924e-23 -1.36798460e-27
  9.95221260e-07 -3.46299413e-28  6.13186544e-13  4.01176661e-12
  2.92029011e-14 -5.00207066e-22 -1.43883028e-21  3.49026307e-02]
7.3787620067596436,base_link,0.7701395716350253,-4.561498237668975,2.347856585667779e-22,-1.958864482033418e-21,-5.8315722500093185e-22,-0.8596326986376152,0.5109125399058151,[ 1.41340570e-03  3.92539376e-04 -6.86920558e-04  4.84626109e-04
  1.13321412e-03 -5.34232641e-04 -4.44419602e-04  7.95813892e-04
  7.87242961e-04  1.05301664e-04  2.46228551e-04 -1.16203637e-04
  7.74505751e-20 -8.61856024e-20  9.99076102e-07 -6.60070915e-15
 -2.25670777e-14  3.59601309e-24  1.55112908e-20  9.15854374e-21
 -6.60070915e-15  9.98155609e-07 -1.61198366e-19 -1.45319051e-23
  6.86096687e-20  4.09222793e-20 -2.25670777e-14 -1.61176782e-19
  9.98155609e-07 -5.78225612e-23  6.52215815e-18 -3.36754295e-18
 -6.32073781e-18  7.57746942e-19  1.77185111e-18  9.99999083e-10],0.7418996463571202,-0.22071692162397663,1.527471427563026e-20,3.6515030429529644e-26,1.2996586684101313e-25,0.11766333938854018,[ 6.07355867e-02  2.51404825e-04  1.83451143e-06 -3.53697325e-11
 -8.24648641e-11  2.05427974e-04 -5.23341470e-04  3.64474058e-02
  2.63461246e-04  1.29005844e-11  2.98198753e-11 -1.71051883e-04
  8.78796683e-20  1.25767452e-17  9.98615431e-07 -1.60879709e-23
 -5.50001119e-23  1.20174742e-22  2.32644547e-25 -8.56261181e-26
 -1.60879273e-23  9.94507207e-07 -1.54493859e-27  3.09692065e-28
 -1.82238229e-24  6.59159551e-25 -5.50000049e-23 -1.54493874e-27
  9.94507207e-07  1.10508332e-27  6.33793135e-13  3.97912432e-12
  2.89591070e-14  3.56944039e-22  8.52024344e-22  3.48994675e-02]
7.438119173049927,base_link,0.7281530103413796,-4.601447663213777,1.8610278749428674e-22,1.4762639637400273e-22,2.429803324593272e-22,-0.8722466253158733,0.4890662783560839,[ 1.27646452e-03  3.47499557e-04 -6.85723453e-04  4.53896149e-04
  1.46090786e-03 -6.25602702e-04 -4.04277613e-04  8.38643595e-04
  8.66302575e-04  9.39209093e-05  3.02273356e-04 -1.29573517e-04
 -3.82753013e-20  4.42045319e-20  9.99150921e-07 -6.29369598e-15
 -1.98619300e-14  1.08209299e-24  5.77041195e-21  2.67344774e-21
 -6.29369599e-15  9.98304717e-07 -1.47212751e-19 -5.02834235e-24
 -3.09167026e-20 -1.55642304e-20 -1.98619300e-14 -1.47231114e-19
  9.98304717e-07  9.16839462e-24  5.70444738e-18 -3.57061424e-18
 -6.54245040e-18  7.20040794e-19  2.31734784e-18  9.99999158e-10],0.7135833727215225,-0.22414976956195198,1.9643197988148715e-20,2.6534654816592453e-26,-2.1314622603388305e-25,0.07797729634105208,[ 6.07776216e-02  2.41719885e-04  1.76378469e-06 -3.68778215e-11
 -1.14295830e-10  2.66847955e-04 -4.69511026e-04  3.63709033e-02
  2.62972073e-04  1.59017617e-11  4.56303444e-11 -1.92548498e-04
  5.44218669e-20  7.96888597e-18  9.98727460e-07 -1.53891376e-23
 -4.85642640e-23  2.99407035e-22 -8.40105310e-26  3.87740912e-26
 -1.53890566e-23  9.94948308e-07 -1.41855381e-27  2.79131000e-28
  4.17467715e-24 -1.66728592e-24 -4.85640348e-23 -1.41855286e-27
  9.94948308e-07 -2.30087285e-27  6.58864903e-13  3.87990161e-12
  2.82385281e-14  9.12527565e-23  3.71280888e-22  3.48957840e-02]
7.490407228469849,base_link,0.7134976319815276,-4.62383465098817,5.845443965117353e-23,1.459261433850285e-23,-5.508695513437588e-23,-0.8723026081081576,0.48896642000009155,[ 1.40566794e-03  4.35856287e-04 -7.48399216e-04  5.64361829e-04
  1.68806139e-03 -7.46674534e-04 -4.58199334e-04  9.86683401e-04
  8.05755874e-04  1.12147438e-04  3.35443120e-04 -1.48468256e-04
  4.46280484e-20 -4.20340100e-20  9.99431170e-07 -4.18998017e-15
 -1.29012349e-14 -5.28503345e-24  4.88632131e-20  2.03023210e-20
 -4.18998018e-15  9.98863631e-07 -9.50045354e-20 -1.13360107e-23
  9.38088989e-20  3.91223343e-20 -1.29012349e-14 -9.50323189e-20
  9.98863631e-07  2.89291669e-24  5.00570217e-18 -3.19596414e-18
 -4.87688224e-18  7.43328512e-19  2.22336240e-18  9.99999439e-10],0.6663153631314827,-0.21666171566402506,-1.0497753477567421e-22,-1.3995978583998136e-26,1.1127697508875913e-26,0.07162405296484185,[ 6.09952290e-02  2.78626103e-04  2.03485994e-06 -3.37593264e-11
 -1.00792338e-10  3.32903949e-04 -5.35081723e-04  3.64092588e-02
  2.63387074e-04  1.42579110e-11  4.24209766e-11 -2.20101123e-04
  1.91429446e-19  2.47198095e-17  9.99147239e-07 -1.02863175e-23
 -3.16712494e-23  1.97896654e-22  1.10506160e-24 -4.66904682e-25
 -1.02862709e-23  9.96606272e-07 -9.21488981e-28  8.31517861e-28
  1.08567455e-24 -4.58826746e-25 -3.16711468e-23 -9.21488291e-28
  9.96606272e-07 -6.64415682e-28  7.03070726e-13  3.79826032e-12
  2.76553028e-14  1.49539120e-23  4.75694660e-23  3.48964801e-02]
7.5389087200164795,base_link,0.686315152348363,-4.6650662241235,8.902887306994183e-22,2.8355733989547428e-22,-6.57297688882377e-24,-0.8785579565999597,0.4776357575547535,[ 1.39497502e-03  4.23686739e-04 -9.24770363e-04  5.45608709e-04
  1.56999353e-03 -8.22124205e-04 -5.52619138e-04  1.06013817e-03
  1.05314916e-03  1.31234626e-04  3.77643055e-04 -1.97926264e-04
 -3.56812629e-20  2.83756037e-20  9.99215473e-07 -5.66674079e-15
 -1.70975071e-14 -1.66231081e-23  5.77570591e-20  3.60518398e-20
 -5.66674082e-15  9.98433402e-07 -1.23442443e-19 -2.90266089e-23
  7.32683499e-20  4.27751638e-20 -1.70975072e-14 -1.23462509e-19
  9.98433402e-07 -5.32410708e-23  5.05279386e-18 -3.95789509e-18
 -6.28026919e-18  4.17268672e-19  1.20071761e-18  9.99999223e-10],0.6543740593064119,-0.21029578868525162,2.901255822629932e-20,-4.8064129106668723e-26,-6.236657316170621e-26,0.05215557796173012,[ 6.09993324e-02  3.46801011e-04  2.53196924e-06 -4.03578583e-11
 -1.19812124e-10  3.97156773e-04 -5.18664252e-04  3.64268869e-02
  2.63447374e-04  1.06215852e-11  3.42138000e-11 -2.28426300e-04
  9.78323054e-20  1.02999206e-17  9.98824131e-07 -1.38875580e-23
 -4.19005696e-23 -3.64927951e-22  4.07127958e-25 -1.06628751e-25
 -1.38876106e-23  9.95329401e-07 -1.19456485e-27  2.91056364e-27
  6.04875823e-24 -1.72544706e-24 -4.19007546e-23 -1.19456370e-27
  9.95329401e-07  3.98295069e-27  7.70433508e-13  3.75362068e-12
  2.73213994e-14  8.24413304e-23  1.48049064e-22  3.48960067e-02]
7.569226503372192,base_link,0.6749228008247893,-4.689651595045625,-6.601339193505993e-23,7.31745470293785e-23,-8.843370543884077e-24,-0.8761276817177517,0.48207912766254263,[ 1.43541288e-03  4.07768253e-04 -8.31038631e-04  5.01873744e-04
  1.64329967e-03 -7.65098224e-04 -5.47601529e-04  1.01170425e-03
  1.06671935e-03  1.06355263e-04  3.48271973e-04 -1.62247435e-04
  1.84335545e-19 -2.25946039e-19  9.99450870e-07 -3.85343940e-15
 -1.17437787e-14  2.63064116e-24  6.56450534e-21  3.36166201e-21
 -3.85343941e-15  9.98902944e-07 -8.23675045e-20 -1.99964126e-23
 -3.43048344e-20 -1.50877744e-20 -1.17437788e-14 -8.23940870e-20
  9.98902944e-07 -2.49078412e-23  4.42763946e-18 -2.99879199e-18
 -5.21126714e-18  4.72363076e-19  1.54677270e-18  9.99999459e-10],0.6427998594924764,-0.2032670355002526,4.395524964881292e-21,-9.959427007409127e-27,-3.554878169636884e-26,0.055487054120629875,[ 6.09591015e-02  3.01243388e-04  2.20124883e-06 -2.81255624e-11
 -9.90022054e-11  3.60130065e-04 -5.40335430e-04  3.64300162e-02
  2.63571365e-04  9.46734919e-12  3.82464540e-11 -2.14931214e-04
  1.83382633e-19  2.19550940e-17  9.99176756e-07 -9.45495112e-24
 -2.88142741e-23 -2.95293545e-23 -7.98100044e-25  2.69803051e-25
 -9.45494361e-24  9.96723163e-07 -7.98311606e-28  1.33484780e-27
  4.82091201e-24 -1.86115638e-24 -2.88142482e-23 -7.98311632e-28
  9.96723163e-07  4.29417863e-27  7.94866478e-13  3.71764078e-12
  2.70691772e-14  6.76654687e-23  2.25005474e-23  3.48977088e-02]
7.641285181045532,base_link,0.6549610904507456,-4.75100154909995,2.570772326404567e-22,6.21685426933329e-22,3.2766554568855693e-22,-0.8711609068520937,0.49099763173831873,[ 1.14227341e-03  3.32400708e-04 -6.19215844e-04  4.33163379e-04
  1.53591562e-03 -6.83984830e-04 -3.79891011e-04  8.62640965e-04
  8.49500810e-04  7.77728138e-05  2.75741945e-04 -1.22922316e-04
  8.92560968e-20 -1.03655657e-19  9.99249732e-07 -4.72375292e-15
 -1.54499205e-14 -4.42476810e-24  1.68347798e-20  6.93508226e-21
 -4.72375293e-15  9.98501709e-07 -9.72661393e-20 -3.63917954e-24
 -5.29395592e-21 -2.43521972e-21 -1.54499206e-14 -9.71951469e-20
  9.98501709e-07 -1.25168554e-22  4.38964736e-18 -3.06098708e-18
 -5.23044773e-18  6.73856491e-19  2.38910406e-18  9.99999257e-10],0.6166570030884677,-0.18253218613350378,2.2659314806755785e-21,-2.2259286494217795e-27,-8.542101922654068e-26,0.060724677634298674,[ 6.07556684e-02  2.39132671e-04  1.74658474e-06 -3.23840976e-11
 -1.08378502e-10  3.11143139e-04 -4.11449233e-04  3.62838805e-02
  2.62446720e-04  1.43560988e-11  4.42392374e-11 -2.02804156e-04
 -5.67512075e-20 -8.51098705e-18  9.98875440e-07 -1.15425873e-23
 -3.77512580e-23 -4.48709132e-24 -5.04063186e-25  2.21335437e-25
 -1.15425873e-23  9.95531811e-07 -9.35914585e-28  1.17291941e-28
 -6.72084248e-25  2.71418638e-25 -3.77512156e-23 -9.35915530e-28
  9.95531811e-07  4.43190913e-27  8.61896790e-13  3.66641092e-12
  2.66886639e-14  6.81791386e-23  5.26976027e-22  3.48971931e-02]
7.689530849456787,base_link,0.6471699827915643,-4.77670920322406,-1.5884771922499895e-22,-4.290243112729322e-23,6.110043295612184e-23,-0.8681548097461647,0.4962934880840174,[ 1.17208858e-03  2.55920280e-04 -6.13117080e-04  3.20600925e-04
  1.58807460e-03 -6.92795431e-04 -3.99022752e-04  8.54092155e-04
  9.25181821e-04  5.95024085e-05  2.94768838e-04 -1.28692967e-04
  7.39565642e-20 -9.79381845e-20  9.99258336e-07 -4.36424736e-15
 -1.45904463e-14  6.64532211e-24  2.97785021e-20  1.30231316e-20
 -4.36424736e-15  9.98518867e-07 -8.58831861e-20  1.18093298e-23
 -1.05879118e-20 -4.07634606e-21 -1.45904463e-14 -8.58566473e-20
  9.98518867e-07  1.05957766e-24  4.20250947e-18 -2.82874713e-18
 -5.08046897e-18  4.72823693e-19  2.34237742e-18  9.99999266e-10],0.5836376240679506,-0.17192366440809667,-1.1825386982260102e-21,-1.8577854861815328e-27,6.534529447664994e-26,0.06313100297526479,[ 6.06850384e-02  2.19622278e-04  1.60387046e-06 -2.17568165e-11
 -1.15871123e-10  3.13558606e-04 -3.83047620e-04  3.63077521e-02
  2.62645123e-04  9.42004689e-12  5.47746395e-11 -2.07401161e-04
  8.21621959e-20  1.34441069e-17  9.98888327e-07 -1.06975277e-23
 -3.57630444e-23  8.72692081e-23 -4.62057920e-25  1.98717217e-25
 -1.06975137e-23  9.95582700e-07 -8.30634741e-28  8.54344195e-29
  9.56427583e-25 -4.58826746e-25 -3.57630068e-23 -8.30634134e-28
  9.95582700e-07 -2.89047478e-27  8.79848278e-13  3.60201105e-12
  2.62197606e-14 -1.39805832e-22 -8.64895698e-22  3.48964799e-02]
7.7284440994262695,base_link,0.638843856067228,-4.804484575972079,3.6769094790789675e-22,-2.2996315200792996e-22,7.865870529756612e-23,-0.8594194828505377,0.5112711144753969,[ 1.10543774e-03  2.18770332e-04 -6.24067540e-04  2.77545849e-04
  1.74119028e-03 -7.72690454e-04 -3.89849942e-04  8.98198068e-04
  9.97382239e-04  5.41578590e-05  3.39858372e-04 -1.50963961e-04
  1.77876919e-20 -2.71050543e-20  9.99008166e-07 -5.54417431e-15
 -1.86081123e-14 -4.70399585e-24 -2.69991752e-21 -1.72053567e-21
 -5.54417430e-15  9.98020255e-07 -1.04054412e-19  1.69250739e-23
 -6.11981304e-20 -2.48815928e-20 -1.86081123e-14 -1.04021526e-19
  9.98020255e-07  1.44504513e-23  4.41795446e-18 -3.34493714e-18
 -5.86000386e-18  4.51300846e-19  2.83248355e-18  9.99999015e-10],0.5677284647162042,-0.16235953771003114,-1.3427916031251743e-20,2.8223318099340276e-28,-1.6953378066616823e-25,0.0790792250336163,[ 6.06766206e-02  2.45656585e-04  1.79186289e-06 -1.88730329e-11
 -1.52742716e-10  3.49964524e-04 -3.17947590e-04  3.62906456e-02
  2.62442580e-04  6.45562504e-12  7.27051677e-11 -2.34530472e-04
 -7.79270311e-20 -1.14383329e-17  9.98513721e-07 -1.35199691e-23
 -4.53767722e-23  1.96994304e-22  3.45735647e-25 -1.17130067e-25
 -1.35199373e-23  9.94107288e-07 -9.97845850e-28 -6.29148001e-30
  8.78879401e-24 -4.17467715e-24 -4.53765534e-23 -9.97846729e-28
  9.94107288e-07  4.52481080e-27  8.87511635e-13  3.54597254e-12
  2.58013644e-14  5.30732338e-23 -3.05055666e-22  3.48939770e-02]
7.772316932678223,base_link,0.6211778513791665,-4.8479233464587175,3.230400523562021e-22,-8.9288164502948e-23,-5.739097373246025e-23,-0.8529061353576696,0.5220642913178842,[ 1.14090894e-03  2.21832030e-04 -6.55539475e-04  2.80793796e-04
  1.78441462e-03 -8.17510118e-04 -4.11233072e-04  9.49389028e-04
  1.11943068e-03  5.53112973e-05  3.51598778e-04 -1.61207857e-04
  7.12037071e-20 -1.13820052e-19  9.99272743e-07 -3.85279110e-15
 -1.35880062e-14 -7.42370645e-24  1.39495739e-20  8.76149705e-21
 -3.85279110e-15  9.98547597e-07 -7.19845257e-20 -4.02176177e-25
  1.46960216e-19  5.93981854e-20 -1.35880062e-14 -7.19926932e-20
  9.98547597e-07  2.12689863e-23  4.15278510e-18 -2.60018161e-18
 -5.38669254e-18  4.93070285e-19  3.13467862e-18  9.99999280e-10],0.568025913852756,-0.15353896072769507,9.944247953963652e-21,1.5039404425725988e-26,-2.508249359163171e-26,0.08808164106293162,[ 6.07100846e-02  2.65948009e-04  1.94031399e-06 -1.65079262e-11
 -1.29115827e-10  3.58173895e-04 -3.12151853e-04  3.63067240e-02
  2.62689609e-04  6.16547175e-12  6.59023024e-11 -2.53759047e-04
 -6.47980205e-20 -8.72782749e-18  9.98909906e-07 -9.42741522e-24
 -3.32474089e-23 -1.41881796e-22 -2.06795153e-25  7.59325953e-26
 -9.42744039e-24  9.95667876e-07 -6.94258387e-28 -7.77393207e-28
 -1.00037155e-23  5.10525534e-24 -3.32474997e-23 -6.94259233e-28
  9.95667876e-07  1.51278974e-27  8.83693008e-13  3.46551954e-12
  2.52251082e-14 -1.42909463e-23 -2.48967444e-22  3.48923773e-02]
7.831419944763184,base_link,0.6052626382656972,-4.887061014879574,1.3156070918762231e-21,-5.8774195128799425e-22,-2.2806903644374116e-22,-0.8404631205302426,0.5418687507400356,[ 1.18453190e-03  2.24885953e-04 -7.66115630e-04  2.92204910e-04
  1.94447843e-03 -9.36731193e-04 -4.78642556e-04  1.03404761e-03
  1.28874563e-03  5.62936363e-05  3.74640907e-04 -1.80626659e-04
 -6.45862622e-21  8.89384595e-21  9.99275718e-07 -3.63080645e-15
 -1.31297098e-14 -2.61758781e-23  1.95346973e-20  9.22471819e-21
 -3.63080645e-15  9.98553530e-07 -6.58385348e-20  9.44689334e-24
  5.18807680e-20  2.14934610e-20 -1.31297098e-14 -6.58333101e-20
  9.98553530e-07  4.60974998e-23  4.05668568e-18 -2.58406384e-18
 -5.53465566e-18  4.80961244e-19  3.20099932e-18  9.99999283e-10],0.5453608156550074,-0.14451004995267036,2.951274650458143e-20,-2.6629528832221456e-26,-2.20077600614041e-25,0.10671318649125244,[ 6.07651953e-02  3.20777413e-04  2.34474854e-06 -1.87082792e-11
 -1.32472694e-10  3.90891539e-04 -3.00270272e-04  3.63402665e-02
  2.62945303e-04  9.15734541e-12  7.04612482e-11 -2.96026762e-04
 -2.07099556e-19 -2.31477164e-17  9.98914362e-07 -8.92394964e-24
 -3.22699105e-23 -4.02306210e-22 -9.27347015e-25  4.53979985e-25
 -8.92398891e-24  9.95685503e-07 -6.39833290e-28  5.79832676e-28
 -8.01331218e-25  4.26515003e-25 -3.22701548e-23 -6.39833426e-28
  9.95685503e-07  4.78739917e-27  9.01390589e-13  3.39156828e-12
  2.46871459e-14 -7.01930473e-22 -4.66916622e-21  3.48962720e-02]
7.875417947769165,base_link,0.5868993058349177,-4.915558829305374,1.9709027116837787e-22,-2.6553917673977144e-22,-1.8704377447595719e-22,-0.8330458503381871,0.5532039508484432,[ 1.18421369e-03  2.14081643e-04 -7.66553611e-04  3.03841081e-04
  2.07166233e-03 -1.07292616e-03 -4.38070041e-04  1.14624401e-03
  1.27686305e-03  5.93808614e-05  4.04831456e-04 -2.09851088e-04
  9.49735692e-20 -1.21125711e-19  9.99287503e-07 -3.47594112e-15
 -1.26509592e-14 -4.64710367e-24  1.11702470e-20  4.53956720e-21
 -3.47594112e-15  9.98577033e-07 -6.17155682e-20 -1.42727087e-24
 -9.25383495e-20 -4.31986803e-20 -1.26509591e-14 -6.17324740e-20
  9.98577033e-07  5.00486776e-23  4.37336134e-18 -2.66618484e-18
 -5.51457115e-18  6.08790721e-19  4.15023994e-18  9.99999294e-10],0.5329706161273737,-0.14317528584381645,-6.250095712665845e-21,-1.3939707167684237e-26,1.3305833882242044e-25,0.114915123525164,[ 6.08992229e-02  3.31963296e-04  2.42418481e-06 -2.00677732e-11
 -1.28138717e-10  4.29485106e-04 -2.45342613e-04  3.63414586e-02
  2.62977337e-04  1.18971532e-11  6.99360282e-11 -3.51014999e-04
 -6.60685699e-20 -7.20994445e-18  9.98932015e-07 -8.50573223e-24
 -3.09558950e-23  2.43239650e-22 -7.14089513e-25  4.23283829e-25
 -8.50570485e-24  9.95755178e-07 -5.95257231e-28  6.33268064e-28
  1.11152395e-24 -5.94536065e-25 -3.09557815e-23 -5.95256185e-28
  9.95755178e-07 -5.94845824e-27  9.03478586e-13  3.33806940e-12
  2.42977636e-14 -1.42039234e-23  2.96656093e-22  3.48946094e-02]
7.934594631195068,base_link,0.5725197511604642,-4.97280063275373,-9.917115310190101e-22,-2.671232395300653e-22,-1.0644968582426094e-22,-0.814962207820707,0.5795141066652292,[ 1.07713330e-03  2.22320366e-04 -6.69806860e-04  3.10808523e-04
  2.03719409e-03 -1.15175294e-03 -3.78068224e-04  1.16442148e-03
  1.25456046e-03  5.00467946e-05  3.28090735e-04 -1.85648922e-04
  1.74700545e-20 -2.83756037e-20  9.99145256e-07 -3.81853663e-15
 -1.46857348e-14  1.77197426e-23  3.33519223e-21  1.50877744e-21
 -3.81853663e-15  9.98293424e-07 -6.56261711e-20  1.01507359e-23
  1.25149118e-19  4.25634056e-20 -1.46857348e-14 -6.56200425e-20
  9.98293424e-07  4.37990772e-23  4.31546055e-18 -2.46009796e-18
 -5.41341563e-18  7.96458908e-19  5.22217097e-18  9.99999150e-10],0.5334710394529512,-0.1306919787209307,1.925718569424793e-20,1.6465418568462025e-27,-1.873082867218521e-25,0.14054763572759846,[ 6.09248572e-02  3.31899384e-04  2.42096885e-06 -1.55515489e-11
 -1.20627835e-10  4.04951969e-04 -2.00493494e-04  3.62793654e-02
  2.62497448e-04  1.05478518e-11  9.30054558e-11 -3.98698617e-04
 -6.60685699e-20 -7.10152423e-18  9.98718977e-07 -9.27598417e-24
 -3.56717353e-23 -3.58777202e-22  3.42504472e-25 -2.31028960e-25
 -9.27602706e-24  9.94914818e-07 -6.24852631e-28 -1.33146632e-28
 -3.41212003e-24  2.63663820e-24 -3.56719438e-23 -6.24853743e-28
  9.94914818e-07  8.13285834e-27  8.96863503e-13  3.25084751e-12
  2.36568306e-14  5.49738667e-22  2.83056160e-21  3.48916874e-02]
7.993417501449585,base_link,0.5466457167974327,-5.068206376424562,2.350642442273659e-22,-1.9345073561504365e-23,-1.4708152526399098e-23,-0.7981641028282819,0.6024400924210837,[ 1.06492067e-03  7.39181305e-05 -4.43246656e-04  7.01748208e-05
  1.80227332e-03 -1.00126830e-03 -3.19124501e-04  1.06725407e-03
  1.35466018e-03  1.01344920e-05  2.60611793e-04 -1.44899929e-04
  3.22401916e-20 -1.10114283e-19  9.99329425e-07 -2.75818367e-15
 -1.23505262e-14  5.06459699e-24 -6.28657266e-22  3.07711188e-22
 -2.75818367e-15  9.98660645e-07 -5.07998738e-20  1.61460813e-27
  1.48442524e-19  4.79632406e-20 -1.23505262e-14 -5.07983609e-20
  9.98660645e-07 -2.16309332e-23  4.39152019e-18 -2.02132685e-18
 -4.33899084e-18  2.12547189e-19  5.47101006e-18  9.99999335e-10],0.5786261854077872,-0.12029294172393293,-8.866681820296975e-21,-5.388109486175393e-28,1.2197343292156262e-26,0.159479491821062,[ 6.07702684e-02  2.60206638e-04  1.89826219e-06 -9.50212690e-14
 -7.75769882e-11  2.98653066e-04 -1.07533764e-04  3.62691730e-02
  2.62533216e-04 -2.03748367e-12  7.28093906e-11 -3.62437060e-04
  1.55430546e-19  2.14672030e-17  9.98994811e-07 -6.74658129e-24
 -3.02068762e-23  3.31132386e-22  5.38949770e-27  1.32074248e-25
 -6.74656958e-24  9.96003269e-07 -4.89521851e-28 -7.91713370e-29
  4.52364397e-24 -4.23930064e-24 -3.02066432e-23 -4.89522032e-28
  9.96003269e-07  3.13951754e-27  8.73376187e-13  3.14328945e-12
  2.28791094e-14 -8.85322826e-23 -1.27138685e-21  3.48887099e-02]
8.042396306991577,base_link,0.5363955939302228,-5.123374201297724,2.8156712205684633e-22,1.5569880986368975e-23,1.2271420586116467e-23,-0.7908877889183609,0.6119611959428689,[ 1.12700547e-03  3.92783222e-05 -4.28156099e-04  4.71408197e-05
  1.89898111e-03 -1.14112716e-03 -2.89572043e-04  1.14131825e-03
  1.47816747e-03  5.29316244e-06  2.13248060e-04 -1.28214661e-04
  4.75661939e-20 -1.39548678e-19  9.99332393e-07 -2.61957945e-15
 -1.27613135e-14  3.53150138e-24  1.70068334e-21  3.97873875e-22
 -2.61957945e-15  9.98666564e-07 -5.00727295e-20 -3.78768456e-25
  1.30654832e-19  2.58345049e-20 -1.27613135e-14 -5.00725494e-20
  9.98666564e-07 -1.96278026e-23  4.46319183e-18 -1.96648687e-18
 -4.27770950e-18  1.51456321e-19  6.10258588e-18  9.99999337e-10],0.5821274301578927,-0.11241505121633176,-4.524027850970141e-21,1.290047154919163e-29,-1.4213469444653983e-26,0.16093647857286,[ 6.08708975e-02  2.39479938e-04  1.74883365e-06 -1.57945142e-12
 -7.14003256e-11  2.90007746e-04 -7.48637831e-05  3.62895727e-02
  2.62704999e-04  1.87191210e-12  8.95183519e-11 -4.22632513e-04
 -5.92923063e-21 -9.21571847e-19  9.98999256e-07 -6.42448376e-24
 -3.12944445e-23  3.43791505e-22 -1.15110583e-26  1.37324906e-26
 -6.42447874e-24  9.96020855e-07 -4.84785937e-28  2.83625670e-30
 -3.24409896e-24  4.07127958e-24 -3.12942193e-23 -4.84785996e-28
  9.96020855e-07  4.10860221e-27  8.62497275e-13  3.08913312e-12
  2.24848449e-14 -1.00978183e-22 -4.23719441e-21  3.48886114e-02]
8.09472918510437,base_link,0.5362621619389096,-5.170117379987819,2.3752642715909886e-23,1.5798735871643799e-21,1.2666410786304084e-21,-0.783909755233764,0.620874782584492,[ 9.88302418e-04  3.78461482e-06 -3.56723436e-04 -3.41921621e-06
  1.62910217e-03 -9.51588222e-04 -2.44610881e-04  1.00801687e-03
  1.31992030e-03 -4.97818054e-07  2.36457671e-04 -1.38326263e-04
 -1.68347798e-20  5.69629657e-20  9.99007587e-07 -3.49256444e-15
 -1.86522147e-14  4.18594397e-24  2.76278325e-22  2.09897080e-23
 -3.49256444e-15  9.98019100e-07 -6.56455756e-20  1.84721905e-24
 -2.43521972e-20 -1.07996701e-20 -1.86522148e-14 -6.56437328e-20
  9.98019100e-07 -3.64317412e-22  5.03955425e-18 -2.02615647e-18
 -4.31118191e-18 -1.44938273e-20  6.87361628e-18  9.99999011e-10],0.5694791490668423,-0.10029436065121351,-2.910398946113792e-21,1.5266947378444642e-27,-1.5155567476408795e-25,0.16085311067840488,[ 6.06985178e-02  2.08801939e-04  1.52273111e-06  4.21364017e-13
 -9.08512859e-11  2.47107376e-04 -4.14536335e-05  3.62134576e-02
  2.62051385e-04 -7.33309331e-13  7.42058744e-11 -3.55469932e-04
 -1.90582413e-21 -3.79470760e-19  9.98512854e-07 -8.47671833e-24
 -4.52659720e-23  1.44848260e-22 -8.58280665e-27  1.48432068e-26
 -8.47671894e-24  9.94103811e-07 -6.24422595e-28 -6.62477047e-29
  3.24409896e-24 -2.64956290e-24 -4.52657939e-23 -6.24422648e-28
  9.94103811e-07  7.94326993e-27  8.46135201e-13  3.03770724e-12
  2.20989435e-14  2.07254854e-23  2.47627315e-21  3.48845155e-02]
8.142418384552002,base_link,0.5119495179751148,-5.216738293112993,-7.23824449260005e-23,4.0098305489201664e-22,2.981378775443891e-22,-0.780918544238019,0.624632873986931,[ 9.72987174e-04 -5.86650131e-05 -2.45749786e-04 -9.23973312e-05
  1.81728805e-03 -1.08797211e-03 -1.93687032e-04  1.05500113e-03
  1.38250154e-03 -8.50155085e-06  1.67228185e-04 -1.00231384e-04
 -6.61744490e-22  2.85873620e-21  9.99204149e-07 -2.93522262e-15
 -1.49836197e-14  1.77996303e-24 -6.80273336e-21 -1.69406589e-21
 -2.93522262e-15  9.98410826e-07 -5.52580048e-20 -2.42381408e-24
  1.03338020e-19  2.29228291e-20 -1.49836197e-14 -5.52678169e-20
  9.98410826e-07 -6.80694718e-23  4.22474154e-18 -2.00859597e-18
 -3.37861452e-18 -3.57535321e-19  7.03316401e-18  9.99999208e-10],0.5700071565645147,-0.10564750335929299,-7.41885349241202e-22,-1.4475842373332995e-26,2.820491810744425e-25,0.15479019162829,[ 6.07479462e-02  1.78568996e-04  1.30377586e-06  3.85303540e-12
 -7.85322962e-11  2.36045909e-04  2.12492887e-05  3.62009555e-02
  2.62060139e-04 -4.46748214e-12  9.63338108e-11 -4.11541814e-04
 -4.67985703e-20 -9.37834879e-18  9.98807172e-07 -7.19150291e-24
 -3.67087401e-23  6.30029221e-23  3.79662976e-26 -4.44286462e-26
 -7.19150018e-24  9.95262515e-07 -5.34278546e-28  5.78828015e-28
 -2.71418638e-24  3.33457184e-24 -3.67087934e-23 -5.34278551e-28
  9.95262515e-07 -1.11580700e-26  8.25561401e-13  2.97777948e-12
  2.16689665e-14  3.96376255e-22 -7.65453057e-21  3.48844623e-02]
8.187063455581665,base_link,0.48918647759325196,-5.250215335390836,2.453604862916927e-22,-1.1318136874329467e-21,-7.070971242733858e-22,-0.7977224406878047,0.6030247985142003,[ 1.06170277e-03 -5.35983927e-05 -1.97819926e-04 -1.09913780e-04
  1.91267291e-03 -1.21303086e-03 -1.92160267e-04  1.13678354e-03
  1.39089650e-03 -6.11027458e-06  1.06385933e-04 -6.74381536e-05
 -3.90429249e-22  7.41153829e-20  9.99216461e-07 -2.84348708e-15
 -1.45888604e-14  8.82884700e-24  5.50571416e-21  3.15982994e-22
 -2.84348708e-15  9.98435371e-07 -5.29269906e-20 -1.05042908e-23
 -1.77876919e-20 -4.36751363e-22 -1.45888604e-14 -5.29537350e-20
  9.98435371e-07 -1.12593823e-22  4.15972628e-18 -2.27091310e-18
 -3.24502831e-18 -3.89000438e-19  6.75942893e-18  9.99999221e-10],0.5596994429961927,-0.1127186989688347,2.0514419468676492e-20,1.1337319536244507e-26,-4.0749473982724596e-25,0.11340737323900482,[ 6.08531964e-02  1.74374436e-04  1.27352214e-06  6.08167118e-12
 -5.99341719e-11  2.36491803e-04  1.88613776e-05  3.62378061e-02
  2.62354684e-04 -1.17640848e-11  1.19043538e-10 -4.61129737e-04
 -9.95263713e-21 -2.00577402e-18  9.98825610e-07 -6.95967282e-24
 -3.57056075e-23  5.25514677e-22  6.13923111e-26 -1.19553448e-25
 -6.95968249e-24  9.95335223e-07 -5.10925974e-28  2.92773530e-28
  3.87740912e-25 -8.01331218e-25 -3.57053646e-23 -5.10926023e-28
  9.95335223e-07 -1.00350101e-26  8.12055582e-13  2.93527355e-12
  2.13598285e-14  3.88085375e-22 -4.70229241e-21  3.48835018e-02]
8.221861124038696,base_link,0.492152144712112,-5.26750422188883,-5.798076435476711e-24,-2.536726780957601e-23,-3.4382084398438014e-23,-0.7960196611100062,0.6052707651343412,[ 1.18548754e-03 -7.32923982e-05 -2.38111621e-04 -1.19035604e-04
  2.03182707e-03 -1.33648566e-03 -2.03937554e-04  1.29393667e-03
  1.69411660e-03 -8.66606738e-06  1.47913965e-04 -9.73527450e-05
  1.87935435e-20 -8.30092288e-20  9.99521499e-07 -1.82611115e-15
 -8.73269496e-15  9.00799019e-25  4.60574165e-21  6.38583433e-22
 -1.82611115e-15  9.99043911e-07 -3.33229496e-20 -2.49733816e-24
 -3.79047244e-20 -5.63806306e-21 -8.73269496e-15 -3.33260176e-20
  9.99043911e-07  8.14948744e-24  3.72481239e-18 -2.05047775e-18
 -3.02044593e-18 -3.20193487e-19  5.46497523e-18  9.99999527e-10],0.5365268821461088,-0.10478405531029794,7.127598578324233e-22,-4.759245990047904e-27,-8.929894883084072e-27,0.1105027623963432,[ 6.10356479e-02  1.85643788e-04  1.35805022e-06  3.57312932e-12
 -5.97819873e-11  2.90317554e-04  3.94141534e-05  3.63029093e-02
  2.62953953e-04 -4.68787389e-12  7.55851663e-11 -4.95632827e-04
  7.11507676e-20  1.38235777e-17  9.99282590e-07 -4.48570799e-24
 -2.14492649e-23  2.54302660e-23 -1.33689835e-25  1.75291204e-25
 -4.48570547e-24  9.97142624e-07 -3.23409644e-28  2.86189592e-28
  1.69313532e-24 -2.13257502e-24 -2.14492515e-23 -3.23409522e-28
  9.97142624e-07  4.72638498e-28  8.02359833e-13  2.89991642e-12
  2.11126739e-14  1.07317636e-22 -1.66680648e-21  3.48877190e-02]
8.258970737457275,base_link,0.4769446923325827,-5.301132498482232,1.6528209927463144e-22,4.003494596166136e-23,3.850882558303931e-23,-0.7953268004545725,0.6061808974874519,[ 1.21506763e-03 -1.20836608e-04 -8.92634792e-05 -1.95295056e-04
  2.26862464e-03 -1.48463109e-03 -1.36404284e-04  1.39985269e-03
  1.69489418e-03 -5.35395622e-06  6.21973037e-05 -4.06965856e-05
 -3.23659230e-20  3.40666063e-19  9.99551284e-07 -1.59514822e-15
 -7.84119532e-15 -1.21647180e-23  1.89523622e-20  4.42541628e-22
 -1.59514822e-15  9.99103372e-07 -2.78717978e-20 -1.97169985e-24
 -2.02017358e-19 -4.01348033e-21 -7.84119534e-15 -2.78725967e-20
  9.99103372e-07  1.68200585e-23  3.34803772e-18 -1.98332249e-18
 -2.20516423e-18 -4.76603844e-19  5.53477692e-18  9.99999557e-10],0.5359872428454637,-0.10606076325066466,6.862521694386958e-22,-1.0673491325311455e-27,1.768911510329342e-26,0.10545672876051591,[ 6.11684424e-02  1.45104015e-04  1.06266736e-06  4.61464490e-12
 -4.54025935e-11  2.81845719e-04  9.28280642e-05  3.63197625e-02
  2.63082558e-04 -9.00446125e-12  8.84034140e-11 -5.53250311e-04
  8.72443936e-20  2.15756232e-17  9.99327227e-07 -3.93602772e-24
 -1.93469117e-23 -1.39466203e-22 -3.74816215e-25  7.31860972e-25
 -3.93602480e-24  9.97319707e-07 -2.72655999e-28 -9.41692674e-29
 -6.72084248e-25  1.30539440e-24 -1.93469478e-23 -2.72655991e-28
  9.97319707e-07  1.56209551e-27  7.98718208e-13  2.89637411e-12
  2.10903239e-14  7.65789564e-22 -9.33441944e-21  3.48930107e-02]
8.328630447387695,base_link,0.4555889380364634,-5.362580055720365,-7.483756639797294e-22,7.85778956781942e-24,3.5445799918484395e-24,-0.8032545369107587,0.5956359197800974,[ 1.27927628e-03 -8.43966445e-05 -2.19847732e-04 -1.27584896e-04
  1.91863317e-03 -1.35351239e-03 -1.99520589e-04  1.33847160e-03
  1.80006381e-03 -7.65563536e-06  1.15117991e-04 -8.12386302e-05
 -3.97046694e-23  1.05879118e-22  9.99483591e-07 -1.85501805e-15
 -8.97473819e-15 -8.30802265e-25 -1.39892785e-20 -1.19114008e-21
 -1.85501805e-15  9.98968247e-07 -3.22392572e-20  4.60769141e-25
  8.00446135e-20  7.75564542e-21 -8.97473819e-15 -3.22383327e-20
  9.98968247e-07  2.88955921e-24  3.59024644e-18 -2.02631666e-18
 -2.85405905e-18 -3.05870692e-19  4.59865943e-18  9.99999489e-10],0.5314300495920732,-0.10388004493015683,2.7874435061729917e-21,1.335569731450313e-27,3.656079026973836e-26,0.0800641408821229,[ 6.10963220e-02  1.65201840e-04  1.21114196e-06  3.71347804e-12
 -5.06465313e-11  2.97326934e-04  3.87653708e-05  3.63580883e-02
  2.63321350e-04 -5.41968822e-12  6.97556510e-11 -4.96043096e-04
  2.47968895e-19  5.38848480e-17  9.99225785e-07 -4.57456682e-24
 -2.21310079e-23 -6.18600406e-22  4.03896783e-27 -6.46234854e-27
 -4.57455061e-24  9.96917436e-07 -3.15071820e-28  9.48719113e-29
  1.29246971e-26 -1.29246971e-26 -2.21312203e-23 -3.15071679e-28
  9.96917436e-07  3.99601741e-27  8.17575926e-13  2.92874752e-12
  2.13305126e-14  5.18215003e-22 -6.97952069e-21  3.49006885e-02]
8.394436120986938,base_link,0.4580201628161942,-5.414251511678214,-2.108541675332069e-22,1.4694308207459409e-22,1.8303917771095748e-22,-0.7951038121058596,0.6064733530623831,[ 1.07502437e-03 -9.40260979e-05 -3.61607885e-05 -1.49916321e-04
  1.40973700e-03 -1.00745441e-03 -9.22297804e-05  1.04537804e-03
  1.41604775e-03 -3.37428483e-06  3.17341071e-05 -2.26664235e-05
  8.09975256e-21  6.91390643e-20  9.98766354e-07 -3.76041629e-15
 -2.09812040e-14  7.00271423e-25  5.29395592e-21  7.94093388e-23
 -3.76041629e-15  9.97538774e-07 -6.39713168e-20  1.13301196e-23
  2.64697796e-20  2.23338765e-22 -2.09812040e-14 -6.39622411e-20
  9.97538774e-07 -4.53438407e-23  4.42620272e-18 -2.24060572e-18
 -2.68811936e-18 -5.92285011e-19  5.56571318e-18  9.99998769e-10],0.513426777286639,-0.08753797025925583,1.8700599002419053e-21,8.876968499280008e-27,2.512375635364297e-25,0.08715398667681579,[ 6.07713456e-02  6.87433640e-05  5.03038504e-07  6.16933924e-12
 -3.88832218e-11  2.00193017e-04  3.54998920e-05  3.62513065e-02
  2.62262707e-04 -1.23424192e-11  8.14669445e-11 -3.81174269e-04
  2.91167576e-20  1.51788304e-17  9.98151808e-07 -9.11981143e-24
 -5.08819536e-23 -4.62259553e-23 -2.82727748e-26  5.65455497e-26
 -9.11981065e-24  9.92688047e-07 -6.07965769e-28 -5.19102534e-28
 -1.29246971e-24  2.70126169e-24 -5.08820916e-23 -6.07967470e-28
  9.92688047e-07 -1.47083025e-26  8.24283397e-13  2.94615027e-12
  2.14373761e-14  1.37299708e-22  1.96181986e-21  3.49001479e-02]
8.433305263519287,base_link,0.45960502467601555,-5.434767079554274,-2.616150851314893e-22,-4.1465976565967533e-23,-3.2291044230397955e-23,-0.7886084338162178,0.6148957132017852,[ 1.10841427e-03 -5.38884706e-05 -1.81339592e-04 -8.49312081e-05
  1.47786564e-03 -1.11031559e-03 -1.34757025e-04  1.12369835e-03
  1.58279649e-03 -7.22912580e-06  1.25759112e-04 -9.46116678e-05
 -3.44107135e-21  2.36110434e-20  9.98975740e-07 -2.86463470e-15
 -1.68658284e-14  7.75137270e-24 -1.76024034e-21 -3.11019910e-22
 -2.86463470e-15  9.97955664e-07 -4.71703310e-20  5.37619650e-26
  6.79743940e-20  1.56701095e-20 -1.68658284e-14 -4.71697092e-20
  9.97955664e-07  7.20968144e-24  4.44683390e-18 -1.98140032e-18
 -3.18697023e-18 -3.05633455e-19  5.31597204e-18  9.99998979e-10],0.49341780651832406,-0.08027482362383996,4.145977567095346e-22,-2.1179738723277758e-29,-1.555072429388211e-25,0.09402259951365538,[ 6.08694636e-02  1.13815418e-04  8.30628002e-07  4.33367899e-12
 -6.50236134e-11  2.56214922e-04  1.51065760e-05  3.62659097e-02
  2.62472654e-04 -5.69640723e-12  7.66849318e-11 -4.16940753e-04
 -1.38066370e-19 -4.36391374e-17  9.98465181e-07 -6.98402278e-24
 -4.11175460e-23  1.82393477e-23  9.85508152e-26 -1.29246971e-25
 -6.98402333e-24  9.93916591e-07 -4.52358299e-28 -3.55207192e-31
 -1.51218956e-24  1.77068350e-24 -4.11174958e-23 -4.52358069e-28
  9.93916591e-07  6.22148790e-27  8.08553342e-13  2.89695525e-12
  2.10853717e-14  1.45132354e-22 -2.24377695e-21  3.48975429e-02]
8.472102880477905,base_link,0.454723141101443,-5.449809590145095,3.382011160042269e-23,-4.6008803891897664e-24,-4.318201682843363e-24,-0.7866246255960685,0.6174315333750334,[ 1.13555531e-03 -6.38705606e-05 -1.03412121e-04 -1.04743586e-04
  1.29580456e-03 -9.97688931e-04 -1.18231776e-04  1.08054001e-03
  1.56883009e-03 -5.42169030e-06  6.70555291e-05 -5.16768776e-05
  7.46944093e-22  1.03655657e-19  9.98822977e-07 -3.09887780e-15
 -1.86049710e-14 -1.32986987e-23 -2.48815928e-21 -2.03486431e-22
 -3.09887780e-15  9.97651478e-07 -4.89955873e-20  9.30718651e-24
 -4.26692847e-20 -5.10866746e-21 -1.86049710e-14 -4.89960475e-20
  9.97651478e-07 -1.19441736e-22  4.29943954e-18 -1.82452187e-18
 -2.69347434e-18 -3.72132564e-19  4.60013511e-18  9.99998826e-10],0.47098726977437483,-0.07887941351976611,-9.715405598729038e-22,-2.37501644773681e-28,2.3243781968463237e-27,0.09202335526148828,[ 6.08143774e-02  8.66967021e-05  6.32537277e-07  4.52889553e-12
 -3.79544706e-11  1.97867812e-04  1.24023063e-05  3.62702310e-02
  2.62465812e-04 -8.10193675e-12  6.27623808e-11 -3.80173299e-04
  2.22346149e-20  9.16150836e-18  9.98236540e-07 -7.54404286e-24
 -4.52902567e-23 -8.91238996e-22 -9.45118473e-26  1.69636649e-25
 -7.54399965e-24  9.93019828e-07 -4.68712575e-28 -1.10805138e-27
 -6.26847808e-25  1.03397577e-24 -4.52908647e-23 -4.68712728e-28
  9.93019828e-07  1.24714541e-26  7.87643818e-13  2.84099654e-12
  2.06726079e-14  2.44764327e-22 -2.99884822e-21  3.48954326e-02]
8.536313533782959,base_link,0.43010117948139515,-5.512794622761665,4.300165600438611e-22,5.007303459071141e-22,6.139518379362358e-22,-0.7608935103271552,0.6488767725400711,[ 1.12267295e-03 -1.06890655e-04  6.99851298e-05 -1.46688460e-04
  1.32049829e-03 -1.03202539e-03  1.57868890e-05  1.07296482e-03
  1.40902456e-03  3.28932598e-07 -2.95066556e-06  2.27391773e-06
  8.20563168e-22 -2.71050543e-20  9.99169712e-07 -2.27221861e-15
 -1.28191579e-14  8.73959079e-24 -4.63221143e-22 -2.97785021e-23
 -2.27221861e-15  9.98342174e-07 -3.51018290e-20  1.56702617e-23
 -1.06090877e-19 -4.24178218e-21 -1.28191579e-14 -3.50941654e-20
  9.98342174e-07 -8.70903123e-23  3.74625439e-18 -1.51020011e-18
 -1.27724278e-18 -4.96186654e-19  4.46873892e-18  9.99999174e-10],0.483695813144257,-0.0824047002501715,-5.5671123726834546e-21,3.3519526883156886e-26,1.1269105082286786e-26,0.12800032492502145,[ 6.08272739e-02 -1.21409321e-05 -8.81990330e-08  1.79997934e-12
 -2.30578203e-11  1.36482034e-04  5.46950541e-05  3.62455994e-02
  2.62457753e-04 -5.30045152e-12  6.76882712e-11 -4.02872922e-04
  6.14098887e-21 -1.83772268e-17  9.98755600e-07 -5.54051263e-24
 -3.12557284e-23  2.07070866e-22 -1.21169035e-27  6.46234854e-27
 -5.54053629e-24  9.95059160e-07 -3.36332657e-28 -1.10960197e-27
  7.23783036e-25 -2.11965032e-24 -3.12556191e-23 -3.36333278e-28
  9.95059160e-07 -2.67672272e-28  7.50156795e-13  2.74415039e-12
  1.99771778e-14 -9.41300979e-23  4.53979380e-22  3.48930196e-02]
8.585134267807007,base_link,0.4118467556813283,-5.559196398678208,1.698992817149936e-21,5.425567294662453e-23,7.027572954970335e-23,-0.7497946219812243,0.6616706316952816,[ 1.13721749e-03 -6.98484400e-05 -2.99823285e-05 -9.68238431e-05
  1.14102609e-03 -9.33353579e-04 -3.55687516e-05  1.01947919e-03
  1.51403254e-03 -3.50571745e-06  4.13087127e-05 -3.38513267e-05
  6.13437142e-21 -7.89858223e-20  9.99127863e-07 -2.54127421e-15
 -1.39981660e-14 -2.78484089e-23 -9.72764400e-21 -1.15474414e-21
 -2.54127421e-15  9.98258762e-07 -4.07927390e-20  3.38271682e-24
  5.43159877e-20  7.22624983e-21 -1.39981660e-14 -4.07904046e-20
  9.98258762e-07 -1.73126255e-23  4.16081730e-18 -1.33370741e-18
 -1.71398482e-18 -3.41390705e-19  4.02263330e-18  9.99999133e-10],0.48957312223541005,-0.08662780616538003,8.146186657572194e-21,2.929810263964373e-27,-1.3829214560770078e-25,0.13752864785269073,[ 6.07570227e-02  2.20699731e-05  1.61596975e-07  1.96662586e-12
 -2.18311538e-11  1.19339756e-04  2.08455313e-05  3.62489671e-02
  2.62484925e-04 -4.98531180e-12  5.38984499e-11 -3.63977735e-04
 -1.72053567e-20 -2.79182059e-17  9.98692934e-07 -6.22429308e-24
 -3.42834867e-23 -3.59771416e-22  3.91779880e-26 -9.85508152e-26
 -6.22427784e-24  9.94812333e-07 -3.94203682e-28 -1.72494348e-28
  8.72417052e-25 -2.15196206e-24 -3.42836133e-23 -3.94203403e-28
  9.94812333e-07  8.05720889e-27  7.28769027e-13  2.69035141e-12
  1.95840070e-14  4.19722259e-22 -4.99215228e-21  3.48932375e-02]
8.641041040420532,base_link,0.4156651498875381,-5.598008115582884,-3.2312029364336712e-22,-3.210977511170598e-22,-1.8078329087555001e-22,-0.7358619246720535,0.6771316177951973,[ 1.21553347e-03 -5.92843444e-05 -2.07021281e-05 -7.69870086e-05
  1.28265509e-03 -1.21558538e-03 -2.74075537e-05  1.21760335e-03
  1.81578822e-03 -1.25703854e-06  2.09609529e-05 -1.98933921e-05
  2.01302674e-20 -2.08158347e-19  9.99252012e-07 -2.11641799e-15
 -1.16984777e-14  4.83197283e-24 -2.11758237e-22 -3.92910791e-23
 -2.11641799e-15  9.98506257e-07 -3.31075888e-20  6.56265416e-24
  7.83505476e-21  3.97046694e-22 -1.16984777e-14 -3.30989185e-20
  9.98506257e-07  2.78143899e-23  3.76330765e-18 -1.16070183e-18
 -1.51521280e-18 -2.35147199e-19  3.92156142e-18  9.99999257e-10],0.47577043965235116,-0.07713434913443062,-2.2644424017140887e-21,5.266342116357689e-26,2.645472823419075e-25,0.14937826791293737,[ 6.10191143e-02  2.91037722e-05  2.13365707e-07  3.45382761e-13
 -1.50600431e-11  1.11419975e-04  2.98590603e-05  3.62843722e-02
  2.62803967e-04 -1.31697848e-12  6.20141970e-11 -4.75255986e-04
  1.79994501e-21  2.22261445e-18  9.98878856e-07 -5.19782707e-24
 -2.87294720e-23  7.10774720e-23 -3.02922588e-27  1.19149551e-26
 -5.19783989e-24  9.95545333e-07 -3.21346692e-28 -1.19364235e-27
  4.52364397e-25 -1.86115638e-24 -2.87294978e-23 -3.21347373e-28
  9.95545333e-07 -5.97409070e-27  7.11089163e-13  2.64472298e-12
  1.92559536e-14  3.88778175e-22 -6.14580670e-21  3.48956921e-02]
8.688822984695435,base_link,0.41087738076127606,-5.645176636606015,1.47922230168159e-22,7.749878171072937e-23,7.259466650716777e-23,-0.7162875672045435,0.6978052171402823,[ 1.17423398e-03 -4.98633722e-05  6.24087464e-05 -6.51439198e-05
  8.31335998e-04 -6.94647427e-04  2.68138788e-05  8.51749618e-04
  1.34424854e-03  1.10469599e-06 -1.40938460e-05  1.17910989e-05
 -1.32762488e-22  1.54583513e-20  9.99268213e-07 -1.84444187e-15
 -1.15677019e-14  4.79548454e-24  2.24331382e-21 -8.99558916e-23
 -1.84444187e-15  9.98538564e-07 -2.91554057e-20 -5.30358690e-25
  6.98802181e-21 -4.06972861e-22 -1.15677019e-14 -2.91584974e-20
  9.98538564e-07 -2.62510162e-23  3.90373483e-18 -6.98073865e-19
 -6.29090701e-19 -2.17548575e-19  2.77509155e-18  9.99999274e-10],0.48211709055366264,-0.07493779893578076,-2.3247766819444307e-21,2.1573078127088976e-28,-4.7162679120864456e-26,0.17023781840335497,[ 6.05553747e-02 -3.36890080e-05 -2.45529599e-07 -1.59459012e-13
  4.68373115e-12  2.28172438e-05  5.59096225e-06  3.62590104e-02
  2.62642996e-04 -3.31085801e-12  3.09802445e-11 -2.75221138e-04
  2.59403840e-21 -2.76471554e-18  9.98903122e-07 -4.52085801e-24
 -2.83506422e-23  2.36965145e-22 -8.25464051e-27 -1.70848339e-25
 -4.52086649e-24  9.95641103e-07 -2.82032335e-28 -1.61267513e-29
  2.11641915e-25  1.39586728e-24 -2.83504765e-23 -2.82032224e-28
  9.95641103e-07  3.38117230e-27  6.96294081e-13  2.61285611e-12
  1.90247170e-14  1.29225436e-22 -1.31641009e-21  3.48949112e-02]
8.736758470535278,base_link,0.4136921516902368,-5.685805502641267,-7.037443521657488e-23,4.4277227836639705e-24,3.957407743862284e-24,-0.7032459065075264,0.7109466892674917,[ 1.16242048e-03 -1.48017474e-05  2.11844723e-05 -1.13189602e-05
  7.67870710e-04 -6.89685118e-04  2.00396376e-05  8.05850651e-04
  1.34615457e-03  1.11473930e-07 -7.59195354e-06  6.82851445e-06
  4.01678905e-21 -7.12566467e-20  9.99118402e-07 -2.12174454e-15
 -1.41274978e-14 -1.16658998e-24  2.63043435e-21  5.16470895e-23
 -2.12174454e-15  9.98239905e-07 -3.40005578e-20 -1.87592305e-25
  1.16043514e-19 -3.11019910e-21 -1.41274978e-14 -3.40008176e-20
  9.98239905e-07 -3.14556550e-24  4.18629419e-18 -4.87231715e-19
 -6.46672783e-19 -4.02688447e-20  2.74568224e-18  9.99999124e-10],0.47934271034887205,-0.0697364655318042,4.7731640029034205e-21,8.136092362467234e-28,-8.093796002047757e-27,0.1783945302260306,[ 6.05035409e-02 -1.94974709e-05 -1.41931777e-07 -2.86946723e-13
  3.74965296e-12  3.64024586e-06 -1.16695010e-05  3.62512618e-02
  2.62543119e-04  1.28456317e-12  4.44760495e-11 -2.75066356e-04
  8.99972506e-22 -1.62630326e-18  9.98678767e-07 -5.19525830e-24
 -3.45891262e-23 -6.39616393e-22 -3.63507105e-27  1.67617165e-26
 -5.19525106e-24  9.94756544e-07 -3.28436466e-28 -1.32614074e-28
  1.09052132e-25  1.29893206e-24 -3.45894273e-23 -3.28436514e-28
  9.94756544e-07  1.29136658e-27  6.80706642e-13  2.58343520e-12
  1.88066409e-14  9.06019908e-24 -2.98067332e-21  3.48947412e-02]
8.773025512695312,base_link,0.41658664619179425,-5.700393362873145,-1.7078138931399657e-23,8.567395174342745e-23,8.2532696063826e-23,-0.6993643160743436,0.7147653834663971,[ 1.40286732e-03 -4.91462101e-05  8.61272564e-05 -7.02907446e-05
  8.24763100e-04 -7.43113385e-04  3.53459536e-05  9.16622072e-04
  1.64823425e-03  1.18517314e-06 -1.38972845e-05  1.25305346e-05
  1.15209716e-20 -1.64430271e-19  9.99540868e-07 -1.10986090e-15
 -7.16805078e-15 -7.55942213e-25  6.55127045e-21 -1.19114008e-22
 -1.10986090e-15  9.99082578e-07 -1.73265251e-20 -7.68597036e-25
 -3.59459607e-20  1.44922043e-21 -7.16805078e-15 -1.73298793e-20
  9.99082578e-07 -2.64514106e-23  3.75028333e-18 -4.67757482e-19
 -4.00098681e-19 -1.80440224e-19  2.11553663e-18  9.99999548e-10],0.4591012925574028,-0.06611316391030685,4.814883818186879e-22,-5.3354666163132e-28,-1.2449561234718839e-26,0.174576031039146,[ 6.06496716e-02 -2.52883765e-05 -1.84433275e-07 -1.32867150e-13
  3.53525521e-12 -9.62948066e-06  2.35154876e-05  3.63658071e-02
  2.63549935e-04 -4.20651473e-12  3.00247810e-11 -2.93067989e-04
 -5.73070728e-20  8.19114741e-17  9.99311617e-07 -2.72386036e-24
 -1.75881234e-23  1.24349344e-23 -1.91850972e-27 -6.30078982e-26
 -2.72385989e-24  9.97257758e-07 -1.67856340e-28  3.37751045e-29
 -1.05417060e-25 -8.91804098e-25 -1.75881047e-23 -1.67856318e-28
  9.97257758e-07  7.99017781e-28  6.64561708e-13  2.54716387e-12
  1.85547237e-14  8.30463390e-23  2.72560080e-22  3.48992802e-02]
8.820647478103638,base_link,0.4240957508166161,-5.738284397579959,2.5415971997544293e-21,-3.4474417724742724e-22,-3.775094979862328e-22,-0.672320951608195,0.7402597773948353,[ 1.19190948e-03  2.29252391e-05 -2.24592545e-06  4.16390268e-05
  6.27985270e-04 -4.47147981e-04  2.70255409e-05  6.10868096e-04
  9.25672561e-04 -3.04526466e-07 -4.59665146e-06  3.27152428e-06
 -7.08066604e-21  2.12817028e-20  9.99224204e-07 -1.62034515e-15
 -1.13017673e-14 -1.74089528e-24 -2.36904527e-21  2.01625274e-23
 -1.62034515e-15  9.98450809e-07 -2.36052150e-20  3.34994479e-26
  4.65868121e-21 -8.27180613e-24 -1.13017673e-14 -2.36063454e-20
  9.98450809e-07  1.26201226e-23  3.60909019e-18 -1.16387717e-19
 -2.88321712e-19  1.26539453e-19  1.90129739e-18  9.99999231e-10],0.4573815134548515,-0.0592244340631474,-2.1246772856421068e-20,1.1645039891981569e-26,-6.868240168886551e-27,0.2042104667452513,[ 6.02457373e-02 -6.62651655e-06 -4.79637243e-08  2.54914170e-13
  3.01407738e-12 -1.12858571e-05 -2.02755073e-05  3.62667441e-02
  2.62710965e-04  6.76600905e-12  2.67572805e-11 -1.78231095e-04
 -8.93355062e-22  4.98732999e-18  9.98837206e-07 -3.97050754e-24
 -2.76911736e-23  1.74872707e-22 -6.05845175e-28 -1.77714585e-26
 -3.97050766e-24  9.95380974e-07 -2.28253169e-28 -8.23245576e-29
 -2.54454974e-26 -2.26182199e-25 -2.76910685e-23 -2.28253219e-28
  9.95380974e-07  4.96064935e-29  6.52667907e-13  2.53804703e-12
  1.84807627e-14 -3.22562026e-22 -5.88048802e-22  3.48983542e-02]
8.87293028831482,base_link,0.42857302291519334,-5.776954348293025,2.5061992304664267e-22,-2.694727209758832e-23,-4.0920271565562154e-23,-0.6618880033505594,0.7496027421378672,[ 1.21595598e-03  2.78284215e-05  1.12047810e-04  3.08746593e-05
  6.02956914e-04 -4.14037194e-04  8.82416307e-05  5.49029339e-04
  1.01458253e-03 -1.73015687e-06 -3.38279627e-05  2.32576432e-05
 -8.33798057e-22 -2.45110159e-20  9.99360389e-07 -1.29223706e-15
 -9.50391654e-15 -3.93997059e-24 -3.95805923e-22  5.84816693e-22
 -1.29223706e-15  9.98722411e-07 -1.92000286e-20 -8.36824753e-25
 -3.55753838e-20  5.69100261e-21 -9.50391654e-15 -1.92016762e-20
  9.98722411e-07  5.78966007e-24  3.52636176e-18  9.73793206e-21
  1.72250684e-19  8.72968081e-20  1.70698350e-18  9.99999368e-10],0.4514794604674663,-0.05656097422596542,1.4980231067689777e-21,-2.0650754280363234e-28,1.742065551494473e-26,0.20366565639822526,[ 6.01636172e-02 -2.44843832e-05 -1.78408250e-07  7.46022192e-13
  1.35914180e-11 -4.15844758e-05  1.03770872e-05  3.62792760e-02
  2.62873470e-04  2.58894601e-13  2.78091778e-11 -1.64726776e-04
  2.35845736e-20 -3.46944695e-17  9.99041195e-07 -3.17319749e-24
 -2.33341561e-23 -4.01027886e-23 -5.35163238e-26 -1.83773036e-26
 -3.17319868e-24  9.96186667e-07 -1.86291274e-28  7.39197974e-30
  1.92254869e-25  3.94203261e-25 -2.33341945e-23 -1.86291250e-28
  9.96186667e-07 -6.06921724e-28  6.30480244e-13  2.50333261e-12
  1.82321453e-14 -3.14565007e-23 -1.15017614e-21  3.48986500e-02]
8.939743518829346,base_link,0.4496206497361218,-5.812364908097036,-3.38574849468415e-23,-6.95988320195052e-23,2.9718531515394013e-24,-0.6346110125410891,0.7728317169743836,[ 1.20191754e-03  8.06385306e-05  1.48471383e-04  9.57024299e-05
  4.16010383e-04 -2.36514616e-04  1.52868073e-04  3.66266837e-04
  9.05398758e-04 -1.13079886e-05 -4.91469085e-05  2.79826397e-05
  1.92898519e-21  4.41515924e-20  9.99187790e-07 -1.34235857e-15
 -1.17218641e-14  1.56323239e-24 -4.01017161e-21  1.23746220e-21
 -1.34235857e-15  9.98378212e-07 -1.93790800e-20  3.42729766e-24
 -1.06408514e-20  3.87782271e-21 -1.17218641e-14 -1.93741415e-20
  9.98378212e-07  2.67122202e-24  3.95528223e-18  3.56188508e-19
  6.86894109e-19  3.02114485e-19  1.31301490e-18  9.99999195e-10],0.4319426774308773,-0.04307747137239452,-8.760584162383163e-22,-1.6821699511326883e-27,-1.963632282478756e-26,0.22294689799809497,[ 5.99018994e-02 -1.91220097e-05 -1.39278232e-07  4.61967739e-12
  2.00132409e-11 -4.50812911e-05  2.70574092e-05  3.62762958e-02
  2.62812185e-04  4.98320982e-12  1.87969183e-11 -9.40626623e-05
 -6.43215644e-21  1.21430643e-17  9.98782673e-07 -3.28140543e-24
 -2.86486465e-23  2.31409759e-23 -1.20361241e-25 -1.28439177e-25
 -3.28140073e-24  9.95165896e-07 -1.86536156e-28  2.98865045e-29
 -4.55595572e-25 -4.26515003e-25 -2.86486181e-23 -1.86536191e-28
  9.95165896e-07  3.53928003e-28  6.01381190e-13  2.46033142e-12
  1.79145119e-14 -2.97104132e-23 -1.44047683e-23  3.48962137e-02]
8.985074281692505,base_link,0.4715479691220362,-5.854591828921715,2.1383153664161343e-23,3.0072999060360903e-22,1.2425220849543603e-22,-0.6210691090261248,0.7837558049631884,[ 1.23902293e-03  9.40904529e-05  1.96775937e-05  1.01091536e-04
  4.19393872e-04 -2.12760272e-04  4.17362062e-05  3.47076049e-04
  1.12221539e-03 -2.24416882e-06 -9.31494707e-06  4.73066506e-06
 -6.02849230e-21  9.02090089e-20  9.99256273e-07 -1.04718934e-15
 -1.04360357e-14  2.59520161e-24 -5.26086870e-22  1.11669383e-22
 -1.04718934e-15  9.98514752e-07 -1.46881923e-20 -3.08801871e-24
 -2.06464281e-20  1.29701920e-21 -1.04360357e-14 -1.46916575e-20
  9.98514752e-07 -5.51026181e-24  3.77124319e-18  3.71029528e-19
  3.33477303e-19  3.01302591e-19  1.25096304e-18  9.99999264e-10],0.44311121136696513,-0.03267654600224878,-1.685141506084007e-20,-1.709698713205907e-26,9.649898048919878e-26,0.22724712757419868,[ 5.99013326e-02  1.03915518e-04  7.59096450e-07  1.39355673e-12
  8.67575672e-12 -3.22405131e-05  5.16648870e-05  3.62788588e-02
  2.62881197e-04  1.49993646e-12  1.72947069e-11 -8.60682972e-05
 -9.59264813e-20 -3.32307966e-17  9.98885237e-07 -2.56455141e-24
 -2.55520129e-23  1.32862052e-22 -1.77714585e-26 -1.89831488e-26
 -2.56451933e-24  9.95570494e-07 -1.41914960e-28  9.70203240e-29
  2.06795153e-25  4.16821481e-25 -2.55519360e-23 -1.41914770e-28
  9.95570494e-07 -5.45260263e-28  5.76673962e-13  2.41886632e-12
  1.76142092e-14 -4.98002722e-23 -3.80574374e-22  3.48947953e-02]
9.032041549682617,base_link,0.503511038616653,-5.90580197101842,3.024041523183913e-22,3.797009268656251e-23,8.309042097372175e-23,-0.6076760895221059,0.7941849722974627,[ 1.17308187e-03  1.18008204e-04 -2.37946119e-05  1.56738171e-04
  5.04904694e-04 -3.06509292e-04  5.44816758e-05  4.21990943e-04
  9.87575616e-04 -5.04053003e-06 -1.62295942e-05  9.86234429e-06
 -1.41083925e-20  5.77041195e-20  9.99077809e-07 -7.83971055e-16
 -1.33986409e-14 -3.59255982e-24 -1.50877744e-21  6.61744490e-23
 -7.83971056e-16  9.98159011e-07 -1.13911955e-20  4.49521302e-25
  4.66926912e-20 -2.93152809e-21 -1.33986409e-14 -1.13892011e-20
  9.98159011e-07 -2.45644516e-24  3.62738601e-18  7.32682045e-19
  7.94940042e-19  4.73710898e-19  1.52486849e-18  9.99999085e-10],0.464622279647581,-0.018549599978187212,1.039888855142668e-20,-6.756287437440677e-27,-3.6879022472289017e-26,0.23010798712462094,[ 5.99900712e-02  9.37816803e-05  6.85373678e-07  7.05270096e-12
  1.89269083e-11 -5.44631322e-05  3.38482787e-05  3.62488925e-02
  2.62609669e-04  1.46754192e-11  3.53116577e-11 -1.20885227e-04
  5.85511525e-20  2.24429850e-17  9.98617986e-07 -1.91867006e-24
 -3.27838543e-23 -1.56720210e-22 -1.14706687e-25 -2.39106896e-25
 -1.91869959e-24  9.94517310e-07 -1.09934469e-28  4.38685117e-29
 -1.29246971e-26 -1.93870456e-26 -3.27839606e-23 -1.09934495e-28
  9.94517310e-07  2.96915695e-28  5.49631172e-13  2.38609653e-12
  1.73710742e-14 -5.40155414e-22 -1.64070146e-21  3.48944710e-02]
9.090594053268433,base_link,0.5132642828893242,-5.970122870793012,-1.443976991227613e-21,9.342616442985945e-23,8.273708668365155e-23,-0.5790715294874057,0.8152767405839054,[ 1.17725968e-03  2.36984187e-04 -6.33882772e-05  2.93313914e-04
  6.69602952e-04 -3.48520240e-04  3.32695854e-05  4.68582555e-04
  9.63778576e-04 -9.02824490e-06 -2.06070847e-05  1.07469614e-05
  4.38604248e-20 -2.63109609e-19  9.99103743e-07 -7.13239601e-16
 -1.39336062e-14  1.61043149e-23  5.82335151e-21 -5.45939204e-22
 -7.13239588e-16  9.98210691e-07 -1.10852804e-20 -1.60001292e-24
  4.48927462e-20 -4.80426500e-21 -1.39336062e-14 -1.10825416e-20
  9.98210691e-07 -6.91217957e-24  3.84083910e-18  1.16998259e-18
  6.05104057e-19  9.53806453e-19  2.17708115e-18  9.99999111e-10],0.4813183196760199,-0.023224209705150642,-1.217365359534002e-21,1.2985033121261127e-26,-3.8552812886363273e-26,0.24957507684999153,[ 6.00372190e-02  1.32116431e-04  9.67735122e-07  1.21244702e-11
  2.64805972e-11 -7.12795781e-05 -3.55495722e-05  3.62644345e-02
  2.62733144e-04  1.68200565e-11  3.48200964e-11 -1.34188117e-04
  2.20228566e-20  6.01732206e-18  9.98656817e-07 -1.74995110e-24
 -3.41788499e-23  3.48008954e-23 -1.63174301e-25 -2.22951024e-25
 -1.74994380e-24  9.94670153e-07 -1.07485515e-28 -2.14511834e-28
  5.26681406e-25  6.91471293e-25 -3.41788033e-23 -1.07485947e-28
  9.94670153e-07  6.39573618e-28  5.14247726e-13  2.35238651e-12
  1.71275167e-14 -2.13617499e-21 -4.95079870e-21  3.48995983e-02]
9.137849569320679,base_link,0.5204506296702528,-6.030302584205686,2.771792423009829e-22,1.3818745361835784e-22,1.963658315804566e-22,-0.552167505910205,0.8337331979817667,[ 1.15229772e-03  2.46368958e-04 -1.09920826e-04  3.10096444e-04
  7.86563207e-04 -3.93913565e-04 -1.88643680e-05  5.49600958e-04
  6.29516758e-04  8.10202046e-06  2.05445830e-05 -1.03116383e-05
  1.30496013e-20 -1.42672112e-20  9.99177722e-07 -7.47083321e-16
 -1.32105681e-14 -5.53537194e-26  4.11869771e-20  3.34842712e-21
 -7.47083321e-16  9.98358141e-07 -1.20018345e-20 -3.45927512e-25
  1.09267250e-19  1.08790794e-20 -1.32105681e-14 -1.19927266e-20
  9.98358141e-07 -1.24638694e-23  3.82476280e-18  1.38956504e-18
  2.78700163e-19  1.04601712e-18  2.65261563e-18  9.99999185e-10],0.5016917396248208,-0.03164517292795071,-6.555998467849648e-22,-1.517043257412078e-26,-3.925497770127068e-26,0.2684195916941875,[ 6.01621965e-02  1.80926872e-04  1.32235373e-06  9.59378777e-12
  2.11138190e-11 -8.07262375e-05 -3.64056323e-05  3.62474918e-02
  2.62653612e-04  1.88216030e-11  4.19957801e-11 -1.50850950e-04
 -1.69406589e-21 -3.25260652e-19  9.98767595e-07 -1.83033904e-24
 -3.23544981e-23  3.70923628e-23  4.32977352e-25  8.49798832e-25
 -1.83032286e-24  9.95106480e-07 -1.16015948e-28  2.25086378e-28
  8.33642961e-25  1.66082357e-24 -3.23544551e-23 -1.16015947e-28
  9.95106480e-07  5.95458260e-28  4.88009718e-13  2.33441044e-12
  1.69991415e-14 -1.06260066e-21 -2.58538475e-21  3.48986926e-02]
9.18335247039795,base_link,0.5323536200874421,-6.072165919673186,-4.503918035754699e-22,-2.884724327771768e-23,2.6551195746944215e-23,-0.5304906592867434,0.8476907811280693,[ 1.16830349e-03  2.46896105e-04 -5.21153376e-06  3.06294599e-04
  8.34276305e-04 -4.99271049e-04  5.50623790e-05  6.17968864e-04
  1.06445865e-03 -1.71025829e-05 -4.66014099e-05  2.79258172e-05
 -1.58818678e-21  2.54109884e-20  9.99353944e-07 -8.54827386e-16
 -1.06584061e-14  8.58495965e-24 -8.44385969e-21  1.87273691e-21
 -8.54827380e-16  9.98709553e-07 -1.41074103e-20  2.84150829e-24
 -9.74087889e-21  1.53524722e-21 -1.06584060e-14 -1.41023263e-20
  9.98709553e-07 -5.57253886e-25  3.71221574e-18  1.41170779e-18
  1.10000682e-18  9.59319453e-19  2.61384406e-18  9.99999361e-10],0.5033559948200872,-0.03434855867723444,-1.399453985171174e-21,2.7979729364733097e-26,4.432435626524518e-27,0.2788725332521634,[ 6.02239837e-02  1.43252371e-04  1.04657548e-06  1.36028982e-11
  4.07091588e-11 -1.46209638e-04 -1.29165128e-05  3.62644941e-02
  2.62868853e-04  1.03087418e-11  3.65661411e-11 -1.80541833e-04
 -1.07361426e-19 -2.69424240e-17  9.99031540e-07 -2.09366531e-24
 -2.60932946e-23  4.57705901e-23 -7.44785669e-25 -5.63839910e-25
 -2.09366788e-24  9.96148471e-07 -1.36166591e-28 -5.97926517e-28
 -1.94516691e-24 -1.74483410e-24 -2.60932723e-23 -1.36166894e-28
  9.96148471e-07 -9.34918879e-29  4.65342503e-13  2.30983028e-12
  1.68247369e-14 -1.09878351e-22 -6.25460305e-22  3.48974121e-02]
9.239857196807861,base_link,0.5933558134093411,-6.137848171982129,6.008623888101571e-23,-1.7524046506988428e-22,-2.8401062548112423e-22,-0.5014471147533669,0.8651882980632156,[ 8.72252735e-04  2.17232505e-04 -3.70577603e-05  2.66803333e-04
  6.54236937e-04 -3.24744874e-04  1.97122936e-05  4.16484188e-04
  6.17238190e-04 -8.08936929e-06 -1.98384928e-05  9.86899908e-06
  1.11239249e-20 -8.48621134e-20  9.99066722e-07 -7.06419554e-16
 -1.64568186e-14 -1.47947815e-24  2.22875544e-20 -2.40544122e-21
 -7.06419555e-16  9.98136919e-07 -1.24573719e-20  3.88123783e-25
  5.83393942e-20 -5.86305618e-21 -1.64568186e-14 -1.24680994e-20
  9.98136919e-07  1.40354176e-23  3.81061779e-18  1.86219885e-18
  1.20944347e-18  1.13141628e-18  2.77466159e-18  9.99999073e-10],0.5396951418180083,-0.01589557800295062,4.7678296441081914e-21,-1.1350965675496794e-25,-1.2913855060398497e-26,0.2924765204794492,[ 5.99846262e-02  1.74498186e-04  1.27300593e-06  1.70316659e-11
  4.30567565e-11 -1.08190895e-04  1.06742373e-05  3.61077636e-02
  2.61643078e-04  1.40756946e-11  3.64047396e-11 -1.15852355e-04
 -1.31290107e-19 -2.69424240e-17  9.98601387e-07 -1.72586246e-24
 -4.01856456e-23 -6.84000812e-23  4.52364397e-25  3.68353867e-25
 -1.72586017e-24  9.94451981e-07 -1.19832967e-28  1.38618709e-27
  1.31185675e-24  1.10506160e-24 -4.01857099e-23 -1.19831675e-28
  9.94451981e-07  1.57288181e-28  4.36076522e-13  2.28571155e-12
  1.66417552e-14 -8.79707862e-22 -2.16550949e-21  3.48935189e-02]
9.28670334815979,base_link,0.6385658073370917,-6.193156907652975,2.4989947008189136e-21,7.919184277659975e-22,9.084549550732971e-22,-0.4687766133155728,0.8833167533837349,[ 9.51282520e-04  2.01960969e-04 -3.35299997e-05  2.48729824e-04
  9.50045877e-04 -3.29067767e-04  3.10725227e-05  4.32014338e-04
  4.93228016e-04  1.21803379e-06  4.66015509e-06 -1.63031488e-06
 -1.10908377e-20  6.74979380e-21  9.99152122e-07 -3.87036873e-16
 -1.53389280e-14 -7.16821175e-24 -8.20563168e-21 -5.36013037e-22
 -3.87036883e-16  9.98307112e-07 -6.98772329e-21 -4.91470457e-24
  3.93870320e-20  2.03155558e-21 -1.53389280e-14 -6.98476815e-21
  9.98307112e-07 -2.26926753e-23  3.55345096e-18  1.89189524e-18
  1.19585523e-18  9.13213354e-19  3.48887320e-18  9.99999159e-10],0.5671755757326491,-0.00786737627296163,1.2089179236077464e-20,-9.280867245326215e-26,-5.749257031853582e-26,0.31375181492643495,[ 6.00434016e-02  2.04973156e-04  1.49673895e-06  1.35171018e-11
  5.74047631e-11 -1.12015631e-04  6.11789292e-05  3.61274779e-02
  2.61841789e-04  1.43722005e-11  6.06481173e-11 -1.15567369e-04
 -2.15569885e-19 -3.76760255e-17  9.98729259e-07 -9.48367836e-25
 -3.75549526e-23 -1.51667988e-22 -6.80162183e-25 -7.22167449e-25
 -9.48409636e-25  9.94955410e-07 -6.76828517e-29  4.85532532e-28
 -1.31185675e-24 -1.38294259e-24 -3.75551261e-23 -6.76823640e-29
  9.94955410e-07  3.23889951e-28  4.07914933e-13  2.26988567e-12
  1.65291043e-14 -1.11186547e-21 -4.24616657e-21  3.48928985e-02]
9.341352939605713,base_link,0.7148547652464488,-6.271134515855804,9.543642864373682e-22,2.769489557425862e-22,-6.309525360579047e-23,-0.4299463144176596,0.9028544548921885,[ 8.36808209e-04  1.15516801e-04  4.47868748e-06  1.39335659e-04
  8.74583407e-04 -3.15741141e-04  4.80633480e-05  4.19778127e-04
  5.33199031e-04  2.97171777e-07  1.87458100e-06 -7.03920899e-07
  4.51839138e-20 -6.04834464e-20  9.99108461e-07 -6.67605530e-17
 -1.78254176e-14  6.73756800e-25 -4.20869496e-21 -4.86382200e-22
 -6.67605588e-17  9.98220093e-07 -1.32543138e-21 -3.39846162e-24
  1.54583513e-20  1.40289832e-21 -1.78254176e-14 -1.33441770e-21
  9.98220093e-07 -9.26283585e-25  3.65108651e-18  2.03439944e-18
  1.96617220e-18  5.65089440e-19  3.54767668e-18  9.99999115e-10],0.6231716802810408,0.0047925427196422584,3.076100788134122e-21,3.3898441682558466e-26,-1.152985117660156e-25,0.3365294056790413,[ 6.00626325e-02  1.66140846e-04  1.21148571e-06  7.61937792e-12
  5.39162326e-11 -1.23909300e-04  1.03769824e-04  3.60523462e-02
  2.61311254e-04  7.08654130e-12  4.92151693e-11 -1.04768756e-04
 -9.55029648e-20 -2.05456312e-17  9.98663881e-07 -1.64101220e-25
 -4.34277317e-23 -3.01855669e-23 -5.97767240e-26 -5.65455497e-26
 -1.64107479e-25  9.94697884e-07 -1.28957423e-29 -1.21949765e-28
  8.59492355e-25  7.88406521e-25 -4.34277637e-23 -1.28960240e-29
  9.94697884e-07  5.00711692e-28  3.74174609e-13  2.25674340e-12
  1.64321937e-14 -1.89790443e-22 -1.35539550e-21  3.48886666e-02]
9.394191265106201,base_link,0.7773596596564047,-6.318623655143058,3.733165749241589e-23,1.4481938248551103e-22,3.713523140979148e-22,-0.3921590687355841,0.9198974208075809,[ 1.05715432e-03  5.69339481e-05  1.01730249e-04  7.01165495e-05
  1.00902197e-03 -3.93087051e-04  9.79079960e-05  5.25736439e-04
  6.35723789e-04 -4.01259681e-06 -5.77520011e-05  2.25162490e-05
  2.37897144e-21 -3.26637080e-20  9.99409209e-07  9.11839118e-18
 -1.21539943e-14  3.12888261e-25 -3.77194359e-21  6.00533125e-22
  9.11839154e-18  9.98819811e-07  1.87091177e-22  1.91963597e-25
 -1.36584063e-20  1.77347523e-21 -1.21539943e-14  1.88900314e-22
  9.98819811e-07 -7.39446356e-24  3.64031460e-18  1.91893298e-18
  2.45207001e-18  2.09439713e-19  3.01459747e-18  9.99999417e-10],0.6413714273360243,0.01680185882087191,-1.9298534903432006e-21,-1.0049468073764794e-26,-1.9090383597989134e-25,0.3560876395763807,[ 6.03038924e-02  1.82755524e-04  1.33691665e-06  3.62531614e-12
  5.83653418e-11 -1.79446330e-04  2.07767938e-04  3.61201912e-02
  2.61945835e-04  1.58302595e-12  2.84267384e-11 -1.15359146e-04
  1.39760436e-19  2.74303150e-17  9.99114336e-07  2.12323303e-26
 -2.98462370e-23  1.31297157e-23 -6.82585564e-26 -2.94844652e-26
  2.12331687e-26  9.96476022e-07  1.72566538e-30  4.77186916e-29
 -2.23597259e-24 -1.08890573e-24 -2.98462104e-23  1.72564299e-30
  9.96476022e-07  1.02680372e-27  3.33498948e-13  2.25549874e-12
  1.64319658e-14 -1.84115139e-22 -2.71689021e-21  3.48897906e-02]
9.430028915405273,base_link,0.8658708226572961,-6.378752772375304,9.084336342799892e-22,-1.3326064133508362e-22,-3.537955733397588e-22,-0.34622640365630886,0.9381509886000327,[ 8.05512438e-04 -3.00173087e-06  1.34519480e-04 -9.09864996e-06
  1.03105582e-03 -3.76325094e-04  1.01159239e-04  4.64715905e-04
  5.46523055e-04  6.34993537e-07 -7.13790138e-05  2.60987840e-05
  5.58512350e-21  2.81638455e-20  9.98844610e-07  8.40034104e-16
 -2.58393769e-14  1.64825184e-24  4.77779522e-21 -3.35008148e-23
  8.40034103e-16  9.97694542e-07  1.87865729e-20  5.30886908e-26
 -5.50571416e-20  1.06408514e-20 -2.58393769e-14  1.87868227e-20
  9.97694542e-07  4.28422921e-24  3.87502346e-18  2.94690365e-18
  4.00706869e-18 -3.27381145e-20  3.66720342e-18  9.99998850e-10],0.7125239779109513,0.03142959308421253,-2.489477476187666e-20,8.287880229616184e-28,-1.2701223106873888e-24,0.3927985440205919,[ 6.01847146e-02  9.30871465e-05  6.79164800e-07 -4.71733352e-12
  1.06258270e-10 -1.87711123e-04  1.69752457e-04  3.60131413e-02
  2.60959137e-04 -3.20574486e-12  3.75201362e-11 -1.02106382e-04
 -2.04346699e-20 -7.80625564e-18  9.98268913e-07  2.04125066e-24
 -6.28368653e-23  1.28833235e-22  1.57519746e-25  1.07436544e-25
  2.04125120e-24  9.93146627e-07  1.79277751e-28 -1.08769246e-29
 -4.45902049e-24 -1.57035069e-24 -6.28366009e-23  1.79277685e-28
  9.93146627e-07  4.20859909e-27  3.05991621e-13  2.28985754e-12
  1.66692215e-14  2.23140778e-22 -1.51524702e-21  3.48872550e-02]
9.473939418792725,base_link,0.9556164476249137,-6.4216406034389415,1.9786270299497906e-22,-1.4452526203505852e-23,3.7806133937079284e-22,-0.31606434062633204,0.9487377575412723,[ 1.04332300e-03 -1.04243045e-04  5.20905051e-04 -1.39523247e-04
  1.00150509e-03 -4.30750430e-04  3.25744018e-04  6.04717825e-04
  1.12560375e-03  3.60266365e-05 -2.58371029e-04  1.11312624e-04
 -4.08164001e-20 -6.72332402e-20  9.99079395e-07  1.12638233e-15
 -2.25731466e-14 -2.82686809e-24 -8.94678551e-21  3.71900403e-21
  1.12638233e-15  9.98162171e-07  2.76081941e-20  4.57829336e-24
 -7.62329653e-21  6.88214270e-21 -2.25731466e-14  2.76148853e-20
  9.98162171e-07 -1.21459350e-23  4.96878193e-18  3.49966257e-18
  8.52633398e-18 -1.65375221e-19  1.18645943e-18  9.99999087e-10],0.7549134005246267,0.048001879485561706,-1.9361330300622543e-21,1.1450095328620987e-26,-3.266152374493486e-25,0.4021877692837503,[ 6.04145451e-02  1.54598238e-05  1.12566052e-07 -2.16324929e-11
  1.11839114e-10 -2.66152694e-04  3.51658971e-04  3.61142755e-02
  2.61810747e-04 -3.68444957e-12 -6.43095932e-12 -7.59702752e-05
 -7.64976630e-21 -1.76182853e-17  9.98620361e-07  2.75204982e-24
 -5.51835473e-23  1.51598177e-23 -1.68021062e-25 -2.82727748e-26
  2.75204697e-24  9.94526642e-07  2.65922043e-28 -1.14376479e-28
 -1.60266244e-24  9.04728795e-26 -5.51835136e-23  2.65922331e-28
  9.94526642e-07  3.24432038e-27  2.63157102e-13  2.29252207e-12
  1.66952033e-14  9.18232345e-23  7.68023557e-22  3.48862881e-02]
9.540867567062378,base_link,1.1006271206224618,-6.454327173767793,-3.7658589241490904e-22,-6.178862235581083e-22,-2.5435877671175892e-21,-0.24877810846399692,0.9685605054662697,[ 9.58642355e-04 -1.18793887e-04  4.27525086e-04 -1.54256405e-04
  9.28202590e-04 -3.43349829e-04  2.48388471e-04  4.85379482e-04
  1.02104482e-03  3.35054441e-05 -2.01349922e-04  7.46557372e-05
 -6.76038171e-20 -1.34148843e-19  9.98931670e-07  2.51077506e-15
 -2.73848237e-14  2.62154935e-24 -8.25857124e-21  3.03078976e-21
  2.51077506e-15  9.97867892e-07  6.43608665e-20 -4.70670400e-25
  3.91752738e-20 -3.52577464e-20 -2.73848237e-14  6.43757529e-20
  9.97867892e-07  3.60028632e-23  4.40133258e-18  3.89473768e-18
  9.77655339e-18 -7.38715246e-20  4.44470908e-19  9.99998939e-10],0.8038966359283369,0.08382974597231638,-2.198055791052916e-20,2.3786831051342077e-26,-2.024403485164129e-25,0.4399043480209739,[ 6.04171834e-02  4.74227127e-05  3.46311762e-07 -2.78304109e-11
  1.11598771e-10 -2.17831594e-04  3.36448051e-04  3.60154957e-02
  2.61058411e-04 -3.56134509e-12 -1.39564988e-11 -5.10058930e-05
  5.08219768e-21  4.17417836e-18  9.98399214e-07  6.12210044e-24
 -6.67923988e-23  7.61727277e-23 -7.10858339e-25 -9.08767763e-26
  6.12208526e-24  9.93657624e-07  6.17561209e-28 -9.59163265e-29
  1.77068350e-24 -2.24566612e-25 -6.67922915e-23  6.17561225e-28
  9.93657624e-07  8.17906589e-28  1.91696665e-13  2.35802784e-12
  1.71713897e-14 -2.25456759e-23  2.73109472e-21  3.48854013e-02]
9.57968020439148,base_link,1.1797612640271564,-6.4617464892412375,9.02269787819015e-23,-1.6019937053469905e-23,1.7773777293073428e-22,-0.21374939591791517,0.9768885277987076,[ 1.05262505e-03 -2.73467450e-04  4.92663739e-04 -3.61116531e-04
  1.09767995e-03 -4.34219474e-04  2.75921448e-04  6.10062620e-04
  6.84970294e-04  6.85185107e-05 -2.08217278e-04  8.24496116e-05
  2.44051368e-20  2.53580489e-20  9.99284959e-07  2.06928126e-15
 -1.94782300e-14 -2.39800326e-24 -9.79381845e-21  3.30872245e-21
  2.06928126e-15  9.98571958e-07  5.63570971e-20  4.65521695e-24
  6.82920314e-20 -3.03873070e-20 -1.94782300e-14  5.63561480e-20
  9.98571958e-07 -1.52876122e-23  3.54643875e-18  4.53302834e-18
  6.12223395e-18  8.13904580e-20 -2.47061584e-19  9.99999294e-10],0.819596399540651,0.10268633475736322,-2.301216661532135e-21,8.567326560984878e-28,-1.648437227966077e-26,0.45369825171350797,[ 6.06854904e-02 -7.42644188e-05 -5.42946121e-07 -4.10060274e-11
  1.07057221e-10 -2.79378193e-04  3.62138730e-04  3.60244960e-02
  2.61285146e-04 -2.39577037e-12 -1.65439180e-12 -5.06092062e-05
  1.31713623e-19 -6.33716170e-17  9.98928203e-07  5.04212526e-24
 -4.74932186e-23  4.33405546e-24 -6.20385459e-25 -3.59468137e-26
  5.04212432e-24  9.95740099e-07  5.39883935e-28 -2.80027518e-29
  5.81611368e-25 -8.88572924e-27 -4.74932133e-23  5.39884021e-28
  9.95740099e-07  4.15094889e-28  1.67857742e-13  2.36766683e-12
  1.72510141e-14 -3.35129168e-22  1.59173246e-21  3.48835769e-02]
9.632499694824219,base_link,1.3012959167077167,-6.498412487770783,-3.8227926250061116e-22,-3.240258975749336e-23,2.494900951864701e-22,-0.13946429277723935,0.9902271007401001,[ 1.20307890e-03 -3.35508434e-04  3.70271754e-04 -3.93398005e-04
  9.19673027e-04 -2.94736400e-04  2.39062589e-04  4.60032870e-04
  6.35965382e-04  4.94314681e-05 -1.15533406e-04  3.70644647e-05
 -3.97046694e-21 -5.18807680e-21  9.99319461e-07  2.15472225e-15
 -1.90450206e-14  7.96383487e-26 -3.22401916e-20  8.15269212e-21
  2.15472225e-15  9.98640772e-07  6.02971518e-20  1.05983899e-24
  9.95263713e-20 -3.25048894e-20 -1.90450206e-14  6.02954217e-20
  9.98640772e-07 -3.77464538e-24  2.08678092e-18  3.59551026e-18
  5.06116770e-18  3.28729178e-19 -7.68017964e-19  9.99999328e-10],0.8704749513563695,0.10730021684312005,-1.2553568690259627e-20,9.935851820760318e-26,-1.85030162877473e-25,0.5005876345300259,[ 6.09208279e-02 -5.71682758e-05 -4.18241769e-07 -3.71552021e-11
  7.32427765e-11 -1.88630914e-04  3.97566124e-04  3.59421372e-02
  2.60711569e-04 -3.95159593e-13 -4.43931016e-12 -2.81394658e-05
  4.29339825e-20 -2.62919027e-17  9.98979885e-07  5.28836721e-24
 -4.67608038e-23 -8.08814353e-24  2.84343336e-24  2.97369007e-26
  5.28836005e-24  9.95944310e-07  5.84808698e-28 -4.61010401e-28
  2.32644547e-25 -1.45402842e-26 -4.67607852e-23  5.84808552e-28
  9.95944310e-07  8.40666917e-28  8.90185735e-14  2.44917454e-12
  1.78499097e-14 -8.62475548e-22  2.39326969e-21  3.48849787e-02]
9.677570104598999,base_link,1.41727990244453,-6.525996070093326,6.298309999273263e-24,-2.409993735950156e-22,1.085062125863681e-21,-0.06356183201139301,0.9979779023161562,[ 1.50773764e-03 -4.00767101e-04  4.27651315e-04 -4.38881539e-04
  9.02084940e-04 -2.67548747e-04  3.13553476e-04  4.36225528e-04
  7.30588902e-04  5.54311504e-05 -1.13920693e-04  3.38104829e-05
  2.36110434e-20  3.57342025e-20  9.99630482e-07  1.08189924e-15
 -1.04897314e-14  2.35374375e-25  1.63847936e-20 -4.57927187e-21
  1.08189924e-15  9.99261510e-07  3.07066964e-20  1.74525077e-24
 -6.31568941e-20  2.14405215e-20 -1.04897314e-14  3.07028214e-20
  9.99261510e-07 -5.95058691e-24  1.99841868e-18  2.19592325e-18
  3.79815583e-18  1.61137606e-19 -3.31091099e-19  9.99999640e-10],0.9226222643855223,0.10859674371793378,1.6255016716799e-21,2.0944694590696536e-25,-1.9960180595673288e-25,0.5522955604208654,[ 6.13198383e-02 -7.07490544e-05 -5.18934234e-07 -2.47936398e-11
  4.60963467e-11 -1.72403305e-04  4.89190192e-04  3.59455943e-02
  2.60830487e-04  5.21571396e-13 -3.03756314e-12 -1.89060760e-05
  4.60574165e-20 -2.32019265e-17  9.99445927e-07  2.66299081e-24
 -2.58427134e-23  9.90449576e-25  2.95329328e-24 -6.31088724e-26
  2.66298852e-24  9.97791034e-07  2.99258203e-28 -3.40637987e-28
 -4.11005367e-24  2.71418638e-25 -2.58427145e-23  2.99258067e-28
  9.97791034e-07  3.20806802e-28  2.37617916e-14  2.52511467e-12
  1.84214250e-14 -3.53777725e-22  8.15932938e-22  3.48955808e-02]
9.72977614402771,base_link,1.5760686386836638,-6.512221795996671,1.0348399584917963e-22,1.0001652574125187e-21,-1.5108875379224473e-21,0.013312502649019937,0.9999113847102752,[ 1.26453281e-03 -3.27576905e-04  3.04854308e-04 -3.57769689e-04
  6.16805723e-04 -1.67613527e-04  2.26005483e-04  3.09971285e-04
  5.29164435e-04  4.51097561e-05 -7.77351489e-05  2.11624498e-05
 -4.23516474e-22 -7.94093388e-22  9.99234121e-07  2.76523163e-15
 -2.39520879e-14  1.01765566e-25  2.48286533e-20 -9.59529511e-21
  2.76523164e-15  9.98470583e-07  8.64975057e-20 -4.79497909e-24
 -1.02438047e-20  7.64976630e-21 -2.39520879e-14  8.64957271e-20
  9.98470583e-07  7.42716909e-24  2.04624580e-19  3.52373239e-18
  4.73279504e-18  1.02865244e-18 -1.77209594e-18  9.99999243e-10],0.9939508914056964,0.1284190127577657,-4.482521514388737e-21,2.200376480554238e-25,-3.801040263233596e-25,0.5949796825448878,[ 6.11136161e-02 -1.66731013e-04 -1.22192000e-06 -2.79411823e-11
  2.93675433e-11 -1.09942823e-04  2.83513684e-04  3.58734280e-02
  2.60149423e-04  6.86215809e-12 -1.59473687e-11 -3.28919145e-07
 -2.96461532e-20  6.34258271e-18  9.98852059e-07  6.78201893e-24
 -5.87658183e-23  1.43710231e-23  1.69313532e-24 -4.16013687e-25
  6.78200693e-24  9.95439583e-07  8.37827712e-28 -3.16832986e-28
 -2.08087623e-24  1.13091099e-24 -5.87657926e-23  8.37827656e-28
  9.95439583e-07  5.46354116e-28 -6.89103722e-14  2.77471275e-12
  2.02418896e-14 -1.24739252e-21  2.02060891e-21  3.48964108e-02]
9.793446779251099,base_link,1.8107066794606734,-6.455029165331572,-2.9903799701973505e-22,8.102281087467999e-23,-3.5272589740242646e-22,0.12078071248162156,0.9926792127834811,[ 1.28554573e-03 -2.87139552e-04  2.52335929e-04 -3.05007965e-04
  4.65392069e-04 -1.08810534e-04  1.96677438e-04  2.29443169e-04
  4.65231735e-04  3.94953740e-05 -6.02662943e-05  1.41071494e-05
  4.14252051e-21  9.82028823e-21  9.99321286e-07  2.88992118e-15
 -2.42896562e-14  4.40431083e-25 -1.69671287e-20  7.08066604e-21
  2.88992117e-15  9.98644411e-07  1.03424957e-19 -1.92434784e-25
  2.94873345e-20 -1.15408239e-20 -2.42896562e-14  1.03429465e-19
  9.98644411e-07  1.90463055e-24 -2.16258684e-18  3.37195353e-18
  4.05949145e-18  1.39605566e-18 -2.13031340e-18  9.99999330e-10],1.1235064162002466,0.15381009845342633,-2.2790527315903246e-21,6.066849865159086e-26,2.4265130912389856e-26,0.6573317922478117,[ 6.11443093e-02 -3.36262980e-04 -2.46014724e-06 -1.74900094e-11
  2.82661083e-11 -7.19661709e-05  8.42912123e-05  3.58508378e-02
  2.60050619e-04  8.45283783e-12 -1.27767076e-11  9.76898682e-06
  1.07996701e-19 -1.14383329e-17  9.98982618e-07  7.04663172e-24
 -5.92763478e-23  1.01208014e-23  1.56065717e-24 -7.54479192e-25
  7.04662627e-24  9.95955069e-07  9.91824435e-28 -9.02243587e-29
  9.98432849e-25 -4.52364397e-25 -5.92763268e-23  9.91824256e-28
  9.95955069e-07 -3.67801799e-29 -1.02528554e-13  2.86446214e-12
  2.09005539e-14 -4.59623845e-22  7.31130572e-22  3.48938886e-02]
9.839718580245972,base_link,1.9146628967979817,-6.423596424175184,5.59026729240283e-22,-3.151074488942905e-23,1.9418121764431888e-22,0.20932545905521682,0.9778460268320993,[ 1.58613081e-03 -9.21907854e-05  4.18430690e-04 -9.15819910e-05
  3.97649682e-04 -1.09619402e-05  4.46235308e-04  6.29612121e-05
  1.87692412e-03  3.71774184e-05 -1.61675770e-04  4.46599745e-06
  1.01246907e-20  1.48654282e-19  9.99086650e-07  4.13438562e-15
 -3.36558944e-14  3.58364011e-25 -2.15066959e-21 -5.24101636e-21
  4.13438566e-15  9.98176629e-07  1.52342155e-19  1.52531355e-25
  1.47966068e-20 -3.08108235e-20 -3.36558944e-14  1.52344270e-19
  9.98176629e-07 -4.09055446e-25 -2.65457691e-18  1.45333127e-18
  2.49050594e-17  1.06823771e-18 -4.64865720e-18  9.99999095e-10],1.137542021755091,0.1517087788301756,-7.82091666493626e-23,1.8213431628934705e-28,-3.6528055453703545e-26,0.7117827445489,[ 6.15673314e-02 -4.17089090e-04 -3.05028907e-06  1.13285524e-11
  4.20749771e-13 -9.56281416e-06  5.70341945e-05  3.57774943e-02
  2.59440169e-04  8.11280028e-12 -3.33223938e-11  3.07072127e-06
 -3.59989003e-20  3.08997619e-18  9.98631224e-07  1.01112728e-23
 -8.23413334e-23 -1.24980495e-24 -3.92587674e-25 -2.81112161e-25
  1.01112813e-23  9.94569396e-07  1.46915628e-27 -9.01853936e-31
  1.66607423e-27 -5.23450231e-25 -8.23413780e-23  1.46915640e-27
  9.94569396e-07  2.32102860e-29 -1.48760453e-13  2.99681807e-12
  2.18616016e-14 -1.96707850e-21  8.00874331e-21  3.48933249e-02]
9.891496658325195,base_link,2.047761667101285,-6.363726485607156,2.2459631021250214e-21,1.6604762187593435e-23,-3.786625688988523e-22,0.25497339183846596,0.9669480696781954,[ 1.63509494e-03 -1.37557036e-04  3.29299411e-04 -1.48212421e-04
  4.66373817e-04 -4.56726154e-05  2.14657947e-04  1.18858335e-04
  1.17942593e-03  1.98540627e-05 -6.24388208e-05  6.12507216e-06
  1.24937360e-20  5.32571966e-20  9.98917048e-07  4.93510938e-15
 -4.04896406e-14  1.45546675e-24 -1.20437497e-20  3.12343399e-21
  4.93510939e-15  9.97838773e-07  1.84511178e-19  3.89483509e-25
  2.53580489e-20 -1.11967168e-20 -4.04896405e-14  1.84521688e-19
  9.97838773e-07  2.02060117e-24 -7.30412103e-18  3.05869679e-18
  1.87360395e-17  1.36796351e-18 -4.29993179e-18  9.99998925e-10],1.179730900754171,0.1491318573718071,-8.05511814938952e-21,6.2889794731764354e-27,1.053030909961436e-25,0.7086222724927214,[ 6.13338928e-02 -5.64922579e-04 -4.13424165e-06 -1.53939908e-11
  2.52115136e-11 -2.95158699e-05 -2.32683262e-04  3.59017253e-02
  2.60284266e-04  7.96336489e-12 -2.08231651e-11  9.27469075e-06
 -3.48977574e-19  2.19550940e-17  9.98377327e-07  1.20626390e-23
 -9.89909784e-23  8.03179677e-24 -8.07793567e-26  4.20052655e-26
  1.20626270e-23  9.93571785e-07  1.77816600e-27 -8.97571902e-30
  1.23430857e-24 -1.02105107e-24 -9.89908955e-23  1.77816566e-27
  9.93571785e-07 -1.65199620e-28 -1.55477275e-13  3.08244576e-12
  2.24841718e-14 -3.52582712e-21  1.16757501e-20  3.48961905e-02]
9.944746494293213,base_link,2.1785887875386045,-6.295829362335151,1.226078799710205e-21,2.1846158187446676e-22,-2.8790365442399536e-22,0.26736923550890057,0.963594153107721,[ 1.78216649e-03 -1.93025560e-04  3.61144826e-04 -1.99103582e-04
  4.53048045e-04  2.99641315e-05  1.94225663e-04  1.02713091e-04
  1.74455588e-03  3.24051461e-05 -7.37116269e-05 -4.88521865e-06
 -6.39509875e-20 -2.87991202e-19  9.99074308e-07  4.12527540e-15
 -3.66157145e-14 -9.21893764e-25  9.26442286e-21 -5.16160702e-21
  4.12527539e-15  9.98152036e-07  1.63179611e-19  2.80602592e-25
  5.55865372e-22 -5.02925812e-22 -3.66157144e-14  1.63180364e-19
  9.98152036e-07 -7.51795522e-25 -5.93363102e-18  2.58556350e-18
  2.55479160e-17  1.51008410e-18 -3.43475366e-18  9.99999082e-10],1.2144994563827531,0.14282858540519255,-1.8393940193052483e-20,-3.5527579493465494e-26,1.9293029596772966e-26,0.665624347622158,[ 6.13065051e-02 -7.33413734e-04 -5.36934227e-06 -9.60515329e-12
  1.17409215e-11  1.15345450e-05 -3.68181150e-04  3.59811038e-02
  2.60932532e-04  9.83448301e-12 -2.01178673e-11 -6.76075733e-06
  6.73391193e-19 -3.26344854e-17  9.98612745e-07  1.01042644e-23
 -8.97122371e-23 -1.48385746e-23 -7.91637696e-26  7.91637696e-26
  1.01042152e-23  9.94496705e-07  1.57775703e-27 -2.14615582e-29
 -4.68520269e-26  8.40105310e-26 -8.97121261e-23  1.57775714e-27
  9.94496705e-07  1.23070204e-29 -1.96727237e-13  3.17954343e-12
  2.32012063e-14 -3.75794381e-21  8.51939608e-21  3.48985297e-02]
9.99163818359375,base_link,2.2917328151755516,-6.235134737514404,-6.949332886749351e-22,-3.862730679148656e-23,1.2544248360076474e-22,0.25051954583578623,0.9681115416904352,[ 1.89992428e-03 -4.00512108e-05 -4.27414289e-05 -3.76783193e-05
  6.59648719e-04 -1.95054162e-04 -1.15709154e-05  3.58768507e-04
  1.35658285e-03 -1.00023966e-06  1.75592642e-05 -5.19887934e-06
 -6.86559908e-23  3.25048894e-20  9.99360019e-07  2.57439477e-15
 -2.59166891e-14 -8.57805554e-25  2.68337391e-21 -5.68273081e-22
  2.57439477e-15  9.98721672e-07  1.04252719e-19  5.76611847e-26
  7.58094488e-20  5.61821072e-21 -2.59166891e-14  1.04252593e-19
  9.98721672e-07 -1.66585533e-24 -8.00992726e-18  4.19780055e-18
  1.55631055e-17  1.46894724e-19 -2.57724064e-18  9.99999370e-10],1.239533183879328,0.13564217224511424,-9.822832034296722e-22,-8.055260823433294e-27,-1.2230832311806322e-26,0.5979033852289297,[ 6.14099576e-02 -5.83118992e-04 -4.26840246e-06  1.27687981e-12
  4.94465843e-11 -1.15613179e-04 -5.03357500e-04  3.61215770e-02
  2.62093145e-04 -6.11929768e-13 -1.48696041e-11  3.65229590e-05
  7.64023718e-19 -4.68917440e-17  9.99040641e-07  6.30192833e-24
 -6.34934010e-23 -3.75793456e-24  6.88644016e-26 -3.35234330e-26
  6.30192836e-24  9.96184460e-07  1.00662541e-27  2.41013724e-29
 -4.07127958e-25  1.26015796e-25 -6.34934063e-23  1.00662543e-27
  9.96184460e-07  4.45062590e-29 -2.26629289e-13  3.24036110e-12
  2.36564597e-14  1.11543581e-22  2.72113058e-21  3.48975230e-02]
10.031543254852295,base_link,2.4286803629225577,-6.158041582836737,1.3301027504971713e-22,-1.591202905617214e-22,8.684035800720784e-22,0.19306650856710347,0.9811856721689879,[ 1.74350699e-03 -4.50388306e-05 -6.04728711e-05 -6.05873681e-05
  5.63357276e-04 -2.11914169e-04 -8.02762588e-05  3.81000177e-04
  1.12393644e-03 -3.90884762e-06  3.62899464e-05 -1.36746092e-05
  6.16745865e-21  1.01538075e-19  9.99151376e-07  3.33794863e-15
 -3.54109497e-14 -9.27952895e-25 -3.26901778e-21 -2.38228016e-22
  3.33794863e-15  9.98305624e-07  1.39284895e-19 -1.23060366e-25
  1.11702470e-20  3.29548756e-21 -3.54109497e-14  1.39282140e-19
  9.98305624e-07 -8.49675769e-24 -7.70554289e-18  5.21997286e-18
  1.51073314e-17  1.79472497e-19 -1.66611664e-18  9.99999160e-10],1.3113046064308738,0.13442236635483842,-8.703523598404482e-21,-2.947922907549729e-27,1.1990848051961052e-26,0.49419222890911924,[ 6.12458390e-02 -5.07262303e-04 -3.70913865e-06 -9.68759207e-12
  3.38939297e-11 -1.28699216e-04 -4.79636481e-04  3.61114442e-02
  2.61958116e-04  2.58964720e-12 -3.00510194e-12  3.46797565e-05
 -2.39710324e-19  1.69135539e-17  9.98728141e-07  8.14504867e-24
 -8.64567899e-23 -3.85169794e-23 -5.65455497e-26  1.49441810e-26
  8.14505174e-24  9.94950977e-07  1.33778742e-27  9.98718940e-30
  1.10506160e-24 -9.73391248e-26 -8.64568306e-23  1.33778743e-27
  9.94950977e-07 -3.78223082e-29 -2.59531058e-13  3.33553844e-12
  2.43443811e-14 -5.09089141e-22  5.65465234e-22  3.48949818e-02]
10.081566333770752,base_link,2.5782052483362206,-6.114348855383314,3.558016418779726e-22,-9.058894079725248e-24,-4.821199905569689e-22,0.15098563370817752,0.9885359570666815,[ 1.97284449e-03  4.68886246e-05 -2.10641857e-04  5.16358322e-05
  6.45591841e-04 -2.13895877e-04 -1.69428729e-04  4.11239356e-04
  1.23533927e-03  5.30197559e-06  6.63278099e-05 -2.19962993e-05
 -1.53690158e-21  8.15269212e-20  9.99303303e-07  2.68411623e-15
 -3.06454399e-14  1.30452416e-24 -2.26647488e-22 -3.09365549e-22
  2.68411623e-15  9.98608543e-07  1.18062760e-19  1.00456600e-24
 -3.02284883e-20 -7.98063855e-21 -3.06454399e-14  1.18064251e-19
  9.98608543e-07  6.38119822e-24 -6.26581476e-18  5.13563707e-18
  1.62494654e-17 -4.06821729e-20 -5.08518166e-19  9.99999312e-10],1.3462043094798257,0.11834739529877485,-4.6536296680093494e-21,-1.2195257492198692e-26,5.138453013699468e-26,0.40915305700430504,[ 6.16413844e-02 -4.22995538e-04 -3.09520278e-06  1.30562655e-12
  4.66225663e-11 -1.34696302e-04 -5.41438814e-04  3.60870063e-02
  2.61858714e-04  7.47797855e-13 -5.93810811e-13  2.30178031e-05
  3.76082629e-19 -3.18213338e-17  9.98955681e-07  6.58131520e-24
 -7.51747472e-23  5.97345041e-24 -1.17332016e-25 -6.78546596e-26
  6.58131482e-24  9.95848673e-07  1.14317420e-27  4.28778684e-29
 -4.08420427e-24  5.09919689e-26 -7.51747447e-23  1.14317426e-27
  9.95848673e-07 -1.99453002e-28 -2.74419593e-13  3.45637755e-12
  2.52348221e-14 -1.15932772e-22  4.36169302e-22  3.48948357e-02]
10.143307209014893,base_link,2.730399288576442,-6.096405569427671,1.5684351950997934e-22,1.385695475697647e-23,-4.270832082448255e-23,0.058045167806724376,0.9983139578781263,[ 2.06675189e-03 -9.56674139e-05 -1.23571205e-04 -1.31197135e-04
  5.92945555e-04 -2.02935250e-04 -1.83230239e-04  3.65237956e-04
  8.77283466e-04 -1.27935443e-05  5.77133068e-05 -1.97845233e-05
  2.44977810e-20  1.26631426e-19  9.99190812e-07  2.56645955e-15
 -3.51242001e-14 -2.17423407e-24 -4.49986253e-22 -3.63959470e-23
  2.56645955e-15  9.98384237e-07  1.11402174e-19 -1.57099891e-25
 -4.81749989e-21 -2.32934060e-21 -3.51242001e-14  1.11402150e-19
  9.98384237e-07  6.70885977e-25 -4.62493203e-18  5.27379195e-18
  1.24859314e-17 -5.34371251e-20  2.39806615e-19  9.99999199e-10],1.3424892326337978,0.09491344576849715,2.9674021918403554e-21,2.686155986957342e-27,1.5059498549437332e-26,0.26590536895356304,[ 6.18320640e-02 -4.58541326e-04 -3.36077352e-06 -2.52857724e-11
  3.17729279e-11 -1.28619587e-04 -4.79213195e-04  3.60484272e-02
  2.61522791e-04  3.30402976e-12  6.60749728e-12  1.43193532e-05
  5.75135371e-19 -4.47775497e-17  9.98787198e-07  6.30324033e-24
 -8.62844803e-23 -8.17516435e-24  1.87408108e-25 -2.46377038e-26
  6.30324215e-24  9.95183784e-07  1.08195189e-27 -1.09160585e-29
 -1.24723327e-24 -2.62532909e-25 -8.62844865e-23  1.08195187e-27
  9.95183784e-07 -6.91994299e-29 -2.94786927e-13  3.71046423e-12
  2.70979610e-14 -7.45386488e-22 -2.09968877e-21  3.49009756e-02]
10.239880084991455,base_link,2.9799609195246064,-6.121516615226144,-1.1491954600641019e-21,-3.530739318135772e-23,-8.685350236579344e-23,-0.0695760851483286,0.9975766478699432,[ 1.89653931e-03 -1.92231139e-04 -9.33614932e-05 -2.14956081e-04
  5.51842237e-04 -1.67580674e-04 -1.46592734e-04  3.00476123e-04
  9.15503207e-04 -1.76196128e-05  4.52224810e-05 -1.37587042e-05
 -1.25863802e-20 -1.28537250e-19  9.98965384e-07  2.10196657e-15
 -4.51898294e-14 -3.36606803e-24 -1.19114008e-21 -2.91167576e-22
  2.10196657e-15  9.97935036e-07  9.18065845e-20  9.75272451e-25
  3.95987903e-20  1.31157758e-20 -4.51898294e-14  9.18128084e-20
  9.97935036e-07  2.35981498e-24 -4.18467673e-19  5.65478865e-18
  1.78608605e-17 -6.25272942e-19  1.60454564e-18  9.99998972e-10],1.3503322901338448,0.05339863229331522,1.3193002888166532e-20,-3.5308757615089546e-27,2.4845099474947455e-27,0.08567907826036636,[ 6.18814104e-02 -2.59166816e-04 -1.90586024e-06 -1.91726137e-11
  3.80137034e-11 -1.06758266e-04 -1.86526100e-04  3.59761715e-02
  2.60832289e-04 -3.81777855e-12  1.11552175e-11 -1.66049240e-06
 -1.63053842e-20  2.22261445e-18  9.98449678e-07  5.11819710e-24
 -1.10058603e-22 -5.93034074e-26  3.45735647e-25  6.94702468e-26
  5.11819613e-24  9.93855694e-07  8.78682575e-28  2.95785219e-29
  2.08733858e-24  6.12307524e-25 -1.10058597e-22  8.78682616e-28
  9.93855694e-07 -1.37087777e-29 -4.03892645e-13  4.11197118e-12
  3.00468756e-14 -3.07130787e-22  7.98482157e-22  3.49196366e-02]
10.275951385498047,base_link,3.0813868759592347,-6.144424260202631,2.1739765729033117e-21,-6.752223497782945e-24,4.635149047389237e-24,-0.1034809182364881,0.9946314390571682,[ 1.88952041e-03 -2.19996303e-04 -6.01319395e-05 -2.41234708e-04
  4.31449171e-04 -8.81761302e-05 -1.81512347e-04  1.80636779e-04
  1.35522547e-03 -3.79118664e-05  6.77857609e-05 -1.38774046e-05
  1.38701645e-20  1.02067470e-19  9.98979104e-07  1.53052211e-15
 -4.56226227e-14  7.23230136e-24 -1.79465106e-20 -7.13360560e-21
  1.53052208e-15  9.97962362e-07  6.83966848e-20  1.52428604e-25
 -1.66759611e-20 -8.97325528e-21 -4.56226226e-14  6.83954703e-20
  9.97962362e-07 -7.17382430e-25  1.32836283e-18  3.34975810e-18
  2.93324876e-17 -1.50023333e-18  2.68187763e-18  9.99998986e-10],1.3652309852160818,0.042339981649044824,-2.206065621148137e-21,-4.763475616215486e-27,-1.2950261065818803e-28,0.04266310123432574,[ 6.19716161e-02 -8.17073451e-05 -6.02680649e-07 -2.27770328e-11
  3.01009167e-11 -5.59488724e-05 -1.56704045e-05  3.59010100e-02
  2.60317017e-04 -8.89556750e-12  1.63997023e-11 -8.98288109e-06
  1.32348898e-20 -5.74627151e-18  9.98470214e-07  3.72577868e-24
 -1.11072632e-22 -3.16993973e-24  4.58826746e-25  1.79330172e-25
  3.72578754e-24  9.93936339e-07  6.54235993e-28  3.00884860e-29
 -1.09859925e-25 -6.13923111e-26 -1.11072640e-22  6.54236083e-28
  9.93936339e-07  1.05883340e-29 -4.45596397e-13  4.14546002e-12
  3.02899137e-14  1.24489176e-21 -2.45369388e-21  3.49157035e-02]
10.331725358963013,base_link,3.203093094499536,-6.183809775239666,-4.1167093037102206e-21,8.39997941772975e-23,1.018319937133609e-22,-0.2027269650878971,0.9792353024816102,[ 2.00400652e-03 -2.10565031e-04 -1.93530627e-04 -2.23796272e-04
  3.17757783e-04 -7.48698417e-05 -2.49776603e-04  1.61010814e-04
  1.09527218e-03 -5.67561087e-05  8.05559441e-05 -1.90287850e-05
  9.92616735e-22  3.07049443e-20  9.98750878e-07  1.53745414e-15
 -5.54935285e-14 -9.27673576e-24 -1.58289282e-20 -1.73906452e-20
  1.53745415e-15  9.97507971e-07  6.83007870e-20  6.01837213e-25
  6.89537759e-21  1.45848486e-20 -5.54935285e-14  6.83062206e-20
  9.97507971e-07  9.70136738e-25  3.61023886e-18  3.22849330e-18
  2.83689338e-17 -2.67066362e-18  3.78957873e-18  9.99998756e-10],1.353409636491841,0.03195098587150953,-2.2212929381502892e-21,-6.93046052208512e-27,-3.980549722298281e-26,-0.07417791781331345,[ 6.21197829e-02  1.60827709e-04  1.17114508e-06 -8.91649402e-12
  1.81004206e-12 -4.48683507e-05  1.63937570e-04  3.58962715e-02
  2.60229739e-04 -1.43949605e-11  1.97185634e-11 -1.48388113e-05
  1.30231316e-19  2.89481980e-17  9.98128650e-07  3.72116814e-24
 -1.34301006e-22 -3.64805255e-24  1.69636649e-25  2.76265400e-25
  3.72117346e-24  9.92597397e-07  6.46989936e-28 -1.98299706e-29
  1.63578197e-26  1.77714585e-25 -1.34301032e-22  6.46989673e-28
  9.92597397e-07 -9.58289619e-29 -4.65761585e-13  4.18339148e-12
  3.05539129e-14  1.89514294e-22  1.01805419e-22  3.49111961e-02]
10.381439924240112,base_link,3.2894277360024087,-6.22018556108972,-3.403739954613325e-21,-9.876193664447784e-23,3.6575854070817767e-22,-0.27905004933298183,0.9602765591053759,[ 2.41882363e-03 -2.66249193e-04 -3.33477057e-04 -2.73445755e-04
  3.66224919e-04 -3.46275667e-05 -4.30169310e-04  3.40938993e-06
  1.46521974e-03 -1.07983905e-04  1.44593509e-04 -1.37027300e-05
 -1.91078721e-21 -3.07896476e-19  9.99025695e-07  1.18006111e-15
 -4.24289637e-14 -5.71253250e-24 -4.23516474e-21 -7.46447785e-21
  1.18006122e-15  9.98055176e-07  5.14046083e-20 -1.45084952e-24
  7.43800807e-21  1.70465381e-20 -4.24289639e-14  5.14087669e-20
  9.98055176e-07  2.47070078e-24  4.21447767e-18 -1.50209539e-18
  3.24658484e-17 -4.14726967e-18  5.55274575e-18  9.99999033e-10],1.321578457414681,0.030879862433808046,-5.9935649161030526e-21,6.331186947723749e-26,-2.3426467818729253e-26,-0.15769181793760664,[ 6.25095174e-02  4.91958344e-04  3.59611482e-06  1.06987617e-12
 -7.11359050e-12 -1.82942642e-05  3.95467039e-04  3.58721316e-02
  2.60176655e-04 -2.35380502e-11  3.12630554e-11 -1.08485933e-05
  1.70253622e-19  1.23599048e-17  9.98539963e-07  2.88824173e-24
 -1.03826885e-22 -1.38341212e-23  4.13994203e-26 -9.91970500e-25
  2.88834746e-24  9.94210472e-07  4.96122360e-28  1.37396179e-28
 -1.54288571e-25  6.85008945e-25 -1.03826990e-22  4.96123011e-28
  9.94210472e-07 -5.28129653e-29 -4.99026574e-13  4.22276103e-12
  3.08527569e-14  1.09588459e-20 -1.52478139e-20  3.49113539e-02]
10.424272298812866,base_link,3.3622291041535686,-6.249965576050148,-4.959293529616349e-22,-3.630202952647233e-23,-1.5341427566848458e-22,-0.32017471810898324,0.9473585118020702,[ 2.36809440e-03 -2.39756475e-04 -2.76088125e-04 -2.43738181e-04
  3.37569652e-04 -1.90938305e-05 -3.84783442e-04 -2.60165398e-05
  1.61197361e-03 -8.62052025e-05  1.19360167e-04 -6.76619496e-06
 -5.05837488e-20 -6.54332952e-19  9.99061486e-07  1.22628392e-15
 -4.02487113e-14  2.13205254e-24  2.38228016e-22  3.17637355e-22
  1.22628390e-15  9.98126484e-07  5.25916879e-20 -9.56007536e-26
 -1.98258649e-20 -3.58930211e-20 -4.02487113e-14  5.26021548e-20
  9.98126484e-07  9.54725404e-25  7.51402348e-18 -2.15626906e-18
  3.34304486e-17 -3.55175686e-18  4.91709960e-18  9.99999069e-10],1.2910889951905664,0.03871593687425756,2.4704102874674282e-21,2.6663872324428406e-26,-1.1382108053073223e-26,-0.1954679753259798,[ 6.21113042e-02  7.04539940e-04  5.14886340e-06  2.84652452e-12
 -1.03350553e-11 -1.00194780e-05  6.20643143e-04  3.59760225e-02
  2.60974168e-04 -1.92405566e-11  2.58874659e-11 -6.86510168e-06
 -6.94567017e-19 -3.51823605e-17  9.98593546e-07  2.99761337e-24
 -9.83427186e-23 -4.17180570e-24 -4.72559237e-26  3.26348601e-25
  2.99761096e-24  9.94421147e-07  5.06430771e-28 -5.08152245e-29
  2.22951024e-25 -5.55761974e-25 -9.83427494e-23  5.06430322e-28
  9.94421147e-07  2.02731902e-29 -5.15765761e-13  4.23770914e-12
  3.09624453e-14  5.36927507e-21 -7.67288668e-21  3.49089607e-02]
10.488316059112549,base_link,3.4515661534369073,-6.304550526457047,1.2591394230241183e-22,-1.2672230378775059e-23,-8.703429568230589e-23,-0.42166158701986667,0.9067532773758733,[ 2.48935005e-03 -2.83333702e-04 -2.50845316e-04 -2.87959043e-04
  3.19691394e-04  1.62291641e-05 -3.80433452e-04 -5.15998895e-05
  1.49231055e-03 -1.07417625e-04  1.19222551e-04  6.06440612e-06
 -9.41000665e-21 -1.51830656e-19  9.99137655e-07  1.44648971e-15
 -3.52873864e-14 -8.28884097e-25 -2.11758237e-22 -2.64697796e-22
  1.44648964e-15  9.98278276e-07  5.91832000e-20 -3.94821975e-25
  1.88464831e-20  3.31401641e-20 -3.52873862e-14  5.91709903e-20
  9.98278276e-07  1.12821298e-24  8.72887470e-18 -2.81609395e-18
  2.69747376e-17 -3.90545599e-18  4.33402600e-18  9.99999146e-10],1.2374093525996959,0.04736755990790905,-7.258396322844983e-21,-4.7763699195285876e-27,1.7796636003860825e-26,-0.2984532315121171,[ 6.17818101e-02  9.25058499e-04  6.76062206e-06  7.91378803e-12
 -1.47144014e-11  2.53692413e-06  8.74122605e-04  3.61453742e-02
  2.62279184e-04 -2.17687847e-11  2.28792072e-11  4.36311924e-06
 -1.90582413e-19 -7.42678488e-18  9.98707595e-07  3.53237223e-24
 -8.61170923e-23 -1.02356028e-23 -3.13423904e-25  8.56261181e-25
  3.53226870e-24  9.94870037e-07  5.68764199e-28  2.17725148e-29
 -3.23117427e-26  4.84676140e-26 -8.61169403e-23  5.68764653e-28
  9.94870037e-07 -6.87301470e-29 -5.16566878e-13  4.25262256e-12
  3.10735125e-14  9.74820171e-22 -6.77085753e-22  3.49052990e-02]
10.524334907531738,base_link,3.489832502598639,-6.326074987474646,-5.211522851556225e-22,5.487539179763919e-23,1.1525625194688464e-22,-0.4470383235824887,0.8945148054943295,[ 2.77031799e-03 -4.05890540e-04 -1.93472954e-04 -4.27334262e-04
  4.55784493e-04  8.15878040e-05 -3.13362185e-04  1.25327783e-04
  1.12072992e-03 -6.85423582e-05  7.31048790e-05  1.30933734e-05
 -1.12231866e-20  1.77135765e-19  9.99537707e-07  9.27882690e-16
 -1.86493215e-14 -1.04886383e-24 -2.20757962e-20 -6.97478693e-21
  9.27882684e-16  9.99076266e-07  3.74315959e-20 -1.44944264e-26
  4.34104385e-21  1.40289832e-21 -1.86493215e-14  3.74279382e-20
  9.99076266e-07  7.14563476e-25  9.38826658e-18 -6.85229892e-19
  8.49765287e-18 -2.34503946e-18  2.50111714e-18  9.99999547e-10],1.1899989382596703,0.05634011219566355,-2.014544103464501e-21,2.5123270556199754e-26,-2.3742106144833944e-26,-0.31390716438899713,[ 6.18557998e-02  9.32184048e-04  6.83199723e-06 -1.02818096e-11
  1.06566577e-11  2.74927281e-05  1.02662994e-03  3.63437533e-02
  2.63890402e-04 -1.53277687e-11  1.62288679e-11  2.33497888e-05
  1.24259733e-18  4.80301562e-17  9.99306879e-07  2.27977588e-24
 -4.57696207e-23 -3.83042457e-24  4.91138489e-25  7.30245385e-25
  2.27975800e-24  9.97238962e-07  3.63081312e-28  4.41806373e-29
 -5.41221690e-25 -8.23949438e-25 -4.57696032e-23  3.63081299e-28
  9.97238962e-07 -3.80812467e-29 -5.14211612e-13  4.23700658e-12
  3.09799116e-14  1.54231823e-21 -1.63137216e-21  3.49092768e-02]
10.576374292373657,base_link,3.541647833872425,-6.361389109637608,-8.711440202109335e-23,5.669427881004968e-23,-1.0379678410757324e-22,-0.5046972271283129,0.863296420083503,[ 2.21274908e-03 -3.06252954e-04 -3.48054728e-04 -3.12392562e-04
  3.75877522e-04  1.20065496e-04 -3.45996397e-04  1.95818815e-04
  1.19208151e-03 -6.76646342e-05  8.14439978e-05  2.60729133e-05
  2.75815103e-20 -1.04079173e-19  9.99064570e-07  2.25669259e-15
 -3.52239670e-14 -1.57241523e-24  1.91905902e-21  5.79688173e-21
  2.25669261e-15  9.98132632e-07  8.49856192e-20  2.82249965e-24
 -1.33937085e-20 -1.80259199e-20 -3.52239670e-14  8.49812095e-20
  9.98132632e-07 -1.69756789e-24  7.22173580e-18  8.66847335e-19
  1.31686716e-17 -2.48691787e-18  2.99359187e-18  9.99999073e-10],1.1277198760885585,0.06888408339575454,7.782349866134166e-21,9.884370287944142e-27,-1.8524488196162798e-26,-0.3627543327734357,[ 6.12124293e-02  7.87727069e-04  5.76852958e-06  1.73224343e-11
 -1.34667835e-11  2.97652202e-05  7.73761421e-04  3.63779515e-02
  2.63961258e-04 -1.23884907e-11  1.85246908e-11  3.97317961e-05
  3.52365706e-19  1.61546124e-17  9.98598165e-07  5.52863760e-24
 -8.62720167e-23  6.85635363e-23 -3.00499207e-25  2.14873089e-25
  5.52872505e-24  9.94439346e-07  8.21643220e-28  7.87661754e-29
 -8.56261181e-26  1.13091099e-25 -8.62721106e-23  8.21643304e-28
  9.94439346e-07 -1.49086184e-28 -5.44532518e-13  4.38836467e-12
  3.20693723e-14  3.30249595e-21 -4.59827038e-21  3.49103298e-02]
10.62909746170044,base_link,3.594686127073594,-6.404445756392699,-9.173018186743445e-24,2.009545388912561e-23,-1.9361517163498772e-23,-0.5608976570332257,0.8278851480336133,[ 2.09623054e-03 -2.38574386e-04 -1.18022785e-04 -2.53723740e-04
  3.98492512e-04  1.20491326e-04 -1.60421596e-04  2.34185420e-04
  8.07384411e-04 -2.35270088e-05  3.69523666e-05  1.11899319e-05
  7.19978005e-21 -1.53312963e-19  9.99159900e-07  2.44677550e-15
 -3.01325871e-14 -3.52599602e-26 -1.51142442e-20 -5.13513724e-21
  2.44677550e-15  9.98322616e-07  8.77630641e-20  7.02645141e-25
  1.31819502e-20  4.26163452e-21 -3.01325871e-14  8.77609919e-20
  9.98322616e-07 -1.17655981e-25  9.90928832e-18  4.83732848e-19
  5.37731398e-18 -1.50861734e-18  2.36951373e-18  9.99999169e-10],1.07560703786996,0.08472654647567275,-1.2501396093841947e-21,1.8130551392316478e-27,-1.0482087683644573e-26,-0.40715520725990434,[ 6.06866064e-02  6.17976533e-04  4.52646051e-06  1.17998496e-13
  5.92511371e-13  2.82110385e-05  6.96012285e-04  3.65468711e-02
  2.65248642e-04 -1.08606446e-11  1.76214357e-11  3.96772656e-05
 -5.92076030e-19 -3.46944695e-17  9.98740906e-07  6.00158810e-24
 -7.38880069e-23 -2.21048923e-24 -2.01948392e-28  4.03896783e-26
  6.00158516e-24  9.95001316e-07  8.50126701e-28  1.35142734e-29
 -1.54490520e-26 -4.29746178e-25 -7.38879973e-23  8.50126752e-28
  9.95001316e-07 -7.90673867e-29 -5.07912912e-13  4.40117734e-12
  3.21688806e-14  2.65955344e-21 -4.22790826e-21  3.49109671e-02]
10.677297592163086,base_link,3.649646803487988,-6.4373072640814915,-7.723897954223459e-22,-1.748595130693488e-23,9.516994442875607e-24,-0.5941890200625072,0.8043254368955127,[ 2.04397248e-03 -2.67979136e-04 -2.41281324e-04 -2.95336536e-04
  4.40220416e-04  1.84526935e-04 -2.77092169e-04  3.17069598e-04
  9.31611708e-04 -4.92550534e-05  7.34298094e-05  3.08120593e-05
 -1.43466205e-20  5.99275810e-20  9.99288483e-07  2.54848354e-15
 -2.45329793e-14 -1.75023088e-24 -1.16467030e-20 -6.14098887e-21
  2.54848353e-15  9.98578986e-07  8.78705444e-20 -3.65556674e-25
  2.26051918e-20  9.68793933e-21 -2.45329792e-14  8.78714962e-20
  9.98578986e-07 -5.06486971e-26  9.16555637e-18  3.83158403e-19
  3.97382344e-18 -1.78512409e-18  2.66141100e-18  9.99999298e-10],1.0252703319639136,0.10857600051778056,3.9773758846766514e-21,2.436846824405259e-26,-3.7268679939028205e-26,-0.42234788681764046,[ 6.05849016e-02  5.84202353e-04  4.27789174e-06  4.96523566e-12
 -4.42096585e-12  2.32078753e-05  5.93501842e-04  3.66207361e-02
  2.65861140e-04 -1.30591642e-11  2.21850430e-11  6.75841503e-05
  2.30392962e-19  1.43114687e-17  9.98933482e-07  6.24974079e-24
 -6.01395163e-23  3.22506722e-23  1.49441810e-25 -3.89356499e-25
  6.24975081e-24  9.95760985e-07  8.50535876e-28  1.31234366e-28
 -2.26989992e-25  1.13091099e-24 -6.01395300e-23  8.50535880e-28
  9.95760985e-07 -1.92465455e-28 -4.87702326e-13  4.40508047e-12
  3.22037909e-14  1.58520753e-21 -2.64860371e-21  3.49094507e-02]
10.729563236236572,base_link,3.6938282067714208,-6.46797816613115,3.146035824512781e-22,5.34340589854882e-23,2.321011948710728e-23,-0.608105451737502,0.7938562587566648,[ 1.84949573e-03 -1.96210029e-04 -2.85919499e-04 -2.02204080e-04
  3.53423853e-04  7.38593390e-05 -3.04637899e-04  1.15294628e-04
  7.68908143e-04 -3.88876130e-05  6.79713987e-05  1.42253255e-05
  1.10908377e-20 -3.07049443e-20  9.99366699e-07  2.72184450e-15
 -2.06685821e-14  5.19957272e-25 -1.13423006e-20 -9.51588577e-21
  2.72184450e-15  9.98734998e-07  8.88319551e-20  2.09630708e-25
  1.47436672e-20  1.19643404e-20 -2.06685821e-14  8.88297809e-20
  9.98734998e-07  4.29071305e-25  7.51149128e-18 -3.98279413e-19
  2.29591666e-18 -1.17269338e-18  2.04974849e-18  9.99999376e-10],0.9614426406019818,0.1272708044712338,2.4197746907896455e-21,1.3038245410107728e-26,-3.620889952659352e-26,-0.4081339266804211,[ 6.01046130e-02  5.50770899e-04  4.03482729e-06  6.05626810e-12
 -1.03376410e-11  2.54764420e-06  4.81302617e-04  3.66019756e-02
  2.65775802e-04 -7.71792549e-12  1.37280844e-11  2.73642528e-05
 -8.01293168e-19 -5.27464357e-17  9.99050648e-07  6.68487231e-24
 -5.07458434e-23  1.27290533e-23 -2.30221167e-25  2.92421271e-25
  6.68487890e-24  9.96224049e-07  8.61975350e-28  2.84810586e-29
  7.96484457e-25 -1.05820957e-24 -5.07458479e-23  8.61975388e-28
  9.96224049e-07 -9.02732329e-29 -4.97165026e-13  4.41413572e-12
  3.22744398e-14  9.69582955e-22 -1.71803552e-21  3.49090941e-02]
10.787367343902588,base_link,3.7194867590626033,-6.49121132114676,2.8195619200489175e-22,-1.8303124892435115e-23,-3.517304568099598e-23,-0.6126873845987247,0.7903253562638456,[ 1.89514953e-03 -1.77802453e-04 -2.61668916e-04 -1.92061409e-04
  4.17767586e-04  1.65720389e-04 -2.97522995e-04  2.85793310e-04
  1.20079025e-03 -3.10983049e-05  6.76492917e-05  2.68609467e-05
 -1.50745395e-20  9.15854374e-20  9.99395491e-07  2.87272500e-15
 -1.80949778e-14  4.07229810e-24 -2.20360915e-20 -1.09055492e-20
  2.87272501e-15  9.98792442e-07  8.59910968e-20  2.52827815e-25
  3.70047519e-20  1.63980285e-20 -1.80949778e-14  8.59923832e-20
  9.98792442e-07 -1.66158683e-24  7.86275828e-18  3.05783896e-19
  3.70418060e-18 -1.01623614e-18  2.21071654e-18  9.99999405e-10],0.8786130615779284,0.1352098611557579,-2.642900512955468e-22,5.308505076217328e-27,-1.2417160355713984e-26,-0.3786161207908245,[ 6.02194900e-02  4.80287708e-04  3.52138866e-06  2.87636875e-12
 -5.37720093e-12  8.37409587e-06  4.02910868e-04  3.66575867e-02
  2.66210458e-04 -7.55218202e-12  1.76978149e-11  6.37156328e-05
  7.24213170e-20  5.47522097e-18  9.99093784e-07  7.06632702e-24
 -4.44999194e-23  1.16666873e-22  1.73675617e-26 -4.36208526e-26
  7.06636483e-24  9.96394698e-07  8.36702517e-28  5.23499529e-29
 -9.45118473e-26  3.03730381e-25 -4.44999968e-23  8.36702531e-28
  9.96394698e-07 -1.50332634e-28 -5.31781216e-13  4.42149616e-12
  3.23313868e-14  1.11823088e-21 -2.53928579e-21  3.49105509e-02]
10.829204559326172,base_link,3.732059254268458,-6.5094986806451915,-2.0697383181166524e-21,-9.320921937519319e-24,1.6033939967241626e-23,-0.6168395121573336,0.7870889506539287,[ 1.71719641e-03 -1.51437333e-04 -2.56396967e-04 -1.62815053e-04
  3.68736002e-04  1.11065759e-04 -2.90335171e-04  1.98619695e-04
  1.06480327e-03 -3.37674372e-05  7.64666795e-05  2.30680865e-05
 -5.96893530e-21  5.39983504e-20  9.99172291e-07  3.91020796e-15
 -2.31145717e-14 -7.19467703e-24 -6.60421001e-21 -4.34104385e-21
  3.91020795e-15  9.98347314e-07  1.09195299e-19 -3.86596660e-25
  1.69935985e-20  1.27849035e-20 -2.31145717e-14  1.09196293e-19
  9.98347314e-07  1.95633859e-25  7.20976795e-18  2.50304543e-19
  4.14262536e-18 -1.00209542e-18  2.26917207e-18  9.99999181e-10],0.8248323196951459,0.13667843108381655,-1.4015272634924743e-21,2.99911384401834e-27,-1.2581961259611273e-26,-0.36023942245735807,[ 6.00396341e-02  4.50598309e-04  3.29798314e-06  5.12371261e-12
 -1.26849494e-11  2.00718493e-07  3.56337754e-04  3.65845859e-02
  2.65605518e-04 -8.65876664e-12  1.79412691e-11  4.34010716e-05
  7.24213170e-20  5.80048162e-18  9.98759461e-07  9.55863221e-24
 -5.64926045e-23 -3.94963344e-23  8.15871503e-26 -1.37324906e-25
  9.55860719e-24  9.95074402e-07  1.05145951e-27  1.95823565e-29
  3.71585041e-26 -5.16987883e-26 -5.64925415e-23  1.05145955e-27
  9.95074402e-07 -1.04335107e-28 -5.45222342e-13  4.41801630e-12
  3.22949232e-14  1.94695918e-22 -2.33298732e-22  3.49077427e-02]
10.87939190864563,base_link,3.7532962636567366,-6.522182973715319,9.774784349694107e-22,-2.0254870806255066e-23,-2.4650138168573033e-23,-0.6115794943346843,0.7911829890166572,[ 1.82312584e-03 -1.29481383e-04 -2.63431756e-04 -1.36253110e-04
  3.40189363e-04  9.88316700e-05 -2.88591385e-04  1.84084660e-04
  1.27060151e-03 -2.70614616e-05  6.75714463e-05  1.96572617e-05
 -2.01302674e-20  1.43466205e-19  9.99268721e-07  3.53392479e-15
 -1.88814266e-14  2.85212624e-24 -4.10281584e-21 -3.07049443e-21
  3.53392480e-15  9.98539577e-07  9.12451403e-20 -1.18409165e-26
  6.67038446e-21  4.44692297e-21 -1.88814266e-14  9.12457964e-20
  9.98539577e-07 -4.47281388e-25  6.73568654e-18  2.27907846e-19
  4.41345582e-18 -7.04022837e-19  1.75796061e-18  9.99999278e-10],0.7579288661229757,0.14403520287926755,2.9186209207446087e-21,1.0065690951028982e-26,-2.3649706253025028e-26,-0.3252875197055887,[ 5.99981899e-02  4.71374253e-04  3.45156110e-06  3.84433346e-12
 -8.85032697e-12  3.86673874e-07  3.60017875e-04  3.66257578e-02
  2.65967133e-04 -5.88787134e-12  1.59008543e-11  3.86427680e-05
  5.97158228e-20  4.66206934e-18  9.98903882e-07  8.66912359e-24
 -4.63113009e-23  5.55351072e-23  1.40556081e-25 -2.13257502e-25
  8.66914758e-24  9.95644111e-07  8.83903162e-28  3.77296114e-29
  1.98717217e-25 -3.55429169e-25 -4.63113591e-23  8.83903164e-28
  9.95644111e-07 -9.63734037e-29 -5.62525314e-13  4.36205412e-12
  3.18899996e-14  6.05202269e-22 -1.55342787e-21  3.49070090e-02]
10.932475328445435,base_link,3.7915676761983543,-6.5330905986175605,-4.812560267634708e-22,6.17401006516081e-23,1.3089659524854926e-22,-0.6144642971965397,0.7889446289003826,[ 1.87020707e-03 -9.43155283e-05 -3.42495455e-04 -9.61806412e-05
  3.40205657e-04  1.22022674e-04 -3.34396602e-04  2.22371115e-04
  1.56266528e-03 -1.88577812e-05  6.67432048e-05  2.39623113e-05
  5.22513449e-20 -2.38969170e-19  9.99395439e-07  3.17963229e-15
 -1.43350669e-14 -8.03561342e-25  2.01832069e-22  3.83811804e-22
  3.17963228e-15  9.98792338e-07  7.53930966e-20 -3.68399082e-25
  1.60936260e-20  8.47032947e-21 -1.43350669e-14  7.53928855e-20
  9.98792338e-07  1.57264413e-24  5.69348136e-18  4.53603992e-19
  4.44735023e-18 -4.19070963e-19  1.48352181e-18  9.99999405e-10],0.6965249945076109,0.16234711620367537,-3.5936510128775026e-22,3.406472981297339e-27,4.7520095295573946e-27,-0.3030550209016742,[ 6.00430125e-02  5.11536375e-04  3.74884724e-06  3.23275194e-12
 -6.16448778e-12  1.51367471e-06  3.35184392e-04  3.66330445e-02
  2.66092903e-04 -1.97632593e-12  1.52145906e-11  4.79334288e-05
  5.35324823e-19  3.80012861e-17  9.99093706e-07  7.81012812e-24
 -3.52056274e-23  7.54903914e-24 -5.41221690e-26  3.27156395e-26
  7.81012912e-24  9.96394383e-07  7.31780097e-28  1.15258197e-29
  7.91637696e-26 -1.93870456e-25 -3.52056355e-23  7.31780081e-28
  9.96394383e-07  1.56080809e-29 -5.87659478e-13  4.29508512e-12
  3.14062083e-14  1.44428568e-22 -8.45162522e-22  3.49070666e-02]
10.954331398010254,base_link,3.806194006508344,-6.541588233605475,-6.01017450208575e-22,3.357506473163388e-23,4.167025624583076e-23,-0.6102962582095709,0.7921732621184565,[ 1.74182738e-03 -5.42116759e-05 -5.51635702e-04 -5.27816528e-05
  2.98475020e-04  1.36724632e-04 -4.83222710e-04  2.47967032e-04
  2.00807291e-03 -1.71051687e-05  9.68257309e-05  4.44236442e-05
 -3.54165651e-20  1.38913403e-19  9.99238595e-07  4.21816938e-15
 -1.73743144e-14 -4.23836766e-24 -3.14328633e-23  1.85288457e-22
  4.21816938e-15  9.98479503e-07  9.62536019e-20  2.97948979e-26
 -1.76553430e-20 -2.33198758e-20 -1.73743143e-14  9.62528652e-20
  9.98479503e-07  1.74595576e-24  4.63272066e-18  8.90730947e-19
  6.48251703e-18 -2.81183626e-19  1.59209081e-18  9.99999248e-10],0.677448844235528,0.16823561209619733,3.0570519756541592e-21,1.1364830205454027e-27,-1.551264737278246e-26,-0.2866518916929484,[ 6.00929184e-02  5.97243430e-04  4.37397055e-06  4.93337648e-12
 -1.86068563e-11 -9.82220242e-06  2.69000884e-04  3.65606844e-02
  2.65509883e-04 -4.29026755e-13  1.41455425e-11  5.57709481e-05
 -5.04831637e-19 -3.06829215e-17  9.98858760e-07  1.03427963e-23
 -4.25967505e-23  6.41709758e-23 -1.09052132e-25  9.49157441e-27
  1.03428074e-23  9.95466016e-07  9.31747795e-28  8.64343293e-30
  9.91970500e-25 -7.51248017e-25 -4.25967936e-23  9.31747817e-28
  9.95466016e-07 -1.47724905e-28 -6.02680205e-13  4.27500917e-12
  3.12518617e-14  1.32166457e-22 -1.14821722e-21  3.49058996e-02]
11.028725624084473,base_link,3.834059170473017,-6.558677486710572,1.7683928538350935e-21,1.4234739393262553e-23,4.0532830200387474e-23,-0.6070082635184848,0.7946955190639202,[ 1.84532053e-03 -1.84366581e-05 -7.48722195e-04 -1.77548626e-05
  3.12141706e-04  9.26494121e-05 -7.07958170e-04  1.63886572e-04
  2.64472416e-03 -6.21915658e-06  1.09460755e-04  3.25254070e-05
  2.50404115e-20 -1.06514393e-19  9.99464787e-07  3.16383783e-15
 -1.10354073e-14  5.33972255e-24  4.22275703e-22 -2.34092113e-21
  3.16383783e-15  9.98930718e-07  6.52337534e-20 -1.71205707e-25
  2.68403565e-20  3.08372932e-20 -1.10354073e-14  6.52341717e-20
  9.98930718e-07  8.24680870e-25  3.55293078e-18  4.54719924e-19
  5.74935541e-18 -7.40971493e-20  1.30459497e-18  9.99999474e-10],0.6001901359625157,0.17502504361160104,-2.3377838937719972e-21,3.322732429006037e-27,-8.784586002744756e-28,-0.2501317273097022,[ 6.00766884e-02  8.02296214e-04  5.89728438e-06  1.51569265e-12
 -1.49411496e-11 -8.51111347e-06  2.77067535e-04  3.65663618e-02
  2.65632674e-04 -1.57348901e-13  1.36341703e-11  3.75319551e-05
  1.30104261e-18  5.86011274e-17  9.99197609e-07  7.80654051e-24
 -2.72271360e-23  1.42720399e-23  7.75481824e-26 -8.07793567e-27
  7.80653978e-24  9.96805792e-07  6.38195050e-28  1.25883942e-29
 -1.13091099e-25  1.00166402e-25 -2.72271486e-23  6.38195035e-28
  9.96805792e-07 -5.17199647e-30 -6.90945348e-13  4.20144822e-12
  3.07273416e-14  2.55918213e-22 -3.37397575e-21  3.49155872e-02]
11.082126379013062,base_link,3.8476056012808098,-6.56348527829976,-1.1523983753453197e-21,1.7476575979002782e-23,2.0983874844511195e-23,-0.6076733351823732,0.7941870797918656,[ 1.77704974e-03  4.59349394e-06 -7.11652687e-04  6.28235133e-06
  2.75749274e-04  7.79487139e-05 -6.53015144e-04  1.51633314e-04
  2.81829072e-03  2.30256514e-06  1.00653022e-04  2.84784673e-05
 -3.56812629e-20  1.43360326e-19  9.99514910e-07  2.90249926e-15
 -9.16172994e-15 -4.09251493e-24 -1.13489180e-21  7.05171472e-23
  2.90249926e-15  9.99030760e-07  5.48186930e-20  1.59722295e-26
  4.28810430e-21  4.60574165e-21 -9.16172991e-15  5.48186620e-20
  9.99030760e-07  3.14448707e-25  3.73786541e-18  2.80201797e-19
  5.56073139e-18  2.43163163e-20  1.06174946e-18  9.99999524e-10],0.5424693687729626,0.1767631131400586,-4.0131604257390376e-22,7.697384040414336e-29,-7.211621701931429e-27,-0.23080559478197424,[ 6.00392668e-02  7.66940415e-04  5.63352168e-06  5.89208059e-13
 -1.14437282e-11 -7.48137753e-06  2.63272785e-04  3.65379602e-02
  2.65452173e-04  1.07145493e-12  1.14330611e-11  3.18467685e-05
  2.03457314e-18  9.58434720e-17  9.99272717e-07  7.12094743e-24
 -2.24739233e-23 -3.44823092e-23 -2.15075037e-26 -3.89760396e-26
  7.12094708e-24  9.97103467e-07  5.30787380e-28  2.28128624e-31
  8.20718264e-25 -8.19102677e-25 -2.24738893e-23  5.30787380e-28
  9.97103467e-07 -2.40236629e-29 -7.16154566e-13  4.11749454e-12
  3.01151695e-14 -8.95808307e-23  7.84068372e-22  3.49165731e-02]
11.139589309692383,base_link,3.8497931664904526,-6.563013904266609,-2.131231921878581e-21,4.797274312967873e-23,6.016773355904647e-23,-0.6077819997027663,0.7941039231972769,[ 1.73241613e-03  5.06961806e-06 -6.26545149e-04  3.09704156e-06
  2.51737415e-04  1.19137521e-04 -6.12439479e-04  2.17739756e-04
  2.62620291e-03  1.00680409e-06  8.29982892e-05  3.93168329e-05
  8.31680475e-20 -5.44430427e-19  9.99432698e-07  3.33303084e-15
 -9.47392334e-15 -3.95468344e-24 -5.28402975e-21  1.48396202e-21
  3.33303084e-15  9.98866682e-07  5.56620730e-20  2.21454161e-25
  3.38813179e-20  3.01490790e-20 -9.47392330e-15  5.56616443e-20
  9.98866682e-07  1.52428489e-24  2.96355823e-18  6.87072373e-19
  5.84293118e-18  1.14848542e-20  9.53332864e-19  9.99999442e-10],0.4778468133979747,0.17147830014137125,-1.1562852323847582e-20,3.9786487853633983e-28,-1.2215872594375835e-26,-0.21087600282155625,[ 6.01014303e-02  7.19358213e-04  5.28028393e-06 -1.49704354e-12
 -9.87381633e-12 -7.48074280e-06  2.46794429e-04  3.65190357e-02
  2.65291257e-04 -1.41983784e-12  1.18847099e-11  4.88541895e-05
  6.32733612e-19  3.18213338e-17  9.99149529e-07  8.19723853e-24
 -2.32983842e-23  6.39584756e-23 -6.19981563e-26 -5.89689304e-26
  8.19723494e-24  9.96615349e-07  5.41445922e-28  1.05422476e-29
  3.55429169e-26 -4.20052655e-26 -2.32984147e-23  5.41445910e-28
  9.96615349e-07 -7.00306267e-29 -7.74234138e-13  4.03169165e-12
  2.94841134e-14  8.37119866e-23 -1.05017638e-22  3.49174194e-02]
11.162404775619507,base_link,3.848962782754455,-6.558017888801534,-3.879949363802011e-21,9.33956766037217e-23,8.941171658550752e-23,-0.6059595552301337,0.7954954540569661,[ 1.64286856e-03  1.59272422e-05 -6.53643661e-04  1.89241435e-05
  2.57071248e-04  1.08108326e-04 -5.77946434e-04  2.14713906e-04
  2.64016421e-03  6.96556728e-06  9.45155073e-05  3.97973528e-05
  2.01435023e-19 -1.05857943e-18  9.99270562e-07  4.20755507e-15
 -1.14083423e-14 -1.43579794e-23 -1.82310607e-21 -7.31227661e-22
  4.20755508e-15  9.98543247e-07  6.58053642e-20 -2.03930883e-25
 -1.79200408e-20 -1.95346973e-20 -1.14083422e-14  6.58065258e-20
  9.98543247e-07  3.86948874e-24  3.01451121e-18  7.90267264e-19
  7.06245323e-18  8.20466400e-20  1.11276973e-18  9.99999280e-10],0.44860215106952905,0.1691855386535925,-8.54150788578441e-21,-1.5885131516405517e-27,-2.638197224927367e-26,-0.2007307906569663,[ 6.00696842e-02  6.81285746e-04  4.99525135e-06 -4.32313822e-13
 -1.54583428e-11 -9.85039802e-06  2.24555377e-04  3.64827812e-02
  2.64968932e-04  1.89969994e-12  1.45487599e-11  4.48002496e-05
 -3.98952518e-19 -2.11419424e-17  9.98906639e-07  1.03262753e-23
 -2.79971744e-23  3.55703251e-23  1.76704843e-27 -7.67403889e-27
  1.03262730e-23  9.95654999e-07  6.38023538e-28  5.52647872e-30
  2.81112161e-25 -2.66571877e-25 -2.79971834e-23  6.38023523e-28
  9.95654999e-07 -2.32836652e-28 -7.92285047e-13  3.99126392e-12
  2.91809521e-14 -4.54351708e-23 -4.16910760e-22  3.49161836e-02]
11.23672890663147,base_link,3.84250990208231,-6.544793990177101,7.251456692862812e-22,6.610759108018042e-24,8.926603981882511e-24,-0.6001234679889723,0.7999073841194922,[ 1.93568435e-03  4.69516090e-05 -6.37306718e-04  5.27612107e-05
  3.40859425e-04  1.37898142e-04 -5.46325304e-04  2.55199588e-04
  2.85828071e-03  1.23989101e-05  8.00636511e-05  3.24097318e-05
  1.27054942e-21 -4.87043945e-21  9.99590520e-07  2.30794141e-15
 -5.45643173e-15  3.27138837e-24 -5.39983504e-21 -1.45914660e-21
  2.30794141e-15  9.99181710e-07  3.07539434e-20 -4.42335019e-27
 -1.60671562e-20 -8.49679925e-21 -5.45643173e-15  3.07541803e-20
  9.99181710e-07  5.90727070e-25  2.18683429e-18  6.11620150e-19
  4.22351930e-18  1.16948804e-19  7.55008899e-19  9.99999600e-10],0.36426237420197677,0.1588789024827012,-1.1225049859397727e-20,-4.592151331675776e-28,9.921805121121683e-28,-0.16993158315516355,[ 6.01306118e-02  7.05588609e-04  5.19174731e-06 -4.47755293e-14
 -4.84161209e-12  4.91562103e-07  2.54783314e-04  3.66106182e-02
  2.66034104e-04  2.81021165e-12  1.25013150e-11  5.44891230e-05
 -7.86046575e-19 -4.02239006e-17  9.99386030e-07  5.69691716e-24
 -1.34677601e-23  3.89088129e-23  1.06022906e-27 -6.74507628e-26
  5.69691502e-24  9.97553119e-07  3.00980121e-28 -1.05434777e-30
 -2.85958923e-25  7.36707733e-25 -1.34677813e-23  3.00980123e-28
  9.97553119e-07  1.47965189e-29 -8.40759238e-13  3.83262866e-12
  2.80342701e-14 -4.37801856e-23 -5.11179117e-22  3.49246054e-02]
11.29143476486206,base_link,3.8338614619751987,-6.527277157573459,-5.988903913729358e-22,-2.3296800570436183e-24,-6.3134284661249406e-24,-0.5920081891227255,0.8059319475065071,[ 1.76896353e-03  3.31654046e-05 -3.96000884e-04  3.29426675e-05
  2.89964094e-04  4.36260919e-05 -3.84672236e-04  9.70105966e-05
  1.86683585e-03  8.04472865e-06  7.09064453e-05  1.06809791e-05
  7.26066054e-20 -3.56812629e-19  9.99430378e-07  2.94399204e-15
 -6.05275577e-15 -6.51737704e-25 -2.91167576e-22  5.16160702e-22
  2.94399204e-15  9.98862051e-07  3.12822538e-20 -6.02163837e-26
  4.23516474e-22  3.97046694e-22 -6.05275578e-15  3.12823029e-20
  9.98862051e-07 -4.65611613e-25  1.89557743e-18  2.71532951e-19
  4.00011457e-18  7.10064310e-20  6.26028949e-19  9.99999439e-10],0.30197127902711235,0.1506959799242826,-1.410105173801045e-21,4.400329275189756e-28,-6.088042086164181e-28,-0.14446046740387938,[ 5.98936048e-02  6.13937853e-04  4.50819155e-06 -2.17227020e-12
 -8.37235671e-12 -4.87216703e-07  2.92555196e-04  3.65380049e-02
  2.65444321e-04 -1.68495225e-13  1.15552399e-11  1.72987818e-05
  1.04862679e-18  6.17995238e-17  9.99146052e-07  7.23404441e-24
 -1.48723019e-23 -1.28234073e-24  1.03397577e-25  7.77501308e-27
  7.23404612e-24  9.96601579e-07  3.03832738e-28 -4.62449770e-30
  5.16987883e-25 -7.14089513e-25 -1.48722953e-23  3.03832742e-28
  9.96601579e-07 -1.42663091e-29 -8.83204805e-13  3.71834508e-12
  2.71907374e-14  1.51888202e-22  7.45459073e-22  3.49241530e-02]
11.344711780548096,base_link,3.8322242796525408,-6.496458123145702,1.363616551873947e-21,-8.37861819335001e-24,2.9476991833145457e-24,-0.5806478713829353,0.8141548068140765,[ 1.78200762e-03 -4.66374113e-05 -1.93780292e-04 -5.22869256e-05
  3.71002919e-04  1.64702491e-04 -2.23957521e-04  2.96103256e-04
  2.01329131e-03 -5.89625136e-06  4.18268442e-05  1.85858423e-05
  2.84814829e-20 -3.91540980e-19  9.99356751e-07  3.26846215e-15
 -5.47685962e-15  3.56499861e-24  2.64697796e-21  5.67445900e-22
  3.26846215e-15  9.98715154e-07  2.78300068e-20  4.73652470e-25
  1.49024859e-20  4.36751363e-21 -5.47685964e-15  2.78293620e-20
  9.98715154e-07 -1.32668788e-24  1.74167740e-18  6.32434436e-19
  4.44539216e-18 -8.01161338e-20  5.68237395e-19  9.99999366e-10],0.2351010658388115,0.15056979955346178,-4.1368694306071326e-21,7.881656997454357e-28,-2.6458336495630804e-28,-0.11694006825277617,[ 6.01314318e-02  4.70173312e-04  3.44904768e-06 -4.62378147e-13
  9.37728609e-13  1.85052826e-05  3.37862410e-04  3.65466624e-02
  2.65494678e-04 -2.84777157e-12  1.59667128e-11  6.37914572e-05
 -6.18334051e-20 -4.77048956e-18  9.99035746e-07  8.02732658e-24
 -1.34507599e-23  3.23900766e-23  5.55358077e-27  3.39273298e-26
  8.02733062e-24  9.96165119e-07  2.70106086e-28 -1.33133829e-29
  2.62532909e-27  4.84676140e-26 -1.34507823e-23  2.70106097e-28
  9.96165119e-07 -1.64515229e-29 -8.95374215e-13  3.57939026e-12
  2.61701437e-14 -1.05156295e-22  7.14758786e-22  3.49232205e-02]
11.381641387939453,base_link,3.8374039765087176,-6.497332139443426,-4.432511239983361e-22,-1.9633324957092192e-24,-1.656109634560689e-24,-0.5763966940767626,0.8171700257947417,[ 1.80139039e-03 -4.08181295e-05 -1.74951854e-04 -4.10730000e-05
  3.79854834e-04  3.76417965e-05 -1.77339327e-04  6.63108996e-05
  1.00692698e-03 -3.52280474e-06  3.25896820e-05  3.23228607e-06
 -1.53524722e-21  5.02925812e-21  9.99549096e-07  2.27098992e-15
 -3.43876621e-15 -2.46505158e-25  5.24432508e-22  2.06795153e-22
  2.27098992e-15  9.99099005e-07  1.73197325e-20  2.51996201e-26
 -1.13555354e-20 -2.77270941e-21 -3.43876620e-15  1.73193167e-20
  9.99099005e-07  1.48433699e-25  1.22308476e-18  7.52006309e-20
  1.49735143e-18 -4.08497090e-20  3.77928153e-19  9.99999558e-10],0.21950544469355962,0.14990922402707094,-1.5858972442042648e-21,5.922660577664858e-29,4.297628284623707e-28,-0.1043121155896933,[ 5.98606515e-02  5.12221595e-04  3.76503722e-06 -8.62686715e-15
  2.29157325e-12  4.33307947e-06  4.09613596e-04  3.65384966e-02
  2.65513338e-04 -1.03705007e-12  1.29643810e-11  1.38192164e-05
  6.54756468e-19  4.61328024e-17  9.99323949e-07  5.59093104e-24
 -8.46557104e-24 -1.51540495e-24  5.83757070e-28  7.31053178e-26
  5.59093095e-24  9.97306694e-07  1.68730883e-28 -6.71276170e-31
  2.58493941e-25  1.46856870e-24 -8.46556415e-24  1.68730886e-28
  9.97306694e-07 -7.75980449e-30 -8.98787067e-13  3.47201434e-12
  2.53908441e-14 -7.03747753e-23  6.97689242e-22  3.49269337e-02]
11.404131650924683,base_link,3.826401196586502,-6.470300790969278,-4.6300666250172957e-23,-1.759775347953864e-24,-5.600247937272039e-24,-0.5629964900441373,0.8264592864733153,[ 1.72490576e-03 -5.00431561e-05 -2.68560572e-04 -5.48404769e-05
  4.21251645e-04  1.22601996e-04 -2.70194820e-04  2.25060825e-04
  1.79070552e-03 -1.00335994e-05  7.70576717e-05  2.24548654e-05
  5.77041195e-20 -4.03822958e-19  9.99260034e-07  3.69583790e-15
 -5.31904257e-15  1.79165018e-24 -7.30565917e-21 -3.05064210e-21
  3.69583790e-15  9.98522255e-07  2.65667113e-20  4.20660351e-26
  4.54221418e-20  2.29228291e-20 -5.31904258e-15  2.65669270e-20
  9.98522255e-07 -8.05782933e-25  9.94969780e-19  6.11309420e-19
  5.01370607e-18 -8.68722329e-20  6.67146325e-19  9.99999269e-10],0.17519028663106578,0.14680827263323976,-1.0318925781779568e-20,1.449201183779375e-27,7.100182188317255e-27,-0.0819106461555365,[ 6.00973290e-02  5.32137463e-04  3.90489842e-06  3.47103353e-13
 -4.88768680e-12  1.02045515e-05  3.60296341e-04  3.64926755e-02
  2.65068858e-04 -3.40898876e-12  2.32490497e-11  4.85121142e-05
  9.40206571e-20  6.39679282e-18  9.98890871e-07  9.08279862e-24
 -1.30717045e-23  6.83695712e-23  7.42160340e-27 -7.22975242e-26
  9.08280807e-24  9.95592765e-07  2.58217155e-28  9.95237123e-30
 -4.74174824e-25  2.26182199e-24 -1.30718155e-23  2.58217098e-28
  9.95592765e-07  2.93486368e-28 -9.15379046e-13  3.41251680e-12
  2.49440203e-14 -5.49033658e-23  2.84676761e-22  3.49253870e-02]
11.491379499435425,base_link,3.814021924145761,-6.422639748137259,-6.582107099237699e-24,2.288784954748036e-24,7.01824769751551e-24,-0.5384274264210345,0.8426718854201922,[ 1.59471112e-03 -1.15957586e-04 -1.90976974e-04 -1.11705778e-04
  4.12712709e-04  9.21934827e-05 -1.53910907e-04  1.79797500e-04
  1.42978627e-03 -1.24276974e-05  4.59893625e-05  1.02929217e-05
 -1.84229666e-20  1.40607469e-19  9.98950697e-07  5.05476974e-15
 -3.54705276e-15  6.46087498e-26 -3.76532615e-21  3.47415857e-21
  5.05476973e-15  9.97905784e-07  1.70868762e-20 -6.20302776e-26
 -5.77041195e-21 -2.30287083e-21 -3.54705277e-15  1.70882277e-20
  9.97905784e-07 -8.90701269e-25  2.44306075e-19  4.97577069e-19
  4.29117670e-18 -8.83099705e-20  3.27064244e-19  9.99998958e-10],0.09187695044241691,0.14240949430722258,-1.90011457478881e-21,-1.795125370507369e-27,-6.00532408139669e-28,-0.038803483923616267,[ 6.01050489e-02  4.68811719e-04  3.43878342e-06  4.73380970e-12
  2.45992583e-12  1.54211254e-05  4.38188203e-04  3.64134163e-02
  2.64349504e-04  1.17842201e-12  2.36072329e-11  3.50197382e-05
 -1.40607469e-19 -1.07878116e-17  9.98427693e-07  1.23161119e-23
 -8.64246653e-24  2.31931101e-24 -1.49441810e-25 -3.79662976e-26
  1.23161171e-23  9.93769388e-07  1.63702832e-28 -2.39787948e-29
  2.34260134e-26  2.26182199e-25 -8.64247472e-24  1.63702874e-28
  9.93769388e-07  1.96406573e-29 -9.34994920e-13  3.14161717e-12
  2.29470849e-14 -3.11189971e-22  2.06246650e-21  3.49326793e-02]
11.529966115951538,base_link,3.8127325893459783,-6.422475510309683,3.3813391137136096e-22,-1.6018761821406527e-24,2.2852013118268007e-23,-0.5321804268391856,0.8466309664129125,[ 1.52466107e-03 -9.62451604e-05 -7.91765579e-05 -9.82840516e-05
  3.32700887e-04  2.14032623e-05 -1.05624454e-04  4.19936304e-05
  6.51617884e-04 -9.66200258e-06  3.26838098e-05  2.10733196e-06
 -2.11551442e-22 -1.70253622e-19  9.99100008e-07  4.20499522e-15
 -2.47494178e-15 -3.43734060e-25 -3.75870870e-21 -1.07202607e-21
  4.20499522e-15  9.98203247e-07  1.15647089e-20  7.09822052e-26
  3.12343399e-21  2.21022660e-21 -2.47494178e-15  1.15641742e-20
  9.98203247e-07 -1.23347125e-25  1.37205379e-19  9.48711955e-20
  1.88423416e-18 -5.68891659e-20  1.92330084e-19  9.99999108e-10],0.08400211004752192,0.1377683261452657,-1.1548677220951794e-22,-2.4638192255225347e-27,2.5764767933003396e-26,-0.028275580445533403,[ 5.99569502e-02  4.94042877e-04  3.61490404e-06 -1.71442904e-12
 -1.32682432e-12  3.96836991e-06  4.85869125e-04  3.63606662e-02
  2.64046461e-04 -5.79467273e-12  1.08181084e-11  8.02909611e-06
 -1.36795821e-19 -9.97465999e-18  9.98651225e-07  1.02577592e-23
 -6.03742669e-24 -4.30426807e-24  6.86624532e-27  2.34260134e-26
  1.02577489e-23  9.94648076e-07  1.10973645e-28  3.78736160e-30
 -4.24091623e-27  9.69352280e-27 -6.03737139e-24  1.10973718e-28
  9.94648076e-07 -5.06800394e-29 -9.13870298e-13  3.00653773e-12
  2.19636972e-14 -3.90597295e-22  7.92007234e-22  3.49284054e-02]
11.588006973266602,base_link,3.817945538302272,-6.381793936982982,-4.907197663634721e-22,-1.8636907620755607e-24,-5.950797179009862e-24,-0.5133275117148378,0.8581927905294083,[ 1.94091060e-03 -9.26848879e-05 -2.51202397e-04 -9.35274139e-05
  3.38327674e-04 -3.89304998e-05 -2.52101623e-04  7.14734513e-05
  7.19547441e-04 -1.57650597e-05  5.70338861e-05 -6.56966910e-06
 -5.27278010e-20  9.19030748e-20  9.99513071e-07  2.29568085e-15
 -1.14011153e-15  4.16409581e-25  7.05088754e-21  5.46931821e-21
  2.29568085e-15  9.99027089e-07  5.37550286e-21 -3.57800693e-26
 -2.32934060e-20 -1.51671837e-20 -1.14011153e-15  5.37553788e-21
  9.99027089e-07  1.44039737e-25 -2.53998641e-19  9.51239093e-20
  9.87459970e-19 -2.62467595e-20  9.49561728e-20  9.99999522e-10],0.03460801597213019,0.14793298535810848,-5.388042626370315e-21,1.2133812859844591e-27,-3.683987668550665e-27,-0.0008176019091101528,[ 6.01993165e-02  7.21106306e-04  5.29264080e-06  6.71716958e-13
 -1.43478362e-12 -7.46748981e-06  5.92272729e-04  3.64717245e-02
  2.65048657e-04 -2.62255945e-12  1.04588220e-11 -1.49579192e-05
 -3.60836036e-19 -1.81061763e-17  9.99269961e-07  5.64445776e-24
 -2.80322619e-24  9.65151438e-24 -4.57413107e-26  1.78926275e-25
  5.64444876e-24  9.97092548e-07  5.22534874e-29 -8.25229001e-30
  1.09859925e-25 -7.98100044e-25 -2.80319613e-24  5.22534845e-29
  9.97092548e-07  2.44844690e-29 -8.95453769e-13  2.82285133e-12
  2.06317224e-14 -1.68633250e-22  6.71768935e-22  3.49293243e-02]
11.630573749542236,base_link,3.8062497756073315,-6.348898665768251,-1.039799128981641e-22,-1.1706335295146604e-23,-2.6523276301178083e-23,-0.5076414711521995,0.8615684167646993,[ 1.82907777e-03 -1.00368992e-04 -2.38758470e-04 -1.04773267e-04
  3.15866719e-04  4.61489514e-05 -2.81660070e-04  8.17912619e-05
  1.12101605e-03 -2.04160806e-05  6.15277972e-05  8.99915049e-06
  4.42574715e-20 -4.09858067e-19  9.99345985e-07  3.23018304e-15
 -2.13801046e-16 -4.03671331e-25 -1.17128775e-20 -4.24839963e-21
  3.23018304e-15  9.98693677e-07  1.05604771e-21  1.08272136e-26
  1.03761536e-20  5.53218394e-21 -2.13801050e-16  1.05633866e-21
  9.98693677e-07 -1.60922216e-25 -7.38895820e-19  1.51540693e-19
  1.95773063e-18 -1.95719383e-20  5.89231595e-20  9.99999355e-10],-0.006896120238976001,0.14735101001972892,6.562957313133015e-23,-5.19677749918269e-27,-2.2021723176804706e-27,0.006610423482410532,[ 6.02616609e-02  7.19306525e-04  5.27121741e-06 -1.54164911e-12
  4.89262244e-13  8.49056934e-06  5.74656762e-04  3.63899469e-02
  2.64404798e-04 -6.53615992e-12  1.58683043e-11  1.81777498e-05
  7.68258883e-19  3.85975973e-17  9.99019618e-07  7.89336330e-24
 -5.22493960e-25 -1.04687585e-23 -4.50344914e-26 -1.90639282e-25
  7.89335820e-24  9.96101321e-07  1.01594244e-29 -4.79613742e-30
  4.40247494e-26  1.47987781e-24 -5.22469153e-25  1.01594427e-29
  9.96101321e-07 -3.57551659e-30 -8.94693011e-13  2.67859693e-12
  1.95701100e-14 -5.39147870e-22  1.45183471e-21  3.49261503e-02]
11.653033256530762,base_link,3.8049632911355205,-6.335232570735665,-2.9057153652518806e-21,-2.8177995524673486e-24,4.0659661191622484e-23,-0.5147603562687421,0.8573341096760806,[ 1.83945512e-03 -9.87991780e-05 -1.17813527e-04 -1.00355581e-04
  2.66952259e-04  2.79807301e-05 -1.34908092e-04  5.73075428e-05
  6.34908978e-04 -1.01153046e-05  2.69021794e-05  2.82436066e-06
 -4.06972861e-22  1.13820052e-20  9.99259027e-07  3.62395645e-15
  1.73693788e-16 -5.56575365e-25 -4.56603698e-21 -1.67752228e-21
  3.62395645e-15  9.98520245e-07 -8.51352491e-22 -1.94535964e-25
 -5.02925812e-21 -2.50139417e-21  1.73693797e-16 -8.50161336e-22
  9.98520245e-07  1.84653340e-25 -7.08462342e-19  1.21388644e-19
  1.08628600e-18  8.96721965e-21 -2.38654519e-20  9.99999268e-10],-0.021130341081377162,0.14892674995308544,-7.272258269709785e-22,1.537431489819401e-27,2.838116390509949e-26,-0.0031401137457014745,[ 6.01760071e-02  6.46834495e-04  4.73781927e-06 -1.08680113e-12
  1.01592964e-12  6.71302879e-06  6.18962804e-04  3.64095718e-02
  2.64527148e-04 -4.06111378e-12  8.88044502e-12  1.04310313e-05
 -3.28648784e-19 -1.84314369e-17  9.98889362e-07  8.88182444e-24
  4.25733373e-25  1.23369326e-23 -7.89618212e-26 -2.96460239e-25
  8.88183969e-24  9.95586785e-07 -8.21625334e-30  3.82543224e-30
  2.26182199e-26  1.72867823e-25  4.25666629e-25 -8.21633620e-30
  9.95586785e-07  4.59194712e-29 -8.91486158e-13  2.60590854e-12
  1.90354719e-14 -2.92865963e-22  6.41498995e-22  3.49246179e-02]
11.72678828239441,base_link,3.7719059704275177,-6.284244648216066,5.152166442488305e-22,-4.765683289708052e-23,-2.2774269275018734e-23,-0.5209122591531101,0.853610226194604,[ 2.05529766e-03 -1.02163320e-04 -2.04059607e-04 -1.10347672e-04
  4.48445754e-04  7.56145033e-05 -2.46163163e-04  1.33895898e-04
  9.10687846e-04 -1.35351784e-05  5.49465349e-05  9.27342837e-06
 -1.68480147e-20  7.88799432e-20  9.99471009e-07  2.58017835e-15
  1.27715943e-15 -2.12946194e-24  6.59097512e-21  7.01449159e-22
  2.58017835e-15  9.98943136e-07 -6.22787171e-21  2.58652816e-25
  2.11758237e-21  7.01449159e-22  1.27715944e-15 -6.23012810e-21
  9.98943136e-07  4.95973986e-25 -1.29330676e-18  1.72995372e-19
  9.01942796e-19  4.41647173e-20 -1.79317159e-19  9.99999480e-10],-0.08382994762528238,0.13817774824892248,1.2875585432056732e-20,7.479717602910074e-27,1.0551214847203982e-26,-0.010878128036251124,[ 6.03782007e-02  7.47834798e-04  5.49742871e-06 -5.19707197e-12
  4.62811413e-12  1.68049203e-05  6.35696109e-04  3.64697427e-02
  2.65052260e-04 -7.92894878e-12  1.76328733e-11  2.75762076e-05
  1.53651777e-18  7.41052185e-17  9.99206932e-07  6.36580648e-24
  3.15091832e-24 -4.65986132e-23  6.30078982e-26  9.69352280e-26
  6.36579875e-24  9.96842730e-07 -6.09344974e-29 -1.95089646e-29
 -9.37040538e-26 -3.52197995e-25  3.15099957e-24 -6.09344589e-29
  9.96842730e-07 -3.43864263e-29 -9.05994436e-13  2.36528245e-12
  1.72763797e-14 -6.62227396e-22  1.78545501e-21  3.49322823e-02]
11.78417158126831,base_link,3.7554373070255798,-6.246413694668137,2.84904281501763e-22,-6.672824302470898e-24,-9.446652659755908e-24,-0.5400494601569732,0.8416332815330926,[ 2.09320513e-03 -1.54605214e-04 -1.56943711e-04 -1.57614077e-04
  3.47495624e-04  4.08541238e-05 -1.78047454e-04  7.24130180e-05
  6.93007619e-04 -1.61780022e-05  3.56669334e-05  4.19714873e-06
 -6.70744215e-20  1.73535875e-19  9.99495232e-07  2.34069752e-15
  1.68600642e-15 -1.53726882e-26 -5.45277460e-21 -1.57164316e-21
  2.34069752e-15  9.98991482e-07 -7.81826405e-21  6.65266588e-27
  1.24143266e-20  3.74547381e-21  1.68600642e-15 -7.81775598e-21
  9.98991482e-07 -1.46500234e-25 -1.47059076e-18  1.50883162e-19
  6.03387255e-19  8.77855426e-20 -1.93537395e-19  9.99999504e-10],-0.12010009859972232,0.1344977810056944,-1.4792173001364234e-21,-1.8681030573922064e-27,2.1154020131801852e-28,-0.03488511654015214,[ 6.02552710e-02  7.15351664e-04  5.25536309e-06 -1.42189314e-12
  2.75285814e-12  8.84379245e-06  6.96418341e-04  3.64986658e-02
  2.65287719e-04 -5.62482471e-12  1.20504089e-11  1.48596583e-05
  2.53262851e-19  1.28477957e-17  9.99243230e-07  5.75474176e-24
  4.14517386e-24 -4.18484399e-25 -1.15110583e-26 -4.68520269e-26
  5.75473893e-24  9.96986567e-07 -7.59984429e-29  6.62407345e-30
  9.28962602e-27  4.20052655e-26  4.14517429e-24 -7.59984578e-29
  9.96986567e-07  5.93992906e-31 -9.08510056e-13  2.17014254e-12
  1.58463043e-14 -4.78377994e-22  1.02370783e-21  3.49325398e-02]
11.8317711353302,base_link,3.7381969099562,-6.233180551573573,1.4123342376476723e-22,1.0308936730666668e-23,2.1511842679369347e-23,-0.5662001566929578,0.8242677857109727,[ 1.84504213e-03 -1.40348202e-04 -1.75142871e-04 -1.44613918e-04
  3.05836058e-04  5.83919498e-05 -1.86172227e-04  1.09781455e-04
  5.33198655e-04 -1.87310968e-05  3.96163565e-05  7.57443437e-06
  1.21363939e-20 -3.74282684e-20  9.99278794e-07  3.07411948e-15
  2.95955646e-15 -1.28209575e-24 -7.49094763e-21 -3.71238659e-21
  3.07411948e-15  9.98559663e-07 -1.26146858e-20  6.76793216e-26
  1.23084475e-20  5.51894905e-21  2.95955647e-15 -1.26138898e-20
  9.98559663e-07 -4.65097644e-25 -1.62872892e-18  2.08874488e-19
  6.13252941e-19  9.85669661e-20 -2.08468690e-19  9.99999287e-10],-0.13004544139846272,0.12317631422623627,1.0473603600553186e-20,-9.943117992568782e-28,-3.611887759381979e-27,-0.06708561967656827,[ 6.01350275e-02  6.06792979e-04  4.44985742e-06  1.30106350e-12
 -1.92398336e-12  1.01776675e-05  5.68505842e-04  3.64418477e-02
  2.64804145e-04 -5.97625579e-12  1.34461705e-11  2.19668205e-05
 -9.40206571e-19 -5.59990422e-17  9.98918969e-07  7.53391425e-24
  7.25310406e-24 -4.85355854e-23  9.65313313e-26 -4.38631907e-25
  7.53386920e-24  9.95703672e-07 -1.22005355e-28  5.26396414e-30
 -8.15871503e-26  5.71917845e-25  7.25319103e-24 -1.22005385e-28
  9.95703672e-07  2.08261435e-29 -9.22231855e-13  2.00343388e-12
  1.46199757e-14 -4.98457624e-22  1.12751938e-21  3.49297255e-02]
11.887287139892578,base_link,3.713863844356139,-6.212502530968025,1.9000257938173204e-22,1.727452638544248e-24,3.6930660719120254e-24,-0.5753751870338291,0.8178895977733096,[ 2.08053319e-03 -1.35465903e-04 -2.60771093e-04 -1.35681918e-04
  2.93732727e-04 -4.59821430e-06 -2.81297253e-04 -1.67952153e-05
  8.09858663e-04 -2.85946099e-05  6.19067595e-05 -9.70422089e-07
 -6.74979380e-21  2.37169225e-20  9.99380541e-07  2.37593287e-15
  2.83651202e-15  2.76745894e-26 -2.08449514e-21 -1.93229391e-21
  2.37593287e-15  9.98762613e-07 -1.08793455e-20 -1.48476737e-27
  5.90276085e-21  5.04249301e-21  2.83651202e-15 -1.08791965e-20
  9.98762613e-07  8.27437537e-27 -1.77824093e-18  9.38893875e-20
  7.12022867e-19  8.58391947e-20 -1.85838174e-19  9.99999389e-10],-0.14691486522115843,0.1083754737316974,3.1586405934746272e-21,-7.723607204194464e-28,7.704972997296013e-28,-0.07389441983650233,[ 5.99772508e-02  7.35654961e-04  5.39699547e-06  3.61826756e-12
 -7.27816331e-12 -7.44172088e-07  6.18327409e-04  3.65406275e-02
  2.65591445e-04 -5.04548198e-12  1.14569751e-11 -1.77152438e-06
  1.71100655e-19  8.40256684e-18  9.99071385e-07  5.83927394e-24
  6.97128453e-24  9.50784072e-25 -2.88786200e-25  4.02281196e-25
  5.83926279e-24  9.96306078e-07 -1.05719721e-28 -4.04571489e-31
  4.60442333e-25 -7.23783036e-25  6.97130692e-24 -1.05719726e-28
  9.96306078e-07  4.12406865e-31 -9.07994261e-13  1.83306582e-12
  1.33741978e-14 -4.45254482e-22  1.00736782e-21  3.49291122e-02]
11.926606893539429,base_link,3.693637433557598,-6.197181729899494,-9.570923589983111e-22,-7.899807177292679e-24,1.312599488268173e-24,-0.586887056166167,0.8096688108755397,[ 1.90705679e-03 -2.19718060e-04 -9.47665037e-05 -2.26297149e-04
  3.03624342e-04  2.31232396e-05 -1.62437511e-04  2.82029656e-05
  5.77449181e-04 -2.84782199e-05  3.81859460e-05  2.91216981e-06
  1.78009268e-21  1.72053567e-20  9.99252475e-07  2.47831503e-15
  3.64786551e-15 -7.33103050e-25 -3.01226092e-20 -6.63729724e-21
  2.47831503e-15  9.98507180e-07 -1.20944449e-20 -3.12844063e-26
  3.54430349e-20  1.39628087e-20  3.64786552e-15 -1.20938257e-20
  9.98507180e-07 -2.14096261e-26 -1.77813101e-18  2.08840055e-19
  3.87542880e-19  1.82225215e-19 -2.44355449e-19  9.99999261e-10],-0.15931818717006993,0.0962946847105078,4.708711725228588e-21,-1.156743341998048e-27,-9.75898096243023e-27,-0.08571718535453945,[ 5.99386226e-02  5.72929624e-04  4.19732360e-06 -3.43421703e-12
 -8.51989613e-13  3.28937546e-06  6.18581194e-04  3.64877880e-02
  2.65176773e-04 -1.61234755e-11  1.49490000e-11  9.07988823e-06
 -2.55803950e-19 -1.61546124e-17  9.98879549e-07  6.04736566e-24
  8.90124795e-24 -1.23639574e-23 -2.33856238e-25 -1.09859925e-24
  6.04732771e-24  9.95548018e-07 -1.16075904e-28 -1.25472906e-30
 -1.79734069e-26  2.94036858e-25  8.90131779e-24 -1.16075833e-28
  9.95548018e-07 -1.78825400e-29 -8.92268681e-13  1.70753515e-12
  1.24529059e-14 -1.22177157e-21  1.06540020e-21  3.49252378e-02]
11.978205680847168,base_link,3.6757842314648137,-6.184353434819495,-1.731749694120489e-22,-1.6984377426003093e-24,5.2364092561806424e-23,-0.5901512834190087,0.8072926747338272,[ 1.84900680e-03 -1.38123813e-04 -1.07467331e-04 -1.38407809e-04
  2.84269813e-04  1.80649485e-05 -1.12345848e-04  3.11047179e-05
  5.79631613e-04 -1.11387893e-05  2.28884527e-05  1.45699182e-06
 -3.12343399e-21  2.70521148e-20  9.99257738e-07  2.21021420e-15
  3.96237202e-15  3.88483322e-25 -2.44845461e-21 -2.65359541e-21
  2.21021421e-15  9.98517676e-07 -1.17962848e-20  1.52534809e-25
  1.09320190e-20  4.10281584e-21  3.96237201e-15 -1.17972418e-20
  9.98517676e-07 -1.88212205e-25 -1.71134934e-18  1.35911149e-19
  2.97199100e-19  1.22966998e-19 -2.52675499e-19  9.99999266e-10],-0.1623265420612122,0.08421707735657845,-1.526351141179793e-20,-5.6579306881301405e-27,2.9946574550751634e-26,-0.08343965093886963,[ 5.98137685e-02  4.98436391e-04  3.65342294e-06  2.30781250e-12
 -1.19330816e-12  2.68232989e-06  5.17155742e-04  3.64989340e-02
  2.65285975e-04 -2.52782955e-12  1.01648241e-11  6.99518155e-06
 -1.10114283e-20 -8.13151629e-19  9.98887432e-07  5.42274166e-24
  9.72199507e-24  1.71723123e-23  1.61558713e-25 -1.73675617e-25
  5.42279253e-24  9.95579178e-07 -1.14346114e-28  7.86351328e-30
 -1.89831488e-26  1.30862558e-25  9.72191658e-24 -1.14346024e-28
  9.95579178e-07 -4.00033617e-29 -8.76003263e-13  1.55710167e-12
  1.13515649e-14 -2.84048050e-22  9.40411163e-22  3.49240050e-02]
12.036978244781494,base_link,3.6509467446403963,-6.1736929786626895,-1.291851667874307e-22,7.115155688362194e-24,-1.3684903507633314e-23,-0.5899391903968206,0.8074476773351594,[ 1.78777456e-03 -1.51616141e-04 -1.43083218e-04 -1.54916064e-04
  2.60598817e-04  2.89928380e-05 -1.65306725e-04  5.18744122e-05
  5.63270131e-04 -2.37212485e-05  3.99127985e-05  4.44667943e-06
  2.78859128e-20 -1.28537250e-19  9.99176352e-07  1.97168300e-15
  4.29673156e-15 -1.37776508e-25 -9.26442286e-23 -4.63221143e-23
  1.97168300e-15  9.98355410e-07 -1.02873621e-20 -1.81735126e-25
  2.09905352e-20  9.34383220e-21  4.29673157e-15 -1.02865874e-20
  9.98355410e-07  1.60553999e-25 -1.82318428e-18  1.60593702e-19
  2.47989690e-19  1.51088412e-19 -2.54218889e-19  9.99999185e-10],-0.16257876575059704,0.06708984862273255,-1.790799471415868e-21,8.510105435428859e-28,2.5981275385585424e-27,-0.07568322888553458,[ 5.98186586e-02  5.07378485e-04  3.71413973e-06  2.66614415e-12
 -2.82364636e-12  2.86706069e-06  4.93986532e-04  3.64695340e-02
  2.65077773e-04 -7.21922210e-12  1.44965754e-11  1.16221955e-05
 -5.26854493e-19 -3.76218154e-17  9.98765543e-07  4.80669735e-24
  1.04751157e-23  1.92602126e-24 -9.28962602e-27  2.50416006e-26
  4.80670277e-24  9.95098349e-07 -9.85807838e-29 -3.24619780e-30
 -6.22001047e-26  3.10192730e-25  1.04751150e-23 -9.85807317e-29
  9.95098349e-07 -1.69740303e-29 -8.42640533e-13  1.39422328e-12
  1.01587378e-14 -4.51400368e-22  9.32840377e-22  3.49184061e-02]
12.083349466323853,base_link,3.635635453162831,-6.168663412497462,1.756701279165648e-22,2.508338610110958e-23,-4.470898409449249e-23,-0.5887753530425371,0.8082967175794021,[ 2.08713024e-03 -2.31391965e-04 -1.61797920e-04 -2.37355211e-04
  2.85102157e-04  3.33225966e-05 -1.99878494e-04  5.07439065e-05
  6.19528866e-04 -4.06765240e-05  4.88560648e-05  5.71771323e-06
  3.78120802e-20 -1.37907552e-19  9.99308818e-07  1.42079059e-15
  3.70083308e-15 -4.03105691e-25 -3.19225542e-20 -1.74965243e-20
  1.42079059e-15  9.98619542e-07 -7.60996150e-21 -2.96300661e-25
  2.14140517e-20  1.27981384e-20  3.70083309e-15 -7.60833488e-21
  9.98619542e-07  1.27195996e-25 -1.81475081e-18  1.99951006e-19
  1.28137750e-19  2.13441821e-19 -2.56361682e-19  9.99999317e-10],-0.1571904777357866,0.05604715304173479,4.103683974084491e-21,1.2581150251889927e-26,2.5097580513387872e-27,-0.06864633565426066,[ 5.98833317e-02  5.91207063e-04  4.33148841e-06  3.42832231e-12
 -4.63279587e-12  2.84648275e-06  6.13610027e-04  3.65750641e-02
  2.65934714e-04 -1.05634193e-11  1.19669659e-11  1.33192880e-05
 -1.02490987e-19 -6.34258271e-18  9.98963942e-07  3.48039434e-24
  9.06574363e-24 -1.03218221e-23  3.44120060e-25 -1.05820957e-24
  3.48037826e-24  9.95881299e-07 -7.35089714e-29 -2.31361259e-29
 -2.81112161e-25  7.22167449e-25  9.06577393e-24 -7.35088929e-29
  9.95881299e-07 -4.28705254e-30 -8.01874517e-13  1.28509876e-12
  9.36238308e-15 -7.51570711e-22  8.57217558e-22  3.49160956e-02]
12.141155242919922,base_link,3.618767368830055,-6.163420279484053,9.122682110068154e-23,1.1578377881057792e-23,3.423144241895051e-24,-0.5888197811336453,0.8082643536280231,[ 1.98829386e-03 -1.98721000e-04 -1.48304815e-04 -2.00894695e-04
  2.60881173e-04  1.91981298e-05 -1.73581775e-04  2.18815319e-05
  6.16153171e-04 -3.14920539e-05  4.09071627e-05  3.01524659e-06
  1.89655971e-20 -9.84675801e-20  9.99157585e-07  1.27874713e-15
  4.24758722e-15 -1.95031244e-25 -8.89384595e-21 -7.37183362e-21
  1.27874712e-15  9.98318002e-07 -6.44860691e-21 -6.96024931e-26
  8.73502727e-22  4.89690923e-22  4.24758722e-15 -6.44671448e-21
  9.98318002e-07 -9.08425501e-26 -1.66300877e-18  1.65452114e-19
 -2.05446295e-20  1.82505939e-19 -2.37072631e-19  9.99999166e-10],-0.14944350037684676,0.04409072996251116,4.9400975943291076e-23,-8.875285775397555e-27,3.2449551217439725e-27,-0.06266943319911633,[ 5.97995529e-02  5.60501823e-04  4.10325998e-06  5.03067908e-12
 -4.46072977e-12  1.77797299e-06  5.77206025e-04  3.65283638e-02
  2.65573445e-04 -7.73343531e-12  1.29850353e-11  7.66333740e-06
 -1.88888347e-19 -1.21972744e-17  9.98737440e-07  3.12284970e-24
  1.03732790e-23 -2.61788067e-24  1.12283306e-25 -1.66405475e-25
  3.12282482e-24  9.94987617e-07 -6.19895098e-29  2.45138441e-29
 -9.61274345e-26  2.76265400e-25  1.03732979e-23 -6.19896119e-29
  9.94987617e-07 -8.85734439e-30 -7.60478140e-13  1.14767093e-12
  8.35530083e-15 -4.97798570e-22  8.18899441e-22  3.49108743e-02]
12.185097217559814,base_link,3.612458264030565,-6.161999538975417,-9.695211921895906e-23,-2.6582881690039914e-24,1.408622716726152e-23,-0.5886476530049141,0.8083897207484805,[ 2.06078833e-03 -1.82106600e-04 -1.52634897e-04 -1.83943768e-04
  2.95199650e-04  3.86544489e-05 -1.62074339e-04  7.57678126e-05
  5.96906434e-04 -2.29127318e-05  3.67876911e-05  4.82297425e-06
 -2.89844087e-21  9.26442286e-21  9.99322399e-07  9.34736136e-16
  3.19260712e-15  3.38442126e-26 -2.50139417e-21 -2.49477673e-21
  9.34736138e-16  9.98646630e-07 -4.40298557e-21  1.51891036e-25
  1.06673212e-20  4.34104385e-21  3.19260712e-15 -4.40348874e-21
  9.98646630e-07 -1.37942760e-25 -1.55715374e-18  1.23653508e-19
 -9.36846384e-22  1.44716193e-19 -2.32361820e-19  9.99999331e-10],-0.1393426905364719,0.038941404635225725,1.1758230709027969e-21,5.729891638875791e-27,-6.650823451658882e-27,-0.058206771586799655,[ 5.98585012e-02  5.56873623e-04  4.08018166e-06  3.14990858e-12
 -1.49680853e-12  4.52106556e-06  5.69693511e-04  3.65584344e-02
  2.65890002e-04 -4.14262074e-12  1.20789523e-11  1.51565091e-05
  2.54109884e-20  1.62630326e-18  9.98984285e-07  2.28677753e-24
  7.81067178e-24 -9.15712105e-24 -6.05845175e-26  7.91637696e-26
  2.28676937e-24  9.95961674e-07 -4.24571789e-29 -2.40606646e-29
  4.42266978e-26 -3.53813582e-25  7.81068592e-24 -4.24571655e-29
  9.95961674e-07  2.69286179e-29 -7.27468636e-13  1.05669553e-12
  7.69190244e-15 -2.16911806e-22  6.51838235e-22  3.49085948e-02]
12.239657640457153,base_link,3.6109987761746076,-6.162214111379865,1.1809592936053711e-22,7.114402972970802e-24,7.184597902209318e-24,-0.5886083109638046,0.8084183670998186,[ 1.98782925e-03 -1.38528003e-04 -1.80196635e-04 -1.38204222e-04
  2.32007505e-04  3.34627897e-05 -1.75071991e-04  7.37973647e-05
  5.54040303e-04 -2.40997809e-05  4.04813306e-05  5.84985480e-06
  2.68668263e-20 -9.63499978e-20  9.99077212e-07  1.09332097e-15
  3.89752940e-15 -6.11807564e-25  1.07533480e-23  2.38228016e-22
  1.09332096e-15  9.98157820e-07 -4.61821732e-21 -5.78886404e-26
 -4.34104385e-21 -3.91752738e-21  3.89752939e-15 -4.61634459e-21
  9.98157820e-07 -3.57699930e-25 -1.46109905e-18  8.45335579e-20
 -1.47500933e-21  1.12186700e-19 -1.88457457e-19  9.99999085e-10],-0.12375492125177351,0.03649258563435391,-9.565392041975556e-22,-1.6055264736220246e-27,-1.4788240982539967e-27,-0.0533371176505961,[ 5.98256995e-02  5.56520419e-04  4.07308911e-06  6.51676558e-12
 -6.80230855e-12  2.83536838e-06  5.24371164e-04  3.65238339e-02
  2.65577210e-04 -1.85410415e-12  9.32796127e-12  1.33700923e-05
  5.50571416e-19  3.59413020e-17  9.98617092e-07  2.66329292e-24
  9.49434573e-24 -1.04858902e-23  6.46234854e-27 -8.07793567e-28
  2.66326752e-24  9.94513738e-07 -4.42079348e-29  1.78936281e-29
  4.52364397e-26 -6.13923111e-26  9.49437318e-24 -4.42080335e-29
  9.94513738e-07  1.51710772e-29 -6.88387295e-13  9.48268374e-13
  6.89644509e-15 -9.03493601e-23  4.63593292e-22  3.49033845e-02]
12.28404974937439,base_link,3.6096723975901166,-6.162915821272223,1.037539093533921e-22,1.1343575908269155e-23,-1.3296667406628507e-23,-0.5888396797145055,0.8082498571566336,[ 2.11976049e-03 -2.09475320e-04 -1.44818294e-04 -2.13272668e-04
  2.71086548e-04  2.17911015e-05 -1.81918103e-04  2.72542966e-05
  5.73736236e-04 -3.13012576e-05  3.97803419e-05  3.20174059e-06
  2.89844087e-21 -1.13820052e-20  9.99330712e-07  7.90171431e-16
  2.59263760e-15 -2.44426027e-25 -6.56450534e-21 -2.65359541e-21
  7.90171426e-16  9.98663211e-07 -3.06333771e-21 -1.95127985e-25
  1.84494364e-20  9.07913440e-21  2.59263760e-15 -3.06132531e-21
  9.98663211e-07  4.21038533e-26 -1.29629455e-18  1.26654364e-19
  2.68100892e-20  1.34644554e-19 -1.71116687e-19  9.99999339e-10],-0.11188644908553774,0.03434138185372692,4.442239949154421e-22,-4.360839081539501e-27,4.4455917645858045e-27,-0.05002377373010955,[ 5.98086844e-02  5.95793594e-04  4.36609928e-06  1.26536893e-12
 -2.73280390e-12  2.20434101e-06  6.15738099e-04  3.65597159e-02
  2.65971306e-04 -1.01173743e-11  1.12574033e-11  8.57896271e-06
  4.96361307e-19  3.02492406e-17  9.98996738e-07  1.93352838e-24
  6.34418654e-24 -5.82816353e-24 -7.95676663e-26  6.44619266e-25
  1.93350310e-24  9.96010889e-07 -2.95184564e-29  1.45778077e-29
  2.15680882e-25 -8.91804098e-25  6.34421681e-24 -2.95184745e-29
  9.96010889e-07 -1.33591472e-29 -6.51267119e-13  8.72870352e-13
  6.34764206e-15 -4.63008928e-22  5.17315744e-22  3.49015788e-02]
12.329790115356445,base_link,3.6071015248267493,-6.161893502920855,3.9813341996071416e-23,-1.0800023130184533e-23,-9.738196185187719e-25,-0.5890607736231669,0.8080887358319482,[ 2.09636163e-03 -2.07344920e-04 -1.83286972e-04 -2.11286587e-04
  2.67314700e-04  3.12701256e-05 -2.09790063e-04  4.66015088e-05
  5.80670563e-04 -3.41700988e-05  4.32295415e-05  5.06451685e-06
 -7.66300119e-21  2.72638730e-20  9.99287638e-07  7.83133231e-16
  2.50855328e-15 -3.39960647e-26  8.00710833e-21  5.10866746e-21
  7.83133233e-16  9.98577301e-07 -2.75654366e-21  1.44516488e-25
  2.09111259e-21  1.41613321e-21  2.50855328e-15 -2.75864234e-21
  9.98577301e-07  1.28308565e-25 -1.10751006e-18  1.06264766e-19
  3.60157380e-20  1.22054251e-19 -1.54413868e-19  9.99999296e-10],-0.10310904605771322,0.031793531383011026,-5.936573223323951e-22,-7.021715198501019e-28,-1.0901792162905195e-28,-0.04685200896085582,[ 5.98355212e-02  6.05016714e-04  4.43527400e-06  3.63570352e-12
 -4.88087735e-12  2.87509675e-06  6.00833679e-04  3.65406275e-02
  2.65841451e-04 -8.53555021e-12  1.04098710e-11  1.23220643e-05
 -8.66514705e-19 -5.18790740e-17  9.98932216e-07  1.91783014e-24
  6.14336379e-24  9.92935277e-25 -2.00736701e-25  4.68520269e-25
  1.91783128e-24  9.95755980e-07 -2.66360388e-29  3.52709737e-30
 -5.65455497e-26  1.17937861e-25  6.14336032e-24 -2.66360523e-29
  9.95755980e-07  7.61721468e-31 -6.20840727e-13  7.96720329e-13
  5.79013810e-15 -3.88540681e-22  4.74968988e-22  3.48999868e-02]
12.37913465499878,base_link,3.603622152595904,-6.160995872276216,3.1879253968747575e-23,-6.0669075012518296e-24,5.883319909766489e-24,-0.5886724610724753,0.8083716555983858,[ 2.20684087e-03 -2.33188950e-04 -1.67105018e-04 -2.37851609e-04
  2.87909762e-04  4.01196861e-05 -1.90793804e-04  6.94744408e-05
  5.67940341e-04 -3.24968146e-05  3.93389606e-05  5.48846160e-06
  3.77194359e-20 -1.03655657e-19  9.99380069e-07  6.01095720e-16
  2.01639209e-15 -8.07969048e-25  2.91167576e-21  1.64774378e-21
  6.01095718e-16  9.98761671e-07 -1.95293693e-21  3.06186674e-25
 -1.85288457e-21 -9.26442286e-22  2.01639209e-15 -1.95489199e-21
  9.98761671e-07 -4.03890985e-26 -1.06199401e-18  1.05668745e-19
  1.52915227e-20  1.19850374e-19 -1.45085526e-19  9.99999389e-10],-0.09457231605954636,0.028657374854506593,7.362431779073744e-22,3.0579861365641718e-27,-8.300765692459235e-28,-0.04279065898231207,[ 5.98773936e-02  6.07094727e-04  4.45445517e-06  2.57753648e-12
 -2.55743943e-12  4.35139099e-06  6.38450729e-04  3.65831405e-02
  2.66215316e-04 -7.82748879e-12  1.02980645e-11  1.56188929e-05
  1.07573184e-19  6.39679282e-18  9.99070678e-07  1.47418721e-24
  4.94508534e-24 -2.52275927e-23 -6.98741435e-26  2.05179566e-25
  1.47415135e-24  9.96303268e-07 -1.89270566e-29 -3.24931534e-29
 -5.77572400e-26  2.31028960e-25  4.94513768e-24 -1.89269974e-29
  9.96303268e-07  8.11372765e-30 -5.87258235e-13  7.23507192e-13
  5.25517622e-15 -3.17487001e-22  4.17358415e-22  3.48994816e-02]
12.436900615692139,base_link,3.60442138833528,-6.161258400410732,-8.083516176961153e-23,-7.09597974385683e-25,-3.310421185094812e-23,-0.5883457320152019,0.808609485239628,[ 1.91840914e-03 -1.89218519e-04 -1.28437965e-04 -1.95648246e-04
  2.68464915e-04  4.19335835e-05 -1.60143829e-04  8.10433220e-05
  5.57879371e-04 -2.59920867e-05  3.56635367e-05  5.57947884e-06
  7.25271961e-21 -8.02034322e-20  9.99147776e-07  7.98818272e-16
  2.45391083e-15 -3.63357304e-25 -8.89384595e-21 -4.00355416e-21
  7.98818263e-16  9.98298450e-07 -2.30218780e-21 -3.20462208e-25
  1.24143266e-20  6.06157953e-21  2.45391084e-15 -2.30273182e-21
  9.98298450e-07  5.56501642e-25 -9.59019505e-19  8.87339956e-20
  1.32624103e-20  1.02660587e-19 -1.40858534e-19  9.99999156e-10],-0.08264517828348875,0.027958438959935168,3.6911945273300815e-23,1.3753653226816116e-27,-6.380908490731471e-28,-0.0385539592002862,[ 5.98225880e-02  5.24030300e-04  3.83981417e-06  1.82717847e-12
 -2.98666689e-12  4.69069182e-06  5.45181567e-04  3.64690125e-02
  2.65320196e-04 -9.66086157e-12  1.25219560e-11  1.64291485e-05
 -2.04981973e-19 -1.41488384e-17  9.98722752e-07  1.95058868e-24
  5.99197444e-24 -2.01524395e-23  2.68591361e-26 -1.42171668e-25
  1.95055210e-24  9.94929745e-07 -2.21095759e-29 -6.80840262e-30
 -8.52222213e-26  3.57044757e-25  5.99202668e-24 -2.21095629e-29
  9.94929745e-07  3.83471262e-30 -5.54747068e-13  6.40487663e-13
  4.64633198e-15 -3.34184422e-22  4.32981967e-22  3.48953197e-02]
12.471825122833252,base_link,3.6044968705584677,-6.162733585392513,9.078001089444166e-23,-3.8219482766103193e-25,-9.445675112274667e-24,-0.5885837089227511,0.8084362792395812,[ 2.19145740e-03 -2.20817952e-04 -1.50773225e-04 -2.24255698e-04
  2.97451755e-04  3.03887080e-05 -1.77228538e-04  4.58346939e-05
  5.52464028e-04 -2.38856298e-05  3.16809640e-05  3.23940286e-06
 -6.17275260e-20  1.17102305e-19  9.99523233e-07  4.40991146e-16
  1.28468511e-15 -1.60578538e-25  1.13952401e-20  3.36166201e-21
  4.40991143e-16  9.99047375e-07 -1.18907395e-21 -8.04250746e-26
 -2.26316616e-20 -6.94169970e-21  1.28468511e-15 -1.18912135e-21
  9.99047375e-07  1.13101885e-25 -7.83919293e-19  7.84391529e-20
  4.08910364e-20  8.49632232e-20 -1.12691767e-19  9.99999532e-10],-0.07481433205733841,0.0270067184179022,-1.257003769347849e-22,-3.92770235031166e-28,-1.46806186766504e-28,-0.03680233582110308,[ 5.98389395e-02  6.00936823e-04  4.41662476e-06 -3.48310190e-13
  2.73894968e-13  3.89296472e-06  6.33365707e-04  3.65739763e-02
  2.66249253e-04 -7.68618191e-12  9.92110826e-12  1.16523942e-05
  6.32733612e-19  3.81639165e-17  9.99285190e-07  1.08218916e-24
  3.15265543e-24 -3.44382277e-24  3.53409686e-27  7.91637696e-26
  1.08218245e-24  9.97152933e-07 -1.15120216e-29  1.76147274e-30
 -5.04870979e-28 -1.93870456e-26  3.15266278e-24 -1.15120270e-29
  9.97152933e-07  6.58314734e-31 -5.30528427e-13  6.01594078e-13
  4.36406091e-15 -2.27112302e-22  2.91929589e-22  3.48991366e-02]
12.537112951278687,base_link,3.60330487432695,-6.161087018325086,-3.455059116779001e-24,2.2100342991637114e-24,2.844314309728826e-23,-0.5882288503276819,0.8086945156498674,[ 1.78402207e-03 -1.60931415e-04 -1.48126813e-04 -1.62264855e-04
  2.77962286e-04  1.83755319e-05 -1.64224823e-04  2.41521827e-05
  6.11620353e-04 -2.62436429e-05  4.49562329e-05  2.97937884e-06
  6.92184737e-21 -4.64809330e-20  9.99010269e-07  8.58849569e-16
  2.24134846e-15  2.01781072e-26 -4.98293601e-21 -6.40568666e-21
  8.58849576e-16  9.98024446e-07 -1.94078698e-21  2.76694940e-25
  8.64238304e-21  1.08790794e-20  2.24134845e-15 -1.94081288e-21
  9.98024446e-07 -4.71034482e-25 -7.79538286e-19  6.89442859e-20
  4.74215328e-20  7.19737927e-20 -1.23293518e-19  9.99999018e-10],-0.06678438663063808,0.02536772722743913,-5.380243253958768e-22,8.266275123842127e-28,2.2094040823933187e-27,-0.032668188352847814,[ 5.97335914e-02  5.13374805e-04  3.76385212e-06  6.11733426e-12
 -1.03965236e-11  1.65143541e-06  5.09013887e-04  3.64112109e-02
  2.64875712e-04 -5.81686148e-12  1.00802476e-11  7.22207077e-06
 -1.40183953e-19 -9.86623977e-18  9.98516870e-07  2.09486754e-24
  5.46706662e-24  1.13337382e-24  6.38156918e-26 -6.22001047e-26
  2.09487505e-24  9.94119666e-07 -1.86665040e-29 -4.54789278e-30
 -3.27964188e-25  3.15039491e-25  5.46706353e-24 -1.86664088e-29
  9.94119666e-07 -1.26117420e-29 -4.99603756e-13  5.19610613e-13
  3.76099361e-15 -1.65845976e-22  2.87758525e-22  3.48966606e-02]
12.57851266860962,base_link,3.6018915703571768,-6.158564907753082,3.254419066166104e-24,-5.160832309892767e-25,-6.139559590926093e-25,-0.5885011392414435,0.808496387816002,[ 1.95280189e-03 -1.89259217e-04 -1.08501082e-04 -1.94663430e-04
  2.78821153e-04  3.40772051e-05 -1.41090288e-04  6.72462658e-05
  5.88793798e-04 -2.46163996e-05  3.52555827e-05  4.31550915e-06
 -8.28504102e-21  5.31513174e-20  9.99195227e-07  6.59013493e-16
  1.68247607e-15 -3.80855604e-25 -1.66230216e-20 -6.96155204e-21
  6.59013491e-16  9.98393039e-07 -1.37794861e-21 -2.40200675e-26
  1.25731453e-20  5.90276085e-21  1.68247607e-15 -1.37704233e-21
  9.98393039e-07 -1.24520590e-25 -7.17760812e-19  7.03039422e-20
  3.96622606e-20  7.29901328e-20 -1.04535839e-19  9.99999203e-10],-0.06425128380291115,0.024262137149587085,1.4845254801070124e-22,3.0190539832643744e-28,-2.613155915257718e-28,-0.03095533018298758,[ 5.98069343e-02  5.25003299e-04  3.84884654e-06  1.31594778e-12
 -2.55346914e-12  3.99396294e-06  5.61887864e-04  3.64828110e-02
  2.65498431e-04 -9.23769133e-12  1.22072855e-11  1.33155656e-05
 -3.11708125e-19 -2.15214131e-17  9.98793810e-07  1.61043950e-24
  4.11139102e-24 -1.59645966e-23  1.09052132e-26 -6.13923111e-26
  1.61039597e-24  9.95209805e-07 -1.32594802e-29  3.13091745e-29
  1.05820957e-25 -5.05678773e-25  4.11144454e-24 -1.32595541e-29
  9.95209805e-07 -1.26235931e-29 -4.76105724e-13  4.80642219e-13
  3.47735545e-15 -2.34826593e-22  3.09851774e-22  3.48944172e-02]
12.638411283493042,base_link,3.594445852117724,-6.159783613557363,-4.232432912409999e-23,1.6536511046495683e-24,-9.381298141150224e-24,-0.5885734093426677,0.8084437777698265,[ 1.94231310e-03 -2.12506431e-04 -1.22823486e-04 -2.19070289e-04
  2.51591430e-04  3.01280491e-05 -1.62798162e-04  5.06974441e-05
  5.47160844e-04 -3.46782269e-05  3.98125930e-05  4.77675898e-06
  6.14760631e-21 -5.44218669e-20  9.99093132e-07  5.73787834e-16
  1.76070591e-15  3.89582973e-25 -4.57927187e-21 -2.30287083e-21
  5.73787832e-16  9.98189543e-07 -1.11549142e-21 -1.75735557e-25
  7.25271961e-21  5.61159328e-21  1.76070591e-15 -1.11525431e-21
  9.98189543e-07  1.69057318e-25 -6.77238484e-19  7.18712516e-20
  5.00279392e-21  8.01788620e-20 -9.20475773e-20  9.99999101e-10],-0.05744222681641248,0.01820761554568638,-1.1912873461814432e-21,-3.9541827676588354e-27,1.5530311221577315e-27,-0.028229468079392462,[ 5.97965584e-02  5.41149639e-04  3.96522856e-06  3.24764885e-12
 -6.17798158e-12  2.93671220e-06  5.78834908e-04  3.64661068e-02
  2.65369004e-04 -1.23229945e-11  1.05556877e-11  1.19524049e-05
 -1.10114283e-19 -7.37257477e-18  9.98640928e-07  1.39544230e-24
  4.28219306e-24  1.08834828e-23  6.66429693e-26 -2.48800419e-25
  1.39546568e-24  9.94607514e-07 -1.06340599e-29  2.89810868e-29
 -3.23117427e-27  4.84676140e-27  4.28215633e-24 -1.06341439e-29
  9.94607514e-07 -1.08882115e-29 -4.43499997e-13  4.26288345e-13
  3.07980390e-15 -2.64757154e-22  2.18937649e-22  3.48913967e-02]
12.674238920211792,base_link,3.5972399577774548,-6.165802262395339,5.771345282342119e-22,2.4579629714612687e-24,1.1557346438085731e-24,-0.5890257175665532,0.8081142889747756,[ 1.93122927e-03 -2.18687026e-04 -1.38465639e-04 -2.24308773e-04
  2.50521413e-04  2.89888124e-05 -1.73194570e-04  4.50201404e-05
  5.38061282e-04 -3.88524177e-05  4.33842422e-05  5.02953932e-06
  1.11834819e-20 -8.34327453e-20  9.99115988e-07  5.20103898e-16
  1.52223367e-15 -8.95511669e-25 -1.71788870e-20 -1.09452539e-20
  5.20103891e-16  9.98235092e-07 -8.95741902e-22 -1.62495028e-26
  7.14684049e-22  6.08804931e-22  1.52223368e-15 -8.95333701e-22
  9.98235092e-07 -3.47217713e-26 -6.13835320e-19  6.73228439e-20
  1.46075568e-20  7.39605774e-20 -8.25863296e-20  9.99999124e-10],-0.04551492793396711,0.018263823844708593,-6.656686371425476e-22,-6.535264437501678e-27,-7.621552297336016e-28,-0.027315277349378997,[ 5.97894775e-02  5.48309181e-04  4.01654850e-06  4.87959326e-12
 -6.86085927e-12  2.54841281e-06  5.82856359e-04  3.64554226e-02
  2.65324473e-04 -1.13147098e-11  1.06073249e-11  1.15486494e-05
 -7.53859323e-20 -4.98732999e-18  9.98675151e-07  1.26653169e-24
  3.70677229e-24 -1.05564203e-23 -3.71585041e-26  8.88572924e-26
  1.26649015e-24  9.94742248e-07 -8.56750944e-30  2.38475484e-29
  2.72226432e-25 -4.18437068e-25  3.70681018e-24 -8.56762119e-30
  9.94742248e-07  3.28775181e-30 -4.24040614e-13  3.97638302e-13
  2.87082664e-15 -2.32115113e-22  2.18797263e-22  3.48885481e-02]
12.732677221298218,base_link,3.6109271189536236,-6.180724053099126,8.12273842193262e-22,3.626244475267312e-24,5.701898584132615e-23,-0.5884890527801998,0.8085051853623842,[ 1.79951517e-03 -1.91939635e-04 -7.87816894e-05 -1.99509929e-04
  2.62146714e-04  2.74242889e-05 -1.38744075e-04  4.71855365e-05
  5.84190107e-04 -2.64231822e-05  3.47017981e-05  3.63822271e-06
  3.95723205e-21  4.31986803e-20  9.98896584e-07  8.08587320e-16
  1.05284753e-15 -4.53481661e-25 -8.54973881e-21 -2.92491065e-21
  8.08587323e-16  9.97798022e-07 -7.69945305e-22  1.66600745e-25
 -8.86737617e-21 -4.64544632e-21  1.05284752e-15 -7.68417276e-22
  9.97798022e-07 -4.29222140e-25 -3.77614884e-19  4.68171237e-20
  1.37410666e-19  3.27046570e-20 -4.29536104e-20  9.99998904e-10],-0.019414675024718848,0.023151834501329526,-9.595904301734213e-22,3.626041654108836e-27,-1.4088896157115637e-26,-0.024122499533641775,[ 5.97457528e-02  4.93299449e-04  3.61300984e-06  7.16965978e-13
 -4.45886907e-12  3.11573376e-06  5.35011059e-04  3.64021808e-02
  2.64884106e-04 -1.54912255e-11  1.50278990e-11  1.08065795e-05
  2.66815378e-20  1.95156391e-18  9.98346698e-07  1.96797315e-24
  2.56242801e-24 -5.92397227e-24 -9.89547120e-27  2.10026327e-25
  1.96795398e-24  9.93451564e-07 -7.37819332e-30 -5.71718360e-30
  8.48183245e-26 -2.77880987e-25  2.56244596e-24 -7.37830216e-30
  9.93451564e-07  3.64616659e-29 -3.96737515e-13  3.56798358e-13
  2.57197269e-15 -2.47878078e-22  2.38650238e-22  3.48854393e-02]
12.773845434188843,base_link,3.621782282697501,-6.192453591906463,6.006591941508103e-23,-3.675859444464169e-24,-2.235329914252536e-23,-0.5888344594763772,0.8082536602658615,[ 1.92738573e-03 -1.90024204e-04 -1.54985063e-04 -1.93601656e-04
  2.75862736e-04  3.30239361e-05 -1.75549625e-04  5.78490128e-05
  5.47272396e-04 -2.97944896e-05  4.24582971e-05  5.09003420e-06
  4.30663314e-20 -1.71841809e-19  9.99267427e-07  5.92196501e-16
  2.75320013e-16 -1.59529670e-25 -5.65129794e-21 -3.83811804e-21
  5.92196497e-16  9.98536995e-07 -2.24170932e-22 -1.92744178e-25
  1.33142991e-20  7.78211520e-21  2.75320021e-16 -2.24931535e-22
  9.98536995e-07  4.04667095e-25 -2.09488164e-19  3.11868772e-20
  1.53106131e-19  8.65695348e-21 -1.23353481e-20  9.99999276e-10],-0.0012421846710836176,0.027016369296946386,-1.2958513906668106e-21,3.628555540484817e-28,2.0513427361236264e-27,-0.02308057891303342,[ 5.97864651e-02  5.47839794e-04  4.01684271e-06  3.39111149e-12
 -4.07352268e-12  3.33300671e-06  5.58115076e-04  3.64492238e-02
  2.65403133e-04 -7.19087822e-12  1.13443699e-11  1.30548965e-05
 -1.94817578e-19 -1.28477957e-17  9.98901943e-07  1.44680247e-24
  6.72630153e-25 -4.72657055e-24  6.86624532e-26 -1.42979461e-25
  1.44679319e-24  9.95636426e-07 -2.14073981e-30 -2.01891767e-30
 -1.42979461e-25  3.90972086e-25  6.72647910e-25 -2.14070446e-30
  9.95636426e-07 -1.19630659e-29 -3.78983188e-13  3.34313740e-13
  2.40947658e-15 -7.04857557e-23  1.15760069e-22  3.48837907e-02]
12.832834243774414,base_link,3.6394289018173764,-6.223947921565343,6.574916405055192e-22,-2.0664036897080984e-23,-6.189056211590911e-23,-0.5779894856204456,0.8160442111259737,[ 2.29096331e-03 -9.85669540e-05 -3.00577896e-04 -9.74463418e-05
  3.02696819e-04  1.11254715e-05 -2.67503576e-04  1.08427339e-05
  8.95985676e-04 -1.96804100e-05  6.12274792e-05  2.25345256e-06
  2.52786395e-20 -6.34215919e-20  9.99375308e-07  6.45271649e-16
 -3.77611924e-16  4.57562206e-26  8.56959115e-21 -6.76964613e-21
  6.45271647e-16  9.98752174e-07  3.89128116e-22 -3.39951567e-26
  6.37921688e-21  5.84982129e-21 -3.77611920e-16  3.89039111e-22
  9.98752174e-07  1.15974590e-25  3.78857703e-20 -2.12262881e-21
  3.64568031e-19 -1.46049882e-20  4.54641329e-20  9.99999384e-10],0.038823903632136655,0.030542160058011657,-6.858577652194552e-22,-1.9761187118688815e-26,1.8904969980073617e-26,-0.005700911148839364,[ 5.97781592e-02  7.06752297e-04  5.19410057e-06  6.91587539e-12
 -7.72132300e-12  7.27349613e-07  5.71286771e-04  3.65965366e-02
  2.66545106e-04  2.40593102e-12  1.02551906e-11  4.41573858e-06
 -3.61683068e-19 -1.85940673e-17  9.99063546e-07  1.58716017e-24
 -9.28787427e-25  1.16719465e-24  2.34260134e-26  9.69352280e-27
  1.58715301e-24  9.96275072e-07  3.79579904e-30  1.05308398e-29
  4.84676140e-25 -6.47850441e-25 -9.28785928e-25  3.79574804e-30
  9.96275072e-07 -1.04105502e-29 -3.63622903e-13  3.11443905e-13
  2.24325162e-15  8.15688411e-23 -3.07271730e-23  3.48874565e-02]
12.880386590957642,base_link,3.6543764786603825,-6.278960567131187,-1.1531562278624149e-21,-1.1672694583093318e-24,8.269515571170404e-24,-0.5686447592340529,0.8225832102563522,[ 2.11790108e-03 -1.41960370e-04 -8.79272390e-05 -1.44567590e-04
  2.91033903e-04  2.93226829e-05 -1.07964031e-04  6.02995379e-05
  5.54721921e-04 -1.06188012e-05  2.13726118e-05  2.15681440e-06
  1.47436672e-20 -6.87155478e-20  9.99285804e-07  6.45776398e-16
 -1.31967235e-15 -3.05601410e-25  1.38966343e-21  3.63959470e-22
  6.45776397e-16  9.98573644e-07  1.19356306e-21  3.15190640e-26
 -8.56297370e-21 -3.11019910e-21 -1.31967235e-15  1.19335530e-21
  9.98573644e-07 -2.12324283e-26  4.47636362e-19  4.04246722e-21
  3.29020097e-19 -4.02760658e-20  8.10598824e-20  9.99999294e-10],0.09996333824079895,0.02625186585724226,1.4451329621734734e-21,2.991929714154302e-27,1.3849128144824825e-26,0.0076529058653891585,[ 5.98116733e-02  5.59057342e-04  4.10618635e-06 -8.85612829e-13
  3.04262385e-13  4.80775127e-06  5.86145790e-04  3.65273505e-02
  2.66017654e-04 -5.66251120e-12  9.02025804e-12  1.12176182e-05
  2.79520873e-20  1.78893358e-18  9.98929470e-07  1.58267554e-24
 -3.23425504e-24 -1.48616555e-23  6.66429693e-27  4.52364397e-26
  1.58265210e-24  9.95745140e-07  1.15402214e-29 -4.82487122e-30
 -7.06819371e-27 -2.19719850e-25 -3.23419530e-24  1.15402629e-29
  9.95745140e-07 -1.34879528e-29 -3.53557517e-13  3.00233471e-13
  2.16173609e-15  3.71756323e-23 -8.81008558e-23  3.48870380e-02]
12.939118385314941,base_link,3.7025239408698436,-6.323487516431363,2.0243373526354897e-21,-2.2165384593794254e-23,-1.8471087347896398e-22,-0.5473893950648738,0.8368780378110728,[ 1.80177631e-03 -1.45799643e-04 -7.56451365e-05 -1.49527850e-04
  2.77155401e-04  3.39616377e-05 -1.01843896e-04  7.33507567e-05
  4.94962825e-04 -1.19030202e-05  2.20693644e-05  2.70871245e-06
  1.13158308e-21  1.48230766e-20  9.98912181e-07  1.35074255e-15
 -4.95011612e-15 -5.27618421e-25  6.71008913e-21  2.28301849e-21
  1.35074253e-15  9.97829080e-07  6.14327378e-21 -4.04804568e-25
 -1.50348348e-20 -3.52709813e-21 -4.95011608e-15  6.14243166e-21
  9.97829080e-07  9.42644917e-25  1.26853940e-18  3.67262180e-20
  1.00344301e-18 -1.50580111e-19  2.79256983e-19  9.99998919e-10],0.15324146983841944,0.04454511866056952,-2.087369833007524e-21,-2.2176803686219342e-26,2.4642365057492914e-26,0.035973959396196645,[ 5.98416261e-02  5.10616228e-04  3.74307564e-06 -1.17160880e-12
  4.75845924e-12  6.22670120e-06  5.45297749e-04  3.63781303e-02
  2.64800112e-04 -6.90629607e-12  1.69558548e-11  1.30545243e-05
 -3.72694497e-20 -2.65629532e-18  9.98370043e-07  3.28216094e-24
 -1.20283293e-23 -2.74972220e-24  2.90805684e-26  1.70444443e-25
  3.28214538e-24  9.93543104e-07  5.86080642e-29  3.16515100e-29
 -5.08909947e-26 -1.84176933e-25 -1.20283064e-23  5.86080184e-29
  9.93543104e-07 -4.05147879e-29 -3.43429038e-13  3.03019979e-13
  2.18222071e-15  1.09234210e-22 -2.35828985e-22  3.48843035e-02]
12.982691049575806,base_link,3.742964569950316,-6.35873447949281,8.122914956139556e-22,1.2859831861333673e-23,3.084883289157391e-23,-0.5150621415160879,0.8571528395664694,[ 1.89372420e-03 -1.32642712e-04 -1.77638862e-04 -1.32980686e-04
  2.25394271e-04  8.29323191e-06 -1.86226742e-04  4.29824922e-08
  4.47561020e-04 -2.28262618e-05  3.86849497e-05  1.42627671e-06
  1.43201508e-20 -3.28225267e-20  9.99234824e-07  1.26110455e-15
 -4.43174093e-15 -9.74876576e-26 -1.42275065e-21 -1.70730078e-21
  1.26110455e-15  9.98471984e-07  7.30378897e-21 -1.02547295e-26
  4.06311117e-21  6.32627732e-21 -4.43174092e-15  7.30288484e-21
  9.98471984e-07  7.38803742e-26  1.28642454e-18 -1.15012882e-19
  6.85571811e-19 -1.56428676e-19  2.65104571e-19  9.99999243e-10],0.19303705796363904,0.05892258224060492,-4.686871734201736e-21,-8.738883777969316e-29,-1.1044155057317168e-26,0.07741880079255992,[ 5.98681081e-02  6.46566041e-04  4.74329049e-06  3.15374557e-12
 -6.12874920e-12  1.27836787e-06  6.02241606e-04  3.63751948e-02
  2.64930667e-04 -4.25593756e-12  6.30939874e-12  3.34675601e-06
 -5.14148999e-19 -2.87855677e-17  9.98853112e-07  3.08519580e-24
 -1.08420332e-23 -1.57148192e-24  3.63507105e-26 -4.84676140e-26
  3.08518627e-24  9.95443712e-07  7.04276211e-29 -4.34844748e-32
 -3.63507105e-25  3.69969454e-25 -1.08420071e-23  7.04276677e-29
  9.95443712e-07 -7.22640230e-30 -3.39558419e-13  3.12136384e-13
  2.25106389e-15  1.99269975e-22 -3.32643909e-22  3.48830890e-02]
13.032736539840698,base_link,3.7900427825667222,-6.396491548561897,-1.1411482593597604e-22,-7.355149014873915e-24,4.37392788208952e-24,-0.470927382852438,0.8821719787432343,[ 1.85951930e-03  1.29736691e-06 -3.19830638e-04  5.87389338e-06
  2.92877137e-04 -3.27035127e-05 -2.71481364e-04  7.22122477e-05
  6.56031376e-04  1.07411865e-06  5.20648661e-05 -5.82005629e-06
  9.88910966e-20 -1.66124337e-19  9.99409883e-07  1.33550689e-15
 -4.10909339e-15  2.13095659e-25  2.69065310e-20 -2.84053822e-21
  1.33550689e-15  9.98821156e-07  9.30108214e-21 -1.88958029e-25
  4.84396967e-21  2.59403840e-21 -4.10909339e-15  9.29937237e-21
  9.98821156e-07  1.06371475e-25  1.15058140e-18  1.37226537e-19
  9.84889637e-19  7.47451189e-21  3.59647798e-19  9.99999419e-10],0.23325955491487915,0.07350171145586505,-3.773933684805071e-21,-1.0441340664363474e-27,1.6409603943762935e-28,0.1295646696874889,[ 6.00582337e-02  7.32096843e-04  5.37927090e-06  5.58157684e-12
  2.28164402e-13 -5.77017216e-06  5.14552929e-04  3.63287777e-02
  2.64680757e-04  5.77401699e-12  1.25513787e-11 -1.24493939e-05
  1.23158591e-18  6.05526913e-17  9.99115345e-07  3.27567423e-24
 -1.00789499e-23  6.65199701e-24  2.76265400e-25  2.85151129e-25
  3.27566863e-24  9.96480013e-07  9.00392292e-29 -6.55136698e-30
  1.21169035e-27  1.66405475e-25 -1.00789261e-23  9.00392169e-29
  9.96480013e-07  1.36832811e-29 -3.42538359e-13  3.37871224e-13
  2.44178191e-15 -9.08819785e-23 -4.62831490e-22  3.48838526e-02]
13.078988075256348,base_link,3.8231118317841464,-6.434682637300549,-6.323266975085418e-23,8.246504117933905e-24,1.9514258070757267e-23,-0.4607862807186929,0.8875111286634292,[ 2.03126739e-03 -1.23659718e-04 -1.29599920e-04 -1.26648420e-04
  2.86081802e-04  2.48097751e-05 -1.62941805e-04  4.46271696e-05
  6.37329419e-04 -1.38611027e-05  3.12942881e-05  2.71641724e-06
  1.49091034e-20 -8.79855474e-20  9.99449579e-07  1.32398924e-15
 -4.49890111e-15  1.23578202e-25 -1.29172524e-20 -2.08449514e-21
  1.32398924e-15  9.98900366e-07  1.08215741e-20 -1.32123726e-26
  1.01643954e-20  3.02417232e-21 -4.49890111e-15  1.08220393e-20
  9.98900366e-07 -6.13543253e-26  1.72539231e-18 -3.54627176e-20
  1.15995294e-18 -1.50624699e-19  3.39977849e-19  9.99999459e-10],0.26572628362544704,0.07597285789260529,5.515966861857384e-22,-8.578577587999624e-28,-5.0326972134527774e-27,0.1335669687014353,[ 6.02990960e-02  7.53084198e-04  5.53645398e-06 -4.81439760e-12
  5.76889786e-12  7.07203573e-06  7.22630415e-04  3.63148898e-02
  2.64610284e-04 -6.93448545e-12  1.05500213e-11  9.26374562e-06
  5.81064602e-19  2.77555756e-17  9.99174821e-07  3.23717512e-24
 -1.10008279e-23  2.91771920e-24 -1.81753553e-25 -2.62532909e-25
  3.23717941e-24  9.96715484e-07  1.04186778e-28 -1.38788507e-30
  2.81112161e-25  5.15372296e-25 -1.10008413e-23  1.04186777e-28
  9.96715484e-07  4.11486354e-30 -3.52509065e-13  3.66802942e-13
  2.65541207e-15  1.57695798e-22 -1.30579684e-22  3.48844837e-02]
13.14322566986084,base_link,3.902535976242828,-6.475850012708566,-5.369672663037119e-22,3.2721567382060727e-23,-1.4404765468167793e-23,-0.3912989631098142,0.920263615204461,[ 1.94916064e-03 -5.20628291e-05 -3.46501200e-04 -5.24842648e-05
  2.10872814e-04 -4.66055340e-05 -3.37347725e-04  1.05775448e-04
  1.19060984e-03 -1.54801424e-05  6.22063159e-05 -1.37797678e-05
 -1.06673212e-20  8.85149430e-20  9.98875391e-07  3.40790248e-15
 -1.10614507e-14 -9.79938114e-25 -1.31025409e-21 -2.32272316e-21
  3.40790248e-15  9.97755826e-07  3.35196496e-20 -1.42047945e-26
  1.30760711e-20  1.85288457e-20 -1.10614507e-14  3.35194683e-20
  9.97755826e-07 -1.04056431e-25  1.22348476e-18  4.78536179e-19
  5.83594940e-18 -1.62297062e-19  6.52230246e-19  9.99998882e-10],0.31711762641875557,0.09917597608609273,1.1707875661029117e-20,-1.8478401591825972e-26,1.4840782025455152e-27,0.2054981106881095,[ 6.06633444e-02  8.37734435e-04  6.15010534e-06  1.51479430e-12
 -4.33742075e-12 -1.11896812e-05  6.11107796e-04  3.61808240e-02
  2.63420316e-04 -3.54954463e-12  1.54655583e-11 -1.81975429e-05
  6.07322623e-19  2.60208521e-17  9.98314980e-07  8.31679037e-24
 -2.69957502e-23 -2.30861489e-23  1.57519746e-26 -3.91779880e-26
  8.31680416e-24  9.93327246e-07  3.22119609e-28  1.92352695e-30
 -1.20361241e-25  4.16821481e-25 -2.69957878e-23  3.22119677e-28
  9.93327246e-07  9.92686201e-29 -3.71384164e-13  4.35372441e-13
  3.15756425e-15  3.80330023e-22 -1.54124948e-21  3.48839508e-02]
13.166671514511108,base_link,3.932585042188928,-6.488334446112324,-2.0160894301417197e-22,6.626325300203936e-24,1.8594374021087404e-23,-0.3578143366724413,0.9337927502779516,[ 2.00168151e-03 -7.20103562e-05 -4.19545579e-04 -7.42550792e-05
  2.05879607e-04 -3.80701332e-05 -4.40074527e-04  6.93863344e-05
  1.31261003e-03 -2.53746880e-05  7.03216179e-05 -1.30218709e-05
  4.66397517e-20 -2.28593017e-19  9.99290152e-07  2.29917828e-15
 -7.39669237e-15 -1.03674169e-24 -4.53956720e-21 -3.39474923e-21
  2.29917827e-15  9.98582314e-07  2.39574127e-20  6.45147285e-26
  1.50745395e-20  1.93229391e-20 -7.39669235e-15  2.39566253e-20
  9.98582314e-07 -5.82998466e-25  7.91181505e-19  1.78233576e-19
  4.38873927e-18 -1.86256019e-19  5.16062483e-19  9.99999299e-10],0.33421647096230234,0.10725117615732505,7.413008599812672e-21,-1.0673824501233141e-28,-9.10464032602482e-28,0.2394126625641578,[ 6.08653281e-02  9.09513328e-04  6.68019333e-06 -1.00181906e-12
 -1.98396612e-12 -9.21581961e-06  6.17014710e-04  3.61144245e-02
  2.63106535e-04 -5.23785990e-12  1.18763073e-11 -1.48704297e-05
 -9.45288769e-19 -3.72423446e-17  9.98935982e-07  5.60165877e-24
 -1.80231777e-23 -1.14427552e-23 -7.61345437e-26 -3.99857816e-25
  5.60166570e-24  9.95770816e-07  2.29312744e-28 -1.21685827e-30
 -1.22784622e-25  7.25398623e-25 -1.80231980e-23  2.29312746e-28
  9.95770816e-07  7.39085066e-30 -3.70233378e-13  4.52348662e-13
  3.28467057e-15  9.54837248e-23 -6.64898555e-23  3.48837456e-02]
13.237859010696411,base_link,4.099597501551152,-6.5699634373915945,2.203269766007203e-21,7.241305871988077e-23,-1.7251651939929327e-22,-0.2334724745788101,0.9723634112892395,[ 2.35262774e-03 -1.82428517e-04  1.07909971e-04 -2.43788596e-04
  4.42453865e-04 -3.57220702e-04 -2.15333883e-04  5.33832483e-04
  2.25726006e-03 -1.24701266e-06  2.26499768e-06 -1.80889162e-06
 -7.58094488e-20 -2.93708674e-19  9.99394478e-07  2.23502798e-15
 -7.44489373e-15 -8.09724804e-25  4.47339275e-21 -2.34919294e-22
  2.23502799e-15  9.98790420e-07  2.74816627e-20 -1.59729319e-24
  2.11758237e-20 -1.26724070e-21 -7.44489377e-15  2.74821308e-20
  9.98790420e-07  3.58533561e-24  1.84212076e-18  2.10484147e-18
  9.93172589e-18 -2.91827815e-19  5.29602468e-19  9.99999403e-10],0.4804164981476285,0.13673020552477255,2.484490555114874e-21,3.653480793248705e-26,8.656147792731173e-27,0.36071884656481146,[ 6.16295558e-02  6.71236776e-04  4.95024395e-06 -1.95840008e-11
  3.48555595e-11 -1.69944098e-04  6.47482229e-04  3.62571031e-02
  2.64176920e-04 -9.35228156e-12  1.63346640e-11 -9.59939004e-05
  1.12570679e-18  6.01190105e-17  9.99092266e-07  5.50857773e-24
 -1.83502147e-23 -1.15050456e-23  1.01781989e-24  4.86291727e-25
  5.50857351e-24  9.96388703e-07  2.68378731e-28 -1.52470393e-28
 -2.06795153e-25 -9.69352280e-26 -1.83502214e-23  2.68378668e-28
  9.96388703e-07 -5.84255370e-29 -4.26513994e-13  5.50287680e-13
  4.00942691e-15  1.01328628e-21 -1.84143742e-21  3.48941493e-02]
13.288892030715942,base_link,4.207099596636873,-6.6237456831437385,-3.9616379880165245e-23,-4.165611574755338e-22,2.9981864819599296e-23,-0.17172279214832212,0.9851453104272405,[ 2.50697850e-03 -4.31120003e-04  3.04211306e-04 -5.33780495e-04
  6.79992873e-04 -4.15675075e-04  1.37920688e-05  7.51586627e-04
  1.98138740e-03  8.39293527e-06 -1.06921584e-05  6.53252415e-06
 -1.38172250e-20 -1.49395436e-19  9.99395242e-07  2.60621149e-15
 -1.03400612e-14  3.87552515e-24 -1.52995326e-20  4.97762396e-24
  2.60621148e-15  9.98791944e-07  4.45529282e-20  4.74717136e-24
  1.09055492e-20  1.83013711e-23 -1.03400611e-14  4.45612865e-20
  9.98791944e-07  4.68771471e-25  1.19327715e-18  2.82308158e-18
  8.21930201e-18 -2.18728607e-19  2.78634853e-19  9.99999404e-10],0.5593847911518384,0.13840130186624397,-4.976642074365709e-21,9.949798373721398e-26,-8.162009748007975e-26,0.4044869995375413,[ 6.22239773e-02  3.44239641e-04  2.53763219e-06 -2.90377175e-11
  3.51966282e-11 -2.24492219e-04  6.72388822e-04  3.62455398e-02
  2.64106185e-04 -8.06368056e-12  9.42212814e-12 -8.38878004e-05
  8.65244156e-19  8.99887803e-17  9.99093410e-07  6.39475602e-24
 -2.53753848e-23  2.93863459e-23  6.46234854e-26  1.77714585e-26
  6.39474124e-24  9.96393209e-07  4.31795708e-28 -3.28048643e-28
  8.85341749e-25  2.37491309e-25 -2.53753690e-23  4.31795652e-28
  9.96393209e-07  2.63112208e-28 -4.71067904e-13  6.59644214e-13
  4.81431345e-15  4.89862285e-22 -5.71434632e-22  3.48944276e-02]
13.330376863479614,base_link,4.297947528796329,-6.669701395777019,2.345837131220449e-21,-2.64474479418675e-22,-1.8934046167177749e-22,-0.08177816894887004,0.9966505561546485,[ 2.41479427e-03 -5.01654373e-04  5.85918899e-04 -6.23348934e-04
  6.61463929e-04 -4.29633464e-04  1.87775007e-04  8.23851711e-04
  1.86184508e-03  7.76409863e-05 -8.23663735e-05  5.35749682e-05
 -3.84341200e-20 -8.30092288e-20  9.99124965e-07  3.87116588e-15
 -1.70033453e-14  4.97448637e-24 -4.61103561e-20  1.70994776e-20
  3.87116587e-15  9.98252985e-07  7.52201224e-20  1.99852898e-24
  3.00431998e-20 -2.04611396e-20 -1.70033453e-14  7.52256381e-20
  9.98252985e-07  1.68806823e-24  1.34692719e-18  4.53375944e-18
  1.02576466e-17  3.57805266e-19 -3.79473875e-19  9.99999133e-10],0.6226641642608753,0.12941463668263037,-1.6207723974883545e-21,3.4323301474699916e-25,-1.863889301155351e-25,0.48278444075385357,[ 6.23445163e-02  1.06725027e-04  7.87161771e-07 -4.54562830e-11
  3.15083675e-11 -2.57353448e-04  6.15158526e-04  3.62268090e-02
  2.63879497e-04  7.41572718e-13 -6.54179576e-12 -4.95292945e-05
 -6.90331852e-20 -2.30935063e-17  9.98688593e-07  9.45637438e-24
 -4.15417153e-23  7.63215037e-26 -8.53030007e-25  1.44393100e-26
  9.45637007e-24  9.94795214e-07  7.23699069e-28 -8.03151763e-28
  1.08567455e-24 -2.28605579e-25 -4.15417132e-23  7.23698812e-28
  9.94795214e-07  4.35369322e-28 -4.99389042e-13  7.53464999e-13
  5.50167897e-15 -4.94089873e-22  8.64237693e-22  3.48923625e-02]
13.376929521560669,base_link,4.380475636170895,-6.7096840900527095,1.6318102383689564e-21,-3.6761052508213205e-22,1.488202651566816e-21,-0.024192902704491474,0.9997073088953241,[ 2.52318642e-03 -5.23210138e-04  7.12904197e-04 -6.09221564e-04
  5.62458675e-04 -3.83698622e-04  3.57639226e-04  7.99836969e-04
  1.75877136e-03  1.22079714e-04 -1.12687647e-04  7.69887192e-05
 -6.72332402e-20 -1.21019832e-19  9.99138388e-07  3.45733091e-15
 -1.78443017e-14 -2.21775826e-24  2.04346699e-20 -1.68612496e-20
  3.45733092e-15  9.98279739e-07  7.15971177e-20  3.87037486e-24
 -8.44385969e-21  1.27319640e-20 -1.78443017e-14  7.15806732e-20
  9.98279739e-07 -1.39495480e-23  5.73494536e-19  4.55392778e-18
  9.19736054e-18  9.95437231e-19 -9.18712609e-19  9.99999147e-10],0.6596578336852362,0.11145417888289758,-1.551028952844567e-21,2.3274072904706174e-25,-3.053049510143071e-25,0.5144670604962946,[ 6.26386731e-02 -6.83567196e-05 -5.00485074e-07 -3.41300940e-11
  2.07603653e-11 -2.38527044e-04  5.87626680e-04  3.62044722e-02
  2.63739847e-04  1.28891648e-11 -1.43511973e-11 -8.01462489e-06
  3.13402190e-20 -1.65340831e-17  9.98708694e-07  8.46164411e-24
 -4.36807613e-23  3.19967505e-25  5.88073717e-25 -2.22951024e-25
  8.46164668e-24  9.94874398e-07  6.91198637e-28 -6.51019277e-28
 -9.24115841e-25  6.38156918e-25 -4.36807659e-23  6.91198776e-28
  9.94874398e-07  8.40053062e-28 -5.18804710e-13  8.51599173e-13
  6.22317287e-15 -2.12513281e-21  2.13654306e-21  3.48917596e-02]
13.42990493774414,base_link,4.465113837685821,-6.7517649316318735,-7.918711174204959e-22,-1.860902067770538e-22,1.2696033097822317e-22,0.04432176638890022,0.9990173076699761,[ 2.83607766e-03 -6.13564116e-04  7.36514040e-04 -6.89827287e-04
  5.15002814e-04 -2.56973959e-04  4.31111241e-04  7.41767417e-04
  1.16521928e-03  1.93016883e-04 -1.44014686e-04  7.19951973e-05
 -1.05879118e-21 -5.02925812e-22  9.99330580e-07  2.03664893e-15
 -1.50757740e-14  2.39265653e-24  4.29869221e-20 -5.59571141e-20
  2.03664891e-15  9.98662948e-07  4.58582264e-20  4.24064243e-24
  5.94246552e-21  3.00167301e-20 -1.50757740e-14  4.58582626e-20
  9.98662948e-07 -3.15040063e-24 -1.74854369e-19  4.20928081e-18
  5.20796894e-18  1.51964886e-18 -1.13373413e-18  9.99999340e-10],0.6807873952000845,0.08376303187050749,-3.453167834727392e-20,7.537755649697295e-27,5.5522595475502075e-28,0.5496498563671036,[ 6.31717783e-02 -3.28504597e-04 -2.41351570e-06 -2.92749217e-11
 -2.39782914e-12 -1.55741889e-04  4.64729150e-04  3.61633152e-02
  2.63530851e-04  2.36848600e-11 -2.22137029e-11  2.06969255e-05
  1.93547028e-19 -2.10335221e-17  9.98996540e-07  4.99931801e-24
 -3.70189524e-23  6.47937594e-23  2.39753131e-24 -1.94839808e-24
  4.99926178e-24  9.96010130e-07  4.44910770e-28 -5.28177222e-29
  2.21739334e-25  1.96455395e-24 -3.70189057e-23  4.44910732e-28
  9.96010130e-07 -4.27623930e-30 -5.27009067e-13  9.77442519e-13
  7.15096236e-15 -3.48222032e-21  2.97055939e-21  3.48927029e-02]
13.489107131958008,base_link,4.55958704518106,-6.764920705509668,2.4655236360804275e-22,-4.420508245450682e-23,-6.165269486975957e-23,0.09524983023343432,0.9954533991305178,[ 2.34342601e-03 -5.12395238e-04  5.51790441e-04 -5.67079781e-04
  4.66456371e-04 -1.90453241e-04  3.61462218e-04  4.72155572e-04
  9.63934390e-04  1.03505436e-04 -8.51383259e-05  3.48083493e-05
 -5.54277185e-20 -1.14984723e-19  9.99119956e-07  1.93557917e-15
 -1.99435621e-14 -7.00268909e-25 -5.98217019e-21  4.18222518e-21
  1.93557918e-15  9.98243001e-07  4.38623122e-20  7.71890003e-25
 -2.85873620e-21  2.06464281e-21 -1.99435621e-14  4.38668619e-20
  9.98243001e-07  8.96219670e-25 -1.43586617e-18  4.08433194e-18
  5.66149803e-18  1.64560484e-18 -1.35357835e-18  9.99999129e-10],0.6975884366567774,0.06701233351391918,8.472253755387108e-21,8.259514305844585e-26,-2.70311676466344e-26,0.5564128711666122,[ 6.25684197e-02 -5.57097141e-04 -4.08940565e-06 -2.61345074e-11
  2.09477661e-11 -1.14161781e-04  1.43518671e-04  3.60597074e-02
  2.62718320e-04  1.70777825e-11 -1.40541954e-11  2.15301056e-05
  9.91028548e-20 -6.34258271e-18  9.98681093e-07  4.72770725e-24
 -4.87364450e-23 -3.45081571e-23 -5.75149020e-25  3.78047389e-25
  4.72776881e-24  9.94765681e-07  4.22050013e-28 -3.74161827e-28
  2.29413373e-25 -1.56711952e-25 -4.87364887e-23  4.22049780e-28
  9.94765681e-07  1.24405416e-28 -5.02731015e-13  1.11539597e-12
  8.16154187e-15 -2.18380046e-21  1.79707546e-21  3.48893714e-02]
13.539386510848999,base_link,4.657134645093101,-6.77041982771982,-1.9829294224785364e-22,-1.3454087726752034e-22,3.040942311432146e-22,0.08908717112339624,0.9960238330186837,[ 2.16472281e-03 -4.19015483e-04  3.83634485e-04 -4.43185754e-04
  4.37262443e-04 -1.40221510e-04  2.94552476e-04  3.40264846e-04
  8.47049508e-04  6.41487217e-05 -6.32906306e-05  2.03254074e-05
 -2.17581588e-20 -7.69211795e-20  9.99257468e-07  1.18674336e-15
 -1.71783775e-14  1.59467506e-24 -1.63053842e-20  1.20437497e-20
  1.18674336e-15  9.98517136e-07  2.74521055e-20  9.88864851e-25
  2.06464281e-20 -1.56568746e-20 -1.71783775e-14  2.74461316e-20
  9.98517136e-07 -2.86943818e-24 -1.42327147e-18  2.69066398e-18
  4.60989863e-18  1.07358558e-18 -1.05921598e-18  9.99999266e-10],0.7293199295481724,0.05109996012298135,-2.2821909402273994e-20,6.920761707502528e-27,-1.7293161205929483e-26,0.5064175364464998,[ 6.23049325e-02 -6.31752191e-04 -4.64109752e-06 -1.59351892e-11
  1.53073417e-11 -8.51054070e-05 -3.62584833e-05  3.60158086e-02
  2.62467957e-04  1.10347335e-11 -1.08740905e-11  1.91409671e-05
  4.83655813e-19 -2.73218947e-17  9.98887027e-07  2.90897207e-24
 -4.21329890e-23  6.75576077e-23 -1.09859925e-25  7.59325953e-26
  2.90887991e-24  9.95577573e-07  2.65749588e-28 -1.90372337e-29
  7.75481824e-26 -5.33143754e-26 -4.21328990e-23  2.65749622e-28
  9.95577573e-07  4.66133468e-29 -4.78305587e-13  1.22636103e-12
  8.97945835e-15 -2.04185187e-21  2.01655086e-21  3.48897403e-02]
13.580119609832764,base_link,4.722947016965835,-6.75873351479515,-7.391388609925258e-22,3.612559031956886e-24,-5.908544215928885e-24,0.04885705498966159,0.9988057810093698,[ 1.99192312e-03 -3.64227193e-04  3.07422585e-04 -4.08093420e-04
  4.53164518e-04 -2.12773789e-04  1.96250814e-04  4.22807150e-04
  9.58557335e-04  3.41341135e-05 -3.79062596e-05  1.78120103e-05
  7.23948472e-21  3.27166476e-20  9.99067514e-07  1.33034847e-15
 -2.25815549e-14  1.52698245e-25  7.25271961e-21 -1.56171700e-21
  1.33034847e-15  9.98138497e-07  3.22137276e-20  1.29264369e-24
 -1.75759337e-20  3.28887012e-21 -2.25815549e-14  3.22117900e-20
  9.98138497e-07 -2.44811462e-24 -1.68262831e-18  4.17574967e-18
  7.53889345e-18  9.65857560e-19 -1.07274466e-18  9.99999076e-10],0.7413147885443395,0.05026663632300759,-1.372436876229653e-22,2.820879426082879e-28,1.3656476096231188e-28,0.4285058068035261,[ 6.20790545e-02 -5.94105106e-04 -4.36178343e-06 -2.49793998e-11
  3.22311647e-11 -1.34458831e-04 -1.09441578e-04  3.60546410e-02
  2.62699250e-04  6.14048625e-12 -7.33845203e-12  2.39025655e-05
  5.35324823e-19 -3.22550146e-17  9.98602573e-07  3.24599131e-24
 -5.51329178e-23  7.19548746e-24  9.66121106e-25 -2.38299102e-25
  3.24598348e-24  9.94456643e-07  3.09472191e-28  1.72991733e-29
  4.00665609e-25 -9.04728795e-26 -5.51329114e-23  3.09472243e-28
  9.94456643e-07  4.07145168e-29 -4.63287652e-13  1.31269821e-12
  9.61087735e-15 -6.83027988e-22  8.21244037e-22  3.48878278e-02]
13.639924049377441,base_link,4.8069385170884384,-6.759031834523805,-1.1509519541534087e-22,-1.6707009579660408e-23,-1.3138869466866782e-23,0.023511823421985264,0.9997235588698374,[ 2.12052020e-03 -2.55815323e-04  8.44493245e-05 -2.74779481e-04
  6.27563744e-04 -3.93324912e-04  6.53946008e-05  6.14215263e-04
  1.42140743e-03 -2.76000599e-07  6.44078426e-07 -4.15485819e-07
  2.09442131e-21 -5.47395042e-20  9.99426019e-07  7.13453878e-16
 -1.38892002e-14  5.38393569e-24 -2.47492439e-21 -6.71670657e-22
  7.13453876e-16  9.98853354e-07  1.72627211e-20  9.25494266e-25
  4.43633506e-20  2.28301849e-21 -1.38892002e-14  1.72646848e-20
  9.98853354e-07  7.00429482e-25 -1.46249022e-18  3.93183727e-18
  8.27511155e-18  2.30668513e-19 -5.27374199e-19  9.99999435e-10],0.7418425663748888,0.04143620402788427,-9.27827661964643e-21,1.822206682970975e-26,-1.0585293731645868e-26,0.36057547384694877,[ 6.22638768e-02 -4.54876106e-04 -3.34488289e-06 -7.33023237e-12
  4.35893153e-11 -2.53501035e-04 -1.60729280e-04  3.61292809e-02
  2.63399088e-04 -8.24347892e-13 -1.39819559e-12  2.12508122e-05
 -3.83705925e-19  3.02492406e-17  9.99139522e-07  1.75431809e-24
 -3.41773736e-23  8.21185995e-23  5.78380194e-25  6.44215370e-26
  1.75430054e-24  9.96575731e-07  1.67984299e-28 -2.84826515e-28
 -6.65621899e-25  2.22143231e-26 -3.41773354e-23  1.67984214e-28
  9.96575731e-07  1.70505142e-28 -4.41026935e-13  1.43290588e-12
  1.05024522e-14 -2.87358648e-22  7.11487645e-22  3.48914028e-02]
13.661681413650513,base_link,4.832795656240039,-6.754530395322003,-3.262771079561032e-23,2.3069965297096097e-24,-6.411363413889105e-23,2.3076008446905685e-05,0.9999999997337489,[ 2.00028489e-03 -1.77110334e-04 -5.14570952e-05 -1.86654947e-04
  6.88373041e-04 -4.65108183e-04 -3.11252970e-05  6.92197540e-04
  1.95035876e-03 -8.06383838e-06  2.97636613e-05 -2.01389405e-05
 -1.06540863e-21  2.05405490e-20  9.99235152e-07  9.05803362e-16
 -1.86406792e-14  7.74820403e-25 -2.51462906e-21 -1.52201233e-21
  9.05803361e-16  9.98472639e-07  2.20753447e-20  4.73886002e-25
  2.33463456e-20  3.14990377e-21 -1.86406792e-14  2.20721490e-20
  9.98472639e-07 -9.73026439e-24 -1.18622653e-18  4.82449161e-18
  1.35312962e-17  4.09088915e-20 -1.50995001e-19  9.99999244e-10],0.7368120487418521,0.04251884392154604,2.1117607600440502e-21,-3.1396031225943343e-27,1.740520097701886e-26,0.3213434313528472,[ 6.21244352e-02 -3.53089534e-04 -2.59540495e-06 -4.74780556e-12
  5.44947081e-11 -3.01848164e-04 -1.95818022e-04  3.61586362e-02
  2.63547435e-04 -1.78227501e-12  2.79719058e-12  1.18428238e-05
  1.60089227e-19 -1.62630326e-17  9.98853604e-07  2.22034181e-24
 -4.57181349e-23  2.59591815e-23 -1.09859925e-25 -4.24091623e-26
  2.22033578e-24  9.95445674e-07  2.13697842e-28 -1.85785708e-28
 -7.81944173e-25 -3.91779880e-26 -4.57181203e-23  2.13697872e-28
  9.95445674e-07  7.70290103e-28 -4.30466325e-13  1.49255608e-12
  1.09381429e-14  2.61213477e-22 -4.56407246e-22  3.48906053e-02]
13.73319935798645,base_link,4.9236552843185315,-6.754098736678146,4.385082297917253e-23,-1.5729429036511847e-22,-3.8915601290405814e-22,-0.1277848357720814,0.9918019135627346,[ 1.87991498e-03  2.29571015e-06 -2.38558214e-04  2.17729558e-05
  8.75988734e-04 -8.28579572e-04 -1.52107459e-04  1.04683304e-03
  2.08110315e-03  1.15707830e-06  4.66060118e-05 -4.41305217e-05
  6.46524367e-21 -1.38701645e-19  9.99010465e-07  1.29015316e-15
 -2.29742540e-14 -5.68933180e-25  7.31227661e-22 -4.46677531e-23
  1.29015316e-15  9.98024834e-07  2.99603456e-20 -6.14412751e-24
 -2.32934060e-20 -3.67929936e-21 -2.29742540e-14  2.99544742e-20
  9.98024834e-07 -2.33049400e-23  8.12420608e-19  6.28350260e-18
  1.20557191e-17  2.54937069e-20  1.02854577e-18  9.99999017e-10],0.7289677255231132,0.04046330119750952,1.839377366629738e-21,6.819107126053825e-27,-3.48163011607819e-26,0.14506979536467624,[ 6.20202183e-02 -8.82840832e-05 -6.47139245e-07 -2.34648895e-12
  5.26855461e-11 -5.24820471e-04 -1.64485362e-04  3.63146067e-02
  2.64618086e-04  3.71493727e-13  1.44116382e-11 -3.68868508e-05
  8.17386794e-20 -3.34476370e-17  9.98517163e-07  3.14041730e-24
 -5.59389835e-23  2.94228504e-23  1.16322274e-25 -1.81753553e-26
  3.14041802e-24  9.94120789e-07  2.86490804e-28  1.17080299e-28
  1.22784622e-25  3.39273298e-26 -5.59389684e-23  2.86490872e-28
  9.94120789e-07 -5.86774713e-28 -4.18379554e-13  1.63155687e-12
  1.19581271e-14 -5.08238482e-24 -9.81131473e-22  3.48919495e-02]
13.776422023773193,base_link,4.990309046387615,-6.755063446078127,-1.6010405692167665e-22,-4.752321729299542e-23,-1.6337407027072075e-22,-0.16539055832135813,0.986228149678435,[ 1.80754809e-03  2.74955346e-05 -2.16157100e-04  6.85734533e-05
  9.78774152e-04 -9.64464426e-04 -1.14461589e-04  1.14156913e-03
  2.17558939e-03  1.82903081e-06  2.61019208e-05 -2.57300009e-05
  6.52480067e-21 -4.88102736e-20  9.99114773e-07  1.29944818e-15
 -2.18423073e-14 -3.46800934e-24  3.21607822e-21  1.00502444e-22
  1.29944818e-15  9.98232672e-07  3.20636161e-20 -6.48992657e-25
  1.93758787e-20  7.77549776e-22 -2.18423073e-14  3.20633490e-20
  9.98232672e-07 -5.49607545e-24  1.43612673e-18  6.61737702e-18
  1.21901269e-17  8.77975625e-20  1.25212455e-18  9.99999122e-10],0.7347647194312706,0.04562187519383931,-1.7746112274929315e-20,1.0554902055015211e-26,1.5412331106384788e-25,0.09182213728847025,[ 6.19361430e-02 -1.11284066e-07  8.81994304e-10  9.05387496e-12
  8.03175259e-11 -6.02637979e-04 -6.95921628e-05  3.63670886e-02
  2.65065953e-04  1.37490872e-12  1.55265777e-11 -7.85155172e-05
 -1.89941348e-22 -3.38813179e-17  9.98673332e-07  3.17622787e-24
 -5.33982054e-23 -1.72470802e-22 -3.87740912e-25 -5.89689304e-26
  3.17622357e-24  9.94735130e-07  3.08819503e-28  9.98739560e-29
 -1.82238229e-24 -3.52197995e-25 -5.33982770e-23  3.08819507e-28
  9.94735130e-07  1.45815764e-27 -4.18909569e-13  1.68643224e-12
  1.23631225e-14 -1.64922186e-22 -2.10248426e-21  3.48904495e-02]
13.837880849838257,base_link,5.102797665286793,-6.773109083120614,7.97399462660159e-22,2.838587613493759e-23,-3.772750429178132e-23,-0.208677493206622,0.9779845110373683,[ 1.63111866e-03  6.07261900e-05 -2.49037927e-04  1.12181199e-04
  8.92472785e-04 -9.14262681e-04 -1.05090516e-04  1.08236776e-03
  2.28828966e-03  4.10084701e-06  3.26129872e-05 -3.34600892e-05
 -4.58721280e-20  2.33992852e-19  9.98875636e-07  1.84276004e-15
 -2.76038102e-14 -3.23994585e-24  1.01643954e-20  7.69277970e-22
  1.84276004e-15  9.97756314e-07  4.52432148e-20 -2.28496389e-24
  5.67512075e-20  6.45862622e-21 -2.76038102e-14  4.52407460e-20
  9.97756314e-07  1.99139838e-24  2.40524332e-18  6.37222925e-18
  1.27120019e-17  2.33070066e-19  1.85307859e-18  9.99998881e-10],0.7659335863165883,0.05452351011724558,-6.200893739062863e-21,-1.9125670795862134e-26,-8.566858925227377e-26,0.03507955654233908,[ 6.16799271e-02  9.35887801e-05  6.88865987e-07  1.24177626e-11
  6.48167624e-11 -5.45046623e-04 -1.84995588e-06  3.63540053e-02
  2.64905157e-04  3.82319338e-12  2.44141133e-11 -1.31811243e-04
  6.17275260e-20  2.37440276e-17  9.98315346e-07  4.49228985e-24
 -6.72949338e-23  1.42050347e-22 -1.34093732e-25 -4.11974719e-26
  4.49229993e-24  9.93328662e-07  4.33926840e-28  3.58279932e-28
 -7.62557127e-25 -2.84343336e-25 -6.72948519e-23  4.33926931e-28
  9.93328662e-07  1.60902832e-27 -4.10087562e-13  1.76864166e-12
  1.29622137e-14 -4.85274173e-22 -3.39834501e-21  3.48882138e-02]
13.892706155776978,base_link,5.174927773472926,-6.805796066088179,-1.0129721536633703e-21,-3.330519262866899e-22,-1.4499582108000996e-21,-0.22112898510789597,0.9752445703233379,[ 1.41422121e-03  2.06402838e-05 -5.96111673e-05  5.15930619e-05
  7.91261894e-04 -8.47372404e-04 -3.29250543e-06  9.97300209e-04
  2.20061146e-03 -4.97791644e-07 -7.63378192e-06  8.17629231e-06
 -7.94093388e-21  7.81387894e-20  9.98706455e-07  2.16310515e-15
 -3.21119187e-14  5.09638058e-24  2.13081726e-21 -2.12999008e-23
  2.16310515e-15  9.97419576e-07  5.36986060e-20  2.18886097e-25
  1.87406040e-20 -2.19202862e-22 -3.21119187e-14  5.36936512e-20
  9.97419576e-07  8.48213653e-23  3.06584475e-18  6.56149888e-18
  1.41647695e-17  1.07889510e-19  1.65164126e-18  9.99998711e-10],0.766631455206594,0.051422589786560405,-4.6704552670862304e-21,-2.501890111419157e-28,2.4370060080108903e-25,0.01766895934875176,[ 6.13600705e-02  6.32120355e-05  4.65295670e-07  1.00273026e-11
  5.96261558e-11 -5.08195639e-04  7.40675023e-05  3.63194495e-02
  2.64613795e-04  2.62422133e-12  1.83555776e-11 -1.30325775e-04
  1.94288182e-20  1.10588622e-17  9.98062185e-07  5.23658096e-24
 -7.77395792e-23  1.36031408e-22  4.11974719e-25  1.07436544e-25
  5.23658511e-24  9.92337513e-07  5.08947568e-28  4.59397294e-30
 -2.97268033e-25 -9.37040538e-26 -7.77395149e-23  5.08947695e-28
  9.92337513e-07 -4.06003940e-27 -4.04119128e-13  1.83134324e-12
  1.34187264e-14 -2.21518603e-22 -1.23436441e-21  3.48850350e-02]
13.933897733688354,base_link,5.20870464332874,-6.824246430762594,5.063888904641158e-22,4.671972879039916e-23,1.9627706914908502e-22,-0.23567664813966613,0.9718315273346775,[ 1.65432113e-03 -2.15516702e-05  2.09223192e-04 -3.17359214e-05
  8.03287026e-04 -8.65980902e-04  9.37300792e-05  1.11496945e-03
  2.62103617e-03  2.76767766e-06 -6.98895535e-05  7.54371043e-05
 -2.90108784e-20 -2.02229116e-19  9.99297857e-07  1.16800420e-15
 -1.74688893e-14 -6.65291418e-24  5.00278834e-21 -2.12999008e-22
  1.16800420e-15  9.98597681e-07  2.90593920e-20 -8.49477117e-26
 -3.72694497e-20  1.06408514e-20 -1.74688893e-14  2.90600816e-20
  9.98597681e-07  2.09381285e-23  3.46633867e-18  5.84064946e-18
  1.36585816e-17 -3.98194999e-20  1.00527579e-18  9.99999305e-10],0.7434318359764062,0.048234919738296286,7.183232658498346e-21,5.113676751350227e-28,-1.8362326926229446e-26,-0.000556212547339445,[ 6.15948680e-02  7.52978667e-05  5.54530752e-07 -7.22018888e-12
  5.23259115e-11 -5.33398378e-04  1.92588050e-04  3.63924354e-02
  2.65410643e-04 -1.76335231e-12  6.00490850e-12 -1.16881665e-04
 -3.95987903e-20 -1.89193279e-17  9.98947523e-07  2.85288828e-24
 -4.26697525e-23  1.36269264e-22  1.53480778e-25  3.73604525e-26
  2.85288757e-24  9.95816418e-07  2.79368664e-28  1.26385166e-29
 -1.77068350e-24 -2.01948392e-25 -4.26697135e-23  2.79368665e-28
  9.95816418e-07 -5.46535235e-28 -4.00153873e-13  1.84954222e-12
  1.35639953e-14  1.26615092e-22 -5.45800603e-22  3.48835308e-02]
13.98746109008789,base_link,5.2582417642224515,-6.8501805898483665,-2.7011311539717434e-22,6.661225001679253e-23,2.2220349324252243e-22,-0.24009524760249015,0.9707493353480593,[ 1.58613846e-03 -3.51761264e-06  2.70196283e-04  1.66471853e-05
  9.13641180e-04 -1.04197915e-03  2.03643387e-04  1.14838412e-03
  2.89435129e-03 -1.58200397e-06 -8.67490427e-05  9.90287093e-05
 -3.03078976e-21 -3.74812079e-20  9.99276515e-07  1.17547363e-15
 -1.74084011e-14 -7.79882945e-24 -7.27918939e-22  7.27918939e-23
  1.17547363e-15  9.98555118e-07  2.82823902e-20  1.97527046e-24
 -5.31513174e-20  1.22819777e-20 -1.74084011e-14  2.82834231e-20
  9.98555118e-07  4.36003956e-23  2.97716178e-18  5.16409854e-18
  1.34421568e-17  1.49471636e-20  8.19431278e-19  9.99999284e-10],0.723020324257511,0.04581022121597122,-1.668720130362327e-20,1.5019673916605707e-27,-9.186337501646452e-28,-0.005965346684138551,[ 6.14228189e-02  4.96990397e-05  3.67398898e-07  2.45290754e-12
  7.10305653e-11 -6.36267941e-04  2.33235973e-04  3.64172906e-02
  2.65600708e-04  5.51322583e-13  1.05025907e-11 -1.45846856e-04
 -1.02120410e-19 -7.39967983e-17  9.98915555e-07  2.88586023e-24
 -4.27388484e-23 -3.03723262e-22 -1.76906791e-25 -3.96828590e-26
  2.88585940e-24  9.95690206e-07  2.74403752e-28  7.71661723e-29
 -5.06648125e-24 -7.49632430e-25 -4.27389394e-23  2.74403777e-28
  9.95690206e-07 -5.13759261e-29 -4.01362994e-13  1.92572087e-12
  1.41248393e-14 -5.76589624e-23 -1.62266012e-21  3.48853971e-02]
14.042400360107422,base_link,5.317170688295945,-6.882391135084067,-1.141395721279026e-22,-7.581086792151886e-24,-2.5773564594939757e-23,-0.22347903057710453,0.9747087374658737,[ 1.41671412e-03  1.90608989e-05  1.87913225e-04  4.66532638e-05
  7.56619312e-04 -7.98021665e-04  1.88519578e-04  9.75221970e-04
  2.76016868e-03 -4.53747317e-06 -7.35585463e-05  7.76495849e-05
 -5.61159328e-21 -4.34951418e-19  9.99255718e-07  1.08809851e-15
 -1.78503024e-14  9.55823504e-24  2.05140792e-22 -2.89513214e-23
  1.08809851e-15  9.98513645e-07  2.60957004e-20  5.37077058e-25
 -2.54109884e-20  5.66453283e-21 -1.78503023e-14  2.60957189e-20
  9.98513645e-07  8.38728691e-24  3.15236983e-18  5.25071686e-18
  1.48807039e-17  4.57811369e-20  7.42083894e-19  9.99999263e-10],0.714918899696136,0.042760211167133126,-2.2866911393974787e-22,2.781273457061817e-28,-7.46826207335094e-27,0.013464408041988781,[ 6.11867002e-02  7.53396307e-05  5.55079020e-07  5.41962662e-12
  5.84284387e-11 -4.91570235e-04  2.28855642e-04  3.63289714e-02
  2.64972434e-04  1.08584925e-12  8.48164189e-12 -1.13512389e-04
  7.30565917e-21  3.52365706e-18  9.98884405e-07  2.65527611e-24
 -4.35607349e-23  1.21429107e-22 -3.31195362e-25 -6.62390725e-26
  2.65527804e-24  9.95567185e-07  2.50499109e-28 -2.65611401e-29
 -1.69959766e-24 -2.47184831e-25 -4.35606961e-23  2.50499087e-28
  9.95567185e-07  6.93205306e-28 -3.85030287e-13  1.98833051e-12
  1.45840149e-14 -8.37793533e-23 -5.17642423e-22  3.48819812e-02]
14.082855701446533,base_link,5.3257485062366605,-6.895423401420353,2.0905250298152857e-22,1.325682230127426e-23,5.923552665479158e-23,-0.21754149365750589,0.9760510737339831,[ 1.40194256e-03  2.05794167e-05  1.98785608e-04  4.40394925e-05
  7.33859167e-04 -7.67259979e-04  1.91360064e-04  9.36000375e-04
  2.78480554e-03 -4.32160619e-06 -7.19791381e-05  7.53463260e-05
  5.45939204e-22  4.89161527e-20  9.98966148e-07  1.36124735e-15
 -2.34319939e-14 -6.33989850e-24 -1.75362290e-21  2.72969602e-22
  1.36124735e-15  9.97936558e-07  3.08523076e-20  1.17918371e-25
 -5.73864822e-20  1.50083650e-20 -2.34319939e-14  3.08505738e-20
  9.97936558e-07  3.22107467e-23  2.96513606e-18  5.26387632e-18
  1.57952419e-17  3.56167234e-20  5.93138800e-19  9.99998973e-10],0.6695940500833272,0.03600426204540942,4.144817915764817e-21,8.544755453735923e-29,-6.793737659437857e-28,0.019543702374492714,[ 6.11500330e-02  8.49947683e-05  6.25808215e-07  6.16889973e-12
  6.39625174e-11 -4.74931845e-04  2.39271903e-04  3.63028646e-02
  2.64685008e-04  1.11019621e-12  7.17757503e-12 -1.05484294e-04
 -3.13402190e-20 -1.31730564e-17  9.98450822e-07  3.32035666e-24
 -5.71565158e-23  1.69716974e-22 -2.04371772e-25 -3.65526589e-26
  3.32036036e-24  9.93860211e-07  2.96147897e-28  3.91044753e-29
 -3.78693624e-24 -4.24091623e-25 -5.71564442e-23  2.96147919e-28
  9.93860211e-07 -1.10788845e-28 -3.77824208e-13  2.02715362e-12
  1.48628481e-14 -1.01525324e-22 -7.73533333e-22  3.48806096e-02]
14.135480642318726,base_link,5.34850722649462,-6.921543227183315,9.169998793149344e-22,1.653715896226319e-23,1.2831620496558334e-22,-0.22248028688850083,0.974937188718335,[ 1.29534806e-03  3.07002338e-05  2.12696395e-04  5.46787769e-05
  7.18250647e-04 -7.28504034e-04  2.07339224e-04  8.82804561e-04
  2.63107871e-03 -5.86002288e-06 -7.69660067e-05  7.81535895e-05
 -3.59327258e-21 -1.97993951e-19  9.98930907e-07  1.00686905e-15
 -2.24680657e-14 -1.74169808e-23  4.13590306e-21 -9.64492594e-22
  1.00686905e-15  9.97866372e-07  2.11586713e-20  1.80071788e-24
  2.90108784e-20 -8.23210146e-21 -2.24680657e-14  2.11617814e-20
  9.97866372e-07 -1.78834617e-23  2.86470437e-18  4.73893634e-18
  1.42735331e-17  4.39793902e-20  5.77604430e-19  9.99998938e-10],0.6328578675435296,0.025667896146211663,1.321114669952479e-21,-4.736595356282525e-27,-3.2803642521252145e-26,0.012912713505121895,[ 6.09956645e-02  7.50548497e-05  5.52120165e-07  5.52698223e-12
  6.03659052e-11 -4.55036961e-04  2.34905194e-04  3.62650305e-02
  2.64424929e-04  7.69273905e-13  6.68957837e-12 -9.93447108e-05
 -6.98802181e-21 -3.36102673e-18  9.98398071e-07  2.45281363e-24
 -5.47347209e-23  7.86702298e-23 -3.39273298e-26 -4.74578721e-27
  2.45281671e-24  9.93653120e-07  2.02673504e-28  2.00249733e-28
 -2.33937017e-24 -2.58493941e-25 -5.47346845e-23  2.02673559e-28
  9.93653120e-07  1.32969204e-27 -3.55998024e-13  2.04184239e-12
  1.49693749e-14 -6.29174673e-23 -6.06690278e-22  3.48772655e-02]
14.17900538444519,base_link,5.362420842398484,-6.937518114909472,-6.039647322590747e-23,1.0357646015795605e-23,1.1639072596590218e-23,-0.229002154774902,0.9734259155726499,[ 1.34707701e-03  1.30970366e-05  4.70324998e-04  2.09453423e-05
  8.19780865e-04 -8.95428544e-04  3.13970948e-04  9.82085294e-04
  2.80059696e-03 -3.54424923e-06 -1.38938372e-04  1.51898563e-04
 -2.07258374e-20 -8.93619759e-20  9.99248829e-07  5.56277057e-16
 -1.52025577e-14 -3.20426109e-23 -1.54021030e-21 -1.09353277e-21
  5.56277057e-16  9.98499910e-07  1.12575569e-20  7.44710166e-25
  6.86096687e-20 -2.54639280e-20 -1.52025577e-14  1.12582064e-20
  9.98499910e-07  1.34491674e-24  2.89457116e-18  4.41458564e-18
  1.30809648e-17  8.50017834e-21  3.32908556e-19  9.99999257e-10],0.5969954145586872,0.01909970658893261,1.0869156808922924e-21,-1.400565914403049e-28,-7.008130844715166e-26,0.004215069308654567,[ 6.10185749e-02  3.35537916e-05  2.47818997e-07 -5.20762724e-13
  7.88077972e-11 -5.75997813e-04  2.92097160e-04  3.63151580e-02
  2.64942670e-04 -7.41824476e-13  3.99169057e-12 -9.81101689e-05
  6.14098887e-21  6.61363325e-18  9.98874088e-07  1.36082927e-24
 -3.71919926e-23  2.05601859e-23 -2.06997102e-26 -2.91815426e-26
  1.36082943e-24  9.95526487e-07  1.08546843e-28 -3.35844250e-30
  3.55429169e-24  1.80137965e-25 -3.71919913e-23  1.08546869e-28
  9.95526487e-07 -2.01787105e-27 -3.42760372e-13  2.04189964e-12
  1.49769817e-14  3.67244774e-23 -4.72068370e-22  3.48763918e-02]
14.238547086715698,base_link,5.3945503413615485,-6.961827512376643,-3.0980848887421955e-23,-4.703531128400148e-24,-2.2304144619621792e-23,-0.22019010536449884,0.9754569788050987,[ 1.26752329e-03  1.05382678e-05  4.19708251e-04  2.30962728e-05
  8.81750912e-04 -8.95672915e-04  3.06061494e-04  9.89707260e-04
  2.80596410e-03 -3.61834083e-06 -1.38265393e-04  1.40602700e-04
 -3.05725954e-20 -1.85500215e-19  9.98990436e-07  4.81271915e-16
 -1.92918562e-14  3.95815490e-23 -1.19941189e-23 -3.80503082e-23
  4.81271916e-16  9.97984937e-07  9.19641971e-21  2.92620664e-25
  2.77403290e-20 -9.79381845e-21 -1.92918562e-14  9.19726826e-21
  9.97984937e-07 -2.18387188e-23  2.92264645e-18  4.61598034e-18
  1.36574243e-17  9.36110378e-21  3.57547491e-19  9.99998998e-10],0.5675316180675426,0.013112846529540598,3.4951610491432553e-22,-8.857818671303515e-28,1.6515495368077166e-26,0.013878745192615156,[ 6.09276221e-02  1.10371184e-05  8.24863868e-08  2.82855670e-13
  9.49032741e-11 -5.73807810e-04  2.61170739e-04  3.62983644e-02
  2.64746235e-04 -4.85494430e-13  5.89837220e-12 -1.03394512e-04
 -7.75564542e-21 -2.45571792e-17  9.98487180e-07  1.17261017e-24
 -4.70060840e-23  4.63979775e-23 -4.84676140e-27  1.00974196e-26
  1.17261000e-24  9.94002992e-07  8.80993109e-29 -2.33621564e-28
 -1.16322274e-25 -8.07793567e-27 -4.70060614e-23  8.80991279e-29
  9.94002992e-07  4.47383956e-27 -3.21531066e-13  2.05920003e-12
  1.50983241e-14  2.43914542e-23 -6.73328615e-22  3.48741477e-02]
14.286615133285522,base_link,5.402368660622728,-6.9718157264439204,2.0563484190677145e-22,3.972923906608349e-23,1.7984133628838893e-22,-0.21506554054518032,0.9765996176888507,[ 1.23281503e-03 -5.91503340e-06  4.02734546e-04  6.11334556e-06
  8.97330990e-04 -8.93626680e-04  2.96290778e-04  1.00042236e-03
  2.80070966e-03 -9.57665621e-07 -1.40274390e-04  1.39852739e-04
  2.14934610e-20  2.10064171e-19  9.98840567e-07  3.79996371e-16
 -2.05456788e-14  2.74213866e-23  3.50724580e-22 -4.01182597e-23
  3.79996371e-16  9.97686492e-07  6.73370834e-21  2.81556557e-26
 -2.91167576e-20  1.13290657e-20 -2.05456787e-14  6.73338276e-21
  9.97686492e-07  5.15986667e-23  2.66398185e-18  4.55479167e-18
  1.31975087e-17  2.25873865e-21  3.31315173e-19  9.99998847e-10],0.5235585454138167,0.008765333470258353,-3.631878229781994e-23,5.911499679757598e-29,-1.0569239017091592e-25,0.018674608231547842,[ 6.08999058e-02 -8.22832590e-06 -5.92115434e-08  2.40143779e-12
  8.57599411e-11 -5.75656567e-04  2.46734500e-04  3.62833142e-02
  2.64605679e-04  4.84368711e-13  3.04350416e-12 -9.95602284e-05
  8.60267837e-23 -5.96311195e-19  9.98262862e-07  9.23574586e-25
 -4.99393155e-23  1.78783270e-23  4.03896783e-27  9.08767763e-28
  9.23574527e-25  9.93122910e-07  6.42514051e-29  5.23102448e-30
 -2.95975563e-24 -1.02185886e-25 -4.99393179e-23  6.42514227e-29
  9.93122910e-07 -8.61648660e-27 -2.97006478e-13  2.04499525e-12
  1.49901584e-14 -2.73612970e-23 -3.49640291e-22  3.48705884e-02]
14.33580756187439,base_link,5.4228412225704155,-6.987663213452203,1.5681598865460426e-24,1.1905683701141019e-22,5.0250476819305115e-22,-0.22200209814310112,0.9750461878393561,[ 1.31096295e-03 -1.43028010e-05  6.23217985e-04 -8.28838040e-06
  1.11550227e-03 -1.11181844e-03  4.24003872e-04  1.16489977e-03
  3.12640549e-03  1.54928956e-06 -2.08464510e-04  2.07978747e-04
 -3.70841612e-20 -1.95452853e-19  9.99121179e-07  1.71318229e-16
 -1.42467683e-14 -2.28708521e-24  7.13029688e-22 -2.34919294e-22
  1.71318229e-16  9.98245441e-07  2.77774019e-21 -4.51293863e-25
 -1.96935160e-20  8.62914815e-21 -1.42467683e-14  2.77691997e-21
  9.98245441e-07 -4.94815779e-23  2.61021811e-18  3.70540937e-18
  1.05638305e-17 -2.42037093e-21  3.25747344e-19  9.99999129e-10],0.49878297095549506,0.0048161665297287775,-3.921087083930952e-21,1.7917119625171426e-27,7.577885999041383e-26,0.0095931827463896,[ 6.09490582e-02 -5.47698874e-05 -4.01116882e-07 -9.79942797e-13
  1.04364544e-10 -7.20049349e-04  3.03032110e-04  3.63679379e-02
  2.65356646e-04 -8.10805359e-14  3.43449411e-12 -1.12554029e-04
  5.70159053e-20 -3.75676053e-17  9.98682925e-07  4.19592882e-25
 -3.48938262e-23 -6.39853379e-23  2.94844652e-26  2.42338070e-27
  4.19592799e-25  9.94772923e-07  2.68421286e-29 -5.19917041e-29
 -2.54616532e-24 -8.19910470e-26 -3.48938353e-23  2.68420982e-29
  9.94772923e-07 -2.11134838e-27 -2.79483281e-13  2.02402504e-12
  1.48429019e-14  6.63164941e-24 -5.52472168e-22  3.48722241e-02]
14.380697011947632,base_link,5.4421538479573135,-7.000339302886698,-1.4747320193662135e-23,-1.4395997134281468e-23,-4.388144761444518e-23,-0.2148427700626767,0.9766486492858093,[ 1.38947345e-03  1.44608675e-05  5.00329069e-04  3.22850219e-05
  1.04028547e-03 -1.03567123e-03  3.85776901e-04  1.14302340e-03
  3.35989979e-03 -5.26744234e-06 -1.69812124e-04  1.69181069e-04
 -9.68793933e-21 -7.68682400e-20  9.99405356e-07  7.26307997e-17
 -9.66672293e-15 -2.60119698e-23  3.97873875e-22 -6.04669028e-22
  7.26307990e-17  9.98812123e-07  1.18458419e-21 -3.85905607e-24
  8.55503277e-20 -3.15784471e-20 -9.66672297e-15  1.18193776e-21
  9.98812123e-07 -3.93811290e-23  2.31242567e-18  3.37965308e-18
  1.02743348e-17  1.19799734e-20  3.86136061e-19  9.99999414e-10],0.47764260432319,0.0025082853086863415,-1.2896166554948616e-22,-5.004259038391646e-28,1.5132885130387223e-26,0.01710459682445018,[ 6.10270207e-02  2.27693272e-06  1.86171714e-08  9.96895722e-13
  7.47942896e-11 -6.62630828e-04  3.04942911e-04  3.63587737e-02
  2.65419676e-04 -3.01932437e-13  3.63623329e-12 -1.11675680e-04
  4.35097002e-21  6.21247845e-17  9.99108563e-07  1.77552968e-25
 -2.36390643e-23  3.27593424e-24 -2.80708265e-26  8.33037116e-27
  1.77552594e-25  9.96453153e-07  1.13675465e-29 -1.20239682e-28
 -1.71898471e-24 -8.52222213e-26 -2.36390572e-23  1.13674637e-29
  9.96453153e-07  3.81341216e-27 -2.61053619e-13  2.00822692e-12
  1.47334742e-14  8.50890914e-24 -3.50359179e-22  3.48726514e-02]
14.42647409439087,base_link,5.446583957187856,-7.00496130533594,-2.542514850296904e-22,7.69215533103494e-23,9.561704030425875e-23,-0.22509360691540622,0.9743371429468408,[ 1.32522461e-03 -3.68284309e-05  7.90401225e-04 -5.45793119e-05
  1.03335131e-03 -1.03909556e-03  4.81378695e-04  1.10924740e-03
  3.08356795e-03  1.23704728e-05 -2.34049783e-04  2.35579340e-04
 -2.24463731e-20 -5.82335151e-20  9.99225850e-07  4.58003278e-17
 -1.16592103e-14 -9.96643550e-24 -5.59835839e-21  1.54186466e-21
  4.58003263e-17  9.98454092e-07  6.86105211e-22  3.70638097e-24
  2.61521422e-20 -1.39760436e-20 -1.16592104e-14  6.90188180e-22
  9.98454092e-07  7.67568217e-24  2.53584144e-18  3.35458171e-18
  1.00478627e-17 -1.24651831e-21  2.38975162e-20  9.99999234e-10],0.43829452068276786,0.0008481944291838269,2.5188155972703124e-22,-9.255139264140642e-27,1.2743017405557117e-25,0.003740379184923646,[ 6.09243809e-02 -5.28421369e-05 -3.86815101e-07 -8.32263784e-12
  9.83623720e-11 -6.85685568e-04  3.66222521e-04  3.63431424e-02
  2.65248002e-04 -7.90704172e-13 -3.70483224e-12 -8.41930319e-05
  3.30342849e-20 -2.27140355e-17  9.98839672e-07  1.12098725e-25
 -2.85488323e-23  5.06622882e-24  2.13257502e-25  2.03967876e-26
  1.12098007e-25  9.95390697e-07  6.65902913e-30 -1.86691623e-28
 -1.42171668e-24  5.25065819e-26 -2.85488316e-23  6.65899754e-30
  9.95390697e-07  2.60709526e-27 -2.49996984e-13  2.00848019e-12
  1.47320209e-14  6.14044672e-23 -2.44051472e-22  3.48725832e-02]
14.493532180786133,base_link,5.48581263643582,-7.032505915982765,3.6755519292164023e-22,-2.809287967791082e-23,-1.9866047231476156e-22,-0.22463192461791362,0.9744436866450785,[ 1.16784289e-03 -2.22244489e-05  7.19256847e-04 -2.12294913e-05
  9.02802594e-04 -8.41024621e-04  4.75742389e-04  9.36818877e-04
  2.72779677e-03  5.88135286e-06 -2.50196542e-04  2.33313123e-04
  1.03232140e-20  3.21872520e-20  9.99002801e-07 -1.22309105e-16
 -1.43642060e-14  2.45903728e-23  7.04757882e-22 -7.31227661e-22
 -1.22309104e-16  9.98009565e-07 -1.76365681e-21  1.71983475e-24
  1.12231866e-20 -6.77626358e-21 -1.43642060e-14 -1.76232376e-21
  9.98009565e-07 -2.02308654e-23  2.61162860e-18  3.38565185e-18
  1.04614132e-17  5.99841148e-21 -2.55528569e-19  9.99999011e-10],0.4294434047427008,-0.004633208796207099,-1.603160199713702e-22,-4.687536809881555e-27,5.694187759304746e-26,0.003233447869357203,[ 6.07013773e-02 -3.67620232e-05 -2.68473139e-07 -1.71295979e-12
  1.07482388e-10 -5.73452494e-04  3.70131573e-04  3.62568796e-02
  2.64560086e-04  3.81649926e-13 -6.97577531e-12 -5.47069276e-05
  2.02758512e-20 -1.98408998e-17  9.98505689e-07 -2.96664140e-25
 -3.48339882e-23  2.06008753e-23  1.17130067e-26 -2.57484199e-27
 -2.96664527e-25  9.94075644e-07 -1.67390371e-29 -1.36330617e-28
 -2.17134911e-24  1.41363874e-25 -3.48339710e-23 -1.67390867e-29
  9.94075644e-07  1.69307672e-27 -2.16854499e-13  1.98109324e-12
  1.45258240e-14  1.73008060e-24 -4.52279552e-22  3.48681313e-02]
14.539293766021729,base_link,5.519320794211401,-7.054429989741963,7.355683536976638e-23,3.7985117281213915e-23,2.3486338954249337e-22,-0.21641120659216415,0.9763023044433131,[ 1.40348831e-03 -5.82255816e-05  9.69221534e-04 -7.98681043e-05
  1.01400490e-03 -8.98795868e-04  6.13556229e-04  1.05930101e-03
  3.54741260e-03  2.37652354e-05 -3.01631201e-04  2.67531223e-04
 -6.11451909e-20 -2.11969995e-19  9.99402579e-07 -1.32214602e-16
 -8.55328598e-15 -2.18279266e-24  9.97910691e-21 -4.07634606e-21
 -1.32214601e-16  9.98806583e-07 -1.89551859e-21  2.30429422e-24
 -7.22095588e-20  4.37810155e-20 -8.55328603e-15 -1.89629205e-21
  9.98806583e-07 -3.79489100e-23  2.70915958e-18  2.89604344e-18
  1.02539876e-17  1.05134933e-20 -1.33179030e-19  9.99999412e-10],0.43298116756231775,-0.008155723026919368,1.6488099163386582e-21,2.0015269227022116e-27,-4.622476148542769e-26,0.01248173983495542,[ 6.09192877e-02 -4.42667515e-05 -3.24027044e-07 -8.86455496e-12
  8.52271684e-11 -6.13030833e-04  4.96592023e-04  3.63386273e-02
  2.65342420e-04 -2.81207065e-13 -4.99050342e-12 -5.49979095e-05
 -2.65756587e-20  2.15214131e-17  9.99104403e-07 -3.23567439e-25
 -2.09308021e-23 -1.37484698e-23  6.28463395e-25  1.98919166e-26
 -3.23566912e-25  9.96436692e-07 -1.82541134e-29 -9.71846853e-29
 -9.46087826e-24  5.56569768e-25 -2.09308165e-23 -1.82540983e-29
  9.96436692e-07  2.11643923e-27 -2.00189283e-13  1.94390164e-12
  1.42613649e-14  3.58673017e-23 -1.73594495e-22  3.48688521e-02]
14.581457138061523,base_link,5.553273077395424,-7.071034593141739,-4.670706104339492e-22,-1.2510155621535545e-22,-4.892854374337785e-22,-0.21877769291263988,0.9757747286560677,[ 1.27494695e-03 -6.80134362e-05  1.02387231e-03 -9.73340085e-05
  1.03631480e-03 -9.09709674e-04  6.44251591e-04  1.01368328e-03
  3.18804655e-03  2.76809824e-05 -2.94598027e-04  2.58826447e-04
 -1.02914503e-19 -2.64697796e-19  9.99198958e-07 -1.94215186e-16
 -1.12363269e-14  1.08255057e-23 -7.51741741e-21  2.94476298e-21
 -1.94215185e-16  9.98400476e-07 -2.72540721e-21  9.81673749e-25
  3.84341200e-20 -2.34522247e-20 -1.12363268e-14 -2.72045059e-21
  9.98400476e-07  3.59255428e-23  2.64393724e-18  3.08848034e-18
  1.01234835e-17  3.38919134e-20 -3.60203076e-19  9.99999208e-10],0.4377378422472551,-0.00819839503316046,-2.708145976539087e-21,-2.4427337946332312e-27,3.28758181985704e-25,0.00921766225066083,[ 6.07526772e-02 -7.93980435e-05 -5.82311456e-07 -1.39122438e-11
  1.05023323e-10 -6.18593145e-04  4.90282167e-04  3.63091379e-02
  2.65061117e-04 -5.86215366e-13 -5.75064579e-12 -5.98022573e-05
  2.64697796e-20 -1.19804340e-17  9.98799397e-07 -4.74784026e-25
 -2.74683994e-23  2.84026939e-23  4.03896783e-26  1.71656133e-27
 -4.74785682e-25  9.95231838e-07 -2.62366156e-29  4.64188139e-29
 -2.97268033e-24  1.62366507e-25 -2.74683777e-23 -2.62368444e-29
  9.95231838e-07 -6.77278259e-27 -1.90216204e-13  1.93177158e-12
  1.41682354e-14  6.92792332e-23 -4.01791697e-22  3.48680740e-02]
14.627748250961304,base_link,5.604202793703654,-7.094579357686953,-1.6447760753146214e-21,1.741353350053017e-23,2.4792107123675285e-21,-0.2101325750978327,0.9776729007611665,[ 1.05926361e-03 -1.05691561e-04  1.00241768e-03 -1.41448590e-04
  8.64367587e-04 -7.41922219e-04  6.12984986e-04  8.51916382e-04
  2.67957507e-03  4.62049679e-05 -2.82369731e-04  2.42636466e-04
  1.95876369e-20  4.42574715e-20  9.98738741e-07 -2.82390193e-16
 -1.83148886e-14  2.48283221e-23 -4.94984879e-21  3.74547381e-21
 -2.82390173e-16  9.97483817e-07 -4.12525572e-21  2.11766296e-23
 -7.67623608e-20  5.31513174e-20 -1.83148887e-14 -4.12017492e-21
  9.97483817e-07 -1.02696873e-22  2.77675216e-18  3.55839342e-18
  1.14232086e-17  1.58526304e-19 -9.68973319e-19  9.99998746e-10],0.45921216975126744,-0.007904982115510044,-8.490248669864117e-21,1.2034928394265225e-26,1.8036826952893683e-25,0.018569176994206023,[ 6.05158573e-02 -1.13633054e-04 -8.32873668e-07 -1.81400822e-11
  1.19418092e-10 -5.18330452e-04  4.64725657e-04  3.62093300e-02
  2.64168406e-04  2.31253399e-12 -1.22746510e-11 -3.42590250e-05
  1.43995601e-20 -4.49943902e-18  9.98110490e-07 -6.81178123e-25
 -4.41766769e-23  8.04805078e-23 -1.61558713e-25  2.05987360e-26
 -6.81190341e-25  9.92526291e-07 -3.86147804e-29 -1.52412880e-28
 -2.53324063e-24  2.60109529e-25 -4.41765993e-23 -3.86151663e-29
  9.92526291e-07 -2.18370587e-27 -1.70541922e-13  1.91352229e-12
  1.40243656e-14  1.47999500e-22 -9.60698877e-22  3.48646384e-02]
14.691203355789185,base_link,5.657776816121939,-7.1190575509563345,7.628883480845805e-22,-8.43827788191924e-23,3.794337527748071e-22,-0.20608022312722615,0.9785350998486629,[ 1.26428288e-03 -1.68190043e-04  1.34810934e-03 -2.28455696e-04
  8.71320292e-04 -7.73642068e-04  8.03685696e-04  9.62688784e-04
  3.21338367e-03  8.55885041e-05 -3.26417376e-04  2.90041398e-04
  1.82112084e-20  3.70576914e-20  9.99196339e-07 -1.86806775e-16
 -1.21014396e-14 -1.97556559e-23 -5.92923063e-21  4.28810430e-21
 -1.86806760e-16  9.98395254e-07 -2.82839957e-21  1.37637423e-23
  2.42463181e-20 -1.86876644e-20 -1.21014397e-14 -2.82173094e-21
  9.98395254e-07 -2.98696412e-23  3.00968668e-18  3.19907118e-18
  1.11199809e-17  2.51087118e-19 -9.57493579e-19  9.99999205e-10],0.4647960642370937,-0.007971348811096325,1.0128177997603536e-20,3.0259847481482894e-26,-1.1792838975478029e-25,0.02126319746490538,[ 6.07046241e-02 -1.45584869e-04 -1.06878025e-06 -2.45070959e-11
  8.89652392e-11 -5.47779278e-04  6.27534289e-04  3.62820774e-02
  2.64916276e-04  3.07075984e-12 -1.27406957e-11 -1.65439069e-05
 -1.12443624e-19  2.77555756e-17  9.98795475e-07 -4.56030790e-25
 -2.95361717e-23 -1.94775855e-22 -6.07460762e-25  7.63364921e-26
 -4.55999626e-25  9.95216355e-07 -2.70170043e-29 -7.49764022e-28
 -3.20532487e-24  4.62057920e-25 -2.95362979e-23 -2.70170037e-29
  9.95216355e-07  2.90109141e-27 -1.54623723e-13  1.87505133e-12
  1.37515729e-14  1.92557667e-23 -4.93837360e-23  3.48639823e-02]
14.731785535812378,base_link,5.679337264743525,-7.126831607813287,2.1113525339304698e-23,-5.451040501238597e-24,1.7085077677673168e-22,-0.20099691604431832,0.9795918740683148,[ 1.34172822e-03 -1.86715140e-04  1.46094907e-03 -2.58912785e-04
  9.41505435e-04 -7.97497036e-04  8.43955127e-04  1.00627850e-03
  3.18647056e-03  1.01253958e-04 -3.68172345e-04  3.12067422e-04
 -8.70326353e-20 -1.27266700e-19  9.99201948e-07 -2.04240572e-16
 -1.20377602e-14 -7.40645309e-24  3.17637355e-21 -2.14405215e-21
 -2.04240552e-16  9.98406437e-07 -3.09709371e-21  1.38593098e-23
 -1.18584613e-20  8.89384595e-21 -1.20377603e-14 -3.09943412e-21
  9.98406437e-07 -5.76081085e-23  3.01588402e-18  3.48270955e-18
  1.09969646e-17  3.19964445e-19 -1.16322797e-18  9.99999211e-10],0.4511124060924066,-0.006721353824731669,1.190783860019607e-22,5.44372625776143e-27,-4.923384143293098e-26,0.025839283219230597,[ 6.07888584e-02 -1.50039559e-04 -1.10173415e-06 -2.93366467e-11
  9.78354303e-11 -5.67490497e-04  6.65748434e-04  3.63036394e-02
  2.65096182e-04  3.43020214e-12 -1.43077136e-11 -9.73220083e-06
  1.57971645e-19 -3.80012861e-17  9.98803875e-07 -4.98951850e-25
 -2.94033989e-23 -2.82811163e-23  5.55761974e-25 -6.54312789e-26
 -4.98945666e-25  9.95249486e-07 -2.96296658e-29 -5.51712482e-28
 -1.48634016e-24  2.19719850e-25 -2.94034296e-23 -2.96293030e-29
  9.95249486e-07  4.94319306e-27 -1.47238402e-13  1.86121604e-12
  1.36502280e-14 -1.48706663e-23  1.15170562e-22  3.48631013e-02]
14.783028841018677,base_link,5.699796650024595,-7.136363612021025,9.158791143913727e-22,1.1355341975718152e-22,2.3647298465307327e-22,-0.21261167512405435,0.9771367742547322,[ 1.46198964e-03 -2.50702771e-04  1.70536880e-03 -3.40793227e-04
  1.10645505e-03 -9.43876072e-04  9.80183344e-04  1.16794053e-03
  3.47486997e-03  1.30807982e-04 -4.24695969e-04  3.62511873e-04
  1.10114283e-20  1.67289007e-20  9.99366918e-07 -6.78851121e-17
 -8.81093888e-15 -1.34254171e-23  2.44051368e-20 -1.85553155e-20
 -6.78851088e-17  9.98735436e-07 -9.37805165e-22 -5.97182189e-24
  1.38701645e-20 -1.05879118e-20 -8.81093890e-15 -9.53718605e-22
  9.98735436e-07 -2.47433599e-23  2.78223321e-18  2.81431391e-18
  9.08935633e-18  2.56678636e-19 -8.33366867e-19  9.99999376e-10],0.4291089933844851,-0.006486492184928418,1.3360802017240889e-20,1.2627489516430636e-26,2.747429368195655e-26,0.011023125439256203,[ 6.09138242e-02 -2.17639725e-04 -1.60097512e-06 -3.07918387e-11
  1.00249317e-10 -6.67197164e-04  7.44908582e-04  3.63861769e-02
  2.65785542e-04  3.76779828e-12 -1.21741029e-11 -1.79570959e-05
  8.04681300e-21 -1.46367293e-18  9.99050977e-07 -1.66663581e-25
 -2.16252401e-23 -2.34613330e-22  1.91931752e-24 -2.35067928e-25
 -1.66628140e-25  9.96225346e-07 -9.16016530e-30 -3.62404975e-28
 -6.79839066e-24  8.25565025e-25 -2.16253526e-23 -9.16039530e-30
  9.96225346e-07 -7.66271344e-28 -1.40364134e-13  1.84838169e-12
  1.35601463e-14 -1.63963209e-22  5.28910324e-22  3.48651317e-02]
14.83316707611084,base_link,5.739820191431346,-7.163437900396247,-9.147228259641428e-22,-2.646147721885181e-22,-1.780416434502593e-21,-0.2119489466599203,0.9772807396085069,[ 1.42904032e-03 -2.60482218e-04  1.65467564e-03 -3.29296314e-04
  9.76829336e-04 -8.06149731e-04  1.03112484e-03  1.07368568e-03
  3.59578442e-03  1.35235738e-04 -4.01147484e-04  3.31406673e-04
 -7.77152729e-20 -1.55642304e-19  9.99135890e-07 -1.52525351e-16
 -1.18719916e-14  1.23058382e-23 -8.99972506e-21  1.05085025e-20
 -1.52525358e-16  9.98274759e-07 -2.09048317e-21 -4.18895248e-24
 -4.55280209e-21  5.92923063e-21 -1.18719916e-14 -2.06990377e-21
  9.98274759e-07  6.29174410e-23  2.80088161e-18  2.93521261e-18
  9.77803542e-18  3.75110904e-19 -1.11258701e-18  9.99999145e-10],0.4388757027779941,-0.011602068398186222,-7.451298363600008e-20,2.5487850491997878e-25,-1.185145184510064e-24,0.01145304758300292,[ 6.08289101e-02 -2.11634208e-04 -1.55744289e-06 -3.06397843e-11
  8.57821188e-11 -5.76045436e-04  7.90561782e-04  3.63572985e-02
  2.65486968e-04  7.61508765e-12 -2.37714911e-11 -9.93450083e-06
  1.55642304e-19 -2.63461128e-17  9.98704952e-07 -3.73567759e-25
 -2.90882043e-23  5.83394856e-22  9.82276977e-25 -2.45569244e-25
 -3.73696132e-25  9.94859671e-07 -2.02636549e-29 -2.62311325e-27
 -4.39439700e-24  1.22461505e-24 -2.90878259e-23 -2.02628431e-29
  9.94859671e-07  1.21602034e-26 -1.37776048e-13  1.85579243e-12
  1.36113455e-14 -5.24877330e-22  1.62615480e-21  3.48673953e-02]
14.888890743255615,base_link,5.7941179802305935,-7.180481162730717,1.4097225681604095e-22,-4.2430801779976776e-23,-1.8598426770848153e-21,-0.20576476923740197,0.9786014815749456,[ 1.42287986e-03 -2.55577630e-04  1.78020274e-03 -3.23635609e-04
  1.02963412e-03 -7.83619079e-04  1.10499136e-03  1.01850237e-03
  3.58201399e-03  1.34444039e-04 -4.27708060e-04  3.25817153e-04
  5.39983504e-21  7.83505476e-21  9.99206216e-07 -2.19998569e-16
 -1.15316396e-14 -6.20774787e-24  4.12928562e-21 -4.18222518e-21
 -2.19998581e-16  9.98414947e-07 -3.16838661e-21 -2.10744676e-23
  9.49735692e-20 -1.04396811e-19 -1.15316395e-14 -3.14959995e-21
  9.98414947e-07  1.12615393e-22  3.08267035e-18  2.97874098e-18
  1.02234089e-17  4.40579514e-19 -1.40148972e-18  9.99999216e-10],0.4516439716000467,-0.006631806349250593,-1.2586879178358014e-20,2.4251716801856522e-26,-8.836708973188025e-26,0.017814183121850694,[ 6.07756102e-02 -2.04407144e-04 -1.50521114e-06 -3.14751572e-11
  9.47005658e-11 -5.58596303e-04  8.48780619e-04  3.63527238e-02
  2.65482101e-04  7.19225536e-12 -2.42548254e-11 -5.03195938e-06
  1.93123512e-19 -3.39897381e-17  9.98810268e-07 -5.39987589e-25
 -2.83065351e-23  2.50817006e-22 -6.78546596e-25  1.55904158e-25
 -5.40039723e-25  9.95274741e-07 -3.10046361e-29 -4.37493562e-28
  1.68021062e-24 -4.29746178e-25 -2.83063644e-23 -3.10046072e-29
  9.95274741e-07  1.58962137e-27 -1.27745294e-13  1.85971811e-12
  1.36435397e-14 -9.55320857e-22  3.18216753e-21  3.48717241e-02]
14.927889347076416,base_link,5.825928564498994,-7.186564489778467,-3.9171008825834305e-23,-1.1344712393668556e-22,3.315355115296451e-22,-0.1907628013023691,0.9816361615381092,[ 1.37040441e-03 -2.40690886e-04  1.69936702e-03 -3.10379310e-04
  9.58357180e-04 -6.83637657e-04  1.02390385e-03  9.52716495e-04
  3.32137115e-03  1.45543197e-04 -4.49398892e-04  3.20845354e-04
  1.06302635e-19  1.48654282e-19  9.99164772e-07 -1.50702599e-16
 -1.24698633e-14 -2.54918457e-23  2.56756862e-21 -2.75285708e-21
 -1.50702557e-16  9.98332327e-07 -2.28601317e-21  2.57510082e-23
  4.88102736e-20 -5.17748889e-20 -1.24698634e-14 -2.27049741e-21
  9.98332327e-07 -4.52731018e-23  3.07519522e-18  3.31644459e-18
  1.09104744e-17  5.96705896e-19 -1.84251229e-18  9.99999174e-10],0.4504380946035145,-0.0018631503040098312,1.9995455115717864e-21,4.3171026477432596e-27,6.165252897415069e-27,0.034015697236431754,[ 6.07539624e-02 -1.79337105e-04 -1.31898865e-06 -3.17434000e-11
  9.94911363e-11 -4.97908999e-04  8.08216515e-04  3.63077968e-02
  2.65146985e-04  9.01227561e-12 -2.75076195e-11  1.54129944e-05
 -1.08631975e-19  2.17382536e-17  9.98748202e-07 -3.67898542e-25
 -3.04301418e-23 -2.16561458e-22 -2.00979039e-24  5.70302258e-25
 -3.67848428e-25  9.95030017e-07 -2.16080772e-29 -1.93357310e-28
  8.27180613e-25 -2.29413373e-25 -3.04302922e-23 -2.16082616e-29
  9.95030017e-07 -3.09380319e-28 -1.12619685e-13  1.86213024e-12
  1.36609287e-14 -1.68183033e-23  3.99328142e-23  3.48701810e-02]
14.9866201877594,base_link,5.864088890753383,-7.185241526622865,1.4518902522198319e-22,-1.4596164360469146e-23,1.6848687750130839e-22,-0.16674115345697643,0.9860007037238041,[ 1.38213470e-03 -2.64558576e-04  1.75970791e-03 -3.37961267e-04
  9.16442631e-04 -6.24836127e-04  1.04101877e-03  9.22816464e-04
  3.38761474e-03  1.67701799e-04 -4.54748840e-04  3.10342074e-04
  3.77988453e-20  5.20925263e-20  9.99095581e-07  1.17462634e-16
 -1.31835681e-14  1.44934282e-23  9.82028823e-21 -1.17525821e-20
  1.17462645e-16  9.98194424e-07  1.69024664e-21  1.50220606e-23
  5.28336801e-20 -6.44803831e-20 -1.31835682e-14  1.68185343e-21
  9.98194424e-07 -5.62846596e-23  2.88181666e-18  3.33912718e-18
  1.08331412e-17  7.79290987e-19 -2.11312604e-18  9.99999105e-10],0.43461406613355597,0.008109526137977868,-5.433041696353301e-22,9.436920089005467e-27,-3.823668380586718e-26,0.05794745354536631,[ 6.08045335e-02 -1.79720577e-04 -1.32061908e-06 -3.48237092e-11
  9.31915262e-11 -4.55679874e-04  8.48526717e-04  3.62756997e-02
  2.64910455e-04  1.26422816e-11 -3.45011631e-11  3.26587161e-05
  1.91217688e-19 -3.84349670e-17  9.98644595e-07  2.86613860e-25
 -3.21880324e-23 -9.50008748e-23 -1.12444865e-24  4.08743545e-25
  2.86646077e-25  9.94621995e-07  1.64489194e-29 -9.70942478e-28
  2.97268033e-25 -1.09859925e-25 -3.21881248e-23  1.64492220e-29
  9.94621995e-07  3.84130241e-27 -9.55463024e-14  1.84730009e-12
  1.35508082e-14 -5.76108833e-22  1.57746127e-21  3.48681231e-02]
15.045656204223633,base_link,5.91706556395029,-7.190325809883873,1.1891769624214709e-22,-1.040403954932947e-23,-9.382642722370333e-22,-0.15299653285782597,0.9882267254701647,[ 1.49326886e-03 -2.91838891e-04  1.94996298e-03 -3.61934664e-04
  9.73286055e-04 -5.94664138e-04  1.17526793e-03  9.52704955e-04
  3.67666654e-03  2.04364023e-04 -5.49614124e-04  3.36059959e-04
 -3.14460982e-20 -5.35748339e-20  9.99275562e-07  2.99155269e-16
 -1.04104840e-14  3.28455204e-24 -2.20228566e-20  3.31401641e-20
  2.99155255e-16  9.98553219e-07  4.31431023e-21 -9.36896635e-24
  5.34689548e-20 -6.68097237e-20 -1.04104839e-14  4.33960593e-21
  9.98553219e-07  6.68388101e-23  2.85369894e-18  3.11951305e-18
  1.02558166e-17  8.02322055e-19 -2.15810352e-18  9.99999285e-10],0.43921913120003503,0.01634351611646166,-4.193050999526687e-22,9.032087361081819e-26,3.696356986897567e-26,0.06887654759848623,[ 6.09223726e-02 -1.85632613e-04 -1.36460952e-06 -3.12437826e-11
  9.51267381e-11 -4.42848959e-04  9.71063273e-04  3.62927020e-02
  2.65135707e-04  1.45256572e-11 -3.69363448e-11  5.18856337e-05
  2.87779444e-19 -5.58906220e-17  9.98914129e-07  7.32405969e-25
 -2.54926036e-23  2.77842806e-24  1.61558713e-25 -7.75481824e-26
  7.32416223e-25  9.95684555e-07  4.15101146e-29 -1.84311388e-27
  1.80945759e-25 -7.10858339e-26 -2.54925962e-23  4.15087794e-29
  9.95684555e-07 -7.70219758e-28 -8.62757402e-14  1.81828858e-12
  1.33413944e-14 -8.96768325e-22  2.21661036e-21  3.48668413e-02]
15.079989194869995,base_link,5.944439280194733,-7.185287587091519,1.2667172948013997e-22,-1.086239573855253e-22,4.697866685607536e-22,-0.13844610289939585,0.9903699695527778,[ 1.35147070e-03 -2.48110757e-04  1.71866682e-03 -2.93808256e-04
  8.07834297e-04 -4.44817724e-04  1.10381892e-03  7.50864296e-04
  3.37636990e-03  1.71043660e-04 -4.70287763e-04  2.59334075e-04
  9.85734592e-20  1.52677689e-19  9.98800010e-07  7.98427394e-16
 -1.73000694e-14  4.42424041e-23  3.65282959e-21 -7.57035697e-21
  7.98427421e-16  9.97605760e-07  1.14628999e-20  2.64856732e-23
  1.66230216e-20 -3.52577464e-20 -1.73000694e-14  1.14657846e-20
  9.97605760e-07 -6.84402665e-23  2.61081116e-18  3.45730280e-18
  1.15158222e-17  1.13995838e-18 -3.13431893e-18  9.99998808e-10],0.4351101847057776,0.024638789143377762,2.0873167605736166e-21,1.6536709316276004e-26,-7.40014793551104e-26,0.0819071711684238,[ 6.07662276e-02 -1.34209404e-04 -9.85645007e-07 -2.99192253e-11
  8.18567969e-11 -3.30763417e-04  9.35717428e-04  3.61814946e-02
  2.64144355e-04  2.03733511e-11 -5.60658280e-11  4.88825196e-05
 -7.47506576e-20  1.98951099e-17  9.98202170e-07  1.93905286e-24
 -4.20220451e-23 -2.63488950e-22 -3.81278564e-25  2.61725116e-25
  1.93918208e-24  9.92885196e-07  1.09708438e-28 -7.33831579e-28
 -1.22784622e-24  8.40105310e-25 -4.20224090e-23  1.09708978e-28
  9.92885196e-07  3.27078499e-27 -9.08784393e-14  1.81359181e-12
  1.32975013e-14 -6.49478234e-22  1.78542653e-21  3.48649885e-02]
15.135149717330933,base_link,5.986318100910963,-7.181513184842703,-1.212049760953797e-22,-2.202989229726832e-22,-5.5023498685883865e-22,-0.13433263391943934,0.9909362963703903,[ 1.42454741e-03 -2.18920969e-04  1.83228995e-03 -2.51811250e-04
  7.98270095e-04 -3.23053643e-04  1.22889222e-03  6.43403699e-04
  3.82177302e-03  1.78956303e-04 -5.67365958e-04  2.29887371e-04
  6.53274161e-20  1.29807799e-19  9.99064298e-07  1.04912302e-15
 -1.30477694e-14  3.94823392e-24 -3.65282959e-21  8.94678551e-21
  1.04912304e-15  9.98132087e-07  1.46130114e-20  6.63983870e-24
 -2.25522522e-20  4.65868121e-20 -1.30477693e-14  1.46500209e-20
  9.98132087e-07  2.65512820e-23  2.80755868e-18  2.76811820e-18
  1.23600985e-17  1.05318499e-18 -3.33942817e-18  9.99999073e-10],0.42943661181854953,0.03383871537209966,1.2455940091458612e-20,4.1154458057731214e-26,-1.5527202916454939e-27,0.07976175403907744,[ 6.08322603e-02 -8.48540221e-05 -6.23122616e-07 -2.67094831e-11
  9.27130225e-11 -2.50146783e-04  1.06847537e-03  3.61337215e-02
  2.63927423e-04  1.95463213e-11 -6.05972764e-11  5.57244863e-05
  7.32683499e-20 -3.12792327e-17  9.98597757e-07  2.56009790e-24
 -3.18427356e-23 -1.95204445e-22 -8.53030007e-25  6.23616634e-25
  2.56019307e-24  9.94437693e-07  1.40507487e-28 -5.48594417e-28
 -1.80945759e-25  1.16322274e-25 -3.18430087e-23  1.40506795e-28
  9.94437693e-07  2.82128669e-29 -8.81181928e-14  1.78441636e-12
  1.30884386e-14 -1.08126775e-21  3.30215904e-21  3.48628103e-02]
15.158804655075073,base_link,6.003764793962234,-7.178541650010723,8.153048724234491e-23,-2.8566348186544516e-23,-9.194773991290061e-23,-0.1274965922035147,0.9918390085979129,[ 1.57728831e-03 -2.38529561e-04  2.05139964e-03 -2.87562134e-04
  8.53458579e-04 -3.91724968e-04  1.30776693e-03  7.55901194e-04
  3.98776970e-03  2.00392092e-04 -5.94712560e-04  2.73182208e-04
 -4.17163727e-20 -6.39509875e-20  9.99296418e-07  7.71207926e-16
 -9.91008778e-15  1.07008562e-23  1.77876919e-20 -2.77403290e-20
  7.71207933e-16  9.98594811e-07  1.08547044e-20  3.64894422e-24
 -1.08049640e-19  1.86664886e-19 -9.91008768e-15  1.08768878e-20
  9.98594811e-07  1.94389253e-23  2.79572834e-18  3.00205434e-18
  1.18170577e-17  1.05579315e-18 -3.13308113e-18  9.99999306e-10],0.4261405371067623,0.03840902177741757,-4.129760725668849e-22,-7.902651043775818e-27,1.6255745288109355e-26,0.08472359593523102,[ 6.10182283e-02 -9.59597528e-05 -7.05256745e-07 -2.77253011e-11
  7.67679452e-11 -2.99947117e-04  1.13048608e-03  3.61910611e-02
  2.64451274e-04  1.51339325e-11 -4.57021744e-11  6.59187539e-05
  1.27054942e-20 -5.04154010e-18  9.98945368e-07  1.88377351e-24
 -2.42104169e-23 -1.60608051e-22  1.24723327e-24 -6.78546596e-25
  1.88381501e-24  9.95807905e-07  1.04450422e-28  5.17538724e-28
 -5.68686671e-24  3.38627063e-24 -2.42105523e-23  1.04450596e-28
  9.95807905e-07 -9.61062528e-28 -9.10416846e-14  1.77173987e-12
  1.30000189e-14 -3.07845469e-22  9.01104528e-22  3.48632296e-02]
15.218641757965088,base_link,6.040037083001931,-7.16588141941554,1.7069471690436385e-22,2.6959286843884957e-23,-2.0944576327992906e-23,-0.10613204092735865,0.9943520452478556,[ 1.76951533e-03 -2.66121672e-04  2.14058217e-03 -2.93045038e-04
  8.57903957e-04 -2.98209750e-04  1.54373451e-03  6.47479392e-04
  4.61195973e-03  2.03032227e-04 -5.94402299e-04  2.06820170e-04
  2.97520323e-20  6.47980205e-20  9.99387490e-07  8.92179399e-16
 -8.37546679e-15  1.12438140e-23  7.14684049e-22 -1.79994501e-21
  8.92179330e-16  9.98776478e-07  1.22331300e-20 -1.16488746e-23
 -2.89049993e-20  6.94567017e-20 -8.37546672e-15  1.22075639e-20
  9.98776478e-07  8.03966557e-24  2.52615877e-18  2.20480613e-18
  1.11406921e-17  9.34408955e-19 -2.73567207e-18  9.99999397e-10],0.40903767987488115,0.05105016544466023,2.5306477024021236e-21,9.38866023267898e-28,-9.403242626581527e-27,0.10097016240046928,[ 6.12142575e-02 -7.23693229e-05 -5.32311755e-07 -2.01039078e-11
  6.07429908e-11 -2.22165497e-04  1.34355013e-03  3.61566693e-02
  2.64236540e-04  1.79137163e-11 -5.19325286e-11  5.38016412e-05
  5.11396142e-20 -2.48282297e-17  9.99081796e-07  2.19493775e-24
 -2.06063567e-23  1.91775022e-22  3.58660344e-25 -3.16655078e-25
  2.19486127e-24  9.96347271e-07  1.18761091e-28 -1.06081617e-28
 -9.56427583e-25  8.14255915e-25 -2.06061555e-23  1.18761432e-28
  9.96347271e-07  1.22527988e-27 -1.37595881e-13  1.77883489e-12
  1.30560694e-14 -1.96380263e-21  5.69781018e-21  3.48685862e-02]
15.287080526351929,base_link,6.083719803145393,-7.1458289827526515,-7.071041083705423e-23,5.1509200495324033e-23,-1.9993716249069068e-23,-0.10385402155054696,0.9945925508507384,[ 1.64736305e-03 -2.70000995e-04  2.16387386e-03 -3.18290698e-04
  8.50304942e-04 -2.53620961e-04  1.42432185e-03  6.01923290e-04
  3.98668620e-03  2.14931279e-04 -5.74067004e-04  1.71392849e-04
  5.77041195e-20  6.56450534e-20  9.99105632e-07  1.89725850e-15
 -1.16428187e-14 -3.45314880e-23  1.71788870e-20 -2.38757412e-20
  1.89725846e-15  9.98214455e-07  2.47478344e-20 -1.47705930e-23
 -4.98690648e-20  1.07255547e-19 -1.16428188e-14  2.47026341e-20
  9.98214455e-07  3.34801237e-24  1.94393741e-18  3.06144058e-18
  1.11367256e-17  1.61537223e-18 -4.31298769e-18  9.99999115e-10],0.3941888084341943,0.06808385861648346,-5.463996814477992e-22,2.188586257175419e-27,-1.513571748850885e-26,0.09288742434061173,[ 6.11817570e-02 -9.85063962e-05 -7.24350469e-07 -3.47042421e-11
  6.68585228e-11 -1.89689885e-04  1.23111688e-03  3.60970795e-02
  2.63698604e-04  1.89841662e-11 -5.10364045e-11  4.90054660e-05
  8.04681300e-21 -3.03576608e-18  9.98659646e-07  4.63258444e-24
 -2.84301469e-23 -8.50332844e-23 -4.97600837e-25  2.71418638e-25
  4.63264017e-24  9.94681236e-07  2.37432526e-28 -1.94264602e-28
 -1.03397577e-25  8.40105310e-26 -2.84303199e-23  2.37432877e-28
  9.94681236e-07  1.17378462e-27 -1.62463860e-13  1.79570855e-12
  1.31764579e-14 -2.39405155e-22  1.79764083e-22  3.48691149e-02]
15.34002947807312,base_link,6.11598740544089,-7.130870161483836,-3.602614509745806e-22,6.024534071940252e-23,-3.4991029439485284e-22,-0.08039521708531626,0.9967630656629513,[ 1.59597096e-03 -2.48667915e-04  2.03587684e-03 -2.63789532e-04
  8.17220542e-04 -1.29441982e-04  1.42130900e-03  4.77217796e-04
  4.45969236e-03  2.54930919e-04 -7.89881191e-04  1.25268121e-04
 -1.03126261e-19 -2.36745709e-19  9.99149421e-07  2.06071137e-15
 -1.08383541e-14 -1.00678386e-23  3.29548756e-21 -1.47701370e-20
  2.06071155e-15  9.98301726e-07  2.61895487e-20  1.09264762e-23
  4.04458232e-20 -1.36584063e-19 -1.08383548e-14  2.61661623e-20
  9.98301726e-07 -4.53634838e-23  2.20066386e-18  2.40857895e-18
  1.32408499e-17  1.56923857e-18 -4.86274032e-18  9.99999158e-10],0.3829765698318801,0.07978648913991822,-2.5121814423841543e-21,-5.518937062933544e-27,-1.636569225369752e-26,0.11171175644746588,[ 6.11517751e-02 -7.89740297e-05 -5.80280464e-07 -2.00293592e-11
  7.32715082e-11 -1.02497644e-04  1.25063214e-03  3.60209942e-02
  2.63182141e-04  2.99267017e-11 -9.09687418e-11  4.12962506e-05
  5.31513174e-20 -2.42319186e-17  9.98725214e-07  4.99851237e-24
 -2.62922494e-23 -3.43829443e-23  9.27347015e-25 -1.38940494e-24
  4.99855569e-24  9.94939376e-07  2.49463485e-28 -1.99269190e-28
  9.95201674e-25 -1.24077092e-24 -2.62923350e-23  2.49462261e-28
  9.94939376e-07 -6.13516785e-28 -1.49220807e-13  1.76961310e-12
  1.29855357e-14  5.46947001e-22 -1.55805274e-21  3.48664825e-02]
15.384767293930054,base_link,6.140167428662642,-7.115949960574876,2.335714871762593e-22,-1.8123959064351507e-23,-4.931339611807596e-23,-0.0625091625126692,0.9980443900959339,[ 1.65167329e-03 -2.33746714e-04  2.17497054e-03 -2.46147768e-04
  7.55477879e-04 -7.59320177e-05  1.56624573e-03  3.48856523e-04
  4.43912929e-03  2.17267865e-04 -6.66637417e-04  6.71167691e-05
  2.93073400e-19  3.48342300e-19  9.98743713e-07  3.59192934e-15
 -1.53865171e-14  1.94695259e-23  2.91167576e-21 -9.37030198e-21
  3.59192907e-15  9.97493719e-07  4.40992823e-20 -1.07643565e-23
 -1.52201233e-21  2.24463731e-20 -1.53865182e-14  4.37678065e-20
  9.97493719e-07 -6.96225375e-23  1.63026529e-18  2.84710506e-18
  1.48746185e-17  2.16944627e-18 -6.65301226e-18  9.99998751e-10],0.37128582143306943,0.08997311521748994,5.081464628570587e-21,-5.0342976854481014e-27,1.4916671659285405e-26,0.12431483314832838,[ 6.12295546e-02 -6.14963064e-05 -4.51321632e-07 -2.04032783e-11
  2.55167448e-11 -6.08788167e-05  1.36760485e-03  3.59564424e-02
  2.62554109e-04  2.88671714e-11 -8.69662247e-11  2.27453266e-05
  6.56450534e-21 -2.16840434e-18  9.98117932e-07  8.75143827e-24
 -3.74880256e-23  3.76041800e-22 -2.26182199e-25  3.13423904e-25
  8.75057195e-24  9.92555627e-07  4.21602751e-28 -1.01970946e-27
  2.03563979e-25 -6.46234854e-25 -3.74852118e-23  4.21608552e-28
  9.92555627e-07  5.91890557e-27 -1.70047070e-13  1.74955189e-12
  1.28307524e-14 -3.70378038e-21  1.20979295e-20  3.48682700e-02]
15.424813508987427,base_link,6.155884333468533,-7.101971189945362,-2.7923007830568193e-24,-3.9354646636907927e-23,-1.0402585976695988e-22,-0.04918034696840629,0.998789914582675,[ 1.71691578e-03 -2.60503893e-04  2.19549023e-03 -2.62235640e-04
  8.28622421e-04 -1.11094272e-05  1.59826988e-03  3.17883343e-04
  5.13362507e-03  2.95081874e-04 -9.32583014e-04  1.25228703e-05
  1.25572634e-19  3.90905705e-19  9.98973200e-07  3.24816549e-15
 -1.21937704e-14  4.56305544e-25 -1.37510505e-20  8.48091738e-20
  3.24816562e-15  9.97950605e-07  3.85080569e-20  8.82836480e-25
  1.79465106e-20 -7.62329653e-20 -1.21937699e-14  3.86416223e-20
  9.97950605e-07  2.88607670e-24  1.60461228e-18  2.00137558e-18
  1.44706280e-17  1.91548482e-18 -6.05470676e-18  9.99998981e-10],0.35576562971567854,0.09835774832639244,-6.022324888106632e-22,1.8900369001847954e-26,9.412025150870217e-27,0.13195625928145546,[ 6.13718286e-02 -9.25399363e-05 -6.80087224e-07 -2.08985756e-11
  8.13405372e-11 -1.37002312e-05  1.38740602e-03  3.59171629e-02
  2.62371813e-04  4.34677929e-11 -1.35295204e-10  4.31024382e-06
  1.24937360e-20 -5.04154010e-18  9.98461378e-07  7.92207677e-24
 -2.97409582e-23 -7.61301734e-24  2.45569244e-25 -5.23450231e-25
  7.92223583e-24  9.93901664e-07  3.70203868e-28 -1.51175262e-28
  2.86928275e-24 -4.80798731e-24 -2.97412461e-23  3.70196618e-28
  9.93901664e-07 -8.27409476e-29 -1.79442261e-13  1.72538286e-12
  1.26577123e-14 -1.99137413e-21  6.07323888e-21  3.48673875e-02]
15.488888502120972,base_link,6.20144160954277,-7.0856075492132105,-2.312583755420347e-22,1.1481964371753067e-24,-6.108661263242451e-24,-0.036371071613386444,0.9993383536869251,[ 1.72728509e-03 -1.39344934e-04  2.00973555e-03 -1.55446899e-04
  9.53096273e-04  2.80848131e-04  1.51487604e-03  5.62266134e-04
  4.80095118e-03  1.22097777e-04 -7.48654515e-04 -2.20822421e-04
 -1.68771315e-19 -4.31986803e-19  9.99326754e-07  2.31800910e-15
 -7.85878558e-15  1.86604682e-23 -2.80579664e-21  7.19978005e-21
  2.31800912e-15  9.98655316e-07  2.70534842e-20 -1.37034863e-24
 -3.56283233e-20  8.38562618e-20 -7.85878560e-15  2.70615816e-20
  9.98655316e-07 -6.25450437e-24  1.33993130e-18  2.18400792e-18
  1.14473653e-17  7.18948519e-19 -4.40847510e-18  9.99999334e-10],0.35651215519008594,0.10830888310132743,-2.4798015027587757e-21,-7.175302521683094e-28,-1.739028719478964e-27,0.13406914078598506,[ 6.14490151e-02 -4.43882018e-05 -3.25975821e-07 -9.89819388e-12
  6.46987883e-11  1.87327152e-04  1.27407617e-03  3.60060036e-02
  2.63192269e-04  1.23030762e-11 -7.47920936e-11 -7.88333573e-05
  4.94984879e-20 -4.02781107e-17  9.98990809e-07  5.66483632e-24
 -1.92068209e-23  9.81726920e-23  7.01164816e-25 -8.72417052e-25
  5.66486353e-24  9.95987447e-07  2.60364167e-28  1.80724142e-28
 -4.26515003e-24  4.93723428e-24 -1.92069639e-23  2.60364003e-28
  9.95987447e-07 -3.30385818e-28 -1.99315115e-13  1.68269999e-12
  1.23508538e-14 -1.09173118e-22  7.09987192e-22  3.48668206e-02]
15.544718503952026,base_link,6.238387717334507,-7.067177331991287,-6.235202919923098e-22,1.1426478220407356e-22,-1.010744000760527e-21,-0.004593834601562575,0.9999894482861574,[ 1.57431980e-03 -8.59321043e-05  1.72032839e-03 -9.43273950e-05
  8.77727065e-04  3.96925984e-04  1.30589068e-03  6.41570314e-04
  3.96350116e-03  6.60783966e-05 -6.15123003e-04 -2.78518666e-04
 -8.15269212e-20 -2.07734830e-19  9.98850711e-07  4.37961090e-15
 -1.33442502e-14  2.74235150e-23 -7.94093388e-23  6.08804931e-22
  4.37961096e-15  9.97706685e-07  5.08205715e-20 -1.39542481e-23
 -4.23516474e-21  8.25857124e-21 -1.33442508e-14  5.08225880e-20
  9.97706685e-07  1.21452475e-22  4.05542046e-19  2.88703014e-18
  1.08598010e-17  5.69571767e-19 -5.30522894e-18  9.99998855e-10],0.35476359468437835,0.1185443201945045,-7.732289520088292e-21,-4.925876831918926e-27,2.6464624531361506e-26,0.15851584631967094,[ 6.13408703e-02 -4.28747153e-05 -3.14713028e-07 -2.21135893e-12
  7.24796359e-11  2.54800744e-04  1.07198610e-03  3.60082984e-02
  2.63041052e-04  8.74969226e-12 -8.37524489e-11 -1.06490428e-04
 -2.11758237e-20  1.74556550e-17  9.98278042e-07  1.06076509e-23
 -3.23218651e-23  1.89363957e-22  9.16845698e-26 -3.68353867e-25
  1.06076849e-23  9.93182323e-07  4.82206515e-28  1.65082367e-28
 -1.86115638e-24  2.15842441e-24 -3.23221401e-23  4.82206445e-28
  9.93182323e-07 -9.14414688e-28 -2.38271702e-13  1.66434835e-12
  1.22076469e-14  3.07663821e-22 -1.38803966e-21  3.48652375e-02]
15.572993040084839,base_link,6.263787635826284,-7.0610104291837175,3.58075948061288e-22,-1.6982658988998704e-23,1.3040111889749365e-22,0.009113006458354146,0.999958475694511,[ 1.50523691e-03 -6.39948430e-05  1.59999686e-03 -8.32552891e-05
  7.87190684e-04  3.59133506e-04  1.17834691e-03  6.40516249e-04
  3.77931454e-03  6.52606191e-05 -6.16695835e-04 -2.81819213e-04
  1.05879118e-20  2.73168125e-20  9.98819971e-07  4.64930229e-15
 -1.38936898e-14 -3.80990328e-23 -7.00125670e-21  1.07202607e-20
  4.64930226e-15  9.97645490e-07  5.47516679e-20  4.74554310e-24
  4.04987628e-20 -1.34042964e-19 -1.38936894e-14  5.47573601e-20
  9.97645490e-07 -6.94196078e-23  1.20861828e-19  2.84848027e-18
  1.05304684e-17  5.30151376e-19 -5.00695154e-18  9.99998824e-10],0.36181992725845114,0.12087034717810657,1.5364500290422118e-21,-3.0783079252229545e-27,3.840555983780241e-26,0.16717592702287487,[ 6.13143270e-02 -5.15523425e-05 -3.78366965e-07 -1.06355626e-11
  4.66057796e-11  2.23300235e-04  9.55417607e-04  3.59812081e-02
  2.62848012e-04  1.02032803e-11 -9.53315503e-11 -1.13733377e-04
 -1.03761536e-20  7.42678488e-18  9.98232040e-07  1.12423946e-23
 -3.35981414e-23 -2.41910070e-22 -1.08244338e-25  1.03397577e-25
  1.12423664e-23  9.93002068e-07  5.17628381e-28  2.79400074e-28
  1.68667297e-24 -3.46381882e-24 -3.35978543e-23  5.17628748e-28
  9.93002068e-07 -5.98685409e-27 -2.40460700e-13  1.64225751e-12
  1.20446125e-14 -3.34556162e-23  3.63979006e-24  3.48625824e-02]
15.637563943862915,base_link,6.310515987845651,-7.037785850664619,3.754681479271116e-22,3.470633152840529e-24,-3.014228795366532e-24,0.03658551906198918,0.9993305257996299,[ 1.81314300e-03 -4.47225598e-05  1.56571448e-03 -5.75879473e-05
  9.76259971e-04  5.89743162e-04  1.16864941e-03  8.87340593e-04
  3.85833995e-03  3.22930638e-05 -5.47450439e-04 -3.30978046e-04
 -1.63583238e-20 -4.27751638e-20  9.99337276e-07  2.76259840e-15
 -7.85521413e-15 -2.47872911e-23  3.83811804e-22 -5.29395592e-22
  2.76259840e-15  9.98676304e-07  3.27438473e-20 -6.71286859e-25
 -2.43521972e-21  3.38813179e-21 -7.85521414e-15  3.27410796e-20
  9.98676304e-07  3.97618650e-23 -1.92195958e-19  2.50221422e-18
  7.69911938e-18  1.98492079e-19 -3.36496149e-18  9.99999344e-10],0.36569142819710976,0.13071090578529407,-1.0770408423436049e-21,2.0729089701927333e-29,3.769948959936277e-28,0.18148282419360706,[ 6.17888728e-02 -7.82893330e-05 -5.75729189e-07 -3.42324281e-12
  5.85859014e-11  3.59881784e-04  9.01479245e-04  3.60644907e-02
  2.63692383e-04  3.26622404e-12 -5.53264154e-11 -1.42671502e-04
  2.11758237e-20 -9.70360944e-18  9.99006571e-07  6.73774077e-24
 -1.91599987e-23 -2.60556592e-23 -1.02589783e-25  9.77430216e-26
  6.73773968e-24  9.96049735e-07  3.13955599e-28 -1.52577533e-29
 -2.17134911e-24  2.05502683e-24 -1.91599757e-23  3.13955582e-28
  9.96049735e-07  8.08230634e-28 -2.60786679e-13  1.59589269e-12
  1.17133124e-14 -8.34959917e-24  1.40203176e-22  3.48628776e-02]
15.688363313674927,base_link,6.341379129777292,-7.011979385591595,1.2515584907922665e-21,-3.5827924818269406e-24,1.7002150618844153e-22,0.06753099794744574,0.9977171765165829,[ 1.99598955e-03 -4.18772315e-05  1.69644894e-03 -6.11432721e-05
  9.90187144e-04  6.09719060e-04  1.27205686e-03  9.41038550e-04
  4.05093756e-03  3.43747646e-05 -5.56495716e-04 -3.42984151e-04
  1.16996426e-19  2.95402740e-19  9.99257296e-07  3.36049753e-15
 -8.84696821e-15 -3.48645454e-23 -4.76456033e-22  4.49986253e-22
  3.36049753e-15  9.98516794e-07  4.00287541e-20 -6.22630288e-25
 -4.76456033e-21  7.83505476e-21 -8.84696812e-15  4.00311803e-20
  9.98516794e-07 -1.41475554e-23 -6.30483409e-19  2.55087904e-18
  7.32163640e-18  2.13374424e-19 -3.45303915e-18  9.99999264e-10],0.3633248648067908,0.1425517594600994,3.745877418510033e-21,3.704496326540382e-27,7.822455517770001e-26,0.20232685798716254,[ 6.20767789e-02 -1.17221149e-04 -8.62928592e-07 -5.25058856e-12
  4.53691370e-11  3.57477226e-04  9.34412295e-04  3.60672325e-02
  2.63690251e-04  3.77260790e-12 -5.90972935e-11 -1.57314136e-04
  9.22207121e-20 -2.81350464e-17  9.98886770e-07  8.24299897e-24
 -2.17018698e-23 -1.07129256e-22  2.01948392e-26 -1.45402842e-26
  8.24299390e-24  9.95576560e-07  3.87784373e-28 -8.43503545e-29
  1.47987781e-24 -1.93870456e-24 -2.17018184e-23  3.87784495e-28
  9.95576560e-07 -1.89824339e-27 -3.08141716e-13  1.59110832e-12
  1.16778419e-14 -2.96643913e-22  4.56011044e-21  3.48649378e-02]
15.733128070831299,base_link,6.36637917787481,-6.9891338219790695,-1.0971025442273969e-21,7.21974140803771e-23,-9.652066580073157e-22,0.1027321661127433,0.9947090539679347,[ 2.06683752e-03  3.79270987e-05  1.28262207e-03  6.66135879e-05
  1.20016284e-03  8.69747619e-04  1.07761472e-03  1.11803772e-03
  3.20970942e-03 -2.29237687e-05 -4.12929526e-04 -2.99370047e-04
 -1.00452814e-19 -4.18857792e-19  9.99263691e-07  3.49570136e-15
 -8.82116489e-15  1.91759481e-23 -4.10281584e-22  1.75362290e-22
  3.49570136e-15  9.98529546e-07  4.18818430e-20  1.71345435e-24
  2.81638455e-20 -1.64642029e-20 -8.82116499e-15  4.18835008e-20
  9.98529546e-07  5.25130097e-23 -1.48759665e-18  2.82818686e-18
  5.63037244e-18 -1.94018440e-19 -3.49273500e-18  9.99999270e-10],0.3602485581507733,0.15216479900859878,-1.5725080228170243e-20,4.952906975818903e-27,3.623528799138014e-26,0.22852175075242442,[ 6.22054247e-02 -8.71426892e-05 -6.41239957e-07  6.99041348e-12
  7.18312237e-11  5.08840476e-04  7.45300029e-04  3.61381769e-02
  2.64229373e-04 -2.61425400e-12 -3.81433211e-11 -1.64098492e-04
  2.81638455e-20 -1.16551734e-17  9.98896348e-07  8.55652384e-24
 -2.15930290e-23  1.82237383e-22 -4.56403365e-25  1.71252236e-25
  8.55651878e-24  9.95614354e-07  4.04182675e-28 -8.94080084e-29
 -1.42171668e-24  7.56094779e-25 -2.15931342e-23  4.04182706e-28
  9.95614354e-07 -5.62215741e-28 -3.39001769e-13  1.58502898e-12
  1.16339439e-14  1.60777622e-22  1.74642803e-21  3.48649718e-02]
15.77919340133667,base_link,6.409812362378166,-6.9462290423126465,-1.3773639764865962e-21,-2.1496706164968423e-23,2.8444811892004927e-22,0.15140537018197614,0.9884717567437417,[ 2.08237359e-03  6.88891105e-05  1.07841839e-03  5.90861011e-05
  1.50665897e-03  9.03337683e-04  8.55375847e-04  1.19711164e-03
  2.37323032e-03 -1.60645334e-05 -4.10274607e-04 -2.46120943e-04
 -2.01170325e-20 -3.64224167e-20  9.99396620e-07  3.23616183e-15
 -7.15712833e-15  2.45310350e-23 -5.02925812e-22 -7.11375327e-23
  3.23616183e-15  9.98794693e-07  3.83778788e-20 -5.20209084e-24
  5.45277460e-20 -3.00167301e-20 -7.15712834e-15  3.83833437e-20
  9.98794693e-07 -4.91706240e-23 -2.02116705e-18  2.42222015e-18
  2.93106425e-18 -1.38344536e-19 -3.54045264e-18  9.99999403e-10],0.38261986450131535,0.17144251180924913,-4.4521254866338735e-21,7.850414153595542e-27,4.690308244415803e-26,0.26738758437144633,[ 6.22485509e-02 -1.20387878e-04 -8.86786657e-07 -8.94827932e-12
  7.41849847e-11  5.07899322e-04  5.22799848e-04  3.61686200e-02
  2.64520168e-04 -5.23811281e-13 -4.62278888e-11 -1.68318465e-04
 -1.90582413e-21  5.42101086e-19  9.99095475e-07  7.92088491e-24
 -1.75196403e-23  4.64622365e-23 -1.42171668e-25 -6.96721951e-27
  7.92087889e-24  9.96401364e-07  3.70322820e-28 -5.58550812e-28
  1.11152395e-24 -6.97933642e-25 -1.75196860e-23  3.70323009e-28
  9.96401364e-07 -2.31627887e-27 -3.65373113e-13  1.57168115e-12
  1.15386592e-14 -1.91258906e-22  1.04232646e-21  3.48658417e-02]
15.839914798736572,base_link,6.5136705223639515,-6.859688794407241,1.2031755809367814e-21,4.0526451454967825e-23,-1.9556097404501242e-22,0.19849576207049444,0.9801017459631697,[ 1.56562710e-03 -3.96823492e-04  3.86529527e-04 -5.06352064e-04
  9.74114872e-04  3.15524859e-04  1.82567055e-04  5.38630627e-04
  9.63074482e-04  3.27980931e-05 -6.30651964e-05 -2.04524523e-05
 -2.09640654e-20 -3.49401091e-20  9.99174466e-07  5.26808364e-15
 -1.23248444e-14  2.09490421e-24 -4.27751638e-20  4.83735222e-21
  5.26808365e-15  9.98351651e-07  7.86502734e-20  2.26603602e-26
  5.82335151e-20 -1.27584338e-20 -1.23248445e-14  7.86653592e-20
  9.98351651e-07 -9.45502622e-24 -3.27841193e-18  2.54830190e-18
  1.87936804e-18  1.31530808e-18 -2.52824845e-18  9.99999182e-10],0.4693897515017741,0.20179419325754017,1.4968417708609943e-21,9.660867313218039e-26,-3.610323506123094e-26,0.29524509845101715,[ 6.12215888e-02 -5.64096496e-04 -4.15578556e-06 -4.93714464e-11
  4.84759494e-11  1.76083092e-04 -5.96905593e-05  3.59983295e-02
  2.63195248e-04  1.57950937e-11 -2.30096663e-11 -4.90814128e-05
  1.95664611e-19 -1.24141149e-17  9.98762719e-07  1.28999931e-23
 -3.01817998e-23 -7.27872033e-23 -2.14549971e-24  6.88240119e-25
  1.28999566e-23  9.95087262e-07  7.59776171e-28  1.05452053e-27
  1.25369562e-24 -5.91304891e-25 -3.01817072e-23  7.59775122e-28
  9.95087262e-07 -5.03410369e-28 -4.10866396e-13  1.56342907e-12
  1.14748833e-14 -2.09459803e-21  3.88921644e-21  3.48653194e-02]
15.879482507705688,base_link,6.554901451073377,-6.789435406272313,-1.6441721410173771e-21,-2.2441703338046857e-23,1.0169577122566355e-22,0.22676484855678314,0.9739495384561867,[ 1.50153762e-03 -2.91995560e-04  1.99594546e-04 -3.25329076e-04
  8.87656956e-04  1.91278007e-04  1.16100025e-04  3.63068145e-04
  6.96740240e-04  2.48451383e-05 -6.77942909e-05 -1.46322705e-05
 -3.00961394e-20 -7.06743115e-20  9.99091190e-07  6.45193419e-15
 -1.46569613e-14  1.08496632e-24 -6.22039821e-21  1.79994501e-21
  6.45193419e-15  9.98185675e-07  1.04053040e-19 -3.76670871e-25
  6.87155478e-20 -1.82376781e-20 -1.46569613e-14  1.04046609e-19
  9.98185675e-07  4.81708831e-24 -3.81331294e-18  2.11265691e-18
  1.91336534e-18  1.00319611e-18 -2.73744500e-18  9.99999099e-10],0.5045068320525566,0.2300850564475243,-8.285928454542119e-21,-3.0807184090249592e-28,-2.5835761410110174e-26,0.3097363166887428,[ 6.11014818e-02 -5.63447597e-04 -4.14841014e-06 -1.77265059e-11
  5.29405848e-11  1.04111269e-04 -1.86345307e-04  3.59412432e-02
  2.62758123e-04  1.01349093e-11 -2.85233292e-11 -3.65300450e-05
 -3.64224167e-20  2.27682456e-18  9.98638022e-07  1.57452676e-23
 -3.57713719e-23  2.73010607e-23  3.61891518e-25 -2.05179566e-25
  1.57452889e-23  9.94596118e-07  9.99380419e-28  6.15898121e-30
 -5.16987883e-25  2.81112161e-25 -3.57714365e-23  9.99380670e-28
  9.94596118e-07 -3.52427652e-28 -4.45772596e-13  1.57440640e-12
  1.15547298e-14 -9.04344087e-22  2.56280434e-21  3.48642043e-02]
15.933101892471313,base_link,6.592030945681042,-6.709740270361033,-2.026721907146104e-21,-4.313761965795156e-25,2.929014914648807e-25,0.2648503757137564,0.9642895200531229,[ 1.50944368e-03 -2.70209677e-04  1.66375630e-04 -3.04218251e-04
  5.45181474e-04  1.43240752e-04  9.54188472e-05  3.17446977e-04
  4.97181219e-04  2.52135661e-05 -4.51611629e-05 -1.18932880e-05
  4.44692297e-21  1.09584888e-20  9.98858567e-07  9.40687546e-15
 -1.95677666e-14 -1.96526141e-24  5.77041195e-21 -1.64112634e-21
  9.40687546e-15  9.97722326e-07  1.61264479e-19  7.56721783e-26
  2.11758237e-21 -1.49554255e-21 -1.95677666e-14  1.61259106e-19
  9.97722326e-07  2.40049532e-24 -5.10002449e-18  2.24961867e-18
  1.38047757e-18  1.19866887e-18 -2.14661650e-18  9.99998865e-10],0.5266287066741172,0.258937761061101,-3.965819402126713e-21,5.644890833644468e-28,2.4172682662488596e-29,0.32831030257081867,[ 6.10030436e-02 -6.07786933e-04 -4.47025290e-06 -1.87695003e-11
  9.56755096e-12  7.53582334e-05 -2.60987086e-04  3.59616429e-02
  2.62842318e-04  1.21963341e-11 -1.54431781e-11 -3.27265692e-05
  2.37169225e-19 -1.39862080e-17  9.98289799e-07  2.28213811e-23
 -4.74754614e-23  7.57035732e-24  5.16987883e-25 -3.37657711e-25
  2.28213881e-23  9.93228433e-07  1.53366048e-27 -3.15298297e-29
  2.74649813e-26 -5.16987883e-26 -4.74754845e-23  1.53366077e-27
  9.93228433e-07 -2.06543320e-28 -4.99451392e-13  1.58460484e-12
  1.16260789e-14 -6.99117311e-22  5.08989912e-22  3.48618356e-02]
15.978815078735352,base_link,6.614186996041578,-6.667458656770719,-1.2476089044257152e-22,1.4254870483787087e-23,-8.568859675150172e-24,0.28432570545972213,0.9587277471810396,[ 1.65378516e-03 -3.06463206e-04  1.60835901e-04 -3.40802393e-04
  6.32526852e-04  1.47603665e-04  9.91645120e-05  2.99094937e-04
  4.58554648e-04  2.00950644e-05 -3.72914361e-05 -8.71083267e-06
 -2.49345324e-20 -4.74867846e-20  9.99345699e-07  5.65757861e-15
 -1.13125632e-14  1.57880336e-24 -3.33519223e-20  4.49324509e-21
  5.65757861e-15  9.98693106e-07  9.78268717e-20  2.29075529e-24
 -1.13820052e-20  1.83303224e-21 -1.13125632e-14  9.78208523e-20
  9.98693106e-07 -1.64096314e-24 -4.63046548e-18  1.69006497e-18
  7.25058415e-19  1.05897855e-18 -1.96511423e-18  9.99999354e-10],0.52238484604839,0.26797034614590703,-6.99614912222491e-21,-2.3505499304661645e-27,3.434097939157561e-27,0.3281097443456193,[ 6.10281645e-02 -7.05457292e-04 -5.19789950e-06 -2.05813893e-11
  3.22718899e-11  7.68575299e-05 -3.29088420e-04  3.60077471e-02
  2.63391484e-04  1.03580072e-11 -1.74545874e-11 -3.48763332e-05
  6.88637786e-19 -3.49113100e-17  9.99019188e-07  1.38519395e-23
 -2.77003723e-23  5.78583168e-23 -3.45735647e-25  1.76098998e-25
  1.38519739e-23  9.96099637e-07  9.44327249e-28 -1.38824956e-28
  2.52031593e-25 -1.32478145e-25 -2.77004469e-23  9.44327344e-28
  9.96099637e-07  1.32816920e-28 -5.41796724e-13  1.58479306e-12
  1.16365974e-14 -1.02871186e-21  1.79617618e-21  3.48624410e-02]
16.04195785522461,base_link,6.653122263567019,-6.603000501128368,-1.181393301938947e-22,-6.691103732122752e-26,-1.2230325359943427e-23,0.32425317233028506,0.9459703379248984,[ 1.63225005e-03 -2.12712192e-04  1.87164658e-04 -2.37327529e-04
  4.84450307e-04  1.22146183e-04  1.46885204e-04  2.72464308e-04
  3.16630649e-04  2.45325677e-05 -5.00564687e-05 -1.26376706e-05
 -4.46015786e-20 -6.64391468e-20  9.99265529e-07  6.63717427e-15
 -1.28507563e-14  8.10643537e-25  3.70576914e-22 -7.94093388e-23
  6.63717428e-15  9.98533211e-07  1.16124637e-19 -9.50671045e-25
  1.57759886e-20 -6.57774023e-21 -1.28507563e-14  1.16121467e-19
  9.98533211e-07  3.57352055e-24 -5.29287800e-18  1.42229051e-18
  1.47445497e-19  8.81651582e-19 -1.79866647e-18  9.99999274e-10],0.5312124987289999,0.2776284896136455,-2.8811316817169074e-21,-3.4898208889805526e-28,4.327743344397527e-28,0.34254602944144547,[ 6.09332598e-02 -6.93016220e-04 -5.10612428e-06 -1.36188732e-11
  1.25777265e-11  5.70784083e-05 -3.55523080e-04  3.60185951e-02
  2.63462897e-04  9.96198764e-12 -1.50047027e-11 -3.43763812e-05
  3.84552958e-19 -1.98408998e-17  9.98899101e-07  1.62277147e-23
 -3.14228138e-23  4.65198044e-23 -9.69352280e-27  8.07793567e-27
  1.62277427e-23  9.95625212e-07  1.11856355e-27 -2.80944711e-29
 -6.20385459e-25  7.39938907e-25 -3.14228877e-23  1.11856362e-27
  9.95625212e-07 -3.41511546e-29 -6.23742987e-13  1.61489485e-12
  1.18578256e-14 -7.67497738e-22  9.61431792e-22  3.48617747e-02]
16.08736801147461,base_link,6.676432950946022,-6.559163470457696,-2.9612323748729355e-22,-1.2733606348806997e-23,4.2029008382079904e-23,0.3662149567120798,0.9305302818717774,[ 1.76420405e-03 -2.04312928e-04  1.73344082e-04 -2.33728648e-04
  6.81928762e-04  1.50208594e-04  1.32469722e-04  3.05843582e-04
  3.34411538e-04  1.77703602e-05 -5.18490447e-05 -1.14278135e-05
 -1.00585162e-21 -1.45583788e-21  9.99319981e-07  6.18481233e-15
 -1.18364855e-14  8.32818422e-25  5.29395592e-23 -6.61744490e-24
  6.18481233e-15  9.98641808e-07  1.07653639e-19 -2.77497400e-26
 -3.17637355e-21  4.10281584e-22 -1.18364855e-14  1.07655667e-19
  9.98641808e-07 -1.22317142e-24 -5.07743191e-18  1.30619388e-18
  2.09769616e-19  7.66051865e-19 -2.23516905e-18  9.99999328e-10],0.5324345001867387,0.28302183857424174,-8.710927310768765e-21,-1.0238362072965026e-27,3.1472913139775252e-27,0.369547312386892,[ 6.09722213e-02 -7.28221145e-04 -5.36803897e-06 -1.54088968e-11
  4.69933161e-11  7.02310817e-05 -4.12195921e-04  3.60784680e-02
  2.63939988e-04  9.75307696e-12 -2.92879145e-11 -4.20231701e-05
 -5.25160427e-20  2.60208521e-18  9.98980664e-07  1.51421699e-23
 -2.89818590e-23  4.28543654e-23  6.13923111e-25 -3.87740912e-25
  1.51421906e-23  9.95947367e-07  1.03927461e-27  2.01002265e-30
  7.23783036e-25 -4.45902049e-25 -2.89819195e-23  1.03927462e-27
  9.95947367e-07 -2.61643165e-29 -6.78851344e-13  1.63330374e-12
  1.19952557e-14 -8.45435069e-22  2.55621853e-21  3.48622170e-02]
16.138885498046875,base_link,6.6944198437582605,-6.506199001085265,-6.230342009918671e-23,-1.2969042925470085e-23,-7.434477669597626e-24,0.37996532225151886,0.9250007318301426,[ 1.73707451e-03 -1.42322499e-04  1.28993681e-04 -1.45759212e-04
  5.65012092e-04  1.69735899e-04  1.20452356e-04  3.09676119e-04
  3.44668030e-04  8.50758997e-06 -3.29990188e-05 -9.92509244e-06
  1.89523622e-20  4.60044769e-20  9.99355567e-07  6.01081829e-15
 -1.13073493e-14 -2.45056742e-24 -7.42808190e-22 -1.53855594e-21
  6.01081829e-15  9.98712791e-07  1.05474081e-19  2.09285148e-24
 -2.47227741e-20  5.63806306e-21 -1.13073493e-14  1.05466988e-19
  9.98712791e-07  1.61679194e-25 -5.10222742e-18  8.71925746e-19
  9.67608359e-20  4.54634811e-19 -1.76386332e-18  9.99999364e-10],0.530877778067939,0.29145974059273155,1.2383587079767042e-21,9.906759084556927e-28,6.603296706519057e-28,0.3572501873869922,[ 6.08551692e-02 -6.88879285e-04 -5.08186790e-06  1.97889538e-12
  1.48814032e-11  7.52071747e-05 -4.35796566e-04  3.61115038e-02
  2.64207140e-04  1.18905196e-12 -1.49619492e-11 -4.91872269e-05
  7.14048775e-19 -3.71339244e-17  9.99033971e-07  1.47530573e-23
 -2.77553962e-23 -5.03518761e-23 -3.83701944e-26 -2.14065295e-26
  1.47530359e-23  9.96158100e-07  1.02258513e-27 -4.00360595e-29
 -2.26182199e-25  2.29413373e-25 -2.77553368e-23  1.02258519e-27
  9.96158100e-07 -1.49925517e-29 -7.55406737e-13  1.66982747e-12
  1.22665983e-14 -2.16254961e-22  1.85443103e-21  3.48643734e-02]
16.170891284942627,base_link,6.7050335829308905,-6.489127803250422,-8.139299698421573e-24,4.05639804005033e-24,-8.792658232667609e-24,0.40096578164098784,0.9160930312763172,[ 1.96388114e-03 -1.87633310e-04  1.89140767e-04 -2.16909101e-04
  7.06157510e-04  2.09883729e-04  1.39609865e-04  4.00035540e-04
  4.86970218e-04  1.53479431e-05 -4.99585639e-05 -1.48596136e-05
 -1.14349448e-20 -1.52201233e-20  9.99479801e-07  4.93366685e-15
 -9.08600583e-15  2.79165670e-24 -1.42142716e-20  1.91905902e-21
  4.93366685e-15  9.98960683e-07  8.61734001e-20 -4.56462082e-26
  8.17386794e-20 -1.35260574e-20 -9.08600584e-15  8.61752599e-20
  9.98960683e-07 -1.65226601e-24 -5.24013485e-18  1.00782116e-18
  7.18714517e-20  6.25983686e-19 -2.03756281e-18  9.99999488e-10],0.5171923753365719,0.28841980780295734,-1.977229552409463e-21,-8.399470501733275e-30,1.1002836506848228e-27,0.36552908526539135,[ 6.09987438e-02 -7.65395816e-04 -5.65355947e-06 -9.96072379e-12
  2.65927428e-11  8.93219498e-05 -4.63149510e-04  3.62121463e-02
  2.64997923e-04  7.75482616e-12 -2.24715090e-11 -6.21978567e-05
 -6.53909435e-19  3.06829215e-17  9.99220107e-07  1.21321147e-23
 -2.23452401e-23  5.30528554e-23  3.44120060e-25 -2.68187464e-25
  1.21321273e-23  9.96894921e-07  8.38056558e-28  1.65696348e-30
  2.02271509e-24 -1.70929119e-24 -2.23452808e-23  8.38056544e-28
  9.96894921e-07  5.41117718e-29 -8.01655590e-13  1.68812707e-12
  1.24052549e-14 -8.63690432e-22  2.50608922e-21  3.48679306e-02]
16.23035430908203,base_link,6.7368635728732915,-6.447338944824763,4.495027238848269e-23,-1.9267817396924347e-23,3.8178301376604516e-23,0.4393215486820776,0.8983298819829946,[ 1.90371693e-03 -6.62690654e-05  2.04173879e-04 -6.88362211e-05
  6.93777290e-04  2.41023729e-04  1.79762679e-04  4.19268983e-04
  4.52098906e-04  5.98183058e-06 -6.03354992e-05 -2.09850071e-05
 -2.82961944e-20 -4.23251776e-20  9.99411820e-07  5.45093156e-15
 -9.95977620e-15 -1.84391864e-24  5.29395592e-22  1.32183462e-21
  5.45093156e-15  9.98825022e-07  9.23017085e-20 -8.34632746e-26
 -2.29228291e-20  7.22624983e-21 -9.95977619e-15  9.23011386e-20
  9.98825022e-07  2.84189141e-24 -5.03018710e-18  5.11984434e-19
 -2.03708375e-19  1.95830982e-19 -1.97554127e-18  9.99999420e-10],0.5126522555282125,0.28019871909594807,-8.357156460386544e-21,-2.2477943150203984e-29,-7.607840573636647e-27,0.3796488852595417,[ 6.09490172e-02 -6.99034892e-04 -5.16513014e-06  1.56286201e-12
  1.30792219e-11  9.15989527e-05 -4.63843346e-04  3.62217575e-02
  2.65037186e-04  6.64818004e-13 -2.15130711e-11 -7.59704402e-05
 -1.60428040e-18  8.23993651e-17  9.99118248e-07  1.34105075e-23
 -2.45053434e-23 -1.43414031e-22  3.41292782e-26  1.39344390e-26
  1.34104916e-23  9.96491518e-07  8.98559487e-28 -1.03630940e-30
 -4.83060553e-25  7.91637696e-25 -2.45052217e-23  8.98559504e-28
  9.96491518e-07 -1.46744205e-28 -9.17769360e-13  1.76154143e-12
  1.29487638e-14 -7.28974730e-23  2.68102424e-21  3.48727118e-02]
16.263020277023315,base_link,6.7506023383006335,-6.417018141273351,-1.628075706607275e-22,6.321170602734469e-24,-2.8718182931962167e-24,0.45606325396298253,0.8899473627045007,[ 1.88804674e-03 -4.90633392e-05  2.01770399e-04 -5.74840614e-05
  8.56277820e-04  2.80981568e-04  1.76809461e-04  4.56797455e-04
  4.57899258e-04  4.09805743e-06 -6.10559299e-05 -2.00481323e-05
  2.44316066e-20  3.09167026e-20  9.99490305e-07  4.63932613e-15
 -8.59997884e-15 -7.49110717e-24  1.99515964e-21 -4.05318500e-22
  4.63932613e-15  9.98981647e-07  7.82783934e-20 -6.40698981e-27
 -7.29507126e-20  1.10246632e-20 -8.59997882e-15  7.82788116e-20
  9.98981647e-07 -1.95141415e-24 -4.71894796e-18  4.15709779e-19
 -2.30804981e-19  1.52695002e-19 -2.27510449e-18  9.99999499e-10],0.514469410536404,0.27971261424475247,-2.7243514626917636e-21,-3.812432873976992e-28,-5.4284887436175135e-28,0.38176360849441415,[ 6.09019885e-02 -6.65501459e-04 -4.91988901e-06 -1.28661388e-12
  2.78569404e-11  1.03228146e-04 -4.47114697e-04  3.62550616e-02
  2.65310116e-04  1.73617123e-12 -3.06893981e-11 -8.95133699e-05
 -1.33322986e-18  7.19368141e-17  9.99235845e-07  1.14186967e-23
 -2.11693045e-23 -1.62626870e-22 -4.68520269e-26  6.30078982e-26
  1.14186878e-23  9.96957302e-07  7.62479924e-28  9.41165618e-31
 -3.94203261e-25  4.32977352e-25 -2.11691827e-23  7.62479926e-28
  9.96957302e-07 -5.07263037e-29 -9.78768268e-13  1.79585860e-12
  1.32053678e-14 -1.65267736e-22  3.17118915e-21  3.48762792e-02]
16.335811853408813,base_link,6.806561128163721,-6.366692456007657,-5.399162636071293e-23,2.3304375761058614e-23,1.5412144251823562e-23,0.49716076241468915,0.867658444501778,[ 1.55587493e-03  2.72117941e-05  8.74360977e-05  3.26995248e-05
  5.40473022e-04  1.90742291e-04  8.41354495e-05  3.49916721e-04
  4.22364437e-04 -1.87936537e-06 -3.10173101e-05 -1.09764574e-05
 -3.97046694e-23 -5.29395592e-23  9.98908264e-07  9.32672009e-15
 -1.87887656e-14 -7.83978332e-25  3.30872245e-22 -3.63959470e-23
  9.32672009e-15  9.97821280e-07  1.60516089e-19  9.64709798e-25
  2.83226642e-21 -1.42936810e-21 -1.87887656e-14  1.60513375e-19
  9.97821280e-07  6.55134506e-26 -5.96595846e-18  1.14652263e-19
 -7.41700526e-20 -1.27012200e-19 -2.09594341e-18  9.99998915e-10],0.5202872319102413,0.25502109178781496,-6.873176520673875e-21,-2.17713456065298e-29,1.8976733416794815e-26,0.3912295026229656,[ 6.04827787e-02 -4.95900633e-04 -3.65906619e-06  2.18492274e-12
 -3.44121708e-13  5.98508644e-05 -4.10029897e-04  3.62205058e-02
  2.64813697e-04 -2.68402580e-12 -1.69637063e-11 -6.55086132e-05
 -1.18584613e-19  8.56519716e-18  9.98364180e-07  2.26759663e-23
 -4.56845705e-23 -4.06386665e-23 -1.53480778e-26  1.93870456e-26
  2.26759695e-23  9.93520115e-07  1.53219630e-27 -2.00257265e-31
  1.46412584e-27  1.29246971e-26 -4.56844981e-23  1.53219632e-27
  9.93520115e-07  1.91683330e-28 -1.12438093e-12  1.89805463e-12
  1.39513461e-14  2.02726705e-22 -1.07585604e-21  3.48800892e-02]
16.380117654800415,base_link,6.834691640278359,-6.3484566325616925,-2.6441574048396438e-23,6.519099247857127e-23,-1.0730765908097905e-22,0.5214321720161078,0.8532927340523674,[ 1.52451520e-03 -5.22392174e-05  1.82252947e-04 -7.88676120e-05
  8.19151816e-04  2.44958729e-04  1.35557059e-04  4.11213825e-04
  4.38083543e-04  6.11388814e-06 -6.34277351e-05 -1.89850785e-05
 -1.79200408e-20 -3.32989827e-20  9.99192005e-07  6.50538549e-15
 -1.35898802e-14 -1.01037295e-24 -9.87322779e-21  6.70016296e-22
  6.50538549e-15  9.98386615e-07  1.09416016e-19 -1.41307652e-26
 -9.52912066e-22  1.45583788e-22 -1.35898802e-14  1.09418136e-19
  9.98386615e-07 -6.43540365e-24 -5.22462442e-18  3.65710747e-19
 -4.36684780e-19  2.77329487e-19 -2.87553549e-18  9.99999199e-10],0.5064178608864109,0.23729497762780513,1.7004213719029957e-21,-5.852060134154211e-28,6.960797806743886e-26,0.39671547413326796,[ 6.04295267e-02 -4.95664077e-04 -3.65506013e-06 -7.33950065e-12
  2.73619389e-11  6.88298934e-05 -3.05812340e-04  3.62570137e-02
  2.65210505e-04  8.51251207e-12 -4.53846668e-11 -8.79947003e-05
  3.78200211e-19 -2.74303150e-17  9.98788985e-07  1.59166950e-23
 -3.32530653e-23  6.60174720e-23 -1.13091099e-26  1.45402842e-26
  1.59167001e-23  9.95190792e-07  1.05542218e-27 -9.56831440e-30
  5.68686671e-25 -9.43502886e-25 -3.32531065e-23  1.05542211e-27
  9.95190792e-07  1.03750338e-27 -1.16009822e-12  1.90731892e-12
  1.40260220e-14 -5.57231575e-22  2.94676366e-21  3.48792945e-02]
16.42943572998047,base_link,6.8692100397938125,-6.32330964027266,-1.8997625971923398e-22,2.652417622059312e-23,-4.295320834031467e-23,0.5418484981517988,0.8404761775628385,[ 1.33920491e-03 -1.70287367e-05  8.00164499e-05 -2.10799830e-05
  6.50766703e-04  2.67164294e-04  7.88895068e-05  3.96718937e-04
  4.40007612e-04  5.20925228e-07 -1.60798573e-05 -6.60489164e-06
 -2.59403840e-21 -2.44051368e-20  9.99030670e-07  7.00725030e-15
 -1.59045804e-14 -6.40819428e-24  6.58435768e-22 -2.38848402e-23
  7.00725030e-15  9.98065089e-07  1.14973561e-19 -1.26982787e-25
 -4.56868396e-20  2.03817303e-21 -1.59045804e-14  1.14974829e-19
  9.98065089e-07 -1.21829652e-23 -4.73766481e-18  1.31375471e-19
 -2.06611020e-19  7.36900060e-20 -2.27374860e-18  9.99999037e-10],0.4982106848415178,0.2165663524359363,-4.808708653714846e-21,-7.194054585714775e-29,-1.4791604188256556e-26,0.3941028696788913,[ 6.02731459e-02 -3.74894356e-04 -2.76524742e-06 -8.96774014e-13
  1.86647029e-11  7.47383654e-05 -2.61561712e-04  3.62211764e-02
  2.64889420e-04  1.24616831e-12 -2.86776113e-11 -9.56323948e-05
 -1.07573184e-19  1.02999206e-17  9.98547412e-07  1.71458760e-23
 -3.89189249e-23 -1.76923237e-22  1.62568455e-26 -2.26182199e-26
  1.71458692e-23  9.94239753e-07  1.10962305e-27 -1.43554826e-31
  1.55096365e-25 -2.35875722e-25 -3.89187367e-23  1.10962309e-27
  9.94239753e-07 -1.06157513e-27 -1.18673062e-12  1.92381441e-12
  1.41452111e-14 -1.36564393e-22  3.86705204e-21  3.48810197e-02]
16.491894006729126,base_link,6.880346934553253,-6.23973634819825,-1.2070978778771746e-22,4.797147252132986e-22,-1.0700680399602144e-21,0.5827949273294385,0.8126192667412424,[ 1.32823630e-03  1.49858263e-04  3.36349181e-05  1.86627917e-04
  5.44867572e-04  2.31473025e-04  8.42149525e-05  4.15092636e-04
  5.20645390e-04 -8.48680717e-06 -2.47683424e-05 -1.05343626e-05
  7.67623608e-22 -5.02925812e-21  9.98782148e-07  8.64833727e-15
 -2.07930497e-14 -1.02670832e-25  1.39760436e-20 -1.09187841e-21
  8.64833726e-15  9.97570206e-07  1.47671827e-19  5.74205374e-24
  2.26581313e-20 -3.66606447e-21 -2.07930497e-14  1.47680574e-19
  9.97570206e-07  2.76195128e-23 -6.10571750e-18 -6.09658262e-19
 -4.98238551e-20 -8.62083000e-19 -2.51440126e-18  9.99998788e-10],0.526222757388451,0.22333085345817089,-3.7944815014966234e-21,3.965861562721539e-27,-3.765956704359117e-26,0.4122199991407642,[ 6.02925157e-02 -3.15350480e-04 -2.32350959e-06  6.38166150e-12
  3.07163818e-12  4.97741502e-05 -3.31833726e-04  3.62237096e-02
  2.64823479e-04 -1.35665047e-11 -1.85435838e-11 -8.74709190e-05
  1.71100655e-19 -1.95156391e-17  9.98175441e-07  2.09729649e-23
 -5.04291626e-23  9.95588216e-24  2.84343336e-25 -6.04229588e-25
  2.09729597e-23  9.92780530e-07  1.40359124e-27 -2.93274135e-29
  1.35305422e-25 -8.27180613e-25 -5.04291693e-23  1.40359139e-27
  9.92780530e-07  2.62125164e-28 -1.19450848e-12  1.93206215e-12
  1.42014606e-14  4.57552201e-22 -1.67100934e-22  3.48804504e-02]
16.53713369369507,base_link,6.877060749948527,-6.175653467993273,-1.406312584153286e-23,-7.653444162345888e-24,-3.341540228332769e-24,0.6055464016172549,0.7958099996157337,[ 1.42715072e-03  1.27386806e-04  1.01124154e-04  1.37864091e-04
  7.81537686e-04  3.06156590e-04  9.72015569e-05  4.69465022e-04
  4.37610761e-04 -7.27552810e-06 -4.12667442e-05 -1.61822572e-05
 -1.61995051e-20 -4.67456308e-20  9.99187408e-07  6.12019748e-15
 -1.45138567e-14 -1.00924112e-24  3.51386324e-21 -1.30859973e-21
  6.12019748e-15  9.98377450e-07  1.09318723e-19  1.79416192e-24
  6.42686249e-20 -8.13945723e-21 -1.45138567e-14  1.09313808e-19
  9.98377450e-07 -7.63757829e-25 -5.34274601e-18 -6.41963352e-19
 -5.32025154e-19 -5.08926992e-19 -2.88752925e-18  9.99999195e-10],0.5442664495400689,0.23248288914511336,-2.1848668787921524e-21,4.659044940570511e-27,9.18527590295655e-27,0.41519409227647,[ 6.02891313e-02 -3.05797090e-04 -2.25432137e-06 -1.29494120e-12
  8.57971713e-12  5.12978126e-05 -2.94223195e-04  3.62925977e-02
  2.65510924e-04 -3.08515716e-12 -4.01657831e-11 -1.17722820e-04
  1.82959117e-19 -2.15756232e-17  9.98782100e-07  1.49790124e-23
 -3.55257799e-23 -4.21561130e-23  4.03896783e-28  4.44286462e-27
  1.49790114e-23  9.95163651e-07  1.05505264e-27 -3.04514324e-28
 -2.05179566e-25  9.62889932e-25 -3.55257671e-23  1.05505276e-27
  9.95163651e-07 -9.54547796e-28 -1.19452890e-12  1.92259316e-12
  1.41405595e-14  5.23464723e-22  3.33680432e-21  3.48799039e-02]
16.561548709869385,base_link,6.8776825086767115,-6.152740742804205,-1.908656625079235e-22,6.916346288892492e-24,-1.5805991367640442e-23,0.6116859322120007,0.7911007017655437,[ 1.37949696e-03  1.24443069e-04  1.92270266e-05  1.43152629e-04
  7.90531997e-04  3.15446481e-04  4.30005275e-05  4.67500835e-04
  4.62651306e-04 -1.37101717e-06 -7.57107194e-06 -3.01958417e-06
 -5.96893530e-21 -5.57453558e-20  9.99318295e-07  5.13656822e-15
 -1.22191408e-14  3.17735582e-25  9.99234180e-21 -2.08604611e-23
  5.13656822e-15  9.98638445e-07  9.20717734e-20  6.91163972e-25
  6.98802181e-21 -1.79911783e-23 -1.22191408e-14  9.20747923e-20
  9.98638445e-07  1.04786735e-23 -4.94931213e-18 -6.59035687e-19
 -2.88644607e-19 -5.05175297e-19 -2.78985189e-18  9.99999326e-10],0.5416843040710899,0.23249149139267555,-3.1829332764081516e-21,8.63029401584536e-28,5.406939564060333e-27,0.40825881927686314,[ 6.02253317e-02 -2.39204266e-04 -1.76417780e-06  2.60022589e-12
  1.50311612e-11  5.63272591e-05 -2.70127202e-04  3.62894535e-02
  2.65549152e-04 -6.35038809e-12 -3.62063976e-11 -1.20481677e-04
 -3.57871420e-20  5.36680075e-18  9.98978138e-07  1.25719737e-23
 -2.99109114e-23  7.50402532e-23 -3.15039491e-26  7.67403889e-26
  1.25719601e-23  9.95937386e-07  8.88383266e-28 -4.11895079e-29
 -3.26348601e-25  7.75481824e-25 -2.99110132e-23  8.88383145e-28
  9.95937386e-07 -9.81582173e-28 -1.19823788e-12  1.92450396e-12
  1.41576678e-14  3.25715994e-22  1.84761922e-21  3.48800742e-02]
16.61860227584839,base_link,6.887276937476756,-6.104847405432996,1.637291564230127e-22,4.9440975657350626e-24,-4.0295619996005666e-24,0.6483232436864508,0.7613652025775008,[ 1.36237634e-03  1.18276683e-04  1.18956077e-04  1.35700463e-04
  9.28826760e-04  3.25803216e-04  1.18287271e-04  4.56978934e-04
  4.30182789e-04 -7.40961612e-06 -5.07314953e-05 -1.78159258e-05
 -1.03496838e-20 -4.24575265e-20  9.99005084e-07  7.48797668e-15
 -1.70978808e-14 -2.91937567e-24  1.36319365e-21 -2.41536739e-22
  7.48797668e-15  9.98014117e-07  1.28681313e-19 -5.72683338e-25
  6.13040096e-20 -7.64976630e-21 -1.70978808e-14  1.28686359e-19
  9.98014117e-07  8.22666428e-24 -4.89535286e-18 -9.54863898e-19
 -9.27580033e-19 -4.63352409e-19 -3.17309907e-18  9.99999012e-10],0.5335446632382882,0.22475302935116293,-6.780727757312947e-21,5.633749729429902e-28,1.4950896158167607e-27,0.42554383412616914,[ 6.01977886e-02 -2.61395122e-04 -1.93164743e-06 -5.31239784e-13
  4.70734863e-12  3.59511959e-05 -2.29958096e-04  3.62941474e-02
  2.65451656e-04 -6.35739989e-12 -5.93601707e-11 -1.26608571e-04
 -1.44419118e-19  1.97866896e-17  9.98509108e-07  1.83408929e-23
 -4.18817383e-23 -2.78221087e-22 -2.82727748e-27 -3.31195362e-26
  1.83409527e-23  9.94089223e-07  1.24426681e-27 -9.65682192e-29
  7.18936275e-26 -9.17653492e-25 -4.18813602e-23  1.24426681e-27
  9.94089223e-07 -6.13684529e-28 -1.23265939e-12  1.95713411e-12
  1.43941674e-14  1.16947179e-21  8.55330655e-21  3.48861270e-02]
16.68957543373108,base_link,6.878645466515994,-6.027434820089731,-5.84119961231787e-24,7.202718513779931e-24,-1.3608234577958407e-22,0.6787487292685236,0.7343705893595988,[ 1.27314602e-03  1.80954806e-04  9.66014178e-05  2.28900685e-04
  1.00793352e-03  3.58428910e-04  1.12605977e-04  5.03661320e-04
  4.60607770e-04 -1.60685434e-05 -7.07545559e-05 -2.51883203e-05
  1.27782861e-20  6.38451084e-20  9.99096452e-07  6.61721975e-15
 -1.57378629e-14  7.54029886e-25 -1.27054942e-21  1.98523347e-22
  6.61721975e-15  9.98196159e-07  1.15277563e-19  6.96364398e-24
 -3.65282959e-20  5.66453283e-21 -1.57378629e-14  1.15262038e-19
  9.98196159e-07  6.31097381e-24 -4.97033048e-18 -1.45865596e-18
 -1.07473663e-18 -8.34377462e-19 -3.67398221e-18  9.99999103e-10],0.5415594082536879,0.22731097819695026,-3.3426559781761606e-21,8.129907024330336e-27,7.433113269645787e-26,0.4252546259990822,[ 6.01965001e-02 -1.80061790e-04 -1.32953059e-06 -1.79527292e-12
 -8.25483694e-12  1.21116746e-05 -2.06001219e-04  3.62832099e-02
  2.65415698e-04 -1.47929444e-11 -6.42593324e-11 -1.41978360e-04
 -5.88687898e-20  1.17093835e-17  9.98645899e-07  1.61329832e-23
 -3.83737209e-23  3.29845085e-23  8.38085826e-26  6.85008945e-25
  1.61329692e-23  9.94627109e-07  1.10509726e-27 -1.88840615e-28
  2.13257502e-25  1.65436123e-24 -3.83737953e-23  1.10509713e-27
  9.94627109e-07 -1.30945648e-27 -1.25086607e-12  1.98349497e-12
  1.45920773e-14  5.10883876e-22  2.17962206e-21  3.48869217e-02]
16.73668646812439,base_link,6.874759657250746,-5.978255415460802,5.365321471723923e-22,9.89478512501768e-25,8.377880599651683e-24,0.6898079400073464,0.7239924073516388,[ 1.28114516e-03  9.44920980e-05  1.05014454e-04  9.99750240e-05
  1.04026896e-03  3.40540692e-04  9.17475431e-05  4.99089891e-04
  4.75878983e-04 -5.58213019e-06 -5.81397037e-05 -1.90596088e-05
 -8.85414128e-21 -2.49345324e-20  9.99176341e-07  6.09716716e-15
 -1.47715667e-14  6.57140332e-24  4.53294976e-22 -9.49603343e-22
  6.09716716e-15  9.98355389e-07  1.09354675e-19  2.43229207e-24
  1.19325766e-19 -2.01964418e-20 -1.47715668e-14  1.09347654e-19
  9.98355389e-07  1.35143618e-24 -5.01172465e-18 -1.18818908e-18
 -1.18409394e-18 -3.63176931e-19 -3.78346463e-18  9.99999183e-10],0.543585142072382,0.22521951075744376,-1.968617099118594e-21,-2.1303164321335603e-27,1.0170183467140358e-26,0.41154117852956357,[ 6.01388467e-02 -1.31506356e-04 -9.71277585e-07 -2.20708422e-12
 -1.16616723e-11  2.77633748e-06 -1.06907450e-04  3.63027155e-02
  2.65606625e-04 -8.51432647e-13 -5.22831129e-11 -1.35389623e-04
  1.15196481e-19 -3.15502832e-17  9.98765526e-07  1.49308667e-23
 -3.61760787e-23  3.58537155e-23 -6.46234854e-26 -2.35269876e-26
  1.49308546e-23  9.95098328e-07  1.05642569e-27 -2.36991204e-28
 -4.95985250e-25 -2.21658555e-24 -3.61761018e-23  1.05642611e-27
  9.95098328e-07  7.52276068e-28 -1.26112545e-12  1.99009299e-12
  1.46429627e-14  3.13773492e-22  4.73368002e-21  3.48866468e-02]
16.78800368309021,base_link,6.84748537657642,-5.923285804285474,-8.337385027600259e-22,-7.146405908669933e-23,6.788985827045608e-23,0.7172329921069297,0.6968334342103146,[ 1.42475641e-03  8.11316986e-05  6.83414691e-05  1.11526882e-04
  9.92079058e-04  3.41515762e-04  8.19776078e-05  5.14625473e-04
  4.62667823e-04 -4.96739825e-06 -4.41441273e-05 -1.52160594e-05
 -1.54451164e-20 -1.01749833e-19  9.99134055e-07  6.60473910e-15
 -1.55021312e-14 -2.03155657e-23  6.93508226e-21 -3.78848721e-22
  6.60473910e-15  9.98271103e-07  1.18239219e-19  3.77307629e-25
 -1.17525821e-20  1.50877744e-21 -1.55021311e-14  1.18234251e-19
  9.98271103e-07 -1.18690335e-23 -5.01597061e-18 -1.55797258e-18
 -1.38342647e-18 -3.62357211e-19 -3.21882085e-18  9.99999141e-10],0.5465092104624422,0.23704998787684675,3.1261421376287887e-21,-2.240075215171724e-29,-4.790178160211093e-27,0.422163054606213,[ 6.01393290e-02 -9.61484038e-05 -7.11203593e-07 -7.06745149e-13
 -1.49497339e-11 -6.77220553e-06 -7.24142883e-05  3.63776833e-02
  2.66152793e-04 -1.11059760e-11 -4.71289285e-11 -1.35030468e-04
  7.19978005e-21 -2.71050543e-18  9.98702205e-07  1.61854218e-23
 -3.79924738e-23 -3.83588670e-22 -1.32276197e-26 -2.08410740e-25
  1.61854629e-23  9.94848854e-07  1.14389336e-27 -3.36703552e-30
  4.29746178e-25  1.35063084e-24 -3.79919815e-23  1.14389338e-27
  9.94848854e-07  1.77879510e-28 -1.27743517e-12  2.00281024e-12
  1.47368672e-14  8.28532618e-22  5.55445802e-21  3.48882178e-02]
16.84137773513794,base_link,6.840739373266977,-5.8703530004927496,2.1033608413290325e-22,8.179507541347795e-24,-3.3294280822839454e-24,0.7493735159029095,0.6621475165424332,[ 1.32627413e-03  4.54514366e-05  5.17085814e-05  7.18188473e-05
  9.57610766e-04  3.19200900e-04  5.98305796e-05  5.03151511e-04
  4.60247361e-04 -3.27758891e-06 -4.36358295e-05 -1.45650350e-05
 -1.52862977e-21 -6.61744490e-21  9.99201273e-07  6.06915854e-15
 -1.43407897e-14  2.69828471e-25  8.04681300e-21 -3.31699426e-22
  6.06915854e-15  9.98405091e-07  1.08971122e-19  5.40621607e-25
  5.61159328e-21 -7.54388719e-22 -1.43407897e-14  1.08968791e-19
  9.98405091e-07 -3.16369377e-24 -4.89740223e-18 -1.70416367e-18
 -1.59950038e-18 -2.47138766e-19 -3.28948055e-18  9.99999208e-10],0.5471830078685892,0.23106295582763106,-2.58815095880988e-21,2.2274944655581957e-28,-1.4068487920973428e-27,0.44058629550902756,[ 6.01055887e-02 -1.98282432e-05 -1.48491254e-07 -1.33494448e-12
 -2.24359386e-11 -2.52008600e-05  1.25366932e-05  3.63349915e-02
  2.65889893e-04 -8.23706387e-12 -4.55856028e-11 -1.26603202e-04
  2.78197384e-20 -4.98190898e-17  9.98802864e-07  1.47597686e-23
 -3.48820798e-23  4.33634000e-24 -6.62390725e-26 -4.07127958e-25
  1.47597689e-23  9.95245462e-07  1.03994261e-27  2.07804974e-29
 -2.52031593e-25 -5.10525534e-25 -3.48820893e-23  1.03994258e-27
  9.95245462e-07 -2.05403102e-28 -1.27508163e-12  2.00542707e-12
  1.47574307e-14  2.88723274e-22  1.88899205e-23  3.48843537e-02]
16.88685441017151,base_link,6.835727053472008,-5.837179558582486,-1.7464412330882807e-22,1.0128058982190313e-22,-9.38857656573733e-23,0.7551534008286743,0.6555481227315715,[ 1.37344541e-03  6.40902308e-05  8.01972983e-05  8.28494925e-05
  1.01979563e-03  3.55852780e-04  7.97718694e-05  5.27450791e-04
  4.99683929e-04 -4.01184101e-06 -4.93694961e-05 -1.72472909e-05
 -2.88520598e-21 -1.07467305e-20  9.99200202e-07  5.91853458e-15
 -1.42268528e-14 -2.80804552e-24  6.63067979e-21 -6.55954226e-22
  5.91853458e-15  9.98402956e-07  1.05276858e-19 -8.96668876e-25
  1.14137690e-19 -1.49951301e-20 -1.42268527e-14  1.05274302e-19
  9.98402956e-07 -2.20270429e-23 -4.65282352e-18 -1.73641999e-18
 -1.71178671e-18 -2.53343086e-19 -3.11730201e-18  9.99999207e-10],0.5333182182442092,0.22439745325414995,-3.471887224720005e-21,1.4228592863041317e-28,1.4387087882657342e-26,0.41970370018048303,[ 6.01319691e-02  4.34403046e-06  3.00940980e-08 -1.99941080e-12
 -2.32523886e-11 -4.03272197e-05  3.69959434e-05  3.63538265e-02
  2.66049015e-04 -4.93545918e-12 -4.75247762e-11 -1.39738952e-04
 -2.30287083e-21 -2.03287907e-17  9.98801260e-07  1.44875376e-23
 -3.48284418e-23 -2.94577512e-23 -6.13923111e-26 -1.52672984e-25
  1.44875404e-23  9.95239196e-07  1.01634050e-27  4.62123425e-30
 -8.49798832e-25 -1.73837176e-24 -3.48283884e-23  1.01634055e-27
  9.95239196e-07  6.66013443e-28 -1.27743436e-12  2.00361169e-12
  1.47442555e-14  3.06513039e-22  3.35926620e-21  3.48836473e-02]
16.929675579071045,base_link,6.802470048543724,-5.787538942353863,-3.831606347298207e-22,4.812168427894414e-23,-1.480150350530036e-22,0.779990630203464,0.6257911926471985,[ 1.43519380e-03  1.58259134e-04  1.20441802e-04  2.00465798e-04
  1.12487774e-03  3.75276397e-04  1.20659555e-04  5.56713144e-04
  4.54285122e-04 -1.59867110e-05 -8.97183259e-05 -2.99616790e-05
 -1.65436123e-21 -3.67929936e-21  9.99194081e-07  6.02782244e-15
 -1.43282132e-14  2.96618393e-25  2.69991752e-21 -5.72408984e-22
  6.02782244e-15  9.98390753e-07  1.07179908e-19  4.24957680e-24
  5.53747789e-20 -1.00320465e-20 -1.43282132e-14  1.07170221e-19
  9.98390753e-07  5.68557624e-24 -4.74535710e-18 -2.26117074e-18
 -1.81398213e-18 -5.57292943e-19 -3.12770379e-18  9.99999201e-10],0.5471833396729356,0.2348512007404838,-4.5675865746811214e-21,-2.4320253795985613e-26,-1.0729711611543174e-25,0.4354766319393223,[ 6.01472603e-02  8.34205639e-06  5.96072185e-08 -7.09989744e-12
 -4.08939195e-11 -6.18528369e-05 -2.05859033e-06  3.63876969e-02
  2.66315353e-04 -9.03082051e-12 -5.85351893e-11 -1.44862945e-04
  3.60650747e-21  1.60461922e-17  9.98792093e-07  1.47386328e-23
 -3.50378577e-23  4.58341502e-23  1.63982094e-25  2.06795153e-25
  1.47386317e-23  9.95203040e-07  1.03254731e-27  3.53871439e-28
  7.36707733e-25  1.05336281e-24 -3.50378775e-23  1.03254720e-27
  9.95203040e-07  1.38312136e-27 -1.27754185e-12  2.00460742e-12
  1.47515821e-14  4.45890812e-22  2.85360181e-21  3.48823112e-02]
16.993321180343628,base_link,6.744346384435573,-5.704402328457361,1.6858712932061103e-22,-5.237417322362679e-22,3.929966370849133e-22,0.8093653407239974,0.5873054956619491,[ 1.52101360e-03  1.01445003e-05  7.79934705e-05 -4.92705183e-06
  1.06612682e-03  3.44294777e-04  5.65399696e-05  5.57827297e-04
  5.13891704e-04  1.55894506e-07 -3.31083733e-05 -1.07040080e-05
 -1.06540863e-20 -3.00696696e-20  9.99183355e-07  6.55526982e-15
 -1.51445438e-14 -7.36025338e-25 -4.32780896e-21  9.82276977e-24
  6.55526982e-15  9.98369371e-07  1.21565137e-19 -4.56510500e-25
  3.54695047e-20 -3.46092368e-21 -1.51445438e-14  1.21566889e-19
  9.98369371e-07 -2.31281551e-23 -4.53427878e-18 -2.07587670e-18
 -2.10248496e-18  1.37374241e-20 -2.88356997e-18  9.99999191e-10],0.5812237055103668,0.24965003966219487,5.0966218615119424e-23,-1.2241197172472553e-26,8.430698059314068e-26,0.4474851490862194,[ 6.02230957e-02  1.25838327e-04  9.26199192e-07  1.95267128e-12
 -2.99379740e-11 -6.38889768e-05  1.80192641e-04  3.63929272e-02
  2.66376839e-04  6.16650651e-12 -3.63987456e-11 -1.30665486e-04
  4.82808780e-20  1.38777878e-17  9.98776030e-07  1.60549298e-23
 -3.70949984e-23 -6.75369790e-23 -8.68378084e-26 -2.73842019e-25
  1.60549371e-23  9.95139732e-07  1.17475351e-27  1.89024480e-28
 -8.14255915e-25 -9.88739326e-25 -3.70949340e-23  1.17475325e-27
  9.95139732e-07 -8.74565492e-28 -1.28898647e-12  2.00517554e-12
  1.47557480e-14 -1.70228218e-22  3.65789289e-21  3.48809703e-02]
17.019724369049072,base_link,6.724910007673425,-5.67346752759968,-1.716314555502405e-22,8.652630542731987e-23,-5.126924383116457e-23,0.8147831728614456,0.5797657985961535,[ 1.55855301e-03 -9.68564564e-06  8.01414540e-05 -1.34403422e-05
  1.28584902e-03  4.28499747e-04  6.05179794e-05  6.24951512e-04
  6.04831083e-04  4.40826748e-07 -4.21224881e-05 -1.40471584e-05
 -3.66341750e-20 -1.05984998e-19  9.99369563e-07  5.08262557e-15
 -1.20731660e-14 -3.07440569e-24 -1.14150925e-21  2.58493941e-23
  5.08262557e-15  9.98740713e-07  9.73326879e-20 -7.34413591e-25
  8.91502177e-20 -5.97555275e-21 -1.20731660e-14  9.73346776e-20
  9.98740713e-07  6.74915944e-24 -4.21162188e-18 -2.17830354e-18
 -2.35562649e-18  3.35455629e-20 -3.20375370e-18  9.99999377e-10],0.5891960534599596,0.25142070303591585,-1.963288552556184e-21,-7.150738156900136e-27,-5.4781212699057386e-27,0.43971558092263885,[ 6.03336207e-02  1.38055999e-04  1.01742148e-06  7.02579693e-13
 -3.99237826e-11 -8.85817543e-05  2.09876627e-04  3.64023894e-02
  2.66529468e-04  1.44580087e-12 -5.73828646e-11 -1.60454954e-04
  2.28487138e-19  5.98479599e-17  9.99054939e-07  1.24485037e-23
 -2.95747446e-23 -5.69746679e-23 -3.43312266e-26 -7.12877823e-26
  1.24485082e-23  9.96241007e-07  9.40220302e-28  1.76448303e-28
 -1.61558713e-25 -2.32644547e-25 -2.95746901e-23  9.40220143e-28
  9.96241007e-07  1.08600406e-28 -1.29431201e-12  2.00905698e-12
  1.47889333e-14 -6.94114602e-23  2.70000819e-21  3.48817233e-02]
17.0839626789093,base_link,6.695902390507963,-5.605687191928701,-8.330609154324287e-22,6.871552356800384e-23,-4.430731996713203e-23,0.8410864088245847,0.5409007791550715,[ 1.37722406e-03 -3.31243173e-05  7.65775678e-05 -4.92130746e-05
  8.61178868e-04  3.14071854e-04  4.70272298e-05  4.96367919e-04
  5.52541454e-04  1.61618570e-06 -2.82145503e-05 -1.03075119e-05
  3.19887286e-20  1.19008129e-19  9.98915064e-07  8.76020679e-15
 -2.09579635e-14 -1.39131582e-24  1.16996426e-20 -2.93649117e-22
  8.76020679e-15  9.97834820e-07  1.69226478e-19  1.04505110e-24
 -4.88632131e-20  6.85567292e-21 -2.09579635e-14  1.69221322e-19
  9.97834820e-07  1.46526092e-23 -4.35030556e-18 -2.69033190e-18
 -3.33383146e-18  1.38150395e-19 -2.40867726e-18  9.99998921e-10],0.5941409909292711,0.24203686548069722,-2.4295120654216487e-21,-6.728026947308813e-29,9.901616609534129e-27,0.4485067000819447,[ 6.02375769e-02  1.87868951e-04  1.38317168e-06  5.77811600e-12
 -3.27900010e-11 -8.36558953e-05  2.65837414e-04  3.62934768e-02
  2.65560283e-04  8.54952253e-12 -2.70824716e-11 -1.14012431e-04
  7.94093388e-20  1.52330405e-17  9.98374357e-07  2.12865336e-23
 -5.09313962e-23  8.21160657e-24 -1.69636649e-26 -2.42338070e-26
  2.12865312e-23  9.93560031e-07  1.61372621e-27 -1.15587038e-28
 -3.87740912e-26 -3.23117427e-26 -5.09314181e-23  1.61372641e-27
  9.93560031e-07 -5.06879262e-28 -1.33986737e-12  2.05940560e-12
  1.51511669e-14 -5.44682272e-22  1.59908183e-22  3.48812303e-02]
17.135111331939697,base_link,6.643466852754414,-5.5458834781662105,2.817521708810579e-22,1.099438299132962e-22,-5.827470824175641e-23,0.8636222132730941,0.5041395369749158,[ 1.23013785e-03 -3.38014961e-05 -3.95487596e-06 -1.95311036e-05
  1.11180491e-03  3.93182369e-04  6.84563929e-07  5.53412005e-04
  5.05136344e-04  1.92164278e-07 -1.10146397e-05 -3.90318384e-06
  1.72715312e-21  3.56812629e-20  9.98798421e-07  9.69621539e-15
 -2.43004589e-14  2.55331441e-24 -7.94093388e-22 -1.07533480e-23
  9.69621539e-15  9.97602595e-07  1.96092858e-19 -7.57914030e-25
  4.91279109e-20 -1.46907277e-21 -2.43004589e-14  1.96093946e-19
  9.97602595e-07  2.13613797e-23 -4.16640660e-18 -3.74094704e-18
 -3.50631296e-18  6.45073858e-20 -3.70097344e-18  9.99998804e-10],0.6168172928167467,0.2476457117364371,-2.6888104726700956e-21,-1.7169662023995233e-27,4.2826713249587123e-26,0.4612368535364938,[ 6.03560147e-02  1.97460409e-04  1.45104291e-06 -2.80946614e-12
 -6.81563526e-11 -1.20372944e-04  2.38831271e-04  3.62078696e-02
  2.64909665e-04 -4.39799522e-12 -6.73130213e-11 -1.39999548e-04
 -1.27054942e-20 -2.33103467e-18  9.98199791e-07  2.34778915e-23
 -5.88466448e-23  4.04417148e-23  9.69352280e-27  1.61558713e-26
  2.34778947e-23  9.92875818e-07  1.85889552e-27  6.98037325e-29
  2.97268033e-25  2.97268033e-25 -5.88467417e-23  1.85889553e-27
  9.92875818e-07 -2.16366196e-27 -1.32301810e-12  2.06230085e-12
  1.51694747e-14  2.51114243e-22  2.01456568e-21  3.48775602e-02]
17.185871362686157,base_link,6.592584354115265,-5.503488270749086,7.36790732835854e-23,2.4673649842249964e-22,-1.2853451839805727e-22,0.8829025166912403,0.46955632891089244,[ 1.56327788e-03 -3.39432190e-05 -7.85224947e-08 -3.57490789e-05
  1.30489991e-03  4.79598733e-04 -5.46720912e-06  7.03740994e-04
  6.62477732e-04  6.69160129e-08 -2.44147762e-06 -8.97788456e-07
  1.42407414e-20  4.73809055e-20  9.99455129e-07  4.36377167e-15
 -1.11694997e-14 -3.73345849e-25  2.17052193e-21 -3.90325852e-24
  4.36377167e-15  9.98911444e-07  8.94543522e-20 -1.12732274e-25
  5.66453283e-20 -2.10517466e-22 -1.11694997e-14  8.94536634e-20
  9.98911444e-07  1.33543659e-23 -3.32486149e-18 -2.68390520e-18
 -2.64508318e-18  8.00540277e-20 -2.91960082e-18  9.99999463e-10],0.6216581517463086,0.25452506747993264,-1.1859321100637279e-21,2.783482161254726e-27,7.6232802776458e-26,0.4697808055892855,[ 6.06660608e-02  2.82636727e-04  2.08478816e-06  2.01232404e-12
 -4.50253428e-11 -1.59765776e-04  3.17259342e-04  3.63214612e-02
  2.66029038e-04  2.05574245e-12 -3.96337713e-11 -1.63503702e-04
  5.81488118e-19  7.42136387e-17  9.99183138e-07  1.07002536e-23
 -2.73940495e-23 -3.09795428e-23 -1.17533964e-25 -1.19957345e-25
  1.07002523e-23  9.96748439e-07  8.65715683e-28 -3.83407335e-29
  2.61725116e-24  2.30059608e-24 -2.73940494e-23  8.65715728e-28
  9.96748439e-07 -1.05281384e-27 -1.31207079e-12  2.04932512e-12
  1.50892970e-14 -9.08648847e-23  2.44700237e-21  3.48792416e-02]
17.23179531097412,base_link,6.559803749678288,-5.475876947132565,-1.6194297083492625e-23,-2.0759906768000134e-22,-2.5229730141508114e-22,0.9011014969367865,0.4336082243434532,[ 1.61379635e-03 -2.59179682e-04 -3.11491521e-05 -3.28563143e-04
  1.21938219e-03  4.30767059e-04 -7.81790623e-05  6.51732497e-04
  6.62606569e-04 -1.56911759e-05  5.82194504e-05  2.05901134e-05
 -3.81826571e-21 -1.83700270e-20  9.99334065e-07  5.42319793e-15
 -1.34577243e-14 -2.70557019e-24  2.30287083e-20  2.39551505e-21
  5.42319793e-15  9.98669900e-07  1.09631603e-19  1.24700660e-23
 -5.62218119e-20 -7.99387344e-21 -1.34577243e-14  1.09598749e-19
  9.98669900e-07 -3.14686400e-24 -3.01240503e-18 -2.63709867e-18
 -3.20445372e-18  7.86893768e-19 -2.91946114e-18  9.99999342e-10],0.6093353111482135,0.25442641544105155,-3.1523398914540807e-21,8.351710699377522e-26,-1.0649846049343716e-27,0.48248680834207985,[ 6.08729532e-02  3.20791965e-04  2.36668507e-06  1.39511478e-11
 -3.98267421e-11 -1.45639091e-04  4.74129687e-04  3.62417549e-02
  2.65406126e-04  1.47851470e-11 -4.32272291e-11 -1.46194758e-04
  1.39336920e-19  1.57209315e-17  9.99001761e-07  1.32794170e-23
 -3.29582835e-23  5.04561430e-24 -8.62723529e-25 -9.14422318e-25
  1.32793956e-23  9.96030747e-07  1.05830426e-27 -9.52473999e-28
  1.99040335e-24  2.15842441e-24 -3.29582875e-23  1.05830514e-27
  9.96030747e-07  6.46668181e-30 -1.34685265e-12  2.08535619e-12
  1.53531584e-14 -7.46902984e-22  2.01885961e-21  3.48789438e-02]
17.277909994125366,base_link,6.507558576194563,-5.4342597338788385,2.727111628245728e-22,-6.7293863916487e-22,3.8750315373964254e-22,0.9185515939825312,0.3953011120552929,[ 1.51046069e-03 -1.84443210e-04 -2.99746645e-05 -1.96375883e-04
  1.23345077e-03  3.98296992e-04 -4.65742287e-05  5.94227688e-04
  6.32152107e-04 -2.24310019e-06  1.40904998e-05  4.55092600e-06
 -1.31223932e-20 -9.37559593e-20  9.99145869e-07  6.99403853e-15
 -1.70941006e-14 -6.46503147e-24  7.61006164e-22  2.10931056e-23
  6.99403853e-15  9.98294649e-07  1.39969614e-19 -1.76120293e-24
 -5.15631307e-20 -7.54388719e-22 -1.70941006e-14  1.39982492e-19
  9.98294649e-07 -1.51177007e-23 -2.85323317e-18 -3.16354087e-18
 -3.72644368e-18  4.23458084e-19 -2.66222395e-18  9.99999153e-10],0.6246748340936085,0.25675509469150537,2.6392834431880473e-20,-1.1864741199144828e-25,-2.88180595061569e-26,0.4964233860196186,[ 6.07997839e-02  3.09707830e-04  2.28420882e-06  4.62186473e-12
 -6.64267479e-11 -1.58144632e-04  4.27566236e-04  3.61948758e-02
  2.64997676e-04  2.33538838e-12 -4.78761769e-11 -1.25730041e-04
  1.09267250e-19  1.26851654e-17  9.98719895e-07  1.71177378e-23
 -4.18416715e-23 -2.24746841e-22  5.57377561e-26  2.78688781e-26
  1.71176989e-23  9.94918519e-07  1.35112287e-27  6.80064961e-28
  2.44276775e-24  1.76422115e-24 -4.18413724e-23  1.35112195e-27
  9.94918519e-07  1.64143776e-28 -1.37008751e-12  2.12231968e-12
  1.56223138e-14 -2.69141058e-22  3.51604711e-21  3.48788677e-02]
17.330920696258545,base_link,6.446603473381323,-5.398795939617304,-1.411699286967509e-22,-9.285718646953287e-23,-5.779463116650606e-23,0.9293072760125486,0.3693074420454274,[ 1.71077645e-03 -3.08081657e-04 -9.58080474e-05 -3.91973660e-04
  1.37699683e-03  5.08954576e-04 -1.33959806e-04  7.04450043e-04
  7.24560434e-04 -2.83519811e-05  9.95847248e-05  3.68365193e-05
  6.61744490e-21  5.21984054e-20  9.99465372e-07  4.43044650e-15
 -1.10508014e-14 -3.44723825e-24  1.64112634e-21  2.24993127e-22
  4.43044650e-15  9.98931886e-07  9.15901646e-20  4.54452746e-24
 -7.21036796e-20 -1.16467030e-20 -1.10508014e-14  9.15805595e-20
  9.98931886e-07 -3.48224664e-24 -1.85176796e-18 -2.93094305e-18
 -3.34332729e-18  7.04018322e-19 -2.47278979e-18  9.99999473e-10],0.6310616070831421,0.2613580513855412,-2.7272375818071364e-21,-1.3403654643534003e-26,-2.4632884583220434e-26,0.48809173010835394,[ 6.12384120e-02  3.28424503e-04  2.42562582e-06  1.94178563e-11
 -5.97558777e-11 -2.07500586e-04  4.74440632e-04  3.61838192e-02
  2.65054866e-04  1.58365936e-11 -4.98546904e-11 -1.57729155e-04
  3.18907905e-19  3.48570998e-17  9.99198486e-07  1.08744695e-23
 -2.71294536e-23 -6.16130344e-24 -3.23117427e-25 -2.64956290e-25
  1.08744729e-23  9.96809246e-07  8.87785232e-28  1.99966922e-28
  1.47341547e-24  1.22784622e-24 -2.71294394e-23  8.87785025e-28
  9.96809246e-07  3.82926682e-28 -1.37563333e-12  2.14283192e-12
  1.57824978e-14 -8.56058509e-22  2.70424542e-21  3.48810681e-02]
17.36905288696289,base_link,6.409450578761895,-5.3717534172498285,-2.2183522303533837e-22,-2.4765604649571387e-22,8.134662917543167e-23,0.9445094131422738,0.3284843504425098,[ 1.50633703e-03 -2.47489503e-04 -7.05951940e-05 -2.85911429e-04
  9.99569677e-04  3.56245831e-04 -9.59525514e-05  5.46881651e-04
  6.82335727e-04 -1.70057651e-05  5.94560079e-05  2.12251370e-05
 -6.74979380e-22 -1.76288732e-20  9.99140254e-07  7.27140135e-15
 -1.79132291e-14 -4.11017971e-25 -3.44107135e-21 -7.67623608e-22
  7.27140135e-15  9.98283457e-07  1.51504317e-19  2.14029867e-25
 -2.26581313e-20 -4.79103011e-21 -1.79132291e-14  1.51513483e-19
  9.98283457e-07 -1.21915411e-23 -1.80855692e-18 -3.45064224e-18
 -4.66664132e-18  5.80350623e-19 -2.02905088e-18  9.99999148e-10],0.6328511023308611,0.25810793224704487,-4.612051514274517e-21,-1.2484751892250823e-26,4.793773228459008e-27,0.5087449575012449,[ 6.10321954e-02  3.02685192e-04  2.23195858e-06  1.37123237e-11
 -4.99465630e-11 -1.61316500e-04  4.31878958e-04  3.60913575e-02
  2.64257760e-04  9.86866202e-12 -3.57392943e-11 -1.03750587e-04
 -4.25210540e-19 -5.03611909e-17  9.98711487e-07  1.77323131e-23
 -4.36902692e-23  9.78750422e-23 -2.31028960e-25 -1.66405475e-25
  1.77323502e-23  9.94885361e-07  1.45314174e-27  1.71244299e-28
  1.46695312e-24  1.05336281e-24 -4.36903863e-23  1.45314156e-27
  9.94885361e-07 -6.70836636e-29 -1.39538291e-12  2.17873115e-12
  1.60397908e-14 -2.87064235e-22  1.09323534e-21  3.48789650e-02]
17.43212080001831,base_link,6.352330901416409,-5.328836238796687,-4.667966879046568e-22,-5.302630357175963e-22,1.410319928309233e-23,0.957535879824458,0.28831413223912755,[ 1.79855406e-03 -2.65712715e-04 -8.37266613e-05 -2.98407588e-04
  1.12463565e-03  3.67415194e-04 -1.15198593e-04  5.65365472e-04
  7.87931675e-04 -1.44734349e-05  5.45471379e-05  1.78350048e-05
 -2.49212975e-20 -1.52201233e-19  9.99485989e-07  4.10027503e-15
 -1.05152052e-14 -6.34127288e-24 -3.23725405e-20 -4.25832579e-21
  4.10027502e-15  9.98973034e-07  8.38918417e-20  3.84304931e-24
  1.24725601e-19  1.65039076e-20 -1.05152051e-14  8.38915984e-20
  9.98973034e-07 -1.41835795e-23 -1.52240803e-18 -2.46945514e-18
 -3.68508501e-18  3.90266697e-19 -1.47082527e-18  9.99999494e-10],0.630828634478359,0.24841441108787224,-1.0152462720440844e-21,2.5210757168380817e-26,1.2652961737636117e-25,0.5082016964817081,[ 6.13940292e-02  3.71378148e-04  2.74710364e-06  1.22850756e-11
 -4.60568955e-11 -1.79479629e-04  4.98874346e-04  3.61114591e-02
  2.64544835e-04  7.07898753e-12 -2.65492552e-11 -9.65707048e-05
  7.27601302e-19  7.00394603e-17  9.99229379e-07  1.00969950e-23
 -2.58977927e-23 -4.50700942e-23  8.11024741e-25  4.67712475e-25
  1.00969784e-23  9.96931674e-07  8.17809667e-28 -2.01305320e-28
 -2.21658555e-24 -1.27954501e-24 -2.58977884e-23  8.17810048e-28
  9.96931674e-07 -1.01742383e-27 -1.41983364e-12  2.21834356e-12
  1.63435807e-14 -7.35475372e-22  2.76911504e-21  3.48845231e-02]
17.473137378692627,base_link,6.26733636766124,-5.309239715148183,-6.262086720230925e-23,-5.658585560597913e-22,-7.460048517021872e-23,0.9708832348903901,0.23955321790527392,[ 1.55427546e-03 -2.32447132e-04 -4.81474246e-05 -2.65449706e-04
  9.33121793e-04  3.33795346e-04 -8.74813486e-05  5.28360257e-04
  7.22375851e-04 -1.05674046e-05  3.71452308e-05  1.33018001e-05
 -1.82376781e-20 -1.39336920e-19  9.99237079e-07  6.28893022e-15
 -1.63012888e-14 -1.04387897e-24 -1.27849035e-20 -1.48892510e-21
  6.28893022e-15  9.98476480e-07  1.34384463e-19  3.20170462e-24
  6.23628007e-20  7.98063855e-21 -1.63012888e-14  1.34382066e-19
  9.98476480e-07 -8.23547276e-24 -1.10596607e-18 -3.50647349e-18
 -5.03083757e-18  3.57130420e-19 -1.25527911e-18  9.99999245e-10],0.6681075342392381,0.26300526641807775,-6.6545658286882046e-21,-4.6747983296515217e-26,1.6644013863870522e-25,0.5335097054613654,[ 6.12494592e-02  2.62222136e-04  1.93573788e-06  1.43502840e-11
 -4.66638928e-11 -1.78200957e-04  3.87756852e-04  3.60392034e-02
  2.63925889e-04  5.74765785e-12 -1.83520766e-11 -7.91791042e-05
 -1.73641754e-20 -2.33103467e-18  9.98856489e-07  1.53621781e-23
 -3.98265961e-23  2.26452084e-23 -5.41221690e-25 -2.17296470e-25
  1.53621902e-23  9.95457026e-07  1.29238719e-27  2.09313102e-28
 -7.88406521e-25 -3.10192730e-25 -3.98266401e-23  1.29238719e-27
  9.95457026e-07 -7.47026510e-28 -1.43462096e-12  2.26352097e-12
  1.66713173e-14 -1.23676059e-23 -1.04240977e-22  3.48828187e-02]
17.51977276802063,base_link,6.192043869799087,-5.296835546026783,1.498263088513181e-21,2.5047578127282016e-21,1.1130302516622467e-22,0.980131686028271,0.19834787128522108,[ 1.45556829e-03 -3.90762975e-04 -1.09284635e-04 -4.82899526e-04
  1.14181253e-03  4.09722265e-04 -1.61638613e-04  5.32252291e-04
  6.15397014e-04 -4.33880689e-05  1.02604866e-04  3.68697271e-05
 -2.06795153e-22 -1.56701095e-20  9.99026543e-07  8.38299293e-15
 -2.11199323e-14 -3.08617864e-23 -1.90053018e-20 -4.92337901e-21
  8.38299289e-15  9.98056866e-07  1.81848949e-19 -9.78130712e-24
  5.06102186e-20  1.14878843e-20 -2.11199322e-14  1.81828939e-19
  9.98056866e-07  4.01466287e-23  1.55121038e-19 -4.08613958e-18
 -5.02597689e-18  7.51089709e-19 -1.77636142e-18  9.99999034e-10],0.6847912213649568,0.2717473276827225,3.140383549196956e-20,-4.0725950914374756e-25,2.0399868482950729e-25,0.5436986308838502,[ 6.13740416e-02  9.08827060e-05  6.69982868e-07  3.63794789e-11
 -9.67908043e-11 -2.25786680e-04  2.83185625e-04  3.59500498e-02
  2.63195263e-04  1.85472461e-11 -4.76596639e-11 -9.29254662e-05
 -7.50682950e-20 -2.95445092e-17  9.98541233e-07  2.04979035e-23
 -5.16464611e-23 -2.45579402e-22  7.69019476e-25  3.94203261e-25
  2.04977893e-23  9.94215455e-07  1.75318177e-27  1.91963768e-27
 -6.52697202e-24 -3.22471192e-24 -5.16461344e-23  1.75317975e-27
  9.94215455e-07 -9.82602682e-28 -1.43930815e-12  2.30078890e-12
  1.69419095e-14 -1.61025585e-21  3.92854063e-21  3.48832449e-02]
17.586155891418457,base_link,6.109238791273198,-5.279235499110264,-1.5696599316913014e-22,2.8544400517694213e-23,1.203459620654317e-23,0.9867751724411306,0.16209490755041345,[ 1.47772166e-03 -4.50253194e-04 -9.62558146e-05 -5.94968757e-04
  1.22513865e-03  4.44985305e-04 -1.84575493e-04  5.87431621e-04
  6.12217317e-04 -6.27572927e-05  1.29207488e-04  4.69800134e-05
  3.89105760e-21  1.49818953e-20  9.99105274e-07  7.86888095e-15
 -2.02396784e-14  2.42120518e-26 -5.92923063e-21 -1.19114008e-21
  7.86888094e-15  9.98213743e-07  1.77960986e-19 -1.53478789e-23
  4.04458232e-20  9.37030198e-21 -2.02396784e-14  1.77936267e-19
  9.98213743e-07  5.01106233e-23  9.73369302e-19 -4.53930884e-18
 -4.79835758e-18  6.77940032e-19 -1.39552298e-18  9.99999113e-10],0.6837018439877355,0.2703046915037894,5.997908472213626e-21,-3.8047841112958484e-27,3.691248748045687e-27,0.5303036731243619,[ 6.15226624e-02 -5.18904708e-05 -3.83861026e-07  6.20145135e-11
 -1.11915120e-10 -2.63592042e-04  1.70240761e-04  3.59384567e-02
  2.63167406e-04  2.20234541e-11 -4.08423261e-11 -8.44307423e-05
 -7.94093388e-22  3.79470760e-19  9.98659110e-07  1.92295980e-23
 -4.94669654e-23  2.08030926e-22  2.11965032e-24  7.52863604e-25
  1.92297395e-23  9.94679137e-07  1.71380705e-27  1.00630061e-27
 -3.52844230e-24 -1.29246971e-24 -4.94672785e-23  1.71380717e-27
  9.94679137e-07 -2.36185385e-27 -1.44007405e-12  2.32964082e-12
  1.71571635e-14 -1.20476132e-21  2.31599351e-21  3.48819318e-02]
17.639095067977905,base_link,6.046452639695311,-5.271394873862249,-5.96543602947152e-23,-1.0534743956966355e-22,6.00928304293924e-24,0.9928394192337451,0.11945663487475151,[ 1.45088444e-03 -4.33612779e-04 -7.36504236e-05 -5.62993273e-04
  1.23679511e-03  4.14914655e-04 -1.91865555e-04  5.78479763e-04
  6.61036179e-04 -4.90073330e-05  1.07657064e-04  3.61232584e-05
 -5.84717431e-20 -7.53329927e-20  9.99096887e-07  7.91312525e-15
 -2.03492221e-14 -2.77832164e-24  1.23878569e-20  1.26393198e-21
  7.91312525e-15  9.98197027e-07  1.78302684e-19  3.64542956e-25
  7.36918664e-20  7.94093388e-21 -2.03492221e-14  1.78309235e-19
  9.98197027e-07 -5.63677075e-24  8.67529397e-19 -4.57676208e-18
 -5.44418234e-18  6.82801828e-19 -1.49922399e-18  9.99999104e-10],0.6782040578219585,0.26893667627919254,-5.228350942983444e-21,-4.7581506934133307e-26,2.2003778566225462e-25,0.5363184639890096,[ 6.15063640e-02 -1.07413798e-04 -7.93409509e-07  5.91975073e-11
 -1.10508103e-10 -2.56886747e-04  9.79040633e-05  3.59245837e-02
  2.63094186e-04  1.47097998e-11 -2.68766818e-11 -6.57828800e-05
 -6.13040096e-20  2.02745806e-17  9.98646551e-07  1.92711698e-23
 -4.95652934e-23  5.49460364e-23 -1.13737334e-24 -2.81112161e-25
  1.92712270e-23  9.94629663e-07  1.70629680e-27  7.70238435e-28
 -8.72417052e-24 -2.11318797e-24 -4.95654608e-23  1.70629776e-27
  9.94629663e-07 -3.41481047e-27 -1.43071371e-12  2.32809345e-12
  1.71448961e-14 -4.98444701e-22  9.16676148e-22  3.48781547e-02]
17.6928071975708,base_link,6.004808771762779,-5.270992525931961,2.6879316831766067e-23,-4.938878443980971e-22,-3.6549182829140387e-22,0.9964061666690339,0.0847039020584139,[ 1.44458362e-03 -4.20235911e-04 -8.98368709e-05 -5.27099177e-04
  1.22454038e-03  4.20165976e-04 -1.87909898e-04  5.80849028e-04
  6.38011141e-04 -3.92041263e-05  9.10781350e-05  3.12475634e-05
  2.48021835e-20  3.59989003e-20  9.99065072e-07  8.02625242e-15
 -2.01420979e-14 -9.87432978e-25  1.03761536e-20  6.81596825e-22
  8.02625244e-15  9.98133630e-07  1.72969912e-19  1.77965493e-23
 -7.89858223e-20 -5.09543257e-21 -2.01420979e-14  1.72943466e-19
  9.98133630e-07 -2.02153650e-23  1.30849468e-18 -4.27374824e-18
 -4.73613101e-18  3.11902904e-19 -7.24475296e-19  9.99999073e-10],0.6493525253784659,0.26506495744623615,-6.928043897574362e-21,6.244135585122319e-26,-2.2284722281876032e-25,0.5320605975737329,[ 6.14778130e-02 -1.64616271e-04 -1.21506047e-06  5.01141561e-11
 -1.11800329e-10 -2.68586611e-04  3.30114854e-05  3.59239727e-02
  2.63109086e-04  8.22865939e-12 -1.80513990e-11 -5.21624704e-05
  1.09055492e-19 -2.36356074e-17  9.98598916e-07  1.95675073e-23
 -4.91117963e-23  5.10819054e-23  1.29246971e-24  2.11641915e-25
  1.95675278e-23  9.94442241e-07  1.65801184e-27 -7.96874118e-28
  1.48634016e-24  2.39106896e-25 -4.91118237e-23  1.65801124e-27
  9.94442241e-07  2.84414268e-27 -1.41489556e-12  2.31529032e-12
  1.70491363e-14 -4.58921699e-22  1.04582485e-21  3.48748023e-02]
17.73180317878723,base_link,5.976025932636434,-5.27652824456721,6.892404382716516e-23,4.0970610373685657e-22,4.4124261307673706e-23,0.9969885036027742,0.0775494918352207,[ 1.45101162e-03 -4.28384728e-04 -1.72338381e-04 -5.43458569e-04
  1.37105871e-03  4.51162720e-04 -2.68968559e-04  5.88930274e-04
  9.25009775e-04 -8.42319162e-05  2.12488472e-04  6.99880068e-05
 -1.26591721e-20 -1.39336920e-19  9.99188685e-07  6.99712356e-15
 -1.71946816e-14  2.80230877e-24 -1.86347248e-20 -6.08804931e-21
  6.99712358e-15  9.98379995e-07  1.48321669e-19  8.93072889e-24
 -8.04681300e-20 -2.89579389e-20 -1.71946816e-14  1.48353101e-19
  9.98379995e-07 -4.86652276e-23  2.27363064e-18 -4.17667548e-18
 -6.36386359e-18  3.97058546e-19 -1.00145032e-18  9.99999197e-10],0.6269912485513381,0.26503882970189196,-3.695260474597079e-21,-7.510130261148147e-28,5.681868024994809e-27,0.50812895783998,[ 6.14848294e-02 -2.14277650e-04 -1.58176649e-06  4.74325648e-11
 -1.09738668e-10 -2.88702802e-04 -7.50137260e-05  3.59213799e-02
  2.63159940e-04  1.40501115e-11 -3.40911499e-11 -6.09307871e-05
  6.73391193e-20 -1.11672824e-17  9.98784012e-07  1.70725453e-23
 -4.19609124e-23 -1.39434100e-23 -7.88406521e-25 -2.34260134e-25
  1.70725359e-23  9.95171161e-07  1.42354225e-27 -3.22319871e-29
 -9.17653492e-25 -2.84343336e-25 -4.19608856e-23  1.42354219e-27
  9.95171161e-07  2.06621893e-28 -1.40084346e-12  2.30600001e-12
  1.69835960e-14 -4.43951341e-22  1.08615713e-21  3.48731453e-02]
17.79141354560852,base_link,5.9262419362190695,-5.271258334709412,5.267751310399703e-23,4.981723912100188e-22,5.504394494528069e-23,0.9990904909231132,0.04264025031601877,[ 1.39037670e-03 -4.11478681e-04 -1.38718722e-04 -5.30450421e-04
  1.12065517e-03  4.47951106e-04 -2.75754088e-04  5.70791297e-04
  1.22094809e-03 -9.80075490e-05  2.07013491e-04  8.29370531e-05
  3.36166201e-21  4.95514274e-20  9.98671072e-07  1.11164305e-14
 -2.65288730e-14 -3.38596793e-24 -2.06464281e-20 -1.14349448e-20
  1.11164305e-14  9.97349180e-07  2.21902048e-19 -4.90072291e-24
  5.63276910e-20  3.71635706e-20 -2.65288730e-14  2.21876800e-19
  9.97349180e-07  3.17296019e-23  2.82437227e-18 -4.84674114e-18
 -1.00290956e-17  5.83066534e-19 -1.23138281e-18  9.99998677e-10],0.6065094754123078,0.25540915616972765,-3.036633122124166e-21,-3.8156837866616555e-26,-3.3150200972435726e-26,0.5015923766100464,[ 6.13715629e-02 -2.43353308e-04 -1.79598629e-06  6.05648127e-11
 -1.08824827e-10 -2.89201948e-04 -1.23586506e-04  3.59196067e-02
  2.62957913e-04  2.49857476e-11 -5.14370636e-11 -5.83820096e-05
 -1.89735380e-19  2.78097857e-17  9.98009250e-07  2.68666729e-23
 -6.41231181e-23 -1.50040461e-23 -2.06795153e-25 -8.40105310e-26
  2.68666656e-23  9.92130634e-07  2.09742134e-27  7.12331976e-28
  1.56388835e-24  7.43170082e-25 -6.41230863e-23  2.09741971e-27
  9.92130634e-07  6.31945856e-28 -1.40254700e-12  2.31571880e-12
  1.70427756e-14 -5.05092042e-22  1.02985523e-21  3.48730514e-02]
17.829352140426636,base_link,5.912169789704375,-5.262899889185841,-1.118130236275272e-22,-1.2134395550069234e-23,4.143100267660164e-22,0.9987312040955063,0.05035853419173437,[ 1.38977045e-03 -5.15311597e-04 -1.37121399e-04 -6.59928884e-04
  1.20181051e-03  4.15891223e-04 -2.53732848e-04  5.26906560e-04
  7.34483783e-04 -9.92695890e-05  1.80769488e-04  6.26372100e-05
 -1.28907827e-20 -8.61856024e-20  9.99023778e-07  7.90127689e-15
 -1.89040820e-14 -2.47939564e-24 -1.06937910e-20 -3.81164826e-21
  7.90127692e-15  9.98051357e-07  1.53098279e-19  3.23208207e-23
  1.20913953e-19  4.58456583e-20 -1.89040820e-14  1.53001222e-19
  9.98051357e-07  2.43938542e-24  2.41761055e-18 -3.80961676e-18
 -4.96657860e-18  3.10141509e-19 -5.64658303e-19  9.99999031e-10],0.574705694687572,0.24387038442033926,3.008561261268186e-21,2.3933777024308812e-27,-1.9532599472172012e-25,0.4636459331963745,[ 6.13570566e-02 -3.50568444e-04 -2.58651136e-06  6.75385405e-11
 -1.15251321e-10 -2.71829465e-04 -1.30263390e-04  3.58981341e-02
  2.62959777e-04  1.91049804e-11 -3.43643433e-11 -4.32537182e-05
  3.88788123e-19 -3.95191692e-17  9.98537094e-07  1.92591028e-23
 -4.60830940e-23  3.25394300e-23  9.95201674e-25  2.81112161e-25
  1.92591378e-23  9.94199141e-07  1.46671030e-27  4.61451823e-29
 -2.24889729e-24 -6.78546596e-25 -4.60832308e-23  1.46671367e-27
  9.94199141e-07 -4.30861819e-27 -1.39112668e-12  2.29320903e-12
  1.68856243e-14 -8.54218362e-22  1.58809174e-21  3.48713335e-02]
17.87760353088379,base_link,5.87110787745436,-5.257185667646019,1.303945882225494e-21,2.969333477194349e-23,-1.149133449022379e-23,0.9990559717491823,0.043441515999066385,[ 1.55825640e-03 -4.00947921e-04 -6.49274321e-05 -4.79402388e-04
  1.16232356e-03  4.99440428e-04 -1.82500798e-04  6.61189049e-04
  1.50497026e-03 -4.50390051e-05  1.09213382e-04  4.70122002e-05
  5.77041195e-21  8.75620309e-20  9.98842664e-07  8.96277713e-15
 -2.14675017e-14  3.43775013e-23  3.81164826e-21  1.45583788e-21
  8.96277717e-15  9.97690671e-07  1.66267912e-19  7.04326407e-24
  9.74087889e-21  3.12343399e-21 -2.14675018e-14  1.66233398e-19
  9.97690671e-07  1.89806109e-23  2.30284766e-18 -4.45051981e-18
 -9.45673902e-18 -7.01476372e-20  1.70052789e-19  9.99998850e-10],0.5633594178693625,0.23466979730210794,-9.359369607761027e-21,5.937228364924261e-28,2.1868317012471775e-26,0.4371133285420413,[ 6.15347491e-02 -2.63613416e-04 -1.94735029e-06  3.41567785e-11
 -9.83664308e-11 -3.25339036e-04 -8.27646581e-05  3.59771550e-02
  2.63474217e-04  9.62418312e-12 -2.42384254e-11 -3.81426082e-05
  6.98802181e-20 -9.43255890e-18  9.98266001e-07  2.18773555e-23
 -5.24030812e-23 -3.21649798e-23  8.72417052e-25  2.45569244e-25
  2.18773294e-23  9.93135295e-07  1.59836888e-27 -1.17244361e-28
 -1.34416850e-24 -3.39273298e-25 -5.24030518e-23  1.59837131e-27
  9.93135295e-07 -4.02379200e-27 -1.38136406e-12  2.27791050e-12
  1.67691295e-14 -3.25042979e-22  7.72663936e-22  3.48740626e-02]
17.91993546485901,base_link,5.843278099195867,-5.254651021567095,6.689715718931216e-23,1.1979871429866396e-22,3.117650272252059e-23,0.9986799609822202,0.05136473043393705,[ 1.34215268e-03 -3.94414101e-04 -1.33335168e-04 -4.73972024e-04
  1.19786888e-03  4.36648310e-04 -1.81168386e-04  5.44081520e-04
  6.86076239e-04 -4.36979687e-05  1.10479010e-04  4.03311819e-05
  7.14684049e-22 -1.75229941e-20  9.98835991e-07  8.76737605e-15
 -2.10650538e-14  3.24323371e-24  2.15464006e-20  7.30565917e-21
  8.76737606e-15  9.97677385e-07  1.58693221e-19  1.08602941e-23
 -7.30565917e-20 -1.64642029e-20 -2.10650538e-14  1.58697517e-19
  9.97677385e-07 -3.14347320e-23  2.03698970e-18 -3.84959049e-18
 -4.67390592e-18 -4.24051120e-21  1.04414383e-20  9.99998843e-10],0.5446764156178144,0.2278502231385368,-5.388913701720897e-21,1.8581088883362155e-26,1.9322771697150904e-26,0.39980148651503455,[ 6.12459699e-02 -2.73598358e-04 -2.02118502e-06  3.74125784e-11
 -1.37936952e-10 -2.85212277e-04 -9.60072502e-05  3.59207690e-02
  2.63066119e-04  1.03535559e-11 -2.82082942e-11 -3.25342655e-05
 -4.23516474e-20  5.58364119e-18  9.98256014e-07  2.13690884e-23
 -5.13457373e-23 -1.07171708e-23 -6.97933642e-25 -1.92254869e-25
  2.13690922e-23  9.93096139e-07  1.52150088e-27  1.58688105e-27
 -1.49926486e-24 -3.06961555e-25 -5.13456923e-23  1.52149723e-27
  9.93096139e-07  1.50370739e-27 -1.37163163e-12  2.26523314e-12
  1.66758844e-14 -4.73575999e-22  1.08492544e-21  3.48741110e-02]
17.99225878715515,base_link,5.821235993945132,-5.248070159862573,7.562593633697311e-23,5.117553246307286e-22,2.1611598165390544e-22,0.9986771039466739,0.05142024944206671,[ 1.29449920e-03 -5.33592236e-04 -9.18978904e-05 -7.61230240e-04
  1.39441892e-03  5.15441211e-04 -2.34011204e-04  5.95708651e-04
  7.33744437e-04 -1.29654108e-04  2.37486892e-04  8.79057363e-05
 -5.29395592e-23 -4.23516474e-22  9.98843265e-07  8.20814866e-15
 -1.92630435e-14  2.41661555e-24 -8.57620859e-20 -3.11814004e-20
  8.20814868e-15  9.97691861e-07  1.36736747e-19  1.71084039e-23
  9.27501077e-20  3.52577464e-20 -1.92630435e-14  1.36742137e-19
  9.97691861e-07 -3.49938231e-23  2.37703630e-18 -4.17716029e-18
 -4.76396419e-18  3.11859676e-19 -5.71162597e-19  9.99998850e-10],0.4886043497455442,0.2135536983205503,-2.6612174797850437e-21,1.3348568329698208e-25,5.673218263233883e-26,0.35629647690527017,[ 6.12162638e-02 -3.89307039e-04 -2.87047376e-06  9.78070437e-11
 -1.71669516e-10 -3.36337696e-04 -1.41156605e-04  3.59282941e-02
  2.63159740e-04  2.82941912e-11 -5.14869984e-11 -5.59466149e-05
  2.00323292e-19 -1.83772268e-17  9.98266899e-07  1.98645717e-23
 -4.66231896e-23 -1.58865858e-24  1.58973774e-24  4.62057920e-25
  1.98645985e-23  9.93138644e-07  1.29442824e-27  2.73275390e-27
  7.75481824e-26  2.58493941e-26 -4.66231731e-23  1.29442319e-27
  9.93138644e-07  1.15107386e-27 -1.34589486e-12  2.22427458e-12
  1.63739249e-14 -4.71946287e-22  8.55185481e-22  3.48707428e-02]
18.00662899017334,base_link,5.809579391628304,-5.256109996145783,-3.3961406135895466e-23,1.218518437588162e-21,1.0133026576977757e-21,0.9991268844425802,0.04177880783438922,[ 1.31952709e-03 -5.77011082e-04 -1.03765440e-04 -7.77027758e-04
  1.30371631e-03  4.35266862e-04 -2.72845209e-04  5.38560116e-04
  8.83457586e-04 -1.80056270e-04  3.02051822e-04  1.01023744e-04
  1.11834819e-20  8.26915915e-20  9.98842879e-07  8.08489932e-15
 -1.86173344e-14  8.68898744e-26 -4.73279659e-20 -2.89049993e-20
  8.08489924e-15  9.97691093e-07  1.29910924e-19 -5.71383719e-23
  5.61159328e-20  4.05517023e-20 -1.86173343e-14  1.29969648e-19
  9.97691093e-07  6.28674481e-23  2.44237142e-18 -3.61042833e-18
 -5.40456898e-18  6.21095561e-19 -1.04165013e-18  9.99998849e-10],0.4861230578648393,0.21787167017677844,-6.4170666996576396e-21,-1.0302107788943665e-25,2.3646390869047756e-25,0.35939390075275235,[ 6.12585335e-02 -4.16115159e-04 -3.06688745e-06  8.27000670e-11
 -1.18486917e-10 -2.82675299e-04 -1.64247816e-04  3.58934253e-02
  2.62913296e-04  3.75903812e-11 -6.24362386e-11 -5.81997948e-05
 -1.17737580e-19  1.00830802e-17  9.98266322e-07  1.95598896e-23
 -4.50455366e-23  2.88097556e-23  1.89993047e-24  8.65954704e-25
  1.95599507e-23  9.93136377e-07  1.23113460e-27  1.63388503e-27
 -2.11965032e-24 -1.12444865e-24 -4.50456560e-23  1.23113548e-27
  9.93136377e-07 -3.67054944e-27 -1.33769463e-12  2.20971765e-12
  1.62664301e-14 -5.43886728e-22  8.81549030e-22  3.48693303e-02]
18.092325687408447,base_link,5.788557292023291,-5.279068064106424,4.283106839877751e-23,-3.61202331257628e-22,1.4284968175937552e-24,0.9990710598045628,0.04309312544928278,[ 1.24653488e-03 -5.03152500e-04 -1.65216181e-04 -6.26079170e-04
  1.21146551e-03  4.15738233e-04 -2.51035418e-04  5.06630397e-04
  7.09641259e-04 -1.00947468e-04  1.95344642e-04  6.71536624e-05
  3.63297725e-21  1.03761536e-19  9.98796886e-07  8.80510897e-15
 -1.71177794e-14  3.52732203e-24 -7.27389543e-20 -3.79576639e-20
  8.80510898e-15  9.97599539e-07  1.25269647e-19 -3.15925272e-24
  1.35948788e-19  6.64920864e-20 -1.71177794e-14  1.25159525e-19
  9.97599539e-07  7.94694943e-23  2.30298580e-18 -3.19877212e-18
 -4.09267868e-18  1.25571034e-19 -2.43060345e-19  9.99998804e-10],0.4230643854674612,0.22182261084099894,-1.207570031201616e-21,-1.1805924859303106e-26,2.9626638028791794e-26,0.31227426339307196,[ 6.11329787e-02 -3.63761093e-04 -2.68503312e-06  5.71757300e-11
 -1.17149531e-10 -2.71837514e-04 -1.55891525e-04  3.58883888e-02
  2.62861364e-04  2.17233698e-11 -4.23017597e-11 -4.21031995e-05
 -3.64647684e-19  3.57244616e-17  9.98197494e-07  2.13074128e-23
 -4.14261088e-23  2.56153012e-23  4.22637594e-24  1.60589361e-24
  2.13074434e-23  9.92866811e-07  1.18629668e-27 -7.66124816e-28
 -2.11965032e-24 -7.62557127e-25 -4.14261597e-23  1.18629625e-27
  9.92866811e-07  1.89832645e-27 -1.30423900e-12  2.14682178e-12
  1.58021761e-14  2.00443950e-23 -3.60524762e-23  3.48735687e-02]
18.133645057678223,base_link,5.786703201596615,-5.282275072770734,-2.225262537520157e-22,-4.1261997560950837e-22,-3.228614253605002e-23,0.9990326847947576,0.04397379573994606,[ 1.47315115e-03 -5.70847471e-04 -1.33752275e-04 -7.00947719e-04
  1.22870098e-03  3.90881263e-04 -2.54203034e-04  5.18164285e-04
  8.03056242e-04 -1.08743025e-04  1.90606185e-04  6.06902355e-05
  1.43929427e-22  7.67623608e-21  9.99377102e-07  4.47724389e-15
 -8.40054058e-15 -5.57513469e-24 -5.74394217e-20 -2.00376232e-20
  4.47724388e-15  9.98755752e-07  6.03716058e-20 -3.08402234e-24
  1.91111809e-19  7.18919214e-20 -8.40054053e-15  6.03359844e-20
  9.98755752e-07  2.52941575e-23  2.16200437e-18 -2.32909294e-18
 -2.94907342e-18 -1.95043883e-19  3.41905730e-19  9.99999386e-10],0.38812619632687145,0.21775889363628984,-2.9320541866567715e-21,6.567650490563042e-26,-7.903245130542344e-26,0.29144471998893434,[ 6.14350619e-02 -4.03620070e-04 -2.98191663e-06  5.24588312e-11
 -8.64595375e-11 -2.55136712e-04 -1.43793644e-04  3.58882546e-02
  2.63107324e-04  1.40180807e-11 -2.44972854e-11 -3.76562720e-05
 -1.51618898e-19  1.33898968e-17  9.99066233e-07  1.09205686e-23
 -2.04927250e-23 -5.43691771e-24 -1.49280251e-24 -3.95818848e-25
  1.09205924e-23  9.96285656e-07  5.78984032e-28  1.17503734e-27
 -5.45422216e-24 -1.55096365e-24 -2.04927520e-23  5.78983619e-28
  9.96285656e-07 -1.40084845e-27 -1.28284087e-12  2.09522937e-12
  1.54351906e-14 -1.64704208e-22  2.89828258e-22  3.48732533e-02]
18.181577920913696,base_link,5.78814369653105,-5.277980020802672,-1.078757410426932e-22,-3.5221948213283104e-23,-4.936591152835832e-22,0.9990828702329348,0.04281843536516349,[ 1.49275763e-03 -5.92998878e-04 -1.69131976e-04 -7.27318402e-04
  1.31246577e-03  4.57063040e-04 -2.87432957e-04  5.67796558e-04
  8.65829690e-04 -1.05784256e-04  1.90893530e-04  6.65351857e-05
 -1.54889570e-22 -5.60629932e-20  9.99393764e-07  4.24269762e-15
 -7.35640952e-15 -1.39035842e-24 -8.88325803e-20 -3.10755213e-20
  4.24269759e-15  9.98788994e-07  5.14049897e-20 -2.73306324e-23
  1.93335270e-19  6.62803281e-20 -7.35640952e-15  5.14822335e-20
  9.98788994e-07  7.14198030e-25  2.00368694e-18 -2.17800268e-18
 -2.71234983e-18 -2.23731504e-19  4.03729342e-19  9.99999403e-10],0.3481778430933948,0.20745965254319684,-2.7749840750210824e-24,7.417140149926507e-26,1.1657374228485823e-25,0.2713568302323289,[ 6.14550882e-02 -4.20074677e-04 -3.10588130e-06  5.15384334e-11
 -9.44985193e-11 -2.96806379e-04 -1.70975691e-04  3.59084606e-02
  2.63276440e-04  1.37842198e-11 -2.48866483e-11 -4.22018833e-05
 -2.62156697e-19  2.22261445e-17  9.99091195e-07  1.03963624e-23
 -1.80278221e-23  1.07126932e-23  7.10858339e-26  2.26182199e-26
  1.03963947e-23  9.96384437e-07  4.97680813e-28  1.18138581e-27
 -6.00998414e-24 -1.58327539e-24 -1.80277978e-23  4.97678719e-28
  9.96384437e-07  1.86701703e-27 -1.27040723e-12  2.05832400e-12
  1.51636036e-14  1.42846760e-22 -2.55937729e-22  3.48739993e-02]
18.23628306388855,base_link,5.7919244420244675,-5.2862139742572,-4.48260790953156e-23,-4.305195886941486e-22,-8.759566228789649e-23,0.9990029148660238,0.04464500071887125,[ 1.28354520e-03 -5.15607650e-04 -1.36576223e-04 -6.61137963e-04
  1.20743072e-03  4.29712313e-04 -2.54434535e-04  5.02565483e-04
  7.41587217e-04 -9.69719160e-05  1.77113181e-04  6.30924603e-05
 -4.53294976e-21 -4.21928287e-20  9.99158822e-07  5.67345576e-15
 -8.90552128e-15 -3.76642690e-24 -7.82446685e-20 -2.43521972e-20
  5.67345574e-15  9.98320466e-07  6.00376105e-20 -9.71360933e-24
  1.09055492e-19  3.14460982e-20 -8.90552122e-15  6.00056735e-20
  9.98320466e-07  3.85352389e-23  1.92499658e-18 -2.21321085e-18
 -2.71768625e-18 -2.16596632e-19  3.95566213e-19  9.99999167e-10],0.30377804045656764,0.20503504377234377,-2.2379507943095676e-21,-1.2765519680200247e-26,-1.7397442033868726e-26,0.24676691966216988,[ 6.11697669e-02 -3.72060342e-04 -2.74713724e-06  6.84155307e-11
 -1.32838408e-10 -2.81294557e-04 -1.55850081e-04  3.58769000e-02
  2.62977971e-04  1.69719723e-11 -3.11515980e-11 -4.04675178e-05
 -7.62329653e-20  7.31836466e-18  9.98739292e-07  1.38417875e-23
 -2.17284903e-23 -3.14806619e-24  2.35229487e-24  5.81611368e-25
  1.38417779e-23  9.94994904e-07  5.76505875e-28 -3.40713722e-28
 -5.73856550e-24 -1.34416850e-24 -2.17284930e-23  5.76506589e-28
  9.94994904e-07 -4.45134634e-28 -1.25959277e-12  2.00588417e-12
  1.47714247e-14  4.02620810e-23 -9.51467024e-23  3.48710296e-02]
18.283539056777954,base_link,5.795600364154606,-5.288663723578272,-2.132915465372433e-23,7.066304843172725e-23,1.544722216851049e-24,0.9989708961529685,0.045355800503739496,[ 1.36763421e-03 -5.63152909e-04 -1.49083576e-04 -6.98647088e-04
  1.46386466e-03  4.75898135e-04 -2.48660393e-04  5.71634928e-04
  7.05322264e-04 -8.02312555e-05  1.68127117e-04  5.46970637e-05
 -1.43929427e-21 -2.82167851e-20  9.99306234e-07  4.59355261e-15
 -6.55982584e-15 -1.08357261e-25 -1.60936260e-20 -4.10281584e-21
  4.59355261e-15  9.98614390e-07  4.34351920e-20  4.10092989e-25
 -2.83756037e-20 -6.29980755e-21 -6.55982584e-15  4.34422394e-20
  9.98614390e-07 -5.66785358e-24  1.68720795e-18 -1.85389855e-18
 -1.87871196e-18 -3.56663904e-19  7.47383779e-19  9.99999315e-10],0.26941071357825697,0.19978549199133017,-2.308623360502321e-21,-3.6195606320207976e-26,-3.1276200724445645e-26,0.22810624374802566,[ 6.12787389e-02 -4.04327409e-04 -2.98814078e-06  5.52036944e-11
 -1.31249467e-10 -3.10274849e-04 -1.47370156e-04  3.59058082e-02
  2.63265961e-04  1.17529548e-11 -2.51978288e-11 -3.87101509e-05
  2.43098456e-19 -2.14129929e-17  9.98960072e-07  1.12564712e-23
 -1.60756508e-23  1.74950416e-25  3.29579775e-25  7.10858339e-26
  1.12564555e-23  9.95866013e-07  4.19976506e-28 -8.40840970e-28
  2.84343336e-25  5.49299626e-26 -1.60756644e-23  4.19977894e-28
  9.95866013e-07 -7.24427719e-28 -1.24694149e-12  1.95379563e-12
  1.43905327e-14  2.03685178e-22 -4.44414144e-22  3.48714108e-02]
18.332461833953857,base_link,5.79977455146243,-5.286833316137636,-2.496455595445655e-23,-2.3425063045563867e-22,3.6972793505206086e-23,0.9989432456919077,0.04596076464242935,[ 1.32744790e-03 -4.40574030e-04 -1.34536667e-04 -5.35330063e-04
  1.23304090e-03  3.90558289e-04 -2.09430113e-04  5.25941459e-04
  7.24784347e-04 -6.94091712e-05  1.59888902e-04  5.06871584e-05
 -1.44343017e-22 -6.05628557e-20  9.99252152e-07  4.78625947e-15
 -6.14735471e-15  1.07279745e-25 -1.74700545e-20 -5.63806306e-21
  4.78625948e-15  9.98506535e-07  3.93498744e-20  2.02114438e-24
  9.77264263e-20  2.73697521e-20 -6.14735468e-15  3.93185603e-20
  9.98506535e-07  1.82302660e-23  1.75623568e-18 -1.69802065e-18
 -1.86896090e-18 -3.50178307e-19  8.06659138e-19  9.99999261e-10],0.23764951158294806,0.19148255577846449,-4.778740740336322e-21,1.9418941504825293e-26,-2.4401244241255245e-26,0.2103646275372824,[ 6.12118146e-02 -3.08141229e-04 -2.27520072e-06  3.95746543e-11
 -1.03643635e-10 -2.55952887e-04 -1.16367824e-04  3.58856767e-02
  2.63122404e-04  1.00504461e-11 -2.36824908e-11 -3.43556544e-05
  3.13402190e-20 -3.63207728e-18  9.98879065e-07  1.16344737e-23
 -1.49441809e-23 -1.88950047e-23 -1.35709319e-25 -3.55429169e-26
  1.16344671e-23  9.95546075e-07  3.75085743e-28  4.37340209e-28
 -2.64956290e-24 -6.07460762e-25 -1.49441579e-23  3.75085507e-28
  9.95546075e-07 -5.43574596e-28 -1.22799926e-12  1.88781976e-12
  1.39024360e-14 -8.08209604e-23  1.61891962e-22  3.48683649e-02]
18.39134931564331,base_link,5.8006649820641005,-5.289850569358862,-9.538424239337602e-23,-1.7086623771928692e-22,-6.917519748421826e-23,0.9989275120886504,0.04630146425739884,[ 1.32050742e-03 -4.78205646e-04 -1.51668220e-04 -5.85941740e-04
  1.13159148e-03  3.66891917e-04 -2.29314352e-04  4.76744955e-04
  6.47424832e-04 -8.61957646e-05  1.66477349e-04  5.40500652e-05
 -2.74789399e-21 -8.62385419e-20  9.98997154e-07  6.18034165e-15
 -7.14528422e-15 -5.08884910e-24 -7.35859873e-21 -2.99108509e-21
  6.18034163e-15  9.97998318e-07  4.40041160e-20 -1.00867581e-23
  4.36221968e-20  1.64112634e-20 -7.14528418e-15  4.40002121e-20
  9.97998318e-07  2.19335003e-23  1.78957775e-18 -1.62563011e-18
 -1.73323263e-18 -3.36100884e-19  6.49135288e-19  9.99999005e-10],0.20754016858904362,0.18573169747234922,-1.5617814472176825e-21,-3.2039174500669796e-27,4.508740527134571e-27,0.1911986299451038,[ 6.11999385e-02 -3.32208583e-04 -2.45237101e-06  5.35813461e-11
 -1.11464388e-10 -2.39759543e-04 -1.26717146e-04  3.58555615e-02
  2.62823832e-04  1.68107745e-11 -3.27438851e-11 -3.53460191e-05
  2.51568785e-19 -2.69966341e-17  9.98497236e-07  1.50258730e-23
 -1.73725269e-23  1.70821266e-23 -2.97268033e-25 -9.37040538e-26
  1.50258922e-23  9.94042469e-07  4.20215862e-28 -1.47219427e-28
 -2.24889729e-24 -6.59159551e-25 -1.73725640e-23  4.20215948e-28
  9.94042469e-07  1.92588143e-28 -1.20682333e-12  1.81272098e-12
  1.33432599e-14  2.05245962e-22 -4.07773173e-22  3.48668056e-02]
18.428382396697998,base_link,5.799415647237833,-5.28835548671832,-1.5657446765654483e-22,-2.809176675418309e-23,-3.81183011712157e-23,0.9990018592895789,0.04466861466359293,[ 1.32446887e-03 -4.99982962e-04 -1.09851226e-04 -6.31770515e-04
  1.16438812e-03  3.80507904e-04 -2.11953045e-04  5.00690679e-04
  6.27527672e-04 -8.33810529e-05  1.53655812e-04  5.02741653e-05
 -6.94831715e-22 -4.71162077e-21  9.99096929e-07  5.49729603e-15
 -5.90450641e-15 -2.26374216e-24 -5.09278560e-20 -1.52730628e-20
  5.49729602e-15  9.98197111e-07  3.59284159e-20 -4.72503308e-24
  1.18161096e-19  4.11869771e-20 -5.90450640e-15  3.59375026e-20
  9.98197111e-07  3.22346124e-24  1.68530248e-18 -1.56672594e-18
 -1.44146155e-18 -4.39347053e-19  8.09619342e-19  9.99999105e-10],0.19297389135669507,0.17996834597071962,-3.231610329596637e-21,3.10116867935195e-26,2.5702763487340368e-26,0.18216885468696806,[ 6.12038730e-02 -3.50694871e-04 -2.58848316e-06  6.14264450e-11
 -9.87106537e-11 -2.49259761e-04 -1.13453018e-04  3.58633697e-02
  2.62940874e-04  1.49277128e-11 -2.68895653e-11 -3.43299902e-05
  2.14299336e-19 -2.17382536e-17  9.98646614e-07  1.33974907e-23
 -1.43904448e-23 -4.59240898e-24 -5.55761974e-25 -1.32478145e-25
  1.33975051e-23  9.94629919e-07  3.44372313e-28  1.08249905e-27
 -3.39919533e-24 -9.24115841e-25 -1.43904178e-23  3.44370020e-28
  9.94629919e-07  9.16797998e-28 -1.18916120e-12  1.75998192e-12
  1.29562478e-14  1.72100404e-22 -3.15426815e-22  3.48651246e-02]
18.49379062652588,base_link,5.795104861777631,-5.282171369362287,-5.715016249056743e-23,-5.095568433779261e-23,-1.1604429462291328e-22,0.9990299248738332,0.04403645315625542,[ 1.35655964e-03 -4.97241761e-04 -1.52438830e-04 -6.20216161e-04
  1.20210660e-03  3.94468672e-04 -2.34730835e-04  5.05013473e-04
  6.48702091e-04 -9.07423690e-05  1.75881805e-04  5.77801019e-05
 -1.18783136e-21 -6.82920314e-20  9.99139575e-07  4.85691296e-15
 -5.01373400e-15 -1.69567351e-24 -2.81638455e-20 -1.01114558e-20
  4.85691294e-15  9.98282102e-07  2.82424379e-20 -1.94377351e-23
  4.29869221e-20  1.50348348e-20 -5.01373399e-15  2.82898492e-20
  9.98282102e-07  7.46432138e-24  1.65125826e-18 -1.38977356e-18
 -1.34884551e-18 -3.79301840e-19  7.35184995e-19  9.99999148e-10],0.17240234107266003,0.16792668333037836,-4.820742814284331e-22,2.7017457736344993e-26,-2.7343685048163135e-26,0.1649236232201661,[ 6.12410989e-02 -3.44731845e-04 -2.54706812e-06  5.51396886e-11
 -1.09537808e-10 -2.57235298e-04 -1.29916472e-04  3.58652920e-02
  2.62986953e-04  1.54810317e-11 -3.00897255e-11 -3.76391032e-05
  2.06676039e-19 -2.14129929e-17  9.98710470e-07  1.18066636e-23
 -1.21884126e-23  1.02027656e-23  4.78213792e-25  1.35709319e-25
  1.18066998e-23  9.94881319e-07  2.69908744e-28  1.27660671e-27
  3.10192730e-25  9.04728795e-26 -1.21884590e-23  2.69907929e-28
  9.94881319e-07 -1.29379199e-27 -1.16248275e-12  1.67326916e-12
  1.23172436e-14  9.41765304e-23 -1.87944446e-22  3.48663031e-02]
18.533052921295166,base_link,5.79350614452475,-5.285117854207899,-1.0240424998880974e-22,-4.831591353404744e-22,-1.3324947343499694e-22,0.9989794080937943,0.04516793336618834,[ 1.41318051e-03 -6.18090871e-04 -1.47859149e-04 -8.09127006e-04
  1.35671851e-03  4.29487296e-04 -2.68583985e-04  5.27900027e-04
  6.62560964e-04 -1.48976458e-04  2.49768185e-04  7.91661785e-05
 -6.72663274e-21 -1.13661234e-19  9.99142029e-07  4.74222126e-15
 -4.66058924e-15 -5.14729121e-24 -4.43633506e-20 -1.86347248e-20
  4.74222123e-15  9.98286994e-07  2.56622151e-20 -3.11131635e-23
 -6.75508775e-20 -3.23990102e-20 -4.66058915e-15  2.55815395e-20
  9.98286994e-07  9.50534822e-23  1.69227345e-18 -1.43865089e-18
 -1.21836023e-18 -4.73488429e-19  7.93829621e-19  9.99999150e-10],0.15969913065038305,0.1654657866946625,-1.5819865211591646e-21,4.656429343317674e-26,-4.2325954514222267e-26,0.1536978440502013,[ 6.13306737e-02 -4.37823357e-04 -3.23345887e-06  7.93033874e-11
 -1.19224981e-10 -2.79211116e-04 -1.53776025e-04  3.58670205e-02
  2.63019294e-04  2.52498473e-11 -4.21442368e-11 -4.73833232e-05
  2.51992302e-19 -2.05456312e-17  9.98714145e-07  1.15737601e-23
 -1.13748821e-23  5.77043075e-24  2.04210214e-24  6.55928376e-25
  1.15738105e-23  9.94895836e-07  2.47408224e-28  2.71191334e-27
 -2.92098154e-24 -1.04043811e-24 -1.13749336e-23  2.47406409e-28
  9.94895836e-07 -2.44283152e-27 -1.14435257e-12  1.62045551e-12
  1.19277090e-14  3.36324008e-22 -5.73603589e-22  3.48650431e-02]
18.5929536819458,base_link,5.801419724942258,-5.291994640599106,-3.8662802466470656e-24,2.5696240342136333e-23,1.4508171220147246e-22,0.9989194517410337,0.04647503559323829,[ 1.44251124e-03 -5.29439660e-04 -1.47819760e-04 -6.67260561e-04
  1.39824422e-03  4.50947122e-04 -2.35653131e-04  5.71987004e-04
  6.85374612e-04 -8.83475207e-05  1.85143444e-04  5.97574500e-05
  5.95900913e-21 -2.11387660e-19  9.99336046e-07  3.62752931e-15
 -3.09156569e-15 -1.76490244e-25  4.41515924e-20  1.28113733e-20
  3.62752932e-15  9.98673851e-07  1.69361383e-20  1.46077075e-23
 -2.30816478e-20 -6.29980755e-21 -3.09156569e-15  1.68936798e-20
  9.98673851e-07 -1.88195427e-24  1.48390923e-18 -1.15383608e-18
 -9.54979788e-19 -4.54866188e-19  9.53242893e-19  9.99999345e-10],0.13066505296487513,0.1628151118481494,6.171052785437454e-22,-1.9619144159251762e-26,-2.7413712079787476e-26,0.13829404640892456,[ 6.13491961e-02 -3.66316410e-04 -2.70718118e-06  5.35044261e-11
 -1.18904483e-10 -2.93339800e-04 -1.27713662e-04  3.58897001e-02
  2.63289821e-04  1.26295987e-11 -2.66226750e-11 -4.03520020e-05
  1.43995601e-19 -1.40404181e-17  9.99004729e-07  8.85681246e-24
 -7.54855020e-24  2.80181605e-23 -3.72877511e-24 -8.80494988e-25
  8.85682164e-24  9.96042458e-07  1.62255517e-28 -5.64650452e-28
  8.14255915e-24  1.82884464e-24 -7.54860450e-24  1.62256493e-28
  9.96042458e-07 -7.89076463e-28 -1.11308515e-12  1.53865462e-12
  1.13275531e-14  7.72175862e-23 -1.58143545e-22  3.48639608e-02]
18.63124656677246,base_link,5.8000216183414395,-5.2918439847092715,2.7257886366347456e-22,2.361309355827373e-22,1.6040725539906189e-22,0.9989612208531222,0.045568401679667594,[ 1.37298704e-03 -5.60910958e-04 -1.44068020e-04 -7.09227889e-04
  1.27341152e-03  4.36933589e-04 -2.42259552e-04  5.56687490e-04
  6.38735249e-04 -9.88741751e-05  1.77514841e-04  6.09832139e-05
  1.14283273e-20  1.08684915e-19  9.99107311e-07  4.76338121e-15
 -3.70110613e-15  7.30388099e-24 -3.28225267e-20 -1.15143541e-20
  4.76338124e-15  9.98217800e-07  1.98257358e-20  2.63430187e-23
  1.48654282e-19  5.72806031e-20 -3.70110618e-15  1.98047296e-20
  9.98217800e-07 -3.43248423e-23  1.51356358e-18 -1.15302817e-18
 -8.69261592e-19 -5.28331395e-19  9.48517516e-19  9.99999116e-10],0.12170827039470998,0.15845969397940496,1.1921729104547802e-21,-2.611234943916529e-26,2.718716433383203e-26,0.13115191261893835,[ 6.12611920e-02 -3.93823953e-04 -2.90893315e-06  6.11403785e-11
 -1.00794601e-10 -2.84326067e-04 -1.35377515e-04  3.58781815e-02
  2.63130696e-04  1.66888939e-11 -2.95678405e-11 -4.06608571e-05
 -3.76929662e-19  3.41523684e-17  9.98662159e-07  1.16179629e-23
 -9.02726998e-24  2.13224922e-23  8.65954704e-25  2.35875722e-25
  1.16179698e-23  9.94691115e-07  1.89472740e-28 -1.17241536e-27
  2.59786411e-24  7.62557127e-25 -9.02729803e-24  1.89473474e-28
  9.94691115e-07  1.19233015e-27 -1.09784285e-12  1.48840142e-12
  1.09529761e-14  2.90022915e-22 -5.15152610e-22  3.48626249e-02]
18.6881365776062,base_link,5.7986461349691725,-5.2866849612531235,8.569100756749049e-23,-1.603394246029443e-22,3.160683345695058e-23,0.9990101987776668,0.04448171240191431,[ 1.24561508e-03 -4.98947331e-04 -1.48568476e-04 -6.28797990e-04
  1.12952256e-03  3.89950414e-04 -2.35404429e-04  4.77793796e-04
  6.34149976e-04 -9.91407189e-05  1.78114869e-04  6.15801255e-05
 -4.69838588e-21 -9.55029648e-20  9.98876494e-07  5.62462403e-15
 -4.13974648e-15  3.06667517e-24 -3.54695047e-20 -1.55112908e-20
  5.62462404e-15  9.97758016e-07  2.07368490e-20  4.09934394e-24
  1.43995601e-19  5.46865647e-20 -4.13974645e-15  2.06815726e-20
  9.97758016e-07  2.70058837e-23  1.50208953e-18 -1.06767444e-18
 -9.37796210e-19 -4.74523978e-19  8.52563462e-19  9.99998884e-10],0.10936689407298288,0.1487681614684039,-8.302576055947096e-22,3.136485765831547e-26,-5.089373843860979e-26,0.12107412661665046,[ 6.10860967e-02 -3.48472269e-04 -2.57315562e-06  6.35063056e-11
 -1.29558622e-10 -2.54519930e-04 -1.34200091e-04  3.58430892e-02
  2.62795142e-04  2.08184996e-11 -3.79730673e-11 -3.94212739e-05
  1.97358677e-19 -2.01661604e-17  9.98316628e-07  1.35769081e-23
 -9.99296900e-24  5.99654510e-24 -9.04728795e-26 -2.90805684e-26
  1.35769418e-23  9.93333506e-07  1.95335865e-28  1.50993793e-27
 -5.14402943e-24 -1.51865191e-24 -9.99302469e-24  1.95335731e-28
  9.93333506e-07 -2.46758260e-27 -1.07306464e-12  1.41337549e-12
  1.03957357e-14  6.02604876e-24 -5.06068734e-23  3.48626157e-02]
18.73119306564331,base_link,5.796723324244198,-5.288055249790055,-1.0699797838573213e-22,-1.938199055962343e-22,-2.38807721462808e-23,0.9989727553532827,0.04531483269163016,[ 1.37330063e-03 -5.54407365e-04 -1.38208714e-04 -6.93129415e-04
  1.22796744e-03  3.96841449e-04 -2.33591514e-04  5.08067129e-04
  6.22447586e-04 -9.90412667e-05  1.75449322e-04  5.67772580e-05
 -2.70653496e-21 -3.29284058e-20  9.99076812e-07  4.46998178e-15
 -3.21455033e-15 -5.73716710e-24 -5.59041745e-20 -2.05140792e-20
  4.46998177e-15  9.98157023e-07  1.55462416e-20 -5.93138349e-24
  4.21398891e-20  1.69935985e-20 -3.21455028e-15  1.55034002e-20
  9.98157023e-07  3.50851729e-23  1.37491601e-18 -9.81261381e-19
 -7.36221742e-19 -4.85104502e-19  8.59329008e-19  9.99999085e-10],0.10144161630712178,0.14539386321552678,-2.753558527466567e-21,3.318388301519313e-26,-1.3040796329127757e-25,0.11209684562955018,[ 6.12569638e-02 -3.85794090e-04 -2.85032967e-06  6.43020260e-11
 -1.04705482e-10 -2.58651845e-04 -1.26101775e-04  3.58547121e-02
  2.62975456e-04  1.80760416e-11 -3.17280910e-11 -3.71574767e-05
 -1.10114283e-20  1.02999206e-18  9.98616493e-07  1.09240754e-23
 -7.85613116e-24 -2.16676945e-23  3.36042124e-24  9.46734060e-25
  1.09240762e-23  9.94511420e-07  1.49867874e-28  1.75628451e-27
 -6.48819793e-24 -1.98394100e-24 -7.85619378e-24  1.49871032e-28
  9.94511420e-07 -6.92176093e-27 -1.04904064e-12  1.35700912e-12
  9.98305035e-15  4.81230066e-22 -8.85842983e-22  3.48626000e-02]
18.78795289993286,base_link,5.794855471586142,-5.282651186070511,-2.404130464034865e-22,-4.953139924522035e-22,-1.3133771281792033e-22,0.9990684158356098,0.04315437961232894,[ 1.29009272e-03 -5.31149099e-04 -1.64230471e-04 -6.53107226e-04
  1.15980608e-03  4.00599237e-04 -2.41682881e-04  5.07979059e-04
  6.45313654e-04 -1.04542197e-04  1.85660499e-04  6.42345301e-05
  5.19469425e-22 -3.46224717e-20  9.98884316e-07  5.16153733e-15
 -3.46240505e-15 -7.06906437e-24 -5.11396142e-20 -2.89049993e-20
  5.16153729e-15  9.97773593e-07  1.59462044e-20 -2.49916078e-23
 -1.74700545e-20 -9.21148330e-21 -3.46240494e-15  1.58964681e-20
  9.97773593e-07  7.49849349e-23  1.36795498e-18 -9.50983248e-19
 -7.42339344e-19 -4.86857861e-19  8.64651303e-19  9.99998892e-10],0.0921106649310293,0.13604706320927934,5.394595608792066e-23,6.059376139011649e-26,-2.36776536219801e-25,0.1048938622582144,[ 6.11454482e-02 -3.72389564e-04 -2.74959420e-06  5.07256338e-11
 -9.70771349e-11 -2.61122397e-04 -1.38112111e-04  3.58528197e-02
  2.62907828e-04  2.04982027e-11 -3.67036134e-11 -4.06084070e-05
 -4.70103286e-20  4.44522891e-18  9.98328336e-07  1.25226520e-23
 -8.40046351e-24  6.39374604e-24 -3.87740912e-25 -1.51865191e-25
  1.25227060e-23  9.93379504e-07  1.52340814e-28  2.87618360e-27
  8.53030007e-25  3.10192730e-25 -8.40065101e-24  1.52346381e-28
  9.93379504e-07 -1.05409932e-26 -1.02221880e-12  1.28679619e-12
  9.46239612e-15  1.27313604e-22 -2.33650147e-22  3.48611978e-02]
18.83368492126465,base_link,5.793416224830112,-5.278258202788883,-4.0466054786749395e-22,-4.634043611153658e-23,-3.0755737436921067e-23,0.9990619133681903,0.04330465629803184,[ 1.32521885e-03 -5.29657649e-04 -1.77400130e-04 -6.38924194e-04
  1.25060757e-03  4.08903517e-04 -2.54972416e-04  5.06938341e-04
  6.84638484e-04 -9.05643144e-05  1.77283884e-04  5.80452922e-05
  1.27840764e-21 -1.49607194e-19  9.99092098e-07  3.99201167e-15
 -2.61569387e-15 -6.49906515e-24 -4.44692297e-21 -2.01170325e-21
  3.99201165e-15  9.98187485e-07  1.14859983e-20 -4.96177715e-24
  7.94093388e-20  3.21872520e-20 -2.61569385e-15  1.14903811e-20
  9.98187485e-07  6.90180767e-24  1.21617690e-18 -7.91034119e-19
 -6.54988109e-19 -4.14261328e-19  8.10962464e-19  9.99999100e-10],0.08528330212666801,0.12878497140612902,-6.0525725766757724e-21,3.2939798559900663e-26,-5.630658159167269e-26,0.09739840054681065,[ 6.11875572e-02 -3.68272420e-04 -2.72218712e-06  4.89113577e-11
 -1.05679512e-10 -2.65982724e-04 -1.46493781e-04  3.58521491e-02
  2.62996966e-04  1.63776585e-11 -3.23145911e-11 -3.79605201e-05
  5.67512075e-20 -5.47522097e-18  9.98639381e-07  9.76569494e-24
 -6.39892011e-24 -1.67082444e-23 -1.29246971e-26 -3.23117427e-27
  9.76569429e-24  9.94601497e-07  1.10933351e-28  1.45472266e-27
 -4.91138489e-25 -1.55096365e-25 -6.39891479e-24  1.10933144e-28
  9.94601497e-07 -2.51360648e-27 -9.97695897e-13  1.23139563e-12
  9.05662389e-15  5.29116032e-22 -9.93805147e-22  3.48621098e-02]
18.89037585258484,base_link,5.792471687020887,-5.279624852202655,-1.3314162588676392e-22,-3.966955175922874e-23,-9.976957655717432e-23,0.9989961870480863,0.044795292870845924,[ 1.29597214e-03 -5.36710137e-04 -1.54984528e-04 -6.74218040e-04
  1.27391728e-03  4.29595879e-04 -2.39507630e-04  5.37095248e-04
  6.32856458e-04 -1.00850917e-04  1.90572936e-04  6.43452301e-05
 -3.33353787e-22 -1.99052743e-20  9.98987067e-07  4.20000229e-15
 -2.62003618e-15 -1.26891350e-23 -6.13040096e-20 -2.62844911e-20
  4.20000224e-15  9.97978223e-07  1.07833756e-20 -2.71539665e-23
  6.43745040e-20  2.44580764e-20 -2.62003614e-15  1.08489181e-20
  9.97978223e-07  9.44650314e-24  1.22394289e-18 -8.29894301e-19
 -5.88689408e-19 -4.72620827e-19  8.93137319e-19  9.99998995e-10],0.07613165931270986,0.12475149885528553,-1.657309398893511e-21,4.361126268912951e-26,-3.246814386075649e-26,0.08730567726842356,[ 6.11512138e-02 -3.79129313e-04 -2.80022302e-06  5.47942192e-11
 -1.16374181e-10 -2.80415452e-04 -1.38982665e-04  3.58657539e-02
  2.63078327e-04  1.74592546e-11 -3.36421784e-11 -4.13346056e-05
  3.36695597e-19 -3.16587034e-17  9.98482135e-07  1.01900777e-23
 -6.35690462e-24 -3.41681533e-24 -7.10858339e-25 -2.22951024e-25
  1.01901215e-23  9.93983111e-07  1.03296438e-28  3.39699564e-27
 -3.98080670e-24 -1.15676039e-24 -6.35693083e-24  1.03293191e-28
  9.93983111e-07 -2.52022802e-27 -9.68749339e-13  1.16665705e-12
  8.57778700e-15 -3.91772439e-23  6.60785453e-23  3.48607543e-02]
18.93451714515686,base_link,5.792868079743328,-5.281918333730294,-6.562040168212222e-23,-2.4656167706258136e-22,-2.1149019595200597e-23,0.9989868385294278,0.045003293712558894,[ 1.36051236e-03 -5.35129846e-04 -1.64262773e-04 -6.44615227e-04
  1.27988543e-03  3.97226257e-04 -2.50309859e-04  5.05189884e-04
  6.96690180e-04 -8.91724395e-05  1.77049751e-04  5.50026598e-05
  4.76621469e-21 -1.53577661e-19  9.99367671e-07  2.59767568e-15
 -1.51127601e-15 -2.21904870e-24 -5.10866746e-20 -1.77876919e-20
  2.59767567e-15  9.98736937e-07  6.19216195e-21 -5.07775884e-24
  7.09390093e-20  2.50404115e-20 -1.51127597e-15  6.14538199e-21
  9.98736937e-07  3.89495866e-23  1.04654485e-18 -6.36673292e-19
 -4.77401246e-19 -3.91465249e-19  7.77242159e-19  9.99999377e-10],0.06841197358024848,0.12248901226939075,-8.475906092461508e-22,3.002188861489682e-26,-3.467785935212641e-26,0.08109033293285696,[ 6.12335393e-02 -3.70517606e-04 -2.73988768e-06  4.65844243e-11
 -9.12615304e-11 -2.58254979e-04 -1.40293501e-04  3.58482152e-02
  2.63114468e-04  1.23253375e-11 -2.44586060e-11 -3.59713777e-05
 -2.71897576e-19  2.60750622e-17  9.99052105e-07  6.35308396e-24
 -3.69619700e-24  8.96002731e-24 -5.81611368e-26 -1.29246971e-26
  6.35312353e-24  9.96229787e-07  5.98140686e-29  1.37096797e-27
 -2.22304790e-24 -5.97767240e-25 -3.69624806e-24  5.98134259e-29
  9.96229787e-07 -1.59449619e-27 -9.42256933e-13  1.11539597e-12
  8.20442705e-15  7.58819376e-23 -1.54428977e-22  3.48612734e-02]
18.992338180541992,base_link,5.794134761683364,-5.283663295885176,-6.714489732180197e-23,-1.1885379780831684e-22,-2.3539779038221234e-23,0.9990393881212568,0.04382123894077892,[ 1.26412979e-03 -4.84093140e-04 -1.00854369e-04 -6.16223250e-04
  1.11227013e-03  3.79028032e-04 -2.02803982e-04  4.95623703e-04
  6.09827840e-04 -7.98028201e-05  1.44002544e-04  4.91580811e-05
  7.90122921e-21  3.19225542e-20  9.98833796e-07  4.61699395e-15
 -2.39849762e-15 -4.03295206e-24 -7.70799982e-20 -2.45374857e-20
  4.61699393e-15  9.97673014e-07  9.47637449e-21 -6.59497194e-24
  1.14455327e-19  4.84926362e-20 -2.39849758e-15  9.45148304e-21
  9.97673014e-07  2.72462645e-23  1.17984444e-18 -6.93375935e-19
 -4.53176837e-19 -4.58111468e-19  8.26543455e-19  9.99998841e-10],0.058600715705114256,0.11871662754516904,-1.5048301099736447e-21,1.2206998409233424e-26,1.0680231189294213e-26,0.07531747362927595,[ 6.10989704e-02 -3.36127472e-04 -2.48275312e-06  7.10763098e-11
 -9.84338541e-11 -2.47549313e-04 -1.08040636e-04  3.58465612e-02
  2.62912321e-04  1.78828125e-11 -3.09808252e-11 -3.36010207e-05
 -7.07272511e-20  7.48099499e-18  9.98252729e-07  1.12310261e-23
 -5.83451860e-24 -1.31548867e-24  2.15842441e-24  5.46068451e-25
  1.12310366e-23  9.93083230e-07  9.07396154e-29  8.16300351e-28
 -5.20865292e-24 -1.64143653e-24 -5.83450346e-24  9.07374332e-29
  9.93083230e-07  7.22917096e-28 -9.16792934e-13  1.05425954e-12
  7.74713621e-15  2.74849282e-22 -5.10067945e-22  3.48599371e-02]
19.033323526382446,base_link,5.797704506466643,-5.280387713054142,6.391779787958101e-23,-1.0876611617965324e-22,3.090112254714531e-24,0.9990323354127836,0.04398173256795863,[ 1.39724519e-03 -5.73489146e-04 -1.30791011e-04 -7.41689591e-04
  1.31681147e-03  4.36799145e-04 -2.52716944e-04  5.49533645e-04
  7.14773455e-04 -1.18665229e-04  2.10671498e-04  6.99501928e-05
  5.82335151e-22  6.61744490e-21  9.99221256e-07  2.99243847e-15
 -1.36158546e-15  1.70741953e-24 -8.57620859e-21 -2.93814554e-21
  2.99243847e-15  9.98444931e-07  5.23141327e-21 -2.30549098e-25
  9.74087889e-20  3.51518673e-20 -1.36158545e-15  5.20134774e-21
  9.98444931e-07  1.81422864e-23  1.12522167e-18 -6.29709329e-19
 -3.87606643e-19 -4.80325405e-19  8.52727256e-19  9.99999230e-10],0.049884166953796064,0.11285301407664992,-1.0966996240410446e-22,-8.540719720920446e-27,-4.630393663128692e-26,0.07041193420766793,[ 6.12875016e-02 -4.00564168e-04 -2.96052130e-06  6.83728041e-11
 -1.16362061e-10 -2.83989611e-04 -1.41483033e-04  3.58650535e-02
  2.63219762e-04  1.82984271e-11 -3.23554282e-11 -4.37912599e-05
 -2.27851863e-19  2.02745806e-17  9.98832791e-07  7.31099245e-24
 -3.32662361e-24  1.07256069e-23 -1.73190941e-24 -4.62057920e-25
  7.31099472e-24  9.95363534e-07  5.03326261e-29 -4.17502569e-28
  3.14070139e-24  8.72417052e-25 -3.32668249e-24  5.03346346e-29
  9.95363534e-07 -2.24308387e-27 -8.95490117e-13  1.01069110e-12
  7.43030393e-15  1.97975239e-22 -3.64451087e-22  3.48593404e-02]
19.091357946395874,base_link,5.792269889294216,-5.27694276606978,2.2153611371831117e-25,6.417722589233049e-24,1.4689690311013125e-23,0.9990562098480865,0.04343603992051069,[ 1.28096819e-03 -4.41064211e-04 -1.48884848e-04 -5.08413614e-04
  1.05041830e-03  3.22796754e-04 -2.01997937e-04  4.42149949e-04
  6.10037900e-04 -6.29674064e-05  1.30124678e-04  4.00546527e-05
  3.35008148e-23 -5.71747239e-21  9.98888780e-07  3.90802951e-15
 -1.81462329e-15 -4.62751985e-24  2.46698346e-20  1.37378156e-20
  3.90802949e-15  9.97782482e-07  6.33222306e-21 -1.52905520e-23
 -6.56450534e-20 -2.64168400e-20 -1.81462327e-15  6.37260663e-21
  9.97782482e-07  5.87953499e-24  9.88188798e-19 -5.10210107e-19
 -3.71565739e-19 -3.32200868e-19  6.86584287e-19  9.99998896e-10],0.050192396264823955,0.10634349336315611,-1.2970146982371936e-21,1.8540428069231e-27,-2.6976641950523927e-27,0.06481823285973956,[ 6.11078963e-02 -2.96309474e-04 -2.18900208e-06  3.21730405e-11
 -8.95476096e-11 -2.11002771e-04 -1.03042112e-04  3.58193964e-02
  2.62773865e-04  1.25798701e-11 -2.69710893e-11 -2.77484527e-05
 -2.25734280e-19  2.71592644e-17  9.98335017e-07  9.50647349e-24
 -4.41419315e-24  7.13778465e-24 -8.40105310e-25 -3.31195362e-25
  9.50647692e-24  9.93405748e-07  6.09736218e-29 -5.44863025e-28
  1.52511425e-24  4.62057920e-25 -4.41420233e-24  6.09738470e-29
  9.93405748e-07  8.56361303e-28 -8.66770201e-13  9.50673568e-13
  6.98410439e-15  1.11468962e-22 -2.15805072e-22  3.48580679e-02]
19.13187599182129,base_link,5.792070362861752,-5.279427214819357,-1.1904731687997468e-23,-1.576807794588469e-23,-1.5865104741047042e-23,0.999051306527151,0.043548673072695526,[ 1.31804849e-03 -4.38746903e-04 -1.35937262e-04 -5.48738046e-04
  1.07114860e-03  4.07221154e-04 -2.05025060e-04  5.09192050e-04
  6.17858812e-04 -6.40538929e-05  1.25050647e-04  4.75904685e-05
 -1.83303224e-21 -1.31395986e-19  9.99062678e-07  3.27833189e-15
 -1.51066102e-15 -6.04722877e-25 -1.07996701e-20 -3.04402465e-21
  3.27833188e-15  9.98128860e-07  5.26672639e-21 -6.43742993e-24
  4.51045044e-20  1.11173074e-20 -1.51066101e-15  5.27580499e-21
  9.98128860e-07  5.81737280e-24  9.13736016e-19 -5.33923288e-19
 -3.74673640e-19 -3.32377633e-19  6.48942143e-19  9.99999071e-10],0.045850946772072854,0.10508126780742658,-1.2882316094741695e-21,1.0007023637963983e-26,1.0820284151887486e-26,0.06067555543251086,[ 6.11562875e-02 -2.97377817e-04 -2.19754998e-06  5.14249989e-11
 -1.13867661e-10 -2.66350585e-04 -1.08024804e-04  3.58509570e-02
  2.63091787e-04  1.18299716e-11 -2.36787664e-11 -3.37130214e-05
 -4.10810979e-20  4.93311988e-18  9.98595331e-07  8.00309837e-24
 -3.68788794e-24  7.64725706e-25  1.58973774e-24  3.66738279e-25
  8.00311626e-24  9.94428157e-07  5.07790816e-29  1.13066465e-27
 -1.55096365e-24 -3.19886253e-25 -3.68786821e-24  5.07768338e-29
  9.94428157e-07  1.20438555e-27 -8.44708557e-13  9.11616702e-13
  6.69794990e-15  1.67561940e-22 -2.83135428e-22  3.48575637e-02]
19.18834161758423,base_link,5.791794369380069,-5.280689457301261,1.396518914633593e-22,1.2640551828603564e-23,-1.5386656191210283e-23,0.9990617295189126,0.04330889759251739,[ 1.38015204e-03 -4.79854300e-04 -1.45562527e-04 -6.23622560e-04
  1.00169929e-03  3.53788958e-04 -2.43766405e-04  4.61699176e-04
  6.30637061e-04 -1.12970505e-04  1.81408168e-04  6.41646170e-05
  5.25425125e-21  4.45751088e-20  9.99025663e-07  3.36258622e-15
 -1.33783888e-15  3.95319102e-24  4.87043945e-20  1.85817853e-20
  3.36258622e-15  9.98055113e-07  4.60315292e-21 -4.93686250e-24
 -6.31039546e-20 -3.11814004e-20 -1.33783890e-15  4.62463168e-21
  9.98055113e-07 -4.27919635e-24  1.06574666e-18 -5.05453612e-19
 -3.56750370e-19 -3.79580275e-19  6.09482023e-19  9.99999034e-10],0.04063439460483723,0.10184628835431232,3.6060774474396084e-21,2.5682293843779635e-27,3.4069520703692636e-26,0.05580150361886499,[ 6.12472213e-02 -3.22794542e-04 -2.38504439e-06  7.35415342e-11
 -9.41739927e-11 -2.30355303e-04 -1.30561413e-04  3.58222574e-02
  2.62888979e-04  2.16783852e-11 -3.44527078e-11 -3.85878210e-05
  3.45589442e-19 -3.81097064e-17  9.98539916e-07  8.20678584e-24
 -3.26511252e-24  5.80693805e-23 -8.14255915e-25 -2.39106896e-25
  8.20684984e-24  9.94210250e-07  4.43583018e-29  2.43714881e-28
  2.49446653e-24  9.17653492e-25 -3.26515423e-24  4.43553555e-29
  9.94210250e-07  3.17024189e-27 -8.14802368e-13  8.58090075e-13
  6.30294106e-15  3.21489779e-22 -6.14897136e-22  3.48561937e-02]
19.232453107833862,base_link,5.793413735363154,-5.283887124970421,-8.104778139952952e-24,1.7120892855256153e-22,1.6494498516026557e-23,0.9989812826172321,0.04512645543835574,[ 1.47128558e-03 -5.91679551e-04 -1.46679350e-04 -7.49883863e-04
  1.39542536e-03  4.45882712e-04 -2.52384949e-04  5.58286605e-04
  6.64837855e-04 -1.02849507e-04  1.91401694e-04  6.12158961e-05
 -1.85288457e-21 -4.46280484e-20  9.99230781e-07  2.56352926e-15
 -9.46701158e-16 -6.95681446e-24 -4.10810979e-20 -1.32084200e-20
  2.56352926e-15  9.98463924e-07  3.18433462e-21  9.38036155e-24
  3.85399991e-20  1.14349448e-20 -9.46701182e-16  3.26538680e-21
  9.98463924e-07 -6.57305455e-23  9.38552986e-19 -4.76547979e-19
 -2.51657374e-19 -4.10169657e-19  7.63346503e-19  9.99999239e-10],0.034747537672452825,0.10084616489810931,-1.3577591436647093e-21,1.2738938778343112e-27,1.0712599484744781e-26,0.04995460184433619,[ 6.13714225e-02 -4.08354448e-04 -3.01990716e-06  6.34807583e-11
 -1.26738914e-10 -2.89624179e-04 -1.35951908e-04  3.58632207e-02
  2.63287213e-04  1.60411054e-11 -3.00974593e-11 -4.03626441e-05
  3.80317793e-19 -3.31765865e-17  9.98847058e-07  6.27297821e-24
 -2.31661609e-24  5.58792541e-24  1.39586728e-24  3.52197995e-25
  6.27298626e-24  9.95419828e-07  3.04355904e-29  1.48125430e-28
 -2.79173457e-24 -6.59159551e-25 -2.31660598e-24  3.04345876e-29
  9.95419828e-07  1.19826382e-27 -7.93315178e-13  8.19351531e-13
  6.01916934e-15  2.37824895e-22 -4.16195179e-22  3.48564971e-02]
19.292981147766113,base_link,5.795814101057885,-5.287302298520512,1.1051949491672295e-22,-4.843053158670125e-23,-1.8517881485181703e-23,0.9989627420189197,0.0455350420889393,[ 1.33854063e-03 -4.77971103e-04 -1.30761452e-04 -5.86653044e-04
  1.06749834e-03  3.38202411e-04 -2.20156489e-04  4.62117816e-04
  6.44480966e-04 -8.78216032e-05  1.59798038e-04  5.07057128e-05
  6.59097512e-21  4.49456858e-20  9.98913663e-07  3.58992232e-15
 -1.01122246e-15  6.55139702e-24 -4.48927462e-20 -1.82906177e-20
  3.58992232e-15  9.97832031e-07  3.31718288e-21 -7.79042230e-24
  9.64558769e-20  4.07634606e-20 -1.01122246e-15  3.31109740e-21
  9.97832031e-07  1.76919311e-23  9.86435550e-19 -4.29588923e-19
 -2.16346537e-19 -3.96825016e-19  7.22041434e-19  9.99998921e-10],0.02750510492794415,0.09883662941744309,1.693139663809494e-23,4.4114709517880456e-27,-5.479089733572822e-27,0.04488612146604594,[ 6.11848535e-02 -3.19477753e-04 -2.36127348e-06  5.83032400e-11
 -1.02472532e-10 -2.19844473e-04 -1.12067210e-04  3.58223170e-02
  2.62878688e-04  1.81476582e-11 -3.28931827e-11 -3.29388407e-05
 -1.05455602e-19  1.17635936e-17  9.98372261e-07  8.73307813e-24
 -2.45995166e-24  2.32796064e-23 -3.48966821e-25 -1.09859925e-25
  8.73312075e-24  9.93551825e-07  3.19298176e-29  4.81970816e-28
  7.62557127e-25  2.39106896e-25 -2.46002411e-24  3.19295462e-29
  9.93551825e-07 -5.98138407e-28 -7.69111266e-13  7.66777267e-13
  5.62870244e-15  1.80854454e-22 -3.28157586e-22  3.48560969e-02]
19.334182739257812,base_link,5.798307946155522,-5.291262792455676,1.8640105134213244e-24,1.19378382802667e-22,6.262737587866124e-23,0.9989248209475827,0.04635948764643398,[ 1.33349180e-03 -4.65725744e-04 -1.38884899e-04 -5.58062238e-04
  1.14215624e-03  3.65194388e-04 -2.12917835e-04  4.77070005e-04
  6.59168477e-04 -6.75917557e-05  1.38344543e-04  4.42822198e-05
  1.66263303e-21 -6.71273611e-20  9.99259787e-07  2.43167740e-15
 -6.27560722e-16  1.16023822e-24 -4.88102736e-20 -1.63053842e-20
  2.43167741e-15  9.98521760e-07  2.11013094e-21  1.55408900e-23
  1.16043514e-19  3.59989003e-20 -6.27560748e-16  2.10213114e-21
  9.98521760e-07 -2.65651629e-23  8.44480190e-19 -3.66452773e-19
 -1.89959942e-19 -3.32805599e-19  6.81192515e-19  9.99999268e-10],0.021884173916323423,0.09857881747998623,-7.633228229920616e-22,-1.6421142235157813e-26,-4.203537283134852e-27,0.04112934269415281,[ 6.11780845e-02 -3.10544623e-04 -2.29645785e-06  4.14897822e-11
 -9.02484352e-11 -2.37927159e-04 -1.06757274e-04  3.58285010e-02
  2.63077637e-04  1.08752429e-11 -2.23897690e-11 -3.13626474e-05
  2.80367906e-19 -3.22008045e-17  9.98890500e-07  5.94113742e-24
 -1.53325909e-24  2.75800319e-23 -2.64956290e-25 -6.94702468e-26
  5.94114210e-24  9.95591254e-07  1.98304593e-29 -1.08897028e-27
 -3.60599048e-24 -8.95035272e-25 -1.53331901e-24  1.98320072e-29
  9.95591254e-07 -2.73728946e-28 -7.49568393e-13  7.32233718e-13
  5.37688450e-15  8.53477128e-23 -1.64766038e-22  3.48557945e-02]
19.391750812530518,base_link,5.80141408929185,-5.29149673362152,-1.3182797837161294e-22,-8.001302756343156e-23,-7.42557040382671e-23,0.9989217876177223,0.04642480180478939,[ 1.33187485e-03 -4.91552766e-04 -1.43673533e-04 -6.06165594e-04
  1.16048997e-03  3.69034713e-04 -2.30406090e-04  4.81243018e-04
  6.82185566e-04 -9.38139475e-05  1.79606652e-04  5.71887591e-05
  8.82601714e-22 -6.68097237e-20  9.99146080e-07  2.73395823e-15
 -5.00767020e-16 -5.15641111e-24 -4.21928287e-20 -1.79465106e-20
  2.73395820e-15  9.98295069e-07  1.55610252e-21 -1.50338226e-23
  3.58930211e-20  1.50877744e-20 -5.00766990e-16  1.57948391e-21
  9.98295069e-07  1.45205361e-23  8.72714450e-19 -3.67685582e-19
 -1.40991445e-19 -3.93237177e-19  7.52855114e-19  9.99999154e-10],0.015822518951772366,0.09461396648358768,5.163229633933946e-22,-1.6210382272128185e-26,5.193680540542682e-26,0.037438523643792375,[ 6.11834298e-02 -3.31071438e-04 -2.44751624e-06  5.11278498e-11
 -9.89191205e-11 -2.40168072e-04 -1.20343408e-04  3.58263850e-02
  2.63041401e-04  1.63587134e-11 -3.13400556e-11 -3.68240356e-05
 -7.15742840e-20  7.75204553e-18  9.98720211e-07  6.67402819e-24
 -1.22244751e-24  1.76813366e-23 -8.46567658e-25 -2.74649813e-25
  6.67403030e-24  9.94919736e-07  1.54032136e-29 -9.08731505e-28
 -2.55909002e-24 -8.07793567e-25 -1.22242901e-24  1.54023728e-29
  9.94919736e-07  2.86313681e-27 -7.25636961e-13  6.85254804e-13
  5.02959952e-15  2.09967082e-22 -4.00127842e-22  3.48543934e-02]
19.40789222717285,base_link,5.797475822268725,-5.287190279479501,-3.198721969073041e-22,-1.5357172540180305e-23,-1.7298109992295708e-23,0.9990155429070867,0.04436152646222702,[ 1.21475844e-03 -4.35606095e-04 -1.40475368e-04 -5.32395447e-04
  1.07267728e-03  3.62311985e-04 -2.06588116e-04  4.59199739e-04
  5.77936319e-04 -6.67719381e-05  1.34541999e-04  4.55033770e-05
 -1.89258924e-21 -4.17163727e-20  9.98969582e-07  3.23053609e-15
 -5.37179582e-16 -5.00558957e-24 -5.36277735e-20 -1.80523897e-20
  3.23053607e-15  9.97943397e-07  1.62977224e-21 -1.84143237e-23
  1.51936535e-19  4.74867846e-20 -5.37179550e-16  1.66120708e-21
  9.97943397e-07  1.56580338e-23  8.49797023e-19 -3.22761351e-19
 -1.20948342e-19 -3.67344765e-19  7.40216050e-19  9.99998977e-10],0.020219752485892754,0.0908074209854541,-2.44537739854804e-21,5.272485901162514e-27,2.8110223364951268e-27,0.03886936712071784,[ 6.10208480e-02 -2.94245314e-04 -2.17408414e-06  4.98723581e-11
 -1.07530220e-10 -2.37068883e-04 -1.08671840e-04  3.58179063e-02
  2.62917424e-04  1.32893860e-11 -2.70899070e-11 -3.20672833e-05
 -8.55503277e-20  1.03541307e-17  9.98455962e-07  7.86256253e-24
 -1.30744017e-24 -4.37782461e-24 -7.10858339e-25 -1.89023695e-25
  7.86258703e-24  9.93880360e-07  1.61055252e-29  1.61610854e-27
 -8.99558916e-24 -2.26828434e-24 -1.30741223e-24  1.61021517e-29
  9.93880360e-07  7.92234679e-28 -7.18432428e-13  6.72215322e-13
  4.93217356e-15  1.22669344e-22 -2.41250705e-22  3.48534401e-02]
19.482478618621826,base_link,5.792817744320116,-5.279641804593224,-2.279250870257076e-22,-8.36718919788706e-23,-1.1244551741969927e-23,0.9990165811794539,0.044338138532370515,[ 1.25186047e-03 -3.83902830e-04 -1.04348099e-04 -4.69881529e-04
  1.07248280e-03  3.52401295e-04 -1.75862393e-04  4.84538150e-04
  6.42859907e-04 -5.28004110e-05  1.20492531e-04  3.96613725e-05
 -1.99185092e-21 -2.59933236e-20  9.99018339e-07  2.69995011e-15
 -7.35834314e-16 -8.37381500e-24  1.05879118e-21  3.44107135e-22
  2.69995009e-15  9.98040521e-07  2.00585229e-21 -5.92391652e-24
  3.66341750e-20  1.45054392e-20 -7.35834266e-16  1.97751328e-21
  9.98040521e-07  3.48158492e-23  7.73835050e-19 -3.17063531e-19
 -1.75711186e-19 -2.70769604e-19  6.17873766e-19  9.99999026e-10],0.022900147706177893,0.08134211787016982,-5.496057349564849e-22,2.831863115011929e-27,-3.2060248858199215e-26,0.0345487820700055,[ 6.10671956e-02 -2.52761762e-04 -1.87120911e-06  4.42601473e-11
 -8.56023008e-11 -2.29553490e-04 -8.46612966e-05  3.58432829e-02
  2.63116001e-04  1.11830296e-11 -2.50805891e-11 -2.88131137e-05
  5.10337351e-20 -7.20994445e-18  9.98528951e-07  6.57133732e-24
 -1.79093868e-24  4.77426982e-24  9.37040538e-25  2.37491309e-25
  6.57134556e-24  9.94167113e-07  1.93489537e-29  3.23975771e-28
 -1.55096365e-24 -4.62057920e-25 -1.79099918e-24  1.93510097e-29
  9.94167113e-07 -3.92275481e-27 -6.89850363e-13  6.18207959e-13
  4.53398178e-15 -6.04104469e-23  1.78723083e-22  3.48597837e-02]
19.53102946281433,base_link,5.791581485560856,-5.274153577324616,3.261176749443439e-23,4.7538254100430145e-23,-5.619153528743023e-25,0.9990696204602841,0.04312648227416378,[ 1.28167759e-03 -4.53597887e-04 -8.99694381e-05 -5.66998640e-04
  1.01990013e-03  3.32550335e-04 -1.95007499e-04  4.64237970e-04
  6.84548591e-04 -8.28551717e-05  1.49032868e-04  4.86587931e-05
  2.70653496e-21  2.89049993e-20  9.99014091e-07  2.48217926e-15
 -7.73866991e-16  2.53614933e-24 -6.41627458e-20 -2.42992577e-20
  2.48217926e-15  9.98032057e-07  1.94954815e-21  3.95004523e-25
  1.17525821e-20  4.60574165e-21 -7.73867017e-16  1.97050734e-21
  9.98032057e-07 -1.30298593e-23  7.43913846e-19 -3.46613376e-19
 -1.77690639e-19 -3.02759879e-19  5.44570844e-19  9.99999022e-10],0.022360530926168073,0.07491406734606261,-9.695116057416562e-22,6.2503683396161324e-27,9.487335828029061e-28,0.033327703685263825,[ 6.11219941e-02 -3.08039831e-04 -2.27567454e-06  5.28914203e-11
 -9.20746593e-11 -2.17890030e-04 -9.79643082e-05  3.58262360e-02
  2.63015385e-04  1.50781164e-11 -2.70012197e-11 -3.15607406e-05
  6.26804381e-20 -7.26415456e-18  9.98522591e-07  6.03140683e-24
 -1.88042860e-24  4.95403860e-25  2.84343336e-24  8.14255915e-25
  6.03141679e-24  9.94142094e-07  1.85737606e-29  5.24070374e-28
  9.30578189e-25  2.74649813e-25 -1.88042770e-24  1.85728816e-29
  9.94142094e-07  7.82635537e-29 -6.66868074e-13  5.85783592e-13
  4.29511729e-15 -6.66716093e-23  1.14381742e-22  3.48567140e-02]
19.589028120040894,base_link,5.78877455725156,-5.273882110892687,-7.287469195116656e-24,2.1144058283193354e-23,-6.4659180538060496e-24,0.9990943203929757,0.0425504284173256,[ 1.35133191e-03 -4.62251517e-04 -1.47416289e-04 -5.71830093e-04
  1.00324458e-03  3.56740855e-04 -2.35015854e-04  4.60881261e-04
  6.75254658e-04 -8.39601934e-05  1.47299696e-04  5.24375035e-05
  3.14328633e-22  1.10643679e-20  9.99164467e-07  2.05295283e-15
 -6.34588895e-16  3.73776263e-26 -7.96210970e-20 -2.71579939e-20
  2.05295283e-15  9.98331718e-07  1.55457093e-21 -1.65829200e-24
  3.16578564e-20  1.11173074e-20 -6.34588903e-16  1.56884914e-21
  9.98331718e-07 -6.01388733e-24  6.78495725e-19 -3.00992478e-19
 -1.91499605e-19 -2.52807146e-19  4.43520160e-19  9.99999173e-10],0.022707329854018226,0.07188525065862426,-1.2789271479798692e-21,4.1649868126381405e-27,2.060560159684301e-26,0.031133628407552818,[ 6.12062816e-02 -3.07843671e-04 -2.27564198e-06  5.43635917e-11
 -9.32114449e-11 -2.32824554e-04 -1.24095823e-04  3.58197838e-02
  2.63052881e-04  1.43921591e-11 -2.52049609e-11 -3.39118014e-05
  2.31239995e-19 -2.67255836e-17  9.98747745e-07  5.00442617e-24
 -1.54694409e-24 -2.75574200e-24  2.71418638e-25  7.27014210e-26
  5.00443176e-24  9.95028202e-07  1.49426373e-29  3.58305139e-28
 -1.64143653e-24 -4.42670875e-25 -1.54689791e-24  1.49410120e-29
  9.95028202e-07  1.68895346e-27 -6.37581957e-13  5.49146666e-13
  4.02613855e-15 -2.37089665e-23  3.58400085e-23  3.48553579e-02]
19.63695502281189,base_link,5.790949679662307,-5.276814058007419,-8.673253108226774e-23,-1.1551460763774068e-23,7.141569246445085e-24,0.9990734090750515,0.04303862543291484,[ 1.30765110e-03 -5.45935101e-04 -1.97235269e-04 -6.73139147e-04
  1.32663946e-03  4.21333995e-04 -2.72168980e-04  4.96743785e-04
  6.07985601e-04 -9.81081028e-05  1.93351378e-04  6.14741788e-05
  3.98370183e-21 -3.87517573e-20  9.99312386e-07  1.67760051e-15
 -4.09280127e-16 -3.77518111e-24 -4.30928012e-20 -1.54583513e-20
  1.67760051e-15  9.98626659e-07  1.00674274e-21  2.60917758e-24
  5.82335151e-20  2.11228841e-20 -4.09280113e-16  9.90897576e-22
  9.98626659e-07  4.79051479e-24  5.57071039e-19 -2.97876424e-19
 -1.41194171e-19 -2.84663470e-19  5.61012433e-19  9.99999321e-10],0.017827760579103867,0.07135818383107538,1.783311000281126e-21,3.9940183147636275e-27,8.711888249997337e-27,0.028314398979980105,[ 6.11560441e-02 -3.77796590e-04 -2.79698455e-06  5.63716760e-11
 -1.09992654e-10 -2.73320294e-04 -1.58387702e-04  3.58324945e-02
  2.63216442e-04  1.54090432e-11 -3.03791584e-11 -3.94350942e-05
  5.26854493e-19 -4.96022494e-17  9.98969286e-07  4.11219446e-24
 -1.00321685e-24  2.75768189e-23 -1.39586728e-24 -3.81278564e-25
  4.11222618e-24  9.95902420e-07  9.66063087e-30  4.50101835e-28
 -4.16175246e-24 -1.15029804e-24 -1.00324497e-24  9.65947992e-30
  9.95902420e-07  1.02611116e-27 -6.16966879e-13  5.21046314e-13
  3.81987369e-15  1.81544536e-22 -3.62429042e-22  3.48567669e-02]
19.690611362457275,base_link,5.790070061634642,-5.27857014207938,-6.250643077343965e-23,8.280191267519543e-25,-1.4770098096930258e-23,0.9990397895281805,0.04381208668265961,[ 1.28772175e-03 -4.91913675e-04 -1.18506034e-04 -6.23377643e-04
  1.16918690e-03  3.74092513e-04 -2.09047422e-04  4.92217816e-04
  5.95365900e-04 -8.96913518e-05  1.68221258e-04  5.39016214e-05
  1.20371323e-20  1.13131838e-19  9.98931593e-07  2.40940256e-15
 -6.46815363e-16  2.61442183e-24  2.01170325e-20  7.51741741e-21
  2.40940259e-15  9.97867735e-07  1.51480787e-21  1.80063221e-23
 -1.48230766e-20 -5.66453283e-21 -6.46815369e-16  1.45504633e-21
  9.97867735e-07  2.17583958e-24  6.67092187e-19 -3.03052196e-19
 -1.24784420e-19 -3.02437129e-19  5.67236533e-19  9.99998939e-10],0.016532490510592353,0.07001143151732493,-2.103562987526999e-21,-1.4642298152564214e-27,-4.824708150724783e-28,0.025133403030417036,[ 6.11232451e-02 -3.37132951e-04 -2.49197558e-06  6.29473858e-11
 -1.17441210e-10 -2.44148602e-04 -1.09973131e-04  3.58347297e-02
  2.63102426e-04  1.79514066e-11 -3.36448837e-11 -3.51646422e-05
 -1.42301535e-19  1.50162001e-17  9.98399097e-07  5.83620811e-24
 -1.56675429e-24  9.47072876e-24 -1.46049077e-24 -4.20052655e-25
  5.83623054e-24  9.93657051e-07  1.38318215e-29  5.73306111e-28
  3.28287306e-24  9.37040538e-25 -1.56677756e-24  1.38307780e-29
  9.93657051e-07  6.67101249e-29 -5.96375542e-13  4.91101734e-13
  3.59713581e-15 -1.58066934e-22  2.96647712e-22  3.48551518e-02]
19.727216958999634,base_link,5.793893710724416,-5.2867502624703375,-3.2873561929939156e-23,7.634789946950827e-25,2.732667295831698e-24,0.9989859554638868,0.04502289179856318,[ 1.29826327e-03 -4.88572910e-04 -1.23621542e-04 -6.03429553e-04
  1.17161880e-03  3.71461026e-04 -2.05980712e-04  4.91648947e-04
  6.00861359e-04 -7.92242942e-05  1.53822765e-04  4.88374034e-05
 -5.53218394e-21 -6.52744765e-20  9.98964625e-07  2.47942884e-15
 -4.42899279e-16  8.09215778e-25  5.77570591e-20  2.11493539e-20
  2.47942879e-15  9.97933524e-07  9.16129300e-22 -4.59252870e-23
  2.47757137e-20  8.94678551e-21 -4.42899250e-16  1.00900518e-21
  9.97933524e-07  3.18536972e-23  6.85781506e-19 -2.76349979e-19
 -8.16020390e-20 -3.17199535e-19  6.15880375e-19  9.99998972e-10],0.010175635307364112,0.07364790278302785,-2.256930289172146e-21,-3.0584520910052987e-28,-3.1353233329968315e-28,0.022370900656443364,[ 6.11356659e-02 -3.32781579e-04 -2.45939579e-06  5.37939727e-11
 -1.05127795e-10 -2.42490025e-04 -1.05901621e-04  3.58323306e-02
  2.63114788e-04  1.52652505e-11 -2.96671826e-11 -3.32371348e-05
 -2.71474060e-19  2.90566182e-17  9.98448541e-07  6.03759974e-24
 -1.07848153e-24  1.04989900e-23  7.69019476e-25  2.19719850e-25
  6.03763947e-24  9.93851230e-07  1.01528348e-29  1.39983237e-27
  3.72231276e-24  1.05982516e-24 -1.07845157e-24  1.01471264e-29
  9.93851230e-07  3.64159896e-27 -5.79963478e-13  4.70970268e-13
  3.44907123e-15  1.39707081e-22 -2.69228077e-22  3.48539882e-02]
19.79217791557312,base_link,5.803108283599656,-5.29120357488359,-1.669694506461492e-23,-2.143723990534131e-23,2.9877831127304446e-23,0.9989811593484069,0.045129184203936974,[ 1.29744635e-03 -4.94090531e-04 -1.23547115e-04 -6.15493743e-04
  1.24022389e-03  3.72957463e-04 -2.26409640e-04  4.73210519e-04
  6.45992926e-04 -7.96193681e-05  1.60436187e-04  4.83094225e-05
  2.34257549e-21  1.20172799e-20  9.98980310e-07  2.47922365e-15
 -5.83708528e-18 -1.84273771e-24 -4.23516474e-21 -1.37642854e-21
  2.47922367e-15  9.97964768e-07  6.77625666e-23  1.61456728e-23
  2.75285708e-20  8.57620859e-21 -5.83706509e-18 -7.40482223e-24
  9.97964768e-07  1.31170311e-23  6.65595714e-19 -2.10041113e-19
  1.82661916e-20 -3.45665115e-19  6.96536073e-19  9.99998988e-10],-0.0015720722213530805,0.07280365955225605,-4.40886638862798e-22,1.8360977947034864e-27,-8.767053594188243e-27,0.020135526266725514,[ 6.11339355e-02 -3.32309166e-04 -2.45802771e-06  6.41711326e-11
 -1.31204290e-10 -2.42597124e-04 -1.17742224e-04  3.58219594e-02
  2.63062262e-04  1.63343099e-11 -3.29814033e-11 -3.34987896e-05
  4.40457133e-20 -4.71627945e-18  9.98472022e-07  6.04855169e-24
 -1.41886844e-26  2.42848159e-23 -9.17653492e-25 -2.35875722e-25
  6.04858903e-24  9.93943472e-07  1.37004874e-31  2.86744336e-28
 -7.75481824e-26 -1.93870456e-26 -1.42779252e-26  1.37775804e-31
  9.93943472e-07 -1.44125534e-27 -5.57269583e-13  4.34483829e-13
  3.18029590e-15  2.73827233e-22 -5.49082170e-22  3.48547323e-02]
19.83241081237793,base_link,5.804033047456648,-5.290674040999473,6.65111304563026e-24,6.047062693122736e-23,2.1944255252272068e-23,0.9989531622202314,0.04574472308583811,[ 1.37500043e-03 -5.25453976e-04 -1.45238892e-04 -6.58251115e-04
  1.26010195e-03  4.06121720e-04 -2.33851493e-04  5.12348628e-04
  6.22297158e-04 -8.87278953e-05  1.69870058e-04  5.48008246e-05
 -1.08856969e-21 -2.16522797e-20  9.99116014e-07  2.11314467e-15
  4.69134607e-17  6.68788005e-25 -7.68682400e-20 -2.43521972e-20
  2.11314468e-15  9.98235145e-07 -9.27565304e-23  6.26054167e-24
  5.80217569e-20  1.64112634e-20  4.69134419e-17 -8.93156398e-23
  9.98235145e-07 -1.41144700e-23  6.43550472e-19 -1.97522097e-19
  1.55594140e-20 -3.46090145e-19  6.62643835e-19  9.99999124e-10],-0.0024725296314015432,0.07033749533884119,-1.4392556320090058e-21,1.960366506821508e-26,1.3527463192698014e-27,0.01819683460338263,[ 6.12403255e-02 -3.53977783e-04 -2.61846713e-06  5.90199109e-11
 -1.25369484e-10 -2.64217093e-04 -1.20749697e-04  3.58386040e-02
  2.63254651e-04  1.49476527e-11 -2.91899693e-11 -3.72257193e-05
  1.73641754e-19 -1.74556550e-17  9.98675190e-07  5.15954896e-24
  1.14526226e-25 -4.53571670e-24  4.39439700e-25  1.13091099e-25
  5.15957009e-24  9.94742431e-07 -1.07577855e-30  1.44604389e-27
  2.32644547e-24  5.39606103e-25  1.14539144e-25 -1.07792585e-30
  9.94742431e-07  9.49111482e-29 -5.44040248e-13  4.12806941e-13
  3.02123511e-15  1.75365077e-22 -3.19653421e-22  3.48542203e-02]
19.889416217803955,base_link,5.798881989294807,-5.286026417088686,1.3513701415436207e-22,-7.766664732525498e-23,-5.57441711659974e-23,0.998995870134607,0.04480235991551541,[ 1.21224664e-03 -4.42886401e-04 -1.14727045e-04 -5.52104111e-04
  1.03136903e-03  3.66284149e-04 -1.94469165e-04  4.58960209e-04
  5.65463171e-04 -6.30053481e-05  1.17699623e-04  4.18607017e-05
 -5.69100261e-21 -3.78517848e-20  9.98834234e-07  2.54452899e-15
 -9.24164511e-17  5.51152357e-24  3.21872520e-20  9.18501352e-21
  2.54452896e-15  9.97673886e-07  1.08433775e-22 -3.32186254e-23
 -1.43995601e-20 -4.02340650e-21 -9.24164190e-17  1.36821291e-22
  9.97673886e-07  4.31712880e-23  6.27629209e-19 -1.76953243e-19
  2.14627765e-21 -2.94625190e-19  5.50390586e-19  9.99998841e-10],0.0039420097786397055,0.06470268724054418,7.263480737742116e-22,-2.924417832168505e-28,5.721048417623997e-27,0.01766419068579324,[ 6.10137376e-02 -2.97935447e-04 -2.20245848e-06  6.12395094e-11
 -1.15506748e-10 -2.39759573e-04 -9.84818907e-05  3.58166248e-02
  2.63002408e-04  1.40958708e-11 -2.63861365e-11 -3.05739545e-05
 -1.16043514e-19  1.38235777e-17  9.98253385e-07  6.18626274e-24
 -2.24646699e-25  1.36896728e-23 -2.94683093e-24 -6.78546596e-25
  6.18628293e-24  9.93085789e-07  1.92546875e-30 -4.65720913e-29
  1.00812637e-24  2.32644547e-25 -2.24670825e-25  1.92465149e-30
  9.93085789e-07  9.42960381e-28 -5.25387481e-13  3.83077034e-13
  2.80101375e-15  6.73868746e-23 -1.25602671e-22  3.48531260e-02]
19.931482315063477,base_link,5.8003274906581375,-5.288959432471775,1.3567412174880952e-23,4.545489256348831e-24,2.5666550844564452e-23,0.9988850578358568,0.04720848686684413,[ 1.24015080e-03 -4.86239606e-04 -1.68898043e-04 -5.94179080e-04
  1.04226697e-03  3.58234661e-04 -2.47224730e-04  4.39193219e-04
  6.41707124e-04 -9.53066927e-05  1.67198917e-04  5.75682847e-05
 -9.71110039e-22 -4.73809055e-20  9.98818443e-07  2.50753608e-15
 -8.54139468e-17 -9.95331490e-25  6.88214270e-21  3.49401091e-21
  2.50753609e-15  9.97642454e-07  2.27608221e-22  1.59733992e-23
  2.75285708e-20  1.25466755e-20 -8.54139466e-17  1.84802188e-22
  9.97642454e-07 -2.13674585e-24  5.78752477e-19 -1.90826380e-19
  9.04484717e-22 -3.10020757e-19  5.43911422e-19  9.99998825e-10],0.0016572125550383618,0.06475257823934465,8.087574347763312e-22,-7.561705937195806e-27,-2.5126478276826693e-27,0.01376654639999199,[ 6.10617942e-02 -3.28340684e-04 -2.42906942e-06  5.73168272e-11
 -1.10824347e-10 -2.33117591e-04 -1.36820250e-04  3.58040333e-02
  2.62911127e-04  2.15738950e-11 -3.81363708e-11 -3.66202591e-05
 -1.86347248e-19  2.02203705e-17  9.98229755e-07  6.11041085e-24
 -2.08267681e-25 -4.12086556e-23  3.10192730e-25  1.16322274e-25
  6.11031485e-24  9.92993276e-07  1.73510114e-30 -1.36875672e-27
  2.32644547e-24  8.01331218e-25 -2.08150816e-25  1.73820173e-30
  9.92993276e-07 -4.72354038e-28 -5.10620160e-13  3.63476827e-13
  2.65660121e-15  4.27421959e-22 -7.14636935e-22  3.48541347e-02]
19.991036891937256,base_link,5.802450234846791,-5.294352992098355,1.2714824321638447e-22,2.0733674108703212e-23,3.2220349556592993e-24,0.9988691958871957,0.04754292279264142,[ 1.32521807e-03 -5.31295365e-04 -1.54937044e-04 -7.06956634e-04
  1.45986068e-03  4.94293622e-04 -2.51787662e-04  5.83837931e-04
  6.49563602e-04 -1.04339090e-04  2.15468298e-04  7.30117234e-05
 -3.15155813e-21 -1.22396261e-19  9.99236627e-07  1.60091548e-15
 -5.49449190e-18 -7.03940286e-24 -8.18445585e-20 -2.32934060e-20
  1.60091547e-15  9.98475578e-07 -2.88623725e-24 -4.88530973e-24
  1.01432195e-19  2.76344499e-20 -5.49445407e-18 -1.80275780e-23
  9.98475578e-07  2.06900802e-23  5.64855843e-19 -1.89423856e-19
 -2.18366430e-20 -3.15385738e-19  6.51312082e-19  9.99999245e-10],-0.0014636549739182238,0.06568804508036377,-2.4256418043125075e-21,-4.030297894054745e-27,-5.1913448388054316e-27,0.012056485785581378,[ 6.11834524e-02 -3.66926659e-04 -2.71546189e-06  7.02254516e-11
 -1.50150802e-10 -3.21026360e-04 -1.42676523e-04  3.58695239e-02
  2.63583721e-04  1.63092952e-11 -3.38396191e-11 -4.78915006e-05
  1.93547028e-19 -1.88109077e-17  9.98855812e-07  3.90157774e-24
 -1.33724341e-26  1.81361252e-23  2.98560502e-24  6.94702468e-25
  3.90161487e-24  9.95454334e-07  1.12005142e-31  1.39551858e-27
 -6.61744490e-24 -1.49280251e-24 -1.33717196e-26  1.09598831e-31
  9.95454334e-07  1.52682748e-27 -4.89317188e-13  3.37855178e-13
  2.46959382e-15 -4.91660509e-23  1.03726762e-22  3.48534746e-02]
20.03414535522461,base_link,5.805514653755158,-5.296182224312619,-7.898774299930912e-24,-8.310712653143572e-23,-5.066731831652339e-23,0.9988312831428293,0.04833288544303056,[ 1.38218267e-03 -5.56038201e-04 -2.01322324e-04 -7.15274550e-04
  1.50339793e-03  5.19774689e-04 -2.84884334e-04  6.16222045e-04
  7.07440705e-04 -1.10834907e-04  2.32953294e-04  8.06210400e-05
  3.04071593e-21 -7.28448335e-20  9.99239107e-07  1.64035917e-15
  7.83585391e-17 -3.74050235e-25 -7.26330752e-20 -2.62844911e-20
  1.64035915e-15  9.98480525e-07 -2.34311405e-22 -2.26438603e-23
  5.18807680e-20  1.92699996e-20  7.83585624e-17 -2.14770441e-22
  9.98480525e-07  3.33683749e-23  5.70190020e-19 -1.68514591e-19
 -4.29812202e-21 -3.24721120e-19  6.82491591e-19  9.99999248e-10],-0.004973908501686523,0.06478734207031774,-8.70591172229927e-22,2.292308235860324e-27,-1.2647090647116507e-26,0.010338502552065426,[ 6.12612419e-02 -3.80928395e-04 -2.81996802e-06  5.98934699e-11
 -1.23242275e-10 -3.35824495e-04 -1.64717669e-04  3.58815044e-02
  2.63687145e-04  1.69626600e-11 -3.55741660e-11 -5.22550929e-05
  4.37492517e-19 -4.09286320e-17  9.98859528e-07  4.01214706e-24
  1.91652314e-25  1.22879325e-24  5.71271611e-24  1.61881831e-24
  4.01215211e-24  9.95469025e-07 -1.62780479e-30  2.74608557e-28
 -6.12630641e-24 -1.77068350e-24  1.91627377e-25 -1.62726929e-30
  9.95469025e-07 -1.52196657e-27 -4.77184908e-13  3.19141848e-13
  2.33174882e-15  1.65278048e-22 -3.50481690e-22  3.48536611e-02]
20.084869146347046,base_link,5.802881049211241,-5.292357569067917,-2.326861697678735e-22,-3.274451156868466e-23,-1.8929078589949085e-23,0.9989514513430383,0.045782069193489594,[ 1.36979826e-03 -5.23626459e-04 -2.17713285e-04 -6.19965111e-04
  1.25253937e-03  4.36911081e-04 -2.72876694e-04  5.50783254e-04
  7.12432130e-04 -9.30095064e-05  1.87921997e-04  6.56372732e-05
  1.70796253e-20 -1.20913953e-19  9.99300533e-07  1.45600966e-15
  7.04701329e-17 -6.43478053e-24 -6.07216744e-20 -3.36430899e-20
  1.45600964e-15  9.98603019e-07 -2.16262754e-22 -2.43115177e-23
  3.53636255e-20  1.79994501e-20  7.04701708e-17 -1.94895017e-22
  9.98603019e-07  3.40348328e-23  5.37022973e-19 -1.51013220e-19
 -4.35933414e-21 -2.65487059e-19  5.36416607e-19  9.99999309e-10],-0.0011398610064517081,0.06007384732457892,-4.268763948935207e-21,6.3599725946878925e-27,1.1784153162086462e-26,0.012384151217778132,[ 6.12391270e-02 -3.48642701e-04 -2.58382464e-06  3.64987639e-11
 -7.90238399e-11 -2.81296688e-04 -1.50106614e-04  3.58545035e-02
  2.63517848e-04  1.43359152e-11 -2.89920113e-11 -4.31139389e-05
  6.67038446e-19 -6.79794762e-17  9.98951532e-07  3.57241420e-24
  1.72856886e-25 -2.44545094e-23  2.59140176e-24  1.02428224e-24
  3.57242711e-24  9.95832287e-07 -1.41898918e-30  2.20023558e-27
 -7.74189355e-24 -2.84020218e-24  1.72958481e-25 -1.42360436e-30
  9.95832287e-07  3.67210935e-27 -4.66142638e-13  2.97343638e-13
  2.17125608e-15  2.69100060e-22 -5.37011108e-22  3.48560858e-02]
