time,child_frame_id,pose.pose.position.x,pose.pose.position.y,pose.pose.position.z,pose.pose.orientation.x,pose.pose.orientation.y,pose.pose.orientation.z,pose.pose.orientation.w,pose.covariance,twist.twist.linear.x,twist.twist.linear.y,twist.twist.linear.z,twist.twist.angular.x,twist.twist.angular.y,twist.twist.angular.z,twist.covariance
0.9931716918945312,base_link,4.699900505886819,-4.9541392436193155,-1.8771844120044503e-22,3.320836303239115e-25,-4.8204774876747167e-26,0.9999996710522517,0.0008111075073145234,[ 1.99926869e-03 -7.86019285e-04 -7.87851264e-05 -8.68634817e-04
  8.73297144e-04  2.52966603e-04 -2.06544486e-04  3.48162939e-04
  7.49572195e-04 -7.43962105e-05  7.47989367e-05  2.16842899e-05
  5.58512350e-21 -1.72053567e-20  9.99533419e-07  3.87220886e-17
  4.56549002e-17  1.88385825e-24 -1.16996426e-20 -2.87197109e-21
  3.87220942e-17  9.99067708e-07 -5.54708124e-24 -5.09788154e-25
 -3.80635431e-20 -8.69532260e-21  4.56548876e-17  7.80224826e-24
  9.99067708e-07 -3.37921684e-24  5.89334521e-21 -1.73102730e-21
  1.95182730e-20 -1.21960379e-20  1.22622608e-20  9.99999542e-10],-0.0024285397544467637,0.0019979281248023997,-5.47766072339826e-21,-9.907339716290973e-30,-3.9525457784019356e-29,0.00044964467581191014,[ 6.20112690e-02 -6.09543175e-04 -1.43129080e-05  4.69275086e-11
 -4.95611555e-11 -1.63497764e-04 -1.57870352e-04  3.58026028e-02
  8.30973995e-04  6.91208528e-12 -6.84782061e-12 -9.16919440e-06
  3.44911816e-18 -2.00035301e-16  9.99300454e-07  9.55395189e-26
  1.12698263e-25  7.43853367e-23  1.82238229e-24  2.68995258e-25
  9.55581664e-26  9.97213493e-07 -3.71101712e-32 -3.85442280e-29
  4.39439700e-25  6.05845175e-26  1.12660229e-25 -3.69906498e-32
  9.97213493e-07 -9.58110565e-29 -5.47637548e-15 -8.56432980e-15
 -2.00631384e-16  3.65124109e-23 -3.62879233e-23  3.49024152e-02]
1.064232349395752,base_link,4.695942114296994,-4.948674622338144,-1.0277638012201438e-22,6.792568189018598e-24,6.725346608138196e-24,0.9999998691988687,0.0005114706692527414,[ 2.08116768e-03 -7.42369026e-04 -6.60610534e-05 -8.14515332e-04
  8.60132703e-04  2.34295881e-04 -1.82036834e-04  3.44357708e-04
  7.51942709e-04 -6.50449193e-05  6.86915329e-05  1.87307444e-05
 -5.16160702e-21  2.83226642e-20  9.99439050e-07  1.85134960e-17
  1.93608876e-17  3.13848028e-26  3.63165376e-20  1.00717511e-20
  1.85135096e-17  9.98879356e-07  1.97870765e-23  5.57129392e-24
 -4.12399166e-20 -1.04952676e-20  1.93608740e-17  1.88333667e-23
  9.98879356e-07 -5.60900275e-24 -2.87141532e-21 -3.45622556e-21
  8.60522290e-21 -4.70978339e-21  4.97392392e-21  9.99999448e-10],0.0022560363876598993,-0.0018458394318227424,-1.733293453524879e-21,-6.025882320659895e-28,-7.79032881962868e-28,0.0007473311361151544,[ 6.21209784e-02 -5.72219491e-04 -1.34438420e-05  4.32855736e-11
 -4.88006564e-11 -1.51001779e-04 -1.38867646e-04  3.58150005e-02
  8.31042548e-04  7.19093480e-12 -7.49519407e-12 -8.01044754e-06
 -3.54059772e-19  2.17924637e-17  9.99159045e-07  4.56462270e-26
  4.77421261e-26  4.94712218e-24 -6.05522058e-24 -1.00731858e-24
  4.56298682e-26  9.96653044e-07 -6.40986981e-33 -1.47892781e-28
  3.19886253e-24  4.91138489e-25  4.77144954e-26 -6.04490647e-33
  9.96653044e-07 -1.84731948e-28 -6.57515339e-15 -8.92704964e-15
 -2.09185347e-16 -1.45166617e-24  4.16753055e-25  3.49106187e-02]
1.093508005142212,base_link,4.693326448826051,-4.948570762144239,-4.6358442309207135e-24,-1.609366646454088e-23,-1.4164339867031548e-23,0.9999995178406227,0.000981997210835201,[ 2.12188589e-03 -7.80096350e-04 -1.00013605e-04 -8.98220850e-04
  8.83393573e-04  2.82639594e-04 -2.42341310e-04  4.03668731e-04
  7.70091261e-04 -1.11447292e-04  1.09600167e-04  3.51008547e-05
  1.49951301e-20 -8.34856849e-20  9.99431348e-07 -3.48336077e-17
 -4.32535604e-17  5.45158205e-25 -5.39983504e-21 -1.77347523e-21
 -3.48335984e-17  9.98863987e-07  9.20009754e-24  3.79582338e-24
 -4.00223068e-20 -1.44524997e-20 -4.32535702e-17  1.09352784e-23
  9.98863987e-07 -4.27946074e-24  2.69531633e-22 -6.65878131e-21
 -1.79739841e-20  1.12560869e-20 -1.10693029e-20  9.99999440e-10],0.005069322410929402,-0.0018696207141998989,-4.2331822163151062e-22,-8.865230941591814e-27,3.046315776443642e-27,0.00017492688384454632,[ 6.21800363e-02 -6.04048371e-04 -1.41792248e-05  5.88007150e-11
 -5.37968421e-11 -1.82583992e-04 -1.87039375e-04  3.58448029e-02
  8.31734611e-04  1.15419532e-11 -1.15349760e-11 -1.46102989e-05
  3.89635156e-19 -2.28766658e-17  9.99147506e-07 -8.56971640e-26
 -1.06411710e-25  2.43455583e-24 -3.01145442e-24 -5.86458130e-25
 -8.56120283e-26  9.96607340e-07 -2.51589455e-32  6.88028164e-28
  3.29579775e-24  7.04395990e-25 -1.06439490e-25 -2.55763760e-32
  9.96607340e-07 -2.34974898e-28 -6.30771036e-15 -8.17152335e-15
 -1.91480887e-16 -5.02846436e-23  5.17236645e-23  3.49114292e-02]
1.1638422012329102,base_link,4.6906864088614295,-4.9477825917989335,-7.63629506154254e-24,-3.171827983370368e-24,4.277643642106224e-25,0.9999998167982327,0.0006053127300248786,[ 2.71023816e-03 -1.08306133e-03 -1.32310946e-04 -1.16662249e-03
  1.08834344e-03  2.82381946e-04 -2.65019975e-04  3.71532406e-04
  7.89695415e-04 -7.78847586e-05  7.26574866e-05  1.88582492e-05
  7.72917564e-21 -6.08804931e-21  9.99763148e-07 -1.46936770e-17
 -3.96100633e-17 -2.32507808e-25 -9.76205472e-20 -1.33010642e-20
 -1.46936781e-17  9.99526521e-07 -2.97338255e-24 -1.33961590e-25
  6.29980755e-21  8.93355062e-22 -3.96100639e-17  1.66675301e-24
  9.99526521e-07 -9.98654229e-25  4.75659225e-20 -8.06505459e-21
 -1.62120572e-20  8.54751433e-21 -7.97376073e-21  9.99999772e-10],0.00726738865845077,-0.0022990812819398718,-1.2464775693229642e-22,-1.3163819566103686e-27,6.804684562203014e-28,0.0005773491682543783,[ 6.29153560e-02 -8.12124461e-04 -1.92270057e-05  4.25801688e-11
 -3.87786752e-11 -1.76037257e-04 -1.96203589e-04  3.58719826e-02
  8.32286447e-04  3.53264546e-12 -3.34264792e-12 -7.67225338e-06
  9.53759099e-18 -4.12972607e-16  9.99644806e-07 -3.63260124e-26
 -9.79225309e-26 -3.36426546e-25  1.26662031e-24  1.05820957e-25
 -3.62945164e-26  9.98582238e-07 -2.40465726e-32  1.15295858e-28
  1.61558713e-24  1.38940494e-25 -9.79404689e-26 -2.40720689e-32
  9.98582238e-07 -6.10674378e-29 -4.95939188e-15 -5.14987900e-15
 -1.19864083e-16 -3.00451740e-23  2.84586041e-23  3.49455530e-02]
1.2210688591003418,base_link,4.689772755374881,-4.948746282616036,-4.1026011783200637e-22,-7.375827562186634e-23,-3.4526159085336535e-23,0.9999996657779293,0.0008175842645368837,[ 2.11312401e-03 -8.64369576e-04 -1.26642547e-04 -9.68865590e-04
  8.97912066e-04  2.66850570e-04 -2.48639437e-04  3.69394817e-04
  6.89694782e-04 -1.16048427e-04  1.07545198e-04  3.20074291e-05
 -1.53524722e-21  8.94678551e-21  9.99306278e-07 -9.18127638e-17
 -1.99424310e-16 -3.09811138e-24  2.78462081e-20  1.26260849e-20
 -9.18127585e-17  9.98614478e-07 -1.02669129e-24  7.55241584e-24
 -3.82223617e-20 -1.85023759e-20 -1.99424335e-16  3.31144547e-23
  9.98614478e-07 -1.64187887e-23 -6.12210201e-20 -8.08699750e-21
 -6.77753703e-20  3.61963410e-20 -3.35435570e-20  9.99999315e-10],0.007359385654450167,-0.0014867505596560778,-2.563192728269476e-20,3.775186910285568e-27,4.2494917462724665e-28,0.0002711718487221755,[ 6.22096334e-02 -6.59633428e-04 -1.55200331e-05  5.82462671e-11
 -5.14049274e-11 -1.70626687e-04 -1.89263374e-04  3.58779430e-02
  8.31840629e-04  1.55835468e-11 -1.45555092e-11 -1.36659672e-05
  1.30443074e-18 -6.99310401e-17  9.98960138e-07 -2.25556089e-25
 -4.90176254e-25 -1.15018012e-22  7.81944173e-25  2.06795153e-25
 -2.25666088e-25  9.95866295e-07 -2.56814958e-31 -2.40218670e-28
  4.65289095e-25  1.32478145e-25 -4.90105017e-25 -2.56466779e-31
  9.95866295e-07 -2.72596065e-29 -1.89893442e-15  4.04437904e-16
  1.04928625e-17 -7.05082463e-23  6.37020328e-23  3.49448850e-02]
1.2658686637878418,base_link,4.692299056077258,-4.951302816654069,-7.660808643944887e-23,-1.4506246436793378e-25,2.1002525341341895e-25,0.9999994746270995,0.0010250587909785306,[ 2.23260291e-03 -9.16433753e-04 -8.05451007e-05 -9.95499513e-04
  9.70160552e-04  2.38815541e-04 -2.08296231e-04  3.27407324e-04
  7.00100207e-04 -7.10703960e-05  6.92634724e-05  1.70598292e-05
 -1.21046302e-19  2.12869968e-19  9.99628250e-07 -1.83348169e-17
 -8.83979353e-17 -3.03515410e-25  9.88910966e-20  1.76818128e-20
 -1.83348149e-17  9.99257053e-07  8.08254368e-25  1.27319096e-24
 -1.11437772e-19 -1.88729529e-20 -8.83979388e-17  2.96479627e-24
  9.99257053e-07 -1.75861335e-24 -1.06054894e-20 -4.26256267e-21
 -3.21553709e-20  1.12718327e-20 -1.09855101e-20  9.99999637e-10],0.0038650168084924472,0.0003192197527742988,-2.5315671731671727e-21,-7.045390982093917e-29,-1.6550073398701268e-29,1.6909674756280943e-05,[ 6.23769925e-02 -7.01069832e-04 -1.65072146e-05  4.77435155e-11
 -4.81833027e-11 -1.52003211e-04 -1.57482922e-04  3.58655453e-02
  8.31869116e-04  5.14946171e-12 -4.95604098e-12 -7.28166620e-06
  1.33492392e-18 -6.73289549e-17  9.99442582e-07 -4.51604851e-26
 -2.17730528e-25 -6.67010384e-24 -1.61558713e-24 -1.74483410e-25
 -4.51948973e-26  9.97777743e-07 -4.26093995e-32 -1.24787320e-28
  2.57201472e-24  2.64956290e-25 -2.17710127e-25 -4.25669363e-32
  9.97777743e-07  7.08455345e-29 -8.88507068e-16  2.23683105e-15
  5.36140829e-17  4.35211606e-24 -2.38894635e-24  3.49522822e-02]
1.3254811763763428,base_link,4.699212503887458,-4.954570540617975,3.317258458090277e-23,-4.362919854143793e-24,-7.768630623424979e-23,0.9999978250706368,0.002085630359369158,[ 1.74989720e-03 -6.64067906e-04 -2.40379249e-05 -7.70266537e-04
  7.17945746e-04  1.96468652e-04 -1.89588638e-04  2.98222963e-04
  7.18665934e-04 -1.10434146e-04  1.02924295e-04  2.82119347e-05
 -1.30760711e-20 -6.64920864e-20  9.98995054e-07  9.88926478e-17
  4.89889102e-17  2.00478819e-24 -2.95402740e-20 -1.23349173e-20
  9.88926011e-17  9.97994136e-07 -4.84916030e-23 -1.19780473e-23
  2.73168125e-20  1.25466755e-20  4.89889058e-17 -7.38000501e-24
  9.97994136e-07  6.54175144e-25  2.31241830e-20 -4.64400522e-21
  2.41825484e-20 -1.97868171e-20  1.84406399e-20  9.99999003e-10],-0.0039950387954951665,0.0025395290050945207,-3.9812325273413863e-22,2.731026835290996e-26,-6.811556171209541e-27,-0.0011489504957701727,[ 6.18064110e-02 -5.23654744e-04 -1.22509019e-05  7.32427803e-11
 -6.33099872e-11 -1.29176591e-04 -1.47150829e-04  3.58450413e-02
  8.30701186e-04  1.86619984e-11 -1.75240413e-11 -1.21330662e-05
  1.06387338e-18 -7.20994445e-17  9.98494093e-07  2.41048916e-25
  1.19411422e-25  5.62139582e-25 -4.52364397e-25 -1.09859925e-25
  2.41233550e-25  9.94030158e-07 -4.39123562e-32  1.23441728e-27
  3.87740912e-26  9.69352280e-27  1.19366037e-25 -4.56035693e-32
  9.94030158e-07 -3.10414923e-28 -5.55803115e-16  2.64810960e-15
  6.31380061e-17  4.38216169e-23 -4.17876585e-23  3.49449856e-02]
1.3729169368743896,base_link,4.700697067464383,-4.952894299214546,-5.662315548439907e-23,-6.348232521160273e-23,-4.4216537919179096e-23,0.9999998951440174,0.00045794317784232023,[ 1.55502325e-03 -6.16102654e-04 -1.77906724e-05 -7.15476669e-04
  7.10556028e-04  1.91843213e-04 -1.77524751e-04  2.82755776e-04
  6.88066922e-04 -9.95150294e-05  9.88341215e-05  2.67227773e-05
  1.00585162e-20  5.82335151e-20  9.98982997e-07  9.80411447e-17
  2.21904815e-16 -2.25225801e-25 -4.52103836e-20 -1.74171150e-20
  9.80410963e-17  9.97970118e-07 -5.90682678e-23 -1.01960221e-23
  6.81861523e-20  2.53315791e-20  2.21904881e-16 -7.16408137e-23
  9.97970118e-07  1.35058436e-23  3.72862970e-20  1.09333825e-20
  7.84865263e-20 -3.17597395e-20  3.15433633e-20  9.99998991e-10],-0.005140584615042788,0.0012766488483640637,-3.813442085524069e-21,3.646615304235417e-27,-7.52835538834161e-27,0.0007911836417862001,[ 6.15614536e-02 -4.95577231e-04 -1.15609983e-05  7.00388872e-11
 -7.17743404e-11 -1.28052128e-04 -1.39975920e-04  3.58254910e-02
  8.30368695e-04  1.63226630e-11 -1.61700805e-11 -1.14386136e-05
  9.31736242e-20 -6.61363325e-18  9.98476044e-07  2.37970437e-25
  5.38597547e-25  8.92528101e-24  3.61891518e-25  8.72417052e-26
  2.38002220e-25  9.93959190e-07 -2.03048501e-31  2.42389630e-28
  3.16655078e-24  7.10858339e-25  5.38526324e-25 -2.02585760e-31
  9.93959190e-07 -4.66386196e-28 -1.16309048e-15  1.59648770e-15
  3.85784038e-17  3.70980897e-23 -3.70448956e-23  3.49372232e-02]
1.4267239570617676,base_link,4.694255970235971,-4.947587846054522,8.464724719174841e-24,-3.859178303562479e-23,-4.170223715410453e-23,-0.9999999948418306,0.00010156937921563337,[ 1.81109874e-03 -7.14961861e-04 -6.31315947e-05 -7.99879534e-04
  8.02416862e-04  2.11945650e-04 -1.94992273e-04  3.02074397e-04
  6.91162943e-04 -8.82219994e-05  8.85029844e-05  2.34016911e-05
  9.69455678e-21 -8.32739266e-20  9.99369331e-07 -1.32565397e-17
  4.23206017e-17  2.23610998e-25  3.21872520e-20  1.03232140e-20
 -1.32565638e-17  9.98740250e-07 -3.72529780e-23 -1.00888877e-23
 -7.46447785e-20 -2.35051643e-20  4.23206240e-17 -3.43663495e-23
  9.98740250e-07  9.35509548e-24 -1.70837483e-20  4.08612682e-21
  1.33199509e-20  5.23622929e-24 -5.23107004e-24  9.99999378e-10],0.002595299561139898,-0.0024124710040619515,-4.986716640985858e-22,-7.768248174301553e-27,1.1599161992091145e-26,0.0013779252398670836,[ 6.18710046e-02 -5.70423901e-04 -1.33390339e-05  5.41014802e-11
 -5.49830490e-11 -1.39946501e-04 -1.53854489e-04  3.58304977e-02
  8.31029523e-04  1.03331022e-11 -1.03376450e-11 -9.81874047e-06
 -1.30443074e-18  8.13151629e-17  9.99054592e-07 -3.25636711e-26
  1.03959510e-25  9.88253640e-25 -3.28933540e-24 -6.25232221e-25
 -3.24801829e-26  9.96239650e-07  9.33127903e-33  5.46084878e-28
  5.29912580e-24  9.93586087e-25  1.03834687e-25  9.67429943e-33
  9.96239650e-07 -8.15704113e-28 -1.41980218e-15  6.77721225e-16
  1.70707793e-17 -1.00185634e-23  9.86463085e-24  3.49356498e-02]
1.4511711597442627,base_link,4.692631828960388,-4.946611106407644,-7.992999197986858e-23,-5.4543338600098e-24,-2.2346237273833562e-24,0.9999997649416341,0.0006856505497807641,[ 1.81412316e-03 -7.08851177e-04 -9.62539541e-05 -7.93863409e-04
  7.47056986e-04  2.01530841e-04 -2.28307399e-04  2.77310744e-04
  7.05230421e-04 -1.12501501e-04  1.05859838e-04  2.85945692e-05
 -1.79068059e-20  1.82006205e-19  9.99319189e-07 -5.44954332e-17
 -5.97175912e-17 -1.60547654e-24  2.01170325e-20  8.65561793e-21
 -5.44954294e-17  9.98640228e-07  8.34735792e-24  3.54713458e-24
  1.59348073e-20  7.67623608e-21 -5.97176085e-17  2.75124698e-23
  9.98640228e-07 -8.21035815e-24 -2.41979410e-20 -5.23193676e-21
 -2.35674342e-20  1.58285208e-20 -1.48936553e-20  9.99999328e-10],0.004299018125799966,-0.0030466978341114944,-2.011130132877852e-21,-7.861834421713954e-28,9.599576294221572e-28,0.0004215040614012409,[ 6.18648869e-02 -5.65644354e-04 -1.32280876e-05  5.64420820e-11
 -4.90304477e-11 -1.33056704e-04 -1.81093812e-04  3.58164310e-02
  8.30673807e-04  1.43626043e-11 -1.37359723e-11 -1.18962745e-05
  3.89635156e-19 -2.42861287e-17  9.98979477e-07 -1.33715779e-25
 -1.46539246e-25  7.27726527e-24 -4.78213792e-25 -1.19553448e-25
 -1.33667856e-25  9.95942692e-07 -4.58868172e-32  3.22746496e-28
  3.42504472e-25  9.53196409e-26 -1.46595054e-25 -4.57945910e-32
  9.95942692e-07 -3.76677830e-28 -1.08295227e-15  1.01351219e-15
  2.49059462e-17 -5.14642180e-23  4.98789259e-23  3.49342767e-02]
1.5068440437316895,base_link,4.690405910387155,-4.947015760197158,-2.7578769652864504e-23,2.767824017187216e-24,-3.428869863972527e-24,0.9999999809243697,0.00019532347606564026,[ 2.33851356e-03 -9.02078551e-04 -1.33315568e-04 -9.88192947e-04
  9.50432378e-04  2.75627683e-04 -2.58186745e-04  3.70322356e-04
  7.53549759e-04 -8.38370583e-05  8.06342135e-05  2.33935432e-05
  1.89841259e-19 -2.33198758e-19  9.99700812e-07 -3.02707791e-17
 -4.22260705e-17  8.78413191e-25  4.99220043e-20  8.86737617e-21
 -3.02707745e-17  9.99401981e-07 -1.54551827e-24  7.91201514e-25
 -1.17684640e-19 -2.05537839e-20 -4.22260723e-17 -6.54025685e-24
  9.99401981e-07  6.32947054e-25 -4.14948046e-20  9.72923051e-21
 -1.72721825e-20  1.33014508e-20 -1.27933521e-20  9.99999710e-10],0.006313677705859839,-0.002641662059381997,-3.2555068679427883e-22,2.7251020472183213e-28,8.502218135562507e-28,0.0009385876069250895,[ 6.25126516e-02 -6.98007643e-04 -1.64374118e-05  4.33691233e-11
 -4.21814543e-11 -1.76573902e-04 -1.97991729e-04  3.58796120e-02
  8.32418767e-04  4.65755705e-12 -4.45689957e-12 -9.48012362e-06
 -1.28410195e-18  6.49437101e-17  9.99551351e-07 -7.46540770e-26
 -1.04135726e-25 -2.82098663e-25  3.03730381e-25  3.31195362e-26
 -7.46575153e-26  9.98210211e-07 -4.17445667e-32 -1.79690629e-29
 -4.32977352e-25 -4.68520269e-26 -1.04151529e-25 -4.17019761e-32
  9.98210211e-07 -5.55139435e-29  3.41502509e-17  2.26111718e-15
  5.44373164e-17 -2.86401324e-23  2.74689946e-23  3.49508983e-02]
1.5589425563812256,base_link,4.687624508873818,-4.94256669121356,-1.7697346161693922e-23,5.856605308008984e-24,-6.83572474044644e-24,0.9999999999478258,1.0215105916805562e-05,[ 1.97373293e-03 -7.60637791e-04 -2.87032986e-05 -8.34870567e-04
  8.56705131e-04  2.07739365e-04 -1.63747900e-04  3.00862011e-04
  7.01839912e-04 -5.84899325e-05  6.00209455e-05  1.45649307e-05
 -6.73655891e-21  3.07578839e-20  9.99525876e-07 -3.17024578e-17
 -9.48410121e-17  1.79247298e-25  1.08420217e-19  1.90053018e-20
 -3.17024605e-17  9.99052649e-07 -1.05672076e-23 -1.02565538e-24
 -1.83700270e-20 -3.11019910e-21 -9.48410159e-17 -2.31069101e-24
  9.99052649e-07 -1.00398255e-24  1.65278053e-20 -1.12131465e-20
 -3.56864804e-20  1.24151063e-20 -1.27402352e-20  9.99999535e-10],0.008732081869928963,-0.005633195946141857,-1.4172620102874566e-21,-7.42359234575631e-28,5.414497109542351e-27,0.0010976306990624694,[ 6.20593809e-02 -5.94500452e-04 -1.39651571e-05  4.94133387e-11
 -5.18750961e-11 -1.34589610e-04 -1.26570463e-04  3.58488560e-02
  8.31488683e-04  5.22971994e-12 -5.33031563e-12 -6.23475997e-06
  2.11588830e-18 -1.26092713e-16  9.99289150e-07 -7.76692207e-26
 -2.32351610e-25  2.15797997e-24 -2.83697101e-24 -3.00499207e-25
 -7.76771077e-26  9.97168631e-07 -6.12898668e-32 -3.46519756e-29
  1.64789888e-24  1.70444443e-25 -2.32288624e-25 -6.15284830e-32
  9.97168631e-07  2.70535110e-28  1.51279576e-15  4.22237115e-15
  1.00287700e-16  7.75242901e-24 -6.84686957e-24  3.49500004e-02]
1.608006238937378,base_link,4.686818485585589,-4.9429309886788735,1.454704894629093e-23,1.3700522925515783e-23,3.614735152529826e-23,-0.9999997298511984,0.0007350493385036425,[ 1.84075069e-03 -6.90582980e-04 -1.19702510e-05 -7.70448308e-04
  8.42506132e-04  2.03758889e-04 -1.59428193e-04  3.09816591e-04
  7.64238669e-04 -6.86723836e-05  7.50959018e-05  1.81786409e-05
  2.80579664e-21 -3.82223617e-20  9.99422465e-07 -6.06947974e-17
 -1.90881366e-16 -8.24371110e-25 -3.75870870e-21 -8.60267837e-22
 -6.06948154e-17  9.98846261e-07 -4.03777709e-23 -4.91944062e-24
 -1.95876369e-20 -4.57927187e-21 -1.90881357e-16 -2.74186693e-23
  9.98846261e-07  1.94831904e-24 -3.92142547e-20 -8.42365274e-21
 -7.59769446e-20  2.28155053e-20 -2.49497520e-20  9.99999431e-10],0.00867761037464794,-0.0052195761059206985,3.3090855251708408e-21,1.6473398147874457e-27,-2.1878308795250894e-27,0.0018919568441849123,[ 6.19019253e-02 -5.46630472e-04 -1.28105088e-05  5.13653857e-11
 -5.67730427e-11 -1.33445204e-04 -1.25791878e-04  3.58490944e-02
  8.31443564e-04  7.25576840e-12 -7.91466930e-12 -7.64804019e-06
 -3.51179860e-18  2.28007717e-16  9.99134196e-07 -1.48778896e-25
 -4.67911624e-25 -9.76313332e-24 -8.27180613e-25 -1.16322274e-25
 -1.48771662e-25  9.96554629e-07 -1.93941272e-31  6.21181843e-29
  4.42670875e-24  6.17154285e-25 -4.67922774e-25 -1.93917324e-31
  9.96554629e-07 -9.09000950e-29  3.35707406e-15  6.61314536e-15
  1.56187213e-16 -1.61108265e-23  1.80520349e-23  3.49469888e-02]
1.6745319366455078,base_link,4.6929582576847055,-4.949047032081161,-5.866853742081181e-24,8.323543583129478e-24,6.84474513644853e-24,0.9999998566557671,0.0005354329513683395,[ 1.74643929e-03 -6.42081359e-04 -4.61919127e-05 -7.24372293e-04
  7.22909593e-04  1.91034040e-04 -1.76565736e-04  2.91457014e-04
  6.75782995e-04 -8.60215214e-05  8.58402918e-05  2.27182729e-05
 -5.45939204e-22 -1.24937360e-20  9.99161389e-07 -1.64442846e-17
 -7.77339493e-17 -3.60902402e-25  3.57871420e-20  1.35525272e-20
 -1.64442808e-17  9.98325585e-07  4.55203098e-24  1.60899953e-24
 -3.40930761e-20 -1.44524997e-20 -7.77339544e-17  5.86707364e-24
  9.98325585e-07 -1.95303961e-24 -1.09518972e-20 -5.91914937e-21
 -2.55806332e-20  7.56477973e-21 -7.54841382e-21  9.99999170e-10],0.0010144673710979143,-0.0008157390580975235,-2.948366784379845e-22,3.2705478789816794e-27,5.211239974788467e-27,0.0003518933005176158,[ 6.17780227e-02 -5.13585284e-04 -1.20074198e-05  5.59870280e-11
 -5.09069089e-11 -1.26279062e-04 -1.40551478e-04  3.58324051e-02
  8.30832866e-04  1.26770241e-11 -1.28003629e-11 -9.56301720e-06
  1.62799732e-18 -1.12648606e-16  9.98743137e-07 -4.02271956e-26
 -1.90150321e-25 -2.68534957e-25  9.69352280e-25  2.21335437e-25
 -4.01942628e-26  9.95010081e-07 -1.43224591e-32  2.25588670e-28
 -2.58493941e-25 -6.30078982e-26 -1.90099538e-25 -1.52858521e-32
  9.95010081e-07  3.51711699e-28  5.21803128e-15  8.14230411e-15
  1.91791772e-16  8.95418740e-24 -1.14292748e-23  3.49408987e-02]
1.7192726135253906,base_link,4.695499302017454,-4.950574810761739,-6.822776038342641e-23,2.8905211535545895e-24,2.4653444349695643e-24,0.9999987133783436,0.0016041326807264497,[ 1.71940582e-03 -6.82617349e-04 -1.44040151e-05 -7.91583118e-04
  7.88696377e-04  2.02000784e-04 -1.72598928e-04  2.98312669e-04
  6.45822544e-04 -9.46890084e-05  9.43415750e-05  2.41939762e-05
 -1.38106075e-20 -1.16255272e-19  9.99168422e-07 -2.28324049e-17
  7.50603894e-18  1.01427082e-24 -1.71524172e-20 -5.39983504e-21
 -2.28323759e-17  9.98339603e-07  3.40510528e-23  8.68280748e-24
  5.74923613e-20  1.85023759e-20  7.50600934e-18  3.53066576e-23
  9.98339603e-07 -8.97182170e-24 -1.47873786e-20  1.45221573e-21
  7.39415607e-22  3.68489434e-21 -3.67135767e-21  9.99999177e-10],-0.0019202050546450068,0.00028022674982224917,-1.6934403245845216e-21,-4.452046124600203e-29,-5.661521386331237e-28,-0.0008962493593722675,[ 6.17349323e-02 -5.46883792e-04 -1.27807802e-05  7.23383350e-11
 -7.07334444e-11 -1.33849207e-04 -1.37519091e-04  3.58295441e-02
  8.30863210e-04  1.37315760e-11 -1.37259558e-11 -1.01632979e-05
 -2.59192082e-19  1.69135539e-17  9.98753668e-07 -5.58663709e-26
  1.83629928e-26 -5.83069915e-24  1.39586728e-24  2.66571877e-25
 -5.58735572e-26  9.95051583e-07  1.94346480e-33 -2.90382474e-29
  2.94683093e-24  5.71917845e-25  1.82966245e-26  2.85072981e-33
  9.95051583e-07 -5.37231503e-28  5.42699388e-15  7.78440897e-15
  1.83388010e-16  5.86427340e-24 -6.05447632e-24  3.49372068e-02]
1.7600297927856445,base_link,4.700144561779004,-4.955958323116642,6.063322661793088e-23,-1.733757638581734e-25,-4.5074729269226775e-24,0.9999981135295879,0.0019424050209810933,[ 1.79282509e-03 -6.79122764e-04 -7.20369049e-05 -7.83374263e-04
  8.20657067e-04  2.51972686e-04 -2.07659134e-04  3.71631199e-04
  7.37223662e-04 -1.02375180e-04  1.07256177e-04  3.29620490e-05
 -1.24407964e-20  1.22237442e-19  9.99336238e-07  7.05177326e-17
  1.03467470e-16 -2.71530112e-24 -6.78685149e-20 -2.41404390e-20
  7.05177098e-17  9.98674234e-07 -2.74905497e-23 -5.07255497e-24
 -1.34466480e-20 -4.26163452e-21  1.03467480e-16 -1.19345670e-23
  9.98674234e-07  3.03499077e-25  2.25229002e-20 -3.22645029e-21
  4.10946071e-20 -2.26508138e-20  2.37319746e-20  9.99999345e-10],-0.00687321224321705,0.003989670045425574,5.953890641142096e-22,1.6851108284534343e-28,-8.321809706777642e-28,-0.0012050711524206402,[ 6.18238511e-02 -5.41307032e-04 -1.26515375e-05  5.37729623e-11
 -6.17027079e-11 -1.66414826e-04 -1.63272023e-04  3.58586311e-02
  8.31820612e-04  1.15515508e-11 -1.19480700e-11 -1.38700218e-05
 -2.10064171e-19  1.37693676e-17  9.99005016e-07  1.72094109e-25
  2.52497957e-25  4.07403068e-24  1.63497418e-24  3.53813582e-25
  1.72096910e-25  9.96043591e-07 -1.05442691e-31  4.72498824e-29
  4.31684882e-24  8.33642961e-25  2.52449660e-25 -1.05126592e-31
  9.96043591e-07 -3.40997165e-28  5.05123609e-15  6.82925396e-15
  1.61060933e-16  4.39527721e-23 -4.48614815e-23  3.49335072e-02]
1.8108649253845215,base_link,4.703336261431042,-4.957915497304277,5.440032936985771e-23,-1.3734945902053014e-24,-9.307480925861515e-24,0.9999968814155831,0.002497430501179733,[ 1.96189305e-03 -7.40285031e-04 -4.73839835e-05 -8.32351354e-04
  8.00879252e-04  2.09004236e-04 -1.90161663e-04  3.17835860e-04
  6.94151427e-04 -8.88585014e-05  8.54945854e-05  2.23345263e-05
  1.72384440e-21 -6.13040096e-20  9.99352169e-07  1.02588284e-16
  1.80141667e-16 -4.26827296e-24 -4.55280209e-21 -1.27054942e-21
  1.02588249e-16  9.98706013e-07 -5.07313727e-23 -5.80347306e-24
 -4.48398066e-20 -1.38966343e-20  1.80141686e-16 -3.19994293e-23
  9.98706013e-07  8.73286399e-25  2.14688330e-20  1.05962160e-20
  6.74554102e-20 -3.42696610e-20  3.29712965e-20  9.99999361e-10],-0.00967794376641111,0.005194126298383962,-8.071499505821063e-22,-1.0448785956551045e-27,-2.0236356135481967e-27,-0.0017515032883196756,[ 6.20236215e-02 -5.84475696e-04 -1.36729639e-05  5.68196795e-11
 -5.16610231e-11 -1.37203221e-04 -1.46359205e-04  3.58276367e-02
  8.31189899e-04  1.00306322e-11 -9.72786480e-12 -9.56743514e-06
 -1.90751820e-18  1.16009632e-16  9.99028881e-07  2.51749219e-25
  4.42067330e-25 -2.61388367e-24 -2.64956290e-24 -4.68520269e-25
  2.51715793e-25  9.96137971e-07 -2.76739425e-31 -1.90742957e-28
  4.25222534e-24  7.99715631e-25  4.41994848e-25 -2.75969443e-31
  9.96137971e-07 -3.77595812e-28  3.41533764e-15  4.14005310e-15
  9.81089773e-17  7.41163096e-23 -7.09193086e-23  3.49313791e-02]
1.8764350414276123,base_link,4.706135076473066,-4.959270867930922,-8.105597949862649e-24,1.1662602855922972e-25,1.952423878993571e-24,0.9999983766488397,0.0018018600626366712,[ 2.17078044e-03 -8.47320742e-04 -1.13628124e-04 -9.49947516e-04
  8.99436474e-04  2.58740177e-04 -2.47158547e-04  3.54850599e-04
  7.23335083e-04 -1.06789017e-04  1.01109263e-04  2.91084738e-05
 -1.24937360e-20  3.00167301e-20  9.99542431e-07  9.02312310e-17
  1.69270445e-16 -5.07663203e-26  2.85344224e-20  8.23210146e-21
  9.02312341e-17  9.99085698e-07 -2.64251119e-23  2.00244164e-24
  4.23516474e-21  1.24407964e-21  1.69270445e-16 -3.29616848e-23
  9.99085698e-07 -1.13936885e-25  6.14577020e-20 -7.70178821e-21
  6.60680939e-20 -3.69822523e-20  3.50151169e-20  9.99999552e-10],-0.011382334491457482,0.005880018173574693,-4.899409779533407e-22,2.1091000489889003e-27,-8.772837055079433e-28,-0.0008418829030516792,[ 6.22665763e-02 -6.58843666e-04 -1.54553758e-05  5.37164135e-11
 -5.00339891e-11 -1.67845554e-04 -1.88887119e-04  3.58474255e-02
  8.31894046e-04  9.32059948e-12 -8.86716162e-12 -1.22292857e-05
  1.18923426e-18 -6.39679282e-17  9.99313959e-07  2.22327088e-25
  4.17080047e-25  1.72465078e-23  1.03397577e-25  2.26182199e-26
  2.22420474e-25  9.97267063e-07 -3.25179895e-31  6.24023125e-28
 -2.97268033e-25 -5.49299626e-26  4.17040904e-25 -3.25471731e-31
  9.97267063e-07 -2.59466080e-28 -1.73823337e-17 -4.59727132e-16
 -9.95335671e-18  8.94761531e-23 -8.45545100e-23  3.49345653e-02]
1.9193017482757568,base_link,4.704194283271978,-4.956320664937237,2.559830603744724e-24,-3.2284511664903767e-25,-4.09470021766357e-24,0.9999978337011018,0.002081488194429914,[ 1.95965689e-03 -8.16843632e-04 -7.84018760e-05 -9.57279575e-04
  8.54979633e-04  2.41241024e-04 -2.39233646e-04  3.40699029e-04
  6.65154605e-04 -1.51283587e-04  1.35107326e-04  3.81718928e-05
 -6.46855239e-22 -2.95402740e-20  9.99210473e-07  9.92290040e-17
  2.31446417e-16  1.44353470e-24 -4.79632406e-20 -2.09111259e-20
  9.92290332e-17  9.98423433e-07  3.28118642e-24  9.14903425e-24
  1.99052743e-20  9.47618110e-21  2.31446410e-16 -2.63504966e-23
  9.98423433e-07 -6.91158905e-25  6.90903899e-21  1.01488987e-20
  7.68733791e-20 -4.56617431e-20  4.07780369e-20  9.99999219e-10],-0.00828836016116691,0.003689720397901841,-2.4329204277219483e-22,-7.048187888521196e-28,-1.3349927904315042e-28,-0.001097043614455447,[ 6.19998660e-02 -6.39505684e-04 -1.49688601e-05  7.92369073e-11
 -6.63022513e-11 -1.57656086e-04 -1.83798373e-04  3.58371735e-02
  8.31306649e-04  2.09053776e-11 -1.88546822e-11 -1.62247422e-05
  1.12994195e-18 -6.26668856e-17  9.98816642e-07  2.42661001e-25
  5.66002311e-25 -3.68963306e-24  4.74336383e-24  1.25692679e-24
  2.42723508e-25  9.95299847e-07 -2.79683249e-31  4.46652628e-28
 -3.02437911e-24 -8.65954704e-25  5.66011055e-25 -2.80453187e-31
  9.95299847e-07  8.75041366e-29 -2.67670755e-15 -3.47957069e-15
 -8.05392399e-17  3.44136082e-23 -2.52730124e-23  3.49307685e-02]
1.9770877361297607,base_link,4.704919146484293,-4.957139250774953,-3.788038477478141e-23,-1.4966036099137787e-24,-8.96440317895544e-25,0.9999985613926677,0.0016962348289567373,[ 1.88689536e-03 -8.04398078e-04 -6.72681888e-05 -9.13050854e-04
  9.53927903e-04  2.51803451e-04 -2.17826760e-04  3.38025187e-04
  6.97450462e-04 -9.72388336e-05  1.01604252e-04  2.68532839e-05
 -9.51257704e-22 -7.87740641e-20  9.99238962e-07  9.83003757e-17
  2.01090739e-16 -1.36581250e-26 -1.49289557e-20 -5.05572790e-21
  9.83003827e-17  9.98480236e-07 -1.61708136e-23  2.59221545e-24
 -4.23516474e-22 -1.32348898e-22  2.01090727e-16 -9.43259343e-24
  9.98480236e-07 -4.57048967e-24  2.69646856e-20  3.16172341e-21
  7.25932362e-20 -3.46049371e-20  3.61609488e-20  9.99999247e-10],-0.008100227215677646,0.004112956412497255,-1.4778166640416329e-21,1.7304325204956248e-27,-6.160987725690304e-28,-0.0005742971355344806,[ 6.18985881e-02 -6.27018511e-04 -1.46881441e-05  6.76395805e-11
 -7.87093753e-11 -1.64118801e-04 -1.66337937e-04  3.58374119e-02
  8.31355338e-04  1.39326531e-11 -1.42770512e-11 -1.16524184e-05
  2.60716741e-18 -1.47776756e-16  9.98859310e-07  2.41500418e-25
  4.93912960e-25 -5.18948755e-23  4.39439700e-25  8.56261181e-26
  2.41284017e-25  9.95468203e-07 -2.54518715e-31 -1.45773046e-27
 -1.04690046e-24 -1.85792520e-25  4.94019002e-25 -2.53098599e-31
  9.95468203e-07  5.48906852e-28 -4.87823638e-15 -5.92248147e-15
 -1.37853183e-16  1.02291304e-22 -1.08152214e-22  3.49318332e-02]
2.0221900939941406,base_link,4.699390239979954,-4.952168475238944,-1.1753876117117916e-23,1.404154112712705e-23,9.269906075017231e-24,0.9999991545880222,0.0013003165924922694,[ 1.90114588e-03 -7.82458737e-04 -1.14333005e-04 -9.09605246e-04
  8.99901250e-04  2.64112884e-04 -2.57496853e-04  3.66120876e-04
  7.04180050e-04 -1.45765305e-04  1.44209118e-04  4.23690198e-05
  7.72255820e-21 -6.76567567e-20  9.99324728e-07  3.02958870e-17
  9.98712807e-17 -4.01017705e-25 -9.31736242e-20 -4.06575815e-20
  3.02958726e-17  9.98651275e-07 -2.18851356e-23 -5.11566969e-24
  8.58679650e-20  3.79047244e-20  9.98713043e-17 -3.31326930e-23
  9.98651275e-07  8.33179059e-24  6.99802553e-21  5.86004473e-21
  3.54232552e-20 -1.76927356e-20  1.75037644e-20  9.99999333e-10],-0.0012761987760209123,0.0005860297517401538,-4.998629904189972e-22,6.865224522770437e-27,-1.4803629820725673e-27,-0.0001140028435079893,[ 6.19253811e-02 -6.14888966e-04 -1.43916680e-05  6.56013383e-11
 -6.43674673e-11 -1.72984267e-04 -1.99772418e-04  3.58469486e-02
  8.31756021e-04  1.70751642e-11 -1.69156897e-11 -1.77930678e-05
 -3.90143376e-18  2.25514052e-16  9.98987774e-07  7.41673114e-26
  2.44490312e-25  1.03350911e-24  2.15842441e-24  5.62224323e-25
  7.40106058e-26  9.95975463e-07 -4.45800098e-32 -1.09230888e-27
 -1.64143653e-24 -4.29746178e-25  2.44528946e-25 -4.35653032e-32
  9.95975463e-07  2.55892945e-28 -6.03694485e-15 -6.96515870e-15
 -1.62255603e-16 -1.08360249e-23  1.11288383e-23  3.49286672e-02]
2.0561187267303467,base_link,4.698397613547299,-4.952809010933623,-5.1024621143976724e-24,-3.380295113563921e-23,-3.5022948140520464e-23,0.9999999245703142,0.0003884061867587466,[ 1.76486844e-03 -7.97546483e-04 -3.79797403e-06 -9.32742754e-04
  9.31148856e-04  2.23890769e-04 -1.84882883e-04  3.30971889e-04
  6.42723536e-04 -1.12350659e-04  1.12161509e-04  2.70017426e-05
  8.12622234e-21  4.59515374e-20  9.99109206e-07  3.88715958e-17
  3.84134208e-17  6.29141124e-24 -1.06937910e-20 -3.54695047e-21
  3.88716750e-17  9.98221575e-07  6.43168848e-23  1.58997749e-23
  1.10114283e-20  3.52048069e-21  3.84133428e-17  6.24186881e-23
  9.98221575e-07 -1.54167228e-23  1.35268716e-20  9.70379794e-22
  1.44323782e-20 -1.15594500e-20  1.15402082e-20  9.99999117e-10],-3.478262053893838e-05,0.00102082688901549,-8.533738724773695e-22,8.423473662534333e-27,-9.137616982608128e-27,0.0009502983179965727,[ 6.17521064e-02 -6.32170588e-04 -1.47712705e-05  8.07655004e-11
 -8.27651092e-11 -1.47518211e-04 -1.43390149e-04  3.58245373e-02
  8.31043081e-04  1.59109563e-11 -1.58553160e-11 -1.15975000e-05
  1.57039908e-18 -8.82540568e-17  9.98664996e-07  9.44989477e-26
  9.33958192e-26  1.02895556e-23  9.43502886e-25  1.84176933e-25
  9.43443475e-26  9.94702246e-07 -1.81612412e-32 -1.11586817e-27
 -9.69352280e-25 -1.80945759e-25  9.35662979e-26 -1.83817287e-32
  9.94702246e-07  1.21731779e-27 -6.28148961e-15 -6.87896463e-15
 -1.60189926e-16 -7.17593816e-24  6.72057818e-24  3.49242153e-02]
2.1188042163848877,base_link,4.694335740125836,-4.950307141323296,-6.761752707658066e-23,-1.6024276573810197e-24,-1.7606314626837764e-24,0.9999992405008804,0.0012324762319981292,[ 1.75339152e-03 -7.13507005e-04 -3.25147467e-05 -8.14486589e-04
  8.01749313e-04  2.13532870e-04 -1.77712922e-04  3.26597932e-04
  6.50224094e-04 -9.04936643e-05  8.90829851e-05  2.37608827e-05
  1.19775753e-20  6.00334601e-20  9.98942496e-07 -2.10455964e-18
 -8.42987208e-17 -3.92213198e-24 -4.85985153e-20 -1.71788870e-20
 -2.10454191e-18  9.97889450e-07  2.78319884e-23  7.47707703e-24
  1.73641754e-20  5.77041195e-21 -8.42987370e-17  2.66919144e-23
  9.97889450e-07 -7.06110792e-24 -7.61290507e-22 -1.19154818e-20
 -2.44450414e-20  6.37429419e-21 -6.27535022e-21  9.99998950e-10],0.0044532349779420515,-0.0007395138176201569,1.523653870046078e-21,-5.375105374584621e-28,-2.1557986321038855e-28,-3.2596109059784774e-05,[ 6.17256389e-02 -5.65059483e-04 -1.32009934e-05  6.75600999e-11
 -7.05937204e-11 -1.40736353e-04 -1.38338655e-04  3.58161926e-02
  8.30749038e-04  1.45060029e-11 -1.42588461e-11 -1.02389350e-05
 -2.26666017e-18  1.42572586e-16  9.98415417e-07 -5.10558409e-27
 -2.05292361e-25 -2.16069278e-23  1.58973774e-24  3.44120060e-25
 -5.02683593e-27  9.93721189e-07 -2.15193014e-34  6.53123585e-28
  6.20385459e-25  1.26015796e-25 -2.05231047e-25 -2.27373083e-33
  9.93721189e-07  2.98540112e-28 -6.30777347e-15 -6.09953169e-15
 -1.41965077e-16 -2.91978112e-23  2.82437426e-23  3.49195791e-02]
2.1683640480041504,base_link,4.690327208773262,-4.948395070152993,-4.711367584061231e-23,3.818335867324279e-23,4.2393186929242703e-23,0.9999998468790297,0.0005533912876798117,[ 1.91458286e-03 -7.80171729e-04 -8.64465516e-05 -9.01360016e-04
  8.95074743e-04  2.62892275e-04 -2.22055358e-04  3.72330673e-04
  6.56843392e-04 -1.13976538e-04  1.13183913e-04  3.32766838e-05
  4.95646623e-21 -4.06575815e-20  9.99335131e-07 -3.96162403e-17
 -1.26186897e-16  1.35756988e-24 -9.37030198e-20 -3.18431449e-20
 -3.96162616e-17  9.98672028e-07 -4.77747502e-23 -1.18404942e-23
  8.59738441e-20  2.84814829e-20 -1.26186878e-16 -4.40755859e-23
  9.98672028e-07  1.06777831e-23 -4.20567962e-20 -1.88757010e-20
 -4.12726603e-20  1.92262939e-20 -1.90928374e-20  9.99999344e-10],0.008469807632388547,-0.0020114300030284167,-3.0703152281418985e-21,2.6124029038328138e-27,7.14960818653484e-27,0.0007216459572721852,[ 6.19232127e-02 -6.16133213e-04 -1.44156011e-05  6.44212987e-11
 -6.52676560e-11 -1.72418925e-04 -1.73650682e-04  3.58345509e-02
  8.31736646e-04  1.31315616e-11 -1.29977219e-11 -1.39321696e-05
  3.21872520e-19 -1.85398571e-17  9.99003359e-07 -9.71692236e-26
 -3.09519175e-25  3.36565231e-23  4.35562291e-24  8.88572924e-25
 -9.72006252e-26  9.96037073e-07 -7.30685892e-32 -2.11865779e-28
  4.52364397e-25  8.88572924e-26 -3.09595484e-25 -7.21166117e-32
  9.96037073e-07 -5.80870759e-28 -5.68581115e-15 -4.57744736e-15
 -1.06432097e-16 -5.45266956e-23  5.39487883e-23  3.49179202e-02]
2.210916519165039,base_link,4.691120563105136,-4.947551863351766,-6.547657082498398e-24,-9.321729382573722e-25,3.3640442036840415e-24,0.9999998610602576,0.0005271427373509442,[ 1.82897371e-03 -7.22151279e-04 -3.05317174e-05 -8.16004430e-04
  7.79774831e-04  2.12727207e-04 -1.74585628e-04  3.33305179e-04
  7.01183195e-04 -8.77373594e-05  8.38449732e-05  2.29081145e-05
  3.65282959e-21  3.11284608e-20  9.99031389e-07 -8.41869559e-17
 -2.41124364e-16  1.03458629e-24 -1.79994501e-21 -7.41153829e-22
 -8.41869369e-17  9.98066520e-07 -6.96590754e-24  3.82625209e-24
 -1.16467030e-20 -4.26163452e-21 -2.41124364e-16 -2.48028005e-23
  9.98066520e-07  1.00492704e-24 -3.39790286e-20 -2.47974272e-20
 -8.31651663e-20  3.04875972e-20 -2.91359522e-20  9.99999039e-10],0.006824198780652136,-0.0025291517360070273,-4.279779026311775e-22,-1.0905770852892703e-27,5.1501936017480445e-28,0.0006992030062676091,[ 6.18067582e-02 -5.71209937e-04 -1.33571724e-05  5.84922225e-11
 -5.85437920e-11 -1.39750770e-04 -1.36658549e-04  3.58133316e-02
  8.30923708e-04  1.34911496e-11 -1.28646013e-11 -9.74628139e-06
 -4.82808780e-19  3.00324002e-17  9.98548488e-07 -2.05616485e-25
 -5.88955405e-25 -1.08615260e-23 -6.65621899e-25 -1.56711952e-25
 -2.05672323e-25  9.94243959e-07 -2.02282460e-31 -3.57386601e-28
  1.38294259e-24  3.05345968e-25 -5.88920886e-25 -2.01992959e-31
  9.94243959e-07  1.89142559e-28 -4.72055146e-15 -2.37776378e-15
 -5.49549575e-17 -5.49648738e-23  5.31650005e-23  3.49152322e-02]
2.2769556045532227,base_link,4.694533575686697,-4.950370667112735,-7.727328338001944e-24,1.4742146798467573e-23,2.0909285768860678e-23,0.9999998613942518,0.000526508762679344,[ 1.71282695e-03 -6.42250241e-04 -1.40284225e-05 -7.00930795e-04
  7.01100815e-04  1.52541472e-04 -1.44425918e-04  2.39969224e-04
  6.97240953e-04 -6.27622641e-05  6.27825025e-05  1.36781041e-05
  2.72638730e-21  3.03873070e-20  9.99185068e-07 -6.22709696e-17
 -1.12394458e-16 -1.09292827e-24  3.19754938e-20  9.95263713e-21
 -6.22709942e-17  9.98372785e-07 -2.46574307e-23 -3.50332680e-24
  2.23934335e-20  6.22039821e-21 -1.12394439e-16 -1.98654488e-23
  9.98372785e-07  2.45950353e-24 -1.71141730e-20 -2.71960830e-21
 -4.30297091e-20  1.63281061e-20 -1.63343238e-20  9.99999193e-10],0.002172289070549127,-0.0004598711334771372,-6.315552776312101e-21,-1.032609386798561e-26,-8.373704225046202e-27,0.0006653368587959317,[ 6.16532543e-02 -5.11033460e-04 -1.19509706e-05  4.79340090e-11
 -5.24927247e-11 -1.00829908e-04 -1.13554299e-04  3.57625484e-02
  8.30030975e-04  8.94143727e-12 -8.85644692e-12 -5.86918243e-06
  6.94567017e-20 -4.87890978e-18  9.98778595e-07 -1.52178932e-25
 -2.74697174e-25 -1.91036419e-23  5.16987883e-26  1.29246971e-26
 -1.52066816e-25  9.95149822e-07 -8.16223952e-32  5.12584321e-28
 -2.48154184e-24 -4.16821481e-25 -2.74592915e-25 -8.35370310e-32
  9.95149822e-07  4.08670372e-28 -3.26083573e-15 -3.48864072e-16
 -7.54932985e-18 -1.77634981e-23  1.91917025e-23  3.49113807e-02]
2.318906784057617,base_link,4.692672713276932,-4.949040051423446,1.4422177373069044e-23,5.687889043850543e-24,-1.5882202744092586e-23,0.999999680808938,0.000798988123868676,[ 1.77892731e-03 -6.66260254e-04 -4.76470269e-05 -7.65538900e-04
  7.05756296e-04  1.96425964e-04 -1.95764573e-04  2.87913790e-04
  6.75830702e-04 -1.04528475e-04  9.63608857e-05  2.68499454e-05
 -2.87197109e-21 -1.22713898e-19  9.99257797e-07 -3.28038946e-17
 -5.89169330e-17 -3.89378034e-24  2.72109334e-20  9.34383220e-21
 -3.28038922e-17  9.98517791e-07  1.55655670e-23  5.06478628e-24
  1.13290657e-20  4.10281584e-21 -5.89169124e-17 -9.74623150e-24
  9.98517791e-07  1.83531132e-24 -1.98906564e-20 -4.49150025e-21
 -2.16736881e-20  1.05856949e-20 -9.75831581e-21  9.99999266e-10],0.0040764281553912745,-0.001354738523645333,4.496234459253607e-22,8.957904966850353e-28,-1.7533941027036835e-27,0.00031905512778756157,[ 6.17383764e-02 -5.31908125e-04 -1.24403703e-05  6.45537015e-11
 -5.68902931e-11 -1.30007423e-04 -1.55236572e-04  3.57818604e-02
  8.30646079e-04  1.34014841e-11 -1.24548349e-11 -1.11907347e-05
  1.81434457e-18 -1.21213803e-16  9.98887519e-07 -8.01972910e-26
 -1.43999656e-25 -7.82333714e-24 -2.06795153e-24 -4.32977352e-25
 -8.01984737e-26  9.95579490e-07 -2.51819718e-32 -8.41704469e-29
 -1.09859925e-24 -2.40722483e-25 -1.43983183e-25 -2.53076479e-32
  9.95579490e-07  1.64220622e-28 -2.65341912e-15  1.08522708e-16
  3.13430269e-18 -1.76097753e-23  1.57655341e-23  3.49085983e-02]
2.3768720626831055,base_link,4.689329365148264,-4.945680772114911,-5.897117471283246e-23,9.04702763334547e-24,8.638064299779613e-24,0.9999998973304387,0.000453143588675513,[ 2.01155341e-03 -7.77474357e-04 -1.36508561e-04 -8.83999488e-04
  8.23189667e-04  2.59776577e-04 -2.63872949e-04  3.57291545e-04
  7.05176265e-04 -1.22596933e-04  1.14159040e-04  3.60547934e-05
  4.26428149e-20 -1.22290382e-19  9.99503734e-07 -3.98815234e-17
 -7.71540602e-17 -1.39700549e-24  7.21036796e-20  2.48286533e-20
 -3.98815375e-17  9.99008451e-07 -2.45561046e-23 -5.79848249e-24
 -2.16522797e-20 -7.91446410e-21 -7.71540471e-17 -2.53765997e-23
  9.99008451e-07  5.64067030e-24 -1.37672839e-20 -8.20290941e-21
 -2.85054745e-20  1.72472757e-20 -1.60599497e-20  9.99999513e-10],0.007304170368543972,-0.003598327954606367,-5.130138889577874e-22,-1.1479852786763265e-27,4.760380008562324e-28,0.0006529153057304885,[ 6.20258620e-02 -6.13544136e-04 -1.43867585e-05  5.41966657e-11
 -4.83415189e-11 -1.69616355e-04 -2.07122415e-04  3.58164310e-02
  8.31783639e-04  1.10736521e-11 -1.04324540e-11 -1.47295016e-05
  3.85399991e-18 -2.22803546e-16  9.99255969e-07 -9.80640077e-26
 -1.89714965e-25  5.09596201e-25 -3.70292571e-24 -7.56094779e-25
 -9.80321763e-26  9.97037069e-07 -6.01020367e-32  2.20994259e-28
  3.78693624e-24  8.15871503e-25 -1.89726392e-25 -6.02095196e-32
  9.97037069e-07 -8.53449123e-29 -1.60813895e-15  1.42112477e-15
  3.39251262e-17 -3.58982534e-23  3.33853796e-23  3.49106347e-02]
2.4227113723754883,base_link,4.689607041769983,-4.948043959446877,7.957430469011654e-23,-7.9095380151152535e-25,8.399763554457245e-24,0.9999989115370072,0.0014754405446998629,[ 1.86780290e-03 -7.03014259e-04 -1.12095247e-04 -7.88714080e-04
  7.43002057e-04  2.23039240e-04 -2.21298003e-04  3.22514366e-04
  6.71245569e-04 -1.07233681e-04  1.01014974e-04  3.03616353e-05
 -1.47569021e-20  7.34801082e-20  9.99340345e-07 -5.97448190e-17
 -2.01575695e-16 -5.74663793e-24  2.23934335e-20  1.01643954e-20
 -5.97448330e-17  9.98682426e-07 -8.79691785e-24  2.84414550e-24
 -4.65868121e-21 -2.22346149e-21 -2.01575676e-16 -1.91503082e-23
  9.98682426e-07  2.53090377e-25 -2.01121728e-20 -1.56005593e-20
 -6.94928828e-20  2.78454621e-20 -2.62302230e-20  9.99999349e-10],0.006192727353532943,-0.0018447137473972602,-8.5606915522968e-22,3.2271022706594406e-27,-3.302179557349478e-27,-0.0005600966020208728,[ 6.18407311e-02 -5.55533916e-04 -1.30145348e-05  4.93134328e-11
 -4.45588685e-11 -1.46134030e-04 -1.73855573e-04  3.57980728e-02
  8.31213692e-04  1.31645210e-11 -1.24895124e-11 -1.26472819e-05
 -9.96110746e-19  6.36426675e-17  9.99011168e-07 -1.46303391e-25
 -4.93614092e-25 -1.92998478e-24 -2.02271509e-24 -5.39606103e-25
 -1.46259948e-25  9.96067933e-07 -1.75917128e-31  3.16384141e-28
  1.14383569e-24  3.19886253e-25 -4.93656557e-25 -1.75899448e-31
  9.96067933e-07 -3.17645650e-28 -1.88624496e-16  3.51701632e-15
  8.29872354e-17 -2.91415189e-23  2.65302138e-23  3.49087257e-02]
2.456070899963379,base_link,4.69370193038385,-4.95189382025557,-2.703263222901465e-23,-2.9734918562329233e-26,3.46939340248455e-25,0.9999974451488639,0.0022604636128309235,[ 2.09323518e-03 -7.48503924e-04 -8.38883731e-05 -8.29208125e-04
  8.25912667e-04  2.20936143e-04 -2.19577792e-04  3.28159658e-04
  7.90170726e-04 -9.10400058e-05  9.06820901e-05  2.42761290e-05
 -2.63771354e-20  1.24460904e-19  9.99500891e-07 -3.05502474e-17
 -9.98249446e-17  7.62186028e-25  5.08219768e-20  1.47833719e-20
 -3.05502392e-17  9.99002777e-07  7.31345717e-26  1.65580470e-24
 -1.07837882e-19 -2.93285158e-20 -9.98249486e-17 -4.81083177e-24
  9.99002777e-07 -3.46604078e-25 -1.61696620e-20 -8.16464221e-21
 -4.10917077e-20  1.44567783e-20 -1.44003586e-20  9.99999510e-10],0.0011346369662288153,0.0008614673260400092,3.654840719144411e-21,1.2640528454128105e-28,1.4206192735202704e-29,-0.0014271852986424043,[ 6.21274495e-02 -5.86256385e-04 -1.37533947e-05  4.68695563e-11
 -4.91769128e-11 -1.43599564e-04 -1.69698149e-04  3.58023643e-02
  8.31519280e-04  8.26211732e-12 -8.13448815e-12 -1.01497153e-05
  3.05778894e-18 -1.84748050e-16  9.99251709e-07 -7.51344073e-26
 -2.45527831e-25  3.22673043e-24 -7.43170082e-25 -1.30862558e-25
 -7.51128530e-26  9.97020184e-07 -5.93188988e-32  1.20675461e-28
  8.72417052e-25  1.43787255e-25 -2.45546417e-25 -5.93351286e-32
  9.97020184e-07 -1.01615502e-28  4.41133065e-16  4.54193974e-15
  1.07068974e-16 -1.55887248e-23  1.66405160e-23  3.49112737e-02]
2.523311138153076,base_link,4.702286931792211,-4.955511678847309,-3.806205864368403e-23,-7.671011253895737e-24,-7.738216970136871e-24,0.9999985131021405,0.001724469051060798,[ 2.28157314e-03 -8.89372925e-04 -1.41859579e-04 -9.93439649e-04
  9.42377665e-04  2.67143239e-04 -2.80030188e-04  3.60519894e-04
  7.45234643e-04 -1.15167168e-04  1.09244505e-04  3.09869314e-05
  9.25118797e-20 -1.64271452e-19  9.99615362e-07  4.96693951e-17
  5.20573984e-17 -6.77973894e-25 -2.09111259e-20 -5.50571416e-21
  4.96693910e-17  9.99231315e-07 -1.02291645e-23 -9.94857591e-25
  7.75564542e-20  2.14669913e-20  5.20574024e-17 -1.03749696e-23
  9.99231315e-07  9.82928291e-25  4.68297189e-20 -2.74717991e-21
  2.10869369e-20 -1.99168086e-20  1.88923722e-20  9.99999625e-10],-0.00824791212716772,0.003234323426417561,-8.996004728275273e-22,-2.3830817079893126e-28,1.7180694999251288e-28,-0.0006715534575785402,[ 6.23634923e-02 -6.86086714e-04 -1.61374178e-05  5.18514886e-11
 -4.75587276e-11 -1.71748477e-04 -2.11793929e-04  3.58257294e-02
  8.32149806e-04  8.30203189e-12 -7.96801231e-12 -1.29423506e-05
  7.52165257e-19 -3.89228580e-17  9.99423264e-07  1.22318686e-25
  1.28187350e-25  8.52869979e-25 -1.29246971e-26 -1.61558713e-27
  1.22311139e-25  9.97700990e-07 -6.55165183e-32 -8.85973046e-30
 -5.66101732e-24 -9.49965235e-25  1.28194490e-25 -6.55144087e-32
  9.97700990e-07  6.40425002e-30 -1.91957571e-16  3.41588736e-15
  8.05133049e-17  5.40982104e-23 -5.24878488e-23  3.49185435e-02]
2.577030897140503,base_link,4.707005690372008,-4.958382011860202,-9.684722429969276e-23,2.027582553877651e-24,-1.6760887781476924e-23,0.9999979219143418,0.002038667946992534,[ 1.73917974e-03 -6.63023777e-04 -1.26534242e-05 -7.60141744e-04
  7.12294102e-04  1.84801059e-04 -1.84119097e-04  2.75300245e-04
  7.30149199e-04 -9.94088511e-05  9.31443697e-05  2.41970831e-05
 -1.21363939e-20 -7.93034597e-20  9.99169056e-07  1.52628601e-16
  3.41577443e-16 -3.15879762e-24 -3.17637355e-20 -1.06143816e-20
  1.52628557e-16  9.98340865e-07 -8.51309484e-23 -5.81968440e-24
  6.17275260e-20  2.24728429e-20  3.41577452e-16 -5.98328574e-23
  9.98340865e-07 -7.08390258e-25  3.56068829e-20  2.24761128e-20
  1.31387891e-19 -5.19331647e-20  4.86582033e-20  9.99999177e-10],-0.012334073340853001,0.0050389207320185895,-2.4459348058798517e-21,-5.286797777072299e-28,-2.7687025982937e-27,-0.0009531267841885832,[ 6.16952684e-02 -5.22559509e-04 -1.22368690e-05  6.90027933e-11
 -6.03806578e-11 -1.21538872e-04 -1.41490251e-04  3.57813835e-02
  8.30648670e-04  1.40738878e-11 -1.33105509e-11 -1.04279618e-05
  1.14857668e-18 -7.79541362e-17  9.98754617e-07  3.71500712e-25
  8.31354987e-25  1.13573477e-23 -2.58493941e-25 -5.33143754e-26
  3.71473733e-25  9.95055268e-07 -5.99693468e-31 -5.41645313e-29
 -2.35229487e-24 -5.21834644e-25  8.31309416e-25 -5.99121553e-31
  9.95055268e-07 -2.73515370e-28 -2.15598536e-15  1.48117263e-16
  4.07855973e-18  4.94073124e-23 -4.41504924e-23  3.49127680e-02]
2.621058940887451,base_link,4.70734927200586,-4.956762931547115,5.6921850422315136e-24,1.4943070290669155e-23,2.7994499382081858e-24,0.9999968885189263,0.0024945846279456575,[ 1.74727931e-03 -6.50675807e-04 -5.94123604e-05 -7.40931957e-04
  7.09169998e-04  1.93580956e-04 -1.95362503e-04  2.88228366e-04
  6.96055685e-04 -1.06939673e-04  1.02345174e-04  2.79826559e-05
  3.89105760e-21  1.06620272e-19  9.99116771e-07  1.27980788e-16
  3.43311615e-16  2.03958994e-24  1.60936260e-20  7.49094763e-21
  1.27980799e-16  9.98236655e-07 -4.54700177e-23  1.16975256e-24
  1.29701920e-20  6.80273336e-21  3.43311588e-16 -2.52506254e-23
  9.98236655e-07 -6.41243491e-24  2.55158562e-20  2.69328392e-20
  1.20700485e-19 -4.64614005e-20  4.44632708e-20  9.99999125e-10],-0.011607669289420893,0.0037654239779976164,-2.8533526650782823e-21,3.95072963961169e-27,-3.5909587977884294e-27,-0.00140836032903243,[ 6.17104335e-02 -5.14615327e-04 -1.20430284e-05  6.04659951e-11
 -5.24639659e-11 -1.27727778e-04 -1.51133165e-04  3.57842445e-02
  8.30719725e-04  1.68665556e-11 -1.63427903e-11 -1.19494301e-05
  1.21972744e-18 -8.41340886e-17  9.98676325e-07  3.12973755e-25
  8.39549302e-25  1.66165661e-23 -2.06795153e-25 -5.49299626e-26
  3.13034770e-25  9.94746916e-07 -4.78691983e-31  4.73419843e-28
  1.05336281e-24  3.26348601e-25  8.39495699e-25 -4.78716922e-31
  9.94746916e-07 -4.48889370e-28 -3.70838478e-15 -2.44026804e-15
 -5.64854159e-17  8.52386899e-23 -7.99858783e-23  3.49104518e-02]
2.6706442832946777,base_link,4.7032763868413365,-4.956722459824324,4.505155251899987e-24,6.1499007018847015e-24,4.350190613357811e-24,0.9999964279613973,0.0026728382753015718,[ 1.90522723e-03 -7.19973075e-04 -8.43265006e-05 -8.24507258e-04
  8.05257588e-04  2.41818583e-04 -2.21447059e-04  3.46423534e-04
  6.95168816e-04 -1.02650979e-04  1.00251209e-04  3.01315269e-05
 -3.21607822e-21  2.01170325e-20  9.99424927e-07  9.49336933e-17
  1.70596154e-16  1.22649993e-25 -1.90582413e-21 -5.55865372e-22
  9.49336814e-17  9.98851174e-07 -4.55299507e-23 -5.22174352e-24
  3.22401916e-20  1.00849860e-20  1.70596167e-16 -4.81714363e-23
  9.98851174e-07  5.87518412e-24  4.24484533e-21  1.49156885e-20
  6.35171816e-20 -3.49330848e-20  3.41158264e-20  9.99999434e-10],-0.005894409635282221,0.003615270286526802,-2.0754574092497718e-22,-1.0071755092092123e-27,1.6797787787487208e-28,-0.0015126491743350625,[ 6.19103728e-02 -5.66750765e-04 -1.32788346e-05  5.71763799e-11
 -5.40025963e-11 -1.58572047e-04 -1.70104206e-04  3.58099937e-02
  8.31755425e-04  1.04368795e-11 -1.02616983e-11 -1.27898049e-05
  2.30392962e-19 -1.44198889e-17  9.99137885e-07  2.32770375e-25
  4.18293622e-25  1.65215626e-25 -2.33937017e-24 -4.26515003e-25
  2.32827625e-25  9.96569234e-07 -2.72145359e-31  3.50145321e-28
 -1.13737334e-24 -2.18104263e-25  4.18288490e-25 -2.72470309e-31
  9.96569234e-07 -2.74656581e-29 -5.09376307e-15 -4.56622587e-15
 -1.06324876e-16  4.18638997e-23 -4.02368902e-23  3.49097270e-02]
2.717195510864258,base_link,4.699886150926675,-4.955046357920286,3.805892071410507e-24,3.3222254874043086e-25,1.1864334795326228e-23,0.9999995713963332,0.0009258548211305843,[ 1.87484684e-03 -6.82414393e-04 -6.38210108e-05 -7.63195947e-04
  7.63881254e-04  1.93650755e-04 -1.98336522e-04  2.83616122e-04
  7.08466018e-04 -9.04498536e-05  9.05311914e-05  2.29756335e-05
 -2.34919294e-21  4.40986528e-20  9.99339166e-07  5.55440333e-17
  7.78800436e-17  1.11256314e-24 -6.04569766e-20 -2.01699721e-20
  5.55440256e-17  9.98680076e-07 -1.99171605e-23 -3.39459851e-24
  2.01699721e-20  6.72332402e-21  7.78800395e-17 -6.89273730e-24
  9.98680076e-07  8.81089091e-26  1.51353114e-20 -2.96182358e-22
  3.06609178e-20 -1.58982017e-20  1.59125070e-20  9.99999348e-10],-0.0015697235184252928,0.0023699333491332053,-1.6284447597093948e-22,-7.7426811810293405e-28,-4.029126748046553e-27,0.000542029891432138,[ 6.18644935e-02 -5.37235290e-04 -1.25848047e-05  5.42448150e-11
 -5.43682029e-11 -1.27128448e-04 -1.52308494e-04  3.57775688e-02
  8.30955556e-04  1.08743982e-11 -1.08810788e-11 -9.82299296e-06
 -2.70203510e-18  1.78351257e-16  9.99009403e-07  1.36064356e-25
  1.90783998e-25 -1.64896805e-24  2.48154184e-24  4.99216424e-25
  1.36078365e-25  9.96060957e-07 -6.31670799e-32  6.33739572e-29
 -1.46695312e-24 -2.92421271e-25  1.90846210e-25 -6.37066482e-32
  9.96060957e-07  3.32498259e-28 -6.22135069e-15 -5.65227119e-15
 -1.31769260e-16  2.77898242e-24 -2.82636432e-24  3.49079817e-02]
2.777137041091919,base_link,4.702965130861644,-4.954830076587102,4.2187228887997594e-23,-5.804768734061305e-24,6.3501559674626465e-25,0.9999983522245184,0.001815364494574302,[ 1.72885411e-03 -5.96475787e-04 -1.72867508e-05 -6.66125795e-04
  6.77313997e-04  1.77102650e-04 -1.47162005e-04  2.82452951e-04
  6.94087093e-04 -6.20452417e-05  6.30883702e-05  1.65153123e-05
 -6.61744490e-22 -1.21231591e-20  9.99249784e-07  7.18158370e-17
  1.29902815e-16  2.92617937e-25  2.71579939e-20  7.25271961e-21
  7.18158393e-17  9.98501813e-07 -1.12040691e-23  3.22464486e-25
 -3.27166476e-20 -8.56297370e-21  1.29902825e-16 -2.37613166e-23
  9.98501813e-07  3.01638592e-24  1.80869568e-20  4.66155372e-21
  4.86322335e-20 -1.82073235e-20  1.85136232e-20  9.99999258e-10],-0.004625530539671116,0.0020896525926111095,1.432654569620131e-21,-3.592322996256426e-27,9.791468051993568e-28,-0.00046274075282455444,[ 6.16769822e-02 -4.73689288e-04 -1.10852300e-05  4.92712584e-11
 -5.09888094e-11 -1.16983827e-04 -1.13645568e-04  3.57723236e-02
  8.30821707e-04  8.01647202e-12 -8.13405498e-12 -7.14991244e-06
 -6.09863722e-20  4.44522891e-18  9.98875518e-07  1.75519725e-25
  3.17486394e-25 -9.28534813e-24  6.07460762e-25  9.69352280e-26
  1.75424158e-25  9.95532120e-07 -1.20488765e-31 -5.30744702e-28
  7.23783036e-25  1.16322274e-25  3.17510958e-25 -1.19896188e-31
  9.95532120e-07  1.40161639e-28 -7.21908690e-15 -6.14501397e-15
 -1.43291051e-16  1.77861295e-23 -1.82708013e-23  3.49036364e-02]
2.818240165710449,base_link,4.701134687417621,-4.952951288787328,-2.0260871171119797e-23,-5.652964938748042e-23,-3.0545659912336424e-23,0.9999994058966271,0.0010900488030215476,[ 1.59533005e-03 -6.53004856e-04 -4.14509272e-05 -7.65106491e-04
  7.51786539e-04  2.13692291e-04 -1.96844398e-04  2.90727665e-04
  6.49296104e-04 -1.06814572e-04  1.04956721e-04  2.98847768e-05
 -1.87803086e-20 -1.24196206e-19  9.98945205e-07  5.69080089e-17
  8.32918296e-17 -1.75693409e-24 -6.43745040e-20 -2.67874170e-20
  5.69079721e-17  9.97894847e-07 -3.93009949e-23 -9.91731812e-24
  6.31039546e-20  2.58345049e-20  8.32918921e-17 -6.85464258e-23
  9.97894847e-07  1.79327123e-23  9.35762285e-21  4.37870642e-21
  2.87039496e-20 -1.50860030e-20  1.48237334e-20  9.99998953e-10],-0.0022198475731061997,0.0007327398246041489,1.8612252928657846e-21,1.9135296987504224e-27,-7.950022455521832e-27,0.00037051307009136906,[ 6.14999744e-02 -5.20220026e-04 -1.21674391e-05  7.83739798e-11
 -7.79570562e-11 -1.41493234e-04 -1.54571608e-04  3.57732773e-02
  8.30533138e-04  1.96806845e-11 -1.93061379e-11 -1.26794203e-05
 -1.49247205e-18  1.01915004e-16  9.98419473e-07  1.38826106e-25
  2.03171153e-25 -1.67201806e-23  1.16322274e-24  2.97268033e-25
  1.38837125e-25  9.93737137e-07 -4.27958649e-32  1.78806976e-28
 -7.75481824e-25 -1.93870456e-25  2.03098552e-25 -4.16923443e-32
  9.93737137e-07 -7.34559795e-28 -7.70039855e-15 -6.62794472e-15
 -1.54534830e-16  8.57236641e-24 -8.64768185e-24  3.49015106e-02]
2.849364995956421,base_link,4.700344394845239,-4.953816008493833,6.371055771505806e-23,1.920078942685711e-23,1.9687721049811116e-23,0.9999993665799246,0.0011255397591736988,[ 1.85709991e-03 -7.02744030e-04 -7.61371307e-05 -7.84922788e-04
  7.63814891e-04  2.18078692e-04 -2.02436917e-04  3.20303203e-04
  7.14013889e-04 -8.92032494e-05  8.68036967e-05  2.48049962e-05
 -4.24442916e-20  1.94182303e-19  9.99465098e-07  1.30460639e-17
  3.87259457e-17 -2.26996161e-24  7.38506851e-20  2.27375407e-20
  1.30460405e-17  9.98931337e-07 -2.05167469e-23 -5.59484455e-24
 -3.25048894e-20 -1.01379256e-20  3.87259684e-17 -2.06242039e-23
  9.98931337e-07  5.47420220e-24 -9.34216491e-22  1.78228988e-21
  1.46157792e-20 -5.80842161e-21  5.65214431e-21  9.99999474e-10],-0.0011658110364803898,0.0013246327899213784,7.420035211561141e-22,-2.078957263043613e-27,2.5593908634771386e-27,0.00031204165968811814,[ 6.18370001e-02 -5.55519015e-04 -1.30215367e-05  4.67430012e-11
 -4.50327321e-11 -1.43059050e-04 -1.57572329e-04  3.57880592e-02
  8.31546483e-04  8.53398828e-12 -8.32060173e-12 -1.03686643e-05
 -2.09894764e-18  1.34115809e-16  9.99198075e-07  3.19098173e-26
  9.46875433e-26  6.45760837e-24 -4.60119216e-24 -8.40105310e-25
  3.19345465e-26  9.96807598e-07 -8.92058854e-33  1.71599883e-28
 -1.93870456e-26 -4.84676140e-27  9.46546351e-26 -8.87426501e-33
  9.96807598e-07 -2.13513121e-28 -7.69537352e-15 -6.59566260e-15
 -1.53921920e-16 -1.09638865e-23  1.08034137e-23  3.49033504e-02]
2.9217734336853027,base_link,4.701839542172171,-4.957020622586479,2.6651290108824026e-22,-8.342944190270126e-24,-1.1130030842431681e-22,0.9999986871295315,0.0016204132846988338,[ 1.74703222e-03 -6.10864299e-04 -6.98476372e-05 -6.83508663e-04
  6.80695170e-04  1.92073339e-04 -1.83280557e-04  2.91603450e-04
  6.99789242e-04 -8.61512477e-05  8.57970482e-05  2.42512578e-05
 -3.11847091e-22 -3.28225267e-20  9.99077549e-07  4.59205166e-17
  1.08905258e-16 -3.86104796e-24 -3.07578839e-20 -1.46642579e-20
  4.59205418e-17  9.98158492e-07  3.03592227e-23  1.01191254e-23
  2.83226642e-20  1.33937085e-20  1.08905269e-16 -2.64766850e-24
  9.98158492e-07 -7.81210333e-25  7.84650604e-21  9.78868735e-21
  3.78428002e-20 -1.30964422e-20  1.30426266e-20  9.99999085e-10],-0.002567685600310782,0.003522411555890688,-2.906775139116717e-21,1.690799684382456e-27,7.600165934097108e-27,-0.00026873865554123536,[ 6.16902318e-02 -4.81488183e-04 -1.12788790e-05  5.05486130e-11
 -5.06162658e-11 -1.26147764e-04 -1.42507255e-04  3.57761383e-02
  8.30824450e-04  1.44006695e-11 -1.43314369e-11 -1.03673553e-05
 -5.33630757e-19  3.93565389e-17  9.98617597e-07  1.12034455e-25
  2.65694231e-25 -7.25799446e-24 -2.00332805e-25 -5.81611368e-26
  1.12024862e-25  9.94515743e-07 -5.21171919e-32 -4.87922882e-29
 -1.91285517e-24 -5.44452864e-25  2.65667556e-25 -5.16747491e-32
  9.94515743e-07 -2.12687623e-28 -7.79463266e-15 -6.71506037e-15
 -1.56653788e-16  1.40088748e-23 -1.39452351e-23  3.49030880e-02]
2.9743988513946533,base_link,4.70096357994439,-4.9528042000822365,-3.7313697617653424e-23,-1.0523579059770267e-23,1.039381571488827e-23,0.9999990123643854,0.0014054430809434769,[ 1.69127775e-03 -6.09280978e-04 -4.48565152e-05 -7.04050739e-04
  6.87178140e-04  2.03012405e-04 -1.74432600e-04  3.27930291e-04
  6.65536095e-04 -9.63505523e-05  9.40365050e-05  2.78206466e-05
 -3.58003769e-21 -6.16216469e-20  9.99090174e-07  5.27483856e-17
  6.22820818e-17  5.30533279e-26  4.70632681e-20  1.94817578e-20
  5.27483959e-17  9.98183649e-07  6.28472678e-24  2.92976798e-24
  9.84675801e-21  4.39398341e-21  6.22820920e-17 -1.41734959e-23
  9.98183649e-07  3.05199984e-24  8.18395050e-21 -6.03835385e-22
  2.25090222e-20 -1.29723883e-20  1.26604129e-20  9.99999098e-10],-0.0013149355606584476,0.00047733853508750133,-2.9681025886119865e-21,1.2614117142515378e-26,-9.259087087523094e-27,1.386616306512044e-05,[ 6.16284438e-02 -4.85101715e-04 -1.13439923e-05  5.62107043e-11
 -5.15331606e-11 -1.34372597e-04 -1.36217102e-04  3.57871056e-02
  8.31202680e-04  1.39090282e-11 -1.36252461e-11 -1.17962738e-05
  1.02321580e-18 -7.49183701e-17  9.98636500e-07  1.28352923e-25
  1.51534454e-25  7.03566681e-24 -1.88700577e-24 -4.63673507e-25
  1.28489848e-25  9.94590093e-07 -3.28569705e-32  1.03379743e-27
 -2.84343336e-25 -7.75481824e-26  1.51435799e-25 -3.32398574e-32
  9.94590093e-07 -7.79625026e-28 -8.05701551e-15 -6.84765829e-15
 -1.59764429e-16 -2.06764710e-24  2.55585034e-24  3.48980216e-02]
3.013697624206543,base_link,4.699358619139306,-4.952399515634502,-4.7228453123145256e-23,-3.200344824763918e-23,-6.551291006523789e-24,0.9999991494319147,0.0013042758324951498,[ 1.54890300e-03 -6.15210665e-04 -3.06486280e-05 -7.08010309e-04
  6.80098209e-04  1.87466362e-04 -1.79641444e-04  2.66023930e-04
  6.56823721e-04 -9.43125689e-05  9.05888572e-05  2.50230995e-05
 -6.64391468e-21 -3.48342300e-20  9.98808695e-07  5.42909741e-17
  4.20484382e-17  3.35410804e-25 -4.54221418e-20 -1.99582138e-20
  5.42909664e-17  9.97623049e-07 -1.06485141e-23 -2.41409717e-24
  9.56088439e-20  4.44162902e-20  4.20484814e-17 -4.71789924e-23
  9.97623049e-07  1.20187068e-23  1.46853381e-20  4.42787197e-22
  1.57485992e-20 -1.00196198e-20  9.62374563e-21  9.99998815e-10],0.0006138559059055821,0.00017782531041746717,-5.063716710927944e-21,1.1681471808910363e-27,-4.842770854939683e-27,0.00010237031375130289,[ 6.14357853e-02 -4.91438434e-04 -1.14899574e-05  7.39927558e-11
 -6.77224709e-11 -1.24208780e-04 -1.41466036e-04  3.57542038e-02
  8.30141807e-04  1.95219767e-11 -1.88521917e-11 -1.06298887e-05
 -5.60735811e-19  4.05491613e-17  9.98215167e-07  1.32149749e-25
  1.02377221e-25  2.32386568e-23  1.68021062e-25  4.20052655e-26
  1.32179665e-25  9.92936131e-07 -1.80475614e-32  1.25528718e-28
 -1.48634016e-24 -4.16821481e-25  1.02300614e-25 -1.70760824e-32
  9.92936131e-07 -5.33740560e-28 -7.99873795e-15 -6.72069822e-15
 -1.56736455e-16  7.68116077e-24 -7.46920824e-24  3.48960701e-02]
3.052243232727051,base_link,4.699085326615144,-4.954338440080124,-1.0006106454045649e-23,-1.9276945628942154e-24,-1.8587400284959023e-24,0.9999979043773918,0.0020472520178863958,[ 1.71580852e-03 -5.81180371e-04 -3.10482131e-05 -6.58706226e-04
  6.14974242e-04  1.68928380e-04 -1.77349488e-04  2.73114951e-04
  7.72448206e-04 -9.47498623e-05  8.84545110e-05  2.43292307e-05
 -5.05572790e-21 -6.57509325e-20  9.99183643e-07  3.39462456e-17
 -4.69627149e-17 -1.72106438e-25 -4.53692022e-20 -1.78671012e-20
  3.39462238e-17  9.98369945e-07 -1.27388976e-23 -4.04285314e-24
  6.80273336e-20  2.86138317e-20 -4.69626936e-17 -1.38128632e-23
  9.98369945e-07  4.05001794e-24  6.74453345e-21 -1.45988428e-20
 -1.49392587e-20 -2.45434123e-21  2.29132160e-21  9.99999192e-10],0.0008385319213812735,0.001521528559366556,-1.0636314613211263e-21,-1.4412982255625106e-28,6.942001397549672e-29,-0.0007305351606852323,[ 6.16550340e-02 -4.63882461e-04 -1.08513485e-05  5.49951031e-11
 -4.86189434e-11 -1.11913155e-04 -1.38763338e-04  3.57532501e-02
  8.30664732e-04  1.31180927e-11 -1.23309729e-11 -1.02734951e-05
  9.48676901e-20 -7.26415456e-18  9.98776462e-07  8.28000657e-26
 -1.14555337e-25  2.18864281e-26  3.26994836e-24  7.80328586e-25
  8.28034300e-26  9.95141395e-07  1.86562646e-32 -5.26744484e-29
  1.16322274e-25  2.90805684e-26 -1.14572751e-25  1.87573516e-32
  9.95141395e-07 -1.44744476e-29 -7.81672878e-15 -6.24955816e-15
 -1.45813226e-16 -7.94323475e-24  7.37348941e-24  3.48934114e-02]
3.121244192123413,base_link,4.7050057414096935,-4.956071624371797,2.122464882599424e-22,2.5828661560199746e-23,1.746034729021164e-23,0.9999983258524175,0.001829833971204021,[ 1.70407430e-03 -5.96386453e-04 -4.89594914e-05 -6.64893938e-04
  6.64772530e-04  1.83704598e-04 -1.68439583e-04  2.84146445e-04
  6.98708944e-04 -7.37069912e-05  7.36983645e-05  2.03977193e-05
 -9.44971132e-21 -1.83700270e-19  9.99077856e-07  4.78868166e-17
  1.26477560e-16 -5.34210110e-24 -4.65338725e-20 -1.90053018e-20
  4.78867544e-17  9.98159104e-07 -4.27028421e-23 -1.00083039e-23
  7.31624708e-20  2.73962219e-20  1.26477643e-16 -6.10817068e-23
  9.98159104e-07  1.50973711e-23  6.12010902e-21  1.10665521e-20
  4.55107735e-20 -1.42218497e-20  1.42208253e-20  9.99999086e-10],-0.005732418917787254,0.0026412319833800913,-1.0170744037644318e-21,1.539518958018522e-28,2.9414381016248053e-27,-0.00041984356421701923,[ 6.16246731e-02 -4.71567735e-04 -1.10402792e-05  4.77639163e-11
 -5.13895278e-11 -1.21235086e-04 -1.30152330e-04  3.57577801e-02
  8.30700851e-04  1.17499371e-11 -1.16733591e-11 -8.79284909e-06
  7.96210970e-20 -5.96311195e-18  9.98618057e-07  1.16847565e-25
  3.08609932e-25 -2.87405023e-24  3.21178722e-24  7.93253283e-25
  1.16845889e-25  9.94517553e-07 -6.30828089e-32 -9.05033052e-30
 -3.23117427e-25 -7.59325953e-26  3.08531104e-25 -6.21192045e-32
  9.94517553e-07 -5.22705897e-28 -7.93221029e-15 -6.11462920e-15
 -1.42628275e-16  1.57761977e-23 -1.58172406e-23  3.48924798e-02]
3.1767427921295166,base_link,4.702258200903914,-4.95243559144472,4.855751566898558e-23,2.971463293295997e-24,3.0946319550580922e-24,0.9999990892565022,0.001349624453807867,[ 1.55194117e-03 -5.27761367e-04 -6.27078441e-05 -5.90973630e-04
  6.53117242e-04  1.87825007e-04 -1.62003897e-04  2.79808337e-04
  6.32116279e-04 -6.34025529e-05  7.00832101e-05  2.01989051e-05
  7.57697441e-21  7.79270311e-20  9.98675584e-07  6.06201688e-17
  2.10232483e-16  1.46140853e-24 -3.99693672e-20 -1.86082551e-20
  6.06201062e-17  9.97358160e-07 -7.44250355e-23 -1.86990173e-23
  4.73279659e-20  1.78671012e-20  2.10232504e-16 -3.27870309e-23
  9.97358160e-07  7.38916583e-24  9.27132465e-21  1.70864431e-20
  5.70414731e-20 -1.51991203e-20  1.68033271e-20  9.99998682e-10],-0.0019183701494946597,2.5323327520367894e-05,-3.3204841902643325e-21,-1.822600910431867e-28,-5.638707127342082e-28,0.00016247528495539883,[ 6.14259126e-02 -4.19365242e-04 -9.81021352e-06  4.99786440e-11
 -6.65078854e-11 -1.24165218e-04 -1.25968829e-04  3.57522964e-02
  8.30151755e-04  1.39880442e-11 -1.52987856e-11 -8.73393562e-06
  3.26954718e-19 -2.77555756e-17  9.98016001e-07  1.47368669e-25
  5.11113154e-25  1.31176779e-23  1.18907213e-24  3.34426537e-25
  1.47404703e-25  9.92157153e-07 -9.12561633e-32  2.62528961e-28
 -2.28767138e-24 -5.23450231e-25  5.11143942e-25 -9.28376087e-32
  9.92157153e-07  4.06611272e-28 -8.24279482e-15 -7.00413577e-15
 -1.63359892e-16  2.09474543e-23 -2.39056829e-23  3.48897358e-02]
3.2134692668914795,base_link,4.697075400591632,-4.952619559908419,2.2759742579731727e-23,1.2192558934956904e-23,1.3155122870360912e-23,0.9999991626576205,0.0012940958457469346,[ 1.60392030e-03 -6.00650586e-04  4.65145133e-05 -6.82531183e-04
  6.99593948e-04  1.52271059e-04 -1.30558292e-04  2.43079958e-04
  7.11032543e-04 -6.77956120e-05  6.94879299e-05  1.51421224e-05
 -1.87803086e-20 -9.91028548e-20  9.99180865e-07  4.47495574e-18
 -2.52959267e-17 -1.23646854e-24 -3.83282409e-20 -8.99972506e-21
  4.47494317e-18  9.98364405e-07 -6.72659472e-24 -1.49650994e-24
 -5.29395592e-22 -1.32348898e-22 -2.52959142e-17 -6.07064552e-24
  9.98364405e-07  1.38728671e-24  2.68682480e-21 -3.70978873e-21
 -8.41805886e-21  5.35407937e-22 -5.48736059e-22  9.99999189e-10],0.004043376044002375,0.0001764904882505847,7.371743284529032e-22,-7.198855768412265e-27,-3.2924358075149914e-27,0.0002374827070163989,[ 6.14992756e-02 -4.80197370e-04 -1.12360887e-05  6.55546590e-11
 -6.51924213e-11 -1.01077787e-04 -1.01489946e-04  3.57308388e-02
  8.30340702e-04  9.44990128e-12 -9.73177083e-12 -6.51395430e-06
 -5.23466361e-19  3.87060176e-17  9.98772301e-07  1.09016537e-26
 -6.16256671e-26 -1.12271315e-23  9.04728795e-25  1.32478145e-25
  1.09495282e-26  9.95124979e-07  1.76224837e-33  2.38233206e-28
  4.00665609e-25  6.13923111e-26 -6.16043353e-26  1.12564557e-33
  9.95124979e-07  1.09985434e-28 -8.05305436e-15 -6.77661594e-15
 -1.58165332e-16 -1.63514561e-23  1.69491373e-23  3.48871462e-02]
3.2593204975128174,base_link,4.695246691523766,-4.953119130426176,1.888170721083417e-23,9.44927033622565e-25,6.538895932425701e-24,0.9999993542367758,0.0011364532684996122,[ 1.75210851e-03 -6.31093659e-04 -6.97782417e-05 -7.15406605e-04
  6.76544229e-04  1.89592719e-04 -1.98834387e-04  2.76265124e-04
  6.63950000e-04 -9.60402403e-05  9.08125408e-05  2.54797295e-05
 -4.03664139e-22  1.83170875e-20  9.99297217e-07  4.22313445e-18
 -1.34630980e-16 -8.80762680e-25 -4.22457682e-20 -1.45054392e-20
  4.22312034e-18  9.98596405e-07 -1.21082697e-23 -3.62544993e-24
  2.78462081e-20  1.09584888e-20 -1.34630976e-16 -1.18560951e-24
  9.98596405e-07  5.29336108e-25 -1.71253529e-20 -1.91719205e-20
 -4.21922767e-20  7.93303559e-21 -7.50054516e-21  9.99999306e-10],0.005655616508184265,0.0005315361835743723,1.9906330254483075e-23,5.200931328109652e-29,-1.2025117371428416e-27,0.0004291099748870682,[ 6.16841309e-02 -5.01072034e-04 -1.17360293e-05  5.83793372e-11
 -4.96328287e-11 -1.24990205e-04 -1.55186281e-04  3.57449055e-02
  8.30872066e-04  1.21552479e-11 -1.17466338e-11 -1.07128588e-05
 -6.18334051e-19  4.36933476e-17  9.98946565e-07  1.03472705e-26
 -3.29727431e-25  9.20605237e-25  1.33124380e-24  2.76265400e-25
  1.03411909e-26  9.95812651e-07  7.80106597e-33 -9.77343507e-30
 -1.16322274e-24 -2.74649813e-25 -3.29687460e-25  7.55072077e-33
  9.95812651e-07  1.97288172e-28 -7.56171299e-15 -5.39504422e-15
 -1.25829473e-16 -2.64101143e-23  2.51112686e-23  3.48863332e-02]
3.321913003921509,base_link,4.7045197962963865,-4.959770269500073,-1.0499404544859138e-23,-3.565782831371303e-23,-1.5790444472163178e-23,0.9999980825464654,0.001958290936631953,[ 1.81812921e-03 -6.81356250e-04 -2.90982726e-05 -7.85908333e-04
  7.28472252e-04  1.87352793e-04 -1.93774453e-04  2.91125216e-04
  7.22219341e-04 -1.18905270e-04  1.10195346e-04  2.83783582e-05
 -3.04402465e-22 -4.02340650e-21  9.99229345e-07  1.16009209e-16
  6.23526687e-17 -1.60441294e-24 -3.29284058e-20 -1.27849035e-20
  1.16009190e-16  9.98461060e-07 -2.53737405e-23 -4.11859739e-24
  2.87461806e-20  1.38966343e-20  6.23527015e-17 -4.75054743e-23
  9.98461060e-07  9.10025078e-24  4.24247204e-20 -8.41381623e-21
  2.80777123e-20 -2.75884503e-20  2.55662728e-20  9.99999238e-10],-0.0052006069897851635,0.005043125791343191,-2.63891489848787e-21,4.5672871501105236e-27,1.6068626080934237e-27,-0.0004890536376868024,[ 6.17671986e-02 -5.39608300e-04 -1.26379339e-05  6.70561505e-11
 -5.19448936e-11 -1.23234268e-04 -1.50062144e-04  3.57491970e-02
  8.30966339e-04  1.58163453e-11 -1.50539286e-11 -1.19540528e-05
  2.09047731e-18 -1.37585256e-16  9.98844906e-07  2.83899379e-25
  1.52614898e-25  4.65245202e-25  4.91138489e-25  1.19553448e-25
  2.83969092e-25  9.95411341e-07 -9.00542137e-32  3.41400064e-28
 -2.06795153e-24 -6.04229588e-25  1.52614454e-25 -9.07467227e-32
  9.95411341e-07  1.20451385e-28 -7.63476027e-15 -4.35353251e-15
 -1.01464526e-16  5.17506653e-23 -5.06616985e-23  3.48839711e-02]
3.3796353340148926,base_link,4.706169577707065,-4.956608188214688,-8.897389983583002e-23,1.973617339051428e-23,1.6009360881824992e-23,0.9999992473021865,0.0012269454186699777,[ 1.69273073e-03 -6.75695672e-04 -2.57995702e-05 -7.65456736e-04
  7.35903696e-04  1.87641958e-04 -1.79009468e-04  2.79939792e-04
  7.15232118e-04 -9.81081574e-05  9.43142103e-05  2.40913845e-05
 -1.56833444e-20 -1.47066095e-19  9.99020269e-07  1.18558176e-16
  2.00624546e-16 -1.66438436e-24  2.47757137e-20  1.10378981e-20
  1.18558189e-16  9.98044366e-07 -5.03492938e-24  4.91868244e-24
 -1.74700545e-21 -8.20563168e-22  2.00624529e-16  1.35076469e-24
  9.98044366e-07 -6.29739437e-24  2.62853216e-20  8.57563344e-21
  7.43782353e-20 -3.32172766e-20  3.19316255e-20  9.99999028e-10],-0.006401804273940973,0.0026672170408057034,-1.797239712934884e-21,6.656825829928658e-27,-1.5399865330329975e-26,0.00039811783918057824,[ 6.15960731e-02 -5.34024090e-04 -1.25001332e-05  6.28026140e-11
 -5.65355891e-11 -1.23546615e-04 -1.38312578e-04  3.57406139e-02
  8.30583015e-04  1.68811496e-11 -1.63357924e-11 -1.03164098e-05
 -1.17059953e-18  7.77372958e-17  9.98531840e-07  2.89405329e-25
  4.89749354e-25  1.07059458e-23  0.00000000e+00  3.23117427e-27
  2.89493543e-25  9.94178510e-07 -2.32095414e-31  5.97614373e-28
 -1.65436123e-24 -4.87907314e-25  4.89553570e-25 -2.30308170e-31
  9.94178510e-07 -1.43406638e-27 -8.73356952e-15 -5.47511255e-15
 -1.27692395e-16  5.27043638e-23 -5.01761991e-23  3.48811657e-02]
3.4147772789001465,base_link,4.706649817869501,-4.959544733716558,6.700412959035291e-23,-4.8470791175966127e-23,6.094622530658772e-23,0.9999970038858988,0.002447900983598035,[ 1.66996827e-03 -6.54224626e-04 -8.08862246e-05 -7.58460254e-04
  6.86606586e-04  2.07549564e-04 -2.19307884e-04  2.92208424e-04
  6.72407252e-04 -1.29153161e-04  1.16917646e-04  3.53942444e-05
 -2.42529356e-21 -8.13151629e-20  9.99083158e-07  8.30390811e-17
  1.93342690e-16 -1.07652184e-24 -2.77403290e-20 -1.39231041e-20
  8.30390484e-17  9.98169667e-07 -4.38869382e-23 -7.98996143e-24
  4.70103286e-20  2.36639830e-20  1.93342671e-16  4.49363443e-24
  9.98169667e-07 -6.03448414e-24  2.99200275e-21  6.33949929e-21
  6.61171179e-20 -3.16865272e-20  2.86846559e-20  9.99999091e-10],-0.006458314103533392,0.004660199749973052,1.0478858102244676e-21,-1.924628808856337e-26,9.81328499223801e-28,-0.0009932528096040219,[ 6.15673302e-02 -5.18489629e-04 -1.21315030e-05  6.67449460e-11
 -6.03903842e-11 -1.37064643e-04 -1.71093270e-04  3.57434750e-02
  8.30784216e-04  2.02908998e-11 -1.83706804e-11 -1.49399522e-05
  6.36968776e-19 -4.35849273e-17  9.98625994e-07  2.02114354e-25
  4.70572861e-25  2.13427740e-24  6.85008945e-25  2.10026327e-25
  2.02217944e-25  9.94548754e-07 -1.66202701e-31  7.32347345e-28
 -9.95201674e-25 -3.03730381e-25  4.70572592e-25 -1.67322073e-31
  9.94548754e-07 -3.37131988e-29 -9.16532001e-15 -6.07437820e-15
 -1.41725080e-16  2.08104849e-23 -1.88262955e-23  3.48786285e-02]
3.4559128284454346,base_link,4.707682420650901,-4.958548968096069,-5.5170845927414e-23,2.829754525452749e-24,-1.9965898842939313e-23,0.9999981242129686,0.0019368971434061627,[ 1.73806210e-03 -6.60262274e-04 -4.27541613e-05 -7.47886273e-04
  7.53594461e-04  1.74978420e-04 -1.91108440e-04  2.59055563e-04
  6.85159297e-04 -1.04514315e-04  1.05311407e-04  2.44815768e-05
 -8.56959115e-22 -1.40819227e-20  9.99239308e-07  1.24544335e-16
  1.53491970e-16 -2.53736716e-24  1.51407139e-20  5.58512350e-21
  1.24544313e-16  9.98480926e-07 -3.87639484e-23 -3.17040599e-24
 -1.87406040e-20 -6.98802181e-21  1.53491979e-16 -2.30796701e-23
  9.98480926e-07 -4.80576023e-25  3.80305786e-20 -5.36663795e-21
  5.74933120e-20 -3.47355735e-20  3.50004089e-20  9.99999248e-10],-0.007089954794506789,0.0038279408001342737,2.9960569075765383e-21,2.409854920885607e-27,-5.514417300503074e-27,-0.00034580436712544854,[ 6.16541611e-02 -5.22119924e-04 -1.22249769e-05  6.29069013e-11
 -6.30894195e-11 -1.15285105e-04 -1.47128478e-04  3.57246399e-02
  8.30599613e-04  1.41066098e-11 -1.42251408e-11 -1.04169443e-05
  7.86046575e-19 -5.34511671e-17  9.98859829e-07  3.04280912e-25
  3.75043635e-25 -3.50181228e-24  1.51218956e-24  3.40888885e-25
  3.04319334e-25  9.95470204e-07 -2.41581124e-31  1.11077590e-28
  2.59786411e-24  5.86458130e-25  3.74979254e-25 -2.41325740e-31
  9.95470204e-07 -2.70882682e-28 -9.76422312e-15 -6.90761467e-15
 -1.61279242e-16  3.76617893e-23 -3.79012407e-23  3.48772210e-02]
3.519383668899536,base_link,4.706124839783814,-4.957162299994282,5.433087525689948e-23,-3.5925627641052473e-25,-9.942950632409495e-25,0.999998399021747,0.0017894004422725678,[ 1.60645531e-03 -6.13799959e-04 -4.90035877e-05 -6.84728975e-04
  7.08517182e-04  1.84648202e-04 -1.69409672e-04  2.76377676e-04
  6.86654852e-04 -8.12815638e-05  8.41052084e-05  2.19571539e-05
 -4.76145840e-23 -8.69267562e-20  9.99077398e-07  9.87821035e-17
  1.60776214e-16  5.44497252e-24 -5.82335151e-22 -2.91167576e-22
  9.87821160e-17  9.98158191e-07 -2.49970769e-23 -2.03327173e-24
  2.17052193e-20  1.02438047e-20  1.60776195e-16 -1.88893013e-23
  9.98158191e-07  4.52882221e-25  1.62208115e-20  4.43159428e-21
  5.76773303e-20 -2.47487852e-20  2.56085108e-20  9.99999085e-10],-0.004472011748627138,0.0027243365441570067,-1.0454090231437259e-21,-8.131110441985893e-28,7.613409232888046e-28,-0.00013825737435193256,[ 6.14789321e-02 -4.84921038e-04 -1.13555784e-05  4.82831393e-11
 -4.98320767e-11 -1.21705816e-04 -1.30757689e-04  3.57325077e-02
  8.30655808e-04  1.34032287e-11 -1.38733020e-11 -9.44342162e-06
 -2.37169225e-19  1.73472348e-17  9.98617371e-07  2.40427238e-25
  3.91325534e-25  7.91473396e-24  2.58493941e-25  6.94702468e-26
  2.40354055e-25  9.94514826e-07 -1.65586277e-31 -5.30149620e-28
 -2.66894995e-24 -7.44785669e-25  3.91377770e-25 -1.65244621e-31
  9.94514826e-07  3.63263667e-28 -1.08307367e-14 -8.32748584e-15
 -1.94526377e-16 -1.78083298e-24  1.88969557e-24  3.48763174e-02]
3.5590152740478516,base_link,4.704020375057923,-4.954964904572844,5.908744780270864e-24,-1.6769108828367283e-25,1.5801051227152203e-25,0.9999985063551999,0.0017283770911620702,[ 1.63823509e-03 -6.52189527e-04 -1.38492702e-05 -7.47548176e-04
  7.14082642e-04  1.85344092e-04 -1.74102985e-04  2.70236345e-04
  6.86004763e-04 -9.49922993e-05  9.07379378e-05  2.35867864e-05
 -3.22931311e-21 -2.41404390e-20  9.99075384e-07  6.75330277e-17
  1.23928047e-16 -1.07777606e-24  1.47171975e-20  5.34689548e-21
  6.75330637e-17  9.98154178e-07  3.14572243e-23  1.05360835e-23
 -1.72582963e-20 -6.43215644e-21  1.23928054e-16 -1.21451486e-23
  9.98154178e-07  7.68561990e-25  2.00080191e-20  7.39343725e-21
  4.48070383e-20 -1.95123771e-20  1.86382806e-20  9.99999083e-10],-0.0017206690375019624,0.0011323759167517185,2.6882567248682598e-21,-9.3258941351805e-30,-2.5061234074519245e-28,-7.43223628597489e-05,[ 6.15215818e-02 -5.17092645e-04 -1.21066106e-05  6.92946878e-11
 -6.50486850e-11 -1.22354598e-04 -1.35349110e-04  3.57277393e-02
  8.30594598e-04  1.52343183e-11 -1.45869777e-11 -1.00371672e-05
 -3.38813179e-21  2.16840434e-19  9.98614356e-07  1.64811703e-25
  3.02435633e-25 -1.19268992e-23 -3.61891518e-24 -7.98100044e-25
  1.64780758e-25  9.94502993e-07 -8.72977557e-32 -1.94822724e-28
  9.04728795e-25  2.03563979e-25  3.02391507e-25 -8.63600860e-32
  9.94502993e-07 -2.96894400e-28 -1.10956522e-14 -8.65442700e-15
 -2.02189559e-16  1.35301997e-23 -1.27575228e-23  3.48747467e-02]
3.627671003341675,base_link,4.699916417193899,-4.95310729298742,8.668811362454431e-23,3.763615127114822e-23,-1.1933180510741532e-24,0.9999986408618601,0.0016487190277559521,[ 1.65152759e-03 -6.36531986e-04 -3.25985191e-06 -7.43786702e-04
  7.16553222e-04  2.03621199e-04 -1.67438149e-04  2.96701051e-04
  6.65181010e-04 -8.60234645e-05  8.28635169e-05  2.35852020e-05
  1.29701920e-20  5.48453833e-20  9.99015167e-07 -5.24964499e-17
 -1.17840632e-16 -7.96875988e-25  3.50459882e-20  1.08261399e-20
 -5.24964518e-17  9.98034201e-07 -5.33551089e-24  2.69411899e-25
 -1.05879118e-21 -3.97046694e-22 -1.17840595e-16 -3.87839198e-23
  9.98034201e-07  8.91597741e-24 -3.40973284e-20 -1.45016038e-20
 -3.96181147e-20  1.50825159e-20 -1.45275669e-20  9.99999023e-10],0.002879354831586219,-0.0001355050999844294,2.6445144261175365e-21,-3.870601343466765e-27,4.0314058833672155e-27,-3.870729680912927e-05,[ 6.15345149e-02 -5.03214076e-04 -1.17890359e-05  7.75158626e-11
 -6.77520827e-11 -1.33885137e-04 -1.30511820e-04  3.57429981e-02
  8.30918641e-04  1.45260249e-11 -1.41815868e-11 -1.00334570e-05
 -8.74138002e-19  6.15826834e-17  9.98524202e-07 -1.27875890e-25
 -2.87021819e-25  1.23234691e-23  8.91804098e-25  1.68021062e-25
 -1.27829134e-25  9.94148458e-07 -5.96579765e-32  2.69659222e-28
 -7.75481824e-25 -1.63174301e-25 -2.87069237e-25 -5.96298728e-32
  9.94148458e-07 -2.82000550e-28 -1.05338406e-14 -7.71946526e-15
 -1.80310368e-16 -4.59746702e-23  4.47359731e-23  3.48757775e-02]
3.66544771194458,base_link,4.698636530543562,-4.952614125330361,-7.18389988127504e-24,4.602930513203303e-24,-5.884762894341213e-24,0.9999995193161219,0.00098049351111673,[ 1.65908635e-03 -6.31824776e-04 -2.41550677e-05 -7.18409026e-04
  7.19660454e-04  1.94777508e-04 -1.67173086e-04  3.00949221e-04
  7.16281677e-04 -8.70566731e-05  8.72054113e-05  2.36318374e-05
  6.08804931e-22  4.27751638e-20  9.99237583e-07  1.91084623e-17
 -8.26873275e-17  8.30872464e-25 -4.78573615e-20 -1.66759611e-20
  1.91084571e-17  9.98477485e-07 -6.81524995e-24 -2.40958587e-24
  4.36751363e-20  1.59083375e-20 -8.26873375e-17  9.90659672e-24
  9.98477485e-07 -2.12755264e-24 -4.85460669e-21 -1.71449370e-20
 -2.68221243e-20  1.63099484e-21 -1.63366371e-21  9.99999246e-10],0.004092415005261982,-0.0004777353478521119,-2.3062426870119874e-21,-5.108678404262063e-28,4.330924162818686e-27,0.0007174355027922986,[ 6.15518757e-02 -5.01472503e-04 -1.17470050e-05  5.49497576e-11
 -5.31809913e-11 -1.28327743e-04 -1.30716711e-04  3.57422829e-02
  8.31238517e-04  1.14263588e-11 -1.14980362e-11 -9.95934820e-06
 -1.09267250e-18  7.73036149e-17  9.98857245e-07  4.65759436e-26
 -2.01545152e-25  6.69480869e-24  2.02917744e-24  4.21668242e-25
  4.65632395e-26  9.95459988e-07  1.97525130e-32 -6.98681134e-29
 -2.11965032e-24 -4.55595572e-25 -2.01456148e-25  1.90125211e-32
  9.95459988e-07  5.82703659e-28 -1.00073495e-14 -6.91029807e-15
 -1.61434966e-16 -1.11980569e-23  1.08844000e-23  3.48740500e-02]
3.7153759002685547,base_link,4.699520088998048,-4.9550622980653065,5.1073028939225547e-23,2.4101204848961243e-23,-4.749213355506536e-24,0.9999985966776856,0.00167530375136453,[ 1.55508520e-03 -5.13807441e-04 -7.24380248e-05 -5.53260176e-04
  6.38810980e-04  1.80406446e-04 -1.45843987e-04  2.81820197e-04
  6.66802916e-04 -4.72676672e-05  5.45786669e-05  1.54435623e-05
 -4.84727839e-22  7.00919764e-20  9.99047296e-07  2.35470976e-17
 -1.34068823e-16 -2.85212617e-24 -8.81443661e-21 -4.36751363e-21
  2.35470790e-17  9.98098214e-07 -7.36997731e-24 -3.02574307e-24
 -8.31151079e-21 -3.78517848e-21 -1.34068858e-16  4.74096126e-23
  9.98098214e-07 -1.44203663e-23  8.32729185e-21 -1.95466107e-20
 -3.83576319e-20  2.77481365e-21 -3.20418754e-21  9.99999055e-10],0.0026574601439332403,0.0012283008232374278,-3.500493809388616e-21,-2.516826440556393e-27,3.040418874916482e-27,-0.00010924625458267587,[ 6.14145894e-02 -4.05710191e-04 -9.51607060e-06  2.83567263e-11
 -3.46640914e-11 -1.18243235e-04 -1.13116577e-04  3.57363224e-02
  8.30879228e-04  8.22518587e-12 -9.46149315e-12 -6.69213954e-06
 -5.91228997e-19  5.14996032e-17  9.98572303e-07  5.76583452e-26
 -3.28192718e-25 -3.75275655e-23 -1.13091099e-25 -3.71585041e-26
  5.75799131e-26  9.94337626e-07  3.10748227e-32 -4.71768446e-28
 -4.32977352e-25 -1.13091099e-25 -3.28107093e-25  3.10908731e-32
  9.94337626e-07  5.32899267e-28 -9.27830065e-15 -5.37807646e-15
 -1.25457280e-16 -1.12352356e-23  1.32622370e-23  3.48762467e-02]
3.75543212890625,base_link,4.701350410519315,-4.956590002221591,-3.6208327073519316e-23,-3.594590372766187e-24,1.945217692207523e-24,0.9999986189720865,0.00166194281482508,[ 1.55944459e-03 -5.34422557e-04 -7.07356070e-05 -6.12202836e-04
  6.03575796e-04  1.84526535e-04 -1.82511205e-04  2.77710336e-04
  6.32551886e-04 -8.87762254e-05  8.75150417e-05  2.67979848e-05
  9.76073123e-23  6.03510975e-21  9.99107807e-07  4.27601927e-17
 -3.98171977e-17  1.50134734e-24 -5.03455208e-20 -2.14669913e-20
  4.27601926e-17  9.98218788e-07 -4.57620521e-24 -1.98648917e-24
  7.03566742e-20  3.40136668e-20 -3.98172113e-17  1.23750335e-23
  9.98218788e-07 -3.16076963e-24  2.40345987e-20 -3.77568206e-21
 -9.73782326e-21 -3.87256505e-21  3.81756346e-21  9.99999116e-10],0.0003974009697563653,0.0022579365701411564,8.303324211887124e-23,-4.75391111114617e-28,-9.206351957231413e-28,-7.692332413267026e-05,[ 6.14294761e-02 -4.25137579e-04 -9.96249051e-06  5.48847361e-11
 -4.88139848e-11 -1.21684290e-04 -1.42779201e-04  3.57322693e-02
  8.30914439e-04  1.40606420e-11 -1.40736307e-11 -1.13389605e-05
  1.51449491e-18 -1.26309553e-16  9.98662901e-07  1.04394183e-25
 -9.72108467e-26  4.79688888e-25  2.41691835e-24  6.20385459e-25
  1.04409850e-25  9.94694049e-07  1.85524680e-32  1.42388056e-28
 -2.58493941e-24 -7.46401256e-25 -9.71764583e-26  1.79853723e-32
  9.94694049e-07  2.38748936e-28 -8.99846171e-15 -4.69773959e-15
 -1.09539763e-16 -5.00532534e-25 -1.39681481e-25  3.48747285e-02]
3.816352128982544,base_link,4.717860796016802,-4.960846168323995,3.2028145075398263e-22,8.025620380432156e-23,1.222762485728988e-22,0.9999958933588255,0.0028658795307000386,[ 1.60532785e-03 -6.19875922e-04  2.55590121e-05 -7.22121571e-04
  7.07180424e-04  1.80931696e-04 -1.64358396e-04  2.68552387e-04
  6.90132481e-04 -8.03419900e-05  7.86917100e-05  2.01587214e-05
  6.08804931e-21  1.85288457e-20  9.98901488e-07  1.59254453e-16
  6.63537796e-16 -1.14902224e-23 -4.10810979e-20 -1.14614146e-20
  1.59254294e-16  9.97807788e-07 -1.84534058e-22 -2.26528066e-23
  1.45372030e-19  3.53636255e-20  6.63537919e-16 -1.51511530e-22
  9.97807788e-07  1.38956461e-23  2.29163086e-20  6.06046930e-20
  2.31611182e-19 -6.76111510e-20  6.62345645e-20  9.99998909e-10],-0.017145333174841175,0.005065054686075469,5.507332190185928e-22,2.3683287540742475e-27,3.880395372724838e-27,-0.0011134812996779952,[ 6.14915240e-02 -4.87508252e-04 -1.14147972e-05  7.86114662e-11
 -8.74832804e-11 -1.19524197e-04 -1.22049823e-04  3.57246399e-02
  8.30540513e-04  1.36628491e-11 -1.33497892e-11 -9.04218236e-06
 -1.07573184e-18  7.83878171e-17  9.98354038e-07  3.87461853e-25
  1.61436627e-24  8.51094928e-24  5.58346913e-24  9.70967867e-25
  3.87439579e-25  9.93480348e-07 -9.19586511e-31 -1.28710484e-28
 -6.11338171e-24 -9.32193776e-25  1.61433469e-24 -9.18822995e-31
  9.93480348e-07 -2.01121102e-28 -9.49063699e-15 -7.39469250e-15
 -1.72593952e-16  7.71418542e-23 -7.71646591e-23  3.48731935e-02]
3.8757004737854004,base_link,4.723515456101846,-4.960365264047061,1.3351362079872994e-22,1.1450578812442803e-22,4.9271316442688616e-23,0.9999959936102966,0.00283068248938615,[ 1.77996344e-03 -7.34017216e-04 -5.65354713e-05 -8.53656320e-04
  7.85391774e-04  2.04253396e-04 -2.28748773e-04  2.78010466e-04
  6.94135726e-04 -1.42138893e-04  1.30767178e-04  3.40515188e-05
 -8.85414128e-21 -9.21148330e-20  9.99171305e-07  8.53534040e-17
  6.50251925e-16 -2.49026332e-24  1.55642304e-20  6.61744490e-21
  8.53533813e-17  9.98345350e-07 -8.04394999e-23 -3.50795335e-24
  6.14098887e-21  2.64697796e-21  6.50251964e-16 -1.00014036e-22
  9.98345350e-07  7.91886709e-24  3.97898044e-20  4.31082850e-20
  2.13030592e-19 -7.94643759e-20  7.31048947e-20  9.99999180e-10],-0.02140389121681624,0.004558202184413005,-1.6924558878418538e-21,2.847240190555647e-26,-3.992782215343011e-27,-0.0007629985089664558,[ 6.17168553e-02 -5.72916120e-04 -1.34210720e-05  7.91670722e-11
 -7.04366014e-11 -1.34081012e-04 -1.70189887e-04  3.57241631e-02
  8.30942255e-04  2.13208510e-11 -1.97297096e-11 -1.49039178e-05
  4.91279109e-20 -3.03576608e-18  9.98757985e-07  2.08681216e-25
  1.58989240e-24  1.31898628e-25  6.07460762e-25  1.61558713e-25
  2.08591478e-25  9.95068589e-07 -6.46195394e-31 -5.84254513e-28
  5.04063186e-25  1.42171668e-25  1.58989637e-24 -6.45375076e-31
  9.95068589e-07  7.92668940e-29 -1.04412295e-14 -1.12489770e-14
 -2.63020831e-16  1.53770474e-22 -1.42520540e-22  3.48711755e-02]
3.9261460304260254,base_link,4.714066438194938,-4.957417250445762,-3.4042160831992463e-22,1.5665023048757336e-23,-3.2950359857162896e-23,0.9999986909046388,0.0016180818918535862,[ 1.84878553e-03 -7.21064484e-04 -6.08839752e-05 -8.12989043e-04
  8.18695735e-04  2.16319240e-04 -1.98987778e-04  3.13001387e-04
  6.77766784e-04 -8.96604679e-05  9.02995670e-05  2.38898677e-05
  2.04479047e-21  2.95402740e-20  9.99170889e-07  9.37034151e-17
  4.45195073e-16 -2.27562504e-24  4.74338450e-20  1.66230216e-20
  9.37034171e-17  9.98344522e-07 -3.82941367e-23  3.18222181e-24
 -5.60100536e-20 -1.72318265e-20  4.45195087e-16 -5.59969151e-23
  9.98344522e-07  1.51507552e-24  2.99571636e-20  3.55707891e-20
  1.43973876e-19 -4.76639046e-20  4.80080617e-20  9.99999179e-10],-0.008567585713402628,0.0024379276499969077,-1.280722983047128e-20,1.1012873931723014e-26,3.050095300540117e-26,0.0006724394624759767,[ 6.17900594e-02 -5.59546053e-04 -1.31237718e-05  6.11107236e-11
 -6.86202432e-11 -1.41263575e-04 -1.47566199e-04  3.57449055e-02
  8.31448372e-04  1.30686973e-11 -1.30090774e-11 -1.05392775e-05
  4.47233396e-19 -2.81892565e-17  9.98757363e-07  2.29669885e-25
  1.09123732e-24  4.76733355e-23 -1.95162926e-24 -4.20052655e-25
  2.29632064e-25  9.95066164e-07 -4.87413216e-31 -3.10660864e-28
  9.30578189e-25  1.74483410e-25  1.09109971e-24 -4.85410486e-31
  9.95066164e-07 -8.57837440e-28 -1.13055588e-14 -1.56044340e-14
 -3.65263718e-16  8.95365017e-23 -9.07300045e-23  3.48730347e-02]
3.957343816757202,base_link,4.706736179746619,-4.9550173373706805,-4.1608730572573006e-24,3.07732283165995e-23,4.8967172247870105e-23,0.9999993324007687,0.0011555076879744101,[ 1.65385628e-03 -6.41204417e-04 -3.00946531e-05 -7.75591187e-04
  7.82798592e-04  2.22702674e-04 -1.95382396e-04  3.22980603e-04
  6.36292220e-04 -1.17253428e-04  1.18342745e-04  3.37228158e-05
  1.74700545e-20  5.25160427e-20  9.98800770e-07  3.07540863e-17
  1.13059840e-16 -3.27345152e-25 -1.10114283e-19 -4.21398891e-20
  3.07540424e-17  9.97607272e-07 -4.17316039e-23 -1.10752213e-23
  6.89273061e-20  2.64697796e-20  1.13059868e-16 -2.70344206e-23
  9.97607272e-07  6.94742541e-24 -5.39267476e-21  4.65750506e-21
  3.18370980e-20 -1.28852305e-20  1.30049138e-20  9.99998808e-10],0.00017997990304418536,0.0007694636858120212,-7.505651574188304e-22,3.9439952586608135e-27,-3.8343695339141556e-27,0.0011556880131163476,[ 6.15403466e-02 -5.04067168e-04 -1.18008310e-05  9.49693834e-11
 -9.56782613e-11 -1.46566731e-04 -1.49670988e-04  3.57487202e-02
  8.31127341e-04  2.21632941e-11 -2.23719673e-11 -1.44377892e-05
  3.74388563e-19 -2.63461128e-17  9.98203307e-07  7.45643894e-26
  2.74099717e-25  4.51715520e-24  5.24742701e-24  1.22461505e-24
  7.45275100e-26  9.92889607e-07 -2.80993064e-32 -2.57729886e-28
  1.93870456e-25  4.20052655e-26  2.74135152e-25 -2.80670846e-32
  9.92889607e-07  2.46801489e-28 -1.14329941e-14 -1.61640449e-14
 -3.78144964e-16 -3.44408773e-23  3.48323706e-23  3.48704174e-02]
4.017383337020874,base_link,4.7036904620381605,-4.957446810451204,-7.922912625250743e-23,-6.2755136922099175e-25,2.735063282084154e-24,0.9999985566537712,0.0016990263018205958,[ 1.75280502e-03 -7.30039887e-04 -5.31827063e-05 -8.86111220e-04
  8.68447465e-04  2.66438187e-04 -2.29522702e-04  3.63659419e-04
  7.13218750e-04 -1.47714553e-04  1.44775848e-04  4.44710667e-05
 -7.61006164e-22 -1.18584613e-20  9.99118287e-07  9.55391212e-17
 -5.98675168e-17 -6.91149331e-24 -4.31986803e-20 -1.83700270e-20
  9.55391187e-17  9.98239675e-07  2.94879358e-23  7.06891575e-24
  9.27501077e-20  3.77988453e-20 -5.98674900e-17  1.66265594e-24
  9.98239675e-07  1.45321019e-24  2.60608939e-20 -2.30028007e-20
 -1.30644483e-20 -1.36933279e-20  1.34209956e-20  9.99999126e-10],0.0035633126655894966,0.002396171026651747,1.4712186462370657e-21,-1.0297806490446748e-27,-5.3151193976005965e-28,0.00046957174998604273,[ 6.16679080e-02 -5.75650483e-04 -1.34836638e-05  8.37913570e-11
 -8.50094102e-11 -1.75238655e-04 -1.78374350e-04  3.57668400e-02
  8.32003484e-04  2.16182500e-11 -2.10939537e-11 -1.87205637e-05
 -2.87991202e-19  1.77809156e-17  9.98678594e-07  2.32879621e-25
 -1.45926789e-25 -7.98230684e-24  3.52844230e-24  9.07959969e-25
  2.32806077e-25  9.94755815e-07  6.11155257e-32 -7.34064709e-28
 -4.00665609e-25 -9.69352280e-26 -1.45972354e-25  6.27313937e-32
  9.94755815e-07 -3.85829153e-28 -1.11613565e-14 -1.49244224e-14
 -3.49289763e-16 -6.77345403e-24  6.59434671e-24  3.48686020e-02]
4.060499429702759,base_link,4.6982511892451155,-4.956319957423712,-2.3515491044165003e-23,3.601583356565507e-23,1.47549197238328e-23,0.9999985148821601,0.0017234365304056082,[ 1.73195059e-03 -6.76535215e-04 -6.98998112e-06 -7.62003318e-04
  7.49536632e-04  1.98102700e-04 -1.48257197e-04  3.13137192e-04
  6.86157512e-04 -7.16728716e-05  7.04944332e-05  1.86607385e-05
 -2.85211875e-21 -2.64697796e-20  9.99103085e-07  6.36302033e-17
 -2.04567433e-16  1.83080549e-24 -7.99387344e-20 -2.50139417e-20
  6.36301920e-17  9.98209380e-07 -4.47053877e-24 -5.02865168e-24
  8.71914540e-20  3.05990652e-20 -2.04567398e-16 -3.08480826e-23
  9.98209380e-07  1.18179631e-23  2.74329280e-20 -3.07737344e-20
 -5.92067870e-20  1.03420260e-21 -1.01661710e-21  9.99999111e-10],0.009300976475181525,0.0015685470357432467,-3.888586595200229e-21,-2.7450986920036785e-27,5.1258414927311455e-27,0.00041581702348657203,[ 6.16382146e-02 -5.32042235e-04 -1.24678635e-05  5.71788830e-11
 -5.09188610e-11 -1.29907328e-04 -1.13390386e-04  3.57422829e-02
  8.31446998e-04  1.08301972e-11 -1.07289791e-11 -8.08815232e-06
  1.82281490e-18 -1.21430643e-16  9.98655832e-07  1.55500386e-25
 -5.00007165e-25  4.00478604e-23  2.45569244e-24  4.66904682e-25
  1.55575675e-25  9.94666236e-07  1.40277809e-31  2.75087814e-28
 -2.58493941e-26 -8.07793567e-27 -5.00107823e-25  1.40645708e-31
  9.94666236e-07 -4.84147965e-28 -1.12011010e-14 -1.31694785e-14
 -3.08171810e-16 -2.61522987e-23  2.65141102e-23  3.48682388e-02]
4.124310255050659,base_link,4.696379849016208,-4.949022704739166,-1.7566857757338135e-22,-8.723456464964251e-24,-3.2478675681839394e-23,0.999999447548316,0.0010511436927070135,[ 1.59975199e-03 -5.72924167e-04 -8.11395710e-05 -6.38569138e-04
  6.68102062e-04  2.05142343e-04 -1.75956287e-04  3.07545677e-04
  6.69125245e-04 -7.62413113e-05  7.97715292e-05  2.45432222e-05
  9.92616735e-24  2.22346149e-21  9.98948856e-07 -1.00856277e-16
 -3.37011847e-16 -4.08640907e-24  3.04931861e-20  1.72318265e-20
 -1.00856348e-16  9.97902118e-07 -9.67511166e-23 -1.98343098e-23
  1.02702745e-20  5.34689548e-21 -3.37011818e-16 -4.87616515e-23
  9.97902118e-07  5.29195472e-24 -2.39383743e-20 -3.41759154e-20
 -1.04890125e-19  3.14406097e-20 -3.28974885e-20  9.99998956e-10],0.010096641925212216,-0.003486469655811755,-5.6283056768637344e-21,4.6418412689566936e-27,-1.0679483171794386e-27,0.0011142798338102445,[ 6.14669040e-02 -4.51924279e-04 -1.05935540e-05  4.29818520e-11
 -4.78331932e-11 -1.34827215e-04 -1.36852264e-04  3.57403755e-02
  8.31254180e-04  1.40381243e-11 -1.46212550e-11 -1.04533001e-05
 -1.47214326e-18  1.15575952e-16  9.98424938e-07 -2.46166943e-25
 -8.22392198e-25  6.99390598e-23 -9.17653492e-25 -2.95652446e-25
 -2.46043391e-25  9.93758596e-07 -3.09124271e-31  8.22230245e-28
  8.91804098e-25  2.73034226e-25 -8.22455249e-25 -3.10320157e-31
  9.93758596e-07 -1.85976296e-28 -1.03276563e-14 -9.20444276e-15
 -2.15191414e-16 -8.92307379e-23  9.29934844e-23  3.48678654e-02]
4.162197828292847,base_link,4.698053757456649,-4.951857647131479,2.674028916197324e-23,1.42340309640309e-24,-3.365845467320571e-24,0.9999996625494658,0.0008215235568778659,[ 1.66157313e-03 -5.96463404e-04 -3.91084508e-05 -6.66232255e-04
  6.76354922e-04  1.74542333e-04 -1.63835080e-04  2.80092587e-04
  7.07435649e-04 -8.07079772e-05  8.19415309e-05  2.11756749e-05
  6.25348543e-22  2.55168675e-20  9.99121460e-07 -9.31005132e-17
 -2.68629336e-16 -3.48590987e-24  2.86932411e-20  1.23613871e-20
 -9.31005226e-17  9.98245998e-07 -2.46833031e-23  9.78515082e-25
  5.08219768e-21  1.93229391e-21 -2.68629321e-16 -2.98488248e-23
  9.98245998e-07  3.62754321e-25 -2.39103277e-20 -2.47893016e-20
 -9.56782541e-20  3.09821938e-20 -3.14578996e-20  9.99999129e-10],0.007427545215935781,-0.0014164753673933318,-1.0521817042323499e-20,-8.006952931603616e-28,3.652049030723464e-27,0.001297016350402276,[ 6.15523230e-02 -4.73707914e-04 -1.11000516e-05  4.64156290e-11
 -5.22901862e-11 -1.15005841e-04 -1.28334388e-04  3.57253551e-02
  8.31165210e-04  1.17705483e-11 -1.18515285e-11 -8.93458372e-06
  6.16639986e-19 -4.60785923e-17  9.98683345e-07 -2.27045607e-25
 -6.55059127e-25 -2.30868731e-23 -8.27180613e-25 -2.08410740e-25
 -2.27021662e-25  9.94774524e-07 -2.72892440e-31  6.59151671e-29
  7.17320687e-25  1.61558713e-25 -6.55115928e-25 -2.72525097e-31
  9.94774524e-07 -2.69653266e-28 -9.28824058e-15 -7.14337443e-15
 -1.66991186e-16 -4.86377359e-23  5.06715019e-23  3.48662853e-02]
4.226406574249268,base_link,4.698534911451901,-4.954165181310983,-4.04541570959778e-23,-1.4814918477010877e-23,-8.817574428913244e-24,0.9999991545851539,0.0013003187984413818,[ 1.68185274e-03 -5.95863967e-04 -5.69163309e-05 -6.71440593e-04
  6.95850865e-04  1.96266404e-04 -1.75648325e-04  3.02633336e-04
  6.90587138e-04 -8.10262436e-05  8.39680341e-05  2.37152415e-05
 -1.07698916e-21  4.51045044e-20  9.99234938e-07  1.21317113e-17
 -1.65326107e-16 -3.59633031e-24 -7.18389818e-20 -2.71579939e-20
  1.21316848e-17  9.98472211e-07 -1.37330082e-23 -4.62131229e-24
  9.01560693e-20  3.62900678e-20 -1.65326071e-16 -2.38706283e-23
  9.98472211e-07  7.75753617e-24 -5.04523305e-21 -2.40671156e-20
 -5.24834119e-20  7.59379899e-21 -7.86912247e-21  9.99999243e-10],0.005953882556714954,0.0002144808745635244,-4.450272013587371e-22,4.270893015057501e-27,-2.535529099651224e-27,0.0006675008951314085,[ 6.15763029e-02 -4.72452492e-04 -1.10769320e-05  4.83602650e-11
 -4.76045762e-11 -1.29060730e-04 -1.37483701e-04  3.57353687e-02
  8.31601573e-04  1.08852917e-11 -1.13566860e-11 -9.97530380e-06
 -2.18534500e-19  1.63714528e-17  9.98853283e-07  2.96079628e-26
 -4.03470729e-25  2.19668930e-24  2.42338070e-24  5.50915213e-25
  2.97058867e-26  9.95444367e-07  2.61071335e-32  6.50783788e-28
 -1.08567455e-24 -2.60109529e-25 -4.03528034e-25  2.57002593e-32
  9.95444367e-07 -3.87601812e-28 -7.93728105e-15 -4.64813734e-15
 -1.08513687e-16 -9.58743811e-24  9.15810489e-24  3.48658077e-02]
4.242548704147339,base_link,4.697816393263571,-4.955869429459526,-8.358925419095995e-23,1.1336281149014344e-22,8.712543933605651e-23,0.9999986397790519,0.001649375653367209,[ 1.61612561e-03 -5.38823617e-04 -2.22172544e-05 -6.09025575e-04
  6.71796408e-04  1.90622908e-04 -1.41216558e-04  3.12875920e-04
  6.86535155e-04 -5.88818019e-05  6.49566394e-05  1.84580940e-05
  1.32348898e-20  1.04185053e-19  9.98969630e-07  7.35907953e-18
 -2.01473568e-16  1.66288894e-24 -2.78462081e-20 -8.86737617e-21
  7.35902767e-18  9.97943494e-07 -4.74518666e-23 -1.39060430e-23
  2.49874719e-20  7.01449159e-21 -2.01473499e-16 -5.46138304e-23
  9.97943494e-07  1.75891779e-23 -1.45581978e-20 -2.83546593e-20
 -6.16715736e-20  8.35469032e-21 -9.21781835e-21  9.99998977e-10],0.006581798000053571,0.001409499927246286,3.756878930012961e-22,-2.419596418230888e-27,1.5481016119965756e-26,0.0002487209252784018,[ 6.14920314e-02 -4.28002328e-04 -1.00273614e-05  4.80066535e-11
 -5.91651082e-11 -1.25694745e-04 -1.10235065e-04  3.57396603e-02
  8.31397487e-04  9.27496564e-12 -1.01986575e-11 -7.89737966e-06
 -9.60535362e-19  7.95804395e-17  9.98456034e-07  1.79306934e-26
 -4.90933030e-25  4.44250471e-24  3.87740912e-25  7.59325953e-26
  1.79478608e-26  9.93880664e-07  1.39973332e-32  1.15101683e-28
 -3.17947548e-24 -5.52530800e-25 -4.91031128e-25  1.50007082e-32
  9.93880664e-07 -7.01288556e-28 -7.74535058e-15 -4.10465390e-15
 -9.57558549e-17 -1.65549980e-23  1.92905614e-23  3.48646434e-02]
4.28521466255188,base_link,4.698291075456365,-4.957358464349104,2.1383668348326074e-24,4.308607535726171e-25,6.808126435627962e-25,0.999997997234877,0.0020013810818923293,[ 2.00600614e-03 -7.04381644e-04 -2.70769015e-05 -7.83469232e-04
  8.90995692e-04  2.44236601e-04 -1.68040177e-04  3.60120641e-04
  8.19267006e-04 -5.66158032e-05  6.43869790e-05  1.76583387e-05
 -3.44107135e-21  1.04290932e-20  9.99609674e-07  1.83076957e-17
 -8.37545127e-17  1.12623086e-24  1.72741782e-19  2.59602363e-20
  1.83076961e-17  9.99219957e-07 -1.53661691e-24 -1.49901646e-24
 -8.63973606e-20 -1.26525546e-20 -8.37545142e-17 -3.56542866e-25
  9.99219957e-07  1.33665694e-24  7.12566984e-21 -2.39653449e-21
 -3.42223864e-20 -9.21745462e-22  1.04821220e-21  9.99999619e-10],0.005453843951798051,0.00239820299028868,9.664253422562084e-22,-9.535337189925794e-29,-1.0673194025452295e-28,-0.00016684013402388977,[ 6.19890172e-02 -5.49051911e-04 -1.29302532e-05  4.33815046e-11
 -5.02068697e-11 -1.57910418e-04 -1.28284097e-04  3.57728004e-02
  8.32865249e-04  3.97636989e-12 -4.49528211e-12 -7.40335745e-06
  5.23466361e-19 -3.36102673e-17  9.99414739e-07  4.48796993e-26
 -2.05313582e-25  3.76385851e-24 -2.59786411e-24 -2.38299102e-25
  4.48887984e-26  9.97667117e-07  3.80144892e-32  5.51868239e-29
  1.46695312e-24  1.31670351e-25 -2.05282772e-25  3.78665531e-32
  9.97667117e-07  1.70242389e-28 -7.46693615e-15 -2.91243809e-15
 -6.76975590e-17 -1.43037635e-24  1.82900835e-24  3.48745018e-02]
4.354833126068115,base_link,4.699052572154075,-4.954286485304184,1.5046029034009948e-22,1.1897566839228597e-23,1.0068418148329019e-23,0.9999987661931573,0.0015708635087725777,[ 2.05843255e-03 -7.94236927e-04 -6.00975265e-05 -8.91627028e-04
  8.85280236e-04  2.49860572e-04 -1.99057526e-04  3.54909891e-04
  7.06237413e-04 -7.88284894e-05  7.82654238e-05  2.21118707e-05
  4.16899029e-22 -2.69991752e-21  9.99427841e-07  3.76658120e-17
 -8.14251461e-17  5.86193005e-25  6.68097237e-20  1.67553705e-20
  3.76658184e-17  9.98856990e-07  1.29999436e-23  2.15896890e-24
 -6.81332127e-20 -1.76818128e-20 -8.14251534e-17  1.39881987e-23
  9.98856990e-07 -2.42083498e-24  2.07113359e-20 -2.08830648e-20
 -2.56468324e-20 -2.99881437e-21  2.97744122e-21  9.99999437e-10],0.0038355903998230642,0.0001684420741742857,1.5805582439293177e-22,-1.0391029165189143e-27,4.428935811102626e-28,0.00033393189177067503,[ 6.20561864e-02 -6.10820949e-04 -1.43909060e-05  5.63667937e-11
 -5.45079389e-11 -1.60613478e-04 -1.49957836e-04  3.57856750e-02
  8.32828068e-04  8.67253873e-12 -8.66281460e-12 -9.52350807e-06
 -1.04862679e-18  6.07153217e-17  9.99142252e-07  9.28481228e-26
 -2.00716097e-25 -1.97906669e-24  1.60266244e-24  2.47184831e-25
  9.28388003e-26  9.96586549e-07  5.22886703e-32 -6.51084909e-29
 -1.53803895e-24 -2.45569244e-25 -2.00711611e-25  5.23306303e-32
  9.96586549e-07  2.59498714e-29 -8.22125329e-15  2.06718391e-16
  5.78666374e-18  7.21802538e-24 -6.97709702e-24  3.48841173e-02]
4.376925468444824,base_link,4.700059508609684,-4.951633900711491,-5.066786127165492e-23,6.898525834615642e-23,6.656711866165403e-23,0.9999985918323784,0.0016781934514190047,[ 1.83577026e-03 -7.18063573e-04 -7.52687323e-05 -8.10562576e-04
  8.23280339e-04  2.35265191e-04 -2.07673773e-04  3.27485926e-04
  7.06818229e-04 -9.07299134e-05  9.21564002e-05  2.63715967e-05
  1.87604563e-21 -4.89161527e-20  9.99246734e-07  4.24751578e-18
 -9.46589659e-17  3.14464141e-25  4.55280209e-21  1.66759611e-21
  4.24753965e-18  9.98495732e-07  3.13987212e-23  8.83574259e-24
  2.91167576e-20  1.04820327e-20 -9.46589907e-17  3.16138086e-23
  9.98495732e-07 -9.03729642e-24 -2.11417025e-21 -1.40589653e-20
 -3.05650649e-20  5.50558677e-21 -5.59227710e-21  9.99999255e-10],0.002485711787361332,-0.0016845998684230552,-3.2002492165981187e-21,-2.1205905975906754e-26,2.1426371485880778e-26,0.0001991920999003938,[ 6.17807557e-02 -5.55738807e-04 -1.30716228e-05  5.82279964e-11
 -6.09276854e-11 -1.52281729e-04 -1.58462673e-04  3.57728004e-02
  8.32321547e-04  1.30444637e-11 -1.31785971e-11 -1.13236038e-05
  2.01593841e-19 -1.27935856e-17  9.98870950e-07  1.04113714e-26
 -2.32196376e-25  1.51496661e-23  1.25369562e-24  2.79496574e-25
  1.03198873e-26  9.95514125e-07  4.01185518e-33 -8.21248909e-28
  4.91138489e-25  1.09859925e-25 -2.32103509e-25  4.01839411e-33
  9.95514125e-07  8.21820435e-28 -8.35877815e-15  9.07687283e-16
  2.22272533e-17 -2.30195107e-23  2.27908400e-23  3.48835763e-02]
4.4567341804504395,base_link,4.7292761738568,-4.960407624827772,-1.9470542384459987e-21,1.4629305213585244e-22,3.015039832221639e-22,0.9999399219986507,0.010961404715294871,[ 2.21455234e-03 -7.71710373e-04 -7.73845258e-05 -8.65016341e-04
  7.68385501e-04  2.61418169e-04 -2.00909839e-04  3.98199321e-04
  7.18551026e-04 -7.71005576e-05  6.84816738e-05  2.33339190e-05
 -9.72764400e-22 -3.03873070e-20  9.99207716e-07  5.58536227e-17
  4.42875556e-16 -5.33327111e-24  1.64112634e-20  5.42630482e-21
  5.58536500e-17  9.98417938e-07  2.41634657e-23  1.88821545e-23
  6.93508226e-21  2.72638730e-21  4.42875549e-16 -1.42126036e-24
  9.98417938e-07 -9.02365270e-24 -3.13940278e-20  8.19991508e-20
  1.46281894e-19 -3.77797906e-20  3.35545273e-20  9.99999216e-10],-0.02990715185713818,0.0042276672321098895,-7.112416358074825e-20,-1.2792748604146395e-26,-2.1144792270839444e-27,-0.009989598335891492,[ 6.22872603e-02 -5.79718500e-04 -1.36848603e-05  5.28691227e-11
 -4.15395778e-11 -1.66409402e-04 -1.43226236e-04  3.58364582e-02
  8.33462574e-04  1.17528223e-11 -1.05595016e-11 -1.07731927e-05
  1.69067776e-18 -1.03107627e-16  9.98812514e-07  1.37619050e-25
  1.08984743e-24 -2.05012675e-22  1.64143653e-24  3.63507105e-25
  1.37440989e-25  9.95283623e-07 -3.04578084e-31 -2.33590125e-28
  3.55429169e-25  8.88572924e-26  1.08998027e-24 -3.04233573e-31
  9.95283623e-07 -3.82764401e-29 -8.03590639e-15 -1.92792153e-15
 -4.41793978e-17  2.65986423e-22 -2.43901836e-22  3.49051618e-02]
4.496800661087036,base_link,4.727165499045556,-4.972322543045975,-2.8611017901231295e-22,8.002935414177884e-24,-1.768782638328756e-23,0.9997129062528425,0.023960489800822795,[ 2.27458880e-03 -8.42785070e-04 -4.71924761e-05 -9.34785956e-04
  9.67946420e-04  2.68331343e-04 -1.86340927e-04  3.90409776e-04
  7.55292655e-04 -6.32121685e-05  6.54605427e-05  1.81567525e-05
 -6.82390918e-20  1.98470407e-19  9.99584370e-07  5.82530702e-17
  4.09784778e-16 -7.04412619e-25  1.48389584e-19  2.44845461e-20
  5.82530698e-17  9.99169430e-07 -5.40435537e-23  9.40517960e-25
 -7.97269762e-20 -1.13290657e-20  4.09784781e-16 -5.88362120e-23
  9.99169430e-07  4.02909256e-25  1.60305018e-21  6.24731260e-20
  1.55747510e-19 -3.93071872e-20  4.07079384e-20  9.99999594e-10],-0.025245266663421292,0.012365154722655319,-1.4451903377191432e-20,1.2361787811284455e-26,3.7405771761242754e-27,-0.024153286557412734,[ 6.23835211e-02 -6.24757260e-04 -1.47473100e-05  4.86075420e-11
 -5.59105151e-11 -1.70341243e-04 -1.21194869e-04  3.58369350e-02
  8.33862386e-04  5.58400041e-12 -5.62670611e-12 -9.19261616e-06
 -1.82959117e-19  1.02999206e-17  9.99376813e-07  1.43195469e-25
  1.00732954e-24 -9.12210105e-24 -2.85635805e-24 -3.27964188e-25
  1.43158303e-25  9.97516511e-07 -5.58137527e-31 -1.91584649e-28
  2.91451919e-24  2.93229065e-25  1.00731930e-24 -5.57952066e-31
  9.97516511e-07 -5.23905798e-29 -8.70504315e-15 -7.70041040e-15
 -1.80455263e-16  3.97646254e-23 -4.33753507e-23  3.49114265e-02]
4.559958219528198,base_link,4.716981333343717,-4.983888937443675,-4.221817839834297e-23,-1.0669984332603314e-22,-3.4791958919225044e-23,0.9995545844174254,0.029843471147104013,[ 2.09187847e-03 -7.44789490e-04  1.21327244e-05 -8.18415423e-04
  8.67548025e-04  2.16600440e-04 -1.33158988e-04  3.55894656e-04
  7.98111107e-04 -4.57650521e-05  4.85116578e-05  1.21305723e-05
 -7.02772648e-21 -4.44692297e-20  9.99094413e-07  5.71772202e-16
  5.45611425e-16 -1.42146638e-24 -2.74226917e-20 -6.26010288e-21
  5.71772209e-16  9.98192099e-07 -3.31165705e-22  3.33471267e-24
  9.95263713e-21  2.36904527e-21  5.45611394e-16 -3.09218640e-22
  9.98192099e-07 -9.35714348e-24  2.07655970e-19  8.91380814e-21
  2.29045962e-19 -1.05762354e-19  1.12108430e-19  9.99999102e-10],-0.011246060565398307,0.019985677808162558,-1.79105392691201e-21,-2.0082712380679737e-26,1.2716360378698306e-26,-0.02851909259010084,[ 6.21946272e-02 -5.21130860e-04 -1.22818431e-05  4.82450341e-11
 -4.97424647e-11 -1.37466056e-04 -5.07645309e-05  3.58271599e-02
  8.32915460e-04  8.60058114e-12 -9.10086059e-12 -8.55004661e-06
  8.26704157e-19 -5.61616725e-17  9.98642847e-07  1.40325524e-24
  1.33889378e-24 -7.12277217e-23  1.22138387e-24  2.21335437e-25
  1.40323758e-24  9.94615177e-07 -3.34034284e-30  5.28712624e-28
 -1.79653289e-24 -3.31195362e-25  1.33894074e-24 -3.34076036e-30
  9.94615177e-07 -3.34156375e-28 -1.63037190e-14 -2.07927208e-14
 -4.88914763e-16  3.38298458e-22 -3.57212123e-22  3.49184912e-02]
4.60516881942749,base_link,4.686939148526272,-4.973073576962262,-3.8037261991591987e-22,2.1090359311134697e-22,4.314450398598706e-23,0.9982629745573179,0.058915478678998386,[ 2.09790873e-03 -5.58343352e-04  5.85550669e-05 -6.33123647e-04
  9.25469433e-04  3.11373546e-04 -5.85763482e-05  5.32677252e-04
  8.74555588e-04 -1.48805600e-05  2.17559460e-05  7.32580810e-06
 -4.44361425e-21 -7.58094488e-20  9.99307792e-07  3.27706935e-16
  9.68770549e-17 -2.37161176e-24  1.97464556e-20  1.50877744e-21
  3.27706926e-16  9.98617496e-07 -5.18190035e-23 -2.00601016e-24
  1.99052743e-20  1.07202607e-21  9.68770736e-17 -6.10092275e-23
  9.98617496e-07  7.45999249e-24  1.44076561e-19 -5.76889330e-21
  5.30135731e-20 -4.62497314e-20  6.76258946e-20  9.99999316e-10],0.023784054626470888,0.013038619360670252,-6.972960602541317e-21,1.24885053280069e-26,-2.514385239255903e-26,-0.05936406203157306,[ 6.22271756e-02 -3.60477716e-04 -8.47890745e-06  3.39205634e-11
 -6.74432704e-11 -2.00357072e-04  2.74498016e-05  3.59103680e-02
  8.35190377e-04  3.79309294e-12 -5.94018827e-12 -1.09086942e-05
 -1.25360876e-19  1.22514845e-17  9.98962405e-07  8.02324855e-25
  2.37207383e-25  1.68004917e-23 -1.60266244e-24 -1.80137965e-25
  8.02326932e-25  9.95875225e-07 -4.42930108e-31 -1.31090282e-28
  1.53803895e-24  1.36517113e-25  2.37207861e-25 -4.42986069e-31
  9.95875225e-07  2.62150435e-28 -2.17355769e-14 -2.16511921e-14
 -5.09060005e-16  2.33010627e-23 -7.40428010e-23  3.49159678e-02]
4.661859512329102,base_link,4.615775270418097,-4.964076929247161,-2.484024467916198e-23,1.4820969866291108e-22,9.389715390500925e-23,0.9976970415013487,0.06782782157386484,[ 2.26417866e-03 -4.89969454e-04  1.95944878e-04 -5.46149594e-04
  8.72043959e-04  2.78595934e-04  5.04756244e-05  5.28361299e-04
  1.03843676e-03  2.28470484e-05 -3.64833730e-05 -1.16720650e-05
  2.31610572e-21  1.16467030e-20  9.99343641e-07  2.58590902e-16
 -1.43287448e-15 -3.73489753e-26 -3.78782546e-20  7.24610217e-21
  2.58590898e-16  9.98689002e-07  5.58161771e-22 -2.03448103e-24
  5.88687898e-20 -9.84675801e-21 -1.43287447e-15  5.59101700e-22
  9.98689002e-07  2.76858180e-24  6.95894125e-21 -3.60384136e-19
 -6.13732026e-19 -1.86382484e-20  2.97623311e-20  9.99999352e-10],0.09977439109254886,0.010915960385318798,1.844529347142694e-22,-4.810788989979345e-26,6.569425270559361e-26,-0.06428603803422042,[ 6.24299144e-02 -2.45675445e-04 -5.77528561e-06  2.79028732e-11
 -4.94081317e-11 -1.78970437e-04  1.75702386e-04  3.59113216e-02
  8.35282550e-04 -6.29802282e-13  6.76971799e-13 -6.57352336e-06
 -1.82959117e-19  2.64545330e-17  9.99016107e-07  6.35628650e-25
 -3.52195313e-24 -1.65876817e-24 -8.46567658e-25  1.86802262e-26
  6.35641622e-25  9.96087478e-07  5.48768517e-30  2.74351039e-28
  1.30539440e-24 -1.72665875e-26 -3.52197056e-24  5.48764916e-30
  9.96087478e-07 -3.73490861e-28 -2.90308407e-14 -7.91922951e-15
 -1.86614485e-16  2.18120565e-23 -4.11485623e-23  3.49167500e-02]
4.729784727096558,base_link,4.537862504256287,-4.939037158036693,-5.109445582874445e-22,2.307053498606706e-22,3.9773324029657535e-23,0.9958057955662745,0.09149217188710268,[ 2.13647097e-03 -4.37732459e-04  1.49425015e-04 -5.08854151e-04
  7.98679562e-04  2.88398780e-04  2.26679294e-05  5.47197109e-04
  9.32167084e-04  6.36865617e-06 -9.99539461e-06 -3.61240200e-06
 -3.01093743e-20 -1.53312963e-19  9.99230709e-07  1.38056436e-16
 -3.52149622e-15 -6.27422594e-25 -1.24937360e-20  3.70576914e-22
  1.38056434e-16  9.98463778e-07  6.29166008e-22 -1.01321267e-24
  4.75397242e-20 -1.60307603e-21 -3.52149621e-15  6.25315591e-22
  9.98463778e-07  3.77561213e-24 -2.64883640e-19 -6.02245233e-19
 -1.29205978e-18  4.18323869e-20 -6.56525525e-20  9.99999239e-10],0.17491559558468864,0.0009106327818988955,3.507341093638001e-21,-4.204713283163727e-26,-9.321329455032393e-27,-0.08283682531180275,[ 6.22744263e-02 -1.48366205e-04 -3.48220946e-06  3.44588643e-11
 -4.77015905e-11 -1.84352384e-04  2.13182531e-04  3.59189510e-02
  8.35389101e-04  3.64727718e-12 -5.23338788e-12 -1.66638307e-05
 -2.54109884e-21  4.33680869e-19  9.98846948e-07  3.37226703e-25
 -8.59938787e-24  1.02488237e-24 -1.84176933e-24 -1.94678250e-25
  3.37233885e-25  9.95419378e-07  6.07602144e-30  2.03767790e-28
 -2.26182199e-24 -2.47184831e-25 -8.59938646e-24  6.07579149e-30
  9.95419378e-07  4.67275676e-29 -3.62584523e-14  3.12653549e-14
  7.32528936e-16 -9.42756860e-23  1.46870366e-22  3.49135157e-02]
4.761705160140991,base_link,4.5003593469890575,-4.9287531946061955,-3.061338959684348e-22,2.0752530773992385e-22,3.5202905660568706e-23,0.9958620617426719,0.09087768692938249,[ 2.33098732e-03 -5.17963676e-04  1.39101833e-04 -6.20618547e-04
  9.62908552e-04  3.94758568e-04 -5.77550963e-06  6.68804278e-04
  9.80463530e-04 -3.48380467e-06  5.40517580e-06  2.21956301e-06
 -1.23216824e-20 -9.55029648e-20  9.99478413e-07  2.37324598e-17
 -2.99559040e-15 -2.17448053e-24  1.75229941e-20  4.10281584e-22
  2.37324554e-17  9.98957913e-07  1.32976793e-22 -1.36427019e-24
 -2.44580764e-20 -5.80680790e-22 -2.99559039e-15  1.28231114e-22
  9.98957913e-07  5.13797082e-24 -2.95128323e-19 -6.48885554e-19
 -1.30373962e-18  8.23893137e-20 -1.27828937e-19  9.99999487e-10],0.20706748849031112,-0.0017604722537133796,-3.1718055792769387e-22,-5.1008873879874326e-26,-8.833608301149552e-27,-0.0780252573084173,[ 6.25384551e-02 -1.79586001e-04 -4.21857606e-06  3.65291156e-11
 -5.63546125e-11 -2.50309672e-04  2.20755115e-04  3.59702110e-02
  8.36918101e-04  4.63262211e-12 -7.16566176e-12 -2.70984582e-05
 -6.22569216e-19  1.23490627e-16  9.99218027e-07  5.83563512e-26
 -7.35449652e-24  6.45950272e-25 -1.77714585e-24 -2.24566612e-25
  5.83713463e-26  9.96886673e-07  1.32401325e-30  3.72343909e-28
  1.10506160e-24  1.40556081e-25 -7.35449413e-24  1.32377069e-30
  9.96886673e-07  6.46643837e-29 -3.74330626e-14  5.36463235e-14
  1.25897465e-15 -1.74505874e-22  2.70639607e-22  3.49152579e-02]
4.814270257949829,base_link,4.413132567382773,-4.903888443294683,6.234478327642821e-22,-4.1731965013593106e-22,-1.420520386711074e-22,0.9962380873658987,0.08665837109902362,[ 1.83501568e-03 -3.16466831e-04  1.47570731e-04 -3.75139690e-04
  7.89469239e-04  3.31615910e-04  4.91489964e-05  5.47197764e-04
  8.11226851e-04  9.41306914e-06 -1.98106967e-05 -8.32719736e-06
 -6.77626358e-21 -2.72109334e-20  9.98741730e-07 -3.12483617e-16
 -1.05326961e-14  2.66751135e-24  5.55865372e-21 -2.84550131e-22
 -3.12483614e-16  9.97489766e-07 -2.60729755e-21  3.55513063e-24
  2.96461532e-21 -1.32348898e-22 -1.05326961e-14 -2.60666302e-21
  9.97489766e-07 -8.04562480e-24 -6.12586542e-19 -1.77451862e-18
 -2.80609876e-18  6.19248105e-20 -1.30333740e-19  9.99998748e-10],0.28426506822874736,-0.008142286604384,-5.203306180623494e-21,-4.737512182841535e-26,-1.5607660923182017e-26,-0.06686050622273577,[ 6.18614798e-02 -6.39585778e-05 -1.49807810e-06  3.19246540e-11
 -7.93463039e-11 -2.13427204e-04  2.25482741e-04  3.59249115e-02
  8.34992873e-04  2.52015859e-12 -6.50092346e-12 -1.99579526e-05
  2.28698896e-20 -1.26851654e-17  9.98114963e-07 -7.54294223e-25
 -2.54306501e-23 -6.92582009e-25 -2.71418638e-25 -2.14065295e-26
 -7.54291518e-25  9.92543808e-07 -2.46655228e-29  2.76733850e-28
  5.42837277e-25  4.44286462e-26 -2.54306530e-23 -2.46659514e-29
  9.92543808e-07  9.08685962e-29 -3.89542990e-14  1.15460159e-13
  2.70542425e-15 -1.50290838e-22  3.65979943e-22  3.49104692e-02]
4.848759174346924,base_link,4.353839070966241,-4.891121115342178,-7.110286478554187e-23,-3.527307058085095e-22,-6.713285950612328e-23,0.9960553120659351,0.08873452149661164,[ 1.75762347e-03 -3.17180876e-04  1.57293208e-04 -3.78059549e-04
  7.21739115e-04  2.98201364e-04  4.25284657e-05  5.28121585e-04
  9.28493122e-04  8.83264061e-06 -1.68612387e-05 -6.97202821e-06
 -3.36563248e-20 -1.84017908e-19  9.99061997e-07 -3.00071901e-16
 -9.53043902e-15 -1.55168567e-24  1.70465381e-20 -8.32143696e-22
 -3.00071901e-16  9.98127502e-07 -3.04290938e-21  2.45686830e-24
  1.39760436e-20 -7.51079996e-22 -9.53043902e-15 -3.03791563e-21
  9.98127502e-07 -8.63605296e-24 -7.16504958e-19 -1.90547196e-18
 -3.30915847e-18  8.74687512e-20 -1.66970215e-19  9.99999070e-10],0.33152087745172454,-0.009589496933157762,5.802505327514846e-21,2.972283248585572e-26,1.3152687902585385e-26,-0.06568175040899907,[ 6.17745754e-02 -7.36429356e-05 -1.72307218e-06  2.98073320e-11
 -5.06877069e-11 -1.93132678e-04  2.14572065e-04  3.59077454e-02
  8.35068661e-04  2.23019009e-12 -3.62669618e-12 -1.80330195e-05
  1.02067470e-19 -4.96564595e-17  9.98594312e-07 -7.29823877e-25
 -2.31847070e-23  8.15155296e-24 -7.10858339e-25 -5.37182722e-26
 -7.29826699e-25  9.94424103e-07 -2.91128496e-29 -2.16881935e-28
 -1.13091099e-24 -8.11832535e-26 -2.31847085e-23 -2.91125686e-29
  9.94424103e-07 -9.44662444e-29 -3.56841123e-14  1.45575392e-13
  3.41073686e-15 -1.30599222e-22  2.21360762e-22  3.49067010e-02]
4.921674489974976,base_link,4.26454049296443,-4.866908458535828,-1.1064982652127644e-22,1.2834620602870524e-22,1.078010802974797e-22,0.9948009311762738,0.10183863378315063,[ 1.88224107e-03 -4.37918778e-04  1.94066190e-04 -5.65340457e-04
  8.87497640e-04  3.91569695e-04  3.18541424e-07  6.13452372e-04
  1.11935948e-03 -1.61445672e-05  2.53372133e-05  1.12076200e-05
 -6.50097787e-20 -3.00802575e-19  9.99179587e-07 -3.25281853e-16
 -9.82407350e-15 -1.55799641e-24 -6.85037896e-20 -7.19316261e-21
 -3.25281856e-16  9.98361860e-07 -3.90857942e-21 -5.94964954e-24
  1.20278679e-19  1.51407139e-20 -9.82407350e-15 -3.90283241e-21
  9.98361860e-07  5.35298035e-24 -6.27053828e-19 -2.06516952e-18
 -4.25899331e-18  2.29728526e-19 -3.60600145e-19  9.99999188e-10],0.382928669806981,-0.01486999927094811,5.760670111550864e-21,-5.700393534431728e-27,4.873595122116547e-26,-0.07372824794478475,[ 6.19581998e-02 -1.59079209e-04 -3.72801280e-06  5.35870496e-11
 -7.44992456e-11 -2.50217755e-04  1.87943690e-04  3.59323025e-02
  8.35862355e-04  9.15270878e-12 -1.36674087e-11 -3.15280503e-05
 -2.53262851e-19  5.68121938e-17  9.98770388e-07 -7.94457444e-25
 -2.39981413e-23  1.14953158e-23  4.10359132e-24  7.02780403e-25
 -7.94452854e-25  9.95117467e-07 -3.74573815e-29  7.80193003e-29
 -9.30578189e-25 -1.74483410e-25 -2.39981477e-23 -3.74571117e-29
  9.95117467e-07 -6.44014616e-28 -3.05455260e-14  2.48788837e-13
  5.83372809e-15 -7.17928333e-22  1.08397224e-21  3.49058687e-02]
4.96319055557251,base_link,4.195928487367696,-4.842800107081694,-3.9531952986193745e-22,9.778261170024286e-23,4.8981058866712373e-23,0.994921285846339,0.10065602301833415,[ 2.00516782e-03 -4.55331912e-04  1.04500959e-04 -5.82359795e-04
  1.02148106e-03  5.08506384e-04 -5.20667963e-05  7.90709251e-04
  1.19132976e-03 -2.29707557e-05  4.02888323e-05  2.00790887e-05
  3.57342025e-22  3.28225267e-21  9.99399189e-07 -3.52474430e-16
 -8.07191527e-15 -3.20250021e-24  4.52633231e-20  4.93661390e-21
 -3.52474434e-16  9.98799817e-07 -4.73997900e-21 -2.22625941e-24
 -7.10448885e-20 -8.41738991e-21 -8.07191526e-15 -4.73973684e-21
  9.98799817e-07  3.69304700e-24 -8.52453255e-19 -2.26233360e-18
 -3.94367616e-18  3.70076175e-19 -6.49088878e-19  9.99999408e-10],0.42966193387236185,-0.02191991661260345,-1.0822624110722733e-20,-2.174371288075815e-26,2.5497602236552558e-26,-0.0677300819358393,[ 6.21338216e-02 -1.63143501e-04 -3.82560099e-06  3.92846225e-11
 -6.48269110e-11 -3.22388528e-04  1.54227950e-04  3.60071659e-02
  8.37945115e-04  7.51954679e-12 -1.28368786e-11 -4.60668806e-05
 -8.47879980e-19  1.85832252e-16  9.99099323e-07 -8.59057208e-25
 -1.96796902e-23 -4.36673938e-23 -3.41858238e-24 -6.54312789e-25
 -8.59067377e-25  9.96416569e-07 -4.53489660e-29  2.43692095e-28
  1.95162926e-24  3.86125325e-25 -1.96796733e-23 -4.53490139e-29
  9.96416569e-07 -2.87454999e-28 -2.36648605e-14  2.95617697e-13
  6.93337031e-15 -4.03356371e-22  6.76441690e-22  3.49043468e-02]
5.008280515670776,base_link,4.129175468891594,-4.822246108979839,1.8669698345283885e-22,-1.4105497395882123e-22,-8.647547452394994e-23,0.9950453469255721,0.09942211807122087,[ 2.03025818e-03 -4.46554734e-04  2.02711465e-05 -5.25351843e-04
  9.12691962e-04  4.56578945e-04 -8.33526319e-05  7.28160347e-04
  1.13141349e-03 -2.04812664e-05  3.55843658e-05  1.78181328e-05
  5.28733848e-21  7.49624158e-20  9.99254313e-07 -5.87584924e-16
 -1.10288519e-14  3.51102744e-24  6.74979380e-21  9.16516119e-22
 -5.87584914e-16  9.98510846e-07 -8.68049690e-21  5.01832221e-24
 -1.61465656e-20 -1.87935435e-21 -1.10288519e-14 -8.68284256e-21
  9.98510846e-07 -6.67711229e-24 -1.05657331e-18 -2.46478626e-18
 -4.50541014e-18  4.38254836e-19 -7.61476466e-19  9.99999262e-10],0.4666597116622361,-0.02621804989386446,-8.82090333822428e-21,-2.8252769073471764e-27,-6.494964858539695e-27,-0.061719791176418556,[ 6.21525603e-02 -1.32278539e-04 -3.10128393e-06  2.46453307e-11
 -4.96858626e-11 -2.87930374e-04  1.51702669e-04  3.59733105e-02
  8.37027495e-04  5.05927967e-12 -9.62559565e-12 -4.20892494e-05
  4.35374935e-19 -1.17527515e-16  9.98882302e-07 -1.43831164e-24
 -2.70004532e-23 -4.89685328e-23  1.77714585e-25  3.63507105e-26
 -1.43833482e-24  9.95558911e-07 -8.38872481e-29  3.89379010e-29
 -1.62204948e-24 -3.13423904e-25 -2.70004068e-23 -8.38873141e-29
  9.95558911e-07  9.26103203e-29 -1.76142805e-14  3.81056298e-13
  8.93619658e-15 -5.57411944e-22  1.03847607e-21  3.49024609e-02]
5.0733160972595215,base_link,4.024288250096204,-4.792995555687684,2.34699807452409e-23,4.554574974511451e-22,2.012087447866027e-22,0.9953597559412727,0.09622347038290602,[ 2.09170622e-03 -4.95475095e-04  1.01106646e-05 -5.97324611e-04
  9.73855780e-04  4.74292746e-04 -1.25308477e-04  7.50109961e-04
  1.21898974e-03 -3.43754800e-05  5.60491128e-05  2.73210845e-05
 -6.03510975e-21 -6.37392293e-20  9.99234221e-07 -7.32308839e-16
 -1.27295440e-14 -1.48869267e-24 -6.19392843e-21 -1.06540863e-21
 -7.32308857e-16  9.98470781e-07 -1.21963679e-20 -1.13060805e-23
  2.59403840e-20  3.78517848e-21 -1.27295440e-14 -1.21987144e-20
  9.98470781e-07  2.03021532e-23 -1.16161780e-18 -3.47372017e-18
 -5.65706572e-18  6.63460628e-19 -1.08186310e-18  9.99999242e-10],0.5230556738636182,-0.03076701095328525,1.0977744981673671e-20,-4.729743621403457e-26,1.8062205833224572e-26,-0.05210672716797455,[ 6.22383625e-02 -1.59109011e-04 -3.72969808e-06  3.16702847e-11
 -6.12132062e-11 -2.97904302e-04  1.29478052e-04  3.59714031e-02
  8.37054112e-04  7.25205101e-12 -1.30220473e-11 -4.73807227e-05
 -3.07472960e-19  6.90636784e-17  9.98852209e-07 -1.79082985e-24
 -3.11317228e-23  8.85336827e-23  1.09859925e-24  2.52031593e-25
 -1.79075191e-24  9.95440145e-07 -1.17297349e-28  6.34693224e-28
 -7.62557127e-25 -1.64789888e-25 -3.11318109e-23 -1.17297700e-28
  9.95440145e-07 -2.49563853e-28 -3.79462629e-15  5.01206715e-13
  1.17523277e-14 -7.36310637e-22  1.32003475e-21  3.48992800e-02]
5.115789175033569,base_link,3.9699274314475197,-4.77827230541762,9.869065157861219e-23,-2.1850085921076837e-23,-1.1414882739481047e-22,0.9955527206532553,0.09420605288356694,[ 2.05334047e-03 -4.86731511e-04  1.71839629e-05 -6.21598341e-04
  1.03065930e-03  5.44796414e-04 -1.46292248e-04  8.08749173e-04
  1.34170202e-03 -4.83353685e-05  8.01342600e-05  4.24060602e-05
  2.43521972e-21  2.12817028e-20  9.99299212e-07 -7.35410375e-16
 -1.22908799e-14  5.09468260e-24  5.17748889e-20  1.04820327e-20
 -7.35410360e-16  9.98600384e-07 -1.28808192e-20  9.16941390e-24
 -6.00334601e-20 -1.44524997e-20 -1.22908799e-14 -1.28971422e-20
  9.98600384e-07 -8.76951218e-25 -9.22210533e-19 -4.54876380e-18
 -5.99814178e-18  7.25463963e-19 -1.20268194e-18  9.99999307e-10],0.5391602535409388,-0.0326683953651162,4.713578908528515e-21,4.972184088829992e-27,5.67163492751461e-26,-0.046440791387934735,[ 6.21889465e-02 -1.69157982e-04 -3.96560680e-06  4.31519813e-11
 -6.14995538e-11 -3.41339532e-04  9.56868753e-05  3.59923840e-02
  8.37701776e-04  1.05455047e-11 -1.64476452e-11 -5.80425191e-05
 -3.78623727e-19  7.99057001e-17  9.98949553e-07 -1.79768655e-24
 -3.00469380e-23  1.13964998e-22 -7.30245385e-25 -1.77714585e-25
 -1.79764563e-24  9.95824442e-07 -1.24173799e-28 -1.12392668e-28
  4.12297837e-24  1.10183043e-24 -3.00470598e-23 -1.24173255e-28
  9.95824442e-07 -1.28938699e-27  8.19113386e-15  5.74356535e-13
  1.34682496e-14 -9.14073624e-22  1.39161585e-21  3.48972711e-02]
5.160757780075073,base_link,3.9216271983042366,-4.761064807631789,-7.587292610780202e-23,2.3474775584457824e-23,-1.1255221394121531e-23,0.9934068754731592,0.11464196335834058,[ 2.07329300e-03 -4.61663292e-04 -4.97629840e-05 -5.79379997e-04
  1.02329793e-03  5.71447156e-04 -1.77128055e-04  8.21883470e-04
  1.41529170e-03 -5.34756169e-05  9.44510774e-05  5.27952800e-05
  6.29980755e-21  1.39654557e-19  9.99365406e-07 -6.85957156e-16
 -1.13651818e-14 -1.45784746e-24 -3.65282959e-21 -9.26442286e-22
 -6.85957159e-16  9.98732419e-07 -1.22893389e-20 -2.37719712e-24
 -8.07857673e-20 -1.97199858e-20 -1.13651818e-14 -1.22773562e-20
  9.98732419e-07 -7.63406808e-24 -8.86488635e-19 -4.26592241e-18
 -6.12793710e-18  7.06982487e-19 -1.24871640e-18  9.99999373e-10],0.544614425661811,-0.03703808289799213,1.5920017993992263e-20,-2.0037574700667206e-27,3.1839312191620733e-27,-0.06669565497079956,[ 6.22086893e-02 -1.50174834e-04 -3.52216444e-06  3.54402380e-11
 -6.48989921e-11 -3.56622084e-04  7.04079866e-05  3.59950066e-02
  8.37910300e-04  9.96389414e-12 -1.78298770e-11 -6.38646233e-05
 -1.87617798e-19  4.45607093e-17  9.99048711e-07 -1.67845451e-24
 -2.78115502e-23  1.22697488e-22 -5.42837277e-25 -1.53480778e-25
 -1.67842144e-24  9.96216370e-07 -1.18458960e-28 -1.93061629e-28
  2.27474668e-24  6.26847808e-25 -2.78116111e-23 -1.18458939e-28
  9.96216370e-07  2.66122434e-28  1.99486559e-14  6.53983812e-13
  1.53383018e-14 -8.28856261e-22  1.49245311e-21  3.48960601e-02]
5.223741769790649,base_link,3.84886677397851,-4.728523453609892,-1.0301886385626383e-21,-3.54566835698181e-23,-1.632650321012492e-23,0.9889692353980977,0.14812107019631626,[ 1.96906333e-03 -4.68004713e-04 -1.06791564e-04 -5.81464035e-04
  9.49406070e-04  5.42347681e-04 -2.40616928e-04  7.74662796e-04
  1.43156028e-03 -6.65018533e-05  1.08588959e-04  6.20941527e-05
 -4.38074852e-21 -5.93981854e-20  9.99206034e-07 -1.11818351e-15
 -1.43661594e-14 -2.53333633e-23 -3.58400816e-20 -1.19643404e-20
 -1.11818353e-15  9.98414583e-07 -2.02259519e-20  3.83546019e-24
  5.63276910e-20  1.72053567e-20 -1.43661594e-14 -2.02259564e-20
  9.98414583e-07 -6.25881330e-24 -1.64764381e-18 -4.16405864e-18
 -6.83658603e-18  1.13773189e-18 -1.85785403e-18  9.99999213e-10],0.560146138230024,-0.04586617545267322,-6.762099455036988e-21,-7.75046514687435e-27,9.526213777396847e-27,-0.09789610946273457,[ 6.20966361e-02 -1.19347125e-04 -2.79760042e-06  3.24804479e-11
 -5.82157800e-11 -3.28834848e-04  5.80749474e-05  3.59597206e-02
  8.36967714e-04  1.42392356e-11 -2.38973506e-11 -7.60094747e-05
  3.15519773e-19 -9.43255890e-17  9.98809995e-07 -2.73311161e-24
 -3.51194341e-23 -1.14416294e-22 -5.75149020e-25 -2.52031593e-25
 -2.73314746e-24  9.95273626e-07 -1.94819048e-28  4.08985194e-28
 -5.49299626e-25 -2.26182199e-25 -3.51193712e-23 -1.94819102e-28
  9.95273626e-07 -5.22416885e-28  3.76864880e-14  7.75438741e-13
  1.81832894e-14 -1.34165190e-21  2.26570345e-21  3.48929404e-02]
5.268841028213501,base_link,3.8001824841894436,-4.700521278130976,-4.668429136675545e-22,-4.870029383847605e-22,-8.086130778742347e-23,0.9854428861038522,0.17000681817889016,[ 2.00728803e-03 -4.50647633e-04 -1.39110930e-04 -5.38965713e-04
  8.88129413e-04  5.41972795e-04 -2.51600628e-04  7.93390820e-04
  1.55246692e-03 -5.92702881e-05  9.76769401e-05  5.96575427e-05
  3.81826571e-21  8.11034047e-20  9.99300204e-07 -1.07653573e-15
 -1.30875615e-14 -4.19739871e-24 -9.37030198e-21 -3.46754113e-21
 -1.07653575e-15  9.98602362e-07 -2.01474444e-20 -8.60391134e-24
  6.42156853e-20  1.91905902e-20 -1.30875614e-14 -2.01570855e-20
  9.98602362e-07  2.38923327e-23 -1.77756660e-18 -3.15743505e-18
 -7.06835259e-18  1.06360510e-18 -1.75298627e-18  9.99999308e-10],0.5678487577181335,-0.0539879978361518,3.136098231409826e-20,2.3613565754757993e-26,-8.138053479675294e-26,-0.11667483002887702,[ 6.21400959e-02 -6.29334245e-05 -1.47463405e-06  2.23041664e-11
 -4.57234051e-11 -3.25184256e-04  9.26440116e-05  3.59683037e-02
  8.37347537e-04  1.02977338e-11 -1.84358720e-11 -8.13359740e-05
  9.48676901e-20 -5.39932682e-17  9.98951038e-07 -2.63534731e-24
 -3.20411117e-23  1.90049394e-22  9.17653492e-25  4.24899416e-25
 -2.63524869e-24  9.95830320e-07 -1.94325603e-28  3.71175821e-28
 -1.22784622e-24 -4.97600837e-25 -3.20413054e-23 -1.94325373e-28
  9.95830320e-07 -1.21842860e-27  4.73297820e-14  8.50361448e-13
  1.99445800e-14 -1.05432558e-21  1.88723633e-21  3.48916788e-02]
5.323152542114258,base_link,3.753553661862661,-4.652731139280029,2.6023326049873817e-21,7.328662400603696e-22,-1.3702962115197346e-22,0.9756040296227381,0.2195376445712114,[ 2.06378123e-03 -4.60655487e-04 -2.46964045e-04 -5.83032071e-04
  9.52366346e-04  6.65129414e-04 -3.35462159e-04  8.82709370e-04
  1.70187785e-03 -9.66069475e-05  1.57786569e-04  1.10346685e-04
  2.21518968e-21 -1.30548953e-19  9.99246940e-07 -1.38655272e-15
 -1.39594070e-14  1.51765278e-23 -1.08526096e-20 -5.63806306e-21
 -1.38655270e-15  9.98496143e-07 -2.57012885e-20  8.01563633e-25
 -1.10643679e-20 -6.77626358e-21 -1.39594070e-14 -2.56829280e-20
  9.98496143e-07 -2.22882314e-23 -1.58077989e-18 -2.79635995e-18
 -7.21145275e-18  1.34569201e-18 -2.19780571e-18  9.99999254e-10],0.5703291928648415,-0.07341696545170939,-1.1171804042849178e-19,1.1180556983087954e-25,2.7681774695806915e-26,-0.1646456850071358,[ 6.22441541e-02 -1.95214525e-05 -4.57310014e-07  3.01705179e-11
 -4.06530655e-11 -3.79608666e-04  7.69798644e-05  3.60004902e-02
  8.38056513e-04  2.01420440e-11 -3.16621399e-11 -1.25531119e-04
  5.27278010e-20 -9.67108338e-17  9.98871259e-07 -3.40341382e-24
 -3.42693946e-23 -4.84030139e-22  4.58826746e-25  3.10192730e-25
 -3.40354329e-24  9.95515348e-07 -2.49327004e-28  9.61766186e-28
  1.29246971e-26  1.29246971e-26 -3.42691068e-23 -2.49327601e-28
  9.95515348e-07  2.38294060e-28  6.92582181e-14  9.62025598e-13
  2.25689405e-14 -3.26598466e-21  5.24238023e-21  3.48935430e-02]
5.370519638061523,base_link,3.6836380175623193,-4.603313863576857,1.243401305044653e-22,7.791597229190498e-23,-1.9603852390925642e-22,0.9727121953359709,0.2320150534872166,[ 1.96885191e-03 -5.02121009e-04 -3.48911495e-04 -6.54010067e-04
  1.00918410e-03  7.31971223e-04 -4.47158018e-04  9.10045579e-04
  1.69828916e-03 -1.34107867e-04  2.06935991e-04  1.50272963e-04
  9.09898674e-23 -3.22931311e-20  9.99159348e-07 -1.96515230e-15
 -1.63244346e-14 -1.48847256e-24 -1.75759337e-20 -1.05349723e-20
 -1.96515231e-15  9.98321517e-07 -3.81756733e-20 -1.07019286e-23
 -1.07996701e-20 -6.51156578e-21 -1.63244347e-14 -3.81543120e-20
  9.98321517e-07 -7.43958845e-24 -2.48544189e-18 -3.68318794e-18
 -7.32836454e-18  2.09841135e-18 -3.23794517e-18  9.99999165e-10],0.6074759212884061,-0.08399469786627108,-6.638516457471414e-20,1.7778913444095863e-25,-1.224440679207836e-25,-0.16768055182934877,[ 6.22079297e-02  4.70320811e-06  1.10354194e-07  3.14214470e-11
 -4.76039178e-11 -3.90931503e-04  4.76127898e-05  3.59899998e-02
  8.37737750e-04  2.78782248e-11 -4.28487356e-11 -1.66370554e-04
 -3.56018536e-21 -2.64545330e-17  9.98740080e-07 -4.81173971e-24
 -3.99767257e-23 -5.47502629e-22 -1.18260978e-24 -1.04690046e-24
 -4.81183654e-24  9.94998049e-07 -3.68648078e-28  3.21222869e-27
  5.88073717e-25  5.29912580e-25 -3.99764666e-23 -3.68649140e-28
  9.94998049e-07 -2.17783877e-27  9.40480790e-14  1.05782050e-12
  2.48156464e-14 -3.87460169e-21  5.95992792e-21  3.48930657e-02]
5.410609722137451,base_link,3.617872644299446,-4.560999160014165,-1.2859492576392615e-22,1.9659203852580164e-22,-1.492491581314389e-23,0.9752325294260463,0.22118208234229936,[ 1.87513532e-03 -4.21139499e-04 -3.90408637e-04 -5.20361042e-04
  9.32861627e-04  6.93356533e-04 -4.39344731e-04  8.99171282e-04
  1.69912483e-03 -1.02128958e-04  1.83106987e-04  1.36257438e-04
  1.21595550e-21 -1.47066095e-19  9.98975214e-07 -2.82497513e-15
 -2.12372268e-14  7.05141810e-24  3.17637355e-21  2.19699171e-21
 -2.82497513e-15  9.97954616e-07 -5.85520421e-20 -6.20364902e-24
  8.75620309e-20  4.96043670e-20 -2.12372268e-14 -5.85712807e-20
  9.97954616e-07  3.68257164e-23 -3.15077676e-18 -3.96071986e-18
 -8.51665273e-18  2.11745772e-18 -3.79683065e-18  9.99998980e-10],0.6432831231616843,-0.08879076964241557,1.4689353834901797e-20,-2.08501676240699e-26,-3.6400900547162503e-26,-0.14484550635319515,[ 6.20573997e-02  7.97654502e-05  1.87002331e-06  1.93987015e-11
 -4.56568343e-11 -3.64370568e-04  6.70864247e-05  3.59978676e-02
  8.37740529e-04  2.03139849e-11 -3.96258455e-11 -1.64970320e-04
  5.86570316e-20  2.62376926e-17  9.98464392e-07 -6.89026115e-24
 -5.17993121e-23  8.82333826e-22  8.40105310e-26  8.72417052e-26
 -6.88984218e-24  9.93913502e-07 -5.61845831e-28  1.28336525e-27
 -2.75942282e-24 -2.39106896e-24 -5.17998805e-23 -5.61847511e-28
  9.93913502e-07  1.99805798e-27  1.12919656e-13  1.12529430e-12
  2.63911609e-14 -2.63734039e-21  5.05098352e-21  3.48910675e-02]
5.468898057937622,base_link,3.5570450467497374,-4.511805049510347,-4.777821162321525e-21,6.975134022234966e-22,1.0256617516458403e-21,0.9728897985153363,0.23126919367868326,[ 1.93685030e-03 -3.90308182e-04 -4.75254811e-04 -4.68492100e-04
  8.00897361e-04  6.32343074e-04 -4.79935436e-04  8.70433287e-04
  1.72212304e-03 -1.14506363e-04  1.95768925e-04  1.54797432e-04
 -2.62050818e-21  1.88464831e-20  9.98775566e-07 -3.69853622e-15
 -2.60101402e-14 -7.13469125e-23  2.69991752e-21  3.41460157e-21
 -3.69853616e-15  9.97557108e-07 -7.84934878e-20  5.80154364e-23
 -2.47227741e-20 -2.46698346e-20 -2.60101401e-14 -7.85509346e-20
  9.97557108e-07 -2.13928651e-23 -3.18892560e-18 -4.09619550e-18
 -9.28319079e-18  2.24003512e-18 -3.83018964e-18  9.99998779e-10],0.6496428997952135,-0.09813776810172874,-1.8222593724153386e-20,-1.776118995388316e-25,8.353224650129724e-26,-0.144126420113781,[ 6.21157212e-02  1.52958557e-04  3.58361238e-06  7.98203016e-12
 -2.29239786e-11 -3.24949797e-04  8.47987831e-05  3.59869003e-02
  8.37318791e-04  1.95816344e-11 -3.65482215e-11 -1.64215487e-04
  5.12454933e-20  1.19262239e-17  9.98165593e-07 -8.99204433e-24
 -6.32415403e-23 -2.33485063e-22 -7.59325953e-26 -2.00332805e-25
 -8.99226209e-24  9.92742043e-07 -7.50209969e-28 -2.59612335e-27
  2.90805684e-25  4.65289095e-25 -6.32412964e-23 -7.50208475e-28
  9.92742043e-07  1.18414035e-27  1.39778055e-13  1.21116311e-12
  2.83950107e-14 -2.52352510e-21  4.61172772e-21  3.48880435e-02]
5.513373374938965,base_link,3.501333160418119,-4.481550892069712,-6.325644055501044e-23,-1.0216740226298539e-22,-6.363320659498052e-23,0.9752587607479031,0.2210663918022467,[ 2.10196318e-03 -4.22557379e-04 -5.62981986e-04 -5.69426274e-04
  1.01146969e-03  8.21582685e-04 -6.00076339e-04  1.02603028e-03
  1.99960200e-03 -1.53424764e-04  2.72537831e-04  2.21545700e-04
  2.94145426e-21 -1.68559557e-19  9.99202431e-07 -2.48846817e-15
 -1.72221422e-14  3.32654230e-23 -1.13290657e-20 -6.96155204e-21
 -2.48846812e-15  9.98407399e-07 -5.37114444e-20  1.86048870e-23
 -1.19643404e-20 -6.93508226e-21 -1.72221423e-14 -5.37214105e-20
  9.98407399e-07 -1.86463122e-23 -2.97268508e-18 -4.06141483e-18
 -8.32861409e-18  2.32923581e-18 -4.13774984e-18  9.99999207e-10],0.6600308317170356,-0.09695432534411996,-3.857504398620857e-21,-1.0288330632284585e-29,5.099498717290041e-27,-0.12259890389856257,[ 6.23926303e-02  1.63425691e-04  3.83216152e-06  2.72121550e-11
 -5.25136048e-11 -4.12839594e-04  2.73976475e-05  3.60317230e-02
  8.38968410e-04  2.52730268e-11 -4.62569917e-11 -2.22422270e-04
 -5.11607900e-19 -1.12106505e-16  9.98804598e-07 -6.08958301e-24
 -4.21446536e-23  1.35091753e-21 -3.19886253e-25 -2.97268033e-25
 -6.08919474e-24  9.95252354e-07 -5.18401003e-28 -3.67451936e-30
  1.36355554e-24  1.20199683e-24 -4.21453456e-23 -5.18400908e-28
  9.95252354e-07 -3.34687417e-28  1.63240840e-13  1.26048477e-12
  2.95696780e-14 -3.43812586e-21  6.17253306e-21  3.48868788e-02]
5.55291748046875,base_link,3.4644821101314327,-4.445370329679853,1.1720644509607524e-21,-3.993077822646612e-23,-1.6663641896248468e-22,0.9735235207313723,0.2285868644143696,[ 2.14493400e-03 -3.92113521e-04 -6.36729187e-04 -4.98960279e-04
  9.74772365e-04  7.84524601e-04 -6.13042503e-04  1.02943776e-03
  1.90076752e-03 -1.38149820e-04  2.69914578e-04  2.17446705e-04
  1.93758787e-20 -1.58818678e-19  9.99083506e-07 -2.94159157e-15
 -1.98424774e-14  2.74763326e-23 -3.09167026e-20 -2.57286258e-20
 -2.94159158e-15  9.98170363e-07 -6.37014373e-20 -1.17373964e-23
  1.82112084e-20  1.27584338e-20 -1.98424774e-14 -6.36869146e-20
  9.98170363e-07  4.93748785e-26 -3.35790041e-18 -4.56161281e-18
 -8.08853199e-18  2.18309039e-18 -4.26573022e-18  9.99999088e-10],0.6599761557746695,-0.10598245803793525,5.2494532513929853e-20,2.4746088587558215e-27,2.826708285915985e-26,-0.1241338316352242,[ 6.24205605e-02  1.95780769e-04  4.58970272e-06  1.76481567e-11
 -4.46957621e-11 -3.94758261e-04  2.61990353e-05  3.60376835e-02
  8.39001642e-04  2.19470054e-11 -4.62785899e-11 -2.13937547e-04
 -2.13452303e-19 -3.91396984e-17  9.98626516e-07 -7.17850104e-24
 -4.84236289e-23  8.08546866e-22  3.87740912e-25  4.84676140e-25
 -7.17825280e-24  9.94550842e-07 -6.11621975e-28  5.40753593e-29
  2.97268033e-25  3.10192730e-25 -4.84240742e-23 -6.11622171e-28
  9.94550842e-07  5.59419557e-28  1.82897724e-13  1.31875066e-12
  3.09302691e-14 -2.24024691e-21  4.73527241e-21  3.48848053e-02]
5.623851776123047,base_link,3.387054052110813,-4.395512904381908,2.7527127434621803e-22,9.836968916290459e-22,5.250347023326459e-22,0.9722440454973379,0.23396904922440132,[ 2.06147227e-03 -2.94169906e-04 -7.15457011e-04 -3.20225944e-04
  8.90948859e-04  6.94106520e-04 -6.32602023e-04  9.54742893e-04
  1.90943758e-03 -7.81912443e-05  2.17606736e-04  1.69774072e-04
 -1.55907002e-20  8.83031848e-20  9.98865913e-07 -3.85250042e-15
 -2.46313620e-14 -1.49705876e-24  3.07711188e-22  1.69406589e-21
 -3.85250037e-15  9.97736954e-07 -8.36331538e-20  3.11976627e-23
  4.76456033e-22  5.29395592e-22 -2.46313620e-14 -8.36560350e-20
  9.97736954e-07 -3.70640095e-23 -3.19664775e-18 -4.10794332e-18
 -7.98253399e-18  1.46102011e-18 -4.06747625e-18  9.99998870e-10],0.6638181287244428,-0.10856425803895264,-1.0958927580674438e-19,1.0120243933273143e-25,-4.866281086555465e-25,-0.11791168194427007,[ 6.22595323e-02  2.59125605e-04  6.07909235e-06 -3.18740755e-12
 -2.08213025e-11 -3.51183002e-04  3.67872417e-07  3.60145569e-02
  8.38231482e-04  9.84503677e-12 -3.73539012e-11 -1.81312614e-04
  7.05578445e-19  9.73613551e-17  9.98300794e-07 -9.39523209e-24
 -6.00749582e-23 -1.24683905e-21  4.64481301e-26 -1.48634016e-25
 -9.39556629e-24  9.93271624e-07 -8.03170176e-28  1.25096507e-27
  1.35709319e-25  2.26182199e-25 -6.00741995e-23 -8.03169274e-28
  9.93271624e-07 -6.34678054e-27  2.27108371e-13  1.44163848e-12
  3.38073659e-14 -1.78733715e-21  6.14912538e-21  3.48855809e-02]
5.6636505126953125,base_link,3.333308422987786,-4.369886032313027,-3.125715113251225e-23,-4.481085469232614e-23,2.4380850803681774e-23,0.9756457587659002,0.21935212194576728,[ 2.00963081e-03 -2.44667172e-04 -6.26504906e-04 -3.08841110e-04
  8.96310146e-04  6.68449297e-04 -5.98554005e-04  9.18162899e-04
  2.06640030e-03 -8.27365324e-05  2.40098051e-04  1.79210831e-04
  5.43457662e-22 -9.08442836e-20  9.99248882e-07 -2.58948567e-15
 -1.65855734e-14 -3.71165672e-23 -9.63499978e-21 -5.50571416e-21
 -2.58948569e-15  9.98500015e-07 -5.71815651e-20 -1.83945878e-24
  1.28113733e-20  8.20563168e-21 -1.65855733e-14 -5.71765856e-20
  9.98500015e-07 -5.45620696e-24 -2.54181270e-18 -3.31245407e-18
 -8.20525665e-18  1.32152883e-18 -3.83473034e-18  9.99999254e-10],0.6749371370902464,-0.10487622796156373,6.019912242491234e-21,2.6747472865129997e-27,3.942897822726042e-26,-0.09382057917463933,[ 6.21647245e-02  2.82967463e-04  6.63856676e-06  1.58063495e-11
 -3.91529459e-11 -3.33540509e-04  1.38860196e-05  3.60097885e-02
  8.38654422e-04  1.39565239e-11 -3.84172803e-11 -1.82280983e-04
 -1.06980261e-18 -1.35200011e-16  9.98874168e-07 -6.32061808e-24
 -4.04869987e-23 -1.42322309e-22  1.13091099e-25  9.85508152e-26
 -6.32064919e-24  9.95526782e-07 -5.49141570e-28 -1.01154226e-28
  1.05336281e-24  1.02751342e-24 -4.04869882e-23 -5.49141301e-28
  9.95526782e-07 -1.27150914e-27  2.45788741e-13  1.48443063e-12
  3.48305267e-14 -9.51914216e-22  2.51749703e-21  3.48836858e-02]
5.710482835769653,base_link,3.295550784269043,-4.337324853791184,5.47803524712909e-21,4.79121514897657e-23,-3.2300339919463457e-23,0.9724251138297356,0.2332153468218284,[ 1.86670732e-03 -1.87909376e-04 -6.22028018e-04 -1.97362559e-04
  8.48597987e-04  5.27036127e-04 -5.39047527e-04  7.55372661e-04
  1.83130958e-03 -4.64781808e-05  1.99958810e-04  1.24384072e-04
 -1.61200958e-20  8.22680750e-20  9.98931536e-07 -3.74457347e-15
 -2.30781450e-14  9.56434761e-23  2.60561893e-22 -4.26163452e-21
 -3.74457344e-15  9.97867625e-07 -8.08830251e-20 -1.52379711e-24
  4.28810430e-21  3.91752738e-21 -2.30781451e-14 -8.08789973e-20
  9.97867625e-07 -4.23888392e-24 -3.03721572e-18 -3.60550286e-18
 -8.17957881e-18  8.95175963e-19 -3.85327925e-18  9.99998936e-10],0.6629598691895509,-0.110595830690321,4.375670511053469e-20,2.367906748612658e-26,-6.11165305066463e-26,-0.10334402563668939,[ 6.19203185e-02  3.09681520e-04  7.26763879e-06 -4.70457913e-12
 -2.87123228e-11 -2.69357172e-04  4.32990491e-05  3.59547138e-02
  8.36977147e-04  6.37837973e-12 -4.16891742e-11 -1.36995526e-04
  4.51468561e-19  5.19332841e-17  9.98399013e-07 -9.14750950e-24
 -5.63769922e-23  6.47012601e-22 -1.37324906e-26  1.61558713e-26
 -9.14731847e-24  9.93656861e-07 -7.78482108e-28  5.23864445e-28
  8.23949438e-25  1.20199683e-24 -5.63776781e-23 -7.78482247e-28
  9.93656861e-07 -1.41422023e-27  2.69751452e-13  1.56229196e-12
  3.66442255e-14 -1.62913733e-21  7.95427060e-21  3.48846247e-02]
5.776373386383057,base_link,3.2400339241045644,-4.306192807043958,4.376753015002172e-22,2.1018658080772394e-23,-4.681614654665581e-23,0.9673454901434797,0.25346144223347056,[ 1.81468559e-03 -1.85760582e-04 -4.97107941e-04 -2.17554546e-04
  8.29724431e-04  4.59906600e-04 -4.83808268e-04  6.93154507e-04
  1.84837060e-03 -5.41607869e-05  2.06593239e-04  1.14641340e-04
  3.99031927e-21 -1.24725601e-19  9.99177962e-07 -3.01055810e-15
 -1.75108100e-14 -1.97870470e-23  1.49554255e-21  1.41613321e-21
 -3.01055810e-15  9.98358620e-07 -6.41227424e-20  4.16074440e-24
  1.00585162e-20  7.25271961e-21 -1.75108099e-14 -6.41318850e-20
  9.98358620e-07  3.49599091e-24 -3.22403859e-18 -2.80809434e-18
 -7.90228931e-18  9.97968997e-19 -3.80713101e-18  9.99999184e-10],0.6429575664640783,-0.10724946003844614,8.178353752322383e-21,6.835591708250695e-27,3.399121753505176e-26,-0.11647084005166643,[ 6.18216051e-02  3.25273722e-04  7.63433087e-06  4.60119148e-12
 -2.91030580e-11 -2.26953351e-04  1.00426376e-04  3.59408855e-02
  8.37027959e-04  9.39565941e-12 -3.90976964e-11 -1.26100635e-04
  2.38016258e-19  2.61292724e-17  9.98767954e-07 -7.33965474e-24
 -4.26946949e-23 -1.64020969e-22  1.17130067e-25  2.39106896e-25
 -7.33970219e-24  9.95107854e-07 -6.14712692e-28 -1.97458832e-28
 -4.91138489e-25 -6.65621899e-25 -4.26946399e-23 -6.14712322e-28
  9.95107854e-07 -1.06606223e-27  2.97125876e-13  1.63433850e-12
  3.83495258e-14 -2.62908584e-22  1.53712081e-21  3.48835524e-02]
5.820989370346069,base_link,3.21134379244003,-4.292059685697633,4.5430566510241127e-23,-1.9209594502420614e-24,9.864143830623927e-25,0.9675321865949693,0.25274783461536804,[ 2.01354182e-03 -2.14617903e-04 -5.05125161e-04 -2.67247278e-04
  8.59031094e-04  4.61336039e-04 -5.34065854e-04  7.08451858e-04
  2.10621351e-03 -7.49341756e-05  2.40826315e-04  1.29425811e-04
  1.94552880e-21  2.69991752e-20  9.99427536e-07 -1.94075907e-15
 -1.19017237e-14 -4.47990420e-24  1.43201508e-20  7.19978005e-21
 -1.94075907e-15  9.98856380e-07 -4.03494253e-20 -1.40441030e-25
 -5.96099437e-20 -3.82223617e-20 -1.19017237e-14 -4.03487900e-20
  9.98856380e-07 -6.46313065e-25 -3.63686914e-18 -2.59216856e-18
 -7.24764862e-18  9.99173762e-19 -3.21082441e-18  9.99999435e-10],0.6188442061234445,-0.10283008110484505,8.157657779823743e-21,-1.2449292187284867e-27,-2.932008797149712e-27,-0.10771120801373711,[ 6.20548610e-02  3.97589058e-04  9.33817547e-06  1.32222971e-11
 -3.09084583e-11 -2.20276631e-04  1.55277550e-04  3.59563828e-02
  8.37741156e-04  1.18181577e-11 -3.48255777e-11 -1.33753598e-04
  2.22600259e-18  1.99710040e-16  9.99141794e-07 -4.74138763e-24
 -2.90811630e-23 -4.87945155e-22 -1.42494785e-24 -1.27308266e-24
 -4.74145245e-24  9.96584694e-07 -3.87960815e-28  1.08675040e-28
  1.33770615e-24  1.50572721e-24 -2.90808674e-23 -3.87960915e-28
  9.96584694e-07  2.49932035e-28  3.09403544e-13  1.65786135e-12
  3.89160983e-14 -4.83256022e-22  1.11665165e-21  3.48836908e-02]
5.876125812530518,base_link,3.1700809975506212,-4.252625104065256,8.123593169136451e-22,2.0426122412054198e-22,-2.1979927686139505e-23,0.9610743415034065,0.2762899022834414,[ 1.71863294e-03 -2.29277168e-04 -6.12843717e-04 -2.91620275e-04
  7.67799143e-04  5.09495346e-04 -5.63959242e-04  6.78800476e-04
  1.33672326e-03 -8.88020858e-05  2.33787352e-04  1.55331018e-04
 -4.04987628e-21  1.20702195e-20  9.99066903e-07 -3.28563463e-15
 -1.87461276e-14  3.95757446e-23  1.79729803e-20  1.40289832e-20
 -3.28563460e-15  9.98137277e-07 -6.59994125e-20  6.59095461e-24
 -7.58094488e-20 -6.52744765e-20 -1.87461277e-14 -6.59913073e-20
  9.98137277e-07 -3.15427678e-23 -3.10576128e-18 -2.89199444e-18
 -5.00474433e-18  1.48776770e-18 -3.91657008e-18  9.99999072e-10],0.6096444955647663,-0.10862768140788436,2.023470134705267e-20,6.759890423470507e-27,1.2868636475990377e-26,-0.12616852540183482,[ 6.17656442e-02  3.26668844e-04  7.66208472e-06  1.13100501e-11
 -2.45202533e-11 -2.34895938e-04  7.08512962e-05  3.59053612e-02
  8.36170689e-04  1.83048745e-11 -4.65727940e-11 -1.56253080e-04
 -2.20228566e-20 -2.49366500e-18  9.98601657e-07 -8.00303427e-24
 -4.56624872e-23  7.59837053e-22 -7.22167449e-25 -1.17291626e-24
 -8.00280057e-24  9.94453011e-07 -6.31854330e-28  3.66308871e-28
  2.32644547e-25  4.45902049e-25 -4.56630255e-23 -6.31854768e-28
  9.94453011e-07  5.90689395e-28  3.37437652e-13  1.71155451e-12
  4.01528363e-14 -9.62909800e-22  2.36206248e-21  3.48800873e-02]
5.9146058559417725,base_link,3.121600540918285,-4.223679728284551,-9.914008025705494e-22,-1.0429536264190644e-22,3.2964748590647854e-23,0.9624335934735083,0.27151717837674616,[ 1.62821074e-03 -1.77697802e-04 -6.66336369e-04 -2.05819505e-04
  7.30309435e-04  4.52107386e-04 -5.84480993e-04  6.38032889e-04
  1.25516058e-03 -6.74135147e-05  2.39234140e-04  1.48301871e-04
  1.34995876e-21 -5.50571416e-21  9.99034239e-07 -3.32674879e-15
 -1.93678430e-14 -1.96286624e-23  3.54695047e-21  4.28810430e-21
 -3.32674879e-15  9.98072198e-07 -6.67099824e-20  4.02894490e-24
 -5.18807680e-20 -5.13513724e-20 -1.93678430e-14 -6.66971915e-20
  9.98072198e-07 -4.24699719e-23 -3.12065343e-18 -2.80373644e-18
 -4.19548350e-18  1.12563813e-18 -3.99504987e-18  9.99999039e-10],0.6240785832866715,-0.10549586366392427,1.1507505195073172e-21,-2.548455170480676e-30,-2.5750646488374063e-26,-0.1132379241563638,[ 6.16317484e-02  3.65367159e-04  8.56691150e-06  3.38159300e-12
 -2.03265657e-11 -2.01515453e-04  5.12823462e-05  3.58881950e-02
  8.35797071e-04  1.25257052e-11 -4.72407169e-11 -1.45111701e-04
 -2.37169225e-20 -2.38524478e-18  9.98552755e-07 -8.11186338e-24
 -4.72279254e-23  3.11633152e-22  1.37324906e-26  5.00832012e-26
 -8.11178325e-24  9.94260711e-07 -6.39906770e-28  3.93498449e-29
 -1.55096365e-25 -3.55429169e-25 -4.72280060e-23 -6.39907511e-28
  9.94260711e-07  2.87015568e-27  3.51174385e-13  1.73116382e-12
  4.06103873e-14 -1.05790802e-21  3.90331197e-21  3.48781636e-02]
5.975419998168945,base_link,3.0558691417989983,-4.169689119034182,2.3563241209126093e-23,-8.85443237194991e-22,2.302395730294157e-22,0.9596136809982869,0.2813211389869559,[ 1.48769407e-03 -1.52294793e-04 -5.69366466e-04 -2.27214746e-04
  7.55836825e-04  4.30215850e-04 -5.67002477e-04  5.43921924e-04
  1.28123236e-03 -7.22473674e-05  2.40060037e-04  1.36887757e-04
  3.91090994e-21 -7.27389543e-20  9.98720042e-07 -4.31874495e-15
 -2.68347682e-14  7.28352198e-25 -1.04820327e-20 -4.47339275e-21
 -4.31874495e-15  9.97446615e-07 -9.05455985e-20 -7.78263999e-25
  4.09752188e-20  3.81164826e-20 -2.68347682e-14 -9.05580006e-20
  9.97446615e-07  2.60938275e-23 -2.60372076e-18 -2.91816519e-18
 -6.05907545e-18  1.47297340e-18 -4.88975152e-18  9.99998724e-10],0.6380406159436423,-0.10996443506087443,2.3008409185799114e-20,3.5674315352225213e-26,-8.937707574837003e-25,-0.11531678649584383,[ 6.14388407e-02  3.60373408e-04  8.45634248e-06  3.21086074e-11
 -3.32903426e-11 -1.97048482e-04  4.15500253e-05  3.58452797e-02
  8.34438840e-04  2.68758785e-11 -6.52036306e-11 -1.37245992e-04
  2.96461532e-19  2.92734587e-17  9.98082515e-07 -1.05168417e-23
 -6.53480861e-23  1.66064132e-22  7.75481824e-25  6.49466028e-25
 -1.05167789e-23  9.92417126e-07 -8.67128065e-28  2.89287614e-28
  5.75149020e-25  1.09859925e-24 -6.53487035e-23 -8.67126348e-28
  9.92417126e-07 -7.45965990e-27  3.69454142e-13  1.76735016e-12
  4.14412205e-14 -3.16797814e-21  1.09445010e-20  3.48779521e-02]
6.007100343704224,base_link,3.016719305021353,-4.153534138949357,1.7244009887667072e-21,6.557168834543293e-26,-1.450908938274912e-23,0.9610266818630205,0.27645563251153465,[ 1.53516524e-03 -2.27090735e-04 -5.83821043e-04 -2.97453791e-04
  6.74869962e-04  3.96945422e-04 -5.86259877e-04  5.64752452e-04
  1.31037256e-03 -1.29317012e-04  2.93320111e-04  1.72861047e-04
  4.77779522e-21 -5.79158778e-20  9.98669616e-07 -4.40988822e-15
 -2.80929649e-14  7.36158395e-23 -1.69406589e-20 -2.06993676e-20
 -4.40988817e-15  9.97346284e-07 -9.31285692e-20 -4.14126247e-24
 -3.28225267e-21 -5.71747239e-21 -2.80929650e-14 -9.31211829e-20
  9.97346284e-07 -4.96020716e-25 -3.80806822e-18 -2.97979997e-18
 -6.54950632e-18  2.47339522e-18 -5.60892374e-18  9.99998672e-10],0.6424397420669545,-0.10272456215919731,-3.9205912289302195e-21,1.7867775935122933e-26,4.0318170216686496e-26,-0.10400992009438045,[ 6.15438378e-02  3.44183296e-04  8.06764643e-06  6.77225690e-12
  1.59520256e-12 -1.60850097e-04  6.71595335e-05  3.58393192e-02
  8.34292717e-04  3.02964015e-11 -6.23385041e-11 -1.44505829e-04
  1.88041314e-19  1.94072189e-17  9.98007072e-07 -1.06827549e-23
 -6.80589412e-23 -4.85108467e-22  7.35092146e-26  3.36042124e-25
 -1.06829309e-23  9.92122182e-07 -8.83757420e-28  1.45239430e-27
  1.11071615e-26 -6.07460762e-25 -6.80582254e-23 -8.83760475e-28
  9.92122182e-07  2.55509333e-27  3.73282243e-13  1.77629439e-12
  4.16461499e-14 -2.13103770e-21  4.53922136e-21  3.48753861e-02]
6.063150644302368,base_link,2.9648560537377247,-4.115672170062375,2.7767364929938495e-22,3.151187821948336e-23,2.927003862786659e-24,0.9617727351350372,0.2738488742917697,[ 1.89771233e-03 -2.61807902e-04 -8.26106248e-04 -3.12725196e-04
  8.32013865e-04  4.75023661e-04 -7.79353577e-04  6.50485361e-04
  1.44293834e-03 -1.17095756e-04  3.11544091e-04  1.78038786e-04
  1.15011192e-20 -9.95263713e-20  9.99273343e-07 -2.41363918e-15
 -1.52793649e-14  3.10362451e-23  6.53803556e-21  6.48509600e-21
 -2.41363917e-15  9.98548794e-07 -5.07627496e-20 -6.43030911e-24
 -2.96461532e-21 -2.85873620e-21 -1.52793649e-14 -5.07595795e-20
  9.98548794e-07  1.22839843e-23 -2.34790419e-18 -2.15853034e-18
 -4.06454072e-18  1.63100864e-18 -4.33955629e-18  9.99999279e-10],0.6391068540675444,-0.10198387449224122,8.1564329091714455e-22,5.864492007755037e-27,-1.2823777219476605e-26,-0.09212919781987813,[ 6.20243431e-02  4.66791913e-04  1.09719253e-05  7.13752196e-12
 -2.07478732e-11 -1.99582473e-04  6.72563910e-05  3.58722210e-02
  8.35824208e-04  1.78939008e-11 -4.81999639e-11 -1.61366223e-04
 -1.59581007e-18 -1.21647484e-16  9.98910805e-07 -5.92862182e-24
 -3.75318677e-23  1.80395683e-22 -8.23949438e-26 -2.10026327e-25
 -5.92864997e-24  9.95671456e-07 -4.92829418e-28 -9.74211073e-28
  4.20052655e-26  1.03397577e-25 -3.75318767e-23 -4.92829134e-28
  9.95671456e-07  1.56484153e-27  3.80793162e-13  1.80527121e-12
  4.23692707e-14 -4.16156080e-21  1.09898463e-20  3.48788708e-02]
6.111952543258667,base_link,2.8943848494838136,-4.075522890686922,1.0488417858418592e-21,3.1851387549798753e-22,6.270303583553144e-23,0.9658406982646347,0.2591365384805526,[ 1.91614061e-03 -2.65847037e-04 -8.20534569e-04 -3.13400768e-04
  6.82086645e-04  4.18283562e-04 -7.92942352e-04  5.79459290e-04
  1.53544162e-03 -1.24928562e-04  2.71883510e-04  1.66963307e-04
  4.61897654e-21 -3.69518123e-20  9.99077985e-07 -3.02087086e-15
 -1.94979268e-14 -5.71152169e-23 -2.36110434e-20 -2.98579114e-20
 -3.02087091e-15  9.98159362e-07 -6.38934276e-20 -6.56608821e-24
  3.02814279e-20  4.08693397e-20 -1.94979267e-14 -6.38936867e-20
  9.98159362e-07  1.46365263e-23 -2.86268019e-18 -2.39953463e-18
 -5.79390262e-18  1.95952576e-18 -4.26437352e-18  9.99999083e-10],0.6649539959276743,-0.09645189468811778,1.338218773198116e-20,-7.046368798810234e-26,1.036236329059215e-25,-0.06785524299448356,[ 6.20175766e-02  4.93641943e-04  1.16016569e-05  4.81631293e-12
 -7.99802125e-12 -1.72554134e-04  8.80956650e-05  3.58479023e-02
  8.35007510e-04  2.22100652e-11 -4.75348105e-11 -1.46172039e-04
  7.30142401e-19  5.25838054e-17  9.98618250e-07 -7.39462955e-24
 -4.77298997e-23 -1.26050816e-22  1.84984727e-25  8.62723529e-25
 -7.39461045e-24  9.94518356e-07 -6.16887777e-28  9.46704437e-28
 -2.58493941e-26 -1.55096365e-25 -4.77299043e-23 -6.16887997e-28
  9.94518356e-07 -1.52329636e-27  3.95522590e-13  1.87500016e-12
  4.39986745e-14 -3.58789148e-21  7.77067380e-21  3.48801229e-02]
6.165440559387207,base_link,2.8300496893769433,-4.024100981629118,6.545548138467203e-23,-2.843016369734985e-23,9.547773339679904e-23,0.9625986450455987,0.2709314462301811,[ 2.20904680e-03 -2.66417519e-04 -9.66975359e-04 -3.05194035e-04
  8.09712152e-04  4.25730509e-04 -9.08754031e-04  6.28252423e-04
  1.62339598e-03 -1.34152332e-04  3.55961887e-04  1.87274401e-04
  3.12343399e-21 -5.50571416e-20  9.99506244e-07 -1.67336774e-15
 -1.10030727e-14 -1.15348901e-23 -8.39092013e-21 -1.01114558e-20
 -1.67336777e-15  9.99013461e-07 -3.73057432e-20 -8.24149523e-24
  5.18807680e-21  5.08219768e-21 -1.10030727e-14 -3.72865537e-20
  9.99013461e-07 -4.93309044e-24 -1.76188850e-18 -1.73863684e-18
 -3.78550528e-18  1.42628605e-18 -3.78485087e-18  9.99999513e-10],0.6806259115458682,-0.10017879412557794,3.705609052943426e-21,1.179141420356661e-26,-3.8523262287931906e-27,-0.07542350670757186,[ 6.23765055e-02  5.94954938e-04  1.40013895e-05  2.92482272e-12
 -1.51944409e-11 -1.68594946e-04  1.00407749e-04  3.58781815e-02
  8.36275788e-04  1.40724686e-11 -3.92155680e-11 -1.52410579e-04
 -2.77996213e-18 -1.66099773e-16  9.99259730e-07 -4.10564250e-24
 -2.69989449e-23 -2.81561749e-23 -3.79662976e-26 -1.80945759e-25
 -4.10568848e-24  9.97051973e-07 -3.61180456e-28 -3.28133571e-28
  5.36374928e-25  1.38294259e-24 -2.69989190e-23 -3.61180304e-28
  9.97051973e-07  9.15297593e-29  4.07931935e-13  1.91054811e-12
  4.48672034e-14 -9.31034867e-22  2.66621569e-21  3.48830391e-02]
6.22254490852356,base_link,2.7624522490963814,-3.9810186203003344,-1.6908388338989183e-22,-1.417700930951785e-21,-2.4241441002749374e-22,0.9641195614579571,0.2654683996526075,[ 2.32559431e-03 -4.13051092e-04 -9.97328949e-04 -5.32833182e-04
  7.88974630e-04  5.15821413e-04 -1.02976887e-03  6.55866818e-04
  1.70441385e-03 -2.61395715e-04  3.86936474e-04  2.53415104e-04
  4.96308368e-21 -1.36584063e-19  9.98875341e-07 -3.66386297e-15
 -2.48694039e-14  6.04448171e-23  5.82335151e-22  6.35274710e-22
 -3.66386283e-15  9.97755728e-07 -8.09201012e-20  6.45797986e-23
  2.60992027e-20  5.03984604e-20 -2.48694043e-14 -8.08506483e-20
  9.97755728e-07 -1.62989497e-22 -3.29285382e-18 -2.66018778e-18
 -7.34661072e-18  4.15548812e-18 -6.14965458e-18  9.99998878e-10],0.689333431627695,-0.09726850577737903,1.6576749306022296e-20,-5.390056882920311e-26,-1.3552900942055694e-25,-0.06246165567807806,[ 6.26328788e-02  5.58879226e-04  1.31586041e-05  9.91045581e-12
  6.48773491e-12 -1.93789319e-04  9.02377069e-05  3.58569622e-02
  8.34892944e-04  5.37032543e-11 -7.23333789e-11 -1.94616240e-04
  9.58841296e-19  6.09321621e-17  9.98314905e-07 -8.95918354e-24
 -6.08156710e-23 -3.83711474e-22 -1.61558713e-27  6.46234854e-27
 -8.95933698e-24  9.93326990e-07 -7.81343408e-28  1.67538033e-27
 -2.18104263e-26  1.68021062e-25 -6.08150631e-23 -7.81348063e-28
  9.93326990e-07  4.98830031e-27  4.31840761e-13  2.05881145e-12
  4.83254947e-14 -1.21687488e-20  1.74801007e-20  3.48900405e-02]
6.275308609008789,base_link,2.7105843910390806,-3.9502163138720756,2.864962128699396e-22,4.11381432488848e-23,-1.2013660992926973e-23,0.966650199155966,0.25610035625069216,[ 3.07573233e-03 -6.52616814e-04 -1.35415011e-03 -8.41567395e-04
  1.11460051e-03  8.23036124e-04 -1.38581380e-03  9.87235638e-04
  2.24446912e-03 -3.75586126e-04  4.97423373e-04  3.67420601e-04
 -7.56638650e-20 -3.61577189e-19  9.99684326e-07 -9.96639081e-16
 -7.04842759e-15 -2.47468491e-23  6.66509050e-20  4.99220043e-20
 -9.96639106e-16  9.99369050e-07 -2.22530337e-20  1.05376075e-25
  5.71217844e-20  4.57927187e-20 -7.04842754e-15 -2.22616676e-20
  9.99369050e-07  8.30893867e-24 -2.58670131e-18 -1.58207288e-18
 -3.69790381e-18  2.70648264e-18 -3.58434273e-18  9.99999691e-10],0.6808495665101625,-0.09356653633559858,8.792546741408947e-21,2.1330803831973413e-28,9.299710100755589e-27,-0.046454994556984174,[ 6.37534533e-02  6.20499253e-04  1.46673479e-05  1.92549500e-11
 -2.29539204e-11 -3.20824733e-04  7.04303384e-05  3.59573364e-02
  8.38091055e-04  2.82274874e-11 -3.68239050e-11 -2.87237950e-04
 -6.06814403e-18 -3.46727855e-16  9.99526638e-07 -2.44231066e-24
 -1.72756149e-23 -2.42186943e-22 -3.02114794e-24 -4.43317110e-24
 -2.44235316e-24  9.98111891e-07 -2.14988038e-28 -9.78815131e-30
  3.72877511e-24  5.97767240e-24 -1.72756116e-23 -2.14987942e-28
  9.98111891e-07 -5.24753171e-28  4.41015063e-13  2.06228090e-12
  4.84810762e-14  9.16214166e-22 -1.62808988e-21  3.49066814e-02]
6.302426099777222,base_link,2.671517962756388,-3.917236558787909,-1.865972932322817e-21,-6.89745989620119e-23,1.1893788714440197e-22,0.9656058675844296,0.2600102084275176,[ 3.04615800e-03 -6.47466284e-04 -1.41070105e-03 -7.78780984e-04
  8.66755960e-04  6.19950966e-04 -1.42649185e-03  7.76856589e-04
  2.06308412e-03 -4.76305799e-04  5.30005981e-04  3.79568824e-04
  1.66031693e-20 -1.97782193e-19  9.99386146e-07 -1.89132031e-15
 -1.37030886e-14 -4.65163972e-23  5.82864547e-20  1.27054942e-19
 -1.89132034e-15  9.98773797e-07 -4.21767963e-20  3.09968979e-23
 -1.55907002e-20 -5.52688998e-20 -1.37030885e-14 -4.22546961e-20
  9.98773797e-07  2.76269559e-23 -2.17603054e-18 -1.62235109e-18
 -5.28587297e-18  4.47415457e-18 -4.97799852e-18  9.99999391e-10],0.6981796557694817,-0.0979505058029063,3.0121843067055547e-20,2.873240430696336e-26,-9.215165473552145e-26,-0.04912899617787454,[ 6.36777294e-02  6.81102276e-04  1.60795841e-05 -6.16212043e-12
  2.02247133e-11 -2.09045895e-04  9.25622880e-05  3.58743668e-02
  8.35741494e-04  5.46402309e-11 -5.80575637e-11 -2.55015546e-04
  1.86008435e-18  9.64939934e-17  9.99079783e-07 -4.66622328e-24
 -3.37996481e-23  2.41545568e-21  7.43170082e-25 -6.59159551e-24
 -4.66500152e-24  9.96339319e-07 -4.12917427e-28  2.70288778e-27
 -1.32801262e-24  3.85155973e-24 -3.38013915e-23 -4.12915485e-28
  9.96339319e-07 -7.67156151e-27  4.48856230e-13  2.18151885e-12
  5.12744317e-14 -2.03074559e-20  2.39053789e-20  3.49068839e-02]
6.361051321029663,base_link,2.612348892728098,-3.8716748639781375,3.2753481432748364e-22,-1.4263843088675663e-22,-5.80030322706061e-23,0.9677436868502133,0.25193681065210854,[ 3.18541419e-03 -6.35857068e-04 -1.49589429e-03 -7.13578839e-04
  8.16850456e-04  5.64688523e-04 -1.46027189e-03  7.56220474e-04
  2.08173044e-03 -4.57060470e-04  5.23261705e-04  3.62099316e-04
  1.62789145e-21 -1.27054942e-20  9.99467065e-07 -1.73310678e-15
 -1.22728266e-14 -4.41197741e-23 -1.44260299e-20 -7.00919764e-20
 -1.73310679e-15  9.98935264e-07 -3.98627311e-20  3.36612008e-23
  2.61256725e-20  8.42797783e-20 -1.22728266e-14 -3.98515724e-20
  9.98935264e-07 -4.73867050e-23 -2.52622613e-18 -1.76507346e-18
 -5.47737860e-18  4.33327304e-18 -4.96126106e-18  9.99999473e-10],0.6945937814651483,-0.10054911902047872,1.702427542603403e-20,-9.6234638552921e-27,-2.285128394459523e-26,-0.03533646801377627,[ 6.38126241e-02  7.32086599e-04  1.72588719e-05 -1.95598818e-11
  1.56310849e-11 -1.85152230e-04  1.06692314e-04  3.58803272e-02
  8.35967489e-04  4.06992412e-11 -4.81496991e-11 -2.38130994e-04
  5.72594272e-19  2.77555756e-17  9.99201023e-07 -4.26272170e-24
 -3.01915366e-23 -1.24137420e-21  2.03563979e-25 -4.32977352e-25
 -4.26318519e-24  9.96819303e-07 -3.88373010e-28  1.03552086e-27
 -3.00499207e-25  9.17653492e-25 -3.01907679e-23 -3.88374622e-28
  9.96819303e-07  2.53768596e-27  4.72106512e-13  2.28581043e-12
  5.37390723e-14 -3.62740205e-21  4.47348685e-21  3.49088535e-02]
6.422740459442139,base_link,2.5276151360996235,-3.837657464554949,8.428843209134776e-22,2.510252279925225e-22,4.3381527158162745e-22,0.9812595078732899,0.19269088771467346,[ 3.27952881e-03 -5.74018835e-04 -1.47769309e-03 -6.49605757e-04
  7.57907136e-04  4.80435781e-04 -1.46879580e-03  6.34292046e-04
  1.90988125e-03 -3.97042871e-04  4.63288411e-04  2.93998844e-04
  1.46510230e-20 -1.46324942e-19  9.99314755e-07 -2.02391263e-15
 -1.55526595e-14 -8.89368857e-24 -1.11437772e-20 -2.98579114e-20
 -2.02391271e-15  9.98631385e-07 -4.59832480e-20 -3.01527453e-23
 -2.82167851e-20 -5.93981854e-20 -1.55526595e-14 -4.59501389e-20
  9.98631385e-07  1.06439174e-23 -1.31618994e-18 -2.03902761e-18
 -6.65998939e-18  4.49514643e-18 -5.24568041e-18  9.99999320e-10],0.7069501393765641,-0.08893559131055123,9.33120851015868e-20,1.3903698045732693e-26,1.3080392004995327e-25,0.03558078964647918,[ 6.38626629e-02  7.65305012e-04  1.80307817e-05  1.30085825e-12
 -7.89697107e-12 -1.84698239e-04  9.00775194e-05  3.58512402e-02
  8.35050887e-04  4.71971928e-11 -5.67594569e-11 -1.97625453e-04
 -1.34508832e-18 -6.22332047e-17  9.98972835e-07 -4.97760462e-24
 -3.82563865e-23 -1.28220827e-21 -1.21370983e-25 -4.44609579e-24
 -4.97836358e-24  9.95916466e-07 -4.47120966e-28 -2.64289313e-28
  5.63839910e-25  4.05835488e-24 -3.82557496e-23 -4.47119263e-28
  9.95916466e-07 -2.51158385e-27  5.00518680e-13  2.42364462e-12
  5.69784662e-14 -9.89553464e-21  1.15958909e-20  3.49126263e-02]
6.4509336948394775,base_link,2.4985582635113874,-3.8127978061351966,-4.290084279037139e-22,9.672664351417658e-23,-7.890168200358282e-23,0.9824834996587225,0.18634959859991404,[ 3.30009777e-03 -4.99286820e-04 -1.49299838e-03 -5.50817186e-04
  7.24683949e-04  4.31783021e-04 -1.45737556e-03  6.12988385e-04
  2.03211104e-03 -3.57234204e-04  4.70053185e-04  2.80339777e-04
  7.92769899e-21 -7.15742840e-20  9.99409540e-07 -1.75757119e-15
 -1.36726997e-14 -1.47584024e-23 -1.11437772e-20 -3.52577464e-20
 -1.75757124e-15  9.98820472e-07 -4.07142437e-20 -9.44911208e-24
  4.07634606e-21  9.42324154e-21 -1.36726997e-14 -4.06734692e-20
  9.98820472e-07 -1.95923842e-23 -8.42574444e-19 -2.12668270e-18
 -7.21753602e-18  3.69424351e-18 -4.86141374e-18  9.99999415e-10],0.7059519086582579,-0.09474150286465789,3.3389058783776535e-21,8.093274155202194e-26,-3.356006227337932e-26,0.041414180669447305,[ 6.38810124e-02  7.39593059e-04  1.74179805e-05 -4.90163502e-13
 -6.34392012e-12 -1.76190710e-04  1.54599547e-05  3.58514786e-02
  8.35182709e-04  3.58179594e-11 -4.87390233e-11 -1.80626889e-04
  1.11130723e-18  5.33427469e-17  9.99114832e-07 -4.31566946e-24
 -3.35706448e-23  2.88296071e-22  2.35269876e-26 -1.73837176e-24
 -4.31519100e-24  9.96477985e-07 -3.94785062e-28  3.71707694e-27
  4.21668242e-25  3.24409896e-24 -3.35709743e-23 -3.94786486e-28
  9.96477985e-07 -1.77441082e-27  5.17849002e-13  2.45621579e-12
  5.77542786e-14 -7.38726002e-22  1.60287019e-21  3.49129936e-02]
6.52352499961853,base_link,2.393453621436667,-3.799219815035663,5.379833564086464e-21,-2.296364490057324e-21,-1.2518568465163666e-22,0.9949225166318224,0.10064385673751296,[ 3.12221167e-03 -3.50971619e-04 -1.38150840e-03 -3.79079093e-04
  6.67338835e-04  2.78579887e-04 -1.35412873e-03  4.11554493e-04
  1.75373471e-03 -2.63543783e-04  4.64097257e-04  1.94005167e-04
 -3.78782546e-20  1.69618348e-19  9.99173115e-07 -2.41210373e-15
 -1.92686285e-14 -4.01685663e-23  7.84828965e-21  4.54221418e-20
 -2.41210377e-15  9.98348959e-07 -5.61959542e-20  5.28484028e-24
 -6.24686799e-21 -1.64112634e-20 -1.92686285e-14 -5.61626792e-20
  9.98348959e-07 -3.38388985e-23 -1.03983799e-18 -2.07369248e-18
 -9.38619162e-18  3.59259302e-18 -6.32827284e-18  9.99999179e-10],0.7150657872319816,-0.07336678091236391,1.3220120452291063e-19,8.301659847728862e-26,3.1257571043078297e-25,0.13214549082718496,[ 6.36505493e-02  5.61598688e-04  1.32022534e-05 -2.87282569e-12
 -1.34893287e-11 -1.36039454e-04 -2.02752650e-04  3.57789993e-02
  8.33235964e-04  3.58399724e-11 -6.59105186e-11 -1.15780754e-04
 -5.45489218e-19 -3.43692089e-17  9.98760697e-07 -5.91400030e-24
 -4.72445320e-23 -5.62779693e-22 -5.65455497e-26  6.85008945e-25
 -5.91445374e-24  9.95079304e-07 -5.44228792e-28 -3.62198310e-28
  3.23117427e-25  1.58973774e-24 -4.72439971e-23 -5.44227305e-28
  9.95079304e-07 -1.36307126e-27  5.56832575e-13  2.53694288e-12
  5.96288518e-14 -7.23096578e-21  1.22069156e-20  3.49115509e-02]
6.5678911209106445,base_link,2.332101867997239,-3.7853023920789877,7.0686396989118795e-22,1.7722119854827262e-22,2.889214088092723e-23,0.9965892767947602,0.08252159340255638,[ 3.07944039e-03 -1.23117865e-04 -1.36494282e-03 -1.13945574e-04
  5.12465720e-04  1.24718769e-04 -1.28182947e-03  2.62585208e-04
  1.59233561e-03 -9.15133954e-05  4.11923847e-04  1.00357746e-04
  2.37698621e-20 -9.52912066e-20  9.99388497e-07 -1.54054739e-15
 -1.44358944e-14 -1.36932478e-23 -4.20869496e-21  1.79465106e-20
 -1.54054743e-15  9.98778485e-07 -3.63773085e-20 -2.23815291e-24
  5.82335151e-22  1.90582413e-21 -1.44358942e-14 -3.63741996e-20
  9.98778485e-07  6.66544855e-24  3.99583657e-19 -1.51624171e-18
 -7.40577192e-18  9.67809492e-19 -4.35947074e-18  9.99999396e-10],0.7189783740416238,-0.06987128576868654,1.4361593765229335e-20,-1.3349132562022985e-26,4.731625293428592e-26,0.14370184389550927,[ 6.35562869e-02  5.35525382e-04  1.25828013e-05 -5.84492333e-12
 -1.05734026e-11 -6.81172706e-05 -3.57404351e-04  3.57499123e-02
  8.32886093e-04  9.00240295e-12 -4.30069246e-11 -5.44774490e-05
  9.16489649e-19  6.08237419e-17  9.99083304e-07 -3.76773943e-24
 -3.52995006e-23 -1.04422364e-22  1.63174301e-25 -2.47184831e-25
 -3.76772280e-24  9.96353203e-07 -3.50299676e-28  2.00036637e-28
 -3.97434435e-25 -1.60912479e-24 -3.52994934e-23 -3.50299765e-28
  9.96353203e-07 -5.24405426e-28  5.62491460e-13  2.53717880e-12
  5.96518627e-14  1.68378659e-22  5.15421166e-22  3.49097593e-02]
6.627243757247925,base_link,2.2536816817013383,-3.77862982233001,2.674063274917822e-21,-3.206312142115813e-22,-3.026800282130067e-23,0.9998089489395836,0.019546498927561287,[ 3.08544989e-03  1.04901563e-04 -1.28553533e-03  1.09119528e-04
  5.25306236e-04 -1.57630321e-05 -1.16627837e-03  1.16657911e-04
  1.34999251e-03  7.25395816e-05  3.48498242e-04 -1.04707294e-05
 -4.87573340e-20  1.48548403e-19  9.99432383e-07 -1.34258982e-15
 -1.32543636e-14  2.23362721e-24  1.72318265e-20  6.20716332e-21
 -1.34258980e-15  9.98866052e-07 -3.13485738e-20 -6.40096720e-26
 -2.15728704e-21 -9.42324154e-21 -1.32543635e-14 -3.13542475e-20
  9.98866052e-07  5.11490737e-25  9.84218370e-19 -1.18368098e-18
 -5.95046820e-18 -7.65960598e-19 -3.67501464e-18  9.99999441e-10],0.7180847400140086,-0.06129787621388675,6.965628343007194e-20,6.103939790363053e-27,8.816049403786162e-26,0.20229917658067254,[ 6.34951768e-02  5.35115600e-04  1.25858038e-05 -1.89676845e-11
 -7.26802684e-12  5.15527807e-06 -4.46315855e-04  3.57232094e-02
  8.32326899e-04 -7.33953771e-12 -3.68274959e-11  4.75876631e-06
  4.63327022e-18  3.06503954e-16  9.99149056e-07 -3.30388994e-24
 -3.26122394e-23  2.71812438e-23  3.45735647e-25  1.34093732e-25
 -3.30388194e-24  9.96613480e-07 -3.05259940e-28  2.80313019e-30
  1.75291204e-25  8.78879401e-25 -3.26119566e-23 -3.05259920e-28
  9.96613480e-07  3.61934222e-29  5.77739245e-13  2.61639321e-12
  6.15242029e-14  8.41914896e-22  5.45607173e-21  3.49116974e-02]
6.670791864395142,base_link,2.1754747319417054,-3.7839131196689175,-7.168912404758681e-22,-5.264040374933137e-24,7.114144856918015e-23,-0.9997400222040042,0.022801052684850567,[ 2.64602204e-03  1.99241440e-04 -1.08486833e-03  2.16503715e-04
  4.89705205e-04 -9.73734938e-05 -9.30632486e-04  3.17130267e-04
  1.15246091e-03  1.02477441e-04  2.31742562e-04 -4.61323936e-05
  5.42365784e-20 -1.38489887e-19  9.99244220e-07 -1.55881161e-15
 -1.80669412e-14 -3.62797045e-24  4.55280209e-21  5.42630482e-21
 -1.55881162e-15  9.98490718e-07 -3.72600895e-20 -6.81974620e-25
  4.31457408e-21  7.83505476e-21 -1.80669413e-14 -3.72634304e-20
  9.98490718e-07 -3.65904409e-26  1.40292107e-18 -3.17021509e-18
 -7.16858957e-18 -1.46309442e-18 -3.30782651e-18  9.99999253e-10],0.7401155808243921,-0.04988823655890983,-2.847502256499055e-20,-6.863585002859054e-27,4.4828943555616345e-27,0.23725685117830023,[ 6.29089794e-02  3.51253897e-04  8.25066559e-06 -1.51112505e-11
 -2.32147375e-11  5.66504952e-05 -5.29620796e-04  3.58476639e-02
  8.35066131e-04 -1.17274708e-11 -2.54808567e-11  2.34472534e-05
 -5.01443505e-19 -5.08490819e-17  9.98867184e-07 -3.81432625e-24
 -4.41989542e-23 -8.35476021e-23 -4.94369663e-25 -3.82894151e-25
 -3.81439981e-24  9.95499240e-07 -3.59377370e-28 -1.95239223e-29
 -6.85008945e-25 -7.52863604e-25 -4.41991539e-23 -3.59377427e-28
  9.95499240e-07  1.23583080e-29  5.83001421e-13  2.64636923e-12
  6.22091309e-14  2.03944456e-22  3.39849553e-23  3.49091358e-02]
6.7009570598602295,base_link,2.1231243583232144,-3.792215067925953,3.414235731392074e-22,-4.943498957359429e-23,3.7274119889260536e-23,-0.9991537597114397,0.04113106434915764,[ 2.54617993e-03  2.68231983e-04 -1.05032834e-03  2.92812939e-04
  5.82710400e-04 -1.38501592e-04 -8.89819181e-04  3.78186742e-04
  9.27284379e-04  1.11255270e-04  2.21386200e-04 -5.26584064e-05
 -9.82028823e-21  1.70994776e-20  9.99448093e-07 -1.00999837e-15
 -1.33602010e-14  2.17861380e-24 -5.08219768e-21 -4.15575540e-21
 -1.00999836e-15  9.98897402e-07 -2.44476591e-20 -4.21659171e-25
 -2.13346424e-20 -1.97993951e-20 -1.33602010e-14 -2.44483236e-20
  9.98897402e-07 -5.24347206e-25  3.38857764e-18 -1.57910888e-18
 -4.34163528e-18 -1.13226229e-18 -2.25289054e-18  9.99999458e-10],0.7528741064437282,-0.04222117892236217,-1.2282488006504064e-20,-1.3969420362402033e-26,-2.904380324089626e-26,0.2471038899741273,[ 6.27571994e-02  2.81680375e-04  6.62034682e-06 -2.09509921e-11
 -3.79559055e-11  8.51430109e-05 -6.26413152e-04  3.58967781e-02
  8.36491404e-04 -9.29721681e-12 -1.83521370e-11  2.45645300e-05
  4.74338450e-20  5.96311195e-18  9.99172595e-07 -2.48001111e-24
 -3.27916240e-23 -4.31162341e-23  1.41848550e-24  6.28463395e-25
 -2.48002697e-24  9.96706685e-07 -2.37086394e-28 -4.32684165e-29
  7.49632430e-25  3.61891518e-25 -3.27916523e-23 -2.37086391e-28
  9.96706685e-07 -9.18305085e-29  5.79776786e-13  2.65305833e-12
  6.23890814e-14  6.01161800e-22  1.17781880e-21  3.49103280e-02]
6.776005744934082,base_link,2.0079232408197565,-3.836118672976768,-2.53703157542563e-22,5.263299370043624e-23,9.301057052955071e-23,-0.9847345538617083,0.1740628002497444,[ 2.19591959e-03  4.25329636e-04 -8.14993050e-04  4.89622377e-04
  5.87114352e-04 -2.20044346e-04 -6.24789318e-04  5.23828843e-04
  5.78933166e-04  1.39735616e-04  1.67561688e-04 -6.28627628e-05
  3.38813179e-20 -3.95987903e-20  9.99109098e-07 -9.08249835e-16
 -2.21613025e-14 -2.62188265e-24 -1.11173074e-20 -8.28504102e-21
 -9.08249843e-16  9.98221361e-07 -2.25868207e-20 -2.29190113e-24
  9.15854374e-21  6.67038446e-21 -2.21613025e-14 -2.25958944e-20
  9.98221361e-07  1.33790090e-24  3.26190155e-18 -4.79255667e-18
 -4.03090616e-18 -1.52010490e-18 -1.82285267e-18  9.99999118e-10],0.7707834664236034,-0.016425245218863974,-2.8600200843259435e-20,1.5545922535662538e-26,-1.6412410791135694e-26,0.3685077761108002,[ 6.22802138e-02  1.85400248e-04  4.35168255e-06 -4.50032435e-11
 -5.49260672e-11  1.46768247e-04 -6.57357275e-04  3.60186100e-02
  8.38960030e-04 -1.00584830e-11 -1.20950792e-11  1.59399807e-05
 -8.69902837e-19 -1.68051337e-16  9.98664834e-07 -2.21844284e-24
 -5.40944589e-23 -1.36824769e-22 -7.88406521e-25 -1.76098998e-25
 -2.21860831e-24  9.94701658e-07 -2.17215282e-28  1.29374611e-28
 -1.33770615e-24 -2.94036858e-25 -5.40946299e-23 -2.17215033e-28
  9.94701658e-07 -9.18239611e-29  5.78289424e-13  2.75168777e-12
  6.46772113e-14 -6.97254015e-22 -8.09180818e-22  3.49104672e-02]
6.8237574100494385,base_link,1.9405132761853194,-3.8848316278882074,-1.573541789310702e-21,-3.270516891920194e-23,-6.309902740785361e-23,-0.9756438554827618,0.2193605872957399,[ 2.77337395e-03  6.38020050e-04 -9.42259891e-04  7.23426980e-04
  7.90871393e-04 -3.27739469e-04 -7.28671581e-04  7.56301684e-04
  5.84456496e-04  1.92654007e-04  2.10610357e-04 -8.73120184e-05
 -4.99484741e-20  8.71385144e-20  9.99651216e-07 -3.43868889e-16
 -8.72280999e-15 -4.18181521e-24 -5.29395592e-20 -2.76344499e-20
 -3.43868898e-16  9.99302917e-07 -8.60170636e-21  7.50487615e-25
 -9.60323604e-20 -5.27807405e-20 -8.72281000e-15 -8.59849338e-21
  9.99302917e-07 -6.36033411e-25  3.89975383e-18 -4.36108355e-18
 -2.61814785e-18 -5.35432850e-19 -5.85312457e-19  9.99999661e-10],0.7846079936017689,0.003460134499082256,-5.766217281606558e-20,-2.641163723302502e-26,-1.747444927015152e-26,0.3937393546104565,[ 6.29030349e-02  1.44563615e-04  3.40747911e-06 -3.79174275e-11
 -4.00036960e-11  2.17007087e-04 -9.40831378e-04  3.61967087e-02
  8.43741946e-04 -2.15049867e-12 -2.46745647e-12  3.03952316e-06
  6.14945920e-19  1.52005145e-16  9.99477005e-07 -8.47010450e-25
 -2.14357755e-23 -7.64916894e-23  3.32164715e-24  1.88215901e-25
 -8.47040990e-25  9.97914543e-07 -8.36925403e-29 -1.04081924e-28
  6.85008945e-24  4.20052655e-25 -2.14358141e-23 -8.36925579e-29
  9.97914543e-07 -6.91792045e-29  5.64725675e-13  2.74008594e-12
  6.44663090e-14 -5.30227535e-22 -5.88476771e-22  3.49217726e-02]
6.874043703079224,base_link,1.863015185026007,-3.9625434764894516,-1.6019884106042608e-21,2.9039257035589224e-22,-2.405506304521403e-22,-0.9555877975809074,0.29470656781699095,[ 2.13297784e-03  4.05624523e-04 -6.15252405e-04  4.34348833e-04
  8.37963318e-04 -2.43633269e-04 -5.26363001e-04  5.08359371e-04
  5.10916012e-04  9.36389914e-05  1.80675479e-04 -5.25773041e-05
  2.66285983e-20 -4.13457957e-20  9.99395257e-07  1.13932319e-16
 -1.58639293e-14 -9.98548135e-25  9.63499978e-21  8.23210146e-21
  1.13932314e-16  9.98791974e-07  2.97771531e-21  3.20451493e-24
  1.86347248e-20  1.19643404e-20 -1.58639293e-14  2.98146735e-21
  9.98791974e-07  4.07454664e-24  4.36950218e-18 -2.29377349e-18
 -3.49593523e-18 -2.44215438e-19 -4.71398234e-19  9.99999404e-10],0.820047035471598,0.033046612037312906,-2.890212218307058e-20,2.1799212498948388e-26,8.286269064412562e-26,0.4512658603834725,[ 6.19309931e-02 -9.32444818e-05 -2.19603365e-06 -2.39174488e-11
 -5.54166678e-11  1.56790660e-04 -8.78958963e-04  3.61680984e-02
  8.42736345e-04 -6.12387358e-13  4.87130821e-13 -1.67365952e-05
 -8.19504376e-19  3.14635470e-16  9.99093433e-07  2.77557803e-25
 -3.89186752e-23 -1.71278489e-23 -4.87907314e-25 -1.32276197e-26
  2.77528991e-25  9.96393295e-07  2.87438808e-29  6.32366406e-29
  2.24889729e-24 -1.97909424e-26 -3.89187239e-23  2.87436780e-29
  9.96393295e-07  4.72697729e-28  5.49777915e-13  2.84093582e-12
  6.68216221e-14 -1.11773570e-21 -2.18131728e-21  3.49203172e-02]
6.909844160079956,base_link,1.7772314513345113,-4.058556990589899,1.9695576523461082e-21,-5.7559705006669425e-22,-6.906284754533698e-23,-0.922472606209308,0.386062547773553,[ 1.43535918e-03  1.97769128e-04 -4.60771988e-04  2.02851679e-04
  6.35315096e-04 -1.97163788e-04 -4.00546996e-04  3.45626468e-04
  4.08968663e-04  4.20582471e-05  1.31803713e-04 -4.09752700e-05
  3.20813729e-20 -4.50515649e-20  9.99043793e-07  1.46605071e-15
 -2.71997392e-14 -1.84281745e-24  5.69100261e-22  1.93229391e-21
  1.46605071e-15  9.98091231e-07  4.17084280e-20 -1.83910987e-24
  1.32348898e-20  1.05879118e-20 -2.71997392e-14  4.17111790e-20
  9.98091231e-07 -8.44843647e-24  6.28989358e-18 -2.21896431e-18
 -4.26146963e-18  1.19169620e-19  3.72835568e-19  9.99999051e-10],0.9044947333200148,0.06043590447676732,-1.8416179353834543e-20,8.527399574561316e-27,2.1665640404713704e-25,0.5366469397147294,[ 6.09278000e-02 -1.38225034e-04 -3.25097002e-06 -1.03948703e-11
 -5.99678867e-11  1.23468658e-04 -7.06632622e-04  3.61514091e-02
  8.41956081e-04 -7.30652746e-13  5.69992055e-12 -2.74448332e-05
 -2.87991202e-20  7.37257477e-18  9.98567057e-07  3.56651301e-24
 -6.62279688e-23  2.34299262e-24  4.34592939e-25  3.22107685e-26
  3.56650399e-24  9.94316925e-07  3.98588953e-28  2.95640474e-29
 -1.87408108e-24  1.77714585e-25 -6.62279989e-23  3.98588378e-28
  9.94316925e-07  9.59392392e-28  4.84633655e-13  2.87657398e-12
  6.76185140e-14 -3.28613958e-22 -1.96275101e-21  3.49162723e-02]
6.964529037475586,base_link,1.6870440120917976,-4.161148855776761,-1.13445992346576e-22,-1.6647119023621317e-23,-1.066096325763421e-22,-0.882389445380418,0.47051978351737594,[ 1.33617278e-03  2.17938097e-04 -4.35474298e-04  2.40698664e-04
  7.01969818e-04 -1.98832210e-04 -3.52583535e-04  3.44265791e-04
  4.38610095e-04  4.53229538e-05  1.32182331e-04 -3.74734296e-05
 -8.36445035e-20  7.95152179e-20  9.99403399e-07  1.01979685e-15
 -1.84711209e-14 -6.03710395e-25 -1.18319915e-20 -5.36013037e-21
  1.01979685e-15  9.98808219e-07  3.15690970e-20  1.25829080e-24
  3.73753288e-20  1.64377331e-20 -1.84711209e-14  3.15746760e-20
  9.98808219e-07 -9.44426094e-25  8.75323186e-18 -2.11292224e-18
 -4.12924451e-18  6.52633651e-19  1.90336980e-18  9.99999412e-10],0.9606771041660032,0.06601786830914524,1.488323362035104e-20,-1.3783999109989411e-28,1.6453121583155859e-25,0.5968410977345405,[ 6.06101751e-02 -1.05399638e-04 -2.48370288e-06 -1.76715145e-11
 -5.23766102e-11  1.07562686e-04 -6.86689280e-04  3.62513065e-02
  8.44820279e-04  6.21975847e-12  1.85201568e-11 -4.69853434e-05
 -4.37492517e-19  1.48535698e-16  9.99105631e-07  2.50322257e-24
 -4.53876283e-23 -6.91800091e-23  6.91471293e-25 -2.44761451e-25
  2.50320238e-24  9.96441573e-07  3.06364380e-28 -1.33142020e-30
  3.12777669e-24 -1.10829277e-24 -4.53876401e-23  3.06364110e-28
  9.96441573e-07  7.00237027e-28  4.24405411e-13  2.90845126e-12
  6.84059770e-14 -1.09028616e-21 -3.22098184e-21  3.49162388e-02]
7.01909065246582,base_link,1.608978683605591,-4.272409675202259,3.0926565272533136e-23,-3.8211127165792755e-22,-5.95267185701179e-23,-0.8341106542125667,0.551597150581005,[ 1.58530683e-03  2.65346316e-04 -6.85249646e-04  3.02597481e-04
  7.14508035e-04 -2.53551868e-04 -5.22319286e-04  4.86874138e-04
  6.05946160e-04  8.86594402e-05  2.09315651e-04 -7.43345020e-05
  1.07149668e-19 -8.02034322e-20  9.99479582e-07  8.43429699e-16
 -1.70793155e-14  3.70151758e-24  3.01755487e-21  1.74700545e-21
  8.43429704e-16  9.98960245e-07  2.76876737e-20 -2.70285499e-24
 -9.05266462e-21 -6.56450534e-21 -1.70793155e-14  2.76875865e-20
  9.98960245e-07 -6.30741207e-24  9.94378878e-18 -1.21846310e-18
 -5.35286030e-18  9.94213525e-19  2.34724598e-18  9.99999488e-10],1.0088413615844283,0.06216124694737255,-5.5305725745728774e-21,4.473962631456122e-27,-2.7528644775697224e-26,0.6526998315838305,[ 6.05463783e-02  2.33063474e-05  5.45162709e-07 -2.17110088e-11
 -4.67544641e-11  1.30940760e-04 -7.39761628e-04  3.64704132e-02
  8.50106132e-04  8.60553529e-12  1.66319378e-11 -7.03306332e-05
 -6.23628007e-20 -9.90960786e-17  9.99219777e-07  2.06786696e-24
 -4.19502285e-23  1.26175702e-22 -5.81611368e-26  2.42338070e-26
  2.06789790e-24  9.96893611e-07  2.68133873e-28  2.20209098e-29
  1.80945759e-25 -6.13923111e-26 -4.19501635e-23  2.68133937e-28
  9.96893611e-07 -1.48503884e-28  3.78216975e-13  2.97087355e-12
  6.98850020e-14 -1.40098428e-21 -2.79298637e-21  3.49167019e-02]
7.07636284828186,base_link,1.5255515125509116,-4.40268142694105,1.8757959623582833e-22,-6.824519680375271e-22,-8.78001518484919e-23,-0.7733332776800261,0.6339997173758578,[ 1.53100223e-03  3.07036156e-04 -6.55043178e-04  3.37058722e-04
  6.27002600e-04 -2.98082459e-04 -5.07827441e-04  5.64603135e-04
  7.63905765e-04  9.71852690e-05  1.80812061e-04 -8.60817857e-05
  2.90108784e-20 -5.08219768e-20  9.98892144e-07  1.57798709e-15
 -3.86878870e-14  3.19306457e-24 -1.04555629e-21 -2.06464281e-21
  1.57798710e-15  9.97789183e-07  5.51260347e-20 -9.70638929e-24
  2.75285708e-20  3.28225267e-20 -3.86878869e-14  5.51232574e-20
  9.97789183e-07 -1.55961302e-23  1.14645748e-17 -2.48122131e-19
 -6.78387185e-18  1.71132398e-18  3.18420135e-18  9.99998898e-10],1.0648166356591822,0.03982547464608761,2.947872006232503e-21,-1.5567412174082593e-26,1.4819059021756035e-25,0.7090583222135629,[ 6.04834691e-02  2.06511468e-04  4.83793021e-06 -1.95347528e-11
 -4.24635534e-11  1.21740640e-04 -5.87637536e-04  3.65204811e-02
  8.50603520e-04  6.60349814e-12  1.88168265e-11 -1.04354953e-04
  3.92176255e-19  6.89552582e-17  9.98340053e-07  3.84073481e-24
 -9.42661099e-23  4.09374760e-23  4.52364397e-26 -1.53480778e-26
  3.84074642e-24  9.93425526e-07  5.27469282e-28 -1.19557676e-28
 -7.43170082e-25  3.26348601e-25 -9.42660310e-23  5.27468303e-28
  9.93425526e-07  1.15594122e-27  3.02402743e-13  3.06284165e-12
  7.19798709e-14 -1.29357278e-21 -3.29491110e-21  3.49118120e-02]
7.120045900344849,base_link,1.479211180668448,-4.448545297553341,-9.986474169470017e-23,4.793176770542999e-25,4.809997541957354e-24,-0.7439028131020767,0.6682878157342214,[ 1.55157479e-03  2.28182354e-04 -6.22914089e-04  2.50890915e-04
  4.97529817e-04 -1.77669942e-04 -4.85906086e-04  4.01494937e-04
  1.03484765e-03  8.12999961e-05  1.61144381e-04 -5.76585719e-05
 -4.13987353e-20  7.45388994e-20  9.99038762e-07  3.51922259e-16
 -3.28912031e-14 -5.72100040e-24  6.24686799e-21  6.85567292e-21
  3.51922249e-16  9.98081209e-07  1.20406416e-20  4.62123001e-25
  3.57342025e-21  1.25996151e-20 -3.28912031e-14  1.20428956e-20
  9.98081209e-07 -6.84440791e-25  1.02296425e-17  3.27137731e-19
 -6.92004970e-18  1.24187475e-18  2.46128064e-18  9.99999046e-10],1.0323369952010881,0.013681647531220852,2.0468287731995606e-21,-1.0115162662995792e-27,6.690472803169743e-27,0.7133750576575891,[ 6.01920906e-02  2.51761638e-04  5.90066862e-06 -2.26790296e-11
 -3.91914102e-11  6.20066914e-05 -4.73513268e-04  3.65521908e-02
  8.51591551e-04  8.91234862e-12  4.03819571e-12 -6.54036342e-05
  3.45589442e-19  5.03069808e-17  9.98559525e-07  8.56525821e-25
 -8.03726625e-23 -3.08452604e-22 -4.65289095e-25  1.82561346e-25
  8.56371936e-25  9.94287358e-07  1.15452709e-28  4.21616605e-29
  7.10858339e-26 -4.84676140e-27 -8.03730083e-23  1.15452994e-28
  9.94287358e-07 -3.01068167e-28  2.53083795e-13  3.09823001e-12
  7.28238439e-14 -1.60967118e-21 -1.85587650e-21  3.49097073e-02]
7.161040782928467,base_link,1.4456868886171124,-4.526399554497313,-4.0345616210623646e-22,-1.8612106608620757e-22,-9.974705130202702e-23,-0.73313298394732,0.6800853092432586,[ 1.65490690e-03  2.57485313e-04 -8.09082081e-04  3.07471987e-04
  4.76790640e-04 -2.62605491e-04 -5.74744248e-04  5.35492261e-04
  8.61147156e-04  1.07592072e-04  1.66806886e-04 -9.19443756e-05
 -5.43159877e-20  2.92755762e-20  9.99379807e-07 -3.20485806e-16
 -2.14459047e-14 -8.78840776e-24  1.21760986e-21  7.67623608e-22
 -3.20485812e-16  9.98761148e-07 -1.10790235e-20 -1.77240066e-24
 -1.85288457e-21 -1.58818678e-21 -2.14459047e-14 -1.10739714e-20
  9.98761148e-07 -7.06679473e-24  1.18027945e-17  1.24726015e-19
 -5.96554841e-18  1.60104757e-18  2.48201349e-18  9.99999387e-10],1.0375541788999905,-0.0035212205252194454,-1.819223090749729e-20,-8.06581206156949e-27,-9.940289288560284e-27,0.6862951695825158,[ 6.03326306e-02  4.13177535e-04  9.69536684e-06 -1.84025189e-11
 -2.65415429e-11  8.22435350e-05 -4.09141183e-04  3.66053581e-02
  8.53336820e-04  1.47373483e-11  1.70388165e-11 -1.02074111e-04
 -3.67612299e-19 -3.22008045e-17  9.99070285e-07 -7.88336746e-25
 -5.22915320e-23 -2.53956893e-22  1.02751342e-24 -8.20718264e-25
 -7.88413862e-25  9.96301680e-07 -1.07131887e-28 -7.67972462e-29
  1.25369562e-24 -8.01331218e-25 -5.22916570e-23 -1.07131899e-28
  9.96301680e-07 -1.04011529e-28  2.23357357e-13  3.11106696e-12
  7.31574636e-14 -8.20015373e-22 -5.79150693e-22  3.49077328e-02]
7.221540689468384,base_link,1.4084918747851276,-4.628016948316618,-1.999609402678972e-21,-3.784541769121008e-23,3.538733053464499e-23,-0.7266755809657274,0.6869807857779741,[ 1.50288874e-03  3.75552045e-04 -7.72159142e-04  4.38973465e-04
  7.05744038e-04 -3.04042534e-04 -5.79667860e-04  5.20874572e-04
  8.60582071e-04  9.43417102e-05  1.51676412e-04 -6.54023321e-05
  2.04399638e-19 -1.77347523e-19  9.99082029e-07 -7.87801460e-16
 -3.02028281e-14  1.65556403e-23  3.92282134e-20  1.90582413e-20
 -7.87801437e-16  9.98167421e-07 -2.59182983e-20 -7.71709007e-25
  4.55280209e-20  2.17581588e-20 -3.02028280e-14 -2.59200161e-20
  9.98167421e-07 -4.82881525e-26  7.67763733e-18  1.27989243e-18
 -5.67719192e-18  2.02352490e-18  3.25332840e-18  9.99999089e-10],1.026739667948235,-0.023977143485471475,-7.42750903054694e-20,2.1882556078677965e-25,5.901870744039064e-25,0.6336184804780357,[ 6.03196882e-02  4.76699322e-04  1.12157348e-05 -2.08336602e-11
 -3.36697094e-11  5.74443187e-05 -4.22343612e-04  3.65214348e-02
  8.50963373e-04  2.18553758e-11  3.58310724e-11 -1.18909088e-04
 -1.76182853e-19 -1.35525272e-17  9.98624305e-07 -1.93480764e-24
 -7.40863373e-23  6.03307870e-22  4.20052655e-26 -4.52364397e-26
 -1.93440905e-24  9.94542202e-07 -2.51483916e-28  9.60640739e-28
 -3.61891518e-25  3.87740912e-25 -7.40855838e-23 -2.51484725e-28
  9.94542202e-07  2.68829624e-27  2.29096039e-13  3.23308047e-12
  7.60071293e-14 -6.11402383e-21 -9.89558745e-21  3.49134194e-02]
7.266333818435669,base_link,1.3526462958062349,-4.707858838925787,-5.928197569537824e-22,-3.871949219745773e-22,-5.831337207010167e-23,-0.7291882944289281,0.6843131090866453,[ 1.57909677e-03  3.58671183e-04 -8.48415501e-04  4.25306441e-04
  8.03744871e-04 -3.95805045e-04 -5.81718807e-04  6.91421883e-04
  1.16266262e-03  1.20207482e-04  2.27192583e-04 -1.11949606e-04
  3.22296036e-19 -3.28754663e-19  9.99402429e-07 -1.01984951e-15
 -2.01483431e-14 -6.50904212e-24  1.10378981e-20  7.54388719e-21
 -1.01984951e-15  9.98806284e-07 -3.43794130e-20 -3.46705634e-24
  1.04820327e-20  5.98217019e-21 -2.01483431e-14 -3.43809873e-20
  9.98806284e-07 -5.08622552e-24  1.07604791e-17  3.73458398e-19
 -6.44815330e-18  2.11852747e-18  4.00425406e-18  9.99999409e-10],1.0251162623221877,-0.05879668050917102,-2.9463516958267484e-20,-1.0738516914024078e-26,-3.073998012953912e-26,0.5856023147406472,[ 6.05319929e-02  5.05669042e-04  1.18886955e-05 -1.81298958e-11
 -3.49068588e-11  8.70881856e-05 -3.76909971e-04  3.65536213e-02
  8.52166564e-04  1.50343981e-11  3.37683040e-11 -1.54733773e-04
 -2.27513050e-18 -1.63064007e-16  9.99104178e-07 -2.49889080e-24
 -4.92700912e-23 -1.73936761e-22  3.97434435e-25 -3.26348601e-25
 -2.49894333e-24  9.96435799e-07 -3.31827816e-28 -4.94592208e-29
  2.32644547e-25 -2.32644547e-25 -4.92701913e-23 -3.31827798e-28
  9.96435799e-07 -1.41728271e-28  2.07719475e-13  3.27815552e-12
  7.71035728e-14 -5.12964094e-22 -1.84699748e-21  3.49117227e-02]
7.318956613540649,base_link,1.2950790910414274,-4.799108653544487,8.541405606381624e-22,-1.180714588879981e-21,-2.5873459107398096e-22,-0.7481321071470337,0.6635498099281917,[ 1.63499219e-03  5.19219378e-04 -1.08614409e-03  6.34736699e-04
  1.10239507e-03 -3.89092092e-04 -6.64466585e-04  7.73428183e-04
  1.35144045e-03  2.03344740e-04  3.53150809e-04 -1.24751772e-04
  4.75397242e-20 -4.26692847e-20  9.99254699e-07 -2.21142870e-15
 -2.46422796e-14 -1.00910170e-23 -8.84090639e-21 -6.56450534e-21
 -2.21142872e-15  9.98511615e-07 -7.30916929e-20 -9.20662147e-24
 -4.42574715e-20 -3.49401091e-20 -2.46422797e-14 -7.30907671e-20
  9.98511615e-07 -1.65570603e-23  1.08674600e-17  3.32613874e-19
 -9.05050167e-18  2.73345471e-18  4.74713787e-18  9.99999261e-10],1.0208720428635252,-0.09145335439430748,3.34562393673372e-21,2.587101554461746e-26,4.340805827047407e-25,0.5066920447924146,[ 6.06300240e-02  5.64504415e-04  1.32717791e-05 -3.83546764e-11
 -6.62572103e-11  9.76754723e-05 -4.96115535e-04  3.65695953e-02
  8.52382554e-04  2.56669972e-11  4.16325108e-11 -1.48155703e-04
 -1.05540305e-18 -6.78710560e-17  9.98882879e-07 -5.42953799e-24
 -6.04748146e-23  1.86438503e-23  2.71418638e-25 -1.80945759e-25
 -5.42952242e-24  9.95561209e-07 -7.09232379e-28  1.17065685e-28
  2.58493941e-24 -1.61558713e-24 -6.04746652e-23 -7.09233410e-28
  9.95561209e-07  1.98470463e-27  2.49998806e-13  3.35789729e-12
  7.89654229e-14 -4.27880601e-21 -7.07473886e-21  3.49116568e-02]
7.373407363891602,base_link,1.2274519395156045,-4.890753656138408,2.4223267073800687e-22,-1.5969339464129066e-22,-4.033632643876325e-23,-0.7744776691981593,0.6326012487447258,[ 1.59108487e-03  5.77765633e-04 -1.39852053e-03  8.19922038e-04
  1.16958891e-03 -8.01253643e-04 -7.16387294e-04  1.16806629e-03
  1.27284000e-03  2.54075275e-04  3.62436602e-04 -2.48465601e-04
  2.22346149e-21 -1.21760986e-21  9.98959609e-07 -4.49578885e-15
 -3.52450817e-14 -1.36664599e-23  8.68208771e-21  5.39983504e-21
 -4.49578885e-15  9.97923534e-07 -1.52319528e-19  1.11950626e-23
 -1.22819777e-20 -7.30565917e-21 -3.52450817e-14 -1.52327850e-19
  9.97923534e-07  2.41195356e-23  1.10958727e-17 -1.92749626e-18
 -1.27977207e-17  3.11885918e-18  4.44915399e-18  9.99998964e-10],1.0162362580990218,-0.12380740940316272,-8.149884326078677e-21,-2.0551081428552142e-26,-7.020642501177824e-26,0.4203047050519365,[ 6.11357939e-02  6.06596470e-04  1.42400052e-05 -5.62354457e-11
 -8.15824336e-11  2.39523305e-04 -5.26703894e-04  3.65457535e-02
  8.51506850e-04  3.28454156e-11  4.98795258e-11 -2.88388468e-04
  1.02152173e-18  6.10405823e-17  9.98441033e-07 -1.09567224e-23
 -8.58742674e-23  4.25006361e-22 -7.56094779e-25  4.45902049e-25
 -1.09565328e-23  9.93821758e-07 -1.45939473e-27  9.42054105e-28
 -7.88406521e-25  4.78213792e-25 -8.58739513e-23 -1.45939562e-27
  9.93821758e-07  3.16544757e-27  2.60335590e-13  3.41109085e-12
  8.01745382e-14 -2.67591168e-21 -4.14376397e-21  3.49064813e-02]
7.415576219558716,base_link,1.1410648446168716,-4.966730559792108,-1.6425574168982275e-21,1.0181646125001743e-22,2.635951657693751e-22,-0.8282942977662954,0.5602932770325195,[ 2.00833613e-03  8.03844421e-04 -2.00144582e-03  1.15859985e-03
  1.82034717e-03 -1.25616676e-03 -9.65440064e-04  1.72354293e-03
  1.80593341e-03  3.81785248e-04  5.99870189e-04 -4.14067858e-04
  1.20913953e-19 -8.15269212e-20  9.99605074e-07 -1.85499565e-15
 -1.30153422e-14 -1.63831688e-23 -2.48815928e-20 -1.41878019e-20
 -1.85499567e-15  9.99210771e-07 -6.11300007e-20 -2.85450651e-24
 -1.75547578e-19 -9.11619209e-20 -1.30153422e-14 -6.11379494e-20
  9.99210771e-07  4.13817989e-24  1.02003802e-17 -1.27698406e-18
 -1.13803892e-17  3.43369665e-18  5.39524171e-18  9.99999611e-10],1.0316192943600204,-0.1680371706606943,-5.520899471146411e-20,-5.547468535583946e-26,-1.3973140321962012e-25,0.29053898891837626,[ 6.18351713e-02  7.90838152e-04  1.86191932e-05 -4.56821165e-11
 -7.30989837e-11  4.09507802e-04 -6.86500221e-04  3.67431641e-02
  8.56978570e-04  3.04582767e-11  5.28830702e-11 -4.39974210e-04
 -2.44961928e-18 -1.12757026e-16  9.99407844e-07 -4.54981248e-24
 -3.18983127e-23 -3.20735420e-22 -1.54450130e-24  1.02751342e-24
 -4.54987201e-24  9.97639730e-07 -5.91236683e-28 -2.80371012e-28
 -2.05502683e-24  1.49280251e-24 -3.18984138e-23 -5.91236635e-28
  9.97639730e-07 -7.05148068e-28  2.73672144e-13  3.39021866e-12
  7.97649782e-14 -9.31646565e-22 -2.05019647e-21  3.49140111e-02]
7.473394155502319,base_link,1.0602003789002312,-5.019605613623668,1.796654071958023e-21,-5.772315616927108e-22,-3.5945666712727526e-23,-0.8599486722489434,0.5103805257817732,[ 1.87278027e-03  9.56173870e-04 -2.03968729e-03  1.44546254e-03
  2.69709766e-03 -1.79986626e-03 -9.58457356e-04  1.97282294e-03
  1.81664945e-03  3.22323338e-04  6.01446725e-04 -4.01449656e-04
 -1.60724502e-19  9.99498878e-20  9.99444870e-07 -3.38616867e-15
 -1.82096408e-14  4.13085273e-23  2.61521422e-20  8.57620859e-21
 -3.38616865e-15  9.98890970e-07 -1.11058321e-19 -1.10153015e-23
  3.17637355e-20  9.52912066e-21 -1.82096408e-14 -1.11057517e-19
  9.98890970e-07 -2.15586823e-23  8.14110952e-18 -3.75212931e-18
 -1.23044409e-17  2.90214162e-18  5.41573217e-18  9.99999450e-10],1.0016015888870489,-0.19408862145164427,-5.653440172611919e-20,-1.4316515828743583e-26,9.894627354416823e-25,0.19893172367227435,[ 6.21904737e-02  8.40432942e-04  1.97948018e-05 -6.46070223e-11
 -1.29270602e-10  6.20281735e-04 -7.16295093e-04  3.66909504e-02
  8.55538871e-04  3.68269880e-11  8.30679667e-11 -5.69201503e-04
  4.28259858e-18  1.85073311e-16  9.99167765e-07 -8.32921533e-24
 -4.47856586e-23 -8.39139088e-22  1.49926486e-24 -8.53030007e-25
 -8.32937062e-24  9.96687565e-07 -1.08071071e-27 -1.71401586e-28
 -1.65436123e-24  1.05982516e-24 -4.47856717e-23 -1.08071330e-27
  9.96687565e-07  1.19799235e-26  3.99635620e-13  3.50208751e-12
  8.23898659e-14 -4.73795021e-21 -1.04939999e-20  3.49151663e-02]
7.51306414604187,base_link,0.9510409332439134,-5.112829514210255,-1.4186980468346742e-21,-9.908763432411433e-22,2.589785607947682e-22,-0.9005011994846434,0.4348535267497765,[ 2.04536307e-03  9.57837328e-04 -2.93950006e-03  1.37392614e-03
  2.95928213e-03 -2.26141419e-03 -1.23566412e-03  2.38487683e-03
  3.00867430e-03  4.69762917e-04  1.01190294e-03 -7.73647568e-04
  3.90270430e-19 -3.76506145e-19  9.99580220e-07 -2.81629109e-15
 -1.36796452e-14 -1.99163635e-23 -1.95346973e-20 -1.84229666e-20
 -2.81629112e-15  9.99161143e-07 -9.17588508e-20 -1.34015460e-23
  8.76679100e-20  6.60685699e-20 -1.36796452e-14 -9.17668035e-20
  9.99161143e-07 -1.57674759e-23  8.69243657e-18 -4.97030248e-18
 -1.66650950e-17  1.84468117e-18  3.97366210e-18  9.99999586e-10],1.0750982586728604,-0.22391325149813096,-1.4483943034134483e-19,3.9211896004422624e-25,-1.5502467704518067e-25,0.08918034504674628,[ 6.25444936e-02  1.07246637e-03  2.52872976e-05 -7.32841328e-11
 -1.63765483e-10  1.02918431e-03 -6.82137907e-04  3.68549824e-02
  8.59554422e-04  1.27358453e-11  4.16501488e-11 -6.27335553e-04
 -4.81114714e-19 -1.62630326e-17  9.99370593e-07 -6.94540250e-24
 -3.37319484e-23 -1.04295375e-21  1.52511425e-24 -2.66571877e-25
 -6.94547069e-24  9.97491824e-07 -8.96742673e-28  2.27750111e-27
  3.67061397e-24 -9.30578189e-25 -3.37322119e-23 -8.96741940e-28
  9.97491824e-07 -8.94542340e-28  4.60801969e-13  3.54870300e-12
  8.35139858e-14 -6.52291136e-22 -3.28062578e-21  3.49207452e-02]
7.5627923011779785,base_link,0.8907594108891783,-5.134867982511592,-2.915927975630527e-21,-9.128005769672527e-21,2.0385979650030425e-22,-0.9300875527864295,0.36733791548348316,[ 1.71685737e-03  7.81086972e-04 -2.53734892e-03  1.08973075e-03
  2.68192565e-03 -2.07331206e-03 -1.20628765e-03  2.12475425e-03
  3.08326678e-03  3.33755008e-04  8.21408747e-04 -6.35340358e-04
  1.16467030e-20 -9.84675801e-21  9.99300062e-07 -5.11683502e-15
 -2.35760244e-14 -3.48232628e-23  8.74561518e-20  5.74923613e-20
 -5.11683510e-15  9.98602079e-07 -1.72241946e-19 -8.42598227e-23
  2.41827906e-19  1.54901150e-19 -2.35760246e-14 -1.72245702e-19
  9.98602079e-07 -2.00215830e-22  7.70987214e-18 -7.19973456e-18
 -1.74840765e-17  1.96735389e-19  4.84159908e-19  9.99999308e-10],1.0410091499748908,-0.2276839151887843,-2.194963620338552e-21,1.10774313599096e-25,7.576225282781794e-25,-0.001163600857856357,[ 6.21172104e-02  1.04442984e-03  2.46115409e-05 -7.24260622e-11
 -1.80857460e-10  1.06047495e-03 -5.81488013e-04  3.67882252e-02
  8.57618477e-04  8.07295802e-12  2.21527061e-11 -4.67269385e-04
 -2.59869708e-18 -9.04224612e-17  9.98950826e-07 -1.25506651e-23
 -5.78261440e-23 -3.61170941e-23 -3.77401154e-24  4.21668242e-25
 -1.25506103e-23  9.95829494e-07 -1.66922990e-27  7.68620930e-28
 -5.11818004e-24  6.26847808e-25 -5.78259708e-23 -1.66923051e-27
  9.95829494e-07  5.27438136e-27  5.83551436e-13  3.69508590e-12
  8.69321376e-14  6.83858370e-23 -1.38403369e-22  3.49190774e-02]
7.615987300872803,base_link,0.8359599865772005,-5.1398190417649845,1.8815497827397637e-21,1.0267172005510878e-21,-1.255414167027579e-21,-0.9566177442745835,0.29134599935301614,[ 1.51247039e-03  6.26107212e-04 -2.31985290e-03  9.14916240e-04
  2.42010976e-03 -2.17151568e-03 -1.06594106e-03  2.01369124e-03
  2.82259535e-03  2.60637404e-04  6.89458774e-04 -6.18972434e-04
  7.09390093e-20 -4.30928012e-20  9.98756633e-07 -9.52133215e-15
 -4.37930056e-14 -8.69990787e-23 -3.30342849e-20 -1.79465106e-20
 -9.52133222e-15  9.97519426e-07 -3.35291053e-19 -5.76435234e-23
 -5.92923063e-20 -2.87991202e-20 -4.37930057e-14 -3.35344494e-19
  9.97519426e-07 -2.53116263e-23  5.92047306e-18 -1.19131859e-17
 -1.60579659e-17 -1.66552384e-18 -4.40670498e-18  9.99998767e-10],0.9873344868280696,-0.2308747336466289,5.962322314415458e-20,-2.6476533065818005e-25,1.9177994525228027e-24,-0.08993222011612184,[ 6.18928135e-02  9.63304192e-04  2.26624599e-05 -7.82839287e-11
 -2.34263032e-10  1.26032843e-03 -5.16228378e-04  3.67832184e-02
  8.56841032e-04 -5.45610932e-13  1.01384011e-11 -3.27713754e-04
 -3.21872520e-19 -1.22514845e-17  9.98137262e-07 -2.30984100e-23
 -1.06244077e-22 -3.43741406e-22  2.79173457e-24  1.97909424e-26
 -2.30985051e-23  9.92631144e-07 -3.18994440e-27  2.87761882e-27
  1.18907213e-24 -5.81611368e-26 -1.06244445e-22 -3.18993741e-27
  9.92631144e-07 -2.10803910e-26  6.28673329e-13  3.77510523e-12
  8.87377212e-14  1.00251583e-21  1.45314061e-21  3.49133963e-02]
7.67140007019043,base_link,0.7143657753623497,-5.158753829004919,-2.2804613453738797e-21,9.285204748239802e-21,1.6680651630656791e-22,-0.9781169274938073,0.20805594476023523,[ 1.54825827e-03  6.02308486e-04 -2.42886003e-03  9.81878148e-04
  3.19058727e-03 -2.79411509e-03 -9.69260756e-04  2.30436074e-03
  2.94268981e-03  2.58975359e-04  8.41564012e-04 -7.37462606e-04
 -9.65617560e-20  7.50682950e-20  9.99120972e-07 -7.16872304e-15
 -3.20604527e-14  7.79849969e-23 -1.96935160e-20 -1.09584888e-20
 -7.16872310e-15  9.98245024e-07 -2.61343957e-19 -1.04439699e-22
  8.80914265e-20  4.53162627e-20 -3.20604531e-14 -2.61273810e-19
  9.98245024e-07 -5.39378059e-22  4.45158460e-18 -1.44445521e-17
 -1.43775537e-17 -2.19451366e-18 -7.13179154e-18  9.99999135e-10],1.0040649846899898,-0.24770038161298696,-2.5711020527599857e-20,-1.3319587492217483e-26,-3.513090761795612e-25,-0.17730100928142806,[ 6.20418682e-02  9.74010676e-04  2.29099520e-05 -8.17985913e-11
 -2.83553754e-10  1.75025619e-03 -4.77552414e-04  3.69138718e-02
  8.60472230e-04 -6.91979515e-12 -1.62894797e-11 -2.54604094e-04
 -6.74238226e-19 -2.52619106e-17  9.98682613e-07 -1.74090217e-23
 -7.78668407e-23  3.77105287e-22  1.03397577e-24  8.64339117e-26
 -1.74089583e-23  9.94771599e-07 -2.48932867e-27  6.53099219e-28
  9.66767341e-24  5.58993148e-25 -7.78666137e-23 -2.48932941e-27
  9.94771599e-07  7.31032474e-27  6.31458861e-13  3.75628695e-12
  8.83376951e-14  1.03566250e-21  2.98832430e-21  3.49083609e-02]
7.719925403594971,base_link,0.6682035747310153,-5.180340453436772,-1.0714586266117634e-21,7.256891742651052e-22,6.138660400451819e-22,-0.9875156697667931,0.15752079851575854,[ 1.65049865e-03  6.09357550e-04 -2.55490803e-03  9.75679693e-04
  3.94741622e-03 -3.34551789e-03 -1.02596998e-03  2.60674581e-03
  3.40543997e-03  2.40911810e-04  9.74732667e-04 -8.26364973e-04
  2.65227192e-19 -3.24625377e-19  9.99363359e-07 -4.98319000e-15
 -2.06853046e-14 -4.04891597e-23 -1.11490712e-19 -4.72485566e-20
 -4.98319004e-15  9.98728335e-07 -1.61868722e-19 -3.56315845e-23
  1.31290107e-20  4.97631857e-21 -2.06853047e-14 -1.61927894e-19
  9.98728335e-07  5.89854079e-23  3.37527647e-18 -1.33498969e-17
 -1.23513174e-17 -1.65145869e-18 -6.68298037e-18  9.99999378e-10],0.96818543306876,-0.23354533946860953,-3.1179031518016834e-20,2.265296407552001e-25,6.019817865133129e-26,-0.22194882442803812,[ 6.21262997e-02  9.89817083e-04  2.32894570e-05 -6.43482229e-11
 -3.01444225e-10  2.15683898e-03 -5.38125634e-04  3.70683670e-02
  8.64498284e-04 -3.06474930e-12 -2.64279267e-12 -2.05353646e-04
  3.25260652e-19  1.20346441e-17  9.99045645e-07 -1.22162571e-23
 -5.07150732e-23 -5.99124850e-22  6.79839066e-24  3.24733014e-25
 -1.22163090e-23  9.96204253e-07 -1.56653709e-27  4.75504389e-27
  2.09380093e-23  1.83369140e-25 -5.07153202e-23 -1.56653549e-27
  9.96204253e-07  1.25166491e-27  6.68115303e-13  3.72508968e-12
  8.76335023e-14  1.89811020e-21  7.17859950e-21  3.49071546e-02]
7.750346899032593,base_link,0.6414847327494224,-5.212724431731446,-1.5499805478884447e-22,2.6340203716888667e-21,7.298426577441845e-22,-0.9931445309637738,0.11689285956270268,[ 1.20703887e-03  3.92801769e-04 -1.48350954e-03  5.22063548e-04
  3.18039641e-03 -2.57163284e-03 -7.70739061e-04  2.04377854e-03
  3.15187734e-03  8.64101685e-05  5.26491212e-04 -4.26003320e-04
 -3.22931311e-20  6.58568116e-20  9.98921595e-07 -7.88636753e-15
 -3.50207280e-14  1.93965718e-23  3.18431449e-20  1.48892510e-20
 -7.88636756e-15  9.97847825e-07 -2.56039769e-19 -5.49864705e-23
  1.64324392e-19  5.09278560e-20 -3.50207278e-14 -2.56177374e-19
  9.97847825e-07  3.44728238e-22  1.49946752e-18 -1.00599861e-17
 -1.29678391e-17 -1.37642044e-18 -8.39047958e-18  9.99998936e-10],0.953402615565294,-0.20838620980619343,4.1396315644656635e-20,-2.530701163386201e-26,-4.108028359134738e-25,-0.2579888124978357,[ 6.14914377e-02  7.56569207e-04  1.77960310e-05 -3.27875836e-11
 -3.03274282e-10  1.65069210e-03 -4.63940203e-04  3.68213654e-02
  8.58177036e-04 -6.32689798e-12 -1.71602057e-11 -1.44323112e-04
  1.22650371e-18  5.91974386e-17  9.98384132e-07 -1.91132342e-23
 -8.48856362e-23  6.24194812e-22 -1.42171668e-25 -2.82727748e-26
 -1.91131537e-23  9.93598339e-07 -2.43094496e-27 -9.60084960e-28
 -2.06795153e-24 -1.19553448e-25 -8.48852204e-23 -2.43094352e-27
  9.93598339e-07 -1.72522360e-26  7.01247220e-13  3.74039688e-12
  8.79313933e-14 -1.27110727e-22  8.19234935e-23  3.49032254e-02]
7.824415683746338,base_link,0.6612586077943414,-5.258725240438345,6.099362792859353e-22,1.0242940031615948e-21,1.37542857763596e-22,-0.9936829976572746,0.1122234385805961,[ 1.24083469e-03  1.29772903e-04 -1.09296077e-03  1.33891466e-04
  2.75983483e-03 -2.28905293e-03 -6.61180995e-04  1.85495219e-03
  3.23195592e-03  2.24487353e-05  4.62783684e-04 -3.84002226e-04
  1.30760711e-20 -3.91752738e-20  9.99364205e-07 -3.64809123e-15
 -1.83572720e-14  7.83182891e-24  4.47339275e-21  1.63120017e-21
 -3.64809123e-15  9.98730023e-07 -1.05332478e-19  8.80606588e-25
  4.21398891e-20  1.16467030e-20 -1.83572720e-14 -1.05328046e-19
  9.98730023e-07 -5.77379001e-23  1.43576551e-18 -7.90087683e-18
 -1.29381519e-17 -2.58938902e-19 -5.33992285e-18  9.99999377e-10],0.805800938496341,-0.16650468191955317,9.900240801805425e-21,3.543202324159771e-27,-3.3992160678190664e-25,-0.23456552259757688,[ 6.13959987e-02  4.40174714e-04  1.03739892e-05 -8.13641425e-12
 -2.21781894e-10  1.52150408e-03 -5.30330464e-04  3.67653370e-02
  8.57513841e-04 -9.99794009e-13 -1.21868375e-11 -3.77166512e-05
 -7.91128773e-19 -6.54858112e-17  9.99046912e-07 -8.92124031e-24
 -4.49003601e-23 -2.56048283e-22  1.22784622e-25  1.53480778e-26
 -8.92124809e-24  9.96209252e-07 -1.01472365e-27 -2.67288448e-29
  3.33457184e-24  1.84176933e-25 -4.49004909e-23 -1.01472379e-27
  9.96209252e-07  6.00603498e-27  7.40544561e-13  3.70271869e-12
  8.71025964e-14 -3.23318318e-23  2.39200629e-23  3.49028238e-02]
7.863929748535156,base_link,0.6371212951560086,-5.296727520814093,-1.293298528621682e-22,-4.0234395022623595e-22,-6.536667768937016e-23,-0.9945814803333728,0.10395998738878705,[ 1.15011668e-03  5.90439304e-05 -8.33729053e-04  3.62599286e-05
  2.62865485e-03 -2.16954099e-03 -5.26756659e-04  1.72029249e-03
  2.99049512e-03  5.16328198e-06  3.74640602e-04 -3.09345931e-04
  4.11340375e-20 -1.64536150e-19  9.99281982e-07 -3.52090713e-15
 -1.92488357e-14  2.26027280e-24 -4.10943328e-21  7.81685679e-22
 -3.52090713e-15  9.98566021e-07 -9.43865125e-20 -2.75329891e-24
  3.22719553e-19  7.33212895e-20 -1.92488357e-14 -9.43906374e-20
  9.98566021e-07  4.76824731e-23  1.09596887e-18 -6.00183806e-18
 -1.29348663e-17 -6.24330599e-20 -4.54075370e-18  9.99999294e-10],0.7749850974522068,-0.14073550614197214,4.9728657353735314e-21,-1.6861711515164486e-26,5.378546443139696e-25,-0.2294206560332303,[ 6.12728527e-02  3.53056937e-04  8.32354663e-06  1.78002436e-12
 -2.41205885e-10  1.45712469e-03 -4.66039404e-04  3.66878510e-02
  8.55638539e-04 -6.68263376e-13 -4.58736308e-12 -4.29265639e-05
  1.20617492e-18  1.24141149e-16  9.98923745e-07 -8.58872492e-24
 -4.69636580e-23  6.23071752e-23  5.51319109e-26 -1.98919166e-26
 -8.58872419e-24  9.95722496e-07 -9.05492367e-28  5.86034877e-28
 -1.59232268e-23 -3.02922588e-25 -4.69636189e-23 -9.05491919e-28
  9.95722496e-07 -1.82658565e-26  7.48380958e-13  3.68000075e-12
  8.65558508e-14 -8.43403661e-23 -1.63705161e-21  3.49002646e-02]
7.922540903091431,base_link,0.6095930700063161,-5.3305331964678455,3.635284762198336e-22,1.5236940994161442e-21,2.1019109020677668e-22,-0.9951066286164326,0.09880687062971462,[ 1.28886556e-03 -3.39889084e-05 -5.90375361e-04 -1.10438524e-04
  2.56876648e-03 -2.08453627e-03 -4.66729514e-04  1.77054177e-03
  3.27757828e-03 -1.36306868e-05  3.16961677e-04 -2.57325342e-04
 -5.64865097e-20  4.18434276e-19  9.99478933e-07 -2.10517431e-15
 -1.30713626e-14  9.75612433e-24  7.16007538e-21  1.06375427e-21
 -2.10517431e-15  9.98958950e-07 -5.28171979e-20  5.89145301e-24
  6.16216469e-20  1.33407689e-20 -1.30713626e-14 -5.28184233e-20
  9.98958950e-07 -1.60086171e-22  1.34290063e-18 -8.76053752e-18
 -1.17702684e-17  1.10804503e-19 -2.57523300e-18  9.99999490e-10],0.717940172134043,-0.11665375328995008,6.7155934184214395e-21,3.82081840408922e-28,-2.468456836760883e-25,-0.21434823501776268,[ 6.14031637e-02  2.38079578e-04  5.62108442e-06  1.10384909e-11
 -1.82196981e-10  1.39049790e-03 -4.41490673e-04  3.66988182e-02
  8.56189629e-04 -2.86121605e-13 -3.74041734e-12 -4.49445880e-05
 -1.05455602e-18 -1.60678762e-16  9.99218805e-07 -5.17758777e-24
 -3.21541410e-23  5.10644305e-23 -9.66121106e-25  2.50920877e-26
 -5.17758833e-24  9.96889765e-07 -5.13768172e-28 -1.46622560e-29
 -9.84861917e-24 -2.03563979e-25 -3.21541228e-23 -5.13768091e-28
  9.96889765e-07  7.44197577e-27  7.59358613e-13  3.64436259e-12
  8.57437836e-14 -6.68840931e-23  1.95793873e-21  3.49027438e-02]
7.97517728805542,base_link,0.6043530546346887,-5.362150951215387,-4.30888294517478e-22,-1.0187111819265108e-21,-1.2562923876068884e-22,-0.9921751815186144,0.12485355092469147,[ 1.04562064e-03 -1.54920272e-05 -5.32428190e-04 -4.49886072e-05
  2.01615822e-03 -1.75027317e-03 -3.57331824e-04  1.42325042e-03
  2.59256704e-03 -5.20864179e-06  2.33436294e-04 -2.02786767e-04
 -8.84090639e-21  4.21398891e-20  9.98869648e-07 -3.64238070e-15
 -2.45317775e-14 -6.07549335e-24 -4.81749989e-21 -1.01081471e-21
 -3.64238071e-15  9.97744388e-07 -7.90510145e-20  6.94416316e-25
  1.61359776e-19  3.13931586e-20 -2.45317775e-14 -7.90459696e-20
  9.97744388e-07  1.65636441e-22  1.26044696e-18 -7.47058699e-18
 -1.25392711e-17  5.03374639e-20 -2.25633043e-18  9.99998879e-10],0.6511727649913777,-0.09190337475521503,8.117662390643146e-21,1.4098080628725038e-27,2.4574355973639795e-26,-0.16788523866048405,[ 6.10828011e-02  2.29777768e-04  5.41785649e-06  4.83588796e-12
 -2.38676583e-10  1.19101053e-03 -3.70032154e-04  3.65147591e-02
  8.51131616e-04 -1.57383470e-13  8.85867832e-12 -6.05673639e-05
  5.68359108e-19  8.93382590e-17  9.98306384e-07 -8.82615914e-24
 -5.94517924e-23  8.14155572e-23  3.03730381e-25 -9.89547120e-27
 -8.82615993e-24  9.93293416e-07 -7.50230562e-28 -9.65030836e-29
 -8.37520370e-24  3.08577143e-25 -5.94517258e-23 -7.50230642e-28
  9.93293416e-07 -1.17179615e-27  7.62860586e-13  3.63248320e-12
  8.53849503e-14  6.79016588e-23 -2.97230365e-21  3.48980287e-02]
8.01284122467041,base_link,0.5939864336203191,-5.382950227254368,7.064758026274048e-22,2.703814977954596e-21,3.01590663743065e-22,-0.9903393569094993,0.13866491321195634,[ 1.08441844e-03 -2.86544964e-05 -5.08049795e-04 -6.47428356e-05
  2.08710756e-03 -1.79523231e-03 -3.32253083e-04  1.47515326e-03
  2.63630497e-03 -8.39558989e-06  2.70808704e-04 -2.33171864e-04
  1.64112634e-20 -6.52215369e-20  9.98939310e-07 -2.89592595e-15
 -2.19922088e-14  7.33987732e-23 -7.54388719e-22 -1.05879118e-21
 -2.89592596e-15  9.97883107e-07 -6.00346629e-20 -8.03292871e-24
  2.36110434e-19  6.53274161e-20 -2.19922087e-14 -6.00543910e-20
  9.97883107e-07 -2.89718018e-22  1.39124009e-18 -6.43410528e-18
 -1.15473126e-17  4.06406812e-20 -1.31242698e-18  9.99998948e-10],0.6156061844616373,-0.0769951445091401,-2.991171780872987e-20,3.5754844926265674e-26,-9.118184032290948e-25,-0.142331509266534,[ 6.11069505e-02  2.21566297e-04  5.22376448e-06  1.95134747e-12
 -2.27855844e-10  1.22161535e-03 -3.34004872e-04  3.65293026e-02
  8.51616386e-04  5.74395923e-13  1.89592569e-12 -7.46882362e-05
  3.90482189e-19  6.36426675e-17  9.98410649e-07 -7.05360310e-24
 -5.35706409e-23 -1.20050127e-22  3.67546073e-26  1.17130067e-26
 -7.05359841e-24  9.93702481e-07 -5.74955676e-28 -1.09910568e-27
 -1.08567455e-23  8.64339117e-26 -5.35707583e-23 -5.74955706e-28
  9.93702481e-07  2.83046024e-26  7.43070319e-13  3.57143481e-12
  8.39569902e-14 -3.20903464e-23 -2.62148832e-22  3.48953362e-02]
8.067336797714233,base_link,0.5759938320364906,-5.403916874590009,-6.704314038628004e-22,1.6976549539654893e-22,-7.019015684735032e-23,-0.9885964639035046,0.1505889489885849,[ 1.26394750e-03 -4.89941449e-05 -5.10966949e-04 -1.11675359e-04
  2.50261332e-03 -2.20863459e-03 -3.47599038e-04  1.79197290e-03
  3.05562569e-03 -1.38746387e-05  3.10978965e-04 -2.74697002e-04
  2.58874445e-20 -1.26843184e-19  9.99304739e-07 -1.53434030e-15
 -1.33720265e-14 -8.81211163e-24 -4.40721830e-21 -1.73377056e-21
 -1.53434030e-15  9.98611408e-07 -2.94848249e-20 -2.24153186e-23
  2.50933511e-19  7.54918114e-20 -1.33720265e-14 -2.95120487e-20
  9.98611408e-07 -3.69278592e-23  1.18791097e-18 -4.26986910e-18
 -9.69328722e-18  1.18353021e-20 -2.65379932e-19  9.99999314e-10],0.5709890245963786,-0.0634912617202291,-1.655509030464523e-20,1.6050628590749107e-27,1.064364440682604e-25,-0.11708099103800249,[ 6.13013005e-02  2.31739134e-04  5.46797252e-06  7.15184523e-12
 -1.97286145e-10  1.47129028e-03 -2.92122364e-04  3.66642475e-02
  8.55318855e-04  1.33947443e-13  3.36007696e-12 -1.27554582e-04
  4.23516474e-20  6.61363325e-18  9.98957832e-07 -3.76820889e-24
 -3.28434363e-23  1.62624130e-22  1.89831488e-25  3.78653235e-27
 -3.76821080e-24  9.95857182e-07 -2.86473263e-28 -1.10246151e-28
 -5.58346913e-24  9.41079505e-26 -3.28434222e-23 -2.86473454e-28
  9.95857182e-07 -7.32093704e-27  7.17584737e-13  3.48042428e-12
  8.18641075e-14  2.83393441e-24 -3.54026616e-22  3.48967240e-02]
8.1157546043396,base_link,0.5608855132553909,-5.422438743650088,9.651620135945891e-23,-4.885363836859537e-22,-8.625984116611088e-23,-0.9871342628546772,0.15989354927060997,[ 1.06767440e-03 -9.69028915e-05 -1.61245685e-04 -2.11719964e-04
  2.39763888e-03 -1.97361464e-03 -2.04211625e-04  1.54293934e-03
  2.50936958e-03 -1.37320016e-05  1.55506514e-04 -1.28100613e-04
  9.56220788e-21 -3.38813179e-19  9.99066511e-07 -1.66487854e-15
 -1.67953305e-14 -2.90329914e-24  1.27849035e-20  1.45252916e-21
 -1.66487854e-15  9.98136495e-07 -2.99511057e-20 -2.90622561e-24
  1.20278679e-19  1.39231041e-20 -1.67953305e-14 -2.99330359e-20
  9.98136495e-07  2.01634790e-22  1.43268752e-18 -5.56736310e-18
 -9.19862344e-18 -7.20970836e-20  8.16445668e-19  9.99999074e-10],0.535079965486026,-0.05222134020379983,7.748618525079802e-21,6.131710404212282e-27,-8.843647591028461e-27,-0.0979928601485629,[ 6.10439645e-02  1.85026787e-04  4.36518405e-06  2.38106579e-11
 -2.64353338e-10  1.29864855e-03 -1.72468834e-04  3.65245342e-02
  8.51801897e-04 -3.09267963e-12  3.40883968e-11 -1.82487676e-04
  5.75982404e-20  1.12757026e-17  9.98601070e-07 -4.03765961e-24
 -4.07371853e-23 -2.79305859e-22  4.91138489e-25 -6.38156918e-26
 -4.03764905e-24  9.94450648e-07 -2.84558224e-28 -7.23946973e-28
 -9.82276977e-25  1.22784622e-25 -4.07373251e-23 -2.84558572e-28
  9.94450648e-07  1.03481746e-27  6.89705346e-13  3.40523443e-12
  8.00644369e-14  1.15608519e-22 -1.27274546e-21  3.48917241e-02]
8.159352779388428,base_link,0.553356871845833,-5.430879690055927,1.7422952678959038e-22,5.431410432397665e-22,8.456873486641946e-23,-0.9861645312727187,0.16576947022796143,[ 1.17638490e-03 -7.84087460e-05 -2.39484863e-04 -1.62016824e-04
  2.30216363e-03 -1.88403243e-03 -2.38682958e-04  1.60613190e-03
  2.74404191e-03 -1.22716198e-05  1.74374076e-04 -1.42699741e-04
  1.96538114e-21 -1.49077799e-19  9.99244161e-07 -1.23015855e-15
 -1.27429956e-14 -5.70391893e-24 -6.00863997e-21 -4.48331892e-22
 -1.23015856e-15  9.98490602e-07 -2.07386438e-20 -9.51916531e-25
  1.76606370e-19  1.29437222e-20 -1.27429955e-14 -2.07507005e-20
  9.98490602e-07 -1.26830596e-22  1.24139159e-18 -4.56734475e-18
 -8.15331444e-18 -4.45159708e-20  6.32421381e-19  9.99999252e-10],0.49692575749701834,-0.04668918628547634,-2.2037143898504052e-20,-2.485741227723375e-27,-2.1723500502975e-25,-0.08472859143877215,[ 6.11461120e-02  1.88528560e-04  4.44788396e-06  1.79767542e-11
 -1.92150826e-10  1.23192047e-03 -1.93593092e-04  3.65459919e-02
  8.52610549e-04 -2.78161470e-12  3.04483772e-11 -1.74935500e-04
 -1.64324392e-19 -3.15502832e-17  9.98867097e-07 -3.00927477e-24
 -3.11760121e-23  7.47018461e-22  1.38940494e-25 -2.22143231e-26
 -3.00928747e-24  9.95498897e-07 -1.99965997e-28  1.04433585e-28
  8.16840855e-24 -1.29246971e-24 -3.11757367e-23 -1.99965517e-28
  9.95498897e-07  1.45581873e-26  6.63439030e-13  3.32001093e-12
  7.80815632e-14  1.00939266e-22 -1.08131765e-21  3.48901532e-02]
8.2050621509552,base_link,0.5493935736326507,-5.438874357151982,3.9425630715345195e-22,1.0837626864844347e-21,1.7889354308072723e-22,-0.985597504032986,0.16910813121771565,[ 1.18859096e-03 -7.93002546e-05 -2.65262160e-04 -1.68770020e-04
  2.19842256e-03 -1.87172133e-03 -2.60655885e-04  1.59233622e-03
  2.75956493e-03 -1.40922902e-05  1.83545914e-04 -1.56314715e-04
  5.08881513e-21 -1.67289007e-19  9.99225064e-07 -1.13099705e-15
 -1.21505233e-14 -1.29421827e-23 -4.23516474e-22 -3.97046694e-23
 -1.13099705e-15  9.98452525e-07 -1.77318619e-20 -1.30647590e-24
 -1.07996701e-20 -1.24407964e-21 -1.21505233e-14 -1.77505247e-20
  9.98452525e-07 -1.90172018e-22  1.62552184e-18 -5.40981580e-18
 -7.70587852e-18 -3.95359906e-20  5.14859869e-19  9.99999233e-10],0.4561576344638288,-0.04087647647103035,4.225062966240599e-21,8.01732055936865e-27,-5.461584467080603e-25,-0.07492598224692007,[ 6.11222762e-02  1.81622803e-04  4.28548544e-06  2.05535535e-11
 -1.87079900e-10  1.22043286e-03 -1.99890696e-04  3.65328789e-02
  8.52329781e-04 -2.97262365e-12  2.50936415e-11 -1.74572943e-04
 -1.64324392e-19 -3.27429056e-17  9.98838496e-07 -2.76908870e-24
 -2.97511052e-23 -8.82202209e-23 -7.07627165e-25  1.02185886e-25
 -2.76908331e-24  9.95386055e-07 -1.71244619e-28 -4.29508054e-28
  3.95495730e-24 -5.26681406e-25 -2.97511037e-23 -1.71243971e-28
  9.95386055e-07  2.75176475e-26  6.37809033e-13  3.24053284e-12
  7.62090296e-14  1.24768386e-22 -1.16685668e-21  3.48891669e-02]
8.23485541343689,base_link,0.5495812256011364,-5.444317623911004,-3.64625876154389e-23,-5.2406413995217024e-23,-7.198976971357971e-24,-0.9849372767998749,0.17291200296696196,[ 1.29058433e-03 -1.41423661e-04 -1.36470822e-04 -2.89748705e-04
  2.49449725e-03 -2.08493754e-03 -2.40321620e-04  1.73391681e-03
  2.96062322e-03 -1.91889692e-05  1.65185972e-04 -1.38104543e-04
  2.50801162e-21 -8.06798882e-20  9.99441217e-07 -7.39849485e-16
 -8.33280354e-15  9.98768815e-24 -1.81847386e-20 -1.49885127e-21
 -7.39849486e-16  9.98883681e-07 -1.10333838e-20  3.48085090e-25
  2.19593292e-19  2.09111259e-20 -8.33280353e-15 -1.10316546e-20
  9.98883681e-07  9.45611222e-24  1.36102010e-18 -4.58882912e-18
 -6.80596310e-18 -8.72150845e-20  7.50678734e-19  9.99999449e-10],0.42876149772221167,-0.036415054033599306,-3.1761552362682877e-21,1.8637378101604636e-26,-8.992962538893838e-26,-0.0670422721720658,[ 6.12298456e-02  1.42920762e-04  3.37654893e-06  2.62295956e-11
 -1.87500740e-10  1.33975990e-03 -1.62201002e-04  3.65972519e-02
  8.54144733e-04 -4.14465688e-12  2.84463386e-11 -2.12109873e-04
  4.11658012e-19  1.04191829e-16  9.99162293e-07 -1.81504397e-24
 -2.04450247e-23  1.33687437e-22  1.17291626e-24 -1.85792520e-25
 -1.81505185e-24  9.96665882e-07 -1.06862183e-28 -9.51111264e-28
  3.54136700e-24 -5.36374928e-25 -2.04449692e-23 -1.06862349e-28
  9.96665882e-07  4.54631988e-27  6.21173577e-13  3.18767235e-12
  7.49910159e-14  1.51386416e-22 -1.07606854e-21  3.48908925e-02]
8.32296895980835,base_link,0.5436368946053142,-5.456305354404605,4.9314269349732847e-23,3.498967851932389e-22,9.047110320636985e-23,-0.98466251675297,0.17446984868941395,[ 1.61078188e-03 -2.49315752e-04 -5.58480028e-05 -4.18892009e-04
  2.95610381e-03 -2.49611638e-03 -2.22715666e-04  2.15443550e-03
  3.76428685e-03 -2.13793140e-05  1.50870137e-04 -1.27429973e-04
 -4.52368533e-20  2.82697246e-19  9.99708720e-07 -2.91784151e-16
 -3.79386312e-15 -5.28760199e-24 -3.03608372e-20 -2.54440756e-21
 -2.91784151e-16  9.99417779e-07 -3.81006808e-21  8.14461219e-24
 -1.19855162e-19 -1.04555629e-20 -3.79386312e-15 -3.81798760e-21
  9.99417779e-07 -1.04688492e-22  4.68312543e-19 -2.35565487e-18
 -4.79372375e-18 -1.15737421e-19  8.16730405e-19  9.99999717e-10],0.3626926238541168,-0.028089197043842044,1.6619594312135428e-21,-3.2738339165998094e-27,-7.689299911357622e-26,-0.056690293727441214,[ 6.15956288e-02  8.40108842e-05  1.98637289e-06  1.94763892e-11
 -1.34077675e-10  1.53711125e-03 -9.55290161e-05  3.67927551e-02
  8.58942399e-04 -3.28764349e-12  2.23889597e-11 -2.74999708e-04
 -2.23997863e-18 -9.68734641e-16  9.99563206e-07 -7.20947605e-25
 -9.37529366e-24 -8.47897236e-23  4.84676140e-25 -8.15871503e-26
 -7.20943304e-25  9.98257382e-07 -3.72529604e-29  2.71742405e-28
  1.03397577e-24 -1.71252236e-25 -9.37526030e-24 -3.72527428e-29
  9.98257382e-07  6.36048113e-27  5.77032833e-13  3.06601966e-12
  7.21664301e-14  1.73950893e-22 -1.21242157e-21  3.49136708e-02]
8.411897659301758,base_link,0.5449208816454185,-5.458902953373596,-2.876534871647571e-22,-6.207182668818877e-22,-1.7235767617339828e-22,-0.9843442284732913,0.17625674418677145,[ 1.49386982e-03 -2.27202545e-04 -1.39800440e-04 -3.60700089e-04
  2.42051889e-03 -2.04177842e-03 -2.44679744e-04  1.86651223e-03
  3.35021909e-03 -2.51915819e-05  1.69029005e-04 -1.42684249e-04
 -1.22290382e-20  1.35525272e-19  9.99515752e-07 -4.17176588e-16
 -5.08020038e-15  4.56250700e-23  4.28810430e-21  6.12113653e-22
 -4.17176593e-16  9.99032442e-07 -4.35782985e-21 -1.58224402e-23
  1.48230766e-21  2.64697796e-22 -5.08020035e-15 -4.34685499e-21
  9.99032442e-07  1.68339665e-22  6.45799705e-19 -1.72995809e-18
 -4.27388354e-18 -8.39610376e-20  5.63331717e-19  9.99999524e-10],0.2971124164845605,-0.02440543336310247,-5.536897963608855e-21,2.499961728982407e-26,8.139888139639836e-26,-0.047201420725932815,[ 6.14398293e-02  5.19286841e-05  1.22703691e-06  2.38764389e-11
 -1.39678177e-10  1.27238632e-03 -1.38243195e-04  3.66868973e-02
  8.55866914e-04 -3.11863592e-12  1.58446513e-11 -2.11149071e-04
 -2.93708674e-19 -2.04914211e-16  9.99273979e-07 -1.03109943e-24
 -1.25572028e-23  5.14344997e-22 -2.64633173e-24  3.45331750e-25
 -1.03113043e-24  9.97108499e-07 -4.29443185e-29 -1.92972050e-27
  2.09380093e-24 -2.39106896e-25 -1.25570813e-23 -4.29452354e-29
  9.97108499e-07 -6.28319769e-27  5.52277083e-13  3.06096815e-12
  7.20571455e-14  2.57706558e-22 -1.39126176e-21  3.49326996e-02]
8.453445434570312,base_link,0.5469923249761726,-5.460439562606096,-2.2921035645907055e-22,3.604983606219961e-24,-7.281300076455864e-24,-0.9842915166384263,0.17655087163088878,[ 1.46860821e-03 -2.35863146e-04 -1.31310248e-04 -3.82234757e-04
  2.66859391e-03 -2.25424069e-03 -2.46893615e-04  1.93040376e-03
  3.39943906e-03 -2.29223193e-05  1.60036205e-04 -1.35229927e-04
 -2.20757962e-20  1.81688567e-19  9.99599177e-07 -3.17606358e-16
 -3.86957153e-15  4.35709261e-23  6.35274710e-21  6.35274710e-22
 -3.17606365e-16  9.99198997e-07 -3.06361867e-21 -2.18120608e-24
 -2.76344499e-19 -2.67874170e-20 -3.86957148e-15 -3.06632760e-21
  9.99198997e-07 -7.60115141e-25  8.83380142e-19 -2.39543978e-18
 -3.84908926e-18 -7.89079973e-20  5.50918602e-19  9.99999608e-10],0.2693413115491938,-0.022234517648334187,-8.163294241756534e-21,2.2833343327505152e-26,-1.915570518903545e-26,-0.04383207884530811,[ 6.14208209e-02  6.73141330e-05  1.59221707e-06  2.18894628e-11
 -1.56870027e-10  1.40380707e-03 -1.09191518e-04  3.67193222e-02
  8.56659236e-04 -3.41364236e-12  2.47363892e-11 -2.44648730e-04
 -1.55007029e-19 -8.33751471e-17  9.99399006e-07 -7.84057264e-25
 -9.55383731e-24  8.78240878e-22  2.16811793e-24 -3.38061608e-25
 -7.84096691e-25  9.97604648e-07 -3.00173801e-29 -1.86463085e-27
 -1.44498113e-23  2.28120903e-24 -9.55362408e-24 -3.00177993e-29
  9.97604648e-07  1.58572309e-27  5.33174145e-13  3.02262382e-12
  7.11687314e-14  8.90035305e-23 -7.04621143e-22  3.49386048e-02]
8.525739669799805,base_link,0.550330080045375,-5.463400071867115,-2.2631279384068349e-23,2.4906085551237647e-23,2.4491082188270504e-23,-0.9843990183063644,0.17595048382276737,[ 1.22103604e-03 -1.43267040e-04 -2.52012748e-04 -2.11130089e-04
  2.29754436e-03 -2.07285433e-03 -1.93862652e-04  1.68383378e-03
  2.87781726e-03 -1.85751715e-05  2.02277968e-04 -1.82700283e-04
 -9.83881708e-20  5.03772845e-19  9.99284081e-07 -4.63513755e-16
 -5.61204281e-15  1.77077923e-23  2.79917919e-21  2.01170325e-21
 -4.63513758e-16  9.98570206e-07 -3.65430803e-21  1.88344689e-23
 -2.73168125e-20 -6.24686799e-21 -5.61204279e-15 -3.63613416e-21
  9.98570206e-07 -2.62908069e-23  7.35922273e-19 -1.87184107e-18
 -3.84231884e-18 -5.05515632e-20  5.50570931e-19  9.99999292e-10],0.22754596633339585,-0.018472293988590495,-2.3468727297135986e-22,4.6653717454395885e-27,1.5203739921147333e-26,-0.03976108328088005,[ 6.11640832e-02  1.21702906e-04  2.87435437e-06  8.41143761e-12
 -1.95022606e-10  1.33675686e-03 -7.26561993e-05  3.65903378e-02
  8.53190363e-04  9.08683604e-13  1.65869083e-11 -2.11193493e-04
 -9.99498878e-20 -2.95987193e-17  9.98926888e-07 -1.13285858e-24
 -1.37171447e-23  1.26636737e-22 -6.13923111e-25 -6.75517370e-26
 -1.13287020e-24  9.95734923e-07 -3.49718073e-29 -1.31524995e-27
 -3.10192730e-25  2.58493941e-26 -1.37171170e-23 -3.49725333e-29
  9.95734923e-07 -4.18282601e-27  4.96396977e-13  2.92083024e-12
  6.87418183e-14 -1.30458374e-22  4.08793888e-22  3.49348161e-02]
8.56990909576416,base_link,0.5519504716342252,-5.464575273523096,8.838287431314121e-24,-4.2958627539340753e-23,-2.217582029467301e-24,-0.9840576567417357,0.17784973491114375,[ 1.27244592e-03 -1.73070352e-04 -4.32892573e-05 -3.19546037e-04
  2.49014631e-03 -2.12657856e-03 -1.70811778e-04  1.74716907e-03
  2.98644493e-03 -1.78802335e-05  1.39335579e-04 -1.19042148e-04
  1.51738012e-20 -4.27751638e-19  9.99404512e-07 -3.40410294e-16
 -4.22207883e-15 -2.29845953e-24 -1.99582138e-20 -1.81317990e-21
 -3.40410294e-16  9.98810440e-07 -2.41679613e-21  2.77000091e-24
  1.96935160e-20  1.82641479e-21 -4.22207883e-15 -2.41032613e-21
  9.98810440e-07  2.15200229e-23  3.31265156e-19 -1.35558007e-18
 -3.31245600e-18 -7.47799616e-20  5.82734518e-19  9.99999413e-10],0.20522485728920217,-0.01674307958769853,7.718099170529584e-22,3.615093073964105e-27,-8.93480656695365e-26,-0.03489285521523656,[ 6.12142095e-02  9.56128351e-05  2.26091705e-06  2.42504325e-11
 -1.86978942e-10  1.35662350e-03 -4.57232818e-05  3.66153717e-02
  8.53991280e-04 -3.96163615e-12  3.04314316e-11 -2.43640275e-04
  5.53536031e-19  2.09142599e-16  9.99107299e-07 -8.31906685e-25
 -1.03188175e-23 -8.76549169e-23 -6.46234854e-26  1.05013164e-26
 -8.31904979e-25  9.96448148e-07 -2.32191301e-29 -5.26359412e-28
  1.55096365e-24 -2.52031593e-25 -1.03187927e-23 -2.32187209e-29
  9.96448148e-07  1.31234576e-26  4.72118032e-13  2.81992485e-12
  6.63797310e-14 -5.57107767e-23  4.40573697e-22  3.49320372e-02]
8.617762804031372,base_link,0.5572536105856608,-5.468653725782685,9.3519663812249e-23,4.897863840686171e-22,8.583719177888656e-23,-0.9831599603327081,0.18274707220250547,[ 1.30999624e-03 -1.95259112e-04 -1.36644055e-05 -3.72424017e-04
  2.63590384e-03 -2.23221921e-03 -1.77419279e-04  1.82963884e-03
  3.05621369e-03 -2.18721719e-05  1.54791785e-04 -1.31130887e-04
  3.73885637e-22 -8.97854924e-20  9.99439538e-07 -2.82087220e-16
 -3.58466089e-15  3.99119556e-24 -1.37642854e-20 -1.08856969e-21
 -2.82087220e-16  9.98880330e-07 -1.80285040e-21 -1.15071574e-24
 -2.93708674e-19 -2.64697796e-20 -3.58466086e-15 -1.82280358e-21
  9.98880330e-07 -1.11545649e-22  6.30297565e-19 -1.97205462e-18
 -2.86807060e-18 -7.81451613e-20  5.52970871e-19  9.99999448e-10],0.18043165202297512,-0.012241075070924248,-4.687569222607944e-21,-1.0149835412509814e-26,1.956947428055804e-26,-0.026677241220100498,[ 6.12354771e-02  8.71354714e-05  2.06097146e-06  3.16992813e-11
 -1.93772712e-10  1.41950418e-03 -3.12025659e-05  3.66475582e-02
  8.54837933e-04 -5.47575162e-12  3.22299910e-11 -2.56048296e-04
  1.60512744e-19  6.65700134e-17  9.99159777e-07 -6.90731695e-25
 -8.77836940e-24  2.47578467e-22 -3.23117427e-26  4.84676140e-27
 -6.90740367e-25  9.96655911e-07 -1.74168327e-29  6.61600059e-28
  1.22009140e-23 -2.02917744e-24 -8.77829613e-24 -1.74166641e-29
  9.96655911e-07 -1.27085069e-27  4.45774819e-13  2.70523881e-12
  6.36839801e-14 -4.75383924e-23  3.42710401e-22  3.49300944e-02]
8.664247035980225,base_link,0.5533396476545697,-5.476749019462345,-7.432289003761292e-23,-3.2514964483300056e-22,-1.1058236281086373e-22,-0.9819100493192827,0.18934797343991783,[ 1.28557731e-03 -2.00841809e-04  2.17439851e-05 -3.54808563e-04
  2.53259748e-03 -2.21708640e-03 -1.34741713e-04  1.80335413e-03
  3.08328350e-03 -1.70839684e-05  1.21949350e-04 -1.06835108e-04
  1.84494364e-20 -4.30504495e-19  9.99436290e-07 -1.74773807e-16
 -3.25452894e-15  1.65763998e-23 -1.79200408e-20 -1.95876369e-21
 -1.74773808e-16  9.98873848e-07 -9.88849326e-22 -1.76970563e-23
  1.33407689e-20  1.40289832e-21 -3.25452893e-15 -9.88646657e-22
  9.98873848e-07  1.27594981e-22  7.05330291e-19 -1.42306953e-18
 -2.58411429e-18 -8.98349976e-20  6.41273754e-19  9.99999445e-10],0.1698880570522448,-0.007549772916553778,-4.2760906771257805e-21,-5.3806422682625884e-27,-4.067697768490415e-26,-0.017206168750139313,[ 6.12013787e-02  7.82022253e-05  1.85099154e-06  2.48653295e-11
 -1.84732681e-10  1.39934827e-03  5.42541966e-06  3.66213322e-02
  8.54269599e-04 -4.17027645e-12  3.15073047e-11 -2.72239840e-04
  6.04781524e-19  2.79073639e-16  9.99154910e-07 -4.27559738e-25
 -7.96267865e-24  3.08196949e-22 -6.30078982e-25  1.05820957e-25
 -4.27570347e-25  9.96636633e-07 -9.72516722e-30  5.89845517e-28
  4.57534276e-24 -7.81944173e-25 -7.96255439e-24 -9.72476164e-30
  9.96636633e-07  4.44109705e-27  4.20809438e-13  2.59176014e-12
  6.10129843e-14 -6.19953984e-23  4.50558186e-22  3.49281102e-02]
8.716344833374023,base_link,0.5464412819706579,-5.485771420691149,3.145191437427143e-22,-1.677056941591441e-21,-3.560782820487151e-22,-0.979853367522433,0.1997182469253818,[ 1.25391912e-03 -2.06933822e-04  9.30977544e-05 -3.76832986e-04
  2.56653857e-03 -2.16287267e-03 -1.16327254e-04  1.78694865e-03
  2.79888027e-03 -8.02168930e-06  5.46439471e-05 -4.59954768e-05
 -3.54695047e-20 -2.60674390e-19  9.99212820e-07 -1.59434362e-16
 -4.29775734e-15 -1.57528935e-23  2.14405215e-20 -6.36929072e-23
 -1.59434358e-16  9.98428114e-07 -8.67878727e-22 -2.18230093e-24
 -1.32137140e-19  1.58818678e-21 -4.29775743e-15 -8.23619135e-22
  9.98428114e-07  2.69247302e-22  4.91723305e-19 -1.60234501e-18
 -2.29078563e-18 -1.17469425e-19  7.99876365e-19  9.99999220e-10],0.16170757536186395,-0.0030592891731181853,1.1652029639154218e-20,-1.6837177148084672e-26,-4.351567933742573e-25,-0.0038460094164389346,[ 6.11518375e-02  7.52676278e-05  1.78115701e-06  3.56779501e-11
 -2.09671179e-10  1.34355593e-03  3.20030376e-05  3.66024971e-02
  8.53567964e-04 -8.79522515e-12  5.32775766e-11 -2.97896349e-04
 -2.76344499e-19 -1.32489505e-16  9.98820158e-07 -3.91106618e-25
 -1.05420726e-23 -4.19475272e-22  6.46234854e-27 -1.61558713e-27
 -3.91077217e-25  9.95313740e-07 -8.43383530e-30  7.68031036e-28
  9.27993250e-24 -2.35875722e-24 -1.05422012e-23 -8.43212759e-30
  9.95313740e-07  1.99826701e-26  3.92266894e-13  2.47547816e-12
  5.82562381e-14 -8.11063016e-24  6.14997966e-24  3.49271163e-02]
8.760697603225708,base_link,0.5411608522273733,-5.493961392150365,-2.7461339724846575e-22,2.751003762512017e-21,8.87570381270611e-22,-0.9776823572444452,0.21008857259009853,[ 1.23943144e-03 -1.78177084e-04  3.97235814e-05 -3.15691948e-04
  2.67578224e-03 -2.31104711e-03 -9.42219631e-05  1.82155473e-03
  2.75763743e-03 -9.85176564e-06  8.35068398e-05 -7.21568224e-05
 -2.35250166e-21 -3.93023288e-19  9.99200094e-07 -7.48917501e-17
 -4.32796402e-15  2.02330099e-23 -7.46447785e-21 -4.03664139e-22
 -7.48917587e-17  9.98402742e-07 -4.45565761e-22  3.49113203e-23
  9.06325254e-20  4.51309742e-21 -4.32796394e-15 -4.52440102e-22
  9.98402742e-07 -3.46369481e-22  6.37028127e-19 -1.51854985e-18
 -2.26160593e-18 -1.16777079e-19  9.89956007e-19  9.99999208e-10],0.15488416091503593,0.001130784549522669,-2.8480680040080623e-20,2.696307091260656e-26,-3.1322629807367426e-25,0.008519251819547356,[ 6.11559663e-02  1.08451117e-04  2.56014127e-06  2.41489831e-11
 -2.28421324e-10  1.43554295e-03  6.69667497e-05  3.65996361e-02
  8.53553209e-04 -5.46131323e-12  5.18624800e-11 -3.26418414e-04
  3.81164826e-20  1.26851654e-17  9.98801099e-07 -1.83211330e-25
 -1.05908411e-23  8.44908873e-22 -8.85341749e-25  2.00332805e-25
 -1.83261558e-25  9.95238558e-07 -3.90862569e-30 -9.39067732e-28
  5.37667398e-24 -1.21492152e-24 -1.05904140e-23 -3.90844058e-30
  9.95238558e-07  1.10189320e-26  3.69044395e-13  2.37870834e-12
  5.59787909e-14 -2.73275063e-23  2.76743387e-22  3.49239710e-02]
8.816380977630615,base_link,0.5215105208703477,-5.504893272517524,-1.471864742974077e-21,-1.4838228754953885e-21,-2.312027051802385e-23,-0.9747556166267913,0.22327446753832794,[ 1.25142661e-03 -2.11064587e-04  1.46709588e-04 -3.65440495e-04
  2.85419194e-03 -2.44456076e-03 -3.99540877e-05  1.94685929e-03
  2.83597158e-03 -6.47450600e-06  5.05771752e-05 -4.33829546e-05
  2.63043435e-21  2.22663786e-19  9.99174444e-07  3.63150502e-17
 -4.30062933e-15  5.74237162e-23 -2.84550131e-20 -1.93063955e-21
  3.63150354e-17  9.98351609e-07  1.31865930e-22  4.91792274e-23
 -1.12231866e-19 -6.14098887e-21 -4.30062929e-15  2.23618873e-22
  9.98351609e-07  2.30866299e-22  7.04907395e-19 -1.48328094e-18
 -1.92620369e-18 -1.57134355e-19  1.22755033e-18  9.99999182e-10],0.16133260278705458,0.002919537005220637,-6.280004168339072e-20,5.180488787295523e-26,4.725071599700459e-25,0.023069493289259953,[ 6.11952312e-02  1.15741510e-04  2.73311745e-06  2.41784994e-11
 -2.22546782e-10  1.48423532e-03  1.50593929e-04  3.66353989e-02
  8.54402622e-04 -5.93782621e-12  5.53169911e-11 -3.77797088e-04
  7.91975806e-20  2.48282297e-17  9.98762687e-07  8.92580909e-26
 -1.05542352e-23  2.30545154e-21  1.13737334e-24 -2.79496574e-25
  8.90901226e-26  9.95087157e-07  1.83526672e-30 -2.42053888e-27
  8.53030007e-25 -2.13257502e-25 -1.05531860e-23  1.83254736e-30
  9.95087157e-07 -2.19436570e-26  3.40638894e-13  2.26363372e-12
  5.32681289e-14  1.91624243e-22 -1.30666572e-21  3.49250184e-02]
8.873549938201904,base_link,0.4930835724104298,-5.5196081186690575,1.4662084557699411e-22,4.297958524367023e-23,1.2615886752572721e-23,-0.971422365342464,0.2373575111776589,[ 1.32012670e-03 -2.18695612e-04  3.98827871e-04 -4.69480987e-04
  2.91352391e-03 -2.54382598e-03  6.06582034e-06  1.96550367e-03
  2.79805672e-03  8.69192542e-06 -5.39174882e-05  4.71494715e-05
  2.42992577e-20  1.75335820e-19  9.99425969e-07  6.98546385e-17
 -3.22479112e-15  3.88369390e-24  2.55698071e-20 -1.13489180e-21
  6.98546358e-17  9.98853253e-07  3.80528269e-22  1.04015402e-23
  3.81164826e-20 -2.35581038e-21 -3.22479108e-15  3.53965173e-22
  9.98853253e-07 -2.08559702e-22  3.87803261e-19 -1.10694788e-18
 -1.92855142e-18 -2.41248447e-19  1.49676868e-18  9.99999434e-10],0.17698278451392624,0.003963587997530333,1.4789841418716205e-21,-9.782077210338226e-29,2.972360912928471e-27,0.037061872309197476,[ 6.13001822e-02  9.96259041e-05  2.35219966e-06  3.82927088e-11
 -1.99607406e-10  1.49892631e-03  1.87050551e-04  3.66325378e-02
  8.54737791e-04 -1.29748956e-11  7.11708026e-11 -4.62812280e-04
  5.65394492e-19  2.05456312e-16  9.99139447e-07  1.70283444e-25
 -7.86418234e-24 -3.10784672e-22 -8.40105310e-26  2.74649813e-26
  1.70298828e-25  9.96575390e-07  3.75951933e-30  1.47337764e-28
 -7.34122794e-24  2.62371351e-24 -7.86430639e-24  3.75934286e-30
  9.96575390e-07 -4.71988851e-27  3.12960297e-13  2.14601947e-12
  5.05196244e-14 -2.91299640e-22  1.77569947e-21  3.49208282e-02]
8.899041652679443,base_link,0.47565388714728646,-5.535310106152564,4.653180738299048e-22,7.728128428096645e-23,-2.738310670511314e-23,-0.9698299158628536,0.24378255535917726,[ 1.35394133e-03 -3.02253873e-04  7.05562286e-04 -6.24389394e-04
  3.21020535e-03 -2.63905484e-03  1.13417278e-04  2.06448603e-03
  2.69828405e-03  4.46220365e-05 -2.29373907e-04  1.88767572e-04
  3.50989278e-20  9.31736242e-20  9.99347044e-07  8.23993410e-17
 -3.79129255e-15 -9.83934409e-23  3.01755487e-20 -4.55280209e-21
  8.23993742e-17  9.98695791e-07  5.19141034e-22 -3.34997463e-23
 -1.70253622e-19  3.10755213e-20 -3.79129266e-15  4.66645150e-22
  9.98695791e-07 -4.99050328e-23  7.21809538e-19 -1.80745643e-18
 -1.60546170e-18 -3.61945941e-19  1.86048904e-18  9.99999354e-10],0.19303080434229722,0.008233897685191196,5.990295176958634e-20,-8.150333675955483e-27,6.450344424833558e-26,0.04318167456230228,[ 6.13690249e-02  5.31382393e-05  1.25841387e-06  4.77426077e-11
 -2.10159431e-10  1.49908933e-03  2.93442979e-04  3.66611481e-02
  8.55344687e-04 -2.07136078e-11  9.76294139e-11 -5.37789455e-04
 -6.52215369e-20 -4.53196508e-17  9.99021205e-07  2.02150064e-25
 -9.31277826e-24 -3.45510897e-21 -4.07774193e-24  1.77068350e-24
  2.02411242e-25  9.96107630e-07  4.64498820e-30  1.74768137e-27
  7.98746279e-24 -3.70938806e-24 -9.31422446e-24  4.64469869e-30
  9.96107630e-07 -1.35082689e-26  3.01818818e-13  2.09927908e-12
  4.94135600e-14 -3.61845429e-24 -2.46898159e-22  3.49201330e-02]
8.97243046760559,base_link,0.447519375293167,-5.602895398913004,2.803174747172908e-22,6.120357617333808e-23,2.881895165202232e-23,-0.9589934908330249,0.2834280941259865,[ 1.38619437e-03 -3.05512920e-04  6.43631714e-04 -5.30822854e-04
  2.56806511e-03 -2.11404124e-03  1.99831673e-04  1.90694525e-03
  2.59161659e-03  3.56949414e-05 -1.72663719e-04  1.42273471e-04
 -4.36751363e-20 -2.04558457e-19  9.99317434e-07  8.19333052e-16
 -4.46732373e-15 -7.61714659e-24  6.72332402e-21 -9.92616735e-22
  8.19333040e-16  9.98636727e-07  5.30803620e-21  4.48629819e-23
  1.46748458e-19 -2.69462356e-20 -4.46732366e-15  5.29491289e-21
  9.98636727e-07 -2.69325455e-22  1.32096591e-18 -1.68571757e-18
 -1.16733158e-18 -5.04236170e-19  2.43887798e-18  9.99999324e-10],0.22587966059161121,0.03993112410346552,4.061034110113888e-21,3.507759245863925e-27,-1.1188506618471909e-26,0.08366768822350501,[ 6.14086316e-02 -1.30962580e-05 -2.99897082e-07  3.19438683e-11
 -1.23974469e-10  1.15267195e-03  3.00768821e-04  3.65736485e-02
  8.53342192e-04 -1.69731223e-11  7.29760312e-11 -4.68994858e-04
  7.30565917e-21 -2.05998413e-17  9.98976848e-07  2.00830110e-24
 -1.09505957e-23 -2.88116476e-22  1.29246971e-25 -7.10858339e-26
  2.00829305e-24  9.95932296e-07  5.18760400e-29 -4.17757564e-27
  2.53324063e-24 -1.48634016e-24 -1.09506435e-23  5.18750928e-29
  9.95932296e-07  1.00230491e-26  2.55958771e-13  1.98019379e-12
  4.66097599e-14  1.09858200e-22 -5.06665787e-22  3.49174107e-02]
9.01445722579956,base_link,0.4261782580624761,-5.644379561938779,-6.131126310568339e-22,9.035050599207524e-22,-8.08448083803804e-23,-0.9515705271105603,0.3074305318840832,[ 1.34903804e-03 -2.87443982e-04  5.67183720e-04 -4.50297517e-04
  1.99435902e-03 -1.62993534e-03  2.17224588e-04  1.60381733e-03
  2.21431578e-03  3.56491636e-05 -1.57885703e-04  1.29187847e-04
 -2.86403015e-20 -1.03549778e-19  9.99079904e-07  1.42167215e-15
 -7.29770965e-15  2.39042235e-23  6.03510975e-21 -1.31025409e-21
  1.42167215e-15  9.98163185e-07  1.13103790e-20 -2.81859532e-23
 -1.46536700e-19  3.30342849e-20 -7.29770960e-15  1.12577553e-20
  9.98163185e-07 -6.60427209e-23  1.28909282e-18 -1.46852228e-18
 -1.24766158e-18 -6.15389390e-19  2.72543082e-18  9.99999086e-10],0.2506115755584027,0.056040520808514176,-7.60038774838565e-20,1.1291504024244583e-25,-3.2096274768876834e-25,0.1067833136706729,[ 6.13050726e-02 -8.89003277e-05 -2.08217287e-06  2.45517562e-11
 -1.04137963e-10  8.58834349e-04  2.30214559e-04  3.64484787e-02
  8.50162392e-04 -1.61063437e-11  6.96818599e-11 -3.92251134e-04
  2.66815378e-19 -1.09179159e-16  9.98621123e-07  3.47315294e-24
 -1.78289232e-23  1.27633894e-21  9.20884666e-25 -6.04229588e-25
  3.47296394e-24  9.94529632e-07  1.08495971e-28 -2.62343333e-27
 -4.78213792e-24  3.20532487e-24 -1.78281193e-23  1.08495426e-28
  9.94529632e-07  7.45281603e-27  2.21945129e-13  1.92182381e-12
  4.52203049e-14  3.01928437e-22 -1.32202602e-21  3.49144781e-02]
9.063486099243164,base_link,0.40027135466550323,-5.681261581904716,1.8368597450879397e-21,-2.115975543706726e-22,-8.869632877972613e-23,-0.9436334117673375,0.3309924231705832,[ 1.42956467e-03 -2.87263421e-04  5.77630249e-04 -4.52511974e-04
  1.81101284e-03 -1.37740743e-03  2.24598974e-04  1.44914939e-03
  2.07916872e-03  3.72040629e-05 -1.48867554e-04  1.13349138e-04
 -4.81749989e-21 -1.69406589e-20  9.99231406e-07  1.51284439e-15
 -6.65566993e-15 -2.34834593e-23  2.31345874e-20 -4.11605073e-21
  1.51284440e-15  9.98465169e-07  1.31027340e-20 -1.66249798e-24
 -1.00373404e-19  2.25522522e-20 -6.65566997e-15  1.31097486e-20
  9.98465169e-07  2.80323790e-23  1.64701979e-18 -1.64042437e-18
 -1.11893865e-18 -6.54740130e-19  2.61960720e-18  9.99999238e-10],0.27228102985357083,0.06531625012544182,-4.260849868465526e-20,1.9757160735443956e-26,1.1239441813182014e-25,0.1268623601345699,[ 6.13285032e-02 -1.69321895e-04 -3.97525294e-06  2.86131000e-11
 -8.86423202e-11  6.95192303e-04  1.63123012e-04  3.64017487e-02
  8.49327301e-04 -1.86980173e-11  6.49557758e-11 -3.54683015e-04
  3.30342849e-20 -7.15573434e-18  9.98847993e-07  3.70849677e-24
 -1.63159826e-23  9.74745388e-22  2.90805684e-25 -1.90639282e-25
  3.70836975e-24  9.95423532e-07  1.26767831e-28 -6.96023738e-28
  5.16987883e-25 -3.74816215e-25 -1.63155429e-23  1.26766997e-28
  9.95423532e-07 -4.04673665e-27  1.81979865e-13  1.86130972e-12
  4.38068882e-14  6.56951970e-22 -2.63394388e-21  3.49131300e-02]
9.125392198562622,base_link,0.37005786012679354,-5.727867116298477,-4.235086453553655e-22,2.0943486781845883e-22,9.847848853720905e-23,-0.9322637826119977,0.3617792692097901,[ 1.43642677e-03 -2.97538994e-04  5.42746965e-04 -4.48362470e-04
  1.73996696e-03 -1.24633663e-03  2.41999049e-04  1.33589230e-03
  1.85902394e-03  3.14122869e-05 -1.21904916e-04  8.73461953e-05
 -6.15422376e-21 -6.14098887e-20  9.99258491e-07  1.74564506e-15
 -7.03572011e-15 -2.52399213e-24 -3.38813179e-21  3.60650747e-22
  1.74564506e-15  9.98519174e-07  1.65544162e-20  6.43584519e-24
 -1.05879118e-20  1.03232140e-21 -7.03572010e-15  1.65305809e-20
  9.98519174e-07 -9.13369350e-23  2.32804617e-18 -1.83359193e-18
 -7.98243611e-19 -7.87807206e-19  3.05759841e-18  9.99999265e-10],0.29596418536252933,0.0752580372492168,-1.0154914872888352e-21,3.351936574203619e-27,-7.022674337836939e-27,0.15131186792044266,[ 6.12853614e-02 -2.21100636e-04 -5.19187061e-06  2.08232960e-11
 -8.99887399e-11  5.96340324e-04  1.41791068e-04  3.63650322e-02
  8.48575485e-04 -1.46888398e-11  6.16047547e-11 -3.44884443e-04
  8.23316025e-19 -1.34549490e-16  9.98888559e-07  4.25243598e-24
 -1.71407971e-23 -5.01242598e-23 -1.18584096e-24  8.36874135e-25
  4.25243593e-24  9.95583566e-07  1.58508362e-28 -4.02222136e-28
  1.93870456e-24 -1.33124380e-24 -1.71408099e-23  1.58508264e-28
  9.95583566e-07  7.89452498e-28  1.30369023e-13  1.79679882e-12
  4.22899450e-14 -1.53602484e-22  4.37017924e-22  3.49091569e-02]
9.214703798294067,base_link,0.33279289506676785,-5.79995599475456,8.62217684730662e-22,-1.764918153351778e-22,-2.4695364123450774e-22,-0.9135859536914641,0.4066456752722915,[ 1.45392935e-03 -2.51441437e-04  4.76172376e-04 -3.38680842e-04
  1.39708996e-03 -8.94733787e-04  2.51276884e-04  1.09316848e-03
  1.88137268e-03  3.03588061e-05 -1.25222243e-04  8.02925162e-05
 -7.34536384e-21 -5.70688448e-20  9.99117930e-07  2.53417532e-15
 -9.19448162e-15 -1.25077930e-23 -1.51671837e-20  3.77856104e-21
  2.53417533e-15  9.98238964e-07  2.64528784e-20 -2.38624194e-23
  2.14934610e-20 -6.22039821e-21 -9.19448165e-15  2.64306388e-20
  9.98238964e-07  3.95489710e-23  2.73596946e-18 -1.49294644e-18
 -6.98486591e-19 -6.88479217e-19  2.83960433e-18  9.99999124e-10],0.3263267905050446,0.09010278623456004,3.0041712411630605e-22,-1.6013772971112917e-26,-1.9283671086246979e-26,0.18475262519369934,[ 6.11788177e-02 -3.06731090e-04 -7.22762637e-06  1.20219222e-11
 -3.98136982e-11  3.82361185e-04  3.64035368e-05  3.63059044e-02
  8.46926901e-04 -1.39406996e-11  5.22769549e-11 -2.70741604e-04
 -1.21972744e-19  1.43114687e-17  9.98678060e-07  6.18328492e-24
 -2.24356218e-23 -8.19390516e-23 -2.35875722e-25  2.71418638e-25
  6.18332114e-24  9.94753724e-07  2.53604883e-28  7.14949127e-28
  1.12444865e-24 -1.47987781e-24 -2.24356582e-23  2.53605522e-28
  9.94753724e-07  8.46487349e-28  4.15096560e-14  1.74776166e-12
  4.11303558e-14  6.52462163e-23  1.33313061e-22  3.49187705e-02]
9.261162042617798,base_link,0.3204360607995871,-5.81927915275665,1.306321776920803e-21,1.0378853988024698e-22,2.165321306262528e-22,-0.902814767685677,0.43002964461610893,[ 1.50368921e-03 -2.19382113e-04  3.37479558e-04 -2.93380407e-04
  1.20365919e-03 -7.65243732e-04  1.84892677e-04  9.90579647e-04
  1.69986653e-03  1.56396555e-05 -6.41633924e-05  4.08135437e-05
 -5.79357301e-21  1.64536150e-19  9.99203399e-07  2.34408595e-15
 -8.47955465e-15 -4.51127951e-23 -2.77932686e-21  2.68006518e-22
  2.34408597e-15  9.98409330e-07  2.49340995e-20  1.14478115e-23
 -2.97520323e-20  3.08372932e-21 -8.47955472e-15  2.49466420e-20
  9.98409330e-07 -1.41897077e-23  2.69260235e-18 -1.25433275e-18
 -8.20690666e-19 -5.90787684e-19  2.42358592e-18  9.99999210e-10],0.3203049566304419,0.0903739509600938,7.887627010012537e-20,2.286205076929645e-26,-4.3288387254852466e-26,0.20084917541611375,[ 6.10951353e-02 -3.30282375e-04 -7.77358251e-06  1.15926473e-11
 -4.23151997e-11  3.24231778e-04 -5.45363873e-05  3.63123417e-02
  8.47240340e-04 -1.03936761e-11  3.92584650e-11 -2.36680139e-04
 -1.11808349e-18  1.22081165e-16  9.98806048e-07  5.73992925e-24
 -2.07648481e-23 -1.69892242e-21 -5.25065819e-25  4.71751443e-25
  5.74017318e-24  9.95258081e-07  2.41040257e-28 -5.10106960e-28
  7.43170082e-25 -6.91471293e-25 -2.07659102e-23  2.41040081e-28
  9.95258081e-07  9.69437199e-28  1.53523028e-15  1.72242082e-12
  4.05397211e-14  5.04582712e-22 -1.97485918e-21  3.49165429e-02]
9.32609248161316,base_link,0.28177486779779415,-5.830846829365178,5.6457016538699296e-24,1.787183985174102e-23,-8.540007411398037e-25,-0.895169893529339,0.4457250965771077,[ 1.44854712e-03 -1.04505685e-04  2.24140474e-04 -1.26977488e-04
  1.06872927e-03 -6.40515702e-04  1.37220137e-04  8.48190830e-04
  1.99704753e-03  7.58140424e-06 -6.38270968e-05  3.82950491e-05
  8.00710833e-22 -1.68347798e-20  9.99293733e-07  1.79142854e-15
 -7.31956028e-15  1.32255543e-24 -8.36445035e-21  2.03817303e-21
  1.79142854e-15  9.98589455e-07  1.85642892e-20  9.81372179e-25
  2.93285158e-20 -4.80426500e-21 -7.31956028e-15  1.85662765e-20
  9.98589455e-07  1.77910038e-24  2.94296841e-18 -1.06580588e-18
 -1.36760576e-18 -2.50998135e-19  2.11329876e-18  9.99999301e-10],0.31491797874256056,0.07121810152806113,4.262511566065613e-22,-1.1028801401876567e-28,3.0495976304838398e-27,0.20045683153975424,[ 6.09459300e-02 -3.07088718e-04 -7.22154483e-06  2.56631437e-12
 -3.65601688e-11  2.50515381e-04 -1.46565959e-04  3.62653732e-02
  8.46338985e-04 -3.93758544e-12  4.30251414e-11 -2.12227082e-04
  7.23366137e-19 -8.47846099e-17  9.98941345e-07  4.37096142e-24
 -1.78615109e-23  7.87399935e-23 -7.27014210e-27  1.13091099e-26
  4.37095518e-24  9.95792008e-07  1.78165340e-28 -8.13472289e-30
 -1.45402842e-24  1.71252236e-24 -1.78614615e-23  1.78165345e-28
  9.95792008e-07  1.10839558e-28 -4.74394829e-14  1.68452752e-12
  3.96531875e-14 -8.27271238e-23  2.38899678e-22  3.49127968e-02]
9.349058389663696,base_link,0.272943291447376,-5.833297848598013,1.1124323622319866e-22,-3.1107567155828695e-23,-2.976205468615013e-23,-0.8934696783853019,0.44912351731574385,[ 1.51168054e-03 -1.19678356e-04  3.48827211e-04 -1.82300998e-04
  1.07743104e-03 -8.03350058e-04  1.49999600e-04  9.81999823e-04
  2.25787390e-03  1.14436027e-05 -6.76147255e-05  5.04581256e-05
 -4.87705689e-21 -9.55029648e-20  9.99275340e-07  1.67845113e-15
 -7.49560977e-15  1.78561257e-23 -1.11173074e-20  1.15805286e-21
  1.67845112e-15  9.98552775e-07  1.73562520e-20  3.76907645e-24
  7.97269762e-20 -1.20172799e-20 -7.49560974e-15  1.73582890e-20
  9.98552775e-07 -1.32797253e-23  2.54640252e-18 -1.11855224e-18
 -1.55115420e-18 -3.52600302e-19  2.08292170e-18  9.99999282e-10],0.3078821824592475,0.06629425211404111,8.458489440314649e-21,-2.640769703086757e-27,-1.401274931275385e-26,0.1976343656802332,[ 6.10704264e-02 -2.89967284e-04 -6.81845467e-06  9.67388437e-12
 -3.69450659e-11  3.05265501e-04 -1.04211271e-04  3.63106728e-02
  8.47412505e-04 -9.61553682e-12  4.19559173e-11 -2.67995474e-04
  5.75982404e-19 -7.16657636e-17  9.98913796e-07  4.11149811e-24
 -1.83628539e-23  7.27417646e-22  3.23117427e-26 -3.23117427e-26
  4.11143686e-24  9.95683242e-07  1.67775863e-28 -2.28710129e-28
 -2.75942282e-24  3.13423904e-24 -1.83625527e-23  1.67775659e-28
  9.95683242e-07 -1.31266496e-27 -6.10832457e-14  1.67053177e-12
  3.93225503e-14  2.74784161e-22 -1.38080642e-21  3.49117138e-02]
9.422296285629272,base_link,0.24541162889307927,-5.854919942421222,6.242539899040723e-22,-1.2596792608506568e-22,-7.503574460888614e-23,-0.8777593059644041,0.4791018689098254,[ 1.78715691e-03 -1.26721628e-04  2.09690447e-04 -1.68062669e-04
  1.25914887e-03 -7.45209285e-04  9.83242062e-05  1.00414101e-03
  2.55919714e-03  3.81813521e-06 -2.86047349e-05  1.69445760e-05
  2.06199583e-20 -1.39125162e-19  9.99389366e-07  1.21780732e-15
 -5.97197906e-15 -3.82032744e-23 -9.05266462e-21  5.51729469e-22
  1.21780733e-15  9.98780222e-07  1.19115674e-20 -8.50383034e-25
  1.06726151e-19 -7.04096137e-21 -5.97197913e-15  1.19152491e-20
  9.98780222e-07  2.27173089e-23  2.91215428e-18 -1.02041879e-18
 -1.45945776e-18 -2.40601312e-19  1.80249587e-18  9.99999397e-10],0.2991911685953774,0.05705980566214471,1.6017992398329446e-20,2.221603209946125e-27,-1.2917388190998809e-26,0.21376123955626475,[ 6.11433182e-02 -3.55208293e-04 -8.38548316e-06  5.18550408e-12
 -3.57949507e-11  2.80998558e-04 -2.02277675e-04  3.64203453e-02
  8.50084197e-04 -5.26611374e-12  3.71124740e-11 -2.41747142e-04
 -1.76521666e-18  1.78784938e-16  9.99084608e-07  3.00195496e-24
 -1.47219754e-23 -6.90364622e-22  7.99715631e-26 -8.15871503e-26
  3.00199894e-24  9.96358405e-07  1.16357605e-28 -1.01585649e-28
 -2.64310055e-24  2.74649813e-24 -1.47223198e-23  1.16357592e-28
  9.96358405e-07  5.84068581e-28 -1.02839070e-13  1.64892405e-12
  3.88251439e-14  6.57238356e-22 -4.93399992e-21  3.49214065e-02]
9.445428609848022,base_link,0.23000422348774954,-5.854733767932597,-1.4903056588252074e-21,-3.511053290673082e-22,-2.2931380444072996e-22,-0.8779696268830198,0.47871634009180314,[ 1.67527061e-03 -1.16191281e-04  2.07153590e-04 -1.64413886e-04
  1.27090586e-03 -8.62472051e-04  7.72951171e-05  1.03764099e-03
  2.61630298e-03  2.41324157e-06 -1.86540628e-05  1.26678055e-05
  1.55509955e-20 -2.38439775e-19  9.99280545e-07  1.32789542e-15
 -7.07111800e-15 -5.31405636e-23  5.04249301e-21 -1.52614823e-22
  1.32789543e-15  9.98563157e-07  1.30459273e-20  3.55943599e-24
 -3.29284058e-20  1.00585162e-21 -7.07111807e-15  1.30426746e-20
  9.98563157e-07 -4.46014800e-23  3.03811031e-18 -1.14787316e-18
 -1.65860986e-18 -2.59291927e-19  2.00428443e-18  9.99999288e-10],0.2941804370581553,0.04724817200788363,-6.359415750076575e-20,-3.510108796577763e-27,-2.004273053544059e-26,0.20553795195955812,[ 6.11077090e-02 -2.84925103e-04 -6.72236715e-06  6.17543555e-12
 -4.72460668e-11  3.18259011e-04 -1.54586509e-04  3.63993645e-02
  8.49462587e-04 -6.38569750e-12  4.89740071e-11 -2.84091929e-04
  5.47183284e-19 -6.90636784e-17  9.98921593e-07  3.25696549e-24
 -1.73449834e-23 -1.59864702e-21 -4.83868347e-25  5.00832012e-25
  3.25706947e-24  9.95714040e-07  1.26420293e-28 -1.09962922e-28
  8.98266446e-25 -9.24115841e-25 -1.73458426e-23  1.26420194e-28
  9.95714040e-07 -6.23677071e-28 -1.19031900e-13  1.64981223e-12
  3.88405384e-14  1.87305227e-22 -1.42386168e-21  3.49201328e-02]
9.517618656158447,base_link,0.18929914609503723,-5.865445402826273,2.846274441065865e-22,-2.046372442153587e-22,-1.2372427257892598e-22,-0.8721297028492774,0.4892747504296856,[ 1.47882884e-03 -7.20477547e-05 -7.21955784e-06 -7.95961520e-05
  1.25757962e-03 -6.22558423e-04  7.37395021e-06  8.43956019e-04
  2.75610058e-03 -2.72023662e-06  4.30803483e-05 -2.13906994e-05
 -9.42324154e-21  5.48453833e-20  9.98938359e-07  1.06794521e-15
 -9.97532351e-15  1.13081919e-23 -2.31610572e-21  8.65230921e-22
  1.06794521e-15  9.97881211e-07  1.00308575e-20  1.85740316e-24
 -3.62106585e-20 -6.69685424e-21 -9.97532350e-15  1.00273652e-20
  9.97881211e-07 -5.68346270e-23  2.85808159e-18 -1.06237717e-18
 -2.77720669e-18 -1.37769744e-19  2.18085005e-18  9.99998945e-10],0.28509921464447074,0.025831333392037865,6.221556703724601e-21,-1.9150099206464594e-27,7.089078602999795e-27,0.1966120585880779,[ 6.08006225e-02 -2.32146122e-04 -5.46763116e-06 -7.88192336e-13
 -6.78623478e-11  2.37019755e-04 -1.85611658e-04  3.63268852e-02
  8.47338242e-04  2.12574375e-12  4.64723952e-11 -2.05449689e-04
  1.10114283e-19 -1.70219741e-17  9.98409225e-07  2.59878572e-24
 -2.42779149e-23  4.48576420e-22 -6.46234854e-27  1.77714585e-26
  2.59874387e-24  9.93696877e-07  9.59322493e-29 -1.28708832e-28
  2.24889729e-24 -1.53803895e-24 -2.42774285e-23  9.59321565e-29
  9.93696877e-07  4.82522356e-28 -1.47183969e-13  1.63431768e-12
  3.84575469e-14 -2.57963360e-22  3.69108196e-22  3.49195658e-02]
9.559490442276001,base_link,0.17311944450028838,-5.875926129257539,-3.8452439939126064e-23,1.5968033554040763e-23,4.395062767767208e-24,-0.8673909720872414,0.49762727170197424,[ 1.55468017e-03 -1.19953183e-05 -5.27535932e-05 -1.75904339e-05
  1.50184884e-03 -8.00447543e-04 -4.17085830e-05  9.83435180e-04
  2.87765510e-03 -4.91844929e-07  4.19929155e-05 -2.23856838e-05
 -1.29701920e-20  1.08843734e-19  9.99193858e-07  5.39727635e-16
 -7.46948266e-15  4.51598226e-24  8.60267837e-23  2.58493941e-24
  5.39727634e-16  9.98390309e-07  5.00830384e-21 -3.91051650e-24
  5.92923063e-20  2.11758237e-21 -7.46948265e-15  5.00061279e-21
  9.98390309e-07 -1.66270607e-23  2.43355874e-18 -9.80662114e-19
 -3.07918441e-18 -2.69555851e-20  2.30127521e-18  9.99999201e-10],0.2797327270681348,0.019499227092665525,-9.129884463013818e-22,-5.762643967573106e-28,7.440258263864648e-27,0.19489911648220842,[ 6.09531513e-02 -1.67280436e-04 -3.93765409e-06  8.60328538e-13
 -7.03602643e-11  2.95328769e-04 -2.02259049e-04  3.63702774e-02
  8.48749858e-04 -7.90745903e-13  6.47697710e-11 -2.68960558e-04
  1.72794721e-19 -3.72965547e-17  9.98791760e-07  1.31889712e-24
 -1.82574230e-23  6.80205350e-23  2.82727748e-27 -2.52435490e-27
  1.31890172e-24  9.95201722e-07  4.81383140e-29  1.55121473e-28
 -1.15029804e-24  1.04690046e-24 -1.82574451e-23  4.81384057e-29
  9.95201722e-07 -2.23422294e-27 -1.52458314e-13  1.60641639e-12
  3.78152067e-14  6.37016839e-24 -5.40466466e-22  3.49163272e-02]
9.617711305618286,base_link,0.1478862977807142,-5.9020183180112635,6.347956243970437e-22,-1.0511725042855905e-23,-6.0057494148365944e-24,-0.8646266973487753,0.502414842766164,[ 1.43367297e-03 -3.27351154e-05  2.07612732e-05 -6.12541311e-05
  1.41016273e-03 -5.96061576e-04 -4.75475390e-05  7.89314436e-04
  2.47949745e-03 -1.88166967e-06  4.32820623e-05 -1.83133165e-05
  2.44514589e-21 -1.08631975e-19  9.99071797e-07  3.59925249e-16
 -8.59718882e-15  1.10305334e-23  2.38228016e-22  7.85821582e-24
  3.59925248e-16  9.98147029e-07  3.33449655e-21 -3.35221814e-25
  5.46336251e-20  4.26163452e-21 -8.59718879e-15  3.33261796e-21
  9.98147029e-07 -1.05821100e-23  2.64433140e-18 -1.09230870e-18
 -3.11565246e-18 -1.01615274e-19  2.33541177e-18  9.99999079e-10],0.2856990447019809,0.012987691573315608,-8.622079044097678e-21,1.0553800446633257e-28,-8.061397905092612e-27,0.18394040033868997,[ 6.06757359e-02 -1.92145817e-04 -4.51684051e-06  6.21324705e-12
 -6.20277800e-11  2.16681587e-04 -2.11072154e-04  3.63075733e-02
  8.47222974e-04 -5.87114069e-12  5.41514001e-11 -2.04713422e-04
 -4.65868121e-19  8.74951153e-17  9.98608984e-07  8.76268369e-25
 -2.09397241e-23  7.62978745e-22 -5.65455497e-27  4.84676140e-27
  8.76243714e-25  9.94481835e-07  3.18919014e-29  3.72650797e-29
 -2.00332805e-24  1.75129645e-24 -2.09390097e-23  3.18918563e-29
  9.94481835e-07 -2.42642291e-27 -1.52464901e-13  1.56698959e-12
  3.68796886e-14  3.69104338e-23  1.55068400e-22  3.49111767e-02]
9.673233985900879,base_link,0.1334104713359254,-5.934744527891998,-2.616008579716571e-22,-9.374008733280155e-23,-5.2930793377980916e-23,-0.8598001554570317,0.5106306812913459,[ 1.65866758e-03  2.32178718e-05 -1.99426329e-04  2.69007500e-05
  1.27417010e-03 -5.41267619e-04 -1.43191370e-04  7.73060761e-04
  2.75349000e-03  1.98552117e-06  9.40162015e-05 -3.99664637e-05
  9.67735142e-20 -3.77776694e-19  9.99447676e-07  2.32226523e-16
 -5.24344205e-15 -1.75416064e-23 -1.64112634e-21 -1.85702048e-22
  2.32226522e-16  9.98896571e-07  2.20700443e-21 -1.01114038e-24
 -8.00446135e-20 -1.45451439e-20 -5.24344206e-15  2.20568966e-21
  9.98896571e-07 -2.13968545e-23  2.17214072e-18 -6.01373747e-19
 -2.72229289e-18  3.37306562e-20  1.59688835e-18  9.99999456e-10],0.2926071060701077,0.015011109728641387,7.053344181941158e-21,3.4942652923202567e-28,2.086626109362922e-26,0.1790575104083153,[ 6.06858867e-02 -2.01676041e-04 -4.75127680e-06 -1.38177198e-12
 -4.69174231e-11  2.04575808e-04 -3.37985344e-04  3.63903046e-02
  8.49720802e-04  1.14950750e-12  3.47075585e-11 -1.81645655e-04
 -2.54109884e-19  4.52112306e-17  9.99171971e-07  5.70476715e-25
 -1.28864406e-23 -6.70605670e-22  1.63982094e-25 -1.36315164e-25
  5.70471484e-25  9.96704218e-07  2.14093407e-29  4.08456169e-29
  5.76441489e-24 -4.26515003e-24 -1.28868148e-23  2.14093534e-29
  9.96704218e-07  1.20653306e-27 -1.47009466e-13  1.53128898e-12
  3.60603364e-14 -2.40744506e-23 -1.19545680e-21  3.49118601e-02]
9.72074580192566,base_link,0.12469597050490984,-5.967163749618409,1.361944149094921e-22,1.7715309966945333e-23,1.1305730340126096e-23,-0.8501245088365738,0.5265817310497719,[ 1.66895206e-03  9.24597261e-05 -4.00115105e-04  1.40227820e-04
  1.26293089e-03 -7.64088179e-04 -1.84866658e-04  9.76503739e-04
  2.86394287e-03  1.18585455e-05  1.06768865e-04 -6.46252744e-05
  9.17442561e-20 -2.35475159e-19  9.99418373e-07  2.92930184e-16
 -5.59669501e-15  1.45515936e-23  3.18166751e-20  3.07876624e-21
  2.92930186e-16  9.98838097e-07  2.81923392e-21 -3.10804344e-25
  1.23349173e-19  1.79597455e-20 -5.59669499e-15  2.81708340e-21
  9.98838097e-07  8.92444866e-24  1.93197958e-18 -4.90530511e-19
 -3.17550211e-18  1.85994121e-19  1.67403983e-18  9.99999426e-10],0.3005074389026166,0.019946811533568053,-1.3559629534523238e-20,7.985141286176067e-29,7.823584738194963e-28,0.18698064331695274,[ 6.08959683e-02 -9.28258523e-05 -2.18828291e-06 -8.84294279e-12
 -5.37701662e-11  2.82531968e-04 -3.13622411e-04  3.64134312e-02
  8.50271312e-04  7.91519305e-12  4.48890250e-11 -2.56602610e-04
  2.12605270e-19 -8.25077853e-17  9.99128066e-07  7.17056008e-25
 -1.37078978e-23  4.88556433e-22 -1.19230330e-24  1.06628751e-24
  7.17076660e-25  9.96530356e-07  2.72065679e-29  2.49563081e-29
 -3.08254025e-24  2.57847707e-24 -1.37076804e-23  2.72065751e-29
  9.96530356e-07  1.01379203e-28 -1.44463488e-13  1.51180457e-12
  3.56000161e-14 -1.02153042e-22 -2.24145148e-22  3.49106964e-02]
9.775185823440552,base_link,0.122275293333575,-5.98850580350192,1.1934282820242756e-21,2.927473272057374e-22,-3.427684442894755e-23,-0.8302392344846028,0.5574072241390676,[ 1.61463371e-03  1.48633844e-04 -3.79791986e-04  2.10900682e-04
  1.64193046e-03 -1.09079505e-03 -1.81404524e-04  1.19497618e-03
  2.74131018e-03  9.76015089e-06  7.59876689e-05 -5.04670802e-05
  9.57147230e-20 -2.78144444e-19  9.99368690e-07  4.28756446e-16
 -6.24803525e-15 -4.64416975e-23 -2.46698346e-20 -7.14684049e-22
  4.28756440e-16  9.98738972e-07  4.26090023e-21 -1.16507452e-23
 -2.12181753e-19 -5.56527116e-21 -6.24803532e-15  4.24602228e-21
  9.98738972e-07 -1.36630753e-23  2.38924523e-18 -7.33683354e-19
 -2.74808701e-18  2.91827272e-19  2.27176695e-18  9.99999376e-10],0.28876451640621553,0.0247412936397225,5.1676639604128465e-20,2.7759517545034245e-27,-2.5047199623355805e-25,0.21311648367280284,[ 6.11146271e-02  6.51978189e-06  1.51929159e-07 -8.00414495e-12
 -5.77203133e-11  3.55128914e-04 -2.49419449e-04  3.64067554e-02
  8.50089074e-04  9.24572268e-12  6.75564306e-11 -3.77180872e-04
  2.21287357e-20  1.25767452e-16  9.99053632e-07  1.05318323e-24
 -1.53501030e-23 -1.03644325e-21  5.54146387e-25 -6.39772505e-25
  1.05312244e-24  9.96235855e-07  4.12006646e-29 -4.96196500e-29
  4.29099943e-24 -5.02770716e-24 -1.53504406e-23  4.12003814e-29
  9.96235855e-07  4.41469030e-27 -1.44908874e-13  1.50188195e-12
  3.53646560e-14 -3.32510193e-22 -2.50345333e-21  3.49109233e-02]
9.822914838790894,base_link,0.07987973058736655,-5.994194650568583,4.9814816606457836e-23,-4.580499350871422e-22,-2.91029522916131e-22,-0.825789510660758,0.5639784429237219,[ 1.38859800e-03  1.30610541e-04 -2.95541318e-04  1.75246767e-04
  1.90849625e-03 -1.11900770e-03 -1.53910019e-04  1.18079543e-03
  2.03016270e-03  9.40321317e-06  1.02409138e-04 -6.00737615e-05
 -2.54109884e-20  6.29980755e-20  9.99313575e-07  1.68148608e-16
 -6.47294356e-15  1.21733061e-23  1.61465656e-21  1.58818678e-22
  1.68148610e-16  9.98629031e-07  1.59293522e-21 -4.28314097e-24
 -2.60462631e-20 -2.34257549e-21 -6.47294355e-15  1.60517047e-21
  9.98629031e-07 -1.24894213e-22  2.42514218e-18 -8.10464223e-19
 -2.00656833e-18  2.65104825e-19  2.88747556e-18  9.99999320e-10],0.2854172768035044,-0.0010194392970467306,1.5578136696142095e-20,4.505216899814272e-27,1.3335973090622422e-25,0.20655480951946412,[ 6.10328788e-02  5.68800606e-05  1.33689952e-06 -5.78716619e-12
 -6.96411730e-11  3.33965602e-04 -1.63290184e-04  3.63233089e-02
  8.48102946e-04  6.95339049e-12  8.35867698e-11 -3.97928733e-04
  9.82558219e-20  6.22332047e-17  9.98971068e-07  4.11760389e-25
 -1.58660234e-23  8.84750318e-22 -1.92254869e-25  2.31028960e-25
  4.11817864e-25  9.95909459e-07  1.53254837e-29  3.08614970e-28
 -3.61891518e-25  4.39439700e-25 -1.58652439e-23  1.53251655e-29
  9.95909459e-07  8.90786983e-27 -1.47347886e-13  1.49383977e-12
  3.51730502e-14 -9.60915528e-23 -1.30359367e-21  3.49092966e-02]
9.879687786102295,base_link,0.05754753917278876,-6.006204576648867,-1.5404815467692254e-23,5.30564989453678e-23,3.5596970165466714e-23,-0.8196919279172165,0.5728046292649499,[ 1.30835001e-03  6.46206317e-05 -2.37194784e-04  8.01113148e-05
  2.23480368e-03 -1.24824596e-03 -1.36849354e-04  1.25945860e-03
  2.16612357e-03  4.58664940e-06  1.27965817e-04 -7.15191003e-05
 -1.43730903e-19  3.33625102e-19  9.99533370e-07 -1.44660007e-16
 -4.28169495e-15  6.51203647e-24 -6.51156578e-21 -8.80120172e-22
 -1.44660007e-16  9.99067610e-07 -1.32833563e-21  5.39610832e-25
 -1.18161096e-19 -1.36319365e-20 -4.28169493e-15 -1.32917788e-21
  9.99067610e-07  2.81910051e-23  1.32200047e-18 -4.65346790e-19
 -1.66137924e-18  1.05220353e-19  2.93569939e-18  9.99999541e-10],0.27366769077162983,-0.012049251055300487,4.9750182562696396e-21,3.4838439460853983e-29,-1.1473435560205436e-26,0.2006295076699608,[ 6.10721748e-02  8.69911164e-05  2.05055981e-06 -2.35767664e-12
 -7.14180271e-11  3.45628648e-04 -6.97611831e-05  3.63082886e-02
  8.48050873e-04  2.73221048e-12  8.50748390e-11 -4.47867907e-04
 -5.84876250e-19 -2.41993925e-16  9.99300381e-07 -3.55724735e-25
 -1.05180586e-23  5.77778590e-22  2.46780935e-25 -2.85555026e-25
 -3.55715353e-25  9.97213188e-07 -1.28949443e-29  5.48233510e-30
  2.05502683e-24 -2.44276775e-24 -1.05178726e-23 -1.28949181e-29
  9.97213188e-07 -1.45716216e-27 -1.41122763e-13  1.47220430e-12
  3.46763854e-14 -7.28130272e-24 -4.80746449e-22  3.49116297e-02]
9.90274453163147,base_link,0.050100512976449095,-6.014294964774085,5.383274085788978e-22,2.0284931199058362e-22,1.2469827376463537e-22,-0.8189040020651192,0.5739305144368361,[ 1.18606869e-03  2.72083271e-05 -2.72435327e-05  1.84711728e-05
  2.14940932e-03 -9.51525771e-04 -4.98882437e-05  1.04673000e-03
  1.74678478e-03 -5.43268967e-08 -6.67313634e-06  2.99604117e-06
  1.53789419e-20 -1.53312963e-19  9.99278189e-07 -3.18748257e-16
 -6.48060868e-15  1.26943690e-22 -4.24178218e-21 -4.40887266e-22
 -3.18748256e-16  9.98558458e-07 -2.87067769e-21  3.93205111e-24
  2.07734830e-19 -1.32745945e-20 -6.48060840e-15 -2.86307612e-21
  9.98558458e-07  6.57408432e-23  1.76848609e-18 -6.65306847e-19
 -1.34810911e-18  2.96406612e-20  3.46847890e-18  9.99999285e-10],0.2719183883040725,-0.01474320571816242,2.5263265168282525e-20,2.605339061173056e-27,-5.300771999005343e-28,0.19498693194546138,[ 6.08292786e-02  2.61230525e-07  4.82853856e-09  1.85486635e-12
 -5.21825206e-11  2.22919633e-04 -5.90049503e-05  3.62386703e-02
  8.46100169e-04 -1.99358423e-12  1.06406387e-10 -3.53388865e-04
 -1.38139162e-22 -1.50704102e-17  9.98918064e-07 -7.83637150e-25
 -1.59295909e-23  2.54207873e-21 -6.54312789e-26  7.06819371e-26
 -7.83587630e-25  9.95700120e-07 -2.78246118e-29  2.09590311e-28
 -6.13923111e-25  1.25369562e-24 -1.59274436e-23 -2.78244312e-29
  9.95700120e-07 -3.74263333e-29 -1.34362773e-13  1.47294676e-12
  3.46814107e-14 -5.74395887e-23 -5.87720770e-21  3.49105972e-02]
9.964185953140259,base_link,0.039833577766499956,-6.020145393534539,-4.596856406007328e-22,-1.7682112279199192e-23,-1.2170105086869218e-23,-0.8183493296167261,0.5747211277792517,[ 1.30899530e-03  2.59169610e-06 -4.15121230e-05 -8.99016157e-06
  2.61821082e-03 -1.23301410e-03 -3.37910606e-05  1.26051756e-03
  1.48533783e-03 -1.57379038e-07  4.57168502e-05 -2.15421644e-05
 -2.54639280e-20  4.78044220e-20  9.99506209e-07 -3.21669031e-16
 -4.20037550e-15 -9.32151833e-23  5.70423750e-21  1.11863253e-23
 -3.21669030e-16  9.99013393e-07 -2.73579559e-21 -2.12190772e-25
 -2.72321093e-19 -9.13207396e-21 -4.20037570e-15 -2.73641627e-21
  9.99013393e-07 -2.33166499e-23  1.92933353e-18 -8.66719019e-19
 -9.35406961e-19 -1.14416405e-20  3.31981981e-18  9.99999514e-10],0.24752394978419945,-0.019392978818099132,-8.449543861160451e-21,3.9690074660473187e-29,1.5579241474839141e-26,0.17794669640909583,[ 6.10898215e-02  1.28340325e-05  3.00914238e-07  7.72698001e-13
 -7.13367691e-11  2.93351909e-04 -1.66311511e-05  3.63035202e-02
  8.47949655e-04 -1.24303109e-12  1.06515311e-10 -4.53102773e-04
  4.99220043e-20  1.40729442e-16  9.99259679e-07 -7.92073250e-25
 -1.03390764e-23 -1.57551024e-21 -9.68342538e-26  1.55702210e-25
 -7.92074100e-25  9.97051783e-07 -2.66644760e-29  1.31815337e-29
  2.95975563e-24 -4.42024640e-24 -1.03397356e-23 -2.66644728e-29
  9.97051783e-07  4.90965800e-27 -1.18338638e-13  1.45494727e-12
  3.42712967e-14  2.42555913e-23 -2.32001928e-21  3.49135043e-02]
10.01256775856018,base_link,0.040671783174786424,-6.023728416203652,3.3519254590721957e-22,5.250234997348372e-22,4.2932462675595255e-22,-0.8139446731638483,0.5809423973409035,[ 1.18316850e-03 -8.70401564e-05  1.13286262e-04 -1.57144590e-04
  2.29244845e-03 -1.26349547e-03  1.96133333e-05  1.26310758e-03
  1.63543166e-03  3.39551516e-07 -4.96516435e-06  2.72353355e-06
  1.33804736e-20 -1.28643129e-19  9.99290875e-07 -4.86168206e-16
 -5.49608695e-15 -6.21254440e-23  1.37907552e-20  4.22896088e-23
 -4.86168199e-16  9.98583757e-07 -3.78850016e-21  1.12826404e-23
 -8.70326353e-20 -1.31687154e-21 -5.49608706e-15 -3.78976548e-21
  9.98583757e-07 -1.74642352e-22  1.78224976e-18 -9.04698655e-19
 -8.38448161e-19 -2.37842919e-19  3.46688260e-18  9.99999298e-10],0.2260501145823911,-0.017291609963121228,1.907139082924478e-20,2.310440796735952e-26,-1.783669914618902e-25,0.173396498128018,[ 6.10605113e-02 -6.46195986e-08 -3.59430904e-09  6.17311072e-12
 -5.64666443e-11  2.80893452e-04  8.15700459e-05  3.62575054e-02
  8.46627358e-04 -1.03416160e-11  9.36092020e-11 -4.72226227e-04
  1.65436123e-23  3.77302356e-17  9.98937065e-07 -1.19214127e-24
 -1.34728332e-23 -1.51580713e-21 -1.51865191e-25  2.55262767e-25
 -1.19212435e-24  9.95775137e-07 -3.64676756e-29 -1.70880608e-27
  1.00166402e-24 -1.66728592e-24 -1.34735453e-23 -3.64683292e-29
  9.95775137e-07  1.33971547e-26 -1.04164831e-13  1.44625284e-12
  3.40570165e-14  1.20178715e-22  1.99399287e-22  3.49118943e-02]
10.07312822341919,base_link,0.047805326980234285,-6.091624029161913,1.2989315549839659e-21,2.608227495827128e-22,1.5432920789873215e-22,-0.7946513777179233,0.6070660490350341,[ 1.02215173e-03 -5.83364890e-05 -6.21153176e-05 -6.67946165e-05
  1.58894646e-03 -7.16217458e-04 -5.73116704e-05  8.34059807e-04
  1.49975522e-03 -2.15495985e-06  5.13187185e-05 -2.31886727e-05
 -3.67929936e-21  2.43521972e-20  9.98915291e-07 -1.03990500e-16
 -8.96392645e-15 -9.30866750e-24  8.68539643e-23  9.42985898e-23
 -1.03990501e-16  9.97835273e-07 -8.52381194e-22 -3.16105044e-24
  3.72694497e-20  5.18807680e-21 -8.96392649e-15 -8.62834562e-22
  9.97835273e-07 -3.72417205e-23  2.11774884e-18 -5.63391371e-19
 -9.18631863e-19 -1.34472672e-19  3.20275230e-18  9.99998921e-10],0.26752792505921247,0.0026466995576423613,4.291691833199926e-21,-1.723522390719589e-27,-4.0711785366744647e-25,0.19326667947643872,[ 6.05145830e-02 -5.51572884e-06 -1.32908423e-07  7.81368883e-13
 -5.19919276e-11  1.57267506e-04 -7.99025293e-06  3.61711979e-02
  8.44183667e-04 -6.04581081e-13  7.79574673e-11 -2.73255087e-04
 -1.36319365e-20  8.66277536e-17  9.98374697e-07 -2.53307193e-25
 -2.18060584e-23 -1.16905501e-22 -7.06819371e-27  5.04870979e-27
 -2.53297896e-25  9.93561383e-07 -8.22191709e-30  4.27408427e-29
 -1.00812637e-24  1.48634016e-24 -2.18056866e-23 -8.22093099e-30
  9.93561383e-07  1.48024357e-26 -8.53610785e-14  1.41649192e-12
  3.33370575e-14 -3.36136262e-23 -5.66003675e-23  3.49077600e-02]
10.127153873443604,base_link,0.038916533645841495,-6.1214570395601875,1.6370374798706708e-22,-1.8831542752310695e-22,-1.5995870662501138e-22,-0.7919143515488506,0.610632180458059,[ 1.05600391e-03 -1.03167011e-04  1.26309280e-04 -1.43794063e-04
  1.80328471e-03 -7.55585394e-04  5.24662464e-05  8.36764835e-04
  1.02147026e-03  4.28637162e-06 -5.37408179e-05  2.25370331e-05
  2.03684954e-20 -7.66564817e-20  9.99440836e-07  4.51445017e-17
 -5.07287830e-15  3.37967198e-23 -5.99540508e-21  3.13501452e-22
  4.51444947e-17  9.98882921e-07  4.00147301e-22  3.94919340e-24
  1.48230766e-21 -1.05879118e-22 -5.07287821e-15  3.93406360e-22
  9.98882921e-07 -8.49582857e-23  1.85309240e-18 -5.26940365e-19
 -2.06246024e-19 -2.45508497e-19  3.07790905e-18  9.99999448e-10],0.2719150551739596,0.00209774406777348,8.129259579953694e-21,2.9128473876535942e-27,1.6254076316561775e-26,0.18233292574834764,[ 6.05426710e-02 -8.87932256e-05 -2.09608492e-06  2.77988855e-12
 -2.68582815e-11  1.19724261e-04  3.20342369e-05  3.61740589e-02
  8.44975570e-04 -7.97094393e-12  8.59883696e-11 -2.94692433e-04
 -5.35324823e-19  2.15647812e-16  9.99161722e-07  1.10653720e-25
 -1.24620166e-23  9.12763848e-22  1.13091099e-26 -3.23117427e-26
  1.10623609e-25  9.96663627e-07  3.96516534e-30  2.86946091e-28
  1.31831910e-24 -4.22637594e-24 -1.24612800e-23  3.96545119e-30
  9.96663627e-07  1.62603571e-27 -8.04363900e-14  1.38604406e-12
  3.26469141e-14  1.91535141e-22 -2.61006556e-21  3.49082262e-02]
10.170228719711304,base_link,0.04455899811975997,-6.144114582920492,-4.0625518121863542e-22,5.13650946415155e-23,4.2727212079681916e-23,-0.7830085029545429,0.6220110001446,[ 8.83319241e-04 -1.23258491e-04  2.22440835e-04 -2.05163978e-04
  1.87400291e-03 -1.14675575e-03  7.85812153e-05  1.03352126e-03
  1.26287640e-03  6.98773229e-06 -6.38068325e-05  3.90963869e-05
  4.68515099e-21  2.11758237e-20  9.98850907e-07  3.73202399e-16
 -1.01858905e-14  2.50630047e-23  7.51741741e-21 -4.53294976e-22
  3.73202393e-16  9.97707080e-07  3.30133344e-21  4.19673902e-24
 -6.79743940e-20  5.42630482e-21 -1.01858904e-14  3.27464974e-21
  9.97707080e-07 -1.87752799e-22  2.02029212e-18 -6.03173097e-19
  1.65788334e-19 -5.14092493e-19  4.69281514e-18  9.99998855e-10],0.2705463178054576,0.009746842644689717,1.819863122883182e-21,4.881526241654099e-27,-3.1551543355231253e-26,0.18651218269774128,[ 6.07743021e-02 -3.42745334e-05 -8.10791203e-07  5.26281605e-12
 -3.01511422e-11  1.63331599e-04  1.22051220e-04  3.61025333e-02
  8.42582183e-04 -1.82777571e-11  1.28633862e-10 -4.49867325e-04
 -4.55280209e-21  4.87890978e-18  9.98278337e-07  9.09653432e-25
 -2.48357697e-23 -9.84321629e-22 -3.23117427e-26  1.13091099e-25
  9.09666660e-25  9.93183609e-07  3.17385062e-29 -4.07492653e-27
 -7.69019476e-25  3.28287306e-24 -2.48362260e-23  3.17369603e-29
  9.93183609e-07  2.51225710e-26 -8.10908889e-14  1.38276890e-12
  3.25415149e-14  5.94219278e-22 -4.55439535e-21  3.49068369e-02]
10.215034008026123,base_link,0.05393460423293532,-6.165082842244312,1.8249919677393575e-21,9.481772897722354e-23,-3.328058441580938e-23,-0.7711266692602252,0.6366817572034172,[ 9.53389914e-04 -1.41638331e-04  1.79914405e-04 -2.40858014e-04
  2.37566290e-03 -1.29269254e-03  3.20817053e-05  1.21640558e-03
  1.61942169e-03  3.06248368e-06 -3.01560278e-05  1.64648956e-05
 -2.49477673e-20 -2.47545379e-19  9.99184090e-07  4.87044644e-16
 -7.16851872e-15 -9.91544506e-23 -3.16578564e-20  9.90962374e-22
  4.87044666e-16  9.98370836e-07  4.29939324e-21 -1.10425313e-23
  1.18161096e-19 -8.15269212e-21 -7.16851890e-15  4.27790553e-21
  9.98370836e-07 -6.61594093e-24  1.71668401e-18 -4.35316567e-19
  1.11242768e-19 -5.19298855e-19  5.11740034e-18  9.99999190e-10],0.26604217522835816,0.019258534363047978,4.2832693748322683e-20,-9.911019166931743e-27,1.7526369540388153e-25,0.19504218472462437,[ 6.09804290e-02  1.69593841e-05  3.94926724e-07  5.97811597e-12
 -2.75889594e-11  1.78732978e-04  1.51385204e-04  3.61430645e-02
  8.44013397e-04 -1.95383184e-11  1.29155119e-10 -5.05306452e-04
 -2.85344224e-20 -6.15826834e-17  9.98777131e-07  1.19152621e-24
 -1.75418180e-23 -1.54743627e-21 -1.42171668e-25  4.62057920e-25
  1.19163852e-24  9.95144062e-07  4.12798272e-29  3.70763003e-28
 -6.26847808e-25  2.92098154e-24 -1.75432235e-23  4.12796931e-29
  9.95144062e-07 -6.48790990e-27 -8.00194126e-14  1.36114037e-12
  3.20487186e-14  4.06587759e-22 -3.89634071e-21  3.49048434e-02]
10.261755228042603,base_link,0.034890893742295585,-6.170949316883998,-1.4540192471196587e-21,-2.2562045691428706e-22,-2.1752646087815236e-22,-0.7652413630333084,0.6437434708817825,[ 8.91035481e-04 -1.74263449e-04  1.13064661e-04 -2.24482378e-04
  1.92838108e-03 -8.15487808e-04  3.68405599e-05  8.52411905e-04
  1.00738377e-03  4.63840679e-06 -3.98602412e-05  1.68898304e-05
  2.28136413e-21 -6.02981579e-20  9.99115021e-07  3.79842873e-16
 -7.47170861e-15 -8.36043168e-23  5.29395592e-21 -5.31049953e-22
  3.79842895e-16  9.98233168e-07  3.20058324e-21  2.69891192e-24
 -1.28960766e-19  9.33059731e-21 -7.47170880e-15  3.19606905e-21
  9.98233168e-07 -3.96363206e-23  1.70746498e-18 -3.47352979e-19
  2.29557283e-19 -4.65288026e-19  3.99863407e-18  9.99999121e-10],0.2508646079706972,0.006578710100348973,-9.533293392738365e-20,-5.539251008303689e-26,2.0204397882577607e-25,0.19129427237891847,[ 6.05133342e-02 -3.93423252e-05 -9.30292340e-07  6.49454430e-13
 -1.47874710e-11  9.04499616e-05  1.24912709e-04  3.61027718e-02
  8.43042772e-04 -1.01430777e-11  1.09445289e-10 -3.23179051e-04
  1.64747908e-19 -1.48535698e-16  9.98673704e-07  9.28915454e-25
 -1.82829306e-23 -3.40724550e-21  9.28962602e-27 -1.47018429e-25
  9.29347359e-25  9.94736610e-07  3.09510203e-29 -2.06301450e-27
 -5.07294360e-25  3.74816215e-24 -1.82867203e-23  3.09496870e-29
  9.94736610e-07  7.50883889e-27 -8.18667305e-14  1.34439682e-12
  3.16518952e-14  4.86085053e-22 -4.25453665e-21  3.49037368e-02]
10.320607423782349,base_link,0.040289496141140975,-6.193905588372441,-4.215231031322941e-22,-2.8694122409633197e-22,-2.819058439098607e-22,-0.753471364655567,0.6574807241616119,[ 8.84583336e-04 -1.42908069e-04  3.23015749e-04 -2.49550581e-04
  2.54556312e-03 -1.50140396e-03  1.06424493e-04  1.22006762e-03
  1.43243647e-03  1.43835921e-05 -1.46706547e-04  8.65955635e-05
 -8.61591326e-21 -6.19392843e-20  9.99331206e-07  3.35141530e-16
 -5.35147555e-15 -7.59476284e-23  7.91446410e-21 -7.80858498e-22
  3.35141539e-16  9.98664197e-07  2.65492917e-21  1.58063802e-23
  2.59192082e-19 -2.80579664e-20 -5.35147562e-15  2.63848073e-21
  9.98664197e-07 -2.60265694e-22  1.90556295e-18 -3.34124897e-19
  5.81014299e-19 -4.84733120e-19  4.94387400e-18  9.99999337e-10],0.24487498213237646,0.012557690106706713,-1.4786591650169656e-20,1.6798355672992653e-27,-3.210323131728029e-26,0.1942816206270804,[ 6.10159121e-02 -4.52431850e-05 -1.06904192e-06  1.06292920e-12
 -6.96379601e-12  9.55449790e-05  1.51457964e-04  3.60889435e-02
  8.43093898e-04 -1.62998556e-11  1.56476594e-10 -5.99781067e-04
 -2.58133291e-19  2.04046849e-16  9.98997479e-07  8.17402618e-25
 -1.30595243e-23 -2.93173800e-21 -6.68449177e-26  1.02751342e-24
  8.17562833e-25  9.96013800e-07  2.57296709e-29  2.10464605e-28
 -1.85792520e-26  4.65289095e-25 -1.30613143e-23  2.57294768e-29
  9.96013800e-07 -6.00284709e-27 -7.97101710e-14  1.31011868e-12
  3.08539708e-14 -5.71642132e-23  7.40269774e-22  3.48999323e-02]
10.346301078796387,base_link,0.043866969330224215,-6.207605050318582,1.0458686030594226e-21,7.813838916945305e-22,6.433633965799992e-22,-0.7489586068949882,0.6626167860520276,[ 9.57692100e-04 -1.55205598e-04  2.74246851e-04 -2.54548015e-04
  2.54829065e-03 -1.58453827e-03  1.00046949e-04  1.35524113e-03
  1.64506351e-03  7.90885564e-06 -7.91754142e-05  4.92357359e-05
  1.66428739e-21 -6.87155478e-20  9.99352171e-07  2.44186901e-16
 -5.20176273e-15 -1.11614456e-22 -2.51198208e-20  8.60267837e-22
  2.44186920e-16  9.98706017e-07  1.97467751e-21 -8.69634353e-24
  1.77665161e-19 -6.18069354e-21 -5.20176288e-15  1.92141591e-21
  9.98706017e-07 -2.44903904e-22  1.98326680e-18 -3.39460318e-19
  4.47918755e-19 -4.61902387e-19  4.62370298e-18  9.99999358e-10],0.2465433657407491,0.016206294889688857,5.044725713235483e-20,2.6656473837369837e-26,-1.8520460950034716e-25,0.19433907903558906,[ 6.11799268e-02 -3.50808259e-05 -8.29796710e-07  2.05745121e-12
 -1.90225641e-11  1.16243408e-04  1.64832454e-04  3.61237526e-02
  8.43969497e-04 -1.35548381e-11  1.29075989e-10 -6.27492866e-04
 -1.64006754e-19  1.67400815e-16  9.99028885e-07  5.98738306e-25
 -1.27620821e-23 -3.53869598e-21 -4.56403365e-26  3.02114794e-25
  5.98889467e-25  9.96137985e-07  1.89940808e-29 -1.87536534e-27
  8.72417052e-25 -5.94536065e-24 -1.27637754e-23  1.89937383e-29
  9.96137985e-07  1.29614730e-26 -8.04877269e-14  1.29821154e-12
  3.05746587e-14  3.79865736e-22 -3.87970290e-21  3.48999023e-02]
10.414020776748657,base_link,0.04293240810403835,-6.246517080761616,-6.297409894491349e-22,1.5154483039153828e-22,1.4704017296881073e-22,-0.7397127344495554,0.6729227819691955,[ 8.73883022e-04 -1.28656240e-04  1.66081130e-04 -1.62737554e-04
  1.99130968e-03 -8.59375759e-04  9.30064512e-05  8.96805586e-04
  1.08377599e-03  6.66484346e-06 -8.15530671e-05  3.52400250e-05
  5.45277460e-21 -3.63694772e-20  9.99437181e-07  3.37324223e-16
 -4.68630583e-15 -7.51838472e-23 -2.06464281e-20  2.51793778e-21
  3.37324238e-16  9.98875628e-07  2.81359418e-21 -2.10238972e-24
  1.71100655e-19 -2.09111259e-20 -4.68630602e-15  2.82117063e-21
  9.98875628e-07  6.57908090e-23  1.29415953e-18 -1.56019624e-19
  3.44073631e-19 -2.66962558e-19  3.26663512e-18  9.99999445e-10],0.25494192416143374,0.01802727387483052,-3.339801178994407e-20,6.776861558822714e-27,-6.434781735014972e-27,0.18955772585823574,[ 6.05912138e-02 -7.27046281e-05 -1.71986598e-06 -5.70305970e-13
  7.00797003e-12  3.72419735e-05  1.00401696e-04  3.60810757e-02
  8.43046323e-04 -7.53499792e-12  9.21203518e-11 -3.39948885e-04
 -6.94143500e-19  3.40764743e-16  9.99156246e-07  8.30954215e-25
 -1.15469262e-23 -3.30292170e-21 -4.56403365e-26 -6.00998414e-25
  8.31202236e-25  9.96641957e-07  2.74180398e-29  6.16630233e-28
  8.15871503e-26  1.07274986e-24 -1.15495859e-23  2.74184976e-29
  9.96641957e-07 -5.10378411e-28 -8.81237764e-14  1.29547761e-12
  3.05178573e-14  6.02543843e-22 -7.37437194e-21  3.49063633e-02]
10.47572922706604,base_link,0.05024392278025867,-6.275818347670734,8.749952364721055e-23,-1.5649257794525458e-23,-2.0580355372954393e-23,-0.7290286942243116,0.6844831356560913,[ 1.00543868e-03 -1.04042150e-04  1.72970146e-04 -1.29634989e-04
  1.98746185e-03 -9.51768048e-04  1.00038040e-04  9.68578149e-04
  1.15169212e-03  5.64150174e-06 -8.65320073e-05  4.14745822e-05
  4.37413108e-20 -1.82270902e-19  9.99466283e-07  3.88205737e-16
 -4.55608417e-15 -4.03612521e-23  1.07533480e-20 -1.93063955e-21
  3.88205744e-16  9.98933704e-07  3.32174212e-21 -3.74657350e-24
  4.82808780e-20 -4.84396967e-21 -4.55608426e-15  3.31696490e-21
  9.98933704e-07  2.23412345e-23  1.98689155e-18 -3.88395807e-20
  4.38174459e-19 -2.12140725e-19  3.25428768e-18  9.99999474e-10],0.25382945528394146,0.024110026770792048,4.085633572712284e-21,-1.4050209423646432e-27,-3.886159589976862e-27,0.18918884335731867,[ 6.07095929e-02 -8.40425491e-05 -1.98771385e-06 -9.77660062e-13
  6.46352245e-12  2.28740045e-05  7.58846290e-05  3.61449718e-02
  8.44585592e-04 -4.13361074e-12  9.21982359e-11 -3.77981514e-04
 -2.79520873e-20  1.19262239e-17  9.99199851e-07  9.55484032e-25
 -1.12163842e-23 -1.17226958e-21  2.40318586e-26  1.00974196e-25
  9.55557518e-25  9.96814664e-07  3.22879285e-29  3.51253270e-28
 -1.30862558e-25 -1.84823168e-24 -1.12170631e-23  3.22881854e-29
  9.96814664e-07  8.73505350e-28 -9.52247043e-14  1.30058464e-12
  3.06430276e-14  1.62004522e-22 -3.39897223e-21  3.49094335e-02]
10.501914978027344,base_link,0.058643033426015,-6.289068052481883,1.036600293072708e-21,1.8533646598064604e-22,1.0854241237154827e-22,-0.7233180291293593,0.6905150459884415,[ 9.87428240e-04 -1.83423082e-04  3.77804350e-04 -3.04765818e-04
  2.11149548e-03 -1.21028084e-03  1.40953092e-04  1.11956507e-03
  1.37089162e-03  1.99120287e-05 -1.37887793e-04  7.91021533e-05
 -7.41153829e-22 -3.91752738e-21  9.99364330e-07  4.82866027e-16
 -5.28961566e-15 -5.82983657e-23 -6.87155478e-20  5.98878763e-21
  4.82866043e-16  9.98730274e-07  4.03094073e-21 -7.37484777e-24
  1.78300435e-19 -2.46698346e-20 -5.28961576e-15  4.01002332e-21
  9.98730274e-07 -3.20506565e-23  2.01911034e-18 -1.58911994e-19
  8.52459815e-19 -5.33947645e-19  3.69670555e-18  9.99999371e-10],0.2542567842572874,0.03015322406855589,2.4658560203056692e-21,-6.1670331608499734e-27,-1.0884044258430145e-25,0.19099066948784357,[ 6.09080857e-02 -1.06821302e-04 -2.52400167e-06 -8.18456367e-13
  1.54218333e-11  2.58837102e-06  1.49281695e-04  3.61390114e-02
  8.44323886e-04 -2.22542724e-11  1.13394395e-10 -4.82074374e-04
 -8.53809211e-19  2.85578852e-16  9.99047100e-07  1.18698221e-24
 -1.30052438e-23 -1.42221215e-22 -3.00903104e-26 -8.17487090e-25
  1.18700065e-24  9.96210026e-07  3.90672168e-29  2.67547833e-28
  1.48634016e-25  1.11152395e-24 -1.30051758e-23  3.90676987e-29
  9.96210026e-07  4.84615499e-27 -1.01447035e-13  1.30405409e-12
  3.07210885e-14  7.84114324e-22 -4.04781450e-21  3.49092676e-02]
10.576720237731934,base_link,0.07119281169028738,-6.339060330434762,-5.58120112500644e-23,1.9873157038646782e-22,1.9666232005557914e-22,-0.7072544897590302,0.7069590417525572,[ 1.00124674e-03 -1.32058532e-04  1.36104040e-04 -1.43821229e-04
  1.53731720e-03 -6.69013125e-04  9.66490188e-05  7.97993027e-04
  9.35847081e-04  6.83978569e-06 -7.31638258e-05  3.18909861e-05
  1.13952401e-20 -6.90331852e-20  9.99245421e-07  9.19338142e-16
 -6.49509397e-15  2.57536333e-23 -2.18375682e-22  2.08449514e-22
  9.19338136e-16  9.98493113e-07  7.91428421e-21 -4.36855165e-25
  4.25634056e-20 -7.94093388e-21 -6.49509386e-15  7.87939309e-21
  9.98493113e-07 -1.58096461e-22  2.45636959e-18  1.61736118e-19
  7.60653695e-19 -2.90290902e-19  3.10570182e-18  9.99999253e-10],0.27061900475547107,0.03876403185361289,-6.551261282601624e-21,-3.140383443600676e-27,8.411551244629998e-27,0.19518526356096244,[ 6.04882176e-02 -8.35321844e-05 -1.97208600e-06 -2.82929799e-12
  2.27346181e-11 -1.11862921e-05  9.53115523e-05  3.61466408e-02
  8.44392974e-04 -1.69721991e-12  6.14658875e-11 -2.68241982e-04
  1.85076699e-19 -7.93635990e-17  9.98868983e-07  2.24512618e-24
 -1.58646741e-23  1.06746178e-21 -1.38940494e-25 -8.32027374e-26
  2.24502744e-24  9.95506325e-07  7.60634252e-29  3.38212903e-28
  4.74982617e-25  1.27954501e-24 -1.58636798e-23  7.60636414e-29
  9.95506325e-07 -9.89275814e-28 -1.12729379e-13  1.29841277e-12
  3.05858699e-14 -3.49653433e-22  1.63223827e-21  3.49091712e-02]
10.61642837524414,base_link,0.07999285573169046,-6.363298910504339,-7.303590165937446e-22,1.5161466199744704e-23,-8.730224199022785e-24,-0.699261290814502,0.7148661743070772,[ 9.67081287e-04 -2.26434204e-05  2.88006265e-05 -2.27997865e-05
  1.15392743e-03 -4.74600504e-04  2.81322209e-05  5.95548771e-04
  7.22838375e-04  1.80012017e-07 -9.11020061e-06  3.74944905e-06
 -5.34689548e-21  3.23460707e-20  9.98935684e-07  1.42849738e-15
 -9.46458246e-15  3.54844265e-23  4.73147310e-22 -6.46234854e-24
  1.42849738e-15  9.97875885e-07  1.27075080e-20 -1.79689370e-24
  3.15519773e-20 -4.74801672e-22 -9.46458237e-15  1.27031289e-20
  9.97875885e-07 -4.56478303e-25  2.25566725e-18  2.74818393e-19
  4.68727652e-19 -5.39641979e-20  2.73069807e-18  9.99998942e-10],0.2756794248977334,0.043830856845967846,-5.607500805859037e-20,-2.2028529899795613e-27,-1.9274529918178705e-25,0.19604461632526285,[ 6.02229550e-02 -2.80089444e-05 -6.62743820e-07 -8.92822508e-14
  4.57913657e-12 -2.98536908e-06  1.40034826e-05  3.61256599e-02
  8.43564358e-04 -1.34315733e-12  6.13671754e-11 -1.93183553e-04
 -6.76567567e-20  8.59772323e-17  9.98405221e-07  3.48225967e-24
 -2.30760437e-23  1.79994789e-21  3.04184765e-27  4.62461817e-26
  3.48221519e-24  9.93681193e-07  1.21815548e-28  6.82146013e-29
  6.78546596e-26  9.17653492e-25 -2.30732342e-23  1.21815803e-28
  9.93681193e-07  6.00214230e-27 -1.18364838e-13  1.28862893e-12
  3.03412719e-14  3.58281633e-23 -1.70669866e-21  3.49064596e-02]
10.653573513031006,base_link,0.08403548174709886,-6.375516379681065,1.8732731008567174e-22,3.091192825746764e-23,3.1373054584390304e-23,-0.6857546459661957,0.7278327867963751,[ 1.11548987e-03 -1.50134103e-04  3.22847319e-04 -2.56659120e-04
  1.92115564e-03 -1.21581781e-03  1.03392849e-04  1.12551028e-03
  1.54736109e-03  1.29026247e-05 -9.65340263e-05  6.11238528e-05
 -2.21022660e-20  1.78194556e-19  9.99551712e-07  6.23083061e-16
 -4.03439396e-15 -2.94574989e-23 -1.48495464e-20  7.89130304e-22
  6.23083067e-16  9.99104226e-07  5.60790219e-21 -2.69349429e-25
 -1.13714173e-19  1.00320465e-20 -4.03439401e-15  5.60492364e-21
  9.99104226e-07 -1.20952250e-23  2.06679844e-18  1.59600518e-19
  1.01453408e-18 -3.89948746e-19  2.91740118e-18  9.99999559e-10],0.2681338856647436,0.045395824602258286,8.458394471435621e-21,3.392020227722284e-28,1.722020126969266e-27,0.2060946049524695,[ 6.09292973e-02 -8.90288502e-05 -2.10519712e-06 -1.75586205e-12
  1.72344787e-11 -5.27825761e-05  1.15398783e-04  3.61948013e-02
  8.45976013e-04 -1.52986859e-11  9.06786248e-11 -4.80761941e-04
 -2.18958017e-19  8.80372164e-17  9.99327868e-07  1.52490233e-24
 -9.87651928e-24 -7.63487768e-22  1.59943126e-25  1.39586728e-24
  1.52492703e-24  9.97322228e-07  5.40739364e-29 -2.69078674e-29
 -6.07460762e-25 -3.20532487e-24 -9.87678406e-24  5.40739222e-29
  9.97322228e-07 -1.46625659e-28 -1.22209317e-13  1.26887389e-12
  2.99044831e-14  1.23467058e-22  1.70518619e-23  3.49109870e-02]
10.705860137939453,base_link,0.07212592095983673,-6.404580476723617,1.976633675911979e-23,3.816909138452283e-24,1.799805524875546e-24,-0.6759355283900564,0.7369607597830805,[ 9.45268606e-04 -1.68193641e-04  2.60217287e-04 -2.48369981e-04
  2.01246741e-03 -1.12556675e-03  1.15958421e-04  1.11610795e-03
  1.38499298e-03  1.06764615e-05 -8.64898415e-05  4.84126730e-05
 -9.64161722e-21 -1.08896673e-19  9.99220540e-07  9.84391148e-16
 -6.81601298e-15 -2.73866746e-23  9.76734867e-21 -6.81596825e-22
  9.84391152e-16  9.98443506e-07  8.58282733e-21  1.41377493e-23
 -2.51992302e-20  2.24993127e-21 -6.81601303e-15  8.61223028e-21
  9.98443506e-07  1.89283497e-23  1.44703027e-18  1.46475592e-19
  1.24362549e-18 -4.85488492e-19  3.93190777e-18  9.99999227e-10],0.27136955527174067,0.03462948617966478,-4.284950762925702e-21,-5.793107869587168e-28,-5.810602676448322e-27,0.2046561587504729,[ 6.09102985e-02 -1.01600308e-04 -2.39971551e-06 -4.32973828e-12
  3.43262350e-11 -7.90358465e-05  1.23698730e-04  3.61177921e-02
  8.43746631e-04 -1.65024613e-11  1.05825744e-10 -4.43890512e-04
  1.14349448e-19 -4.01154804e-17  9.98831720e-07  2.41463170e-24
 -1.67206306e-23 -8.74503974e-22  4.76598204e-26  1.77714585e-25
  2.41466871e-24  9.95359344e-07  8.34077234e-29 -1.27082066e-27
  4.58826746e-25  1.40879198e-24 -1.67215666e-23  8.34060067e-29
  9.95359344e-07 -8.62729689e-27 -1.42740867e-13  1.28076022e-12
  3.01726331e-14  6.50502429e-22 -4.38478696e-21  3.49110224e-02]
10.773405075073242,base_link,0.08527855139344585,-6.451970249925112,4.586454468170451e-22,2.4746486100054385e-22,2.7763979285707754e-22,-0.6583367923906441,0.7527235002208965,[ 8.90644442e-04 -9.74451978e-05  1.94470038e-04 -1.21079658e-04
  1.49460079e-03 -6.90707505e-04  1.10256296e-04  7.92398580e-04
  1.03539033e-03  1.01062162e-05 -1.24742671e-04  5.77477263e-05
 -6.74979380e-21 -7.85623059e-20  9.99038539e-07  1.21993370e-15
 -8.92301432e-15 -7.60364665e-24 -9.66146955e-22  2.68006518e-22
  1.21993371e-15  9.98080765e-07  1.13237437e-20 -8.78093145e-25
  1.31290107e-20 -3.81164826e-21 -8.92301431e-15  1.12997564e-20
  9.98080765e-07 -1.26313952e-22  2.57433413e-18  4.91611429e-19
  1.42943397e-18 -3.03159142e-19  3.74185283e-18  9.99999045e-10],0.28792363801368753,0.039238082009663056,-1.7138586226199003e-21,-1.067835922701029e-27,-1.4972316718837426e-25,0.210120428019906,[ 6.04864097e-02 -8.37086700e-05 -1.97374377e-06 -4.53609886e-12
  5.56835272e-11 -9.09572809e-05  8.44895840e-05  3.60941887e-02
  8.43014142e-04 -6.04989307e-12  7.02729323e-11 -2.74207200e-04
 -3.31189882e-19  1.41596804e-16  9.98559192e-07  2.97143331e-24
 -2.17372764e-23  1.42489787e-22  9.53196409e-26  1.26823590e-25
  2.97142491e-24  9.94286008e-07  1.08389986e-28  1.22966225e-28
 -5.49299626e-25 -6.97933642e-25 -2.17366263e-23  1.08391477e-28
  9.94286008e-07  1.50278056e-26 -1.52984762e-13  1.27696465e-12
  3.00747907e-14 -3.69417469e-23  6.44786670e-22  3.49088226e-02]
10.81085467338562,base_link,0.10118343118415979,-6.48585850423582,-8.675700547439346e-22,3.3612323780843306e-24,2.278972052580358e-24,-0.6454997765249957,0.7637604588522376,[ 9.20763123e-04 -8.83439352e-05  1.82911012e-04 -1.08233168e-04
  1.40465087e-03 -5.44131708e-04  1.19176009e-04  6.93108308e-04
  8.11104890e-04  9.48589135e-06 -1.23140882e-04  4.78041451e-05
 -1.87935435e-21 -1.33937085e-20  9.98847602e-07  1.84286399e-15
 -1.13072345e-14  4.45052276e-23 -2.60727329e-21  1.05548246e-21
  1.84286398e-15  9.97700498e-07  1.80630107e-20  7.40363219e-24
 -1.05879118e-21  3.17637355e-22 -1.13072344e-14  1.80886636e-20
  9.97700498e-07  3.32574668e-23  2.39338599e-18  4.90983289e-19
  1.33875889e-18 -2.69705762e-19  3.50145737e-18  9.99998853e-10],0.30587824632819094,0.045966293736978144,1.7078552408174784e-20,8.870367626431852e-29,7.901793580735834e-30,0.21707411267924664,[ 6.03493329e-02 -7.50850886e-05 -1.76945924e-06 -5.11680392e-12
  6.83138493e-11 -8.48525911e-05  9.45534557e-05  3.61044407e-02
  8.43061914e-04 -4.76028613e-12  7.88002924e-11 -2.15009462e-04
  5.10337351e-20 -2.47198095e-17  9.98273390e-07  4.48475239e-24
 -2.75208712e-23  1.77542472e-21 -1.25208003e-25 -1.16322274e-25
  4.48452880e-24  9.93164186e-07  1.72904431e-28 -1.41675922e-29
 -5.81611368e-25 -6.72084248e-25 -2.75180312e-23  1.72904618e-28
  9.93164186e-07  1.64585739e-27 -1.57180882e-13  1.26594568e-12
  2.98055268e-14  1.85962564e-22 -2.60802261e-21  3.49058324e-02]
10.856878280639648,base_link,0.11154964650867769,-6.518189198253274,1.9830467957257467e-22,-6.4917550730306895e-24,-6.380970521897164e-24,-0.6332521747856161,0.7739455298205988,[ 1.00856787e-03  2.97081424e-05  6.56011709e-05  4.96327231e-05
  1.07167363e-03 -3.92169238e-04  7.87118770e-05  5.20307643e-04
  7.27298658e-04 -2.24879243e-06 -4.84651383e-05  1.77547884e-05
 -1.17525821e-20  2.86403015e-20  9.99315570e-07  1.07404840e-15
 -7.04502902e-15  1.25656928e-23 -1.06673212e-20  2.78759866e-22
  1.07404840e-15  9.98633009e-07  1.10563587e-20 -3.17051706e-25
 -8.62914815e-20  1.00452814e-20 -7.04502899e-15  1.10580318e-20
  9.98633009e-07 -2.00341826e-23  1.98180067e-18  5.28336077e-19
  8.63226679e-19  1.05450795e-19  2.27118559e-18  9.99999323e-10],0.3143462376282764,0.04771561333217407,5.8252677880387246e-21,4.721404959931395e-30,1.8154852700544593e-27,0.21945940715055504,[ 6.01085519e-02  3.35508048e-07  4.94251325e-09  1.98018885e-12
  2.94890065e-11 -6.03614875e-05  4.42665505e-05  3.61428261e-02
  8.44628036e-04  6.09954173e-12  5.02077943e-11 -1.55796659e-04
 -8.18908806e-22 -1.31405303e-16  9.98974055e-07  2.63017973e-24
 -1.72557614e-23  5.89397015e-22 -1.59943126e-25 -4.92754076e-25
  2.63019042e-24  9.95921257e-07  1.06779041e-28  6.89526580e-30
 -5.36374928e-25 -9.11191144e-25 -1.72550655e-23  1.06779027e-28
  9.95921257e-07  1.30093879e-27 -1.62131827e-13  1.25090216e-12
  2.94718290e-14 -9.11372477e-23 -1.76963565e-21  3.49041230e-02]
10.926778316497803,base_link,0.13656478167413832,-6.5447244270578695,-3.728093517229752e-23,4.2605694898028405e-24,4.4198975960685296e-24,-0.6198526614231674,0.7847182157479309,[ 1.26408902e-03 -1.14953000e-05  1.22905841e-04 -1.58097522e-05
  1.08150311e-03 -4.75626265e-04  9.07885697e-05  6.64222003e-04
  1.08190371e-03  8.82960971e-07 -6.03402790e-05  2.65582646e-05
  1.00585162e-21 -3.65282959e-21  9.99333499e-07  1.18585987e-15
 -6.80872857e-15  9.52368181e-24 -2.41867611e-21  1.17873237e-22
  1.18585987e-15  9.98668772e-07  1.21147280e-20 -1.69909753e-25
  4.61632956e-20 -5.63806306e-21 -6.80872855e-15  1.21142782e-20
  9.98668772e-07 -1.92272027e-24  3.03628803e-18  7.55300478e-19
  1.35456539e-18 -2.96449135e-20  2.02490848e-18  9.99999341e-10],0.30330958697735955,0.0582680233019361,-3.3490469636541814e-21,1.954106827459745e-28,-1.4101811027063853e-26,0.21490768261975074,[ 6.03159151e-02  2.42094975e-05  5.67629346e-07 -7.04202518e-13
  3.11029567e-11 -8.85399747e-05  1.11796428e-04  3.62520218e-02
  8.47297627e-04 -1.54023620e-12  4.92279564e-11 -1.84674489e-04
 -1.14455327e-19 -1.70870262e-16  9.99000914e-07  2.90205851e-24
 -1.66652725e-23  1.31112223e-22  1.34295681e-26  2.92825168e-26
  2.90205655e-24  9.96027395e-07  1.16861140e-28 -1.58084083e-29
 -7.43170082e-25 -1.17614743e-24 -1.66650963e-23  1.16861137e-28
  9.96027395e-07  1.28949178e-27 -1.79436828e-13  1.24789762e-12
  2.94012775e-14  3.97817525e-23 -7.39255858e-22  3.49020425e-02]
10.96448540687561,base_link,0.13696340731806073,-6.564136183585194,6.68493357618278e-22,3.357235603514899e-23,5.953212178231447e-23,-0.5955745527458438,0.8033000386664924,[ 1.02118537e-03 -9.30727401e-05  1.45735688e-04 -1.30727346e-04
  1.02206578e-03 -3.88844101e-04  6.28213020e-05  5.14287889e-04
  7.75101121e-04  6.65302326e-06 -5.19551050e-05  1.98107037e-05
 -9.93940224e-21 -5.10866746e-20  9.98866218e-07  2.12034297e-15
 -1.11594301e-14 -6.47107135e-24  1.30496013e-20 -1.11834819e-21
  2.12034297e-15  9.97737562e-07  2.08654954e-20  1.67548481e-24
  4.92337901e-20 -8.84090639e-21 -1.11594301e-14  2.08653781e-20
  9.97737562e-07 -1.34313572e-23  2.31672165e-18  7.00057816e-19
  1.74903042e-18 -2.88744770e-19  2.25451822e-18  9.99998872e-10],0.30120625394387407,0.05384033619920804,-5.408580241591526e-21,4.375130085876022e-27,-6.673755730073362e-26,0.23701824433456758,[ 6.01457743e-02  3.34510114e-05  7.83825684e-07 -8.16677510e-12
  4.95775651e-11 -7.84661797e-05  1.64463185e-04  3.61211300e-02
  8.43678408e-04 -1.35489814e-11  5.83723879e-11 -1.51720562e-04
  1.92699996e-20  2.10335221e-17  9.98301251e-07  5.16132575e-24
 -2.71667245e-23  4.97159138e-22  1.16322274e-25  1.95486043e-25
  5.16123038e-24  9.93273382e-07  1.99654877e-28 -2.52348951e-28
 -6.59159551e-25 -7.81944173e-25 -2.71657271e-23  1.99655112e-28
  9.93273382e-07  3.86119171e-27 -1.92093608e-13  1.25251198e-12
  2.94889557e-14  3.53564623e-22 -1.39907831e-21  3.48993532e-02]
11.02336049079895,base_link,0.14120772555320157,-6.601968563323077,-7.053069807168294e-23,8.505021551832609e-23,8.064515762175813e-23,-0.5799513400371212,0.8146511174663345,[ 1.13118440e-03 -1.70400395e-04  4.13163654e-04 -2.31607771e-04
  1.39498254e-03 -6.21827074e-04  2.33013387e-04  7.40409800e-04
  9.46213056e-04  2.98131373e-05 -1.79519313e-04  8.01115263e-05
 -5.12454933e-20 -1.16255272e-19  9.99188741e-07  1.27494063e-15
 -7.81962699e-15 -9.67573475e-23  7.88799432e-21 -1.86611946e-21
  1.27494066e-15  9.98380110e-07  1.22947259e-20 -2.54693653e-24
  5.39983504e-20 -1.60936260e-20 -7.81962720e-15  1.22842980e-20
  9.98380110e-07 -1.26972936e-23  2.79701198e-18  9.01840901e-19
  2.00957076e-18 -3.57117754e-19  2.15017761e-18  9.99999196e-10],0.3072411288945183,0.04678570717939223,-9.37310861289533e-21,4.984062121223304e-27,-1.9441437868027301e-25,0.23748238368581934,[ 6.04232737e-02 -1.04594044e-04 -2.46900649e-06 -1.47352297e-11
  8.32938924e-11 -1.73153111e-04  2.19029840e-04  3.61864567e-02
  8.45627109e-04 -1.44315536e-11  7.06294685e-11 -2.27527382e-04
  3.37119113e-19 -1.14058069e-16  9.98784097e-07  3.12983260e-24
 -1.91975766e-23 -4.05755796e-21 -1.29246971e-26 -9.69352280e-27
  3.13039122e-24  9.95171558e-07  1.19282487e-28 -1.64304627e-28
  7.75481824e-26  7.75481824e-26 -1.92009495e-23  1.19283227e-28
  9.95171558e-07  6.25638391e-27 -2.02870733e-13  1.24247834e-12
  2.92681997e-14  8.10017347e-22 -4.97765196e-21  3.49035034e-02]
11.048555850982666,base_link,0.1525645027125764,-6.624441737725356,3.7696152443045915e-22,2.011964911007925e-22,2.165933257415132e-22,-0.5704806897118702,0.8213110145772239,[ 1.16884726e-03 -1.93942367e-04  2.36820202e-04 -2.42707115e-04
  1.35483415e-03 -5.18660876e-04  1.57502567e-04  6.83376253e-04
  7.83236832e-04  1.52594066e-05 -8.51767834e-05  3.26215028e-05
 -2.16787495e-20  6.20451634e-20  9.99339375e-07  9.86066900e-16
 -6.66416315e-15  1.41796926e-23 -1.72847661e-20  1.66428739e-21
  9.86066893e-16  9.98680492e-07  9.95341415e-21 -2.40826130e-24
  1.41030986e-19 -1.47436672e-20 -6.66416311e-15  9.93965407e-21
  9.98680492e-07 -1.60008351e-23  2.59492948e-18  6.94983864e-19
  1.43114043e-18 -3.97132632e-19  2.21655758e-18  9.99999347e-10],0.3195986371147722,0.0484215374959739,-1.1952509531056545e-20,-8.79152670398697e-27,-5.467049955237967e-26,0.24143072393804837,[ 6.04037408e-02 -2.13838648e-05 -5.06119483e-07 -8.91497384e-12
  4.66465193e-11 -1.29560616e-04  2.59008491e-04  3.61845493e-02
  8.45782578e-04 -1.10291486e-11  5.53505449e-11 -1.92529179e-04
 -2.00111534e-20  3.25260652e-17  9.99009716e-07  2.41411709e-24
 -1.63185760e-23  5.62796070e-22 -3.32810950e-25 -4.11974719e-25
  2.41404184e-24  9.96062189e-07  9.60203100e-29  1.48238650e-28
 -1.87408108e-25 -2.19719850e-25 -1.63180377e-23  9.60205790e-29
  9.96062189e-07  8.66367841e-28 -2.08388164e-13  1.24343591e-12
  2.92981404e-14  2.18081520e-22 -9.90772787e-22  3.49032276e-02]
11.10549783706665,base_link,0.2018458438844385,-6.6993560181588245,1.170509462550056e-21,1.266243053598726e-21,1.9582548392708752e-21,-0.5288679289678577,0.8487041379121755,[ 1.25650805e-03 -9.32265248e-05  1.70942936e-04 -9.55365267e-05
  1.03381936e-03 -3.64131462e-04  1.43847341e-04  5.42186608e-04
  7.25990708e-04  7.76084944e-06 -8.40119927e-05  2.96410661e-05
 -1.82641479e-21  7.04096137e-21  9.99134153e-07  1.52347921e-15
 -9.46450398e-15 -1.42910892e-23 -1.15308977e-21  1.34003259e-21
  1.52347921e-15  9.98271299e-07  1.66542600e-20 -4.24668702e-25
 -1.39760436e-20  5.66453283e-21 -9.46450401e-15  1.66460042e-20
  9.98271299e-07 -2.69623420e-23  2.32583563e-18  7.33947483e-19
  1.66504397e-18 -1.64951357e-19  1.78583917e-18  9.99999142e-10],0.3816252456635451,0.0598095684395823,9.998374329636301e-20,-7.896353861530138e-26,-6.821411663019595e-25,0.2772088212811298,[ 6.02413552e-02  6.93066977e-05  1.63421397e-06 -3.17974640e-12
  4.36154865e-11 -1.05254228e-04  2.58628279e-04  3.62231731e-02
  8.46423063e-04 -6.46315774e-13  2.49767774e-11 -1.31605965e-04
  9.21148330e-20  4.73796349e-17  9.98702353e-07  3.73711305e-24
 -2.32180402e-23 -6.80458694e-22 -6.26040014e-26 -1.32276197e-26
  3.73721929e-24  9.94849446e-07  1.61399882e-28  2.47728454e-28
 -8.91804098e-25 -5.10525534e-25 -2.32187780e-23  1.61400540e-28
  9.94849446e-07  2.32268703e-27 -2.28367862e-13  1.26144928e-12
  2.97174998e-14  2.84924472e-22 -3.45019228e-21  3.49065747e-02]
11.155250787734985,base_link,0.2533902116246269,-6.784330077061196,8.296068553209306e-22,1.0161595474261341e-22,3.813964540513177e-22,-0.484500820018512,0.8747908066511613,[ 1.45872729e-03 -2.17525056e-04  7.41786254e-04 -3.21180258e-04
  1.13941289e-03 -7.17914708e-04  3.90285219e-04  9.36818309e-04
  1.42462672e-03  6.65976818e-05 -2.36186622e-04  1.48954017e-04
 -2.67344774e-20 -4.32516199e-20  9.99088101e-07  1.95268855e-15
 -1.29716012e-14 -6.75593115e-24 -3.13402190e-20  1.02702745e-20
  1.95268855e-15  9.98179519e-07  2.77687763e-20  4.98668357e-24
  7.72917564e-21 -3.75870870e-21 -1.29716012e-14  2.77691979e-20
  9.98179519e-07 -1.67359953e-23  3.65996836e-18  1.90887953e-18
  5.05846177e-18 -4.24095650e-19  1.50376756e-18  9.99999095e-10],0.45330412167668055,0.06323845825794518,-1.1416020218711918e-21,8.085605617793145e-27,-8.166686375201979e-26,0.31379054010139085,[ 6.07188841e-02 -1.38643198e-04 -3.27232577e-06 -3.04114883e-11
  8.81556811e-11 -2.98375185e-04  3.42207029e-04  3.63450050e-02
  8.49261974e-04 -1.64939228e-11  3.20223380e-11 -2.23981937e-04
  2.07099556e-19 -5.37764278e-17  9.98633396e-07  4.78106079e-24
 -3.17641231e-23  5.44618651e-23 -6.26847808e-25 -3.39273298e-25
  4.78104847e-24  9.94577954e-07  2.68350821e-28 -1.22850458e-28
  2.71418638e-24  9.82276977e-25 -3.17640643e-23  2.68350923e-28
  9.94577954e-07  1.04375469e-27 -2.45130955e-13  1.27833855e-12
  3.01151049e-14  9.39790844e-22 -2.40240738e-21  3.49066318e-02]
11.211174726486206,base_link,0.30613983794489574,-6.850527894861807,1.245253059159227e-21,6.10261829401899e-22,1.8916467934629495e-21,-0.4483808619902908,0.8938426050490342,[ 1.30198663e-03 -1.47346553e-04  2.20043275e-04 -1.53018056e-04
  1.07259284e-03 -4.39806484e-04  2.04127718e-04  6.59008452e-04
  7.71175982e-04  1.27999294e-05 -8.97429954e-05  3.68102186e-05
 -1.61995051e-20  1.45319090e-20  9.98798396e-07  2.52459784e-15
 -1.91118602e-14  1.91929241e-24  1.15143541e-21  2.16721320e-22
  2.52459784e-15  9.97602546e-07  4.01334104e-20  8.72013881e-24
  3.04931861e-20 -3.52048069e-21 -1.91118602e-14  4.01356419e-20
  9.97602546e-07 -5.47972883e-23  3.61002175e-18  2.20473267e-18
  3.43226494e-18 -2.83143461e-19  1.98751105e-18  9.99998804e-10],0.49521836638740935,0.06728236527943941,-3.955226531668617e-21,1.5164215188131287e-25,-4.1132143566759854e-25,0.3333705842199737,[ 6.05216973e-02  6.48102723e-05  1.51596419e-06 -1.04800772e-12
  7.66364058e-11 -1.76789438e-04  3.45744193e-04  3.62102985e-02
  8.45786047e-04  2.23670217e-12  4.80283044e-11 -1.38676356e-04
  1.77665161e-19  9.92044988e-17  9.98199754e-07  6.11482216e-24
 -4.63006790e-23  6.56878607e-23  1.55500262e-26 -2.18104263e-26
  6.11477841e-24  9.92875682e-07  3.80881580e-28 -1.27593894e-27
 -9.82276977e-25 -6.13923111e-25 -4.63005308e-23  3.80880615e-28
  9.92875682e-07  3.36339561e-27 -2.57359468e-13  1.31627348e-12
  3.09954046e-14 -2.06616047e-22 -1.82967189e-21  3.49025091e-02]
11.273942708969116,base_link,0.3685737380717521,-6.913910680652781,6.187456366815763e-23,-5.830279804341642e-22,-4.1717072763556626e-22,-0.39431756574892723,0.9189742419359971,[ 1.45127473e-03 -2.15443724e-04  4.91599689e-04 -2.54426503e-04
  1.00144870e-03 -4.78664444e-04  3.53416195e-04  7.31943437e-04
  9.90006448e-04  4.71068397e-05 -1.85434850e-04  8.87120925e-05
  1.19444880e-21  1.73112359e-20  9.99185102e-07  1.81551884e-15
 -1.37324398e-14 -2.15686796e-24 -2.75285708e-21  1.49554255e-21
  1.81551884e-15  9.98372852e-07  3.05746234e-20  9.62440566e-24
 -2.78462081e-20  1.27584338e-20 -1.37324398e-14  3.06023392e-20
  9.98372852e-07  1.43608317e-23  2.82369848e-18  1.66540636e-18
  4.38538745e-18 -2.45505935e-19  9.66419581e-19  9.99999193e-10],0.5292704232183381,0.0707109405701542,-2.9057705661063643e-21,9.260869212321649e-26,-1.8631276905038467e-25,0.3676611693762152,[ 6.06969505e-02  2.22481322e-05  5.15196292e-07 -1.70150117e-11
  7.39830733e-11 -2.44274457e-04  4.79048234e-04  3.62522602e-02
  8.47376054e-04 -3.04808394e-12  1.76260851e-11 -1.23340711e-04
 -3.93870320e-20 -6.51605506e-17  9.98778646e-07  4.42214417e-24
 -3.34601316e-23 -7.98971388e-23  3.06961555e-25  5.49299626e-26
  4.42214177e-24  9.95149993e-07  2.92840795e-28 -7.00293897e-28
 -9.82276977e-25 -2.32644547e-25 -3.34601728e-23  2.92840485e-28
  9.95149993e-07  1.27663342e-27 -2.71245347e-13  1.33833916e-12
  3.15323777e-14  1.09781541e-22 -6.71782372e-22  3.48993609e-02]
11.314830541610718,base_link,0.43803268727417455,-6.954530271925512,1.1798990280548282e-21,4.253931483803071e-23,4.4502833294824805e-22,-0.33496608270611045,0.9422301860142898,[ 1.45582313e-03 -1.61487493e-04  4.65930216e-04 -2.02489175e-04
  9.02722518e-04 -4.18924312e-04  3.02296074e-04  6.17615995e-04
  8.13750494e-04  3.66789367e-05 -1.63468286e-04  7.59521834e-05
 -3.86458782e-20 -7.23683774e-20  9.99106036e-07  2.07092433e-15
 -1.60148458e-14 -9.96325709e-24 -1.34466480e-20  4.59250676e-21
  2.07092434e-15  9.98215261e-07  3.70965233e-20  1.38715618e-24
  4.72220868e-20 -2.22875544e-20 -1.60148459e-14  3.70962203e-20
  9.98215261e-07 -6.80729725e-24  4.16053609e-18  3.09497567e-18
  4.79598623e-18 -1.26988648e-19  5.66048642e-19  9.99999114e-10],0.5715257990814072,0.0829381338986553,1.2739872325071887e-20,2.0708052141687145e-26,-2.0306719777193412e-25,0.4167830824000716,[ 6.06849545e-02  1.20746437e-04  2.83421931e-06 -2.25732206e-11
  8.43963594e-11 -2.27448303e-04  5.00787050e-04  3.62031460e-02
  8.46183258e-04 -6.11293361e-12  1.45818517e-11 -9.79015661e-05
 -3.68459332e-19 -1.10154941e-16  9.98660251e-07  5.05641754e-24
 -3.91122899e-23 -1.01822266e-22  5.16987883e-26  1.29246971e-26
  5.05644035e-24  9.94683619e-07  3.56673118e-28 -7.62941533e-29
  1.68021062e-25  2.90805684e-26 -3.91123497e-23  3.56673221e-28
  9.94683619e-07  9.28633663e-28 -2.86022399e-13  1.36873846e-12
  3.22423939e-14  2.79159932e-22 -6.52319394e-22  3.48969675e-02]
11.366808891296387,base_link,0.5314737246814404,-7.006572394778923,1.6652196070955705e-22,1.372258741204755e-22,9.954272354683796e-22,-0.2661883861961891,0.96392102532016,[ 1.73206249e-03 -2.46781739e-04  7.90378962e-04 -3.23474682e-04
  9.75106210e-04 -4.73543834e-04  5.15166845e-04  7.66263169e-04
  8.98541865e-04  8.79232964e-05 -2.64940976e-04  1.28785446e-04
  6.19392843e-21  5.13513724e-21  9.99262586e-07  1.97254274e-15
 -1.45593345e-14 -2.26569272e-24 -2.03287907e-20  8.94678551e-21
  1.97254274e-15  9.98527342e-07  3.89410759e-20  2.13530268e-24
  4.83867571e-20 -3.69518123e-20 -1.45593345e-14  3.89345062e-20
  9.98527342e-07 -1.60597277e-23  4.15903703e-18  3.74221638e-18
  4.96359472e-18  1.63751932e-19 -4.92836529e-19  9.99999271e-10],0.6267075081064247,0.09160243631654366,1.30246713530086e-22,5.98955953627773e-26,1.0650416979646421e-25,0.4650488635891147,[ 6.10308167e-02  6.20107166e-05  1.45712258e-06 -3.51484847e-11
  7.58164412e-11 -2.90540967e-04  6.76435186e-04  3.62865925e-02
  8.48407555e-04 -4.50346943e-12 -4.14182970e-12 -7.59990498e-05
  3.70576914e-20  2.12503626e-17  9.98894692e-07  4.83918274e-24
 -3.57269597e-23 -4.20047291e-23  3.55429169e-25  4.52364397e-26
  4.83918584e-24  9.95607836e-07  3.77434390e-28 -2.79909921e-28
  2.71418638e-25 -1.45402842e-26 -3.57269702e-23  3.77434057e-28
  9.95607836e-07 -5.00461014e-28 -3.24388791e-13  1.41591600e-12
  3.33633254e-14 -1.48050114e-22  1.63449664e-21  3.48974884e-02]
11.41855001449585,base_link,0.6379582556283778,-7.0348750924458585,-1.831252241029339e-22,3.3189655121418204e-22,9.749410846345301e-22,-0.19497615760165932,0.980807982210021,[ 1.61631239e-03 -2.71038181e-04  6.49870991e-04 -3.14641358e-04
  9.86386186e-04 -4.16422195e-04  4.85676341e-04  6.65398082e-04
  7.15884001e-04  7.12419611e-05 -2.23321027e-04  9.43790044e-05
  3.97046694e-21  3.97046694e-21  9.99362669e-07  1.99046865e-15
 -1.36271360e-14  8.62038956e-25  1.28907827e-20 -8.21886657e-21
  1.99046865e-15  9.98726960e-07  4.25637916e-20 -1.84897089e-24
  2.78991477e-20 -2.05405490e-20 -1.36271360e-14  4.25489199e-20
  9.98726960e-07 -1.39147728e-23  3.30583538e-18  3.58941751e-18
  3.78633324e-18  2.45271135e-19 -7.68741000e-19  9.99999372e-10],0.6751354070479674,0.10827933106298225,-4.171203045167301e-23,3.7083375963885065e-26,-7.28438685499337e-26,0.5108882810033765,[ 6.11106908e-02  3.81653663e-05  8.97665363e-07 -2.36798642e-11
  6.89744397e-11 -2.59983794e-04  6.52434304e-04  3.61661911e-02
  8.45743190e-04  1.95613765e-12 -9.05385618e-12 -5.14738902e-05
 -4.70103286e-20 -4.49943902e-17  9.99044612e-07  4.88456172e-24
 -3.34520230e-23 -1.61743118e-23  4.20052655e-25 -3.47351234e-26
  4.88455384e-24  9.96200176e-07  4.12585807e-28 -1.46555072e-28
  1.09859925e-24 -1.47018429e-25 -3.34519979e-23  4.12585761e-28
  9.96200176e-07  2.87577576e-28 -3.58871603e-13  1.50592039e-12
  3.54922773e-14 -4.55671358e-22  1.64258008e-21  3.48976775e-02]
11.473055362701416,base_link,0.7693023630850694,-7.0819837595792485,-2.910915144023922e-22,3.114960580028549e-22,1.261032707891035e-22,-0.10443214340133279,0.9945320142783758,[ 1.71873895e-03 -2.69979297e-04  8.73050108e-04 -3.52153641e-04
  8.16789180e-04 -3.84112021e-04  5.88950090e-04  6.95970724e-04
  8.02102381e-04  1.14682661e-04 -2.65965066e-04  1.25169084e-04
 -4.61632956e-20 -1.86082551e-20  9.99168047e-07  2.60040597e-15
 -1.99043056e-14  4.72518846e-24 -4.81749989e-21  2.67344774e-21
  2.60040596e-15  9.98338854e-07  6.22246957e-20 -4.86200267e-24
  4.83867571e-20 -3.08637630e-20 -1.99043056e-14  6.22118627e-20
  9.98338854e-07 -2.74191610e-24  3.03738467e-18  5.75894268e-18
  4.87517255e-18  1.06643018e-18 -2.47269481e-18  9.99999177e-10],0.7506449045530307,0.10646526585012288,-3.203966058570151e-20,3.425401472584932e-26,1.2237518583830071e-26,0.5702547173402188,[ 6.14213621e-02 -2.36536143e-05 -5.63346080e-07 -4.00373159e-11
  8.16127616e-11 -2.56281187e-04  6.87863445e-04  3.61404419e-02
  8.44972066e-04  5.57751276e-12 -1.58430285e-11 -3.43679447e-06
  1.96935160e-20 -2.64545330e-17  9.98753106e-07  6.32678256e-24
 -4.84529351e-23  2.32507942e-22 -1.44756607e-24  2.01140598e-25
  6.32667436e-24  9.95049315e-07  5.94398698e-28 -1.62468668e-28
  3.20532487e-24 -6.23616634e-25 -4.84526535e-23  5.94398540e-28
  9.95049315e-07 -6.20231422e-29 -3.81389419e-13  1.58640462e-12
  3.73754171e-14 -2.04472750e-22  5.79058835e-22  3.48932486e-02]
11.518669366836548,base_link,0.8766648998113855,-7.0853218092573504,4.883795266867785e-22,-7.514978123681634e-23,-1.400205645070245e-22,-0.025885714146752045,0.9996649087584862,[ 1.71198290e-03 -2.92503744e-04  7.78389408e-04 -3.55503223e-04
  8.61046088e-04 -3.47194215e-04  5.51626228e-04  6.41796272e-04
  7.57483328e-04  1.06117940e-04 -2.56959759e-04  1.03719812e-04
 -3.60518398e-20 -1.16334681e-20  9.99301101e-07  2.34580925e-15
 -1.77020634e-14 -8.11044721e-24 -2.47757137e-20  1.53789419e-20
  2.34580926e-15  9.98604152e-07  5.94132997e-20  1.08154497e-24
  5.71217844e-20 -5.03984604e-20 -1.77020634e-14  5.94180881e-20
  9.98604152e-07  2.06348336e-24  1.82207856e-18  6.48632809e-18
  4.19347789e-18  1.18405325e-18 -2.86657102e-18  9.99999311e-10],0.7946019137491599,0.11510245230548968,1.895477154187301e-20,-6.102706790794394e-26,3.661829556412151e-25,0.6189821076212654,[ 6.15994054e-02 -1.14887953e-04 -2.71416515e-06 -3.14415438e-11
  5.81938636e-11 -2.29272533e-04  5.98347280e-04  3.60567570e-02
  8.43232619e-04  9.04108850e-12 -2.64338354e-11  1.23716130e-05
 -2.21075599e-19  6.81963166e-17  9.98952383e-07  5.74157307e-24
 -4.33493672e-23 -1.84298361e-22 -2.30705843e-24  6.64006312e-25
  5.74163268e-24  9.95835634e-07  5.73521171e-28  2.66733159e-28
  3.25056131e-24 -1.47341547e-24 -4.33495218e-23  5.73520898e-28
  9.95835634e-07 -1.53464034e-27 -3.91385275e-13  1.65465558e-12
  3.89899855e-14 -1.33973024e-21  3.63732348e-21  3.48920768e-02]
11.56442642211914,base_link,0.9974973621952279,-7.072642009865368,1.0703049066024158e-21,-6.212377777404296e-22,8.798984685926828e-22,0.07508715277559763,0.9971769750089771,[ 1.60201506e-03 -2.30507590e-04  6.53254869e-04 -2.55925344e-04
  8.41110866e-04 -3.50988968e-04  5.14633412e-04  5.86007518e-04
  1.05664693e-03  6.14290253e-05 -2.01952437e-04  8.43471668e-05
  4.36221968e-20  1.00743981e-19  9.99250893e-07  2.64353524e-15
 -2.02363268e-14 -6.44205734e-24 -2.38228016e-21  2.56756862e-21
  2.64353525e-15  9.98504026e-07  7.13956838e-20  6.99690176e-24
  5.95040645e-20 -3.37754388e-20 -2.02363268e-14  7.14037261e-20
  9.98504026e-07 -1.19549825e-23 -1.24037491e-19  4.35680537e-18
  6.01929256e-18  1.06832602e-18 -3.51355129e-18  9.99999261e-10],0.8495431183242124,0.1234434697762783,1.6980512733816084e-20,6.092488248266476e-27,1.9430308112856593e-25,0.6896119471806035,[ 6.15895466e-02 -1.93767250e-04 -4.57265239e-06 -9.05243399e-12
  5.75004026e-11 -2.23859399e-04  4.56717797e-04  3.59990597e-02
  8.41871057e-04  8.74243470e-12 -2.53052561e-11  2.57588030e-05
  1.07573184e-19 -1.98408998e-17  9.98877179e-07  6.47046935e-24
 -4.95554761e-23 -1.25250141e-22  3.23117427e-26 -3.23117427e-26
  6.47051881e-24  9.95538694e-07  6.89426744e-28 -2.31635450e-29
  2.39753131e-24 -1.05336281e-24 -4.95555585e-23  6.89426483e-28
  9.95538694e-07 -7.31653497e-28 -4.10208976e-13  1.75206377e-12
  4.12857029e-14 -1.27102193e-21  4.03960873e-21  3.48909745e-02]
11.623124361038208,base_link,1.1384853511444661,-7.014864481306709,-1.2087865222517325e-22,-1.100629588722926e-22,4.2104378989031444e-23,0.16313018907324964,0.986604551688733,[ 1.67913674e-03 -2.31707279e-04  7.91578003e-04 -2.75361812e-04
  8.64147786e-04 -3.74621801e-04  5.71925862e-04  6.87331863e-04
  1.15276811e-03  9.07843862e-05 -2.84905348e-04  1.23607231e-04
 -8.76149705e-20 -9.86263988e-20  9.99392413e-07  2.48599197e-15
 -1.78086295e-14  6.55670162e-24 -1.19643404e-20  1.00188116e-20
  2.48599197e-15  9.98786299e-07  7.28597124e-20  2.57298238e-24
  8.15269212e-20 -6.68626633e-20 -1.78086295e-14  7.28646016e-20
  9.98786299e-07 -1.41436618e-24 -1.52050190e-18  5.10140730e-18
  5.02944223e-18  1.48762184e-18 -4.66859192e-18  9.99999403e-10],0.9062641717670519,0.14297196834465617,-2.5424633619133086e-20,-6.813108892422273e-27,-3.018122294362542e-26,0.7271521477666023,[ 6.17958744e-02 -3.94005328e-04 -9.29401459e-06 -1.27882790e-11
  4.11019899e-11 -2.20247290e-04  3.28131020e-04  3.60369682e-02
  8.43020561e-04  1.10607434e-11 -3.47111500e-11  7.24985667e-05
  2.30392962e-19 -2.08166817e-17  9.99089171e-07  6.05927560e-24
 -4.34477140e-23  2.30492857e-22  1.23269298e-24 -1.06628751e-24
  6.05921537e-24  9.96376405e-07  6.98200689e-28  4.71548188e-29
 -1.84176933e-24  1.55742600e-24 -4.34475578e-23  6.98200773e-28
  9.96376405e-07  2.10125895e-28 -4.15722361e-13  1.82990428e-12
  4.31263118e-14 -5.71724600e-22  1.81007126e-21  3.48885759e-02]
11.667442560195923,base_link,1.232590294912029,-6.976406412321337,-6.022750558174984e-23,-1.8717369528778396e-22,3.928109612944279e-22,0.2651040821702282,0.964219801506213,[ 1.92759564e-03 -3.02822649e-04  1.22391768e-03 -3.76526222e-04
  8.81538325e-04 -3.66088078e-04  8.26553354e-04  7.69471182e-04
  1.39745042e-03  1.72892572e-04 -4.04706395e-04  1.68215144e-04
 -9.06325254e-20 -5.76511800e-20  9.99334051e-07  2.73775588e-15
 -2.00699856e-14 -5.61313157e-24  1.16467030e-20 -1.09055492e-20
  2.73775589e-15  9.98669872e-07  8.25055583e-20  1.46319036e-24
  2.59933236e-20 -3.35636805e-20 -2.00699857e-14  8.24996149e-20
  9.98669872e-07 -9.21049579e-24 -3.24260135e-18  5.78829684e-18
  3.16282922e-18  2.48300974e-18 -5.81132669e-18  9.99999345e-10],0.9330569435590821,0.1410597395429551,3.1617637849286975e-20,-2.1613769977109312e-26,-7.326019495610863e-26,0.7954243774335539,[ 6.21460614e-02 -6.13171607e-04 -1.44631342e-05 -1.38781126e-11
  1.44367226e-11 -1.79291346e-04  3.69638205e-04  3.60767841e-02
  8.43938652e-04  2.16241334e-11 -4.86499606e-11  1.05859702e-04
 -4.26735199e-18  2.49041239e-16  9.99001740e-07  6.69391069e-24
 -4.91081216e-23 -2.25806928e-22  7.25398623e-25 -1.13091099e-24
  6.69397492e-24  9.96030658e-07  7.95031379e-28  1.24499595e-28
 -4.42670875e-25  1.49280251e-24 -4.91083573e-23  7.95031633e-28
  9.96030658e-07  4.51341494e-28 -4.47537190e-13  1.91180405e-12
  4.50545607e-14 -2.36346901e-21  4.93158359e-21  3.48875154e-02]
11.715816020965576,base_link,1.328066764296428,-6.887028889574505,8.673511079822267e-24,-5.730825189174495e-22,7.385114793492027e-22,0.34097906285796287,0.9400708902484458,[ 1.82531273e-03 -2.76557752e-04  1.06262975e-03 -3.29020763e-04
  7.13581181e-04 -4.26094285e-04  7.79144000e-04  7.78087182e-04
  1.49236643e-03  1.21416034e-04 -2.63386922e-04  1.57415015e-04
 -2.14405215e-20 -3.81164826e-20  9.98781265e-07  5.66708801e-15
 -3.89660056e-14 -5.54670005e-24 -1.15143541e-20  1.72053567e-20
  5.66708802e-15  9.97568450e-07  1.81174115e-19  1.04211752e-23
  4.75397242e-20 -3.76929662e-20 -3.89660056e-14  1.81164591e-19
  9.97568450e-07 -3.49970604e-23 -6.85277613e-18  6.34903203e-18
  2.24851350e-18  2.74123583e-18 -5.94932859e-18  9.99998791e-10],0.9781384039206402,0.15601905219538573,4.329485595680566e-20,3.4278323783025857e-26,1.0494624394668228e-25,0.8255633441855339,[ 6.19287219e-02 -7.29061663e-04 -1.71679167e-05  3.16256484e-12
  1.79619430e-11 -1.68963790e-04  2.14945525e-04  3.61354351e-02
  8.44703539e-04  1.66062297e-11 -4.70420244e-11  1.31727862e-04
 -4.64174055e-19  2.27682456e-17  9.98174119e-07  1.37521648e-23
 -9.45954902e-23 -4.13541296e-22  1.06224854e-25  5.55761974e-25
  1.37523811e-23  9.92775379e-07  1.72479322e-27 -3.54369868e-28
  1.45402842e-25 -3.94203261e-25 -9.45958151e-23  1.72479225e-27
  9.92775379e-07 -1.21011708e-27 -4.55414352e-13  1.99035233e-12
  4.68633959e-14 -2.24136514e-21  6.06482658e-21  3.48831467e-02]
11.758426666259766,base_link,1.3702459723243627,-6.802434777118325,-3.3070514992988385e-22,3.314269568058933e-23,-5.571651215396684e-23,0.3742300972854239,0.9273358799732393,[ 1.81187002e-03 -2.14333562e-04  1.02552001e-03 -2.53248340e-04
  7.74979381e-04 -3.70924463e-04  7.75582706e-04  6.71751749e-04
  1.67330469e-03  9.12780327e-05 -2.79337682e-04  1.33787207e-04
 -3.12449278e-19 -3.93129167e-19  9.99395027e-07  2.73649205e-15
 -1.96629574e-14  3.79294783e-24 -1.77612221e-20  1.49421906e-20
  2.73649205e-15  9.98791514e-07  8.89418455e-20  1.57279297e-25
  6.17804656e-20 -4.79632406e-20 -1.96629574e-14  8.89413058e-20
  9.98791514e-07 -1.27284848e-24 -5.98107500e-18  3.82919168e-18
  1.54266214e-18  1.67706961e-18 -5.13253315e-18  9.99999406e-10],0.9880290626537948,0.1763056805969121,6.534693658711456e-21,-1.1861082606326514e-26,7.672129361601687e-26,0.8106506947966267,[ 6.17498227e-02 -8.52055848e-04 -2.00897033e-05 -4.03790294e-13
  4.49470896e-12 -1.20005956e-04  6.55166805e-05  3.61523628e-02
  8.45963551e-04  1.23531532e-11 -3.88714922e-11  1.26749486e-04
 -5.64462756e-18  2.37765536e-16  9.99093087e-07  6.67312350e-24
 -4.80034320e-23  1.00409826e-22 -3.53409686e-27  9.37040538e-26
  6.67310921e-24  9.96391901e-07  8.53108497e-28 -5.41184633e-29
  3.31195362e-26 -2.97268033e-25 -4.80034207e-23  8.53108559e-28
  9.96391901e-07  4.37063557e-28 -4.53042985e-13  2.02958483e-12
  4.78319202e-14 -9.01298650e-22  2.88312790e-21  3.48826906e-02]
11.826977729797363,base_link,1.4703894291667512,-6.730168143209751,1.1080149704725633e-21,-5.424922147128948e-22,5.023360534659203e-22,0.47089133700637925,0.8821912200494543,[ 2.15353258e-03 -3.38273589e-04  1.66338046e-03 -4.13274761e-04
  5.28539849e-04 -2.79219496e-04  1.04566241e-03  8.46839544e-04
  2.04384857e-03  3.08561536e-04 -3.94430496e-04  2.08644336e-04
 -5.21984054e-20 -4.45751088e-20  9.99302148e-07  3.50055439e-15
 -2.29633352e-14 -1.06191012e-23 -1.03761536e-20  1.90053018e-20
  3.50055442e-15  9.98606241e-07  1.15181038e-19  4.01809134e-24
  5.82335151e-21 -7.12566467e-20 -2.29633352e-14  1.15171145e-19
  9.98606241e-07 -1.18271331e-23 -6.75500586e-18  5.04202710e-18
 -2.62258438e-18  3.42769865e-18 -4.38060788e-18  9.99999313e-10],0.9802662640738168,0.15234256086584327,6.031020162329009e-20,-2.7024897983590184e-26,-2.652630342640545e-25,0.8446105022079387,[ 6.19614276e-02 -1.16457790e-03 -2.74663868e-05  2.22400594e-11
 -4.82327873e-11 -1.12347319e-05  7.20471144e-05  3.63290310e-02
  8.50084337e-04  3.13632362e-11 -2.86635420e-11  1.32570430e-04
 -1.44334414e-18  4.45607093e-17  9.98953951e-07  8.56312383e-24
 -5.62094045e-23 -2.83065160e-22  1.01781989e-24  1.43464137e-24
  8.56323378e-24  9.95841825e-07  1.11088661e-27  1.32421271e-28
  1.29246971e-24  7.65788301e-25 -5.62096945e-23  1.11088731e-27
  9.95841825e-07  1.30175185e-27 -5.02687302e-13  2.16071605e-12
  5.09198165e-14 -3.76328841e-21  2.82062045e-21  3.48818106e-02]
11.8641676902771,base_link,1.551388433914607,-6.666650420656538,-3.545100301949339e-21,1.467567779563699e-22,-1.9626162892374206e-22,0.47410731783696347,0.8804670642184411,[ 2.19426840e-03 -3.25616449e-04  1.46301130e-03 -3.76434536e-04
  5.15871136e-04 -2.78452308e-04  1.04635040e-03  7.22658602e-04
  2.33371006e-03  2.09450089e-04 -2.87053103e-04  1.55088183e-04
 -2.91485213e-19 -4.36221968e-19  9.99107743e-07  3.68805952e-15
 -2.91863601e-14 -1.64136558e-23 -1.33407689e-20  2.33463456e-20
  3.68805955e-15  9.98218660e-07  1.20636078e-19  1.77180102e-24
  4.76456033e-21 -7.14684049e-21 -2.91863601e-14  1.20626308e-19
  9.98218660e-07 -9.67295478e-24 -8.15998537e-18  3.98589779e-18
 -1.83356678e-18  2.65373501e-18 -3.63723078e-18  9.99999118e-10],1.0158626080437647,0.13027087163348108,-3.788424786801924e-21,3.353355322996626e-26,4.271240817373366e-26,0.7998244279457604,[ 6.17105064e-02 -1.25079602e-03 -2.94796098e-05  2.14312386e-11
 -2.66525651e-11 -1.81892865e-05 -2.23740935e-05  3.63714695e-02
  8.50884318e-04  2.15055183e-11 -3.20279323e-11  1.19255871e-04
  2.84264257e-18 -8.19656842e-17  9.98662805e-07  8.98338345e-24
 -7.11401564e-23 -9.78787057e-25  4.16821481e-25  4.16821481e-25
  8.98333746e-24  9.94693651e-07  1.15529048e-27  4.74633731e-28
 -4.55595572e-25 -5.55761974e-25 -7.11402056e-23  1.15529122e-27
  9.94693651e-07  5.07512014e-28 -5.14943123e-13  2.23263075e-12
  5.25985488e-14 -1.92744339e-21  3.05066441e-21  3.48795248e-02]
11.919955968856812,base_link,1.6504393609764914,-6.56292038704366,4.631546003225053e-21,-1.4408958409387532e-23,-3.146045639700911e-23,0.41294656816315667,0.9107552535353675,[ 2.14773254e-03 -2.97245104e-04  1.31991813e-03 -3.41140398e-04
  6.37137991e-04 -2.98293089e-04  9.98695032e-04  6.12824631e-04
  2.56280459e-03  1.24431759e-04 -2.32401362e-04  1.08875248e-04
  1.97993951e-20  3.09167026e-20  9.99293167e-07  2.30851073e-15
 -2.41551541e-14  1.80072091e-23 -5.63806306e-21  4.68515099e-21
  2.30851070e-15  9.98588330e-07  7.88917492e-20 -4.98601273e-25
  2.85873620e-21 -2.27640105e-21 -2.41551541e-14  7.88901085e-20
  9.98588330e-07 -5.06184434e-25 -1.01156877e-17  3.28877396e-18
  2.41748804e-18  2.27182060e-18 -4.24319049e-18  9.99999304e-10],1.0553206964166177,0.11233524732839122,-2.723880823622384e-20,-4.288716681095037e-26,2.983444372662546e-25,0.6549443488232789,[ 6.14582584e-02 -1.24500692e-03 -2.93860196e-05  1.36995191e-12
 -1.82943722e-12 -5.10970565e-05 -8.68290663e-05  3.63769531e-02
  8.51268225e-04  1.72133833e-11 -3.28999014e-11  1.21261460e-04
  5.27532120e-18 -1.52764086e-16  9.98940499e-07  5.66813082e-24
 -5.93407410e-23  3.06100208e-22 -2.08006843e-26 -2.52031593e-25
  5.66804889e-24  9.95788715e-07  7.65784474e-28 -2.39437585e-28
  2.74649813e-26  4.07127958e-25 -5.93407685e-23  7.65785171e-28
  9.95788715e-07  1.92205635e-27 -5.26279541e-13  2.35872433e-12
  5.55935988e-14 -5.12441421e-21  9.60576576e-21  3.48824987e-02]
11.967331409454346,base_link,1.746736526151035,-6.5124459837464155,-5.9866050173130325e-22,-2.062576999704641e-22,1.8263714316341409e-22,0.36212777729158485,0.9321284637397661,[ 1.82500365e-03 -1.57159811e-04  9.84933807e-04 -1.57865339e-04
  5.42925747e-04 -3.40617118e-05  8.74728896e-04  1.67421735e-04
  3.44390037e-03  9.60088801e-05 -3.30359716e-04  2.07626331e-05
 -1.33301810e-19 -5.73441305e-19  9.99221261e-07  2.22366145e-15
 -2.72687338e-14  2.01269694e-24 -9.24787925e-22  2.04346699e-20
  2.22366148e-15  9.98444941e-07  7.78550928e-20  6.23906082e-25
  1.33407689e-20 -4.42574715e-20 -2.72687338e-14  7.78601493e-20
  9.98444941e-07 -1.05273004e-24 -5.29369619e-18  2.05515008e-18
  1.78094400e-17  1.62873885e-18 -5.60519651e-18  9.99999230e-10],1.0609474971333288,0.08151529234946533,-3.843385647637092e-20,3.973098949196473e-26,-9.731664130685455e-26,0.5457245044761236,[ 6.11307479e-02 -1.17793679e-03 -2.77950566e-05  1.50087504e-11
 -3.57161089e-11 -5.43414123e-06 -2.13034451e-04  3.61292362e-02
  8.45358868e-04  1.19739889e-11 -4.75751281e-11  1.85822683e-05
 -2.56481576e-18  7.79541362e-17  9.98832798e-07  5.44470179e-24
 -6.68070443e-23  3.36606065e-23 -1.90639282e-25 -1.51865191e-25
  5.44469550e-24  9.95363586e-07  7.52296689e-28 -6.04019203e-29
  8.85341749e-25  1.16968508e-24 -6.68069598e-23  7.52296549e-28
  9.95363586e-07  1.29091116e-28 -5.18811123e-13  2.53552734e-12
  5.97615988e-14 -2.30970323e-21  8.89851443e-21  3.48824015e-02]
12.007341861724854,base_link,1.818656582779251,-6.463559401228399,-2.420210013553913e-21,3.4526390127332485e-23,-5.502233871425381e-24,0.3312780081746475,0.9435331903541275,[ 1.99099246e-03 -1.34559581e-04  7.98291428e-04 -1.35842008e-04
  7.09592734e-04 -2.30401039e-05  7.17919553e-04  8.85475019e-05
  2.41442128e-03  4.48035637e-05 -2.34095372e-04  7.60559482e-06
  6.81861523e-20  1.35101755e-19  9.99583792e-07  8.13327267e-16
 -1.44037198e-14 -3.49993688e-25 -2.50139417e-21  2.80579664e-21
  8.13327286e-16  9.99168275e-07  2.81438217e-20  9.81819642e-26
 -5.19337076e-20  3.84341200e-20 -1.44037199e-14  2.81451843e-20
  9.99168275e-07 -2.81556258e-25 -2.86692032e-18  1.65954765e-18
  8.56774105e-18  8.10477105e-19 -4.23530463e-18  9.99999593e-10],1.067826443713815,0.06914711785602905,-2.718913036258001e-20,-8.552612096039461e-27,6.821610324878713e-27,0.47460497451275074,[ 6.12598131e-02 -1.16901100e-03 -2.76719371e-05 -7.36254775e-13
  1.17578703e-11 -9.46612607e-06 -3.46876681e-04  3.61330509e-02
  8.45846138e-04  5.20393687e-12 -3.06432849e-11  1.12117476e-05
 -1.34034494e-17  4.09611581e-16  9.99375946e-07  1.99611124e-24
 -3.54140350e-23  1.21683877e-23 -2.31230909e-26  1.63174301e-25
  1.99612397e-24  9.97513068e-07  2.73068099e-28 -7.84464519e-30
  3.52197995e-25 -9.11191144e-25 -3.54140719e-23  2.73068093e-28
  9.97513068e-07  3.46957698e-29 -5.05380893e-13  2.61857203e-12
  6.17709909e-14 -4.52710629e-22  3.30178225e-21  3.48896557e-02]
12.064889192581177,base_link,1.9553635352632814,-6.40705137527643,-2.2897498856637363e-21,-1.285900510434504e-22,2.659328652266661e-22,0.2610529067635301,0.9653244945977035,[ 1.52288738e-03 -4.32501256e-05  4.19523919e-04 -3.89232481e-05
  4.65668380e-04  6.05920617e-05  4.58238072e-04  1.38723199e-04
  2.58566491e-03  1.49069630e-05 -1.78905048e-04 -2.33291928e-05
  2.01699721e-20  2.72321093e-19  9.98937876e-07  1.50602172e-15
 -3.76573475e-14  9.25205277e-24  6.35274710e-21  6.08143186e-21
  1.50602173e-15  9.97880251e-07  5.33933851e-20 -3.12015514e-25
  6.98802181e-21 -1.17525821e-20 -3.76573477e-14  5.33939170e-20
  9.97880251e-07  2.91619791e-24 -9.90887100e-19  2.85442555e-18
  4.02857372e-17  5.05244102e-19 -6.07262133e-18  9.99998944e-10],1.0972967518254975,0.03825091472401918,-1.055261849979378e-20,3.560130709478764e-26,-3.419616025215243e-27,0.35081339198796146,[ 6.11241831e-02 -7.70635903e-04 -1.81758930e-05  7.24325893e-12
  3.35680131e-12  1.98972677e-05 -2.08932906e-04  3.59847546e-02
  8.41597683e-04  6.55461808e-13 -4.16612127e-11 -2.07543573e-05
 -9.96110746e-19  4.61870125e-17  9.98408503e-07  3.66777125e-24
 -9.17698304e-23 -1.33829937e-23  3.15039491e-25  2.70610845e-26
  3.66778822e-24  9.93694064e-07  5.11403863e-28  5.94118186e-29
  1.64789888e-25 -2.10026327e-24 -9.17697735e-23  5.11403600e-28
  9.93694064e-07 -1.00852661e-29 -5.20536522e-13  2.82149304e-12
  6.64929994e-14 -1.99577772e-22  6.53553966e-21  3.48863324e-02]
12.12303876876831,base_link,2.0752934329773436,-6.338530628653214,3.1358983727779026e-21,-8.158090680714833e-23,4.2844238155486215e-22,0.19701051277339215,0.9804013758949776,[ 1.70832576e-03 -6.63108040e-05  3.37867342e-04 -7.18088263e-05
  4.15055542e-04 -2.50654527e-05  2.01276436e-04  7.65118257e-05
  1.89878455e-03  1.07399660e-05 -6.19501217e-05  3.74758494e-06
  6.15687074e-20  4.10810979e-19  9.98936614e-07  6.62685773e-16
 -3.87422049e-14  1.32262522e-24  4.97631857e-21 -6.35274710e-22
  6.62685769e-16  9.97877737e-07  2.41438836e-20 -1.66765083e-26
 -4.89690923e-21  3.12343399e-21 -3.87422047e-14  2.41477025e-20
  9.97877737e-07  1.42775911e-24 -1.04424480e-17  1.73121000e-18
  2.76350767e-17  7.34771561e-19 -4.22456785e-18  9.99998944e-10],1.1172428482370906,0.03527549226393179,2.055928792477881e-20,-1.162580161476597e-27,-7.869315064300121e-26,0.24499148263297293,[ 6.13131552e-02 -7.34001398e-04 -1.72905985e-05 -1.57822947e-11
  1.37488887e-11 -1.71911725e-05 -3.62161547e-04  3.59721184e-02
  8.41377858e-04  7.68347819e-12 -1.58451868e-11  9.28772653e-06
 -2.79859686e-18  1.36284213e-16  9.98406613e-07  1.61158018e-24
 -9.43451235e-23 -3.70835055e-23  6.46234854e-26 -3.23117427e-26
  1.61161268e-24  9.93686636e-07  2.30782735e-28  1.66921270e-30
  3.23117427e-25 -3.71585041e-25 -9.43454256e-23  2.30782699e-28
  9.93686636e-07 -6.97486585e-29 -4.76250766e-13  2.89610003e-12
  6.82471488e-14 -9.44648949e-22  2.74990506e-21  3.48832366e-02]
12.161937475204468,base_link,2.1602931582796434,-6.293600768121896,-2.028354481759691e-21,-3.605713615307078e-23,1.9253645897129048e-23,0.12694170231722193,0.9919101795086115,[ 1.75578654e-03 -2.94500205e-05  2.28440858e-06 -2.33342644e-05
  5.48190733e-04 -2.15796170e-04  4.79415903e-05  3.98845805e-04
  3.26858946e-03  6.55612541e-07 -1.54651509e-05  6.10100470e-06
 -1.04224757e-21  3.08743509e-19  9.98974372e-07  1.21993860e-15
 -3.78236718e-14  1.72814490e-24  7.87475943e-22  5.00444271e-23
  1.21993859e-15  9.97952939e-07  4.49875629e-20  8.32546718e-25
  4.75926637e-20 -5.65129794e-21 -3.78236718e-14  4.49896040e-20
  9.97952939e-07 -6.45651512e-25 -3.66364332e-18  5.93518323e-18
  4.90782878e-17  7.14266056e-20 -1.68474455e-18  9.99998983e-10],1.1323207189151694,0.0396853109529296,8.886035956888332e-21,1.2796702398345913e-27,7.013337279620163e-26,0.14992006590926488,[ 6.15361648e-02 -5.07598743e-04 -1.19594538e-05  4.18277555e-12
  4.06378933e-11 -1.31286970e-04 -2.90643424e-04  3.60670090e-02
  8.43707522e-04 -1.51829236e-12 -9.82654508e-12  4.03574312e-05
 -1.65002018e-18  1.16443313e-16  9.98463132e-07  2.97287944e-24
 -9.22111115e-23  1.36637979e-22 -4.20052655e-26  1.51461294e-26
  2.97286901e-24  9.93908546e-07  4.31245853e-28 -9.41205971e-30
  8.46567658e-25 -2.05179566e-25 -9.22109244e-23  4.31245798e-28
  9.93908546e-07 -5.51701842e-28 -4.74956229e-13  2.92489644e-12
  6.89278124e-14  9.98919256e-23  1.52911678e-21  3.48813849e-02]
12.216310739517212,base_link,2.278960919717418,-6.25884064082879,9.393126627885702e-23,8.920102159880372e-24,-3.133583978893277e-22,0.06187787996631713,0.9980837279361257,[ 1.95862442e-03  4.48497303e-06 -1.20471690e-04  6.87292615e-06
  5.36923980e-04 -1.92314047e-04 -8.50288488e-05  3.68196655e-04
  2.66329713e-03  3.93360236e-07  3.07012527e-05 -1.10133746e-05
 -1.21264678e-21 -4.74338450e-19  9.99209773e-07  9.74620965e-16
 -2.91940763e-14 -7.18463487e-25 -6.30311627e-22 -5.54211010e-23
  9.74620965e-16  9.98422037e-07  3.60058046e-20  1.92454507e-25
 -1.76288732e-20 -4.23516474e-21 -2.91940763e-14  3.60061577e-20
  9.98422037e-07  5.13107091e-24 -2.58310721e-18  3.92734519e-18
  3.17313479e-17 -2.94857192e-21 -2.30300247e-19  9.99999218e-10],1.1406300860427023,0.03918203749718062,-2.7984012650814057e-21,1.5720322480687104e-27,-2.9614194851297185e-26,0.06386952979867729,[ 6.19001309e-02 -3.84118408e-04 -9.06630459e-06  8.80005814e-13
  3.20064421e-11 -1.22738225e-04 -3.06988135e-04  3.60147953e-02
  8.42769125e-04 -8.84051105e-14  2.33959852e-12  1.84142373e-05
  3.76082629e-19 -3.50197302e-17  9.98815593e-07  2.39136524e-24
 -7.16459265e-23 -1.12613239e-23 -4.03896783e-27  3.91275009e-28
  2.39136562e-24  9.95295742e-07  3.49076787e-28 -8.44966639e-30
 -1.35063084e-24 -1.00166402e-25 -7.16459381e-23  3.49076776e-28
  9.95295742e-07  1.40329590e-28 -4.40961937e-13  3.02934067e-12
  7.14240331e-14  7.87655330e-24 -2.64027582e-22  3.48841563e-02]
12.247302532196045,base_link,2.3329096054922283,-6.251591511015441,-2.48163012498364e-22,5.295276732691456e-25,-4.614898076208357e-23,0.04787956185122339,0.9988531161071356,[ 2.17782040e-03  5.59293985e-05 -2.75329702e-04  7.59414065e-05
  6.38860889e-04 -2.88502715e-04 -1.12650567e-04  5.20500194e-04
  3.62224170e-03  4.45122246e-06  3.74229737e-05 -1.69117395e-05
 -1.47171975e-20  2.57709774e-19  9.99462804e-07  6.59360483e-16
 -2.00433066e-14  2.77987715e-24 -1.63980285e-20 -1.04472911e-21
  6.59360483e-16  9.98926760e-07  2.46012939e-20  5.84285354e-26
 -2.41404390e-20 -3.32195734e-21 -2.00433066e-14  2.46010053e-20
  9.98926760e-07  1.58765660e-24 -3.38880842e-18  6.40871166e-18
  3.41735272e-17 -1.83863145e-21 -1.56545287e-20  9.99999472e-10],1.1270703189292137,0.03748964581537126,-3.3334955176116416e-22,2.8526289866060986e-28,-7.661084546352119e-27,0.044781167901884744,[ 6.22510430e-02 -2.71158293e-04 -6.40551422e-06  8.45725233e-12
  3.93585171e-11 -1.84510896e-04 -2.60192901e-04  3.60631943e-02
  8.44234195e-04 -6.91402908e-13  1.12054006e-12  1.79041530e-05
 -3.26107685e-19  4.30428262e-17  9.99194637e-07  1.61749632e-24
 -4.91828133e-23 -1.12781992e-23 -9.87123739e-25  8.07793567e-26
  1.61749580e-24  9.96793996e-07  2.38275347e-28 -2.72334398e-30
 -2.47507949e-24 -7.29033694e-26 -4.91828159e-23  2.38275342e-28
  9.96793996e-07  7.62709339e-29 -4.36153284e-13  3.08089665e-12
  7.26732829e-14  6.85904294e-23 -1.03205256e-22  3.48865502e-02]
12.316468477249146,base_link,2.4442691066867104,-6.239881179524095,-9.817648060662343e-23,4.300218794206993e-24,3.124184817173897e-23,-0.005375120689749901,0.9999855539344409,[ 2.07395657e-03  7.78521935e-05 -3.47851972e-04  8.57204960e-05
  5.56714707e-04 -2.26873519e-04 -2.47034590e-04  4.67094200e-04
  2.70758338e-03  1.45553028e-05  9.45670432e-05 -3.86020685e-05
  3.62635981e-21 -6.22569216e-20  9.99074268e-07  1.14159742e-15
 -3.33092098e-14  7.59295573e-24 -1.14150925e-22 -4.76456033e-22
  1.14159742e-15  9.98151953e-07  4.10773146e-20 -3.24105533e-25
 -1.24407964e-20 -1.03496838e-20 -3.33092097e-14  4.10774860e-20
  9.98151953e-07 -2.56098285e-24 -2.01107625e-18  6.16017904e-18
  3.48706069e-17  2.38341488e-19  1.54896288e-18  9.99999082e-10],1.0900855821833195,0.03708893591681748,-3.5807929466391914e-22,4.4524186731021724e-27,-1.0154907378062088e-26,-0.019015284383019044,[ 6.22058275e-02 -8.80286098e-05 -2.08117509e-06  1.34917123e-12
  2.89154341e-11 -1.46629879e-04 -2.12337822e-04  3.60090733e-02
  8.42466624e-04  2.59583693e-12  1.47926751e-11 -7.04765333e-06
  6.86096687e-20 -2.77555756e-17  9.98612684e-07  2.77774271e-24
 -8.10473782e-23 -3.12841662e-23 -3.11000523e-26 -6.46234854e-26
  2.77773088e-24  9.94496380e-07  3.92445705e-28 -1.03787608e-28
 -6.43003679e-25 -3.29579775e-25 -8.10474008e-23  3.92445547e-28
  9.94496380e-07  2.44997357e-28 -4.11184379e-13  3.30110939e-12
  7.78421976e-14 -8.08615034e-23 -5.32627616e-22  3.48874910e-02]
12.361886024475098,base_link,2.4979005846979274,-6.237843873039767,9.87085732397899e-24,-5.058328039550072e-25,-3.5145884101483556e-24,-0.02940153021528258,0.9995676815608835,[ 2.58175345e-03  1.50163607e-04 -6.75725961e-04  1.80955595e-04
  5.45609551e-04 -2.68179564e-04 -4.38366689e-04  6.30967465e-04
  2.57594564e-03  5.09046400e-05  1.53481866e-04 -7.55057156e-05
  1.37907552e-20 -5.91864272e-20  9.99353784e-07  8.23280783e-16
 -2.27202055e-14 -1.17907046e-24  1.09187841e-20  9.13207396e-21
  8.23280783e-16  9.98709233e-07  2.89459634e-20 -1.58256413e-25
 -1.97464556e-20 -1.74435848e-20 -2.27202054e-14  2.89470459e-20
  9.98709233e-07 -2.08402122e-24 -1.79286187e-18  5.91629973e-18
  2.35981361e-17  6.42072624e-19  1.93585655e-18  9.99999362e-10],1.0466152840986422,0.0378995118890832,-1.008240353759427e-21,1.0673589681867586e-27,4.006319389603162e-28,-0.04460433908159516,[ 6.28837162e-02  5.65804075e-05  1.33048808e-06  8.75099230e-12
  2.48883475e-11 -1.70666609e-04 -2.80958600e-04  3.60722542e-02
  8.44365845e-04  4.96806948e-12  1.50308919e-11 -2.80952160e-05
 -3.74812079e-20 -2.40692882e-17  9.99031300e-07  2.01566212e-24
 -5.56199734e-23  6.43533163e-23  1.61558713e-27  1.61558713e-27
  2.01568744e-24  9.96147520e-07  2.79375210e-28  1.22280891e-28
 -1.54127013e-24 -9.33809363e-25 -5.56199126e-23  2.79375270e-28
  9.96147520e-07  6.85095550e-29 -4.02666182e-13  3.32117667e-12
  7.83474873e-14 -5.38697399e-22 -1.63937681e-21  3.48867691e-02]
12.425545454025269,base_link,2.5578570583991804,-6.229369393386495,-1.264063672123821e-22,-9.354797729475034e-24,-3.413375576323098e-24,-0.07129955306363249,0.9974549482221873,[ 2.97533156e-03  2.43888950e-04 -7.45008360e-04  2.87456036e-04
  4.77839272e-04 -2.67450761e-04 -4.93421714e-04  6.66020584e-04
  2.36567463e-03  7.42138948e-05  1.23363981e-04 -6.91118391e-05
  8.21621959e-20 -2.72956367e-19  9.99192202e-07  1.19146005e-15
 -2.65190826e-14  6.69994071e-24 -2.64697796e-21 -2.15728704e-21
  1.19146006e-15  9.98387006e-07  3.91158636e-20 -8.58982334e-25
 -1.21760986e-21 -1.03232140e-21 -2.65190826e-14  3.91149483e-20
  9.98387006e-07 -5.74700975e-25 -9.86162038e-19  5.78385405e-18
  2.13366345e-17  1.11257521e-18  1.84936070e-18  9.99999199e-10],0.9751434747504582,0.045553651648338564,-5.19666688303344e-22,4.650229095769302e-27,-6.245897279856593e-27,-0.08679902302371036,[ 6.33576454e-02  2.66021118e-04  6.27008500e-06  1.26147379e-11
  1.98184423e-11 -1.65129792e-04 -1.92370266e-04  3.60729694e-02
  8.44276383e-04  7.96842215e-12  1.31683597e-11 -3.35709184e-05
 -9.25807011e-19 -1.24683250e-16  9.98789279e-07  2.91581883e-24
 -6.48921109e-23  1.05349711e-22  2.03563979e-25  1.29246971e-25
  2.91588316e-24  9.95191951e-07  3.77396565e-28  1.27279426e-28
 -5.00832012e-25 -3.34426537e-25 -6.48920699e-23  3.77396772e-28
  9.95191951e-07 -2.62521355e-28 -3.97425690e-13  3.37949113e-12
  7.97058644e-14 -1.13900163e-21 -1.89204589e-21  3.48845703e-02]
12.473038673400879,base_link,2.5897384692391636,-6.227326613590933,-5.792492897369079e-22,2.2189161340812832e-23,3.0287056691799395e-24,-0.0988380067152542,0.9951035365370557,[ 3.34760905e-03  2.59019202e-04 -8.48106548e-04  2.92313915e-04
  4.37579950e-04 -2.27576450e-04 -6.29887450e-04  6.70159352e-04
  2.33727430e-03  1.00374428e-04  1.50244338e-04 -7.82270480e-05
  7.78211520e-20 -2.74862191e-19  9.99265925e-07  1.19449485e-15
 -2.27274194e-14  8.33669148e-25 -4.36751363e-22 -7.14684049e-22
  1.19449483e-15  9.98534000e-07  3.69792412e-20  1.63685869e-24
  3.00431998e-21  6.96155204e-21 -2.27274194e-14  3.69818419e-20
  9.98534000e-07  4.21253436e-25  5.14901733e-19  6.02573614e-18
  1.70014852e-17  1.22554928e-18  1.83429862e-18  9.99999273e-10],0.9139872838627356,0.04910451960066721,-1.0496089253225037e-20,-1.2691863677096952e-27,8.481647187718983e-27,-0.11170702178526212,[ 6.37991769e-02  4.01595607e-04  9.47182682e-06  6.81629978e-12
  6.17113279e-12 -1.33563797e-04 -1.77120790e-04  3.60682011e-02
  8.44302869e-04  1.05216357e-11  1.54387175e-11 -4.05280165e-05
 -3.23566586e-19 -2.87313576e-17  9.98899694e-07  2.92786535e-24
 -5.56948427e-23 -3.52523624e-22  1.61558713e-25  2.48800419e-25
  2.92767941e-24  9.95627569e-07  3.57696776e-28 -2.78594380e-29
  3.59468137e-25  9.11191144e-25 -5.56950823e-23  3.57696659e-28
  9.95627569e-07  1.99339900e-28 -3.90219107e-13  3.40978634e-12
  8.04295939e-14 -1.37206438e-21 -2.04052545e-21  3.48843070e-02]
12.526308298110962,base_link,2.626868731001862,-6.217364712196621,-5.125504568420716e-22,1.1199055595684998e-23,4.719522894436034e-25,-0.1415951831408344,0.989924645673252,[ 3.15062108e-03  1.80715288e-04 -7.06039783e-04  2.08225668e-04
  4.11833555e-04 -1.96068354e-04 -5.27204626e-04  5.67667172e-04
  2.17735170e-03  6.45612011e-05  1.27650806e-04 -6.08674950e-05
  6.30510150e-20 -1.89735380e-19  9.98994926e-07  1.96686974e-15
 -2.87488167e-14  1.33236670e-23 -1.58818678e-22 -1.72053567e-22
  1.96686976e-15  9.97993880e-07  5.62609534e-20 -4.88371106e-25
 -7.54388719e-22 -2.51462906e-21 -2.87488167e-14  5.62606042e-20
  9.97993880e-07 -6.35400088e-25  1.22610790e-18  5.84302580e-18
  1.97616143e-17  1.05487946e-18  2.08506646e-18  9.99999002e-10],0.8518485104758131,0.060087907254288045,-7.195123372531513e-21,3.804785728415863e-27,4.0068449375520124e-27,-0.150585609111355,[ 6.34854428e-02  4.74657863e-04  1.11819932e-05  8.38664184e-12
  5.75995827e-13 -1.10240032e-04  2.63489783e-05  3.60274315e-02
  8.43082096e-04  9.68625131e-12  1.71107345e-11 -3.76641918e-05
  1.32137140e-18  9.96381797e-17  9.98493901e-07  4.78762032e-24
 -6.99673361e-23  2.14869933e-22 -1.51865191e-25 -1.72867823e-25
  4.78771584e-24  9.94029380e-07  5.37935609e-28 -4.93622554e-29
  1.29246971e-26  2.35875722e-25 -6.99671578e-23  5.37935729e-28
  9.94029380e-07 -3.60167307e-28 -3.98837430e-13  3.41117412e-12
  8.04256922e-14 -4.79035102e-22 -7.82275641e-22  3.48804335e-02]
12.573060512542725,base_link,2.655368760737055,-6.215743431979823,-1.1016049832858912e-22,-3.9101655039715985e-24,-2.3830362533993858e-23,-0.16055886079145248,0.987026267239809,[ 3.41515127e-03  1.27235835e-04 -6.48047945e-04  1.36794879e-04
  4.50868319e-04 -1.70055249e-04 -5.48432261e-04  4.82870862e-04
  2.59710425e-03  3.97769009e-05  1.31139072e-04 -4.95064979e-05
 -5.93981854e-20  2.86720653e-19  9.99349320e-07  1.44983701e-15
 -1.76446600e-14  7.91122610e-24 -1.28378431e-21 -3.63297725e-21
  1.44983703e-15  9.98700331e-07  3.93169024e-20 -4.46530174e-25
 -7.04096137e-21 -6.53803556e-21 -1.76446600e-14  3.93174699e-20
  9.98700331e-07 -2.17910633e-24  2.98316567e-18  4.25632443e-18
  1.71149902e-17  4.74396683e-19  1.56446067e-18  9.99999357e-10],0.7992697264048221,0.06506875533966403,1.573740855848613e-21,-7.02537570355921e-30,3.0784847028193956e-27,-0.161705162607586,[ 6.37398304e-02  6.11886382e-04  1.44311489e-05  5.01581844e-13
  1.47586577e-11 -9.38374854e-05  1.80102885e-04  3.60019207e-02
  8.42977168e-04  4.16990233e-12  1.53329416e-11 -3.44667440e-05
  3.99799551e-19  2.33103467e-17  9.99024614e-07  3.55261866e-24
 -4.32268333e-23  9.92430816e-23  3.23117427e-27  2.66571877e-26
  3.55265835e-24  9.96121091e-07  3.80000687e-28  1.80342428e-29
  3.81278564e-25  3.94203261e-25 -4.32267156e-23  3.80000680e-28
  9.96121091e-07  8.01635194e-29 -4.01566367e-13  3.38094830e-12
  7.97567549e-14 -3.56437646e-22 -1.17637161e-21  3.48803032e-02]
12.620208501815796,base_link,2.6788759251793812,-6.219608497989282,-2.501629593591451e-22,7.721976974315538e-24,-2.823979522328839e-24,-0.18232514565364585,0.9832382932241689,[ 3.44080868e-03 -4.95454879e-06 -4.61290099e-04 -1.10571107e-05
  5.05723902e-04 -1.61694720e-04 -4.73803288e-04  4.05994986e-04
  2.55498307e-03 -2.54586252e-06  1.15944548e-04 -3.70981285e-05
  2.97255625e-20 -1.50136590e-19  9.99451335e-07  1.25484602e-15
 -1.39563936e-14  4.93651264e-24 -1.20636021e-20 -4.25791220e-22
  1.25484602e-15  9.98903871e-07  3.19187754e-20  2.62845775e-25
  4.14252051e-20  2.48286533e-20 -1.39563935e-14  3.19195476e-20
  9.98903871e-07 -7.14850778e-25  1.56986473e-19  2.07923490e-18
  1.50636061e-17 -3.03552226e-20  1.37752780e-18  9.99999460e-10],0.7474209496375033,0.06626254812783532,-1.8013491716308435e-21,-5.240128880074929e-28,6.794157164994086e-28,-0.17480967340422057,[ 6.36897731e-02  6.46661967e-04  1.52663318e-05 -4.77613079e-12
  1.91481247e-11 -8.87642945e-05  3.65644693e-04  3.59849930e-02
  8.42732662e-04 -8.73267737e-13  1.43823163e-11 -3.17261448e-05
 -2.12097050e-18 -1.17093835e-16  9.99177453e-07  3.07150842e-24
 -3.41496966e-23  6.98205010e-24 -5.76764607e-25 -1.06123880e-25
  3.07150852e-24  9.96725910e-07  3.07806983e-28 -5.08419836e-30
 -2.58493941e-25 -1.92254869e-25 -3.41496450e-23  3.07806978e-28
  9.96725910e-07  1.07081723e-28 -4.05627138e-13  3.35237393e-12
  7.90986908e-14  9.44276245e-23  2.96348275e-23  3.48812398e-02]
12.65510606765747,base_link,2.68652343326552,-6.221456838414313,1.8349693421880665e-22,-1.0989525256708646e-24,-3.1180724117521695e-24,-0.19911940067573913,0.9799752365618911,[ 2.95435585e-03 -6.00015846e-05 -3.32807788e-04 -7.17692214e-05
  4.68006699e-04 -1.23900324e-04 -4.04422288e-04  3.06158949e-04
  2.51373648e-03 -1.71262068e-05  1.11545488e-04 -2.95746301e-05
 -1.15908683e-22  1.56065821e-19  9.99098964e-07  2.02302723e-15
 -2.14620801e-14 -1.57230732e-24 -1.36187016e-20 -3.85135293e-21
  2.02302724e-15  9.98201164e-07  4.81875828e-20 -6.49980284e-26
  1.68612496e-20  1.73377056e-20 -2.14620801e-14  4.81870369e-20
  9.98201164e-07 -5.19913645e-25  1.81942636e-18  2.57004510e-18
  2.15209014e-17 -2.84022024e-19  1.84809194e-18  9.99999106e-10],0.701753033549694,0.06614743199970446,-1.2326727669189457e-21,9.377949779019502e-29,5.240094203138697e-27,-0.18477389836678546,[ 6.30607805e-02  6.06704503e-04  1.43063662e-05 -1.00711621e-11
  1.28134453e-11 -6.67503274e-05  4.10325825e-04  3.59425545e-02
  8.41320252e-04 -4.41903980e-12  1.98511559e-11 -2.67155805e-05
 -2.27682456e-18 -1.33790548e-16  9.98649660e-07  4.92381024e-24
 -5.22248546e-23  2.66495515e-23 -6.96318055e-25 -3.05345968e-25
  4.92380624e-24  9.94641889e-07  4.60507258e-28  3.45659206e-30
  6.12307524e-25  9.59658758e-25 -5.22247159e-23  4.60507313e-28
  9.94641889e-07  2.52610622e-28 -4.06609425e-13  3.34068884e-12
  7.87782560e-14  1.26724201e-22  5.57031753e-22  3.48786862e-02]
12.718145370483398,base_link,2.6892892167612255,-6.231919578866134,4.609023974689725e-22,-3.769280781422229e-23,-2.4258292718783657e-22,-0.207028184325234,0.9783349788773766,[ 2.89941346e-03 -3.40921542e-05 -4.87752568e-04 -2.83742376e-05
  4.08105465e-04 -1.13806255e-04 -4.14039503e-04  2.96834821e-04
  2.49506871e-03 -7.46425104e-06  1.07477309e-04 -3.00268597e-05
  7.28977730e-20 -5.13513724e-19  9.98927449e-07  2.30281451e-15
 -2.26305694e-14  6.25501946e-24  8.13945723e-22 -6.61744490e-22
  2.30281449e-15  9.97859486e-07  4.85878559e-20  3.29107858e-25
  2.64697796e-21  4.26163452e-21 -2.26305692e-14  4.85877509e-20
  9.97859486e-07 -5.16398415e-24  7.86019692e-19  2.56540792e-18
  2.20983112e-17 -1.22224565e-19  1.76162058e-18  9.99998934e-10],0.6190643981353662,0.058488435112600025,5.057015140743285e-21,-1.9919787823954482e-27,-1.7817265569778338e-26,-0.176246700225637,[ 6.29013047e-02  7.16909766e-04  1.69004120e-05  2.79502723e-12
  4.40870711e-12 -5.96923044e-05  4.80309129e-04  3.59640121e-02
  8.41679897e-04 -6.71706634e-13  1.96588720e-11 -2.78257723e-05
  1.23666810e-18  6.15826834e-17  9.98392896e-07  5.60991346e-24
 -5.51238301e-23  3.98255229e-23 -1.02589783e-25  2.46377038e-26
  5.60989979e-24  9.93632809e-07  4.65347172e-28 -1.42313048e-29
  4.60442333e-26  2.03563979e-25 -5.51237862e-23  4.65347117e-28
  9.93632809e-07 -1.10363348e-28 -4.04918720e-13  3.28473360e-12
  7.74395710e-14 -5.28491285e-25 -5.61412421e-22  3.48773030e-02]
12.76711106300354,base_link,2.6889302674721294,-6.242707864150014,3.6578373115289125e-22,-1.345589981604261e-23,-8.102651565488556e-23,-0.21455474510607134,0.9767119643745892,[ 3.09440517e-03 -7.86522360e-05 -3.76230303e-04 -8.60598927e-05
  4.69469307e-04 -1.05666331e-04 -4.20297205e-04  2.63772519e-04
  2.64881737e-03 -2.18192864e-05  1.18950429e-04 -2.68017898e-05
 -4.63485841e-20  3.56389113e-19  9.99378653e-07  1.19484594e-15
 -1.20053216e-14  3.77727730e-24 -5.02925812e-22 -1.91905902e-22
  1.19484593e-15  9.98758847e-07  2.30858868e-20  7.16434757e-26
 -8.81443661e-21 -8.49679925e-21 -1.20053216e-14  2.30850893e-20
  9.98758847e-07 -1.37017100e-24  4.37465262e-18  1.58624538e-18
  1.42010846e-17 -2.24986947e-19  1.22604990e-18  9.99999387e-10],0.5612620940072125,0.05019237940121877,1.1605103028386183e-20,-1.3867721551146084e-27,1.317190521872427e-26,-0.17172534839256842,[ 6.30763666e-02  7.98173249e-04  1.88400072e-05 -6.54227264e-12
  1.10262176e-11 -5.52460957e-05  5.85861504e-04  3.59671116e-02
  8.42353906e-04 -3.92425144e-12  1.65231966e-11 -2.62010228e-05
  1.77538106e-18  7.93635990e-17  9.99068557e-07  2.93049842e-24
 -2.94381762e-23  6.50879793e-23 -5.16987883e-26 -3.06961555e-26
  2.93048116e-24  9.96294878e-07  2.23480502e-28 -6.83019660e-30
  1.80945759e-25  2.74649813e-25 -2.94380499e-23  2.23480506e-28
  9.96294878e-07  6.39170459e-29 -3.95765885e-13  3.21397076e-12
  7.58220266e-14  1.17870789e-22 -6.83546085e-22  3.48779582e-02]
12.815346956253052,base_link,2.6900373368269004,-6.254115089362191,-2.055154736601295e-23,-3.379095494976528e-23,-4.099521388389833e-23,-0.21542872344646927,0.9765195671947514,[ 2.61938560e-03 -5.86023525e-05 -3.47876174e-04 -6.33894900e-05
  3.84853786e-04 -1.16097690e-04 -3.49000395e-04  2.96830118e-04
  2.23932885e-03 -1.65428076e-05  1.00337288e-04 -3.03270442e-05
  5.96397222e-22 -1.36160546e-19  9.98848465e-07  1.72741850e-15
 -1.98840821e-14  1.61242942e-24 -4.76456033e-22 -2.24993127e-22
  1.72741849e-15  9.97702214e-07  2.98313295e-20 -9.19443044e-25
 -1.29701920e-21 -1.79994501e-21 -1.98840821e-14  2.98268664e-20
  9.97702214e-07 -2.60960033e-24  1.30775931e-18  2.26685786e-18
  1.74254873e-17 -2.37391308e-19  1.43881295e-18  9.99998855e-10],0.5122441929605425,0.04210786291940439,-9.497607358557292e-21,3.5057513192570016e-27,1.0966856838618785e-26,-0.16009023464308125,[ 6.25084125e-02  6.97009265e-04  1.64205643e-05 -6.97568468e-12
  7.03438766e-12 -6.05654173e-05  5.16168773e-04  3.59659195e-02
  8.41725007e-04 -4.88710902e-12  2.04932037e-11 -3.01962911e-05
  1.29426634e-18  6.62447527e-17  9.98274681e-07  4.18610345e-24
 -4.81774921e-23 -1.20627056e-22  2.10026327e-26  1.53480778e-26
  4.18613710e-24  9.93169160e-07  2.83073897e-28  3.89752536e-29
 -5.81611368e-26 -1.71252236e-25 -4.81776676e-23  2.83074008e-28
  9.93169160e-07  1.79538231e-28 -3.84220433e-13  3.14712145e-12
  7.41857626e-14 -3.18434499e-23  5.07505469e-22  3.48739115e-02]
12.876394271850586,base_link,2.7040450023207234,-6.266575257800218,-6.34441281907713e-23,1.2056329332943226e-25,2.76434917879248e-23,-0.21682451359796684,0.9762105973113614,[ 3.30783066e-03 -1.38195915e-04 -4.19389963e-04 -1.47105274e-04
  5.18844771e-04 -1.33491840e-04 -4.64552351e-04  3.01169236e-04
  2.75701602e-03 -3.45207779e-05  1.21736294e-04 -3.13398402e-05
 -2.65703648e-19  7.75035147e-19  9.99594685e-07  5.73646142e-16
 -6.55581098e-15 -1.72538462e-25  9.82028823e-21  4.36089619e-21
  5.73646146e-16  9.99190026e-07  9.27932825e-21 -2.10966431e-25
 -4.74073753e-20 -2.89049993e-20 -6.55581100e-15  9.27963035e-21
  9.99190026e-07  1.01824158e-24  2.73536138e-18  9.52573490e-19
  8.38945944e-18 -2.26937510e-19  8.00212221e-19  9.99999604e-10],0.4679124631133234,0.03676237554488713,-3.017573505952618e-21,4.282060300406682e-28,-2.8799306694276996e-27,-0.1468980403172606,[ 6.32914681e-02  8.69210809e-04  2.05627982e-05 -5.91841982e-12
  1.47197949e-11 -6.93144932e-05  6.58310950e-04  3.59930992e-02
  8.43262374e-04 -4.09515548e-12  1.31518887e-11 -3.30161169e-05
  1.87363688e-18  7.68699340e-17  9.99392273e-07  1.41011520e-24
 -1.61094208e-23 -2.24208406e-23  6.94702468e-26  4.76598204e-26
  1.41012219e-24  9.97577895e-07  9.01178815e-29  4.43938508e-30
 -1.16645391e-24 -1.04205370e-24 -1.61094568e-23  9.01178785e-29
  9.97577895e-07 -3.11979968e-29 -3.65225645e-13  3.03210235e-12
  7.15558814e-14  4.75736126e-23 -1.94993777e-22  3.48815386e-02]
12.913004159927368,base_link,2.7206076180318184,-6.276490936506042,3.0438149571157806e-22,4.709624947122406e-24,2.3496831529655777e-23,-0.20839736716355658,0.9780442410030835,[ 2.72929488e-03 -6.00027852e-05 -4.23256993e-04 -5.15510991e-05
  4.72520924e-04 -8.15471181e-05 -2.70323755e-04  2.10728585e-04
  3.27504564e-03 -1.00434556e-05  9.23033188e-05 -1.59652931e-05
  4.51045044e-20 -2.57074499e-19  9.98898734e-07  1.31468000e-15
 -1.65664512e-14  3.17736142e-24 -2.17052193e-21  9.72764400e-22
  1.31468000e-15  9.97802302e-07  1.97767777e-20  2.55130472e-26
 -1.53524722e-21 -1.64112634e-21 -1.65664511e-14  1.97759072e-20
  9.97802302e-07 -1.61898544e-24  6.35931492e-19  1.35726998e-18
  2.21665015e-17 -1.24253588e-19  1.14266375e-18  9.99998906e-10],0.4537161176602868,0.03444120142085817,-8.37575899343988e-22,4.252121245514036e-28,-6.925655979571065e-27,-0.12874272193606662,[ 6.25263212e-02  7.59847462e-04  1.79360535e-05  8.91015077e-12
  1.35630033e-11 -4.34872945e-05  6.33127987e-04  3.59570980e-02
  8.41558561e-04 -1.19696479e-13  2.32669652e-11 -1.95187476e-05
  1.36541711e-18  6.40763484e-17  9.98349915e-07  3.20009447e-24
 -4.03198921e-23 -3.97252808e-23  4.68520269e-26 -4.03896783e-28
  3.20010790e-24  9.93464183e-07  1.89149966e-28 -1.19958474e-29
 -2.27797786e-25 -3.84509738e-25 -4.03199728e-23  1.89149988e-28
  9.93464183e-07  1.37644979e-28 -3.74619172e-13  3.01372816e-12
  7.10493073e-14 -1.66971288e-22  4.98201620e-23  3.48793979e-02]
12.972275733947754,base_link,2.7580908269984037,-6.282142846802227,-4.912255034250118e-22,4.862387066038841e-24,2.2547311580222466e-23,-0.1993184598797945,0.9799347690286057,[ 2.78995227e-03 -3.35735876e-05 -3.56337004e-04 -3.14806531e-05
  3.96835373e-04 -4.80616544e-05 -2.88031662e-04  1.46035545e-04
  3.87726487e-03 -7.68944747e-06  9.70075234e-05 -1.17681123e-05
  1.61995051e-20 -1.80841534e-19  9.99155668e-07  1.05658635e-15
 -1.22994473e-14  2.54892820e-24 -1.15805286e-22  2.87858853e-22
  1.05658634e-15  9.98314180e-07  1.53916112e-20 -2.24525001e-26
 -1.19378706e-20 -1.49818953e-20 -1.22994472e-14  1.53912418e-20
  9.98314180e-07 -2.82213750e-25  1.75535047e-18  8.58059472e-19
  2.28495449e-17 -7.67608449e-20  9.68725750e-19  9.99999164e-10],0.4386224815081291,0.0398867926637189,-1.7484140193406063e-20,8.945602972521126e-29,9.413071407178965e-27,-0.10691138977265824,[ 6.26129064e-02  8.02479684e-04  1.89291012e-05  1.36509691e-12
  8.12402788e-12 -2.62804059e-05  6.35836273e-04  3.59168053e-02
  8.41002815e-04 -9.06017314e-13  1.71064423e-11 -1.24511793e-05
 -1.88718941e-18 -8.39172482e-17  9.98734569e-07  2.57794577e-24
 -3.00049791e-23  6.23980267e-23 -4.11974719e-26  2.77679039e-26
  2.57792756e-24  9.94976295e-07  1.47717889e-28 -1.59912263e-30
 -1.61558713e-25 -3.42504472e-25 -3.00047993e-23  1.47717875e-28
  9.94976295e-07 -3.35821018e-29 -3.47339345e-13  2.90513447e-12
  6.85150851e-14 -2.18686214e-23  1.43543432e-22  3.48767512e-02]
13.025846481323242,base_link,2.7874548199728815,-6.2880816496445675,-3.7889781228891635e-23,1.7755458550778863e-24,-2.626385072843116e-24,-0.18840488576201167,0.9820914412726564,[ 3.00898525e-03 -1.32346562e-04 -2.38768714e-04 -1.45789657e-04
  3.49661059e-04 -7.44874291e-05 -3.81357990e-04  1.98942456e-04
  2.90515166e-03 -4.50380819e-05  1.07969584e-04 -2.30441679e-05
 -4.06311117e-21 -1.46960216e-19  9.98854655e-07  1.64414909e-15
 -1.60572452e-14  3.08029204e-25 -7.12037071e-21 -5.59835839e-21
  1.64414910e-15  9.97714540e-07  2.30515392e-20 -2.59027881e-25
  5.69100261e-21  8.47032947e-21 -1.60572452e-14  2.30514008e-20
  9.97714540e-07  5.49989741e-25  1.06402145e-18  1.23986844e-18
  2.02516387e-17 -5.00590352e-19  1.19954055e-18  9.99998861e-10],0.4224471291725622,0.04239765632100268,-3.1616703996877456e-21,-1.846825865767496e-27,5.437900209532861e-28,-0.08571865304156205,[ 6.29730121e-02  7.66456127e-04  1.80674143e-05 -9.27906860e-12
  6.85255168e-12 -3.94571982e-05  6.02744520e-04  3.58996391e-02
  8.40284615e-04 -1.05286138e-11  2.14864587e-11 -2.05671842e-05
  2.00916215e-18  9.35666475e-17  9.98283945e-07  4.00665641e-24
 -3.91276254e-23  6.14228179e-23 -2.68187464e-25 -3.03730381e-25
  4.00661613e-24  9.93205573e-07  2.20935621e-28  6.23638011e-29
 -7.18936275e-26 -2.32644547e-25 -3.91274695e-23  2.20935757e-28
  9.93205573e-07 -3.92000531e-29 -3.31120981e-13  2.80597767e-12
  6.61469728e-14  4.45081764e-22 -1.27242396e-21  3.48745271e-02]
13.047020673751831,base_link,2.7968334693955987,-6.292891761957586,1.4497435741232887e-22,4.865020068594107e-24,-1.2512013254333872e-23,-0.18877550045845848,0.9820202698654741,[ 3.18367890e-03 -1.24817423e-04 -4.22233709e-04 -1.27305194e-04
  3.56366336e-04 -7.32099492e-05 -4.30848711e-04  2.05645935e-04
  3.02903347e-03 -4.46367239e-05  1.24981399e-04 -2.57105281e-05
  5.75982404e-20 -4.04881749e-19  9.99214117e-07  1.12443326e-15
 -1.08872263e-14  1.35289212e-24 -2.46830695e-21 -8.17916190e-21
  1.12443324e-15  9.98430697e-07  1.55752571e-20  4.38687749e-25
  1.40025134e-20  2.19699171e-20 -1.08872262e-14  1.55764974e-20
  9.98430697e-07 -5.13539636e-25  3.97095911e-19  9.71683469e-19
  1.58202422e-17 -3.62621389e-19  1.01549986e-18  9.99999222e-10],0.4153846281174617,0.04107764633636091,-4.706353719383978e-21,8.762409910912113e-28,4.415224967499854e-27,-0.0833169197871281,[ 6.31871463e-02  8.10079277e-04  1.91064862e-05  3.97806482e-13
  6.19845228e-12 -3.82463184e-05  6.00814819e-04  3.58989239e-02
  8.40747410e-04 -5.83523220e-12  1.79306239e-11 -2.11546120e-05
  8.60585474e-19  3.78386558e-17  9.98822099e-07  2.73626788e-24
 -2.64908091e-23 -6.63307571e-23  1.00974196e-27  0.00000000e+00
  2.73632793e-24  9.95321323e-07  1.48791995e-28  1.58222052e-29
 -1.85792520e-26 -4.52364397e-26 -2.64909046e-23  1.48792074e-28
  9.95321323e-07  5.77126849e-29 -3.24212879e-13  2.76327572e-12
  6.51760237e-14 -3.08959547e-22  7.74722808e-22  3.48740168e-02]
13.119807243347168,base_link,2.820257184677453,-6.29765593978478,6.251564234236133e-22,1.1642115008950298e-24,5.53957879911392e-24,-0.18060391595593758,0.9835559087013716,[ 3.46199283e-03 -1.17385414e-04 -5.43465476e-04 -1.17042076e-04
  3.60394953e-04 -6.59565750e-05 -5.15212183e-04  1.77334484e-04
  3.71619291e-03 -4.34011177e-05  1.33669357e-04 -2.45155533e-05
 -1.91905902e-20  2.85450103e-19  9.98859740e-07  1.60350776e-15
 -1.44270260e-14  5.24059554e-23  1.06871735e-21  7.30565917e-21
  1.60350766e-15  9.97724663e-07  2.02881120e-20  3.20632597e-26
 -1.29701920e-21 -3.49401091e-21 -1.44270258e-14  2.02908222e-20
  9.97724663e-07  1.43495801e-24  2.75854395e-19  1.12680860e-18
  2.58037013e-17 -4.48650560e-19  1.38202790e-18  9.99998866e-10],0.3798752246238017,0.0418446167970408,-9.078091341523607e-22,-2.061615678781839e-27,5.092689897122464e-28,-0.06513823731769364,[ 6.35032553e-02  8.60858709e-04  2.03160243e-05  2.46942779e-12
 -3.25254611e-13 -3.41571517e-05  5.79982996e-04  3.58765125e-02
  8.39759091e-04 -7.56573208e-12  2.48655082e-11 -1.93096049e-05
  2.56820390e-18  1.06143393e-16  9.98291555e-07  3.90083099e-24
 -3.50943731e-23  8.92434556e-23 -2.66571877e-26  8.23949438e-26
  3.90065549e-24  9.93235364e-07  1.93859115e-28 -1.22587993e-28
  8.17890987e-27 -6.07460762e-25 -3.50940464e-23  1.93858686e-28
  9.93235364e-07  4.21659124e-29 -3.19534330e-13  2.68149392e-12
  6.32142683e-14 -3.82620930e-22  1.03911661e-21  3.48775190e-02]
13.176602125167847,base_link,2.8766001145124958,-6.293190406074131,1.7903855663762832e-22,8.662108540071244e-24,8.41929296960993e-23,-0.19888328314321715,0.980023183239139,[ 3.78523546e-03 -5.86386959e-05 -7.18439920e-04 -5.11995669e-05
  3.91997821e-04 -9.28772559e-05 -6.27406513e-04  3.00042345e-04
  3.20757447e-03 -2.16563968e-05  1.66004307e-04 -3.93643332e-05
 -9.95263713e-20  3.40295487e-19  9.99435387e-07  9.89433099e-16
 -7.09030540e-15 -2.39167676e-24  6.92846481e-21 -4.52633231e-21
  9.89433096e-16  9.98872045e-07  1.24245603e-20  1.37049334e-25
  1.80523897e-20  2.60462631e-20 -7.09030533e-15  1.24241786e-20
  9.98872045e-07 -1.74718434e-24 -3.53516314e-19  9.60766430e-19
  1.07652666e-17 -1.17983944e-19  9.05578860e-19  9.99999444e-10],0.3905928431380655,0.05732898074368136,-1.5769545531746862e-22,2.9613439259800148e-27,-1.479028367857193e-26,-0.08005143325403026,[ 6.38901860e-02  9.60234553e-04  2.26764588e-05  5.10296979e-12
  5.67214743e-12 -4.56104054e-05  5.49245626e-04  3.59323025e-02
  8.41857512e-04 -7.80363329e-13  1.60434750e-11 -2.83681263e-05
  1.55854062e-19  5.74627151e-18  9.99153557e-07  2.41298053e-24
 -1.72894054e-23 -6.14681680e-24  5.81611368e-26 -7.77501308e-27
  2.41297563e-24  9.96631257e-07  1.19066101e-28 -1.42835217e-29
  1.57519746e-25  4.58826746e-25 -1.72893604e-23  1.19066109e-28
  9.96631257e-07  8.83764635e-29 -3.01955943e-13  2.56501764e-12
  6.05203680e-14 -5.29023930e-23  4.39326791e-22  3.48765175e-02]
13.21391248703003,base_link,2.9335137954102053,-6.297464466518088,-2.472508424797046e-22,-1.5212945848029812e-23,9.41514872592636e-23,-0.205311649673709,0.9786966468258999,[ 3.67326138e-03 -6.44937099e-05 -6.32458934e-04 -6.10018255e-05
  4.03273158e-04 -1.23960869e-04 -5.71831901e-04  3.54068244e-04
  2.50515738e-03 -2.11006431e-05  1.39568841e-04 -4.29514900e-05
 -3.76400266e-20  1.62206809e-19  9.99167448e-07  1.72729770e-15
 -1.10715363e-14  4.49931444e-24 -2.00177708e-22  1.14481797e-21
  1.72729769e-15  9.98337661e-07  2.29681618e-20  6.34894996e-25
 -4.87043945e-21 -5.87629107e-21 -1.10715362e-14  2.29691590e-20
  9.98337661e-07 -2.16917601e-24  7.13268330e-19  1.70259470e-18
  1.18716234e-17 -1.64541619e-19  1.08895752e-18  9.99999175e-10],0.41958973931159144,0.06798118388741015,-4.9115185974129736e-21,7.265599572248249e-27,-1.4660044816614284e-26,-0.08288148150903904,[ 6.37253582e-02  9.20418650e-04  2.17186329e-05  1.98729750e-12
  9.21236589e-12 -6.19036303e-05  5.57221472e-04  3.59580517e-02
  8.42167224e-04 -2.14048443e-12  1.98166019e-11 -3.46442466e-05
 -3.43217750e-18 -1.33031607e-16  9.98752210e-07  4.21058266e-24
 -2.69871092e-23  1.68633218e-23 -6.66429693e-26  7.18936275e-26
  4.21056724e-24  9.95045798e-07  2.20108652e-28 -3.91854396e-29
 -3.31195362e-25 -7.10858339e-25 -2.69870485e-23  2.20108625e-28
  9.95045798e-07  1.03151350e-28 -3.02609934e-13  2.51854093e-12
  5.93986108e-14 -1.02563749e-22  4.66966189e-22  3.48745196e-02]
13.278329372406006,base_link,3.0296805856394524,-6.313888992850114,1.4835329449415664e-21,-1.398142935888652e-23,7.583405253723197e-24,-0.2108766564119517,0.9775126780663849,[ 3.68984125e-03 -9.21502869e-05 -4.89465772e-04 -9.50580146e-05
  3.61173471e-04 -1.09555011e-04 -4.88987593e-04  3.03968004e-04
  2.28282757e-03 -2.70740712e-05  1.02847145e-04 -3.12437967e-05
  3.11019910e-20 -1.99052743e-19  9.99193210e-07  2.09440032e-15
 -1.19405423e-14  7.03711632e-24  1.34995876e-21  1.65436123e-21
  2.09440030e-15  9.98389017e-07  3.09960478e-20  3.84385253e-25
 -1.60142167e-21 -3.78517848e-21 -1.19405423e-14  3.09970785e-20
  9.98389017e-07 -2.69618213e-25  5.19708480e-19  1.44884138e-18
  1.12577663e-17 -2.27519766e-19  8.64129073e-19  9.99999201e-10],0.4660718402991329,0.08023639766671106,1.2051021520708782e-20,2.879140695298687e-27,-9.224213977697636e-27,-0.08124068470577525,[ 6.36529118e-02  9.41894948e-04  2.22278196e-05 -1.84545319e-12
  1.38176692e-13 -5.51861116e-05  6.61466271e-04  3.59537601e-02
  8.42164367e-04 -4.04703112e-12  1.37226325e-11 -2.84574437e-05
 -2.37169225e-20 -9.75781955e-19  9.98790789e-07  5.12856085e-24
 -2.92378190e-23 -1.14654079e-22 -6.54312789e-26 -1.45402842e-25
  5.12859520e-24  9.95197913e-07  2.99406009e-28 -2.10452383e-29
 -4.34189042e-27 -3.78047389e-25 -2.92379119e-23  2.99406040e-28
  9.95197913e-07  1.60246148e-28 -3.09156346e-13  2.44683440e-12
  5.77110536e-14  2.26986595e-22 -9.21480783e-22  3.48735608e-02]
13.305572271347046,base_link,3.06466802057085,-6.322255901967307,2.70962265605578e-22,1.8136512968187915e-24,-8.824844420750724e-25,-0.20920272205280246,0.9778722928305608,[ 3.66211240e-03 -6.87486609e-05 -5.19119362e-04 -6.56454710e-05
  4.32771222e-04 -9.29195778e-05 -4.76230449e-04  2.43399286e-04
  2.28514195e-03 -1.60712904e-05  1.06021434e-04 -2.27838676e-05
  3.32460432e-20 -1.23878569e-19  9.99388969e-07  1.64829159e-15
 -9.32882854e-15  1.68213355e-24  1.83220506e-22 -1.35657620e-21
  1.64829159e-15  9.98779428e-07  2.51654139e-20 -6.95826067e-26
  1.56701095e-20  1.06937910e-20 -9.32882854e-15  2.51651784e-20
  9.98779428e-07  1.25061130e-25  1.19199539e-18  1.04011364e-18
  9.76799404e-18 -1.25330249e-19  8.27262559e-19  9.99999398e-10],0.4788461598184552,0.0831020812987416,-2.2997883180296557e-21,-1.5425079137654364e-27,-3.5407849289903414e-28,-0.07583636593059032,[ 6.35713430e-02  9.76674259e-04  2.30678464e-05  1.31218451e-12
  1.51379567e-11 -4.74368140e-05  6.86343759e-04  3.59377861e-02
  8.42039844e-04 -1.54964261e-12  1.54108014e-11 -2.28723681e-05
  1.13841228e-18  4.15249432e-17  9.99084012e-07  4.03953824e-24
 -2.28611319e-23  1.18138547e-24 -2.01948392e-28 -4.03896783e-28
  4.03955022e-24  9.96356014e-07  2.43296394e-28  1.58903127e-29
  1.32478145e-25  1.32478145e-25 -2.28611115e-23  2.43296425e-28
  9.96356014e-07  2.04232994e-29 -3.14655420e-13  2.42351972e-12
  5.71789843e-14  1.36828136e-23 -1.77308843e-22  3.48748284e-02]
13.374195337295532,base_link,3.146766765675364,-6.343800454990587,1.392357990131177e-22,3.2529732590276686e-24,1.5958160528803027e-23,-0.21479168795311743,0.9766598849068444,[ 3.43634468e-03 -1.58302879e-04 -2.01037737e-04 -1.75875327e-04
  4.05698037e-04 -1.32347142e-04 -2.82763460e-04  3.37951828e-04
  1.90480239e-03 -2.69401895e-05  6.21251333e-05 -2.02854017e-05
 -1.45583788e-21  1.05879118e-20  9.99375236e-07  1.81214620e-15
 -1.01939990e-14 -9.49314700e-26 -2.86667713e-20 -8.37768524e-21
  1.81214620e-15  9.98752029e-07  2.95680052e-20  1.22751227e-26
  2.78726779e-20  1.35657620e-20 -1.01939990e-14  2.95671431e-20
  9.98752029e-07 -6.77661252e-25  2.06694237e-19  1.37479517e-18
  9.29914798e-18 -2.72246893e-19  6.27675609e-19  9.99999384e-10],0.5017965519865609,0.08835177682307913,2.3791713168701343e-23,8.33956890985121e-28,-6.3990648242228374e-27,-0.07430128163188847,[ 6.32987855e-02  8.25904310e-04  1.95086846e-05 -1.07607289e-11
  1.42075670e-11 -7.10464212e-05  7.48418272e-04  3.59828472e-02
  8.43120053e-04 -5.68652209e-12  1.04101314e-11 -2.85104241e-05
  3.82858892e-19  1.66967135e-17  9.99063437e-07  4.43038457e-24
 -2.49209196e-23 -2.99148298e-23 -6.10691937e-25 -3.22309633e-25
  4.43039030e-24  9.96274608e-07  2.84652176e-28 -1.11522699e-29
  4.10359132e-25  3.02114794e-25 -2.49209126e-23  2.84652194e-28
  9.96274608e-07  7.67404024e-29 -3.37402198e-13  2.38466191e-12
  5.62632982e-14 -3.58095293e-24  1.11719703e-22  3.48750908e-02]
13.415436029434204,base_link,3.1877656145403286,-6.355252318385359,9.727802279287835e-22,-3.244898584548637e-25,3.42070566872323e-24,-0.20970580416212764,0.9777645297824601,[ 3.18425999e-03 -1.09812645e-04 -4.71442797e-04 -1.02725639e-04
  3.72276552e-04 -1.12597392e-04 -3.77437776e-04  2.83080940e-04
  1.81403517e-03 -2.58021524e-05  9.36076025e-05 -2.83711748e-05
  1.93229391e-20 -6.43745040e-20  9.98888126e-07  3.33919182e-15
 -1.83445172e-14  4.36412546e-24  7.08066604e-22 -1.08526096e-21
  3.33919181e-15  9.97781182e-07  5.50919308e-20  2.01753223e-25
  4.28810430e-21  5.90276085e-21 -1.83445172e-14  5.50921980e-20
  9.97781182e-07 -4.38086359e-25 -4.82911764e-19  1.96773674e-18
  1.32788213e-17 -2.96663608e-19  1.07684039e-18  9.99998895e-10],0.505261839471083,0.0902619926459769,1.6310170134211365e-21,2.2571117418077485e-28,-8.301743563115891e-27,-0.06362297212374232,[ 6.30436657e-02  8.28318298e-04  1.95481624e-05  7.49735458e-12
  6.77784795e-12 -5.70959125e-05  6.33176416e-04  3.59354019e-02
  8.41411699e-04 -3.32903483e-12  2.01912358e-11 -2.86583851e-05
  5.99699327e-19  2.58040117e-17  9.98334039e-07  8.14115254e-24
 -4.47242143e-23 -1.25820803e-22  2.24566612e-25 -9.93586087e-26
  8.14122156e-24  9.93401954e-07  5.28484855e-28 -1.04681936e-29
 -5.41221690e-26 -1.42171668e-25 -4.47243277e-23  5.28485027e-28
  9.93401954e-07  3.28092069e-28 -3.51793464e-13  2.38072062e-12
  5.61301731e-14  2.80996646e-22 -1.10094232e-21  3.48745219e-02]
13.456792831420898,base_link,3.232542128813386,-6.357986875541168,2.8497522635942187e-22,5.800081264859331e-24,1.1262383500453034e-23,-0.21534900314435723,0.9765371507755,[ 3.32529552e-03 -8.76181730e-05 -6.01878187e-04 -8.86777735e-05
  3.78552443e-04 -1.18741318e-04 -5.71371231e-04  3.20548916e-04
  3.63966133e-03 -3.35106979e-05  1.43066427e-04 -4.49136566e-05
 -8.70855749e-20  5.19231197e-19  9.99407771e-07  1.88354751e-15
 -9.86197326e-15 -8.53708406e-24 -8.07328278e-22 -1.14481797e-21
  1.88354752e-15  9.98816942e-07  3.13660837e-20 -1.84394652e-25
  5.29395592e-22  5.82335151e-22 -9.86197326e-15  3.13650503e-20
  9.98816942e-07 -5.98946779e-25 -2.13782348e-19  1.48059439e-18
  1.76052416e-17 -2.59183740e-19  1.10662657e-18  9.99999416e-10],0.5077277380234142,0.09861600823857773,7.789963435552498e-21,-8.229604388330461e-28,-8.834487488933107e-28,-0.06601107542902585,[ 6.32954225e-02  9.04165208e-04  2.13553905e-05 -1.12962659e-12
  8.19407550e-12 -5.63010560e-05  5.41672111e-04  3.59306335e-02
  8.41977446e-04 -3.61300398e-12  1.62273048e-11 -3.56682341e-05
 -3.01204916e-18 -1.18611718e-16  9.99112181e-07  4.59001987e-24
 -2.40308565e-23 -9.04177097e-23  5.83630852e-26  1.86196417e-25
  4.59004975e-24  9.96467456e-07  3.00196418e-28  1.35424001e-29
 -2.82727748e-25 -5.58993148e-25 -2.40309394e-23  3.00196437e-28
  9.96467456e-07  1.19150498e-29 -3.47900745e-13  2.33080222e-12
  5.49950228e-14 -8.26794789e-23  3.18175888e-22  3.48745937e-02]
13.507694482803345,base_link,3.296570343389285,-6.360084320800468,7.5826296913268535e-22,1.8712095283759634e-23,-5.742162067434594e-23,-0.22458910161690798,0.9744535573514574,[ 3.31735192e-03 -1.53585628e-04 -5.31070955e-04 -1.70602323e-04
  4.59859273e-04 -1.66555930e-04 -6.34732125e-04  3.59501082e-04
  3.35243069e-03 -5.26645248e-05  1.41933353e-04 -5.14584597e-05
 -1.68215449e-20  2.99214389e-19  9.99275374e-07  2.55434362e-15
 -1.21463183e-14 -1.38760246e-23  9.85999290e-21  6.92184737e-21
  2.55434365e-15  9.98552844e-07  4.28185007e-20 -7.36836904e-25
  1.66759611e-21  1.58818678e-21 -1.21463184e-14  4.28177961e-20
  9.98552844e-07  1.29661835e-24  3.15082980e-18  1.92598575e-18
  1.79172733e-17 -5.14445588e-19  1.38618474e-18  9.99999283e-10],0.5188117139998809,0.11221040646929868,1.6925880976822772e-20,5.348664923318397e-27,-1.459183035843288e-26,-0.07150640242172009,[ 6.33356257e-02  8.64058733e-04  2.04142461e-05 -7.43587507e-12
  1.27018662e-11 -8.08958790e-05  5.07716089e-04  3.59268188e-02
  8.41740238e-04 -8.29753651e-12  2.04726082e-11 -4.60657840e-05
 -2.51060566e-18 -1.03541307e-16  9.98913847e-07  6.26681397e-24
 -2.97989815e-23 -1.29946021e-22 -4.20052655e-26 -4.68520269e-26
  6.26685367e-24  9.95683457e-07  4.14887638e-28 -3.65822842e-29
  3.40888885e-25  5.52530800e-25 -2.97990934e-23  4.14887639e-28
  9.95683457e-07  1.05585877e-28 -3.71404296e-13  2.33556230e-12
  5.50993884e-14  5.35846702e-22 -1.43998213e-21  3.48759600e-02]
13.570814609527588,base_link,3.404195624321634,-6.382632432330401,6.894915839900232e-22,-4.0349073706240734e-23,8.368660142694344e-24,-0.23020750852468477,0.9731415637094416,[ 2.86288979e-03 -2.43782859e-04 -2.73064627e-04 -2.60614455e-04
  3.97067149e-04 -1.28331095e-04 -4.09859611e-04  2.85506343e-04
  3.10434997e-03 -6.85201593e-05  1.04383361e-04 -3.37939484e-05
  8.69863132e-21 -6.54756468e-19  9.99066391e-07  3.83879121e-15
 -1.69927762e-14  9.13096363e-24 -2.03817303e-21 -2.51462906e-21
  3.83879111e-15  9.98136258e-07  6.98625998e-20  2.61229298e-24
  4.73809055e-21  8.17916190e-21 -1.69927761e-14  6.98710652e-20
  9.98136258e-07  2.00183584e-25  1.04323523e-18  1.81150323e-18
  2.36471700e-17 -9.42654617e-19  1.43588549e-18  9.99999074e-10],0.567058142170589,0.12496418034410506,-7.422918388722476e-21,3.007214497728029e-27,5.7656042591517864e-27,-0.07103541443762157,[ 6.27700455e-02  7.00876117e-04  1.65434288e-05 -4.38068185e-12
  2.33133921e-12 -6.30352044e-05  5.82452863e-04  3.58917713e-02
  8.40722045e-04 -1.21763107e-11  1.73834191e-11 -3.41522574e-05
  9.21571847e-19  4.69459541e-17  9.98600891e-07  9.37183180e-24
 -4.14840612e-23  6.09606464e-23 -3.55429169e-26 -1.01781989e-25
  9.37175474e-24  9.94450026e-07  6.71511283e-28 -5.23474517e-29
  3.63507105e-27 -6.46234854e-27 -4.14840570e-23  6.71510894e-28
  9.94450026e-07 -2.85662634e-28 -4.06339675e-13  2.32674990e-12
  5.48772139e-14  6.25798938e-22 -9.37681679e-22  3.48744289e-02]
13.611079692840576,base_link,3.4601178765119207,-6.396491267678219,1.4731826815756444e-21,-2.9834230569079267e-24,5.322204935274e-24,-0.22892735283056986,0.9734435099819546,[ 2.89325585e-03 -1.96757064e-04 -4.77907807e-04 -2.05162695e-04
  3.58863901e-04 -1.47302082e-04 -4.86530334e-04  3.32910256e-04
  2.92825308e-03 -7.01298232e-05  1.22684525e-04 -5.04419544e-05
  8.52326903e-21 -7.87740641e-20  9.99019321e-07  4.14977226e-15
 -1.84989227e-14  3.91218151e-23  4.98955345e-21  1.09584888e-20
  4.14977220e-15  9.98042477e-07  7.82780177e-20  3.71838476e-25
  7.09390093e-21  1.14878843e-20 -1.84989226e-14  7.82784946e-20
  9.98042477e-07 -3.07122899e-25  1.34388725e-19  2.33833283e-18
  2.27167296e-17 -8.72462117e-19  1.52642034e-18  9.99999026e-10],0.5817931221419201,0.12987145933624483,4.901498735134452e-21,2.6171690193645245e-27,-1.1809240070150512e-26,-0.0650964312507566,[ 6.28227427e-02  7.53015280e-04  1.77676273e-05  4.76991082e-13
  3.31529381e-12 -6.88876358e-05  5.33938408e-04  3.59103680e-02
  8.41144244e-04 -1.15812311e-11  2.13663622e-11 -4.38455399e-05
  1.69067776e-18  8.00141203e-17  9.98530420e-07  1.01263208e-23
 -4.51404098e-23 -9.59122206e-23 -1.78724327e-26  4.21668242e-25
  1.01263709e-23  9.94172925e-07  7.51814331e-28 -6.95140601e-29
 -7.55286985e-26 -4.81444966e-25 -4.51404660e-23  7.51814418e-28
  9.94172925e-07  2.34723759e-28 -4.17547941e-13  2.31309416e-12
  5.45510924e-14  8.70443510e-22 -1.50979849e-21  3.48732091e-02]
13.65211534500122,base_link,3.5148373227090253,-6.406933770980635,-3.358836252957782e-23,-2.923962729705451e-23,1.0352006694181044e-22,-0.2318521823973745,0.9727510295638728,[ 2.99212255e-03 -1.86802499e-04 -5.67963996e-04 -2.01341855e-04
  3.39666855e-04 -1.43832487e-04 -6.15476374e-04  3.20260334e-04
  3.02494105e-03 -8.76390346e-05  1.47827053e-04 -6.27322994e-05
  6.18069354e-21 -1.33407689e-19  9.98710525e-07  5.70203687e-15
 -2.47124719e-14 -1.11912743e-23 -3.73223892e-21 -7.12037071e-21
  5.70203678e-15  9.97427679e-07  1.09268804e-19  4.11421025e-24
  1.27584338e-20  3.21343124e-20 -2.47124718e-14  1.09268874e-19
  9.97427679e-07 -6.88843589e-24 -7.77880648e-20  2.67284396e-18
  2.77446226e-17 -1.25773398e-18  2.12123709e-18  9.99998716e-10],0.5915729321177147,0.13640525967069322,3.607686265957091e-21,3.475634112706519e-27,-2.3622152153291493e-26,-0.06437320847310518,[ 6.29709431e-02  8.18483531e-04  1.93091676e-05 -3.23306771e-13
 -4.18623615e-12 -6.28154173e-05  4.91272658e-04  3.58934402e-02
  8.40368461e-04 -1.80065681e-11  2.89897765e-11 -4.78998082e-05
  9.92722614e-19  4.31512465e-17  9.98068276e-07  1.38730298e-23
 -6.01247176e-23 -7.95106412e-23  9.34011312e-27  5.46068451e-25
  1.38730874e-23  9.92361444e-07  1.04490719e-27 -7.93640725e-29
 -1.79330172e-25  1.20522800e-24 -6.01247434e-23  1.04490756e-27
  9.92361444e-07  5.06333181e-28 -4.29942323e-13  2.30378217e-12
  5.43068531e-14  2.01305993e-21 -3.45361002e-21  3.48732706e-02]
13.725667476654053,base_link,3.612757971128839,-6.4230226181524745,-3.723491970908978e-23,-2.224077663287459e-24,6.240525685724482e-23,-0.23917219572135234,0.9709771680085104,[ 3.12211527e-03 -2.87823736e-04 -4.00377125e-04 -3.12847373e-04
  4.09650441e-04 -1.85446839e-04 -5.27238473e-04  3.67098768e-04
  2.90819147e-03 -8.43559916e-05  1.10462770e-04 -5.00569507e-05
  4.16369633e-20 -2.88414719e-19  9.99370448e-07  3.04211764e-15
 -1.24200289e-14 -9.09224262e-25 -1.63053842e-20 -1.64642029e-20
  3.04211763e-15  9.98742477e-07  6.00149764e-20  5.14963751e-25
  2.94608647e-20  2.70521148e-20 -1.24200288e-14  6.00128199e-20
  9.98742477e-07 -1.95477746e-24  2.52679772e-18  1.95047250e-18
  1.66370923e-17 -8.94065128e-19  1.17080361e-18  9.99999379e-10],0.6051626019010219,0.14973577820739262,-6.567942117447787e-21,-6.987584343482269e-27,4.232880419682526e-27,-0.06558327831026378,[ 6.30859084e-02  7.78388232e-04  1.83949979e-05 -6.09971778e-12
  9.42525617e-12 -8.91424815e-05  5.99544495e-04  3.59263420e-02
  8.42009650e-04 -1.15834759e-11  1.55314738e-11 -5.05930483e-05
  2.10741797e-18  9.63855731e-17  9.99056264e-07  7.43575918e-24
 -3.03565426e-23  2.70227963e-23 -1.05013164e-25 -2.01948392e-25
  7.43575941e-24  9.96246236e-07  5.77555503e-28  6.19369751e-29
  7.28629797e-25  1.20845918e-24 -3.03565340e-23  5.77555525e-28
  9.96246236e-07 -4.04087400e-29 -4.60210429e-13  2.27511066e-12
  5.36873628e-14 -5.65341012e-23  4.20881096e-23  3.48753997e-02]
13.771352529525757,base_link,3.6581437820475156,-6.440238256791458,-3.6573092257753794e-22,9.983404907476157e-24,-3.154930992844714e-23,-0.21274602111871718,0.9771075327199941,[ 3.00420326e-03 -3.06671311e-04 -1.12461455e-04 -3.39574130e-04
  3.90317500e-04 -1.68200193e-04 -2.99570951e-04  3.59438236e-04
  2.21538842e-03 -4.60422012e-05  5.29162503e-05 -2.28230998e-05
 -1.29437222e-20 -1.90158897e-19  9.99309813e-07  3.45741322e-15
 -1.37674433e-14 -1.09457771e-24 -2.91167576e-21 -8.86737617e-22
  3.45741319e-15  9.98621527e-07  6.89639301e-20  1.14413095e-24
  8.60267837e-21  3.30872245e-21 -1.37674433e-14  6.89622892e-20
  9.98621527e-07 -2.12878329e-24  1.65443815e-18  1.98998924e-18
  1.41783719e-17 -6.89844629e-19  7.92702485e-19  9.99999318e-10],0.6010234022043264,0.1482866902741932,-2.5209459839058637e-21,1.2155644549522698e-27,1.4748820196727186e-27,-0.03087740914467349,[ 6.28749075e-02  6.89748675e-04  1.62969325e-05 -1.82994745e-11
  1.66218036e-11 -8.90472720e-05  7.00078905e-04  3.59466076e-02
  8.42441016e-04 -1.00765256e-11  1.01603332e-11 -3.75281804e-05
 -1.83636743e-18 -9.49761103e-17  9.98965432e-07  8.46687902e-24
 -3.37145217e-23  3.84805782e-23  1.87408108e-25  1.03397577e-25
  8.46686068e-24  9.95887185e-07  6.66044260e-28  2.33534362e-29
 -5.88073717e-25 -3.61891518e-25 -3.37144772e-23  6.66044303e-28
  9.95887185e-07  3.08349979e-29 -4.98892377e-13  2.28776720e-12
  5.39840741e-14  2.77756933e-22 -2.55234560e-22  3.48751775e-02]
13.813157796859741,base_link,3.7085280817505915,-6.449631615155117,-1.679168890971249e-23,8.056067591113117e-24,9.67409246554916e-24,-0.20375674605323413,0.9790215464624861,[ 2.64140574e-03 -2.47593969e-04 -2.22811403e-04 -2.73981595e-04
  3.80615124e-04 -1.84378480e-04 -3.32399315e-04  3.57029090e-04
  2.22841210e-03 -4.97742215e-05  6.91476426e-05 -3.35452677e-05
 -3.75209126e-21 -3.72482739e-19  9.98995349e-07  4.94396629e-15
 -1.98600991e-14  3.08579563e-24 -3.12343399e-21 -1.86611946e-21
  4.94396629e-15  9.97994724e-07  9.77337674e-20 -1.91800647e-25
  1.73112359e-20  1.00849860e-20 -1.98600991e-14  9.77328672e-20
  9.97994724e-07 -3.40893541e-25 -1.92668976e-19  2.65493533e-18
  1.90454811e-17 -7.75789793e-19  1.07776613e-18  9.99999002e-10],0.603742082215315,0.15269533796511955,2.0254798422120578e-20,4.283130056144847e-27,-2.8911462260113235e-26,-0.01854390690224459,[ 6.25395600e-02  5.95942140e-04  1.40712166e-05 -1.37404585e-11
  1.97761075e-11 -9.75308362e-05  5.30108809e-04  3.59034538e-02
  8.41050678e-04 -1.17833871e-11  1.65592668e-11 -4.34232798e-05
 -5.38712954e-19 -3.23092247e-17  9.98494534e-07  1.20685174e-23
 -4.84798247e-23 -2.15529926e-22  1.77714585e-26  1.45402842e-26
  1.20686724e-23  9.94031913e-07  9.39323125e-28 -4.02456389e-29
 -2.39106896e-25 -2.00332805e-25 -4.84799953e-23  9.39323279e-28
  9.94031913e-07  2.58541021e-28 -5.19662655e-13  2.30603037e-12
  5.43916874e-14  7.77131469e-22 -1.08387781e-21  3.48744273e-02]
13.871961116790771,base_link,3.7681751186081667,-6.4586129643861065,3.4208336057810646e-23,-8.774100502591399e-24,1.9167896436251668e-24,-0.17219675655975133,0.9850625751851004,[ 2.47445851e-03 -1.70712847e-04 -3.08645080e-04 -1.80716731e-04
  3.59493994e-04 -1.42892778e-04 -3.30797251e-04  3.01214321e-04
  1.82053571e-03 -3.88622681e-05  7.73263754e-05 -3.07639193e-05
 -9.32530335e-20  4.97631857e-19  9.99357478e-07  3.27948548e-15
 -1.26469058e-14 -2.77434197e-24 -2.48815928e-21 -2.14405215e-21
  3.27948547e-15  9.98716604e-07  6.45501298e-20  3.72434098e-25
  1.78935710e-20  9.91293246e-21 -1.26469058e-14  6.45510453e-20
  9.98716604e-07 -1.60484394e-26 -6.42893044e-19  1.71726779e-18
  1.14117451e-17 -3.85657052e-19  7.67504522e-19  9.99999366e-10],0.5950178786053172,0.15625488527556758,-4.1048095099465366e-22,4.376928020417989e-28,6.25350427544492e-28,0.018068510248641194,[ 6.24294731e-02  5.43549657e-04  1.28354236e-05 -5.58049258e-12
  1.79812483e-11 -7.83227422e-05  4.16677445e-04  3.58488560e-02
  8.40275846e-04 -5.52304335e-12  1.25393379e-11 -3.31078189e-05
 -4.98055373e-19 -3.27429056e-17  9.99036835e-07  8.00364467e-24
 -3.08653154e-23 -4.54714951e-23  1.72060030e-25  1.70444443e-25
  8.00366330e-24  9.96169388e-07  6.19561542e-28 -5.23247698e-30
 -8.27180613e-25 -5.78380194e-25 -3.08653563e-23  6.19561535e-28
  9.96169388e-07 -7.60008258e-30 -5.29712125e-13  2.27547148e-12
  5.36995271e-14  3.36080084e-23 -1.06517215e-22  3.48727510e-02]
13.914271831512451,base_link,3.8157515996242455,-6.459981065093669,-1.009338580511682e-22,-1.1975739747071877e-24,2.642089859257057e-23,-0.16980071645835135,0.9854784202052476,[ 2.47328775e-03 -2.27930264e-04 -1.56273706e-04 -2.52624628e-04
  3.69320164e-04 -1.37717166e-04 -2.95019090e-04  2.85000804e-04
  2.11600729e-03 -4.74111329e-05  6.92904958e-05 -2.58657269e-05
  2.64697796e-22 -1.14349448e-20  9.99380403e-07  3.26308388e-15
 -1.20921900e-14  8.30990292e-25  9.23795308e-21  3.74547381e-21
  3.26308387e-15  9.98762338e-07  6.36828699e-20  1.47355521e-25
  7.43800807e-21  4.88367434e-21 -1.20921899e-14  6.36820435e-20
  9.98762338e-07 -6.66338308e-25  4.64441648e-19  1.68308455e-18
  1.26690564e-17 -4.65761816e-19  6.80558952e-19  9.99999389e-10],0.5925648525000199,0.16224104249027374,-8.297287116679117e-21,-2.4928118931267115e-27,-5.410859685334101e-27,0.019644271724013288,[ 6.24862224e-02  4.62813303e-04  1.09319579e-05 -1.54294377e-11
  1.37741283e-11 -7.75331340e-05  4.09275293e-04  3.58226299e-02
  8.39709425e-04 -8.38192550e-12  1.04679403e-11 -2.92137318e-05
  2.57159203e-18  1.97541636e-16  9.99071179e-07  7.96665817e-24
 -2.95228285e-23  3.61221049e-23 -1.22784622e-25 -6.78546596e-26
  7.96664481e-24  9.96305226e-07  6.11603875e-28  1.89969611e-29
 -3.87740912e-26 -2.90805684e-26 -2.95227835e-23  6.11603911e-28
  9.96305226e-07  3.93880469e-29 -5.43530498e-13  2.26389740e-12
  5.34264216e-14 -1.20165695e-23  1.20023282e-22  3.48725901e-02]
13.970204830169678,base_link,3.8710689670313165,-6.469246934881335,1.5140270552545343e-23,1.6386590084929523e-24,-7.804012865425044e-25,-0.16497601535557543,0.9862975790081799,[ 2.70960221e-03 -2.72056175e-04 -2.33549752e-04 -2.94779050e-04
  4.09352978e-04 -1.60895330e-04 -3.20997715e-04  3.15491774e-04
  1.61279791e-03 -4.73008244e-05  6.56850371e-05 -2.58375419e-05
  1.94552880e-21 -1.75759337e-20  9.99451663e-07  2.96878273e-15
 -1.06536497e-14 -9.18581183e-25  2.78197384e-20  1.18716962e-20
  2.96878274e-15  9.98904526e-07  5.76831217e-20 -1.00423511e-24
 -3.09167026e-20 -1.33937085e-20 -1.06536497e-14  5.76820279e-20
  9.98904526e-07  7.96800900e-25 -6.88113354e-19  1.41302725e-18
  9.03296085e-18 -4.68264362e-19  6.50256378e-19  9.99999460e-10],0.5848168959571505,0.16263484322426688,-5.0494147722990496e-21,6.600112774543516e-28,-1.0368673843922345e-28,0.023218821065676694,[ 6.28052054e-02  4.48284671e-04  1.06022990e-05 -1.31219705e-11
  1.79419123e-11 -9.21213549e-05  4.08969820e-04  3.58295441e-02
  8.39958844e-04 -7.01061130e-12  9.66996617e-12 -3.11496300e-05
  1.66018458e-19  1.32272665e-17  9.99177944e-07  7.29716579e-24
 -2.61866680e-23 -3.48278051e-23  1.44271931e-24  7.72250650e-25
  7.29714142e-24  9.96727875e-07  5.60519024e-28 -1.16074564e-28
 -1.76745232e-24 -9.54811996e-25 -2.61866799e-23  5.60518958e-28
  9.96727875e-07  4.03240725e-29 -5.80600346e-13  2.29338770e-12
  5.41371627e-14  3.62018859e-22 -5.02957833e-22  3.48758197e-02]
14.017600297927856,base_link,3.9273264512725152,-6.482565794519826,7.634468999906825e-22,-4.899898110502475e-23,-1.6125244583457246e-23,-0.16772341269810234,0.9858340919408813,[ 2.57911155e-03 -3.73407856e-04 -1.28193273e-05 -4.17352419e-04
  4.44513572e-04 -1.66267106e-04 -2.09257087e-04  3.33024069e-04
  1.59406404e-03 -3.93017958e-05  4.18555574e-05 -1.56716039e-05
 -1.09584888e-20 -6.25745590e-20  9.99157326e-07  4.50911477e-15
 -1.62375992e-14  9.24660236e-24 -2.21287357e-20 -5.20131169e-21
  4.50911472e-15  9.98317485e-07  8.68802202e-20  2.50067884e-24
  2.08581863e-20  5.92923063e-21 -1.62375992e-14  8.68907593e-20
  9.98317485e-07  1.54369635e-24  1.03891424e-18  2.49007048e-18
  1.25813168e-17 -6.83103614e-19  7.27359902e-19  9.99999165e-10],0.5909662450196665,0.1613215861356794,-1.532433625842377e-21,8.026596643900263e-27,-6.884994343973426e-27,0.018379098425050082,[ 6.26628236e-02  3.16966325e-04  7.49251755e-06 -2.56152966e-11
  2.22410921e-11 -9.76005746e-05  4.43255529e-04  3.58281136e-02
  8.39572543e-04 -9.98146182e-12  9.50121314e-12 -2.76602769e-05
 -5.86993832e-19 -6.55942314e-17  9.98737052e-07  1.10422216e-23
 -3.97634399e-23  1.73746848e-22 -2.81112161e-25 -1.11475512e-25
  1.10419908e-23  9.94986115e-07  8.39418378e-28 -1.27913618e-28
  2.35875722e-25  1.01781989e-25 -3.97631844e-23  8.39418367e-28
  9.94986115e-07  1.28915859e-28 -6.28662487e-13  2.33572883e-12
  5.51166926e-14  3.82350540e-22 -3.73112900e-22  3.48763039e-02]
14.075729608535767,base_link,3.9990658162042725,-6.501741645805921,8.684387896366726e-23,-2.4540590358784194e-23,1.2759814619713775e-23,-0.1692035869742643,0.9855811210423232,[ 2.77185366e-03 -4.94920590e-04  1.32441852e-04 -5.67241489e-04
  5.20487056e-04 -2.03439872e-04 -1.51543980e-04  4.56287707e-04
  1.94983935e-03 -4.46561048e-05  4.09741566e-05 -1.60239893e-05
 -1.76950477e-20 -1.37854612e-19  9.99416836e-07  3.11144450e-15
 -1.15181570e-14  1.31838691e-24 -1.07996701e-20 -1.66759611e-21
  3.11144446e-15  9.98835028e-07  6.14452077e-20  3.71249841e-24
 -4.87043945e-21 -8.07328278e-22 -1.15181569e-14  6.14477313e-20
  9.98835028e-07 -2.50029545e-24  7.22829710e-20  1.90115159e-18
  1.12006942e-17 -5.49957197e-19  5.04582665e-19  9.99999425e-10],0.6009202739644326,0.15858184059761438,-2.3654583217174193e-21,3.985072069302812e-27,3.6233805296368214e-28,0.015074134242309977,[ 6.29383451e-02  2.45699659e-04  5.80628019e-06 -3.05697276e-11
  2.61034424e-11 -1.20107985e-04  5.08047640e-04  3.58769894e-02
  8.41108243e-04 -9.90861517e-12  8.64481322e-12 -3.24015362e-05
 -2.05829006e-19 -2.98155597e-17  9.99125762e-07  7.60057120e-24
 -2.81366112e-23  1.80222153e-23  2.70126169e-24  8.75648227e-25
  7.60051988e-24  9.96521222e-07  5.90716426e-28 -1.61726838e-28
 -2.53000945e-24 -8.38489722e-25 -2.81366057e-23  5.90716289e-28
  9.96521222e-07 -3.14514360e-29 -6.39973751e-13  2.29986863e-12
  5.42918239e-14  7.93082988e-23 -7.06253534e-23  3.48751461e-02]
14.11429476737976,base_link,4.047300709732375,-6.520240991210394,5.484751104636931e-23,-1.321678033796076e-23,3.276729923379333e-23,-0.16684104189329022,0.9859838065302905,[ 2.76540488e-03 -5.41739864e-04  3.13125048e-04 -6.50045429e-04
  5.89879610e-04 -2.99069526e-04 -3.90327332e-05  6.19952625e-04
  1.84891739e-03  3.07911519e-06 -2.79452579e-06  1.42358017e-06
  3.91752738e-20  1.18902250e-19  9.99202783e-07  4.12217055e-15
 -1.58817928e-14  1.75377035e-25 -1.55112908e-20  6.78288102e-22
  4.12217054e-15  9.98408101e-07  8.21176194e-20  1.33588758e-24
  1.96935160e-20 -8.04019555e-22 -1.58817928e-14  8.21154823e-20
  9.98408101e-07 -2.19693916e-24  9.43748352e-19  3.99946479e-18
  1.24274827e-17 -2.46634859e-19  2.23818846e-19  9.99999211e-10],0.6099503860352163,0.15321809544805093,-5.509698569937803e-21,9.694946597231337e-27,-1.856741136439187e-27,0.01687433291358973,[ 6.29182779e-02  1.62557699e-04  3.83924199e-06 -4.30597358e-11
  4.07574089e-11 -1.82021266e-04  5.44494018e-04  3.59551907e-02
  8.42718782e-04 -7.86753605e-12  7.51455440e-12 -3.81002989e-05
 -2.44792522e-19 -5.38848480e-17  9.98805125e-07  1.00557693e-23
 -3.87429303e-23 -9.65251466e-24 -2.13903737e-24 -3.89356499e-25
  1.00557622e-23  9.95254405e-07  7.87889455e-28 -1.99237296e-28
  7.94868870e-25  1.47018429e-25 -3.87429346e-23  7.87889348e-28
  9.95254405e-07  3.64948024e-29 -6.59740708e-13  2.29814778e-12
  5.42327125e-14 -3.60544210e-23  2.35812436e-23  3.48734347e-02]
14.163719654083252,base_link,4.102873014062899,-6.538421606676296,3.4714027008000716e-22,-2.6043549697527242e-23,1.2701363997926066e-23,-0.16582933138444247,0.9861544670347484,[ 3.08707828e-03 -7.08910040e-04  5.92550529e-04 -8.67032182e-04
  7.50905003e-04 -4.04137893e-04  9.35535063e-05  8.46856565e-04
  2.18898826e-03  5.75657279e-05 -4.98547944e-05  2.68514779e-05
 -5.02925812e-20 -1.23878569e-19  9.99429374e-07  2.87040609e-15
 -1.14211104e-14  1.11259944e-24  8.56032672e-20 -1.39495739e-20
  2.87040609e-15  9.98860048e-07  5.74485893e-20  1.53306303e-24
 -3.50989278e-20  5.90276085e-21 -1.14211104e-14  5.74504809e-20
  9.98860048e-07 -4.45157734e-25  4.47374637e-19  2.37833617e-18
  1.04759003e-17  9.29443906e-20 -8.04923069e-20  9.99999438e-10],0.6120694939566674,0.14868733712228263,-6.2951775233596094e-21,-4.800321220669125e-27,-1.1540989184774907e-26,0.016810588192617926,[ 6.33101273e-02  5.95618039e-05  1.40558725e-06 -4.90502408e-11
  4.13669509e-11 -2.49028909e-04  6.63095387e-04  3.60608101e-02
  8.45537396e-04 -5.19996136e-12  4.24818306e-12 -4.12547776e-05
  6.45862622e-20  3.87060176e-17  9.99144548e-07  7.03700705e-24
 -2.79999484e-23 -9.99614878e-24  6.10045702e-24  6.46234854e-25
  7.03701478e-24  9.96595612e-07  5.55748373e-28  7.55079328e-29
 -5.02770716e-24 -5.16180089e-25 -2.79999463e-23  5.55748502e-28
  9.96595612e-07  1.81320571e-28 -6.77351092e-13  2.28726760e-12
  5.39984813e-14 -3.48156305e-23  3.31174588e-23  3.48747834e-02]
14.219738245010376,base_link,4.168995336580055,-6.566786197989627,-4.454860316413424e-22,-1.2653213821206104e-23,1.1590182458274884e-23,-0.16129696648328168,0.9869059167941446,[ 2.78914434e-03 -6.48860834e-04  5.12144276e-04 -7.74587744e-04
  7.68139759e-04 -4.56926415e-04  1.42973004e-04  8.77385377e-04
  2.15988879e-03  5.17810989e-05 -5.13529214e-05  3.05706951e-05
  1.49554255e-20  5.80217569e-20  9.99147609e-07  4.01212023e-15
 -1.73340674e-14 -1.00161794e-24  1.37642854e-20 -2.67344774e-21
  4.01212023e-15  9.98298116e-07  8.15879133e-20  1.28834199e-24
  1.00585162e-20 -1.68083100e-21 -1.73340674e-14  8.15886464e-20
  9.98298116e-07 -8.44512127e-25  1.01502413e-18  5.05069823e-18
  1.22670591e-17  2.50138847e-19 -2.48106790e-19  9.99999156e-10],0.6199671469825359,0.13914823304565865,-5.597489575087651e-21,2.8527447077031713e-27,-1.070353287948431e-26,0.020471854430173284,[ 6.29323770e-02  1.70303974e-05  4.01038684e-07 -3.96667731e-11
  4.61316845e-11 -2.81836106e-04  6.02883520e-04  3.60705853e-02
  8.45467362e-04 -3.06169598e-12  4.35310726e-12 -4.52344293e-05
 -5.08749164e-20 -1.07444435e-16  9.98722501e-07  9.76947203e-24
 -4.22087335e-23 -3.07623568e-24 -2.32644547e-25 -1.81753553e-26
  9.76947200e-24  9.94928729e-07  7.80391851e-28 -7.35040038e-29
  7.94868870e-25  7.59325953e-26 -4.22087303e-23  7.80391977e-28
  9.94928729e-07  2.74108207e-28 -6.97750709e-13  2.29737063e-12
  5.42134420e-14  1.62471961e-22 -1.80828834e-22  3.48719554e-02]
14.271225929260254,base_link,4.235094987313939,-6.592246700834964,3.0387586993578517e-22,9.417920033965088e-23,1.9404104576166445e-22,-0.15538124053867977,0.9878545794238446,[ 2.57012446e-03 -6.45698325e-04  7.44185463e-04 -8.22158826e-04
  8.35868197e-04 -5.61026073e-04  2.14539337e-04  9.57520970e-04
  2.10462381e-03  8.79818356e-05 -8.94514418e-05  6.00996171e-05
 -2.28698896e-20 -3.88576365e-20  9.98782541e-07  5.37653625e-15
 -2.51284193e-14  4.30219549e-24 -1.87406040e-20  5.34689548e-21
  5.37653625e-15  9.97570989e-07  1.10980951e-19 -5.72843816e-24
  1.27054942e-21 -3.44107135e-22 -2.51284192e-14  1.10944853e-19
  9.97570989e-07 -1.88694305e-23  1.23991569e-18  5.87031242e-18
  1.30304172e-17  5.67298766e-19 -5.76813435e-19  9.99998790e-10],0.6317619179462537,0.1318722955652091,-1.4732220335369878e-20,-2.611682203709199e-26,-2.2155313277061003e-26,0.025571776974009145,[ 6.26762778e-02 -6.47837296e-05 -1.52777643e-06 -6.12488804e-11
  6.65478716e-11 -3.52802271e-04  5.73740806e-04  3.60989571e-02
  8.45732642e-04 -1.19085257e-12  1.95079742e-12 -4.53508273e-05
 -1.59665711e-19  8.86877377e-17  9.98176029e-07  1.30515848e-23
 -6.09997959e-23  1.80188579e-23 -1.35709319e-24 -2.56474458e-26
  1.30515545e-23  9.92782852e-07  1.05666885e-27  6.93215995e-28
 -1.16322274e-25 -2.82727748e-27 -6.09997587e-23  1.05666983e-27
  9.92782852e-07  5.84482488e-28 -6.99473140e-13  2.28415897e-12
  5.38707039e-14 -1.78651096e-22  1.62637517e-22  3.48687657e-02]
14.310473918914795,base_link,4.292226864326044,-6.6185705088368065,-5.64638360697618e-22,4.757633346055561e-23,-4.800235855898068e-24,-0.13974014038358573,0.9901882109809104,[ 2.51437019e-03 -5.72789344e-04  4.36827795e-04 -6.68457681e-04
  8.15308275e-04 -4.92604641e-04  1.61577875e-04  8.85400106e-04
  1.99654047e-03  5.05005404e-05 -6.16026116e-05  3.72534897e-05
 -4.17428424e-20 -1.77559282e-19  9.99290266e-07  2.99638211e-15
 -1.49352397e-14  5.47237004e-25 -1.32878294e-20  3.89105760e-21
  2.99638212e-15  9.98582541e-07  6.30587805e-20 -2.68598021e-24
 -6.77626358e-21  1.45583788e-21 -1.49352397e-14  6.30541966e-20
  9.98582541e-07 -1.06654328e-25  9.99817963e-19  4.77434091e-18
  1.04857860e-17  2.39011781e-19 -2.91604341e-19  9.99999299e-10],0.6493773515099303,0.1227072456633961,-2.2821567179271973e-20,-1.448145466971352e-26,1.0670502317962508e-26,0.04169591030573469,[ 6.26115827e-02 -1.94552122e-05 -4.59344377e-07 -3.00386497e-11
  4.76028380e-11 -3.06878449e-04  5.22646704e-04  3.60605717e-02
  8.45521082e-04  1.71971492e-13  1.99464006e-12 -4.27621099e-05
  3.79047244e-20 -6.89552582e-17  9.98936152e-07  7.30806186e-24
 -3.64275527e-23 -1.23846618e-23 -8.14255915e-25  4.54383881e-27
  7.30806758e-24  9.95771494e-07  6.04628012e-28  2.33279529e-28
  7.94868870e-25  3.31195362e-26 -3.64275579e-23  6.04628056e-28
  9.95771494e-07 -1.76070234e-28 -6.90549838e-13  2.26405006e-12
  5.34368425e-14  1.22493660e-23 -7.65195122e-23  3.48677448e-02]
14.360926866531372,base_link,4.347907618911498,-6.639925723742285,9.44391195280051e-23,-2.1435450832576246e-23,4.250739113552302e-23,-0.13742370736147141,0.9905123546200868,[ 2.67344886e-03 -5.68720192e-04  4.97753983e-04 -6.73052439e-04
  8.29040513e-04 -5.02964415e-04  1.63397606e-04  9.20684251e-04
  2.43675296e-03  4.85606360e-05 -5.98154757e-05  3.63143011e-05
  1.29701920e-20  5.84452734e-20  9.99436511e-07  2.18989798e-15
 -1.20893829e-14  5.70838751e-25 -4.67456308e-20  9.42324154e-21
  2.18989798e-15  9.98874290e-07  4.69774383e-20  3.56924708e-24
  7.26860148e-20 -1.44392648e-20 -1.20893829e-14  4.69763950e-20
  9.98874290e-07 -5.17704886e-24  1.02217696e-18  4.29857475e-18
  1.10120953e-17  1.61311008e-19 -1.98700007e-19  9.99999446e-10],0.6467554203955452,0.11505170992871742,3.42610555678386e-21,4.915080730714214e-27,-8.498102121305841e-27,0.04100033890289083,[ 6.28106975e-02 -1.54039008e-05 -3.64047727e-07 -3.17832588e-11
  3.96112327e-11 -3.12877467e-04  5.24098577e-04  3.60765457e-02
  8.46110674e-04 -1.26677930e-12  1.63453304e-12 -4.03174568e-05
 -3.87517573e-20  8.91214186e-17  9.99155242e-07  5.37097182e-24
 -2.96516061e-23  1.58482598e-23 -4.32977352e-25 -1.69636649e-26
  5.37096742e-24  9.96637958e-07  4.54828701e-28 -1.88283863e-28
  1.47987781e-24  6.01806207e-26 -2.96515992e-23  4.54828735e-28
  9.96637958e-07  3.27910345e-28 -6.94255722e-13  2.26892116e-12
  5.35663002e-14  2.38682543e-23 -3.28593782e-23  3.48696971e-02]
14.416101217269897,base_link,4.407929788235696,-6.660259829395855,1.9079120113373676e-22,-2.821194966520295e-23,4.63068537480801e-23,-0.13781738456384995,0.9904576560923641,[ 2.39681559e-03 -5.05696473e-04  5.60484356e-04 -6.31047733e-04
  7.50739709e-04 -4.88917946e-04  1.47561412e-04  8.71193246e-04
  2.39344643e-03  4.76712157e-05 -5.67097719e-05  3.69665216e-05
 -5.10337351e-20 -1.44630876e-19  9.99001200e-07  3.60616633e-15
 -2.11908853e-14  4.74167494e-25  2.48815928e-21 -4.36751363e-22
  3.60616633e-15  9.98006377e-07  7.65019327e-20  5.25384325e-24
 -9.47618110e-21  1.98523347e-21 -2.11908853e-14  7.65015478e-20
  9.98006377e-07 -6.54826095e-24  1.13194869e-18  5.56392741e-18
  1.52035213e-17  2.59077345e-19 -3.08153673e-19  9.99999009e-10],0.6426741013896231,0.10852564297111908,-1.574111544402401e-21,-1.676133685132068e-27,3.528561054354578e-27,0.037124686965266815,[ 6.24816370e-02 -3.65807209e-05 -8.63317436e-07 -4.62547557e-11
  4.76985614e-11 -3.07648072e-04  4.48713545e-04  3.60472202e-02
  8.44904724e-04 -2.57765131e-12  1.90886167e-12 -3.70896482e-05
  4.99749439e-20 -4.91143584e-17  9.98503292e-07  8.76259331e-24
 -5.14927558e-23  2.75383769e-24  4.00665609e-25  2.26182199e-26
  8.76259420e-24  9.94066257e-07  7.29378211e-28  7.49019670e-29
 -1.26662031e-24 -5.08909947e-26 -5.14927573e-23  7.29378180e-28
  9.94066257e-07 -1.49922165e-28 -6.99146524e-13  2.30035435e-12
  5.42753463e-14  2.81004098e-22 -2.97898750e-22  3.48671610e-02]
14.473952293395996,base_link,4.464546813786104,-6.6804229825145836,-4.715228982790342e-23,-1.7992190184860202e-23,7.499347491829643e-23,-0.13426481341976196,0.990945487843482,[ 2.55249655e-03 -5.24375660e-04  5.80960105e-04 -6.31159723e-04
  7.32065094e-04 -4.77687623e-04  1.64245648e-04  8.79313971e-04
  2.78418163e-03  5.34120592e-05 -6.19503394e-05  4.04740483e-05
  7.30565917e-21  2.47757137e-20  9.98926052e-07  3.66126694e-15
 -2.23775227e-14 -6.45551563e-25 -9.47618110e-21  2.81903153e-21
  3.66126693e-15  9.97856704e-07  7.62839712e-20  3.20504756e-24
  2.13346424e-20 -6.59097512e-21 -2.23775227e-14  7.62778911e-20
  9.97856704e-07 -8.32967151e-24  1.12350762e-18  5.10087956e-18
  1.67208510e-17  2.74998084e-19 -3.18950055e-19  9.99998934e-10],0.6319016191408545,0.10134103748008805,-2.941217568067958e-20,-1.1687086853308004e-27,-1.3219808526983068e-26,0.037803482772460616,[ 6.26708460e-02 -3.05122230e-05 -7.19960393e-07 -3.77277724e-11
  4.22712633e-11 -3.01644276e-04  4.83716838e-04  3.60515118e-02
  8.44947084e-04  3.47783689e-13 -6.40112695e-13 -3.35215412e-05
 -3.56812629e-20  4.33680869e-17  9.98390804e-07  8.93933544e-24
 -5.46373059e-23  1.04505327e-23  3.42504472e-25 -3.33214846e-27
  8.93929251e-24  9.93624642e-07  7.33627287e-28  3.98817077e-29
  5.81611368e-25 -9.18865182e-27 -5.46372490e-23  7.33627593e-28
  9.93624642e-07  4.44993305e-28 -6.84649657e-13  2.28188302e-12
  5.38332911e-14 -4.06471267e-22  4.84506808e-22  3.48668002e-02]
14.508292436599731,base_link,4.504445015582191,-6.695139819302083,1.7497879493520016e-23,-3.30004700039967e-24,1.643750664508314e-23,-0.15546189844482586,0.9878418892373063,[ 2.57701118e-03 -4.65132805e-04  2.20659163e-04 -5.52031571e-04
  7.23740797e-04 -4.81155262e-04  1.97622576e-05  8.99886072e-04
  2.39366755e-03 -7.88729540e-06  1.03408101e-05 -6.88701469e-06
 -1.78141617e-20 -2.12181753e-19  9.99194521e-07  2.61285398e-15
 -1.66666036e-14 -7.99996279e-25  4.92337901e-21  3.80503082e-22
  2.61285398e-15  9.98391629e-07  5.40630547e-20  7.61310765e-25
 -2.46698346e-20 -1.86611946e-21 -1.66666036e-14  5.40622092e-20
  9.98391629e-07 -1.73624386e-24  1.53836331e-18  6.41569389e-18
  1.36069021e-17 -2.33418857e-19  3.06028332e-19  9.99999203e-10],0.6335612347614586,0.09691533556677993,-4.871608360647421e-21,-3.735757576251215e-27,7.794211772288931e-27,0.011859755736246218,[ 6.27283946e-02  2.64709815e-05  6.24754475e-07 -2.46273397e-11
  3.32477214e-11 -2.95285016e-04  3.83653096e-04  3.60496044e-02
  8.45284943e-04 -6.23127364e-12  8.31420278e-12 -5.43499074e-05
  4.44692297e-21  5.96311195e-18  9.98792752e-07  6.34991202e-24
 -4.05047270e-23 -2.23739254e-23  1.87084990e-24  4.73367030e-25
  6.34992943e-24  9.95205579e-07  5.15272152e-28  1.34681454e-28
 -2.39753131e-24 -6.00998414e-25 -4.05047507e-23  5.15272125e-28
  9.95205579e-07 -2.45044329e-28 -6.69672359e-13  2.26771379e-12
  5.35188300e-14  2.09644308e-22 -2.82412635e-22  3.48650028e-02]
14.556917428970337,base_link,4.590797288755453,-6.720535751191188,-3.5003500023601644e-22,1.0868821279296323e-22,-7.825007162401818e-23,-0.13520964551830067,0.9908170122473753,[ 2.48433562e-03 -3.63060622e-04  1.04420941e-04 -4.05487406e-04
  9.04662106e-04 -6.39179551e-04  1.77429465e-05  9.54350107e-04
  2.10429204e-03 -2.89916567e-07  6.56057869e-07 -4.81555942e-07
 -6.91522992e-21  1.23031536e-19  9.99148290e-07  2.67777570e-15
 -1.82746187e-14 -9.28429524e-24  3.94399716e-21  7.01449159e-22
  2.67777570e-15  9.98299475e-07  5.74631272e-20 -5.39642792e-24
 -2.33992852e-20 -1.09849585e-21 -1.82746187e-14  5.74573702e-20
  9.98299475e-07  2.95131163e-24  9.80874493e-19  5.28931461e-18
  1.15095124e-17 -1.29465512e-19  2.88966666e-19  9.99999156e-10],0.6695823473234538,0.09405997582648588,-3.5660981533479925e-20,-3.6715875102471427e-26,-5.91471328887267e-26,0.033781866700029764,[ 6.25670173e-02  7.78455287e-05  1.83902784e-06 -1.04216189e-11
  6.08816389e-11 -3.92492207e-04  3.56276054e-04  3.60839367e-02
  8.46064886e-04 -2.62132992e-12  1.21526662e-11 -7.02271125e-05
 -1.23031536e-19 -5.67037736e-17  9.98723521e-07  6.55899402e-24
 -4.47633230e-23 -4.32121488e-22  7.67403889e-25  1.93870456e-25
  6.55910389e-24  9.94932810e-07  5.55352974e-28  4.90047248e-28
 -2.52031593e-24 -5.04063186e-25 -4.47635304e-23  5.55353462e-28
  9.94932810e-07  8.08160763e-28 -6.62129151e-13  2.27391717e-12
  5.36659866e-14  2.47356536e-22 -8.35153922e-22  3.48665744e-02]
14.628071546554565,base_link,4.7020631825505985,-6.754487661682179,-3.541977364149791e-22,3.614206287390113e-23,2.4306051744328914e-22,-0.12908368873859746,0.991633703189659,[ 2.09517981e-03 -1.99761591e-04 -4.95974855e-05 -2.00852964e-04
  8.27121866e-04 -6.25018741e-04 -2.02931114e-05  9.23390093e-04
  2.43173072e-03 -5.51868881e-06  2.27532802e-05 -1.72336083e-05
 -3.82753013e-20  2.52204060e-19  9.98782626e-07  3.54048265e-15
 -2.77039784e-14 -5.64712417e-24  5.86967363e-21 -2.65359541e-21
  3.54048266e-15  9.97571156e-07  8.05722355e-20 -3.58337175e-25
  8.29033497e-20  9.96587202e-21 -2.77039784e-14  8.05654956e-20
  9.97571156e-07 -1.95734973e-23  8.97502338e-19  6.42046362e-18
  1.74064107e-17 -1.44139495e-19  5.94326943e-19  9.99998789e-10],0.6987239663902711,0.0874988343434958,-7.463439159467837e-21,-5.243446782515118e-27,-7.892709494117488e-26,0.03709321281278492,[ 6.20905545e-02  1.07294880e-04  2.52911816e-06  3.75199397e-12
  6.21360166e-11 -3.85924310e-04  2.36399472e-04  3.60682011e-02
  8.45263016e-04 -5.18696112e-13  1.48911846e-11 -7.17032184e-05
 -5.63276910e-20 -1.88651178e-17  9.98176155e-07  8.56392251e-24
 -6.70137828e-23 -2.55947240e-22  1.39748287e-25 -1.85792520e-26
  8.56397347e-24  9.92783270e-07  7.62379775e-28  1.22131529e-28
  1.93870456e-24  4.65289095e-25 -6.70139332e-23  7.62380205e-28
  9.92783270e-07  1.82845602e-27 -6.45107828e-13  2.29520569e-12
  5.41393931e-14 -8.93390778e-24 -7.44269990e-22  3.48636091e-02]
14.670328140258789,base_link,4.747988398407778,-6.768485227394763,3.262259420841462e-23,3.5430119168683e-23,4.7473212079311195e-23,-0.12867192474490788,0.9916872167081922,[ 2.41215419e-03 -1.84336182e-04  5.38464013e-05 -2.13815392e-04
  9.87795633e-04 -7.27747854e-04 -1.46690290e-05  1.12760830e-03
  3.18548965e-03 -2.75225484e-06  1.27262924e-05 -9.40233794e-06
  1.84891411e-20 -2.85661861e-19  9.99292591e-07  1.99086730e-15
 -1.61860238e-14  3.40556277e-24  6.61744490e-23  4.96308368e-24
  1.99086730e-15  9.98587179e-07  4.55599204e-20 -5.40782618e-24
  2.85873620e-20  2.20360915e-21 -1.61860238e-14  4.55499079e-20
  9.98587179e-07 -9.14150706e-24  9.72704223e-19  5.64961008e-18
  1.64173378e-17 -1.08383770e-19  5.00882193e-19  9.99999301e-10],0.6905549594364822,0.08378639682466119,1.605284499701286e-21,-3.333966838478645e-27,-1.7179816403071766e-26,0.03516489644695397,[ 6.24867411e-02  1.33286230e-04  3.14534917e-06 -7.28306865e-12
  6.15785605e-11 -4.51060828e-04  2.55106017e-04  3.61669064e-02
  8.48281606e-04 -1.86067254e-12  1.26983844e-11 -7.70162910e-05
  3.80741310e-19  1.02673946e-16  9.98939635e-07  4.86643472e-24
 -3.95661886e-23  1.31025726e-22  4.62057920e-25  1.18745654e-25
  4.86642404e-24  9.95785268e-07  4.38523533e-28  1.79331802e-28
 -1.25369562e-24 -2.56878354e-25 -3.95661341e-23  4.38523693e-28
  9.95785268e-07  8.79012189e-28 -6.30646306e-13  2.27914909e-12
  5.38012211e-14  1.13483230e-22 -7.46645195e-22  3.48632454e-02]
14.72663402557373,base_link,4.810638499774734,-6.78567515827208,1.0847088030024015e-23,-3.5243827382854267e-23,9.715268824154133e-23,-0.14799481964790231,0.9889881361054766,[ 2.28790255e-03 -1.29868626e-04 -7.49907031e-05 -1.38990416e-04
  1.13207031e-03 -8.71904119e-04 -5.69981057e-05  1.18094869e-03
  2.61142076e-03 -4.39345643e-06  3.58122591e-05 -2.76235109e-05
  2.82697246e-20 -2.17899226e-19  9.99049173e-07  2.53042607e-15
 -2.12952902e-14  1.22385490e-23 -2.29956210e-22 -2.66352157e-22
  2.53042607e-15  9.98101950e-07  5.66634778e-20  7.42875065e-24
 -3.75870870e-20 -3.79841337e-21 -2.12952902e-14  5.66709181e-20
  9.98101950e-07 -1.37616132e-23  1.26897726e-18  6.29580275e-18
  1.38899793e-17 -1.15347428e-19  9.40396444e-19  9.99999056e-10],0.6819466813743524,0.08099553849735508,-5.437053000532083e-21,-8.210433847503877e-27,3.244653573986563e-26,0.010972755620703665,[ 6.23272103e-02  1.43019482e-04  3.37407216e-06 -1.04806435e-12
  8.33744867e-11 -5.34765534e-04  1.90785155e-04  3.61847878e-02
  8.48444191e-04 -1.09118165e-12  2.09377009e-11 -1.03684687e-04
  4.77303066e-19  1.20021180e-16  9.98575112e-07  6.16435517e-24
 -5.18776851e-23  5.54725651e-22 -4.20052655e-26 -4.38228010e-26
  6.16431764e-24  9.94348606e-07  5.42635405e-28  3.60060410e-28
  2.99852972e-24  7.56094779e-25 -5.18773988e-23  5.42635493e-28
  9.94348606e-07 -1.43479062e-27 -6.13275327e-13  2.28986274e-12
  5.40345341e-14  6.43622642e-23 -1.28917660e-21  3.48611219e-02]
14.775265216827393,base_link,4.889601996908569,-6.804151323051198,8.36076209268989e-23,2.0284142019025633e-23,1.2617354365490366e-22,-0.12366912064614599,0.9923235100503308,[ 2.37242418e-03 -9.04465560e-05 -5.47174178e-05 -9.78041653e-05
  1.33349105e-03 -1.10896561e-03 -5.65880327e-05  1.43399939e-03
  2.85639888e-03 -1.37737218e-06  1.87765405e-05 -1.56281523e-05
  5.21454658e-21 -4.88102736e-20  9.99448094e-07  1.52406385e-15
 -1.28334407e-14  6.88460452e-24 -5.82335151e-21 -1.81566144e-22
  1.52406385e-15  9.98897404e-07  3.54400800e-20 -8.53904049e-25
  1.20066920e-19  4.97962729e-21 -1.28334407e-14  3.54370710e-20
  9.98897404e-07 -2.25080730e-23  1.26094296e-18  6.57661320e-18
  1.17809707e-17 -5.33005192e-20  7.26562812e-19  9.99999456e-10],0.7022590389574616,0.08094135755971844,2.0710234267538225e-21,-9.357028977637038e-28,-3.875242215660165e-27,0.03719541383947966,[ 6.24338417e-02  1.39978714e-04  3.30805191e-06 -6.05505884e-12
  6.53307242e-11 -6.82211020e-04  1.55547634e-04  3.63018513e-02
  8.51752559e-04 -1.05353658e-12  1.12872916e-11 -1.20318862e-04
  2.38016258e-19  6.12574227e-17  9.99172597e-07  3.73331953e-24
 -3.14381427e-23  2.08498272e-22  9.77430216e-26  1.67617165e-26
  3.73331573e-24  9.96706682e-07  3.42313354e-28  5.06462776e-29
  6.94056233e-24  1.19876565e-24 -3.14380748e-23  3.42313376e-28
  9.96706682e-07  2.75663613e-28 -5.96940357e-13  2.28377040e-12
  5.39248085e-14  6.62508413e-23 -7.23506279e-22  3.48632425e-02]
14.80946159362793,base_link,4.922347643616569,-6.817152738451298,-5.1016512082475975e-23,-2.6110430330238297e-24,-3.6383388559907257e-23,-0.12141232732697294,0.9926021593634823,[ 2.04339945e-03 -6.50254660e-05 -9.64900225e-07 -6.50594626e-05
  1.21260055e-03 -1.07479526e-03 -9.88601823e-06  1.28786371e-03
  2.57651657e-03  2.73042435e-07 -5.08610230e-06  4.48716691e-06
 -4.26825196e-21  1.08631975e-19  9.98729332e-07  3.26365832e-15
 -2.91144481e-14 -5.20923544e-25 -1.05217374e-21 -4.61153191e-23
  3.26365832e-15  9.97465098e-07  7.47816894e-20 -1.91063113e-24
  6.11981304e-20  1.47238149e-21 -2.91144481e-14  7.47824318e-20
  9.97465098e-07  4.79261342e-23  9.85631815e-19  6.96483305e-18
  1.42642812e-17 -3.39474753e-20  6.32924010e-19  9.99998735e-10],0.6911756394918368,0.07597453317535419,-2.8329310049897576e-21,-9.790462716997775e-28,3.1914660192587144e-27,0.037782581369880955,[ 6.20123522e-02  1.13466755e-04  2.67902687e-06 -3.48565435e-12
  9.47155926e-11 -6.69887608e-04  1.47795770e-04  3.62346172e-02
  8.49250032e-04 -5.73757652e-13  1.53072928e-11 -1.04395400e-04
  8.04681300e-21  2.60208521e-18  9.98096413e-07  7.92158056e-24
 -7.06683270e-23 -3.24179738e-23 -5.69494465e-26 -9.18865182e-27
  7.92158220e-24  9.92471389e-07  7.11998894e-28  3.04654315e-28
 -1.44756607e-24 -2.35875722e-25 -7.06683532e-23  7.11999050e-28
  9.92471389e-07 -1.17182147e-27 -5.93194981e-13  2.31520358e-12
  5.46100851e-14  4.42307277e-23 -1.16340359e-21  3.48616261e-02]
14.870513200759888,base_link,5.002808502629509,-6.846328174107816,4.764507453937175e-22,-2.677416262383654e-23,2.993670638458143e-22,-0.11221587859163087,0.9936838514295723,[ 2.00769567e-03 -3.58046382e-05 -7.91414022e-05  1.06408206e-05
  1.51533955e-03 -1.40844735e-03 -7.40651740e-06  1.51408953e-03
  2.52404634e-03 -3.00531227e-08 -4.24335753e-06  3.94747019e-06
 -1.23084475e-20  5.46336251e-20  9.99197999e-07  1.77195481e-15
 -1.74704987e-14 -7.78205601e-24 -4.23516474e-22  1.55096365e-25
  1.77195481e-15  9.98398564e-07  3.85976585e-20  1.94283763e-24
 -4.41515924e-20  2.98612201e-22 -1.74704987e-14  3.85998179e-20
  9.98398564e-07 -9.44689131e-24  1.53429368e-18  7.13971185e-18
  1.06186332e-17  6.17763837e-21  8.66166493e-19  9.99999205e-10],0.69999672403855,0.06763364590478993,9.044517509729663e-21,2.0004463155311208e-26,-2.4045359956469587e-25,0.045247357594735554,[ 6.19879103e-02  8.14865343e-05  1.92467978e-06  1.16674399e-11
  1.06145920e-10 -8.80903972e-04  9.30749811e-05  3.63335609e-02
  8.52233882e-04  1.75843172e-12  1.72110308e-11 -1.35892857e-04
 -2.43098456e-19 -1.07444435e-16  9.98797961e-07  4.32649159e-24
 -4.26576862e-23 -1.87843988e-22  7.59325953e-26  1.13091099e-26
  4.32649122e-24  9.95226164e-07  3.70945378e-28 -1.89827567e-28
 -1.80945759e-24 -2.90805684e-25 -4.26577485e-23  3.70945313e-28
  9.95226164e-07  2.24998923e-27 -5.70425814e-13  2.31122066e-12
  5.45549820e-14 -1.14992539e-22 -1.13330667e-21  3.48605232e-02]
14.91555666923523,base_link,5.064344908582005,-6.872561544904166,6.83568798413707e-22,-6.507365332248551e-23,-5.735148818038101e-22,-0.09971980377101634,0.9950155580370942,[ 1.96007716e-03  9.86189116e-06 -8.76445031e-05  5.72403280e-05
  1.39426864e-03 -1.23504965e-03  1.03085185e-05  1.45544438e-03
  2.99044992e-03 -3.42467728e-08 -8.62020530e-07  7.30445349e-07
  9.42324154e-21 -5.79158778e-20  9.99216463e-07  1.60243605e-15
 -1.81750795e-14 -1.77344975e-23  1.00452814e-20  4.78730780e-23
  1.60243605e-15  9.98435376e-07  3.71697133e-20  7.08339176e-25
  1.01961591e-19  5.39983504e-21 -1.81750795e-14  3.71680297e-20
  9.98435376e-07  5.35735208e-23  7.19198181e-19  5.71695747e-18
  1.29045098e-17  2.41441631e-20  5.87451362e-19  9.99999224e-10],0.7082931186165609,0.057509649271956335,-1.4727636744290117e-20,5.725432378299774e-28,-9.867525864333594e-26,0.056296195782612614,[ 6.19137463e-02  1.12703536e-04  2.66320356e-06  8.12002054e-12
  8.06589769e-11 -7.74058530e-04  1.00940466e-04  3.63101959e-02
  8.51725521e-04  1.15658784e-12  1.20748864e-11 -1.08738704e-04
 -5.62006361e-19 -1.79652300e-16  9.98825613e-07  3.92229895e-24
 -4.44893236e-23 -4.56067595e-22  8.56261181e-26  1.19149551e-26
  3.92229274e-24  9.95335237e-07  3.58773095e-28 -1.52674808e-29
  2.97268033e-25  4.68520269e-26 -4.44895036e-23  3.58773052e-28
  9.95335237e-07  2.66728814e-27 -5.58125621e-13  2.32643071e-12
  5.49176582e-14 -9.16784368e-23 -1.18675981e-21  3.48608785e-02]
14.971992254257202,base_link,5.123437479041185,-6.90012377805676,6.448305388818167e-23,1.0307077611243757e-22,9.898107708306488e-22,-0.11140770201006855,0.9937747853174963,[ 1.65949366e-03  4.06798790e-05 -6.89467483e-05  6.03884243e-05
  1.20459543e-03 -1.17282924e-03 -2.23680399e-05  1.30023644e-03
  2.80941588e-03  2.52546793e-07  5.03897575e-06 -4.90756102e-06
  1.14771310e-22  6.62803281e-20  9.98927891e-07  1.67993954e-15
 -2.41804201e-14 -7.10499583e-24 -2.77932686e-21 -3.89033382e-24
  1.67993954e-15  9.97860366e-07  3.78888923e-20  6.89783571e-25
  1.92699996e-20  1.22422731e-22 -2.41804202e-14  3.78941415e-20
  9.97860366e-07 -8.86519053e-23  1.07238910e-18  6.45705458e-18
  1.37846831e-17  4.50519668e-20  9.00817516e-19  9.99998934e-10],0.6960052092155895,0.04557991808916959,-1.11996958843487e-21,-5.414864444779776e-26,-2.5098896665168843e-25,0.03837831909564317,[ 6.15520289e-02  9.99486074e-05  2.36047095e-06 -5.14393929e-12
  8.25362434e-11 -7.42815231e-04  4.59621660e-05  3.62322330e-02
  8.49546096e-04 -5.74089783e-13  1.23859966e-11 -9.95546672e-05
  3.18060872e-19  1.14491749e-16  9.98393557e-07  4.09556491e-24
 -5.89515139e-23 -3.22862151e-22 -1.04205370e-25 -1.16120325e-26
  4.09556122e-24  9.93635418e-07  3.63397263e-28  1.40881440e-27
 -6.59159551e-25 -9.69352280e-26 -5.89516542e-23  3.63397794e-28
  9.93635418e-07  6.51074540e-27 -5.33874187e-13  2.34563757e-12
  5.53473184e-14  7.91998429e-24 -1.49072951e-21  3.48594544e-02]
15.017016172409058,base_link,5.162120187673766,-6.916981268098767,-1.6607259109224806e-23,-3.8995419910973847e-22,-1.412216651674943e-21,-0.11935922947296701,0.9928511340274632,[ 1.58549300e-03  6.26780966e-05 -1.23907639e-04  1.11023426e-04
  1.26963665e-03 -1.19962717e-03 -3.74631200e-05  1.26292231e-03
  2.44697047e-03 -3.95752191e-07 -4.52538627e-06  4.33961309e-06
  4.03664139e-21 -3.64224167e-20  9.98838639e-07  1.61999607e-15
 -2.61511683e-14 -5.64547433e-25  3.42783646e-21 -2.29129030e-22
  1.61999607e-15  9.97682656e-07  3.64938401e-20 -1.43717234e-23
  5.50571416e-20 -3.74547381e-21 -2.61511683e-14  3.64873952e-20
  9.97682656e-07 -9.45336762e-23  1.14738000e-18  6.57405762e-18
  1.21586001e-17  8.40242779e-20  9.60865123e-19  9.99998845e-10],0.6765755255362362,0.038686329033036676,-3.133665436389486e-21,2.290136678124477e-26,5.926497192505388e-26,0.026357273109125178,[ 6.14597151e-02  1.07898843e-04  2.55003215e-06  1.06451336e-11
  1.20464922e-10 -7.62098867e-04  2.81259418e-05  3.62160206e-02
  8.49044450e-04  9.79161233e-13  1.09931624e-11 -9.92648047e-05
 -7.11507676e-20 -2.37440276e-17  9.98259977e-07  3.95141413e-24
 -6.37885329e-23 -1.98097425e-23 -7.59325953e-26 -6.86624532e-27
  3.95141585e-24  9.93111679e-07  3.50260825e-28  4.40255970e-28
 -2.58493941e-25 -2.42338070e-26 -6.37885376e-23  3.50261029e-28
  9.93111679e-07  1.13947441e-27 -5.13690734e-13  2.35111930e-12
  5.54715088e-14 -1.99119726e-22 -2.26700921e-21  3.48613031e-02]
15.068498373031616,base_link,5.2537473752226935,-6.9444865000533476,1.940935062382938e-22,-7.69395770296407e-23,2.737614968911589e-24,-0.10695914667664087,0.9942634162746836,[ 1.36528545e-03  6.03662629e-05  1.25192742e-04  8.79668345e-05
  1.07564731e-03 -1.07523856e-03  9.17613215e-05  1.15100236e-03
  2.63715302e-03 -7.12661779e-06 -8.72356299e-05  8.73663782e-05
 -2.48551230e-20 -1.81053292e-19  9.98958110e-07  1.22535193e-15
 -2.43624503e-14  3.13971718e-23 -3.92083610e-22 -1.00585162e-21
  1.22535194e-15  9.97920549e-07  2.86623751e-20 -9.97463769e-24
  3.17637355e-20 -9.60853000e-21 -2.43624503e-14  2.86524619e-20
  9.97920549e-07 -5.05187683e-25  1.51266694e-18  6.60535028e-18
  1.45788293e-17  1.95012662e-20  2.38662126e-19  9.99998965e-10],0.7099173847628953,0.033172324390230976,4.0807419913285495e-20,-1.7083678049020186e-26,-1.1488583557352534e-25,0.03776972422789747,[ 6.11564435e-02  8.06986354e-05  1.90580605e-06  2.27326634e-13
  9.20567393e-11 -7.02383506e-04  1.07252039e-04  3.61735821e-02
  8.48255420e-04 -1.65058740e-12 -5.63598729e-12 -5.54512669e-05
  2.20652083e-19  9.83371370e-17  9.98438790e-07  2.98529247e-24
 -5.93584819e-23  4.63337276e-22  3.78653235e-27 -1.53480778e-26
  2.98531125e-24  9.93812950e-07  2.74465532e-28 -6.58239421e-28
 -2.72711108e-24  1.72060030e-25 -5.93582695e-23  2.74465411e-28
  9.93812950e-07 -4.38509518e-27 -4.92389061e-13  2.34513797e-12
  5.53398091e-14  4.63099031e-23 -3.60599813e-22  3.48589295e-02]
15.110241413116455,base_link,5.315924455007198,-6.962538192640569,6.707919452334602e-24,-5.455124708353597e-23,-4.0355959524183014e-22,-0.11531070277928768,0.9933294729466889,[ 1.35298265e-03  5.50370896e-06  3.96192244e-04 -1.70061296e-06
  1.00507740e-03 -1.02214046e-03  2.10608618e-04  1.10961043e-03
  2.92163757e-03  2.63921949e-07 -1.47529456e-04  1.50274139e-04
 -2.77932686e-20 -9.97381295e-20  9.99117596e-07  8.76765222e-16
 -2.08943976e-14 -6.90020612e-24 -2.10434748e-21 -1.35657620e-22
  8.76765222e-16  9.98238297e-07  2.07623676e-20 -1.46818899e-24
 -1.58818678e-21  7.94093388e-22 -2.08943976e-14  2.07607897e-20
  9.98238297e-07 -7.72020331e-23  2.01967882e-18  6.19819130e-18
  1.61052617e-17  3.95964903e-22 -2.10765458e-19  9.99999126e-10],0.7200402395370608,0.029130710221276272,-5.492268965350375e-21,-3.063772166706502e-28,1.8910373697266868e-25,0.02558037617077035,[ 6.11231009e-02  3.84438317e-05  9.08034238e-07 -6.96535033e-12
  8.98811580e-11 -6.78850834e-04  2.01566378e-04  3.61597538e-02
  8.48169101e-04 -1.22107655e-12 -1.26250174e-11 -2.47591933e-05
 -6.90331852e-20 -6.46184495e-17  9.98677559e-07  2.14206299e-24
 -5.10519117e-23 -2.37045886e-23 -2.60917322e-25 -4.58422849e-26
  2.14206291e-24  9.94751766e-07  1.99780912e-28 -1.72115129e-29
  1.27954501e-24 -1.84176933e-25 -5.10518670e-23  1.99780821e-28
  9.94751766e-07  1.05095915e-26 -4.78511165e-13  2.34529063e-12
  5.53577711e-14  8.96057782e-23  2.81556249e-22  3.48586071e-02]
15.156509160995483,base_link,5.379332036686587,-6.978459011091672,-1.1822011838160529e-22,3.2971039039334703e-23,3.1917984320412874e-22,-0.12063252915617038,0.9926972312389039,[ 1.28500711e-03 -2.10407597e-05  4.28439809e-04 -2.08740750e-05
  9.52292360e-04 -9.90786844e-04  2.91614386e-04  1.06728537e-03
  2.99764365e-03  2.74785908e-06 -1.25344056e-04  1.30563237e-04
 -2.12552330e-20 -1.48019008e-19  9.99087869e-07  8.19464352e-16
 -2.16010073e-14  1.40200561e-23  7.61006164e-23 -2.31610572e-23
  8.19464352e-16  9.98179057e-07  1.94084591e-20 -2.01475326e-24
  3.43048344e-20 -1.24672662e-20 -2.16010073e-14  1.94089647e-20
  9.98179057e-07  1.15944277e-22  1.74194357e-18  4.63477734e-18
  1.61364542e-17  8.85713150e-21 -4.03898807e-19  9.99999096e-10],0.7237094692335676,0.02726237608194683,-5.113780000761017e-21,-2.6179836087505544e-28,5.4497146865828884e-27,0.017460309635720983,[ 6.10161155e-02  1.21116173e-05  2.85574093e-07 -2.02446336e-12
  7.97974380e-11 -6.55436360e-04  2.56166561e-04  3.61456871e-02
  8.47810466e-04  8.70939261e-14 -5.71337436e-12 -3.34571436e-05
 -4.96573065e-20 -1.48860958e-16  9.98633049e-07  2.00479392e-24
 -5.28487777e-23  4.78049645e-23  3.95818848e-26 -1.70393956e-27
  2.00479269e-24  9.94576578e-07  1.87208863e-28 -2.27620932e-29
 -1.80945759e-24  1.30054764e-25 -5.28487190e-23  1.87208858e-28
  9.94576578e-07  5.37121100e-28 -4.63344434e-13  2.36559383e-12
  5.58387889e-14 -8.18184898e-24  5.64035784e-22  3.48598718e-02]
15.209835290908813,base_link,5.474415615122205,-7.002888901337797,2.321082402428848e-22,4.0148017446840276e-23,1.020826248386071e-21,-0.10745267687656915,0.9942102002253144,[ 1.09224472e-03 -1.80413917e-05  4.84932961e-04 -2.05361430e-05
  8.09788883e-04 -7.87636117e-04  3.46949906e-04  8.77626007e-04
  2.90536790e-03  3.42281236e-06 -1.34928321e-04  1.31334283e-04
  6.43215644e-21  6.31039546e-20  9.98787820e-07  9.88932728e-16
 -2.95807369e-14 -4.17411972e-24 -4.10281584e-22  8.85083255e-23
  9.88932728e-16  9.97581495e-07  2.41292091e-20  3.65193039e-24
  1.95876369e-20 -6.14098887e-21 -2.95807370e-14  2.41315980e-20
  9.97581495e-07 -5.20675212e-23  2.08966585e-18  5.98028505e-18
  2.07420573e-17  3.03294392e-20 -1.19386867e-18  9.99998796e-10],0.7535637232147988,0.024780800135883074,2.1844715686067126e-20,2.1940444903914708e-27,1.8565522322441258e-25,0.030841467433916095,[ 6.07475040e-02  9.17183934e-06  2.15539600e-07 -3.59670588e-12
  8.36721312e-11 -5.31206401e-04  2.97954131e-04  3.60636711e-02
  8.45522201e-04 -1.83417070e-14 -4.34524806e-12 -1.69375106e-05
  1.31819502e-20  5.37764278e-17  9.98183928e-07  2.39844544e-24
 -7.17456076e-23 -2.45823725e-22  6.74507628e-26  3.21855249e-28
  2.39844999e-24  9.92813750e-07  2.29426410e-28 -3.37045298e-29
 -2.33937017e-24  1.19553448e-25 -7.17458175e-23  2.29426350e-28
  9.92813750e-07 -2.77552395e-27 -4.40473375e-13  2.39051834e-12
  5.64010877e-14  2.26242961e-23 -4.03306361e-22  3.48577451e-02]
15.258963346481323,base_link,5.539523096631003,-7.018103360763934,1.1826957892731303e-22,4.2573063118120275e-23,3.0463056953891783e-22,-0.10685087208449481,0.9942750580874403,[ 1.29566970e-03 -4.02313308e-05  7.39136875e-04 -4.85630445e-05
  9.77734086e-04 -8.56994609e-04  5.08251280e-04  9.88029875e-04
  3.76811150e-03  1.11527042e-05 -2.24524119e-04  1.96903954e-04
  1.60671562e-20  9.57147230e-20  9.99418469e-07  4.71657437e-16
 -1.43645974e-14 -3.16845805e-24 -3.50724580e-22  1.32348898e-22
  4.71657436e-16  9.98838287e-07  1.16513982e-20 -7.10845453e-25
 -2.65756587e-20  1.11173074e-20 -1.43645974e-14  1.16493409e-20
  9.98838287e-07 -2.20313480e-23  3.17338030e-18  7.30950266e-18
  1.90576887e-17  5.48280379e-20 -1.10360352e-18  9.99999428e-10],0.7514159570090317,0.02365780671109845,6.4280615350513254e-21,1.4839452246027667e-27,-1.0082420148549301e-25,0.02956701826760886,[ 6.09668920e-02  2.90926255e-06  6.80881341e-08 -4.37163466e-12
  8.08922214e-11 -5.82278822e-04  4.33603811e-04  3.61320972e-02
  8.47966058e-04  3.42123426e-13 -7.95312857e-12  2.53816598e-06
 -1.12496563e-21 -8.56519716e-18  9.99128209e-07  1.15618818e-24
 -3.52155309e-23 -1.07446099e-22  2.00332805e-25 -1.56510004e-26
  1.15619086e-24  9.96530927e-07  1.12691372e-28 -3.12652219e-29
 -4.27807473e-24  4.20052655e-25 -3.52156160e-23  1.12691396e-28
  9.96530927e-07  2.09051638e-27 -4.23250494e-13  2.38703501e-12
  5.63740333e-14 -2.77915891e-23  7.11572580e-22  3.48597908e-02]
15.319709062576294,base_link,5.634363645597575,-7.0456085801190245,1.1566668798298454e-22,-1.578578665019323e-23,3.6974855987067726e-22,-0.1158481406978817,0.9932669370802815,[ 1.09089486e-03 -8.97561404e-05  1.16021864e-03 -1.21893789e-04
  8.22206501e-04 -7.22420024e-04  7.13671106e-04  8.52665107e-04
  3.32734851e-03  4.80497604e-05 -3.24066633e-04  2.85049606e-04
  7.41153829e-20  1.72371205e-19  9.99027678e-07  6.10824599e-16
 -2.41423794e-14 -2.59186085e-23  8.74826216e-21 -6.90861248e-21
  6.10824613e-16  9.98059125e-07  1.51567423e-20  8.69315562e-24
  7.12566467e-20 -6.50097787e-20 -2.41423796e-14  1.51570457e-20
  9.98059125e-07 -5.68252166e-23  3.58505265e-18  5.45152804e-18
  2.10589199e-17  4.53897977e-19 -3.06066600e-18  9.99999038e-10],0.7674955305294864,0.018290843366977082,2.8324233042352422e-21,-3.7077329751345124e-27,-1.8365948192223657e-25,0.016738478497689786,[ 6.06617850e-02 -5.59194013e-05 -1.32193553e-06 -1.57985300e-11
  9.50285438e-11 -5.11800808e-04  5.77272149e-04  3.60832214e-02
  8.46340725e-04  4.58525083e-12 -3.25904462e-11  5.24181157e-05
 -4.31986803e-20  2.74303150e-17  9.98542931e-07  1.48499850e-24
 -5.86996345e-23 -2.23247687e-22  2.71418638e-25 -7.83559760e-26
  1.48501803e-24  9.94222053e-07  1.44719280e-28  1.84838761e-28
 -5.72564080e-24  1.97101630e-24 -5.86999597e-23  1.44720095e-28
  9.94222053e-07  8.17796044e-27 -4.23110386e-13  2.45030385e-12
  5.78420005e-14  1.65560528e-23 -1.44074795e-22  3.48594120e-02]
15.346625089645386,base_link,5.683074685299301,-7.061199486497325,-4.992880923064046e-22,1.9033404716205675e-22,8.032219186106955e-22,-0.11675052217725232,0.9931612736969454,[ 1.18695957e-03 -9.66219231e-05  1.30339503e-03 -1.23034450e-04
  9.40225423e-04 -7.76805523e-04  8.41186527e-04  9.11557290e-04
  3.92113718e-03  4.89704488e-05 -3.74263007e-04  3.09419083e-04
  6.99331577e-20  1.83382633e-19  9.99381559e-07  3.68426482e-16
 -1.55460896e-14  1.39136067e-23  4.10281584e-21 -3.57342025e-21
  3.68426473e-16  9.98764643e-07  9.26782136e-21 -5.34965717e-24
  2.73168125e-20 -2.12817028e-20 -1.55460897e-14  9.25408079e-21
  9.98764643e-07 -4.59888656e-23  3.91176023e-18  4.92661742e-18
  2.05572718e-17  3.34116692e-19 -2.55385040e-18  9.99999392e-10],0.7821236018171743,0.014939907523804275,-7.773852549186614e-21,-5.8793592589192366e-27,-4.433387955784781e-25,0.014997695865448676,[ 6.07474279e-02 -5.94332814e-05 -1.40659467e-06 -1.08279116e-11
  8.94041118e-11 -5.50153774e-04  6.77228672e-04  3.61256599e-02
  8.47814623e-04  3.32906788e-12 -2.41053182e-11  5.44721415e-05
 -1.92699996e-20  1.18178037e-17  9.99072910e-07  9.00691800e-25
 -3.80094126e-23  1.14331694e-22  6.64006312e-25 -2.04371772e-25
  9.00682618e-25  9.96312080e-07  8.91603192e-29  9.54168884e-29
 -1.15029804e-24  3.13423904e-25 -3.80094902e-23  8.91607557e-29
  9.96312080e-07  7.18761799e-27 -4.09768844e-13  2.45155285e-12
  5.79034915e-14 -6.44819560e-23  4.00409256e-22  3.48609963e-02]
15.422518968582153,base_link,5.828860282539034,-7.087200361434038,5.913998659342935e-22,2.87667993858194e-23,5.599675749058608e-22,-0.10256063348765032,0.9947267546711569,[ 1.22662562e-03 -1.30276290e-04  1.73413303e-03 -1.61664589e-04
  8.53674937e-04 -5.21758479e-04  1.15827398e-03  7.42655597e-04
  4.29043509e-03  9.62966440e-05 -5.08419069e-04  3.11029721e-04
 -3.38813179e-21 -6.14098887e-21  9.99334865e-07  3.74490164e-16
 -1.77305981e-14 -2.68426794e-23  9.52912066e-22 -1.16467030e-21
  3.74490176e-16  9.98671495e-07  9.98064222e-21  1.34985744e-24
  1.12867140e-19 -1.68559557e-19 -1.77305983e-14  9.97475355e-21
  9.98671495e-07 -2.61575284e-23  5.36226238e-18  5.84498270e-18
  2.41385919e-17  8.80922614e-19 -4.65025946e-18  9.99999346e-10],0.8232254363942765,0.01824578706594959,-3.1605674010994043e-21,-3.906815442231393e-26,2.9831271954368515e-25,0.028600721863528356,[ 6.07195472e-02 -6.26882538e-05 -1.48536817e-06 -1.72059986e-11
  8.06318032e-11 -3.83457943e-04  9.47523164e-04  3.60817909e-02
  8.46706548e-04  8.19806238e-12 -4.60171259e-11  8.14958661e-05
 -3.17637355e-21  1.95156391e-18  9.99002959e-07  9.16687567e-25
 -4.34074652e-23  4.40651896e-23  3.36042124e-25 -1.58327539e-25
  9.16664743e-25  9.96035481e-07  9.63377008e-29  5.32128495e-28
  3.43796942e-24 -1.96455395e-24 -4.34073041e-23  9.63375845e-29
  9.96035481e-07 -4.05117032e-27 -4.28565793e-13  2.54758714e-12
  6.01796705e-14 -3.13859766e-22  1.57030068e-21  3.48643812e-02]
15.461819887161255,base_link,5.918872598213894,-7.098797705628607,-2.1796986576795077e-21,-6.939346234201338e-23,-4.330731025737041e-22,-0.0837853082140858,0.9964838293356649,[ 1.16031728e-03 -1.06607855e-04  1.65604728e-03 -1.16450119e-04
  7.63014662e-04 -2.21779839e-04  1.26860238e-03  4.38024581e-04
  4.72507343e-03  1.02603746e-04 -6.72448384e-04  1.95751146e-04
  1.84229666e-20  5.80217569e-20  9.99095795e-07  6.41589559e-16
 -2.48706938e-14  2.48207332e-23  1.61465656e-21 -5.92923063e-21
  6.41589550e-16  9.98194850e-07  1.76455435e-20  5.21419631e-25
  3.43048344e-20 -9.31736242e-20 -2.48706937e-14  1.76509535e-20
  9.98194850e-07  6.91495933e-24  6.35976532e-18  4.83474991e-18
  3.27858895e-17  1.26848868e-18 -8.31493579e-18  9.99999106e-10],0.8575609084537529,0.021587994353320646,6.447917532564361e-20,-1.0463476158575444e-25,9.948872136558464e-25,0.04834415470024053,[ 6.05999538e-02 -1.36180315e-05 -3.24421451e-07 -1.28424163e-11
  9.71127879e-11 -1.74067933e-04  1.07525376e-03  3.59475613e-02
  8.43250495e-04  1.54094792e-11 -9.60238865e-11  6.28927016e-05
  1.20702195e-20 -3.57786717e-17  9.98644915e-07  1.56534405e-24
 -6.06903937e-23 -3.71799434e-22  1.93870456e-25 -2.32644547e-25
  1.56542993e-24  9.94623247e-07  1.69441360e-28  4.88683603e-28
  2.45569244e-24 -2.42984305e-24 -6.06908228e-23  1.69440888e-28
  9.94623247e-07 -4.60780536e-27 -4.24958652e-13  2.60312605e-12
  6.14710417e-14 -1.19870065e-21  7.49927868e-21  3.48632431e-02]
15.524326801300049,base_link,6.033271445075526,-7.063439056290982,9.498090684632745e-22,8.302661758390006e-23,8.271003777217763e-23,-0.046452070780611095,0.9989205199214766,[ 1.38459837e-03 -2.03481861e-04  2.10465523e-03 -2.33238781e-04
  8.43037554e-04 -2.00556359e-04  1.36160285e-03  5.11312654e-04
  5.04013851e-03  1.97774992e-04 -7.14722021e-04  1.70184976e-04
  2.11758237e-22  0.00000000e+00  9.99327918e-07  9.62215333e-16
 -1.91153436e-14  3.19195986e-23 -1.18319915e-20  2.03817303e-20
  9.62215244e-16  9.98657637e-07  2.73906081e-20 -5.54286232e-24
  8.44385969e-20 -1.92699996e-19 -1.91153435e-14  2.73588020e-20
  9.98657637e-07 -7.36028343e-24  5.86452992e-18  3.35961929e-18
  3.26167132e-17  2.42277342e-18 -8.75368364e-18  9.99999339e-10],0.8648047004652203,0.055729310565296335,-1.5727354318041473e-21,-2.2071337418497192e-26,8.034821645773991e-27,0.08544059656686112,[ 6.09789022e-02 -8.84463079e-05 -2.09357739e-06 -2.28358856e-11
  6.78884447e-11 -1.50515942e-04  1.15461135e-03  3.59501839e-02
  8.43653694e-04  1.81474206e-11 -6.82429257e-11  5.78459460e-05
 -6.38239326e-19  2.57606436e-16  9.98992552e-07  2.34839400e-24
 -4.66613383e-23  1.71773351e-22  1.22784622e-25 -9.37040538e-26
  2.34828036e-24  9.95994328e-07  2.62729977e-28  4.45296085e-28
  1.89993047e-24 -1.89993047e-24 -4.66610145e-23  2.62730624e-28
  9.95994328e-07 -2.11371690e-28 -3.87581406e-13  2.62996569e-12
  6.21288620e-14 -4.88663502e-22  1.62459640e-21  3.48627721e-02]
15.560529232025146,base_link,6.0966445094660795,-7.029330774935698,-1.1735811208916923e-21,1.2589330124375457e-23,8.261847245245764e-23,-0.046148633949621695,0.9989345842369178,[ 1.43742621e-03 -1.89074520e-04  2.14950649e-03 -2.08544789e-04
  9.63987198e-04  1.35346313e-04  1.42981925e-03  4.38004296e-04
  5.32538660e-03  2.08569928e-04 -9.64080699e-04 -1.35486001e-04
 -1.77453402e-19 -3.58718453e-19  9.99232851e-07  1.74738362e-15
 -2.18012000e-14  2.63374002e-23 -9.50265088e-21  2.30816478e-20
  1.74738368e-15  9.98468049e-07  4.96507201e-20 -1.04007964e-24
 -7.09390093e-20  1.79359227e-19 -2.18011998e-14  4.96906908e-20
  9.98468049e-07 -2.11825629e-23  5.79420761e-18  5.07533663e-18
  3.85407647e-17  3.05570071e-18 -1.41240920e-17  9.99999239e-10],0.8652904735407896,0.08188902683817455,6.0280560994825866e-21,6.630927733604115e-27,-6.78121796922018e-26,0.08100892320017158,[ 6.10977210e-02 -8.57790001e-05 -2.03013810e-06 -1.83781247e-11
  8.26000771e-11  8.78106818e-05  1.20549509e-03  3.58955860e-02
  8.42261601e-04  2.19119034e-11 -1.01451505e-10 -4.84586965e-05
 -8.80914265e-20  3.69712941e-17  9.98850157e-07  4.25235406e-24
 -5.30620217e-23 -1.64868849e-22  2.58493941e-26 -2.90805684e-26
  4.25221505e-24  9.95432008e-07  4.74392394e-28 -2.28001679e-28
  4.78213792e-25 -6.20385459e-25 -5.30609607e-23  4.74389857e-28
  9.95432008e-07  4.91109798e-27 -3.81270672e-13  2.64703537e-12
  6.25213468e-14  8.82452207e-23 -5.32248405e-22  3.48614308e-02]
15.616655349731445,base_link,6.166779943421091,-6.972067329711872,2.8903033245312096e-21,7.469530299460136e-23,-2.240040079462858e-22,0.012219621395010486,0.9999253376392473,[ 1.37967859e-03 -9.25269942e-05  1.65024671e-03 -1.09225958e-04
  1.01613240e-03  5.76140092e-04  1.15996404e-03  7.66765792e-04
  4.26412271e-03  5.88557894e-05 -5.47659724e-04 -3.10781111e-04
 -7.08331302e-20 -1.45477909e-19  9.99152493e-07  3.15928848e-15
 -2.32668750e-14 -1.29715417e-22 -2.38228016e-21  4.57927187e-21
  3.15928850e-15  9.98307850e-07  8.67160539e-20 -9.77840706e-24
  6.75508775e-20 -8.13151629e-20 -2.32668750e-14  8.67157890e-20
  9.98307850e-07  9.24037067e-23  2.21874335e-18  6.35098810e-18
  2.63292780e-17  1.05179195e-18 -9.79029993e-18  9.99999155e-10],0.8383729799007641,0.12084154674780585,8.365325550552449e-21,-1.146605625248887e-26,6.534765959696916e-26,0.13923316682095144,[ 6.11254049e-02 -6.33602031e-05 -1.50028334e-06 -4.76710719e-12
  7.52452399e-11  3.62515324e-04  9.37802950e-04  3.60126495e-02
  8.44966738e-04  6.51333447e-12 -6.03344109e-11 -1.17220387e-04
  1.73641754e-20 -9.43255890e-18  9.98729814e-07  7.67297680e-24
 -5.65161663e-23 -4.33358681e-22  4.52364397e-26 -6.30078982e-26
  7.67295031e-24  9.94957513e-07  8.25849688e-28  4.40804645e-28
  4.52364397e-25 -3.61891518e-25 -5.65160068e-23  8.25850133e-28
  9.94957513e-07 -8.62213095e-27 -3.68847016e-13  2.65935884e-12
  6.28063212e-14  3.62153566e-22 -2.16417081e-21  3.48598170e-02]
15.660964727401733,base_link,6.20862852178306,-6.922331779171918,-6.310446912035618e-21,3.134729375777974e-22,-9.185846045784669e-22,0.06092223958149414,0.9981425152373659,[ 1.47944322e-03 -7.33096313e-05  1.61587281e-03 -9.24227512e-05
  1.03263408e-03  6.95918578e-04  1.12107798e-03  9.02036554e-04
  5.02352160e-03  4.55475686e-05 -5.09037973e-04 -3.43366522e-04
  5.18807680e-20  1.91429446e-19  9.99114041e-07  3.78156240e-15
 -2.41806610e-14  4.58542445e-23  1.88928052e-21 -5.06896279e-21
  3.78156242e-15  9.98231214e-07  1.03202566e-19 -5.84706658e-24
 -1.25996151e-20  1.54583513e-20 -2.41806611e-14  1.03208439e-19
  9.98231214e-07  2.10235324e-23  1.07463438e-18  7.01226937e-18
  2.83290315e-17  7.50050675e-19 -8.38624429e-18  9.99999116e-10],0.8084557446544617,0.151707052344362,4.426053653278378e-20,-1.4134783083892964e-25,7.662239989767117e-25,0.18530175834315885,[ 6.13409006e-02 -8.52076337e-05 -2.01641570e-06 -2.54476572e-12
  6.70320222e-11  4.24377802e-04  8.75356607e-04  3.60417366e-02
  8.45634899e-04  5.05552681e-12 -5.84454720e-11 -1.45315425e-04
  2.11334720e-19 -8.83624771e-17  9.98672237e-07  9.24771472e-24
 -5.91375350e-23 -2.68072417e-22  9.93586087e-26 -1.98717217e-25
  9.24771618e-24  9.94730823e-07  9.94873521e-28  9.34503129e-28
 -2.05502683e-24  1.79653289e-24 -5.91374544e-23  9.94873210e-28
  9.94730823e-07 -4.99541772e-27 -3.85527629e-13  2.67630362e-12
  6.32055258e-14 -1.02829549e-21  1.09981310e-20  3.48602263e-02]
15.713873147964478,base_link,6.1740349063732625,-6.874219788243618,1.3012701958608305e-20,-5.856703983534861e-22,3.130520601043206e-21,0.1352462708199471,0.9908120135673051,[ 1.78675341e-03  1.56996335e-04  6.84338477e-04  4.74177349e-04
  1.80794537e-03  1.58210772e-03  1.09787118e-03  1.34780048e-03
  4.37435414e-03 -1.09168753e-04 -4.16438011e-04 -3.64265507e-04
 -5.84452734e-20  3.67400541e-20  9.99045517e-07  4.93102756e-15
 -2.46352428e-14 -5.49299521e-23  4.29869221e-20 -1.01379256e-20
  4.93102757e-15  9.98094670e-07  1.27272846e-19  2.25343718e-24
  1.29596041e-19 -1.84759062e-20 -2.46352427e-14  1.27255108e-19
  9.98094670e-07 -5.05950723e-23 -1.59541385e-18  7.51160894e-18
  2.20911983e-17 -2.72665942e-18 -1.03769334e-17  9.99999044e-10],0.6901171053975671,0.18427797048198843,-7.070868296179262e-19,3.0245478472915296e-26,4.2732660466964116e-24,0.2553931015419021,[ 6.18677298e-02  5.49729448e-05  1.30113739e-06  9.97301699e-11
  2.09802735e-10  9.45434703e-04  8.10377533e-04  3.62126827e-02
  8.49579171e-04 -2.25156617e-11 -4.14471167e-11 -2.15753769e-04
  1.27690217e-19  8.35919875e-17  9.98569640e-07  1.20763511e-23
 -6.03331519e-23  2.98071602e-21  5.40252338e-24 -1.22138387e-24
  1.20760767e-23  9.94327159e-07  1.23012997e-27 -1.26001883e-28
  1.24077092e-24 -2.32644547e-25 -6.03350213e-23  1.23012822e-27
  9.94327159e-07 -1.97287336e-26 -4.15743557e-13  2.69978484e-12
  6.37622568e-14  5.03493217e-21  1.98343474e-20  3.48647348e-02]
15.774887800216675,base_link,6.366735704339584,-6.69627949708633,4.650176210600432e-22,-6.508202479955673e-22,-2.479167990724607e-22,0.25270582128314234,0.9675431607373454,[ 1.54046444e-03 -2.84512702e-04  3.51665097e-04 -4.93777253e-04
  1.16474876e-03  5.93572572e-04  1.26262952e-04  8.60119530e-04
  1.47110607e-03 -3.68531454e-05  8.67041702e-05  4.43122799e-05
 -1.06937910e-19 -1.73218238e-19  9.99187978e-07  6.03856523e-15
 -2.13288321e-14 -2.68858762e-23 -2.09640654e-20 -1.85288457e-21
  6.03856521e-15  9.98378587e-07  1.58670634e-19  3.03037192e-23
 -2.91167576e-21 -4.07634606e-21 -2.13288321e-14  1.58615325e-19
  9.98378587e-07 -4.81755604e-24 -5.60282723e-18  4.95549553e-18
  5.41724027e-18  1.88694525e-18 -4.44072842e-18  9.99999194e-10],0.8604709679457067,0.2685206332877979,6.27668672079075e-20,1.6584916522795168e-25,1.4743837098691789e-26,0.3652933326895236,[ 6.12458030e-02 -4.06574458e-04 -9.61388519e-06 -7.73627987e-11
  2.71717162e-11  3.39711109e-04 -2.41119415e-05  3.61094475e-02
  8.47345173e-04  1.16340305e-11  2.01962511e-14 -5.55766492e-05
 -8.47032947e-20  7.37257477e-18  9.98782954e-07  1.47530426e-23
 -5.21156229e-23 -1.32365584e-22  3.01145442e-24 -4.53979985e-25
  1.47529830e-23  9.95167004e-07  1.52604762e-27 -2.13942767e-27
 -6.17154285e-25 -2.64110631e-27 -5.21155088e-23  1.52604940e-27
  9.95167004e-07  3.19269798e-28 -4.09104391e-13  2.71108136e-12
  6.40455047e-14 -1.94014185e-21  1.90945587e-21  3.48634005e-02]
15.818187475204468,base_link,6.412616999975063,-6.570636297710476,-1.3368776957772372e-21,-1.6523216826890754e-22,1.3464398400387166e-22,0.27800151159712755,0.9605806366722744,[ 1.63165783e-03 -2.63639871e-04  1.43540266e-04 -2.87319014e-04
  4.73075255e-04  1.49834062e-04  9.52985574e-05  3.20559040e-04
  5.74335480e-04  1.81641254e-05 -2.98910525e-05 -9.48837113e-06
  1.38436947e-20  2.20757962e-20  9.99045171e-07  9.46328700e-15
 -2.78230553e-14 -2.65841295e-24 -6.59097512e-21  1.80656246e-21
  9.46328699e-15  9.98093978e-07  2.75756895e-19  8.83407083e-25
 -1.29701920e-21  3.93076227e-21 -2.78230552e-14  2.75755057e-19
  9.98093978e-07 -4.92473446e-25 -6.29000173e-18  3.07388525e-18
  2.96608710e-18  1.49841717e-18 -2.46526048e-18  9.99999052e-10],0.8920681332383126,0.3224364633395377,7.922954037447117e-21,-4.8298970414099214e-27,8.363906144135782e-26,0.3707938691272489,[ 6.11950522e-02 -6.45421445e-04 -1.52589607e-05 -1.20170208e-11
 -1.74935838e-12  6.86011139e-05 -2.85148621e-04  3.59447002e-02
  8.43292331e-04  8.53610820e-12 -8.91872925e-12 -3.20160200e-05
  7.55553389e-19 -4.17417836e-17  9.98569121e-07  2.31211185e-23
 -6.79839778e-23 -3.68712072e-23  2.10026327e-26 -1.45402842e-26
  2.31210888e-23  9.94325086e-07  2.65425238e-27  1.54157639e-29
 -5.27085302e-26 -2.56878354e-25 -6.79839587e-23  2.65425243e-27
  9.94325086e-07 -7.03322901e-29 -4.47164658e-13  2.74499867e-12
  6.48356052e-14 -2.02553722e-21  2.76718763e-21  3.48635267e-02]
15.863962888717651,base_link,6.434463480867206,-6.5178380506647065,-2.874989002970976e-22,1.7497600199229507e-23,1.3101898161140282e-23,0.30790854006804297,0.951415961056554,[ 1.88423577e-03 -2.33055704e-04  2.13144975e-04 -2.55009413e-04
  4.56075611e-04  1.67993254e-04  1.50525200e-04  3.53721029e-04
  7.93091016e-04  2.24470175e-05 -4.01533796e-05 -1.48013575e-05
 -8.33798057e-20 -1.42036837e-19  9.99372151e-07  6.65788009e-15
 -1.81739390e-14  2.98476092e-24  3.87782271e-21 -1.11834819e-21
  6.65788009e-15  9.98745875e-07  1.92720405e-19 -4.87666816e-25
 -2.13875819e-20  4.30795663e-21 -1.81739390e-14  1.92721914e-19
  9.98745875e-07 -1.23302156e-25 -7.34362428e-18  2.79354134e-18
  3.09257367e-18  1.19993585e-18 -2.14670997e-18  9.99999380e-10],0.8592009357383057,0.3348501924536174,-2.0937362842572484e-20,6.813674358225751e-27,9.049995308247935e-28,0.38048292910553916,[ 6.13986765e-02 -7.49997795e-04 -1.77462048e-05 -8.42632538e-12
  2.25367570e-11  7.82410869e-05 -3.69645655e-04  3.60152721e-02
  8.45397437e-04  6.25549330e-12 -1.34712993e-11 -4.22246518e-05
 -5.58025306e-18  2.65737952e-16  9.99058816e-07  1.62971992e-23
 -4.44931559e-23  7.49279525e-23  4.41055288e-25 -3.27964188e-25
  1.62972252e-23  9.96256336e-07  1.85969429e-27 -4.66676642e-29
  5.62224323e-25 -3.36042124e-25 -4.44932186e-23  1.85969433e-27
  9.96256336e-07 -5.02567056e-30 -5.10343287e-13  2.75325596e-12
  6.50633940e-14 -7.00008055e-22  1.60608356e-21  3.48642149e-02]
15.915723323822021,base_link,6.468581245458563,-6.446932503910613,-7.455820195353741e-23,5.890693966828782e-24,-1.500316550703682e-23,0.36224517444097726,0.9320828469584804,[ 1.99959078e-03 -1.39251191e-04  2.39830548e-04 -1.56415706e-04
  4.93382118e-04  1.88422345e-04  1.94267326e-04  3.72764142e-04
  5.94572650e-04  1.60821507e-05 -5.07311216e-05 -1.93906050e-05
 -5.71217844e-20 -5.06631582e-20  9.99396554e-07  6.65903051e-15
 -1.69889498e-14  9.15113843e-25 -4.02340650e-21  1.12827436e-21
  6.65903051e-15  9.98794562e-07  1.87473488e-19  6.22124366e-27
  8.60797233e-20 -2.19699171e-20 -1.69889498e-14  1.87472967e-19
  9.98794562e-07  6.08894793e-25 -7.37866779e-18  1.97990208e-18
  1.27666375e-18  7.07205854e-19 -2.23092936e-18  9.99999405e-10],0.8455851125266216,0.3480098522658499,-1.0087173537020595e-20,3.671943265031093e-28,5.2422710697877504e-27,0.4149183814807131,[ 6.14224062e-02 -7.77859241e-04 -1.84197778e-05 -5.38371303e-12
  1.92630339e-11  8.20185719e-05 -4.39118594e-04  3.60729694e-02
  8.46785519e-04  5.02686868e-12 -1.65963237e-11 -5.28545494e-05
 -4.20128342e-18  1.93096407e-16  9.99095376e-07  1.63443368e-23
 -4.17043489e-23  1.46927048e-23  1.67213268e-25 -1.56711952e-25
  1.63443399e-23  9.96400987e-07  1.81763141e-27 -6.10817334e-31
  2.77880987e-25 -2.39106896e-25 -4.17043723e-23  1.81763142e-27
  9.96400987e-07 -5.71673763e-29 -6.04736747e-13  2.80012125e-12
  6.61791001e-14 -7.52830327e-22  2.50693556e-21  3.48664160e-02]
15.973856925964355,base_link,6.50297413767302,-6.381435746788779,-7.630826671388646e-22,-3.1260533537626614e-23,9.006160617291378e-24,0.4049219726052483,0.9143512432875424,[ 1.74027891e-03 -8.88521026e-05  1.80530699e-04 -1.15192243e-04
  4.93158945e-04  1.75028718e-04  1.44868245e-04  3.51536857e-04
  5.61363560e-04  8.23344714e-06 -3.52327986e-05 -1.25148865e-05
 -1.60406864e-20 -3.89635156e-20  9.98975574e-07  1.15626607e-14
 -2.76671588e-14  3.03838744e-24  3.30872245e-21 -2.94476298e-22
  1.15626607e-14  9.97955333e-07  3.12278519e-19 -3.11654254e-25
  1.56171700e-20 -2.32272316e-21 -2.76671588e-14  3.12279657e-19
  9.97955333e-07 -3.96753067e-25 -8.60995094e-18  2.06983435e-18
  1.58914669e-18  6.61356393e-19 -2.82803282e-18  9.99998982e-10],0.8230447520729801,0.351404144805136,-4.3283195770738624e-20,4.232329823121576e-27,8.6354417840692e-27,0.4307420505675657,[ 6.10023583e-02 -6.76769763e-04 -1.59979532e-05 -1.27681121e-11
  2.55671515e-11  7.17063736e-05 -4.17653471e-04  3.60944271e-02
  8.46788732e-04  8.47536482e-12 -2.11846936e-11 -5.32030134e-05
  1.06726151e-18 -5.64869332e-17  9.98464932e-07  2.81690839e-23
 -6.74087864e-23  2.33352187e-22  5.00832012e-26 -3.23117427e-26
  2.81691456e-23  9.93915605e-07  2.99110591e-27  1.54942704e-29
 -3.55429169e-25  2.94036858e-25 -6.74091127e-23  2.99110591e-27
  9.93915605e-07 -4.69250089e-29 -7.44700525e-13  2.85332868e-12
  6.73966816e-14 -1.10108686e-21  2.29401358e-21  3.48645477e-02]
16.01761746406555,base_link,6.529361578938345,-6.3291098784958,-4.293972710628808e-22,3.818976057611337e-24,-8.26879183534754e-24,0.4336098396513403,0.9011007196521036,[ 1.84430659e-03 -1.07795669e-04  2.07807738e-04 -1.19262460e-04
  5.71616517e-04  1.81802238e-04  1.71384454e-04  3.64605947e-04
  5.33778470e-04  1.27489686e-05 -6.11256383e-05 -1.94633078e-05
  1.41348623e-20  1.79994501e-20  9.99241296e-07  8.65060275e-15
 -2.04160749e-14 -3.79230959e-24 -2.82564897e-21  1.76685779e-21
  8.65060274e-15  9.98484888e-07  2.32780422e-19 -8.74832739e-26
  1.90582413e-21 -6.08804931e-22 -2.04160749e-14  2.32778758e-19
  9.98484888e-07  2.96104048e-24 -9.03336898e-18  1.51867377e-18
  3.83577694e-19  6.05113066e-19 -2.90161524e-18  9.99999249e-10],0.8121841189902087,0.351863193492718,-9.977627121773974e-21,-8.182382362414782e-29,-2.715876458105309e-27,0.4376006524809828,[ 6.09356242e-02 -7.35856593e-04 -1.74013212e-05 -5.00365800e-13
  1.52874143e-11  6.50628797e-05 -4.42646444e-04  3.61731052e-02
  8.49017024e-04  3.35519837e-12 -2.29202634e-11 -6.03540088e-05
 -1.07403778e-18  5.24753851e-17  9.98862805e-07  2.11631114e-23
 -4.99524811e-23  6.93540255e-23  1.11071615e-27 -1.13091099e-26
  2.11631195e-23  9.95481958e-07  2.24472899e-27 -5.87726379e-29
  1.35709319e-25 -2.00332805e-25 -4.99525142e-23  2.24472899e-27
  9.95481958e-07  2.56483867e-28 -8.17310629e-13  2.85096946e-12
  6.73681271e-14 -3.64505191e-22  2.47040683e-21  3.48643491e-02]
16.060007333755493,base_link,6.558175635988741,-6.278086908037533,-1.2477175241276762e-23,-5.032799561463832e-23,6.574458984767753e-23,0.47177306956285825,0.8817200070516935,[ 1.73372601e-03 -4.77564172e-05  1.90728208e-04 -6.57117256e-05
  7.12502610e-04  2.23740568e-04  1.51335596e-04  4.21760535e-04
  5.59462721e-04  5.99688150e-06 -6.49512929e-05 -2.04266797e-05
 -7.14948747e-20 -1.14772964e-19  9.98996886e-07  1.13655473e-14
 -2.66037304e-14 -1.62049594e-23 -5.25425125e-21  5.93915680e-22
  1.13655473e-14  9.97997784e-07  3.01430469e-19  7.96305313e-25
  4.37280759e-20 -1.28113733e-20 -2.66037304e-14  3.01428742e-19
  9.97997784e-07 -2.73537866e-24 -8.28835263e-18  1.34167341e-18
  4.99078813e-19  3.66799937e-19 -3.97091912e-18  9.99999003e-10],0.8063488641582218,0.3487818945555583,2.4866598431081058e-20,1.984470692242164e-27,-2.573847606176896e-28,0.45814386244866967,[ 6.08225952e-02 -6.35057688e-04 -1.50139560e-05 -6.70330261e-12
  2.09217222e-11  7.65486628e-05 -4.07431275e-04  3.61897945e-02
  8.49131282e-04  6.15211921e-12 -3.32149081e-11 -7.55443121e-05
  7.75882180e-19 -4.39101880e-17  9.98496834e-07  2.77484202e-23
 -6.49569369e-23 -2.56615657e-22  1.05013164e-25 -9.61274345e-26
  2.77483892e-23  9.94040952e-07  2.89797548e-27 -3.42929498e-29
 -5.55761974e-25  8.85341749e-25 -6.49565459e-23  2.89797553e-27
  9.94040952e-07  3.50959957e-30 -8.93799357e-13  2.86956570e-12
  6.77852827e-14 -7.57492670e-22  4.68422288e-21  3.48642930e-02]
16.1261146068573,base_link,6.594062343934831,-6.195939752748181,-2.8471678127422633e-22,-3.760622507423878e-23,3.3402891979724133e-23,0.514173017144335,0.8576864861012393,[ 1.89028657e-03 -1.09781598e-04  1.88672854e-04 -1.38921110e-04
  9.93590473e-04  3.62030273e-04  1.36428076e-04  6.12432097e-04
  6.61487060e-04  9.18189376e-06 -6.56736137e-05 -2.39461035e-05
 -7.81917289e-20 -7.19448610e-20  9.99353092e-07  7.15977285e-15
 -1.72379233e-14  2.67153477e-24  1.18187566e-20 -1.76851215e-21
  7.15977285e-15  9.98707853e-07  1.90788076e-19  1.43708021e-24
 -6.64920864e-20  9.27765775e-21 -1.72379233e-14  1.90785774e-19
  9.98707853e-07 -4.27377281e-24 -7.43000344e-18  9.19801060e-19
 -2.57667240e-19  6.47464733e-19 -4.63111735e-18  9.99999360e-10],0.7955273058546697,0.3442885199184008,-2.0330964994601125e-20,-4.900032259930703e-27,1.3070284627347284e-26,0.46718336698828106,[ 6.08271705e-02 -6.02047890e-04 -1.42435932e-05 -3.65126265e-12
  2.88324490e-11  1.10822580e-04 -3.41653824e-04  3.63512039e-02
  8.53454177e-04  5.41511276e-12 -4.08472287e-11 -1.25578257e-04
  1.16212920e-18 -6.97141997e-17  9.99030263e-07  1.75361989e-23
 -4.22267428e-23  2.73007884e-22  2.71014742e-25 -4.02281196e-25
  1.75362425e-23  9.96143426e-07  1.84304497e-27  1.34971181e-28
  3.84509738e-25 -5.42837277e-25 -4.22269969e-23  1.84304490e-27
  9.96143426e-07 -3.41941821e-28 -9.87060043e-13  2.86295987e-12
  6.76680492e-14 -4.84914538e-22  3.66483886e-21  3.48644098e-02]
16.15264368057251,base_link,6.606620470129583,-6.160427692009541,-4.251675343029803e-22,3.4451395973466725e-23,-4.008264915681725e-23,0.5275659354384169,0.8495140868549432,[ 1.93061470e-03 -2.21045542e-04  1.87658630e-04 -2.82832430e-04
  1.04975620e-03  3.06932351e-04  1.15161820e-04  5.51617499e-04
  5.79725682e-04  1.41735820e-05 -5.25834555e-05 -1.53872990e-05
  8.36445035e-21  5.24101636e-21  9.99372544e-07  6.97082529e-15
 -1.64414960e-14 -4.50559023e-25  2.57286258e-20 -1.83964968e-21
  6.97082529e-15  9.98746660e-07  1.82664398e-19  1.32682085e-24
 -5.46336251e-20  6.94831715e-21 -1.64414960e-14  1.82667258e-19
  9.98746660e-07 -8.02735616e-24 -9.73875800e-18  1.29473442e-18
 -6.03667416e-19  1.22282040e-18 -4.53568094e-18  9.99999380e-10],0.793868045867592,0.3424637673171316,-7.612929189778945e-21,1.0708922615885616e-27,1.4302463286563067e-26,0.46584201457493585,[ 6.06342523e-02 -6.27499074e-04 -1.48539263e-05 -1.27391353e-11
  2.17829454e-11  8.75778698e-05 -2.98582017e-04  3.64079475e-02
  8.54820027e-04  1.58647646e-11 -3.76902249e-11 -1.07718810e-04
 -3.71847464e-18  2.13804668e-16  9.99059405e-07  1.71130948e-23
 -4.03685050e-23  2.03982466e-22  8.30411787e-25 -1.03397577e-24
  1.71131484e-23  9.96258685e-07  1.77172171e-27  5.04599999e-29
  1.32478145e-25 -2.26182199e-25 -4.03686427e-23  1.77172151e-27
  9.96258685e-07  6.35299061e-28 -1.03723627e-12  2.86952406e-12
  6.78262806e-14 -1.83381311e-21  5.14612753e-21  3.48657036e-02]
16.22479271888733,base_link,6.625045975673064,-6.046293341229784,-5.726996387964205e-22,7.226118977111707e-24,-5.7134937714140595e-24,0.5781633898139416,0.8159210100731886,[ 1.86938094e-03 -1.50333042e-04  1.49911343e-04 -1.70864758e-04
  1.08442809e-03  3.27094201e-04  1.09272180e-04  5.73678092e-04
  5.64853226e-04  1.03856688e-05 -6.59324537e-05 -1.99103465e-05
 -3.81164826e-20 -3.46224717e-20  9.99263696e-07  8.32221630e-15
 -1.94738904e-14 -1.10930870e-23 -4.38074852e-21  1.23415347e-21
  8.32221629e-15  9.98529554e-07  2.20109644e-19  5.55430600e-25
  4.65868121e-20 -8.39092013e-21 -1.94738904e-14  2.20108514e-19
  9.98529554e-07 -1.35828852e-24 -9.93926410e-18  2.60197210e-19
 -1.21493101e-18  7.90552797e-19 -5.01904066e-18  9.99999271e-10],0.800733957081599,0.34691113375155963,-1.039434435622386e-20,2.5095825533214483e-28,-2.0778804965049655e-26,0.4822152095214058,[ 6.05278111e-02 -5.10679558e-04 -1.20888302e-05 -9.08220324e-14
  1.24022287e-11  6.91505634e-05 -2.47836113e-04  3.64379883e-02
  8.55394976e-04  5.25140210e-12 -4.57265087e-11 -1.21273075e-04
 -1.69575996e-18  1.19912760e-16  9.98896355e-07  2.03388658e-23
 -4.76002607e-23 -1.56080384e-22 -2.52435490e-27  1.68828855e-25
  2.03388371e-23  9.95614366e-07  2.11858621e-27  1.61697482e-29
  2.89190097e-25 -1.07921221e-24 -4.76001699e-23  2.11858637e-27
  9.95614366e-07 -9.38589161e-28 -1.16907807e-12  2.92416091e-12
  6.91160034e-14 -7.02266427e-23  2.30525399e-21  3.48676672e-02]
16.249525547027588,base_link,6.6256224600454505,-5.995110106452333,4.1376912069801392e-22,1.3292191245030756e-22,-1.3909591746779998e-22,0.6083281857206776,0.7936855916909344,[ 1.92200998e-03 -1.54422494e-04  1.92764489e-04 -1.88649953e-04
  1.08930038e-03  3.64981396e-04  1.28584259e-04  6.25068026e-04
  7.16415061e-04  1.25543900e-05 -7.24799058e-05 -2.43091194e-05
 -1.03232140e-20 -1.03761536e-20  9.99327039e-07  7.53885085e-15
 -1.77600426e-14 -1.74436343e-23  9.47618110e-21 -1.43598554e-21
  7.53885084e-15  9.98655885e-07  1.98955525e-19 -6.26403994e-25
 -9.09501627e-20  1.76156383e-20 -1.77600425e-14  1.98953531e-19
  9.98655885e-07  7.47848414e-24 -7.34044046e-18  4.78552936e-20
 -1.51265244e-18  8.28597522e-19 -4.78343572e-18  9.99999334e-10],0.8147413137531698,0.3529138756662377,3.2940322057850166e-20,2.7327264712953505e-27,3.825198072438199e-28,0.5065651832915643,[ 6.05572143e-02 -4.94824722e-04 -1.17144575e-05 -2.56256014e-12
  7.73465540e-12  6.81715446e-05 -2.14332715e-04  3.64780426e-02
  8.56427702e-04  8.49629468e-12 -4.05770813e-11 -1.37089163e-04
  4.42151198e-19 -3.23092247e-17  9.98991236e-07  1.84729102e-23
 -4.35251514e-23 -4.65981235e-22  1.64789888e-25 -5.46068451e-25
  1.84728333e-23  9.95989153e-07  1.92362165e-27 -2.53151151e-29
 -2.74649813e-25  1.43464137e-24 -4.35247017e-23  1.92362168e-27
  9.95989153e-07 -8.66940701e-30 -1.20424981e-12  2.93223779e-12
  6.93162403e-14 -7.43865467e-22  3.37608892e-21  3.48682741e-02]
16.32342028617859,base_link,6.620329522645107,-5.882295307861109,-1.3208095077674737e-22,2.750754020520846e-23,-3.0543948548229516e-23,0.6538438729276972,0.7566294931040617,[ 1.74550549e-03 -1.93411070e-04  1.49449638e-04 -2.52197783e-04
  1.21419545e-03  3.96660654e-04  8.23218652e-05  6.40684856e-04
  6.14198376e-04  9.32117027e-06 -4.48575852e-05 -1.46707873e-05
 -5.11925537e-20 -4.67456308e-20  9.99167687e-07  9.62405152e-15
 -2.22833439e-14 -1.41453270e-23  1.78935710e-20 -1.13158308e-21
  9.62405151e-15  9.98338138e-07  2.57663011e-19 -7.45346045e-26
 -1.50348348e-20  1.60142167e-21 -2.22833438e-14  2.57658464e-19
  9.98338138e-07  7.51875804e-24 -7.85016901e-18 -6.96000249e-19
 -2.25561557e-18  1.18842195e-18 -5.71790273e-18  9.99999174e-10],0.8129307332374851,0.3573320632279506,-1.6334130723699608e-21,-3.5770687620142164e-27,4.712698279865935e-27,0.5154396737338487,[ 6.04121534e-02 -3.08150426e-04 -7.29399792e-06 -3.84728886e-12
  1.82874799e-12  4.65066210e-05 -3.57180834e-05  3.64646912e-02
  8.55900857e-04  1.69833983e-11 -5.16908295e-11 -1.52732465e-04
  5.32783724e-19 -6.24500451e-17  9.98752567e-07  2.35662401e-23
 -5.45708266e-23 -4.37206328e-22  2.76265400e-25 -1.22138387e-24
  2.35661514e-23  9.95047254e-07  2.48915503e-27  1.29307988e-28
 -2.72630329e-26  7.62557127e-25 -5.45703099e-23  2.48915493e-27
  9.95047254e-07 -2.59565990e-28 -1.34502652e-12  2.99255065e-12
  7.07315485e-14 -2.01186940e-21  6.45947772e-21  3.48702187e-02]
16.369863033294678,base_link,6.628968521087568,-5.825393749507357,-8.269596995364358e-22,3.3447016598953934e-23,-6.512372542717831e-23,0.6883220331850813,0.725405251312641,[ 2.04808335e-03 -3.82302676e-04  2.19108621e-04 -4.96332341e-04
  1.26667796e-03  3.37773387e-04  1.07798242e-04  6.62629324e-04
  6.31238477e-04  2.27597617e-05 -5.80785824e-05 -1.54921760e-05
 -7.04625533e-20 -3.32989827e-20  9.99193153e-07  9.20703605e-15
 -2.12989970e-14 -4.28394406e-24 -5.23042845e-20  2.96130659e-21
  9.20703604e-15  9.98388903e-07  2.43055489e-19  2.53175479e-24
 -1.27054942e-20  9.06589951e-22 -2.12989970e-14  2.43038217e-19
  9.98388903e-07  5.30847727e-24 -8.95618393e-18 -3.91512849e-19
 -2.85498792e-18  2.04240267e-18 -5.20980257e-18  9.99999200e-10],0.8009634099683555,0.3457553984992071,-9.021068170279193e-21,-1.1425480149769864e-26,6.293524025751215e-26,0.5314015537243538,[ 6.03815469e-02 -2.98164785e-04 -7.05709995e-06 -3.55219918e-12
  1.16277585e-13  1.94568318e-05  1.39402226e-04  3.66287231e-02
  8.59829601e-04  3.03940589e-11 -4.88532556e-11 -1.31826855e-04
 -2.71050543e-20  3.14418630e-18  9.98790703e-07  2.25435967e-23
 -5.21568328e-23  2.22292736e-22  4.80637172e-26 -4.20052655e-25
  2.25437400e-23  9.95197574e-07  2.34756779e-27  4.20641321e-28
  4.59432591e-27  2.52031593e-25 -5.21572492e-23  2.34756791e-27
  9.95197574e-07 -1.39092995e-27 -1.41731028e-12  3.00159897e-12
  7.09496362e-14 -3.04110049e-21  5.17937366e-21  3.48705513e-02]
16.41753315925598,base_link,6.625170939468745,-5.749928505318255,-2.468843098287273e-22,-2.570004784739257e-24,-6.914422491092474e-24,0.7223683813509454,0.6915084393009352,[ 2.15416169e-03 -4.91222047e-04  7.53364200e-05 -6.17159867e-04
  1.42032191e-03  4.63146781e-04 -3.65673623e-06  7.48577933e-04
  6.82250671e-04 -1.64516053e-05  3.78589541e-05  1.23659637e-05
 -1.75229941e-20 -1.65171425e-20  9.99314953e-07  7.46766161e-15
 -1.82797385e-14  7.61766544e-24  4.12928562e-21  3.90429249e-22
  7.46766162e-15  9.98631779e-07  1.99268376e-19  4.85427655e-25
 -2.69991752e-20 -2.79256175e-21 -1.82797385e-14  1.99266609e-19
  9.98631779e-07  2.10603556e-25 -7.93156689e-18 -8.43113727e-19
 -2.75013513e-18  2.39983101e-18 -5.52266255e-18  9.99999322e-10],0.8071495073310104,0.34005121403818905,-1.9301957302283673e-20,-1.9304356173824052e-26,7.423679830718586e-27,0.5470875786705324,[ 6.04651752e-02 -1.27225649e-04 -3.01196228e-06 -4.88198556e-12
  1.06892838e-11  2.72269735e-05  3.02633736e-04  3.66854668e-02
  8.61347076e-04  2.62165545e-11 -5.74482402e-11 -1.80543188e-04
  2.83756037e-19 -8.12067427e-17  9.98973132e-07  1.83007143e-23
 -4.48044575e-23  2.76236370e-22  3.74816215e-25 -2.01625274e-24
  1.83008615e-23  9.95917613e-07  1.92714453e-27  4.29495988e-28
 -1.01297313e-24  5.44129747e-24 -4.48047319e-23  1.92714418e-27
  9.95917613e-07 -1.57595648e-28 -1.47190029e-12  3.01564329e-12
  7.12979789e-14 -2.36301042e-21  5.19917808e-21  3.48710755e-02]
16.459856748580933,base_link,6.613321029509361,-5.686433383295835,-5.042973148187149e-22,6.807754409007443e-23,6.981506935411679e-23,0.7450341943498912,0.667026273282701,[ 1.98031566e-03 -4.24188568e-04  3.64041355e-05 -5.16023163e-04
  1.41232899e-03  5.05687301e-04 -3.41745708e-05  7.57130003e-04
  8.46784793e-04 -1.66645806e-05  4.56135273e-05  1.63603617e-05
 -1.31978321e-19 -2.30234143e-19  9.99216866e-07  8.48336689e-15
 -2.08718801e-14  3.89110926e-24 -3.00167301e-20 -4.07634606e-21
  8.48336689e-15  9.98436179e-07  2.26079159e-19 -6.39054055e-24
  4.38339550e-20  5.47924438e-21 -2.08718801e-14  2.26096717e-19
  9.98436179e-07  2.57823118e-25 -5.88135424e-18 -1.70532917e-18
 -3.94509662e-18  2.13841133e-18 -5.85311591e-18  9.99999223e-10],0.808511637725365,0.3368315495892203,-3.2847539855791524e-20,-7.10298116270691e-27,6.548474427080136e-26,0.549615835707967,[ 6.05160756e-02 -1.73409935e-05 -4.12756338e-07 -1.65402492e-12
  4.74687727e-12  6.67055677e-06  3.36276600e-04  3.65948677e-02
  8.59106328e-04  2.05861139e-11 -6.01712299e-11 -1.98652910e-04
 -1.19643404e-20  2.39608680e-17  9.98826216e-07  2.07378827e-23
 -5.10298339e-23  6.06677821e-22 -4.80637172e-26  5.78380194e-25
  2.07381220e-23  9.95337605e-07  2.17751531e-27  1.45340834e-28
  2.18104263e-26 -2.19719850e-25 -5.10305452e-23  2.17751566e-27
  9.95337605e-07 -1.30993197e-27 -1.51138522e-12  3.03829184e-12
  7.18246391e-14 -1.37852195e-21  4.11217736e-21  3.48702272e-02]
16.517035007476807,base_link,6.608360555513415,-5.605319193731469,-3.0509018027320357e-22,1.7370537834059475e-23,4.6317771214092266e-23,0.7794392806482441,0.6264777791610392,[ 1.97399175e-03 -3.96783988e-04  4.15028300e-05 -5.00313949e-04
  1.44822170e-03  4.87821386e-04 -4.09406857e-05  7.83848411e-04
  8.46612167e-04 -1.78931351e-05  5.17973091e-05  1.74742090e-05
 -6.10922513e-20 -1.05349723e-19  9.99245596e-07  7.88885417e-15
 -2.00501602e-14 -1.68294617e-23 -1.70465381e-20 -2.21022660e-21
  7.88885415e-15  9.98493461e-07  2.09640481e-19 -8.75752958e-24
  8.47032947e-22  9.26442286e-23 -2.00501601e-14  2.09668852e-19
  9.98493461e-07 -2.35025910e-24 -6.29482792e-18 -2.16593904e-18
 -4.26655941e-18  2.07963473e-18 -6.02010566e-18  9.99999252e-10],0.8059712958675332,0.32044450213490283,-6.535026299954326e-21,-8.756673036836578e-28,-1.7045803581443586e-28,0.5618026057108189,[ 6.06292237e-02  8.44472088e-05  1.99177532e-06  2.18432499e-12
 -6.71852995e-12 -2.67976696e-05  4.14444599e-04  3.65695953e-02
  8.58576309e-04  2.12211089e-11 -6.48062493e-11 -1.92016724e-04
 -2.13452303e-19 -9.19403442e-17  9.98869245e-07  1.92263927e-23
 -4.88763403e-23 -1.82362250e-22 -1.49441810e-26 -1.48634016e-25
  1.92263310e-23  9.95507341e-07  2.00839236e-27  4.63786858e-29
  3.95818848e-26  3.87740912e-25 -4.88761550e-23  2.00839231e-27
  9.95507341e-07  3.27059994e-30 -1.52834025e-12  3.03482239e-12
  7.17441375e-14 -5.15029527e-22  1.74142577e-21  3.48680207e-02]
16.576292753219604,base_link,6.58042962268147,-5.526576759827948,-6.237719449886779e-22,-5.054559094499344e-22,3.9924056361298885e-22,0.8080299812680218,0.5891413662033929,[ 1.66689139e-03 -2.93305638e-04  4.59422570e-05 -3.33521266e-04
  1.30464170e-03  4.44253250e-04 -1.32452697e-05  6.83011784e-04
  7.00109172e-04  4.01330535e-06 -1.57100502e-05 -5.38296954e-06
  4.92337901e-21  8.68208771e-21  9.98880993e-07  1.15461954e-14
 -2.93341551e-14 -2.12160563e-23 -1.23349173e-20  2.96130659e-21
  1.15461954e-14  9.97766977e-07  3.02684955e-19  2.34751046e-24
  9.97381295e-20 -1.45980835e-20 -2.93341550e-14  3.02630135e-19
  9.97766977e-07  6.40567485e-23 -7.65866098e-18 -3.33240380e-18
 -4.81994512e-18  1.39279346e-18 -5.44993773e-18  9.99998886e-10],0.8014283349713951,0.31366990549679763,-4.92678390382462e-20,1.3319105830880466e-26,-7.350071449905137e-26,0.5640392233692367,[ 6.05638121e-02  1.22480560e-04  2.88946456e-06  1.03559461e-11
 -4.37967853e-11 -7.09137508e-05  3.95231880e-04  3.64046097e-02
  8.54239642e-04  8.07464301e-12 -4.78379577e-11 -1.70807017e-04
  1.44419118e-19  4.22838847e-17  9.98323362e-07  2.80834005e-23
 -7.13575498e-23 -1.13398595e-21  3.48966821e-25  2.69803051e-25
  2.80829386e-23  9.93360048e-07  2.89151107e-27  3.66644567e-28
 -1.11152395e-24 -1.20845918e-24 -7.13558537e-23  2.89151139e-27
  9.93360048e-07 -2.12101086e-27 -1.55649945e-12  3.04282988e-12
  7.18941788e-14 -3.73868144e-22  2.55974442e-21  3.48665090e-02]
16.616374731063843,base_link,6.540810750727769,-5.47166906427386,4.989078332182787e-22,3.284706586207106e-22,-1.5268057099964238e-22,0.8336202090475111,0.5523380731649629,[ 1.76527584e-03 -2.14043685e-04  5.43298264e-05 -2.51766105e-04
  1.12117479e-03  4.25298277e-04  1.89032289e-06  6.99935285e-04
  8.21753634e-04  2.04834829e-06 -9.11999650e-06 -3.46589093e-06
 -2.35316341e-20 -5.13513724e-20  9.99078382e-07  9.45323108e-15
 -2.44802604e-14 -8.83947712e-24 -6.43215644e-21  1.81152554e-22
  9.45323107e-15  9.98160151e-07  2.51093191e-19 -2.49894797e-24
  2.01170325e-21 -7.61006164e-23 -2.44802604e-14  2.51090079e-19
  9.98160151e-07  1.63916541e-23 -7.73399645e-18 -3.82051471e-18
 -5.59130837e-18  9.87197426e-19 -4.39529421e-18  9.99999085e-10],0.8071444156738633,0.3191128668330542,3.097197866376633e-20,4.939742554691995e-27,-1.4123963485814834e-25,0.5800715896460759,[ 6.06431105e-02  1.78440474e-04  4.21221861e-06  7.77344294e-12
 -3.06747457e-11 -8.77371346e-05  4.02091071e-04  3.64346504e-02
  8.55225377e-04  1.08567951e-11 -3.83452255e-11 -1.60846910e-04
 -7.70799982e-19 -1.56450373e-16  9.98618843e-07  2.30726437e-23
 -5.97579171e-23 -6.58223267e-22 -1.16322274e-25 -1.63174301e-25
  2.30724767e-23  9.94520653e-07  2.41239749e-27 -6.61552972e-29
  5.88073717e-25  7.36707733e-25 -5.97570542e-23  2.41239710e-27
  9.94520653e-07  1.88472146e-27 -1.55398773e-12  3.02474712e-12
  7.14874900e-14 -8.08247097e-22  3.17376809e-21  3.48654800e-02]
16.653886556625366,base_link,6.5036269234670145,-5.418325354761501,-4.0226780782010584e-22,4.83148501665703e-22,-1.086305256742369e-22,0.858536426752589,0.5127525757506209,[ 1.84620055e-03 -3.49952228e-04  1.85876869e-05 -4.91573395e-04
  1.22554071e-03  4.94676103e-04 -7.09873275e-05  7.68108410e-04
  8.08584803e-04 -3.48179061e-05  8.67492062e-05  3.50807224e-05
 -1.03496838e-20 -2.19699171e-20  9.99097344e-07  9.15004016e-15
 -2.40561531e-14 -1.05980555e-23  2.55168675e-20  4.02340650e-21
  9.15004015e-15  9.98197938e-07  2.43843989e-19 -3.72388367e-24
  4.48927462e-20  1.32084200e-20 -2.40561531e-14  2.43841934e-19
  9.98197938e-07  1.13481431e-23 -4.88999482e-18 -3.61931316e-18
 -5.42738244e-18  2.02470424e-18 -5.04464279e-18  9.99999103e-10],0.8162804147572111,0.32048254084405303,-8.155525689243062e-20,-1.6102308115386856e-26,3.188808675736069e-25,0.6001161340621832,[ 6.08987612e-02  2.56222673e-04  6.04870884e-06  1.35226026e-11
 -1.43833641e-11 -9.83885825e-05  5.29261306e-04  3.64069939e-02
  8.54630973e-04  3.34407104e-11 -5.20158995e-11 -1.88537932e-04
 -1.01898064e-18 -1.43982049e-16  9.98647236e-07  2.23032242e-23
 -5.86465087e-23  6.33134285e-22 -1.92254869e-25 -4.71751443e-25
  2.23034650e-23  9.94632368e-07  2.33731397e-27  1.13564935e-28
  2.37491309e-25  8.40105310e-25 -5.86472711e-23  2.33731469e-27
  9.94632368e-07 -2.23305250e-27 -1.56158127e-12  3.01277059e-12
  7.12060948e-14 -1.76277944e-21  2.84904792e-21  3.48639372e-02]
16.72428822517395,base_link,6.429140030013148,-5.34519986927443,2.224884016804004e-22,2.118976586254831e-21,-7.4802711918400755e-22,0.881456609907702,0.4722650154839137,[ 1.78930745e-03 -4.47184546e-04 -4.29573266e-05 -5.45868246e-04
  1.45118928e-03  5.08018901e-04 -1.15749484e-04  7.09335778e-04
  7.22798642e-04 -2.65802794e-05  7.06712695e-05  2.47679647e-05
  2.76873895e-20  6.37392293e-20  9.98911360e-07  1.12629681e-14
 -2.87920766e-14 -1.83275371e-23  2.31345874e-20  3.21607822e-21
  1.12629680e-14  9.97827446e-07  2.97849861e-19 -1.08612734e-23
  2.75285708e-20  3.20284333e-21 -2.87920765e-14  2.97804059e-19
  9.97827446e-07  7.16129129e-23 -5.76624627e-18 -4.58028207e-18
 -5.94890605e-18  2.07806831e-18 -5.52580269e-18  9.99998917e-10],0.8092563023295515,0.3261886678361091,-9.028581033309205e-20,-9.878804318666709e-26,3.892004229202992e-26,0.5890856742176703,[ 6.10609471e-02  3.05254012e-04  7.22063174e-06  1.79831285e-11
 -5.65718551e-11 -1.44544409e-04  6.14630058e-04  3.62923145e-02
  8.51692853e-04  2.38557005e-11 -7.47924004e-11 -1.82308728e-04
 -1.04185053e-19 -1.22514845e-17  9.98368813e-07  2.74777753e-23
 -7.02493803e-23  8.52315728e-22 -2.58493941e-25 -3.39273298e-25
  2.74783200e-23  9.93538352e-07  2.86092428e-27  9.17685388e-28
 -1.26015796e-24 -1.66728592e-24 -7.02506663e-23  2.86092313e-27
  9.93538352e-07 -3.66250861e-28 -1.61613583e-12  3.03713998e-12
  7.17655774e-14 -2.68463543e-21  7.86219226e-21  3.48659739e-02]
16.77099585533142,base_link,6.378848368254396,-5.307073724830362,-1.4498049075223903e-22,-1.6549359502111888e-22,-1.4289875503940976e-22,0.9010779525659403,0.43365714960043406,[ 1.91377732e-03 -5.67262061e-04 -4.73375119e-05 -7.59451008e-04
  1.77241402e-03  6.53993728e-04 -1.59997813e-04  8.72750104e-04
  8.05164026e-04 -5.72632693e-05  1.33635506e-04  4.93502063e-05
 -2.42463181e-20 -4.22987078e-20  9.99265922e-07  7.72793467e-15
 -1.94265045e-14 -2.71982925e-24  6.44803831e-20  1.01114558e-20
  7.72793468e-15  9.98533994e-07  2.04555947e-19  1.66099836e-23
 -1.25149118e-19 -2.08846561e-20 -1.94265045e-14  2.04519588e-19
  9.98533994e-07 -7.41243022e-24 -4.39868511e-18 -4.65438049e-18
 -5.50072757e-18  2.45656961e-18 -5.73272035e-18  9.99999272e-10],0.7980052380910685,0.32958177629516633,-1.7262674747246385e-20,4.4684819259983707e-26,-7.847115077617892e-26,0.5957360357513676,[ 6.14809366e-02  2.90518627e-04  6.87600588e-06  2.98687449e-11
 -6.56783581e-11 -2.07784705e-04  6.56770542e-04  3.62775326e-02
  8.51820924e-04  3.46008364e-11 -7.63479853e-11 -2.28181794e-04
 -9.99498878e-19 -1.23707468e-16  9.98899689e-07  1.89296973e-23
 -4.75932365e-23  2.94423791e-22  1.03397577e-25  1.22784622e-25
  1.89297517e-23  9.95627548e-07  1.97648698e-27 -1.07158086e-27
  1.03397577e-25  1.29246971e-25 -4.75933980e-23  1.97648722e-27
  9.95627548e-07  1.93225883e-27 -1.62226753e-12  3.03433667e-12
  7.17394759e-14 -2.75889109e-21  6.23618067e-21  3.48664714e-02]
16.80772089958191,base_link,6.318988002099327,-5.264373613823093,1.9119346479930233e-22,5.563488621178175e-23,-3.513739665173584e-22,0.9198990732315315,0.39215519258039855,[ 1.79643591e-03 -5.70908567e-04 -9.14054948e-05 -7.20259450e-04
  1.39046270e-03  4.96057376e-04 -1.97386602e-04  7.01433273e-04
  7.56090134e-04 -6.92870035e-05  1.33752743e-04  4.77594388e-05
  2.62050818e-21  5.39983504e-21  9.98995109e-07  1.07445886e-14
 -2.66974483e-14 -2.31151051e-23 -8.57620859e-21 -1.72053567e-21
  1.07445886e-14  9.97994244e-07  2.85494113e-19  1.30092850e-23
  2.09640654e-20  4.49986253e-21 -2.66974482e-14  2.85442273e-19
  9.97994244e-07  1.06683414e-23 -3.40955949e-18 -4.66250247e-18
 -6.64349127e-18  2.79036574e-18 -5.38614004e-18  9.99999001e-10],0.8166060319864582,0.33535675197787596,1.4959104689517766e-20,1.0228723228773188e-25,7.361842577544488e-26,0.6137309057079285,[ 6.14297624e-02  3.14395875e-04  7.43251464e-06  3.45966553e-11
 -6.15375082e-11 -1.75752916e-04  6.54997304e-04  3.61611843e-02
  8.48750221e-04  3.51937220e-11 -6.28426429e-11 -1.69163814e-04
 -1.02406283e-18 -1.16876994e-16  9.98494174e-07  2.61674516e-23
 -6.50283126e-23 -2.86030905e-22  1.10506160e-24  1.11798630e-24
  2.61671516e-23  9.94030464e-07  2.73252269e-27 -1.28305917e-27
 -1.60266244e-24 -1.62851183e-24 -6.50280043e-23  2.73252537e-27
  9.94030464e-07 -1.21271231e-27 -1.63980071e-12  3.04699321e-12
  7.20093942e-14 -1.72838260e-21  3.00340996e-21  3.48648205e-02]
16.87503218650818,base_link,6.233585906478928,-5.205398384196056,4.2110173130415185e-23,4.5767396446311515e-23,1.273659394618089e-23,0.937826027034538,0.34710566549195665,[ 1.98110496e-03 -5.48084034e-04 -8.70513856e-05 -6.51979435e-04
  1.25464751e-03  4.57151663e-04 -1.70982152e-04  7.14562513e-04
  7.87936480e-04 -5.07057570e-05  9.75762414e-05  3.55844702e-05
 -8.30886382e-20 -1.86506067e-19  9.99250164e-07  8.05934757e-15
 -2.01599399e-14  1.69246764e-23 -2.78462081e-20 -5.74394217e-21
  8.05934759e-15  9.98502571e-07  2.16677158e-19 -1.95936818e-24
  1.30231316e-20  2.69991752e-21 -2.01599400e-14  2.16678764e-19
  9.98502571e-07  2.64249927e-24 -1.87865952e-18 -4.24881611e-18
 -6.28542432e-18  1.86936597e-18 -3.59732818e-18  9.99999257e-10],0.8160897621657042,0.3340121987289012,-1.6868554477186665e-20,-1.0637882516188821e-27,-1.0205354837679e-26,0.6060554443693451,[ 6.17097285e-02  3.25348228e-04  7.69714227e-06  2.52807112e-11
 -4.84199338e-11 -1.94392718e-04  6.67689368e-04  3.61573696e-02
  8.49020637e-04  1.98781917e-11 -3.80912261e-11 -1.41128129e-04
 -1.19092832e-18 -1.31405303e-16  9.98876087e-07  1.96849751e-23
 -4.92508678e-23  3.26830109e-22 -1.55096365e-25 -1.22784622e-25
  1.96851487e-23  9.95534363e-07  2.08365905e-27  1.91337381e-29
 -2.16488676e-24 -1.69313532e-24 -4.92511818e-23  2.08365893e-27
  9.95534363e-07  2.09965171e-28 -1.65206575e-12  3.03783387e-12
  7.18227870e-14 -6.01446151e-22  1.14567525e-21  3.48652070e-02]
16.915208339691162,base_link,6.180802441258568,-5.18438155581695,3.78448238918297e-24,-1.8957887990719495e-23,-8.612971856925869e-23,0.9513387479040166,0.3081470213005764,[ 1.93433464e-03 -5.16218832e-04 -1.17544601e-04 -6.16247715e-04
  1.06649115e-03  3.95788933e-04 -1.95933448e-04  6.15052151e-04
  7.73225738e-04 -6.42488816e-05  1.11186541e-04  4.13104960e-05
 -1.33407689e-20 -4.08164001e-20  9.99100540e-07  9.77447016e-15
 -2.38109667e-14  1.05811720e-23 -4.06575815e-20 -1.16864077e-20
  9.77447018e-15  9.98204307e-07  2.58765886e-19  3.84996451e-24
  3.33519223e-20  1.01643954e-20 -2.38109667e-14  2.58754882e-19
  9.98204307e-07  4.19160778e-25 -1.62513735e-18 -4.59982772e-18
 -6.98460359e-18  1.80937732e-18 -3.13112452e-18  9.99999107e-10],0.80846329713664,0.3373005731195449,-1.4810913893193917e-20,6.348702230678182e-26,-6.92508076305949e-26,0.6154612952061286,[ 6.17275044e-02  3.23385000e-04  7.64699112e-06  2.88697413e-11
 -4.69648307e-11 -1.79170627e-04  6.22794032e-04  3.60796452e-02
  8.47012338e-04  2.32748153e-11 -3.84419810e-11 -1.18416021e-04
 -9.33430308e-19 -1.03324467e-16  9.98652021e-07  2.38600760e-23
 -5.81325843e-23  1.22590196e-22  6.62390725e-25  5.33143754e-25
  2.38600861e-23  9.94651220e-07  2.48648826e-27 -8.10102216e-28
 -1.48634016e-24 -1.21492152e-24 -5.81326324e-23  2.48648855e-27
  9.94651220e-07  9.94149504e-28 -1.66602355e-12  3.04706260e-12
  7.20247535e-14 -1.36216357e-21  2.26226666e-21  3.48642256e-02]
16.95466184616089,base_link,6.120196481415547,-5.154835070617967,-4.378843630801395e-22,-3.7780296152690303e-22,-1.5781578121126895e-22,0.9618419820384893,0.27360555840163503,[ 1.89407612e-03 -5.30941077e-04 -1.15000481e-04 -6.52225542e-04
  1.17179408e-03  4.46057224e-04 -2.15215448e-04  6.50405782e-04
  9.15687511e-04 -7.63535157e-05  1.37188315e-04  5.22764236e-05
 -2.25654871e-20 -1.09584888e-19  9.99191618e-07  8.64140922e-15
 -2.14879360e-14  4.58101160e-24 -4.49986253e-21 -1.45583788e-21
  8.64140924e-15  9.98385843e-07  2.29719701e-19  6.90005406e-24
  2.58345049e-20  7.46447785e-21 -2.14879360e-14  2.29714478e-19
  9.98385843e-07 -8.81983477e-24 -1.75026082e-18 -5.15206756e-18
 -7.96000874e-18  1.76857547e-18 -3.17788057e-18  9.99999199e-10],0.8163017770080389,0.3369807431533534,-4.44730302074534e-20,-3.1918551672045125e-26,-1.1346284150737133e-25,0.6194738845179995,[ 6.18412871e-02  2.39456072e-04  5.66134788e-06  3.11258641e-11
 -6.27579897e-11 -2.14219194e-04  5.36664389e-04  3.60331535e-02
  8.46077206e-04  2.40863841e-11 -4.67683806e-11 -1.26921971e-04
 -1.91429446e-19 -2.85145171e-17  9.98788405e-07  2.10898697e-23
 -5.24526003e-23  3.92590501e-22 -2.16488676e-24 -1.68021062e-24
  2.10901211e-23  9.95188483e-07  2.20606625e-27  2.52782447e-28
 -2.59786411e-24 -1.93224221e-24 -5.24529353e-23  2.20606547e-27
  9.95188483e-07  9.09104616e-28 -1.66213527e-12  3.03689018e-12
  7.17928183e-14 -1.03058523e-21  2.00937287e-21  3.48631160e-02]
17.0162832736969,base_link,6.039869556937068,-5.111303019834512,-6.061324949103729e-22,-7.280720024847143e-22,-2.1474758186441035e-22,0.9778959686249301,0.20909202411165695,[ 2.15318563e-03 -5.63308131e-04 -1.70329597e-04 -6.33525985e-04
  1.00713733e-03  3.38915663e-04 -2.42105831e-04  5.25009644e-04
  9.17608519e-04 -7.33265258e-05  1.16559248e-04  3.92707954e-05
 -1.91641204e-20 -9.07384045e-20  9.99402834e-07  6.20306517e-15
 -1.58189734e-14  1.61131483e-23  7.23683774e-20  2.83226642e-20
  6.20306521e-15  9.98807093e-07  1.64338831e-19  6.35347587e-24
 -6.48509600e-20 -2.95667438e-20 -1.58189735e-14  1.64342335e-19
  9.98807093e-07 -1.19761234e-23 -8.32869961e-19 -3.33336850e-18
 -6.17506900e-18  1.08910990e-18 -1.73117267e-18  9.99999411e-10],0.8150213243180237,0.3264607748122054,-2.6705638287179322e-20,-3.89212011745879e-26,2.6392304255970224e-26,0.6369412071699829,[ 6.21702672e-02  2.79139727e-04  6.62209984e-06  2.44293030e-11
 -3.35029487e-11 -1.76010768e-04  5.75259328e-04  3.59778404e-02
  8.44986665e-04  1.68617049e-11 -2.47248151e-11 -8.57564918e-05
  6.86096687e-19  8.76035355e-17  9.99104785e-07  1.52661928e-23
 -3.89374270e-23  2.14723420e-22 -2.39106896e-24 -1.64789888e-24
  1.52663463e-23  9.96438237e-07  1.60078422e-27  2.01042818e-28
  3.26348601e-24  2.40722483e-24 -3.89376538e-23  1.60078411e-27
  9.96438237e-07 -1.37521741e-28 -1.71022474e-12  3.08475467e-12
  7.29610831e-14 -2.51023294e-21  3.99932045e-21  3.48692676e-02]
17.077131271362305,base_link,5.952293289323814,-5.091701139528342,2.0765680982224873e-23,-1.69669250628532e-22,2.6079874524952693e-23,0.9860105155387368,0.16668312226207715,[ 2.36379504e-03 -5.36578867e-04 -1.18893160e-04 -6.20750894e-04
  1.03834889e-03  3.73306314e-04 -2.10997387e-04  6.02259301e-04
  9.13431700e-04 -5.36615315e-05  8.97565595e-05  3.22918637e-05
 -1.38436947e-20 -3.98105485e-20  9.99496334e-07  5.16375799e-15
 -1.34646339e-14 -3.50725507e-24  4.14516749e-20  8.28504102e-21
  5.16375798e-15  9.98993682e-07  1.38044588e-19  8.07561067e-26
  7.52800532e-20  1.65568471e-20 -1.34646339e-14  1.38052708e-19
  9.98993682e-07 -5.02306305e-24  1.68818878e-19 -3.67327790e-18
 -5.91927734e-18  6.68104634e-19 -1.11744616e-18  9.99999505e-10],0.8094419312612061,0.3265999642743868,-3.1787962536603992e-21,-3.496778013296879e-26,3.2082120678745654e-26,0.6273163482602876,[ 6.25104095e-02  1.99557282e-04  4.74135932e-06  3.04013883e-11
 -4.68417567e-11 -2.11817242e-04  4.99161892e-04  3.60021591e-02
  8.45633261e-04  1.24252629e-11 -1.94245084e-11 -7.73747047e-05
 -4.09116914e-19 -7.29668062e-17  9.99244881e-07  1.27074535e-23
 -3.31421639e-23 -7.28803094e-23  1.40232963e-24  5.73533433e-25
  1.27074612e-23  9.96993117e-07  1.34435112e-27  2.98940312e-28
 -2.86928275e-24 -1.19230330e-24 -3.31421443e-23  1.34435102e-27
  9.96993117e-07 -2.71505076e-28 -1.76305455e-12  3.15325543e-12
  7.46068087e-14 -8.22484451e-22  1.30708095e-21  3.48746955e-02]
17.123804569244385,base_link,5.8514881005582975,-5.067769042216923,-1.4816843938378092e-22,2.6392082801420274e-22,2.9024059571488207e-23,0.9941521296212196,0.10798862518614534,[ 2.08410866e-03 -5.25363139e-04 -2.04627784e-04 -6.29475295e-04
  1.00661052e-03  4.08933397e-04 -2.92771692e-04  5.90752345e-04
  9.44548904e-04 -8.68286114e-05  1.38834090e-04  5.64514671e-05
 -5.65129794e-21 -6.25745590e-20  9.99422320e-07  6.03927883e-15
 -1.59594300e-14  6.00513378e-25  1.53524722e-20  5.01602323e-21
  6.03927883e-15  9.98845972e-07  1.66835918e-19 -4.14455850e-24
 -4.97631857e-21 -1.98523347e-21 -1.59594300e-14  1.66818818e-19
  9.98845972e-07  1.77483023e-23  2.04596776e-18 -4.28090741e-18
 -6.92684921e-18  6.71292797e-19 -1.07321433e-18  9.99999431e-10],0.8443385762793189,0.3241045051009358,-1.4055966911852064e-21,1.2926024672451724e-27,1.750185326102899e-26,0.6485980055393921,[ 6.23299340e-02 -4.29521606e-06 -9.62318071e-08  3.85032411e-11
 -5.33972537e-11 -2.44639181e-04  2.25604308e-04  3.59401703e-02
  8.44058032e-04  1.38090130e-11 -1.97787415e-11 -7.69811045e-05
 -1.20040450e-20  1.04733930e-16  9.99133979e-07  1.47783546e-23
 -3.90657453e-23  7.74285154e-23 -2.80465926e-24 -1.00651078e-24
  1.47783909e-23  9.96553762e-07  1.60910040e-27 -2.95924562e-30
  1.02751342e-24  3.78047389e-25 -3.90658454e-23  1.60910056e-27
  9.96553762e-07 -3.44576062e-28 -1.77263301e-12  3.18657600e-12
  7.53909538e-14  4.54510386e-23 -2.89589092e-22  3.48754370e-02]
17.14665198326111,base_link,5.806996819752887,-5.061650423075637,-2.1055904102950033e-22,-3.729410004816924e-23,-8.633163559294558e-23,0.996031903650769,0.08899689269758358,[ 1.92320612e-03 -5.19625090e-04 -1.76842546e-04 -6.32510172e-04
  1.04562306e-03  4.28841457e-04 -2.65907423e-04  5.92698387e-04
  7.91028504e-04 -7.12950871e-05  1.17860207e-04  4.83798194e-05
 -1.95876369e-21 -1.31819502e-20  9.99271588e-07  7.53822582e-15
 -2.03056393e-14 -9.34552187e-24 -1.84759062e-20 -4.79103011e-21
  7.53822581e-15  9.98545294e-07  2.10148812e-19  3.47236732e-24
  9.04207671e-20  2.33992852e-20 -2.03056393e-14  2.10142141e-19
  9.98545294e-07 -1.21036070e-24  2.22735306e-18 -3.91245594e-18
 -6.59198300e-18  6.51326478e-19 -1.07672898e-18  9.99999280e-10],0.8541859822468989,0.32280102718959003,-9.179584997985272e-21,-7.27409740285451e-26,2.5647461264246816e-26,0.6473683316092976,[ 6.21580393e-02 -1.08445529e-04 -2.56403391e-06  4.67278926e-11
 -7.72254144e-11 -2.65360965e-04  1.39382202e-04  3.59349251e-02
  8.43753594e-04  1.35601292e-11 -2.24165526e-11 -6.88056086e-05
  8.47032947e-20 -2.77555756e-17  9.98908176e-07  1.84950837e-23
 -4.98276919e-23 -1.93065944e-22  1.52511425e-24  4.45902049e-25
  1.84950315e-23  9.95661067e-07  2.03667926e-27  8.22147584e-28
 -3.64476457e-24 -1.06305633e-24 -4.98275195e-23  2.03667868e-27
  9.95661067e-07 -3.02849593e-28 -1.78187933e-12  3.20803106e-12
  7.58836407e-14 -1.40594760e-21  2.32278090e-21  3.48753018e-02]
17.22313904762268,base_link,5.6642299908050475,-5.051821046735892,-5.378513069256694e-22,-1.5083406798577495e-22,-2.1437265058737963e-22,0.9999081817320868,0.013550944809565677,[ 2.04798314e-03 -6.53031515e-04 -1.95544917e-04 -8.19226047e-04
  9.60397629e-04  4.20273933e-04 -3.01642023e-04  5.62586996e-04
  7.44817926e-04 -1.25675440e-04  1.47314065e-04  6.45412246e-05
  3.23427620e-22  4.31986803e-20  9.99180856e-07  8.26645512e-15
 -2.37352679e-14 -1.18626753e-23  3.90693947e-20  1.41878019e-20
  8.26645512e-15  9.98364390e-07  2.39575155e-19  2.12234803e-23
 -8.47032947e-21 -3.54695047e-21 -2.37352679e-14  2.39557217e-19
  9.98364390e-07 -1.56586291e-23  4.24762435e-18 -5.67354579e-18
 -6.75847002e-18  5.50863580e-19 -6.45539795e-19  9.99999189e-10],0.877190892183697,0.3145800128530656,-3.047615425340408e-20,2.8433247128373256e-26,1.3010518589663831e-26,0.6553737973217253,[ 6.23137792e-02 -3.88838351e-04 -9.20548591e-06  7.36086601e-11
 -7.60471030e-11 -2.74801466e-04 -6.66212291e-05  3.59337330e-02
  8.43599868e-04  1.78884521e-11 -1.98006361e-11 -4.76476051e-05
 -8.80914265e-20  8.23993651e-18  9.98772288e-07  2.02520884e-23
 -5.81578325e-23 -2.68493403e-22 -9.30578189e-25 -2.29413373e-25
  2.02517606e-23  9.95124985e-07  2.31598033e-27 -8.10080584e-28
  2.98560502e-24  7.78712999e-25 -5.81575321e-23  2.31598144e-27
  9.95124985e-07 -3.96579703e-28 -1.79892212e-12  3.27821104e-12
  7.75392712e-14 -1.23427787e-21  1.49338606e-21  3.48775241e-02]
17.27362608909607,base_link,5.575550041329051,-5.059501869873859,-6.778790961949491e-23,-1.7385450091837436e-22,-5.447300440424135e-22,-0.9986017986835455,0.05286253556147084,[ 2.05107051e-03 -6.79524019e-04 -1.16576420e-04 -8.13894273e-04
  9.58633913e-04  3.66592550e-04 -2.61947818e-04  5.40463414e-04
  8.62461912e-04 -1.03165732e-04  1.21503875e-04  4.65130398e-05
 -9.62838233e-21 -1.51195381e-19  9.99265756e-07  7.31535551e-15
 -2.13920271e-14  8.15978887e-25  8.57620859e-21  2.80579664e-21
  7.31535548e-15  9.98533665e-07  2.13097422e-19 -1.31021122e-23
  2.03287907e-20  7.30565917e-21 -2.13920271e-14  2.13120644e-19
  9.98533665e-07  4.95423369e-24  4.52767938e-18 -5.32471298e-18
 -6.83865854e-18 -5.87753497e-21  6.99602550e-21  9.99999274e-10],0.8847906119104074,0.3104464072935316,-8.916064004526135e-21,-1.8405301376094298e-25,2.9981761957810475e-25,0.6796544311207879,[ 6.22516132e-02 -5.32649457e-04 -1.26138849e-05  6.21453633e-11
 -6.70906592e-11 -2.44803360e-04 -1.59446150e-04  3.59570980e-02
  8.44265161e-04  9.42657848e-12 -1.07405160e-11 -2.39193171e-05
  2.25480171e-18 -1.50812522e-16  9.98899441e-07  1.79412483e-23
 -5.24741500e-23 -3.51035530e-24  1.56388835e-24  2.40722483e-25
  1.79413545e-23  9.95626580e-07  2.06432092e-27  1.31352194e-27
 -2.52031593e-24 -4.07127958e-25 -5.24743248e-23  2.06432138e-27
  9.95626580e-07 -2.13569825e-27 -1.80950806e-12  3.30604988e-12
  7.82113567e-14 -6.35399325e-22  8.14049177e-22  3.48786068e-02]
17.319028854370117,base_link,5.480627761784838,-5.076863340206378,-8.33001542276082e-23,3.106548146815904e-22,2.374733785910047e-22,-0.9948985372533018,0.10088062535115731,[ 2.00719730e-03 -7.29622407e-04 -1.36067768e-04 -8.62472078e-04
  8.78456847e-04  3.28902671e-04 -3.47070745e-04  4.45135185e-04
  1.23465138e-03 -1.76460927e-04  1.79729859e-04  6.73762014e-05
 -1.32348898e-22  1.21760986e-20  9.99244247e-07  7.43409914e-15
 -2.25257204e-14 -1.35844068e-23 -3.36695597e-20 -2.12817028e-20
  7.43409913e-15  9.98490774e-07  2.21595757e-19  6.37448055e-24
 -3.12343399e-20 -1.99582138e-20 -2.25257204e-14  2.21607385e-19
  9.98490774e-07 -1.09353208e-23  4.25389955e-18 -3.74516714e-18
 -9.81531779e-18  3.01120983e-20 -3.06597810e-20  9.99999253e-10],0.9097190374494089,0.3070448909954941,-1.5554030463788054e-20,-1.0504705990753004e-27,-8.222230357829343e-27,0.6863616557749359,[ 6.20338247e-02 -7.04213977e-04 -1.66700303e-05  6.78143006e-11
 -6.84454404e-11 -2.27063304e-04 -3.56193632e-04  3.59742641e-02
  8.44662662e-04  1.36957139e-11 -1.39778908e-11 -1.59226855e-05
  1.62969139e-18 -8.26162055e-17  9.98867225e-07  1.81983004e-23
 -5.51538027e-23  5.36785136e-24 -9.82276977e-25 -1.98717217e-25
  1.81982884e-23  9.95499409e-07  2.13919521e-27  1.45873043e-29
  4.56241807e-24  9.32193776e-25 -5.51537813e-23  2.13919511e-27
  9.95499409e-07  7.47332275e-29 -1.80311755e-12  3.32908701e-12
  7.87547868e-14 -8.59166997e-22  8.83244627e-22  3.48781105e-02]
17.36276912689209,base_link,5.405739797573546,-5.0971674878516176,3.1586632771415853e-22,-7.464951853457845e-22,-2.574410574354252e-22,-0.9904232590694739,0.13806436141959916,[ 1.99996505e-03 -6.67489512e-04 -2.78940151e-05 -8.27923506e-04
  9.64304931e-04  3.79904833e-04 -3.48982838e-04  5.04905751e-04
  1.57944425e-03 -1.52665168e-04  1.77823941e-04  7.01152308e-05
 -1.83964968e-20 -1.29596041e-19  9.99206446e-07  7.62950285e-15
 -2.35303300e-14 -3.17638921e-24  6.79743940e-20  2.72638730e-20
  7.62950283e-15  9.98415404e-07  2.26222680e-19 -2.54427564e-24
 -1.81053292e-20 -6.77626358e-21 -2.35303299e-14  2.26200973e-19
  9.98415404e-07  1.29419371e-23  5.18651715e-18 -4.81294750e-18
 -1.31906067e-17  1.73233550e-20 -2.02944843e-20  9.99999215e-10],0.914661779038428,0.30291650956502764,-1.744200460066744e-21,8.78904306443717e-26,1.9510305935527816e-25,0.6833430217884052,[ 6.18977477e-02 -7.32038170e-04 -1.73229859e-05  7.80626387e-11
 -9.67494903e-11 -2.61132027e-04 -4.31880355e-04  3.60534191e-02
  8.46513268e-04  8.87367537e-12 -9.90506408e-12 -4.40955710e-06
  3.51688080e-18 -1.71954465e-16  9.98810611e-07  1.86615353e-23
 -5.75663789e-23 -3.69864314e-23 -3.20532487e-24 -3.65122692e-25
  1.86615007e-23  9.95276062e-07  2.18116458e-27 -4.24103569e-28
  3.29579775e-24  3.36042124e-25 -5.75664632e-23  2.18116591e-27
  9.95276062e-07 -9.48365924e-28 -1.80033896e-12  3.34013373e-12
  7.90113244e-14 -3.31359932e-22  2.87762540e-22  3.48772512e-02]
17.41551923751831,base_link,5.317633680936886,-5.122364195924952,2.373780381726469e-22,6.259284029334614e-23,1.5484527101913296e-22,-0.9866871676124663,0.16262974287899723,[ 1.84079108e-03 -7.29141379e-04 -2.02516505e-04 -8.41672583e-04
  1.03966230e-03  3.04910789e-04 -3.36367084e-04  3.87589389e-04
  8.12406884e-04 -1.46040995e-04  1.80392649e-04  5.29622217e-05
  5.65394492e-20 -1.99105682e-19  9.99390837e-07  5.69412654e-15
 -1.84200221e-14 -5.19517265e-24 -8.04681300e-20 -3.97576090e-20
  5.69412654e-15  9.98783156e-07  1.72196120e-19  4.53164194e-24
  7.07272511e-20  3.55224442e-20 -1.84200221e-14  1.72188323e-19
  9.98783156e-07 -2.76895164e-24  7.03792976e-18 -4.27778253e-18
 -5.14542290e-18 -9.81957073e-19  1.21293979e-18  9.99999400e-10],0.917833859305867,0.29319560724567845,1.3983716402638486e-20,-9.277622468485927e-26,-4.9679863700771406e-26,0.6560404896644885,[ 6.14743829e-02 -8.47987831e-04 -2.00891205e-05  6.34940991e-11
 -7.76803964e-11 -2.08725043e-04 -4.89842147e-04  3.60755920e-02
  8.47286831e-04  3.96419150e-12 -5.04053898e-12  1.06314131e-05
 -1.08420217e-18  4.56449115e-17  9.99086811e-07  1.39796221e-23
 -4.52343726e-23 -8.00284368e-23  7.88406521e-25  5.57377561e-26
  1.39796405e-23  9.96367099e-07  1.67030224e-27  8.63054223e-28
 -4.91138489e-25 -3.23117427e-26 -4.52342822e-23  1.67030082e-27
  9.96367099e-07  4.64235028e-28 -1.79430039e-12  3.36372596e-12
  7.95939325e-14  9.53449533e-23 -1.01663332e-22  3.48789648e-02]
17.465699672698975,base_link,5.222811655532623,-5.157771808886864,-5.978745049132159e-23,-1.124566031462718e-21,-8.655120007597022e-22,-0.9870396743526699,0.16047641961913073,[ 1.83558441e-03 -7.05089100e-04 -2.01250605e-04 -8.19068527e-04
  1.06206241e-03  3.11425917e-04 -3.23399727e-04  4.05388942e-04
  8.20790507e-04 -1.50796408e-04  1.95529929e-04  5.74016065e-05
 -7.04096137e-20  2.06040764e-19  9.99361194e-07  5.81915063e-15
 -1.93767883e-14 -3.96609378e-25 -5.47395042e-20 -2.99108509e-20
  5.81915061e-15  9.98724018e-07  1.76462513e-19 -1.44286899e-23
  9.34912616e-20  5.22513449e-20 -1.93767882e-14  1.76441383e-19
  9.98724018e-07  2.67542458e-23  7.23610073e-18 -4.46854506e-18
 -5.34833107e-18 -1.07940056e-18  1.39961062e-18  9.99999370e-10],0.9360325253562297,0.28680375401679675,2.9975475542747874e-21,-1.7891943699803757e-25,2.0117923977912778e-25,0.603230120599311,[ 6.13646710e-02 -8.57502222e-04 -2.03160610e-05  6.29786588e-11
 -8.05362039e-11 -2.11526435e-04 -5.10446727e-04  3.61211300e-02
  8.48339751e-04  5.82372351e-12 -7.84488573e-12  1.55872714e-05
 -3.34408608e-18  1.39536820e-16  9.99042402e-07  1.42735658e-23
 -4.75401883e-23 -6.77982150e-23  7.23783036e-25  7.18936275e-26
  1.42735733e-23  9.96191434e-07  1.70967272e-27  1.11372477e-27
 -4.26515003e-25 -4.52364397e-26 -4.75401887e-23  1.70967255e-27
  9.96191434e-07 -1.25251181e-27 -1.79498343e-12  3.40641404e-12
  8.06045075e-14 -1.18043644e-22  1.91954150e-22  3.48797741e-02]
17.513039588928223,base_link,5.117585538368841,-5.180064226697256,-4.794571047233636e-22,-1.3991655506750554e-21,-8.591297152962788e-22,-0.9891998160299184,0.14657327166429657,[ 1.82757410e-03 -7.95226282e-04 -5.69083329e-05 -9.50133470e-04
  9.33445066e-04  2.80318162e-04 -2.24572723e-04  4.02054822e-04
  6.53439540e-04 -1.27713117e-04  1.25435829e-04  3.77336198e-05
 -1.58951027e-20 -1.25678514e-19  9.99014962e-07  8.78007859e-15
 -3.07191599e-14  3.21825522e-24 -3.66341750e-20 -1.39760436e-20
  8.78007857e-15  9.98033795e-07  2.73754532e-19 -1.79226536e-23
  2.54109884e-20  1.38701645e-20 -3.07191598e-14  2.73669720e-19
  9.98033795e-07  4.26781075e-23  5.12550390e-18 -5.00964588e-18
 -5.90555881e-18 -1.05645533e-18  1.03778397e-18  9.99999023e-10],0.9633961436980918,0.2702218763227147,-4.7881064227819084e-20,1.067390119941841e-25,3.2112949452204087e-25,0.5436727509342865,[ 6.13286992e-02 -9.33498144e-04 -2.21039427e-05  9.25900792e-11
 -6.92797914e-11 -1.86784220e-04 -4.39576805e-04  3.61261368e-02
  8.48000489e-04  4.00517053e-12 -8.62006470e-12  1.96670054e-05
 -2.42929049e-18  9.31329666e-17  9.98523896e-07  2.14687539e-23
 -7.51229751e-23  1.89446108e-22  1.21492152e-24  4.84676140e-26
  2.14689732e-23  9.94147311e-07  2.63961771e-27 -8.72392730e-28
 -2.11965032e-24 -2.74649813e-25 -7.51234164e-23  2.63962376e-27
  9.94147311e-07 -2.64961653e-27 -1.80452224e-12  3.46499218e-12
  8.19531034e-14  4.25808248e-22  3.26066186e-22  3.48807032e-02]
17.570493936538696,base_link,5.03849576783218,-5.175825257323625,1.4885485038395172e-22,-2.329579674907216e-22,-6.799898658820827e-23,-0.9941656694121807,0.10786390388925596,[ 1.91290351e-03 -7.92522012e-04 -1.89563144e-04 -8.99543814e-04
  1.05088341e-03  2.92981964e-04 -2.98913481e-04  3.81882754e-04
  7.37922425e-04 -1.48111825e-04  1.73042183e-04  4.83035562e-05
 -9.52912066e-21  2.51462906e-20  9.99330644e-07  5.40238234e-15
 -2.06010029e-14 -1.08230523e-24  8.09975256e-21  4.71162077e-21
  5.40238234e-15  9.98663077e-07  1.66278109e-19  1.92226843e-24
 -2.14934610e-20 -1.14878843e-20 -2.06010029e-14  1.66305473e-19
  9.98663077e-07 -1.11736423e-23  6.28350712e-18 -4.34338912e-18
 -5.41381977e-18 -7.91877711e-19  9.25121566e-19  9.99999340e-10],0.9309265552530079,0.24100438058261914,3.270636977684048e-21,1.046832197544838e-26,4.6789843306073817e-26,0.45144109736005467,[ 6.14094121e-02 -9.37905163e-04 -2.22338135e-05  6.21633313e-11
 -7.71918290e-11 -1.96038755e-04 -5.12760133e-04  3.61182690e-02
  8.48188880e-04  8.79367162e-12 -9.09722585e-12  1.59073411e-05
 -2.38863291e-18  9.10729825e-17  9.98996636e-07  1.32781143e-23
 -5.06416509e-23 -4.21680738e-23 -4.25222534e-24 -6.02614001e-25
  1.32780854e-23  9.96010517e-07  1.61629631e-27  1.39081421e-28
  1.86115638e-24  2.21335437e-25 -5.06415657e-23  1.61629539e-27
  9.96010517e-07  6.37586235e-28 -1.78297394e-12  3.50708351e-12
  8.29955636e-14 -7.35649038e-22  7.02784230e-22  3.48841267e-02]
17.625418424606323,base_link,4.913114964617665,-5.176470163739818,4.354331996861894e-22,6.17637535151842e-23,3.1769654386094955e-25,-0.9982811833918475,0.058606133516660545,[ 2.04693130e-03 -7.14058435e-04 -3.91979359e-06 -7.96982363e-04
  1.06750402e-03  2.32108960e-04 -1.16141775e-04  3.74870870e-04
  6.12234918e-04 -4.32341569e-05  5.79101932e-05  1.25997836e-05
  1.07467305e-20 -2.16522797e-20  9.99533552e-07  3.32096687e-15
 -1.46652647e-14 -2.56235549e-24 -3.17107960e-20 -3.96384950e-21
  3.32096686e-15  9.99067972e-07  1.04411906e-19 -8.98529842e-26
 -2.90108784e-20 -3.52048069e-21 -1.46652647e-14  1.04417864e-19
  9.99067972e-07 -1.61621111e-24  5.08139118e-18 -3.86700733e-18
 -3.82556766e-18 -9.74344331e-19  1.30508905e-18  9.99999543e-10],0.9578162088341478,0.21253985820418728,2.5785462906713788e-20,1.040546872968088e-27,-3.20165799641983e-27,0.3580412745903058,[ 6.17893038e-02 -8.63768160e-04 -2.04980874e-05  4.84355379e-11
 -6.59979772e-11 -1.51668196e-04 -3.57862562e-04  3.60379219e-02
  8.46511678e-04 -1.36485842e-12  2.04186654e-12  1.62475753e-05
 -3.48638761e-18  1.43873628e-16  9.99300653e-07  8.14678509e-24
 -3.59887933e-23 -5.44589432e-23 -2.97914267e-24  8.42124794e-26
  8.14674606e-24  9.97214263e-07  1.01115184e-27 -1.21668000e-29
 -1.26662031e-24  3.95818848e-26 -3.59887406e-23  1.01115183e-27
  9.97214263e-07  2.49137405e-29 -1.78317994e-12  3.53886365e-12
  8.37783087e-14 -3.07187004e-22  3.70248276e-22  3.48877307e-02]
17.6678364276886,base_link,4.801119056180256,-5.158827304959192,2.358751580664071e-22,-1.1447010522679429e-23,-8.141418341809344e-23,-0.9994729786212375,0.032461746810535395,[ 1.87990157e-03 -5.92591256e-04 -6.61315707e-05 -6.56244607e-04
  7.84954098e-04  1.95678769e-04 -1.48841980e-04  3.24044697e-04
  6.06523061e-04 -6.29603727e-05  7.53045266e-05  1.88000039e-05
  1.01643954e-20 -7.79270311e-20  9.99209410e-07  5.01500899e-15
 -2.55590205e-14  9.02460052e-25 -2.04876094e-20 -7.14684049e-21
  5.01500898e-15  9.98421313e-07  1.62113981e-19 -4.21783332e-24
  1.93229391e-20  7.38506851e-21 -2.55590205e-14  1.62126837e-19
  9.98421313e-07  1.20411236e-24  4.90261512e-18 -4.78694570e-18
 -6.77833341e-18  1.26604278e-19 -1.51384041e-19  9.99999218e-10],0.9927415040398988,0.18286309510119036,-1.939847910552092e-20,-4.504658286868761e-26,2.739245277578031e-27,0.3056853275779479,[ 6.17457787e-02 -6.73886389e-04 -1.59638586e-05  4.23722374e-11
 -4.71418191e-11 -1.30772900e-04 -2.86299735e-04  3.59532833e-02
  8.44125662e-04  8.78921652e-12 -1.10786394e-11  3.68695730e-06
 -7.11507676e-19  3.78386558e-17  9.98815050e-07  1.22595217e-23
 -6.24909348e-23  1.57962391e-23  1.40879198e-24  2.95652446e-25
  1.22596272e-23  9.95293565e-07  1.56150977e-27  6.72569733e-28
  5.55761974e-25  1.30862558e-25 -6.24909680e-23  1.56150877e-27
  9.95293565e-07 -8.34284751e-29 -1.76498182e-12  3.61446983e-12
  8.55269896e-14 -8.13249074e-22  1.02923735e-21  3.48861055e-02]
17.706787586212158,base_link,4.7070813950082,-5.12876873118597,1.4826050959965077e-21,7.957157282078066e-23,8.81889656446916e-23,0.9991335515999109,0.041619058943566926,[ 1.82172109e-03 -3.76199852e-04  1.05822189e-04 -4.18597745e-04
  6.26932932e-04  2.10617695e-04 -3.65862797e-06  4.07056345e-04
  8.84020411e-04  6.01646204e-06 -9.01153245e-06 -3.03472525e-06
 -3.34445665e-20 -2.05511369e-19  9.99034225e-07  5.10065746e-15
 -3.18162845e-14 -1.14159735e-24  4.76456033e-22 -3.63959470e-23
  5.10065746e-15  9.98072170e-07  1.68027136e-19 -2.82047959e-24
  1.55642304e-20 -1.09849585e-21 -3.18162845e-14  1.68029598e-19
  9.98072170e-07  2.98273256e-24  1.29960124e-18 -5.80235436e-18
 -1.17964851e-17 -3.41506160e-19  5.11502258e-19  9.99999042e-10],1.0139321419121543,0.15195061005176913,2.855024532711133e-20,-5.285102822115954e-27,1.9261333535527473e-26,0.20342743810727412,[ 6.17996589e-02 -4.23436984e-04 -1.00196594e-05  2.85399282e-11
 -4.55473775e-11 -1.41105987e-04 -8.86898488e-05  3.59437466e-02
  8.43719476e-04 -7.76493449e-14  3.03294930e-13  7.68362527e-06
  8.74138002e-19 -7.37257477e-17  9.98552733e-07  1.24391616e-23
 -7.76009450e-23 -5.22217715e-23  7.94868870e-25 -2.43600248e-27
  1.24391155e-23  9.94260629e-07  1.61223193e-27  4.70498001e-29
  6.39772505e-25 -4.44286462e-27 -7.76008801e-23  1.61223207e-27
  9.94260629e-07 -2.20620023e-28 -1.75436228e-12  3.62891661e-12
  8.58449821e-14 -3.72237357e-22  5.37239519e-22  3.48840187e-02]
17.772636890411377,base_link,4.538665019777035,-5.0865464008662995,8.922958442768436e-22,5.926906265207186e-22,2.1267875383269943e-22,0.9970345883026748,0.07695472518381019,[ 1.95812249e-03 -3.54074589e-04  2.48598228e-04 -4.04340484e-04
  8.27891683e-04  3.26975961e-04  1.08762943e-04  5.62204455e-04
  1.00491498e-03  2.91751182e-05 -5.97508207e-05 -2.36258995e-05
  4.63221143e-21  2.06464281e-20  9.99129969e-07  3.67185547e-15
 -2.99402222e-14 -1.88613395e-24 -1.88729529e-20  5.18145936e-21
  3.67185547e-15  9.98262957e-07  1.26341239e-19 -7.13803965e-24
  1.00055767e-19 -1.89391273e-20 -2.99402222e-14  1.26338037e-19
  9.98262957e-07  1.72147782e-23 -6.44621438e-19 -6.58625895e-18
 -1.14904501e-17 -4.63898446e-19  9.50277373e-19  9.99999138e-10],1.06422776872605,0.12142634407849605,3.516676891986101e-20,-1.0725067151248675e-26,9.37689280169916e-26,0.1430004478094057,[ 6.20322589e-02 -2.63644382e-04 -6.23681865e-06  2.46371151e-11
 -6.97008155e-11 -2.17705525e-04  1.40640885e-04  3.59961987e-02
  8.45121744e-04 -1.81433640e-12  3.36949231e-12  3.24584801e-06
 -6.81861523e-19  9.24824453e-17  9.98696086e-07  8.95834110e-24
 -7.30559454e-23 -7.57399491e-23  3.90972086e-25 -2.92825168e-26
  8.95829319e-24  9.94824705e-07  1.21294190e-27  8.15030333e-29
 -1.47341547e-24  7.27014210e-26 -7.30558479e-23  1.21294224e-27
  9.94824705e-07 -8.08485384e-28 -1.70080139e-12  3.64093478e-12
  8.61403038e-14 -2.83779040e-22  7.27106297e-22  3.48827158e-02]
17.808533906936646,base_link,4.441665530086928,-5.060094111144994,-1.2640788301125105e-21,2.971467424413951e-22,3.301290487806869e-23,0.996494861341517,0.08365399763281443,[ 1.74300887e-03 -3.09613482e-04  1.69237495e-04 -3.80375650e-04
  8.14452166e-04  3.46022318e-04  7.37288683e-05  5.47446660e-04
  8.06411302e-04  5.60574077e-06 -1.20028620e-05 -5.08075669e-06
  1.10511330e-20  5.54806580e-20  9.98710072e-07  4.72661148e-15
 -4.58391326e-14 -1.77618609e-24 -4.65868121e-21 -1.95214625e-22
  4.72661148e-15  9.97426775e-07  1.67963052e-19 -1.42501689e-24
  3.30342849e-20  1.37642854e-21 -4.58391326e-14  1.67958351e-19
  9.97426775e-07  7.33800476e-24 -5.30406097e-19 -8.11636234e-18
 -1.16297434e-17 -1.92988300e-19  4.13225554e-19  9.99998717e-10],1.0962081565688562,0.10820510391698301,2.9796820571707506e-20,3.412731736610998e-26,6.280715721928084e-26,0.1275210933639467,[ 6.17696025e-02 -1.79373659e-04 -4.23783366e-06  4.12075218e-11
 -8.84000939e-11 -2.28843892e-04  1.62121840e-04  3.59826088e-02
  8.44304424e-04  4.92472429e-12 -1.05591232e-11 -1.26414742e-05
 -1.84653183e-19  3.66460334e-17  9.98067597e-07  1.14786950e-23
 -1.11328940e-22 -4.45821017e-23 -1.13737334e-24 -1.37324906e-25
  1.14786562e-23  9.92358746e-07  1.60093053e-27 -2.48510290e-28
 -2.61078881e-24 -3.13423904e-25 -1.11328845e-22  1.60093116e-27
  9.92358746e-07 -4.53178913e-28 -1.64905839e-12  3.65237007e-12
  8.63544185e-14 -9.18203250e-22  1.96740645e-21  3.48807701e-02]
17.87697720527649,base_link,4.338029357628583,-5.031754653714935,-2.0880787797845647e-22,2.957556123254447e-23,-5.75080058780908e-24,0.9958507101618864,0.09100199486860999,[ 2.02765294e-03 -3.63128237e-04  2.48784772e-04 -4.19289785e-04
  8.85366629e-04  3.25661306e-04  1.18752650e-04  6.08772796e-04
  1.09154111e-03  2.80910551e-05 -5.93152587e-05 -2.18374734e-05
 -5.59306443e-20 -2.86403015e-19  9.99317344e-07  2.18743553e-15
 -2.41577348e-14 -1.37405410e-25  1.32348898e-21 -2.38228016e-22
  2.18743553e-15  9.98636548e-07  7.74099902e-20  4.15780697e-25
  3.05990652e-20 -5.84982129e-21 -2.41577348e-14  7.74027630e-20
  9.98636548e-07  4.74308272e-24 -1.38352686e-18 -7.02142337e-18
 -1.03433655e-17 -2.03095814e-19  4.28822749e-19  9.99999326e-10],1.0596209949922746,0.09542179518855684,-4.416644672857378e-21,3.740239226693381e-27,-7.805548147693543e-27,0.10626636388231142,[ 6.21197675e-02 -1.29159540e-04 -3.05422083e-06  2.57349108e-11
 -5.21082109e-11 -2.14189466e-04  2.83795409e-04  3.60059738e-02
  8.45687154e-04  1.43502776e-13 -1.23426446e-13 -1.12021045e-05
 -9.19030748e-20  2.54787511e-17  9.98976713e-07  5.35515674e-24
 -5.91501717e-23  2.90226345e-24 -8.01331218e-25 -4.41762107e-27
  5.35516027e-24  9.95931758e-07  7.47247793e-28 -1.49840281e-28
  1.69313532e-24  2.39813715e-27 -5.91501752e-23  7.47247779e-28
  9.95931758e-07  3.56464629e-28 -1.55965307e-12  3.65341091e-12
  8.64567017e-14 -3.74792157e-22  7.43436706e-22  3.48800183e-02]
17.925912380218506,base_link,4.26687297232959,-5.002412452059522,-8.103396649793275e-22,3.18673025201911e-23,2.5468113542586235e-23,0.994241970929748,0.10715830925191999,[ 1.82221877e-03 -2.50079887e-04  1.73203164e-04 -2.69854914e-04
  7.41058746e-04  3.38521159e-04  1.07544231e-04  5.85124129e-04
  9.88568097e-04  1.84158562e-05 -5.05966125e-05 -2.31456783e-05
 -8.12622234e-21 -6.86096687e-20  9.98947745e-07  2.93391332e-15
 -3.61118009e-14  4.33093855e-25 -3.93076227e-21  3.11019910e-21
  2.93391332e-15  9.97899903e-07  1.00682321e-19 -2.54662533e-24
  6.58568116e-20 -1.41348623e-20 -3.61118009e-14  1.00685849e-19
  9.97899903e-07  2.55957388e-24 -1.94530329e-18 -6.47657728e-18
 -1.20683192e-17 -1.11990870e-19  3.08001049e-19  9.99998955e-10],1.0360377368719766,0.08188557649364103,-3.129193273310329e-20,1.452443567731913e-26,1.1117980846566933e-27,0.08065333410638557,[ 6.18194635e-02 -3.44600994e-05 -8.13806555e-07  7.32361103e-12
 -5.88848845e-11 -2.23319801e-04  2.80871056e-04  3.59947681e-02
  8.45023264e-04 -1.32976059e-12 -5.60121128e-13 -1.59598619e-05
 -1.27160821e-19  1.32489505e-16  9.98423274e-07  7.12924925e-24
 -8.77576453e-23  2.13392050e-23  2.17296470e-25 -3.95818848e-26
  7.12926950e-24  9.93751996e-07  9.60098904e-28 -3.75823083e-28
 -5.16987883e-26 -3.02922588e-28 -8.77576934e-23  9.60099311e-28
  9.93751996e-07 -2.37286683e-29 -1.47904140e-12  3.65749098e-12
  8.65031925e-14 -3.20792057e-23  9.82437538e-22  3.48758975e-02]
17.966278076171875,base_link,4.222811706657262,-4.988278410808242,3.527428356898626e-22,4.682898603818297e-23,2.7949630839416988e-24,0.9940974511512348,0.10849081811203283,[ 1.74102848e-03 -2.47621090e-04  2.13839932e-04 -2.97878474e-04
  7.89740634e-04  3.83758527e-04  1.00264282e-04  5.79399581e-04
  9.37648523e-04  1.55022906e-05 -4.11048113e-05 -2.00042091e-05
  9.63499978e-21  3.07049443e-20  9.98529178e-07  3.79162258e-15
 -4.87824502e-14  2.91552237e-25 -2.91167576e-20  4.49986253e-21
  3.79162257e-15  9.97066977e-07  1.25748056e-19 -4.07234097e-24
  8.36445035e-20 -1.10378981e-20 -4.87824502e-14  1.25739418e-19
  9.97066977e-07  2.19647379e-23 -1.92386230e-18 -7.84470217e-18
 -1.26744785e-17 -1.10734191e-19  2.93726126e-19  9.99998535e-10],1.0002926884144343,0.07648586494050046,1.4487619284874173e-21,1.6226717055588157e-27,4.892618588042366e-27,0.07411406670170971,[ 6.17036595e-02 -2.85996357e-05 -6.73571197e-07  2.90267305e-11
 -8.99698830e-11 -2.50955903e-04  2.78178835e-04  3.59873772e-02
  8.44325835e-04  1.07957873e-12 -4.38304540e-12 -2.25006379e-05
  5.29395592e-20 -6.65700134e-17  9.97797004e-07  9.20209874e-24
 -1.18397340e-22  3.42300000e-24  1.04366929e-24  3.83701944e-26
  9.20209474e-24  9.91302732e-07  1.19779501e-27 -2.47465332e-28
 -1.30539440e-24 -6.30078982e-26 -1.18397343e-22  1.19779571e-27
  9.91302732e-07 -6.72789065e-28 -1.41306847e-12  3.64401564e-12
  8.61290025e-14 -2.78828494e-22  1.06154731e-21  3.48761730e-02]
18.030290126800537,base_link,4.16601215060458,-4.9739807730662156,-3.0029617200400096e-22,7.969285280359982e-24,-5.8422855064995325e-24,0.9939913905673694,0.10945828190661192,[ 1.85136965e-03 -2.82783447e-04  1.77801372e-04 -3.30923643e-04
  7.01758167e-04  3.26000498e-04  8.62075758e-05  5.72459394e-04
  1.01439810e-03  1.23113665e-05 -2.61068452e-05 -1.21317479e-05
 -1.25731453e-21 -1.00585162e-20  9.98790983e-07  2.93746749e-15
 -3.77339157e-14 -1.31822917e-24 -6.08804931e-22  3.47415857e-23
  2.93746749e-15  9.97587793e-07  9.16762853e-20 -1.66247660e-24
 -2.06464281e-20  1.30363665e-21 -3.77339157e-14  9.16835883e-20
  9.97587793e-07 -3.68950135e-24 -1.53689765e-18 -6.38975930e-18
 -1.15041006e-17 -3.90793474e-20  8.27599151e-20  9.99998798e-10],0.9335482097421838,0.07199284042453474,-2.297130700031397e-20,-5.609682202770952e-27,9.926350131351727e-27,0.06589731679278794,[ 6.18387634e-02 -2.13392777e-05 -5.02392856e-07  2.41908259e-11
 -3.87929352e-11 -2.11033614e-04  2.97356048e-04  3.59756947e-02
  8.44408096e-04  2.37188277e-12 -3.64554923e-12 -2.20588689e-05
 -5.38924713e-20  9.17235038e-17  9.98188662e-07  7.14657338e-24
 -9.18075213e-23 -3.73566912e-23  4.36208526e-25  4.20052655e-26
  7.14658182e-24  9.92832347e-07  8.76420975e-28 -5.44857861e-28
  1.42171668e-25  1.49441810e-26 -9.18075592e-23  8.76420911e-28
  9.92832347e-07  1.28393722e-27 -1.32234683e-12  3.62970765e-12
  8.58256681e-14 -4.85980580e-22  7.56294452e-22  3.48755868e-02]
18.077436923980713,base_link,4.129482251475467,-4.965042105247528,-1.8255739778336266e-23,-1.810659885994475e-23,-1.4646803570534185e-23,0.9939235385728197,0.11007270084305448,[ 2.15806798e-03 -4.04404967e-04  2.10584291e-04 -5.05163991e-04
  9.23800891e-04  4.24887429e-04  4.16401672e-05  7.28463143e-04
  1.21624982e-03  6.32805567e-06 -1.15724723e-05 -5.32069403e-06
 -3.21343124e-20 -1.57442249e-19  9.99416793e-07  1.35641696e-15
 -1.74502827e-14  1.73458239e-26  9.95263713e-21 -5.41803301e-23
  1.35641696e-15  9.98834942e-07  4.05786193e-20 -3.28168525e-24
  5.55865372e-20 -2.69660880e-22 -1.74502827e-14  4.05818021e-20
  9.98834942e-07  3.32151219e-24 -1.49914725e-18 -6.44833486e-18
 -8.82313978e-18  1.92093780e-19 -3.51276547e-19  9.99999425e-10],0.8839740629019293,0.0691899603575816,-2.644416912068362e-21,5.5596442575396864e-27,-5.619362227833693e-27,0.0605239373590792,[ 6.22608823e-02 -8.01044516e-05 -1.89552171e-06  3.48777138e-11
 -6.01924756e-11 -2.71667670e-04  2.95331236e-04  3.60329151e-02
  8.46566053e-04  4.59510119e-12 -7.99543107e-12 -3.36554423e-05
 -2.77826807e-19  1.24032729e-16  9.99125697e-07  3.32118219e-24
 -4.27321389e-23 -4.25096316e-24 -2.24889729e-24 -2.95652446e-25
  3.32118781e-24  9.96520979e-07  3.91775155e-28  3.18760247e-28
  1.29246971e-25  1.61558713e-26 -4.27321428e-23  3.91775075e-28
  9.96520979e-07 -3.29377534e-28 -1.25485847e-12  3.58978125e-12
  8.49606032e-14 -6.88208195e-22  1.17752944e-21  3.48762844e-02]
18.12088108062744,base_link,4.096584927258412,-4.955521514246247,-4.796621993306212e-23,-9.576666245970096e-24,-3.815285296330175e-24,0.9938618335809957,0.11062845814265558,[ 2.24280724e-03 -3.60561091e-04  1.43671913e-04 -4.17981273e-04
  8.01094383e-04  4.00580873e-04  3.08155868e-05  7.20180949e-04
  1.27952106e-03  7.60900866e-06 -1.45836775e-05 -7.29825860e-06
 -2.30154734e-20 -1.46219063e-19  9.99386376e-07  1.34462220e-15
 -1.74413467e-14 -2.82264129e-25 -2.77403290e-20  1.48561638e-21
  1.34462220e-15  9.98774255e-07  3.82169116e-20 -1.04511346e-24
  6.49038996e-20 -3.26570906e-21 -1.74413467e-14  3.82169717e-20
  9.98774255e-07  1.94540677e-24 -1.36178444e-18 -4.64749442e-18
 -9.14160393e-18  1.67603788e-19 -3.21236315e-19  9.99999395e-10],0.8421513431982113,0.06567798366537983,-1.7823827201991228e-21,1.9950949676797955e-27,-1.193490066705726e-27,0.05583463366686186,[ 6.23420911e-02 -2.74945050e-05 -6.48896520e-07  2.08239880e-11
 -4.21278081e-11 -2.55608208e-04  3.01203225e-04  3.60305309e-02
  8.46486975e-04  2.10697151e-12 -4.35746311e-12 -3.07998693e-05
 -1.12761261e-19  1.47017815e-16  9.99080128e-07  3.28524026e-24
 -4.26189277e-23  1.81882295e-24  1.07598103e-24  1.09052132e-25
  3.28524355e-24  9.96340631e-07  3.67556739e-28  1.23138095e-28
  4.97600837e-25  5.16987883e-26 -4.26189301e-23  3.67556690e-28
  9.96340631e-07 -7.25195171e-29 -1.19797558e-12  3.57296137e-12
  8.45612315e-14 -3.18961303e-22  6.58245349e-22  3.48761284e-02]
18.166542768478394,base_link,4.070597715768714,-4.944880126285883,1.4788935762972816e-22,-3.820924671323349e-23,-5.740337479240305e-24,0.993903017557472,0.11025784185331884,[ 1.94426130e-03 -4.08909355e-04  2.02322753e-04 -5.08369588e-04
  7.95924653e-04  3.62570127e-04  1.70743733e-05  6.37228717e-04
  1.16736212e-03  3.94402819e-06 -6.17504953e-06 -2.81720057e-06
  8.44385969e-21  3.92811529e-20  9.98940604e-07  2.15896180e-15
 -2.81832145e-14  3.66995094e-24  2.23934335e-20 -5.90606957e-22
  2.15896180e-15  9.97885681e-07  5.74311982e-20 -1.91015663e-24
 -2.63639005e-20  6.78288102e-22 -2.81832145e-14  5.74255975e-20
  9.97885681e-07  6.99366283e-24 -1.32782181e-18 -5.74365307e-18
 -1.13675307e-17  2.73704405e-19 -4.28531118e-19  9.99998948e-10],0.7933512339160761,0.060449823493267746,-2.776439557314929e-21,3.2087236618966003e-27,-9.320412651802233e-27,0.05241695815403314,[ 6.19855783e-02 -9.92245041e-05 -2.34222488e-06  3.74464451e-11
 -5.97289142e-11 -2.32810637e-04  2.59341206e-04  3.59728336e-02
  8.44605256e-04  4.50673241e-12 -7.21799604e-12 -2.99165871e-05
 -1.17314063e-19  4.22838847e-17  9.98412585e-07  5.22962579e-24
 -6.82729395e-23 -6.36174037e-24 -7.69019476e-25 -9.28962602e-26
  5.22962793e-24  9.93709989e-07  5.44615786e-28  1.79420464e-28
  9.17653492e-25  1.09859925e-25 -6.82729526e-23  5.44615936e-28
  9.93709989e-07 -5.09169577e-28 -1.13020980e-12  3.54254126e-12
  8.37822067e-14 -5.10492223e-22  8.20387468e-22  3.48719015e-02]
18.224326848983765,base_link,4.0428321952835296,-4.935289427144956,-3.432670362657993e-23,-3.210831186028514e-23,2.062342568796493e-24,0.9938584054035752,0.11065925179876641,[ 1.97293629e-03 -3.50394243e-04  1.29017606e-04 -3.94825073e-04
  7.81582788e-04  3.92521084e-04  1.93989872e-05  6.67515182e-04
  1.14737381e-03  1.30785681e-05 -2.59006774e-05 -1.30386929e-05
  1.97464556e-20  9.12678001e-20  9.98874375e-07  2.09534203e-15
 -2.76937075e-14 -8.46742893e-25 -1.28113733e-20  3.50062835e-21
  2.09534203e-15  9.97753800e-07  5.15515846e-20 -1.52328623e-25
  4.52103836e-20 -6.89537759e-21 -2.76937075e-14  5.15479583e-20
  9.97753800e-07  3.91667167e-24 -1.41863605e-18 -4.83477721e-18
 -1.01149631e-17  1.57476661e-19 -3.11864429e-19  9.99998881e-10],0.7314132930761977,0.05581374827545582,-4.791603828180596e-21,-5.544447483889165e-27,2.9504307212431006e-27,0.04731973910902572,[ 6.19934885e-02 -5.32825943e-05 -1.25838092e-06  1.91469421e-11
 -6.09220211e-11 -2.52778598e-04  2.57602427e-04  3.59859467e-02
  8.44882565e-04 -3.48006797e-13 -2.68948216e-12 -2.82955516e-05
 -1.77241644e-19  1.19370659e-16  9.98313458e-07  5.07915490e-24
 -6.71338579e-23 -5.33590565e-23  2.74649813e-25 -4.79627430e-27
  5.07912252e-24  9.93321156e-07  4.89521819e-28 -2.02801326e-28
 -1.07274986e-24 -4.76598204e-26 -6.71338014e-23  4.89521962e-28
  9.93321156e-07  1.12585540e-28 -1.05432590e-12  3.47288864e-12
  8.21260476e-14 -8.48898670e-23  5.93374715e-22  3.48704465e-02]
18.27262306213379,base_link,4.024088226492322,-4.932967749975553,2.171006126668048e-23,1.4549375571011535e-22,7.107743844733407e-23,0.9939220920286613,0.11008576191937468,[ 2.19203288e-03 -4.55863385e-04  1.82816509e-04 -5.73636841e-04
  8.72524788e-04  4.23090799e-04 -1.90920127e-05  7.14662863e-04
  1.35819240e-03 -1.20658201e-05  1.83461780e-05  8.91640726e-06
  4.20869496e-21  1.76818128e-20  9.99151897e-07  1.57319364e-15
 -1.95122967e-14  1.56935205e-24  4.06575815e-20  3.10358166e-21
  1.57319365e-15  9.98306665e-07  3.62143243e-20  9.61230809e-24
 -5.44218669e-20 -5.82996896e-21 -1.95122967e-14  3.62150841e-20
  9.98306665e-07 -1.51779911e-23 -9.10707908e-19 -4.84988608e-18
 -8.97852920e-18  3.34916011e-19 -5.09298387e-19  9.99999160e-10],0.6790941488412,0.0552507912366711,-5.5079769634051045e-21,-2.4965361872845868e-26,1.2103576746722953e-27,0.04444742737380291,[ 6.22927039e-02 -1.01098791e-04 -2.39108493e-06  4.64404702e-11
 -5.42558796e-11 -2.67155087e-04  2.58507207e-04  3.59930992e-02
  8.45422337e-04  8.47113382e-12 -1.08910505e-11 -3.93616236e-05
  1.97358677e-19 -6.94973593e-17  9.98728923e-07  3.85323389e-24
 -4.77929636e-23 -1.03407598e-22 -1.67374827e-24 -3.05345968e-25
  3.85315687e-24  9.94954090e-07  3.49806445e-28 -8.05509383e-28
  2.00979039e-24  4.03896783e-25 -4.77928837e-23  3.49807072e-28
  9.94954090e-07  4.04214378e-29 -9.98283433e-13  3.41442152e-12
  8.07758960e-14 -9.31182510e-22  1.19401168e-21  3.48715762e-02]
18.32909083366394,base_link,4.011485189822137,-4.931489808474596,1.8299174618230453e-23,1.7823644233550187e-25,-6.657649022009449e-24,0.9936411158461701,0.11259366278782243,[ 2.10923899e-03 -4.54144190e-04  1.89983073e-04 -5.63280362e-04
  8.91393092e-04  4.08520479e-04 -1.25337810e-05  6.99293392e-04
  1.30563940e-03 -2.87877982e-06  4.55490725e-06  2.09491288e-06
  1.93229391e-21  7.51741741e-21  9.99136549e-07  1.52723091e-15
 -1.80555922e-14 -5.75889740e-25  2.08052468e-20  6.33620349e-22
  1.52723091e-15  9.98276070e-07  3.19348820e-20 -5.04941538e-25
 -4.63750539e-20 -1.57164316e-21 -1.80555922e-14  3.19360805e-20
  9.98276070e-07 -7.15732425e-26 -9.87592201e-19 -4.67369454e-18
 -8.52474136e-18  2.92057272e-19 -4.62149760e-19  9.99999144e-10],0.614376389253488,0.05408578732385529,2.2745225707849267e-21,9.044032942505397e-27,1.5530696902813487e-26,0.03772147020782617,[ 6.21821175e-02 -1.11465808e-04 -2.63494183e-06  4.32435932e-11
 -6.36916314e-11 -2.59632364e-04  2.51458958e-04  3.59797478e-02
  8.45125922e-04  6.66024331e-12 -9.94576102e-12 -3.55734476e-05
  2.88414719e-19 -9.23740251e-17  9.98705938e-07  3.71425749e-24
 -4.39139984e-23 -6.21284004e-23 -2.32644547e-25 -3.55429169e-26
  3.71422947e-24  9.94863474e-07  3.04817818e-28  1.99000116e-28
  3.52844230e-24  5.50915213e-25 -4.39139404e-23  3.04817467e-28
  9.94863474e-07  3.54794691e-28 -9.33344873e-13  3.34542116e-12
  7.91398720e-14 -4.49523288e-22  6.42166684e-22  3.48691794e-02]
18.369449138641357,base_link,4.005278110932857,-4.9276661836153455,2.3636550197508745e-22,-6.685764619499147e-23,-8.55263360922442e-23,0.9938667131994018,0.11058461192326054,[ 2.12185733e-03 -4.90522175e-04  1.39892109e-04 -5.78138496e-04
  8.17411203e-04  3.67062683e-04 -3.76052167e-05  6.60712627e-04
  1.29860600e-03 -5.30340204e-06  7.49918682e-06  3.36014422e-06
 -1.87670737e-20 -8.80914265e-20  9.98808646e-07  2.07170616e-15
 -2.29809966e-14  5.06708690e-24 -1.58818678e-20  4.71492949e-22
  2.07170615e-15  9.97622952e-07  3.99460746e-20 -7.60732264e-24
  1.09055492e-20 -4.74801672e-22 -2.29809966e-14  3.99556004e-20
  9.97622952e-07  4.68916010e-24 -9.22734972e-19 -4.42056569e-18
 -8.53430654e-18  3.51498110e-19 -4.96874716e-19  9.99998815e-10],0.5704077560739532,0.05100960130242128,2.8073636831432573e-21,2.194921991003641e-26,-5.46193637151532e-26,0.03762240754172622,[ 6.22051662e-02 -1.25803053e-04 -2.97391044e-06  3.33289363e-11
 -3.76692031e-11 -2.32044695e-04  2.44071707e-04  3.59523296e-02
  8.44081350e-04  3.94995803e-12 -4.18469397e-12 -3.26193535e-05
 -2.88414719e-19  8.17488438e-17  9.98215094e-07  5.04496951e-24
 -5.59645591e-23  4.81126014e-23 -1.93870456e-25 -2.34260134e-26
  5.04504498e-24  9.92935851e-07  3.82644513e-28  5.28643907e-28
  1.13091099e-24  1.26015796e-25 -5.59646972e-23  3.82644988e-28
  9.92935851e-07 -1.30815308e-27 -8.90898466e-13  3.28978511e-12
  7.77854108e-14 -5.81143929e-22  7.14648986e-22  3.48688543e-02]
18.412790536880493,base_link,4.003109238234218,-4.925751530341457,2.136426994562976e-23,8.510671347837649e-23,6.235878895152779e-23,0.9938998944013612,0.11028599144480239,[ 2.26568548e-03 -5.01225431e-04  1.70237725e-04 -6.19589730e-04
  1.03089475e-03  4.88136298e-04 -3.49542170e-05  8.16750107e-04
  1.43085692e-03 -6.99674748e-06  1.16415516e-05  5.51531010e-06
 -3.20813729e-20 -1.60936260e-19  9.99345575e-07  1.05097057e-15
 -1.17965246e-14 -2.37058253e-24  1.14878843e-20  2.63043435e-22
  1.05097057e-15  9.98692859e-07  1.89567089e-20  5.73285423e-24
 -2.49874719e-20 -5.57519733e-22 -1.17965246e-14  1.89524844e-20
  9.98692859e-07 -6.20640323e-24 -7.52598739e-19 -3.67523398e-18
 -6.49373044e-18  2.81123606e-19 -4.67755999e-19  9.99999354e-10],0.521881347907326,0.04857993608713021,-4.572884762426558e-22,-1.1320495815364841e-26,-2.7707452780049408e-27,0.035442581907926006,[ 6.23895141e-02 -1.35318376e-04 -3.20165339e-06  3.66974320e-11
 -6.28711466e-11 -3.08154240e-04  2.42670998e-04  3.60226631e-02
  8.46447971e-04  5.47104392e-12 -9.36571473e-12 -4.37571470e-05
  1.09267250e-19 -2.88397778e-17  9.99019003e-07  2.56955247e-24
 -2.88432890e-23 -3.31342659e-23 -1.04043811e-24 -1.55096365e-25
  2.56952810e-24  9.96098895e-07  1.82425146e-28 -2.64128732e-28
  3.99373139e-24  5.94536065e-25 -2.88432691e-23  1.82425335e-28
  9.96098895e-07 -6.18291126e-29 -8.44853809e-13  3.20946048e-12
  7.59459179e-14 -3.12459249e-22  5.38688031e-22  3.48686875e-02]
18.45549702644348,base_link,4.004201390583108,-4.924881594953822,-3.0523187991520637e-23,-5.024241844253923e-23,-1.0633702618527731e-22,0.993964610365635,0.10970120027005857,[ 2.23305197e-03 -5.20660956e-04  1.13059517e-04 -6.44730135e-04
  9.41212738e-04  4.57898019e-04 -6.48500734e-05  7.52610882e-04
  1.39440747e-03 -3.45381633e-05  5.04088998e-05  2.45722094e-05
 -3.22798962e-20 -2.70203510e-19  9.99201954e-07  1.25318425e-15
 -1.30049052e-14 -1.93904483e-24 -3.03873070e-20 -6.28657266e-21
  1.25318424e-15  9.98406448e-07  2.04018180e-20 -9.76326506e-24
  6.08804931e-20  1.69141892e-20 -1.30049052e-14  2.04171188e-20
  9.98406448e-07  3.36683928e-24 -3.75670641e-19 -3.45229722e-18
 -6.35144516e-18  3.49942749e-19 -5.10771618e-19  9.99999210e-10],0.4747110487817716,0.04644322410696966,-1.5300452018479822e-21,1.853368738954137e-26,-9.869787217919805e-27,0.033774101110800425,[ 6.23523073e-02 -1.43684447e-04 -3.39913533e-06  4.23585686e-11
 -4.83417742e-11 -2.85974636e-04  2.24166550e-04  3.59840393e-02
  8.45375937e-04  1.13325038e-11 -1.50642933e-11 -4.85234771e-05
  6.44168556e-19 -1.60136661e-16  9.98803884e-07  3.06425591e-24
 -3.18003667e-23 -6.09744041e-24 -3.29579775e-25 -8.56261181e-26
  3.06426403e-24  9.95249531e-07  1.96757332e-28  4.71834483e-28
 -2.02271509e-24 -6.33310156e-25 -3.18003679e-23  1.96757097e-28
  9.95249531e-07 -2.47158975e-28 -8.05012849e-13  3.14935578e-12
  7.45073394e-14 -4.55553273e-22  5.32160343e-22  3.48680414e-02]
18.52764582633972,base_link,4.00574366834443,-4.923381166067775,-9.496390840021748e-23,-1.7384357414454815e-22,2.4377652466146768e-23,0.9940168211530096,0.1092270994985485,[ 2.03611630e-03 -4.10906343e-04  1.16795525e-04 -4.86794339e-04
  8.24981887e-04  4.11107846e-04 -2.48561737e-05  6.98358606e-04
  1.26245253e-03 -2.34308011e-06  3.97031428e-06  1.97261541e-06
 -2.93814554e-21 -1.58818678e-20  9.98987182e-07  1.49235088e-15
 -1.39609144e-14 -2.13350809e-24 -1.94288182e-20  4.88036561e-22
  1.49235088e-15  9.97978454e-07  2.05721876e-20  5.95091517e-25
  4.91279109e-20 -9.94271096e-22 -1.39609143e-14  2.05484833e-20
  9.97978454e-07  1.90559807e-23 -5.42037503e-19 -2.65363697e-18
 -5.68973185e-18  1.69533930e-19 -2.87347432e-19  9.99998995e-10],0.4047374790127763,0.04296619528840566,-2.8175959687464927e-21,1.4611056042990556e-27,-2.9104507423200396e-26,0.03070951258865744,[ 6.20681218e-02 -8.88830982e-05 -2.10029759e-06  2.85179385e-11
 -5.42461673e-11 -2.61129464e-04  2.26651784e-04  3.59635353e-02
  8.44670486e-04  3.42968919e-12 -6.67616103e-12 -3.58355856e-05
  2.11758237e-20 -8.56519716e-18  9.98482308e-07  3.62631586e-24
 -3.39249844e-23 -2.04833351e-23  6.81777771e-25  8.15871503e-26
  3.62630455e-24  9.93983815e-07  1.96119302e-28  4.20332182e-29
  2.13257502e-25  2.58493941e-26 -3.39250059e-23  1.96119779e-28
  9.93983815e-07 -9.21541219e-28 -7.35420080e-13  3.01711434e-12
  7.13542600e-14 -1.00603769e-22  2.16037766e-22  3.48644448e-02]
18.573877096176147,base_link,4.0031465222893505,-4.9211106052898534,-4.287917163850434e-23,-4.9284592836696495e-23,3.4510623293370564e-23,0.9940005615941798,0.1093749676592183,[ 2.19749203e-03 -5.26096480e-04  1.82482454e-04 -6.48199431e-04
  9.84575607e-04  4.61032246e-04 -4.86986701e-05  7.61544914e-04
  1.45855424e-03 -9.82088426e-06  1.49173226e-05  6.98485024e-06
 -4.45221693e-20 -2.16416918e-19  9.99281769e-07  9.76914097e-16
 -9.10167002e-15 -4.51405459e-24  1.09584888e-20  1.52201233e-22
  9.76914098e-16  9.98565597e-07  1.23876771e-20  3.68200239e-24
  2.60462631e-20  3.63959470e-22 -9.10167000e-15  1.23704129e-20
  9.98565597e-07  6.70448165e-24 -4.58147863e-19 -2.52643913e-18
 -4.88449119e-18  2.13087159e-19 -3.23659942e-19  9.99999290e-10],0.36934842505635906,0.04049183564077414,-1.7358105877362873e-21,8.334449601165952e-28,-2.4901575877919687e-26,0.028369791411471165,[ 6.23027272e-02 -1.58184208e-04 -3.74271577e-06  3.89282067e-11
 -5.80536565e-11 -2.91023878e-04  2.27639452e-04  3.59785557e-02
  8.45416337e-04  5.58990802e-12 -8.34269429e-12 -4.17749264e-05
  2.19381533e-19 -4.94396191e-17  9.98923426e-07  2.39290163e-24
 -2.22944772e-23 -5.14541657e-23 -1.14383569e-24 -1.63982094e-25
  2.39287458e-24  9.95721269e-07  1.19616972e-28  3.01875192e-29
  1.30539440e-24  1.87408108e-25 -2.22944805e-23  1.19617384e-28
  9.95721269e-07 -9.15933102e-28 -6.96230942e-13  2.92299518e-12
  6.91572166e-14 -2.88337211e-22  4.31937814e-22  3.48648871e-02]
18.62386155128479,base_link,4.00620158370886,-4.920131947067285,7.619033959336916e-24,3.655370758094217e-23,-1.5975412603519772e-24,0.9941997478446042,0.10754934395767093,[ 2.10685742e-03 -5.11576411e-04  1.07689106e-04 -6.50484573e-04
  9.49006099e-04  4.70310369e-04 -8.67729832e-05  7.75943394e-04
  1.28428495e-03 -3.34097964e-05  4.87387487e-05  2.41804131e-05
 -5.02925812e-21 -2.32934060e-20  9.99121279e-07  1.12756634e-15
 -9.89601118e-15  4.66625086e-24 -7.94093388e-21 -1.04555629e-21
  1.12756634e-15  9.98245636e-07  1.26991776e-20  3.30708120e-25
  1.72582963e-20  2.56756862e-21 -9.89601120e-15  1.27059481e-20
  9.98245636e-07 -5.38578924e-24 -2.72460317e-19 -2.78121841e-18
 -4.36400276e-18  2.92453436e-19 -4.26608267e-19  9.99999129e-10],0.32845417638133517,0.038023012837689406,-1.4763457806582578e-21,-5.447924714881242e-27,1.6798195355765606e-26,0.028262024519473163,[ 6.22008307e-02 -1.64465047e-04 -3.88774028e-06  4.69989352e-11
 -6.07131194e-11 -2.95814764e-04  1.80014409e-04  3.59756947e-02
  8.45201367e-04  1.02179051e-11 -1.38369800e-11 -4.93702548e-05
  6.59838666e-19 -1.43223107e-16  9.98683073e-07  2.74129747e-24
 -2.40594369e-23 -3.00667203e-23 -2.67541229e-24 -5.81611368e-25
  2.74126784e-24  9.94773421e-07  1.21129572e-28 -2.36313989e-28
  1.77068350e-24  4.05512371e-25 -2.40593786e-23  1.21129372e-28
  9.94773421e-07  7.20019932e-28 -6.54141509e-13  2.81960566e-12
  6.66923846e-14  3.10865602e-24 -4.90514286e-23  3.48618000e-02]
18.67210578918457,base_link,4.0057111128851535,-4.916230183657966,-2.1442616635576366e-22,2.4797317427522314e-23,2.739462791399984e-23,0.9941864311183165,0.10767237426668373,[ 2.35725352e-03 -5.70843338e-04  1.33925562e-04 -7.03461545e-04
  1.04278771e-03  4.91671161e-04 -8.01856695e-05  8.16725194e-04
  1.41177463e-03 -2.18319119e-05  3.23630306e-05  1.52705219e-05
  5.71747239e-21  2.68932961e-20  9.99260726e-07  8.88912728e-16
 -7.53912536e-15 -5.08777938e-24 -2.93814554e-20 -2.19368298e-21
  8.88912727e-16  9.98523634e-07  9.07330133e-21  3.84107727e-24
  4.89161527e-20  3.61974236e-21 -7.53912535e-15  9.06915559e-21
  9.98523634e-07 -2.79208715e-24 -2.86643208e-19 -1.80664786e-18
 -3.70575704e-18  2.05471302e-19 -3.04586857e-19  9.99999269e-10],0.29715992919572826,0.034215958902495514,-1.1655612310751051e-20,-9.35891290016516e-27,-4.88037787261882e-27,0.02602891823710137,[ 6.25098134e-02 -1.74224377e-04 -4.12254498e-06  4.25308840e-11
 -6.36676600e-11 -3.08320257e-04  2.18164176e-04  3.59921455e-02
  8.45775419e-04  7.61647250e-12 -1.13813423e-11 -4.69933748e-05
  7.62329653e-20 -1.52872506e-17  9.98891908e-07  2.17890486e-24
 -1.84797354e-23 -1.46386684e-22  2.06795153e-25  3.71585041e-26
  2.17880851e-24  9.95596835e-07  8.77013016e-29 -3.52852309e-28
 -1.12444865e-24 -2.00332805e-25 -1.84796242e-23  8.77016444e-29
  9.95596835e-07 -1.78453413e-28 -6.18067555e-13  2.72197542e-12
  6.43954899e-14 -2.33479662e-22  3.47731325e-22  3.48629990e-02]
18.711739778518677,base_link,4.007796145522976,-4.915932881216955,-4.1526056201777534e-24,-5.21172019301835e-23,8.643382701068212e-24,0.9942241899697208,0.107323157235764,[ 2.30894238e-03 -5.52338837e-04  1.57813114e-04 -6.57801695e-04
  9.59606710e-04  4.03456969e-04 -3.58395409e-05  7.25967140e-04
  1.32456941e-03 -7.02374085e-06  1.02463679e-05  4.31271591e-06
 -8.31151079e-21 -4.38339550e-20  9.99261189e-07  8.20399308e-16
 -6.89969880e-15  5.28303994e-25 -6.88214270e-21 -2.39882378e-22
  8.20399309e-16  9.98524555e-07  7.66244673e-21  3.28907659e-25
  3.93870320e-20  1.34995876e-21 -6.89969880e-15  7.65247525e-21
  9.98524555e-07  5.64533540e-24 -3.06400184e-19 -1.95960069e-18
 -3.33484370e-18  1.30175057e-19 -1.89902598e-19  9.99999270e-10],0.27051739082929177,0.032793477013204266,-8.85893715608454e-22,1.7751789393290685e-27,-1.490361858070673e-26,0.02481438630445722,[ 6.24250187e-02 -1.56494789e-04 -3.70276189e-06  3.66045905e-11
 -5.41019564e-11 -2.54113350e-04  2.55482271e-04  3.59535217e-02
  8.44893340e-04  5.55159466e-12 -8.19705857e-12 -3.51303063e-05
  1.94817578e-20 -4.44522891e-18  9.98892600e-07  2.00215595e-24
 -1.68390490e-23  1.90948389e-23 -1.68021062e-25 -2.66571877e-26
  2.00216882e-24  9.95599532e-07  7.35543221e-29  5.39724405e-29
 -2.30705843e-24 -3.50582408e-25 -1.68390831e-23  7.35545346e-29
  9.95599532e-07 -4.63250867e-28 -5.87326845e-13  2.64119282e-12
  6.24837256e-14 -4.12188979e-23  6.28604237e-23  3.48621391e-02]
18.772764444351196,base_link,4.008310725557018,-4.9189629180357475,-1.8557132782603294e-24,1.8315706357221544e-25,-2.5512859207391962e-23,0.9941005332566785,0.10846257317059843,[ 2.27411126e-03 -5.61013549e-04  1.91691281e-04 -6.98512630e-04
  1.05768692e-03  4.60352992e-04 -5.57158419e-05  7.79317139e-04
  1.46993799e-03 -1.63317396e-05  2.47289278e-05  1.07695072e-05
  7.94093388e-21  3.70576914e-20  9.99382811e-07  6.50714523e-16
 -5.05905503e-15  8.84866424e-26 -1.09584888e-20 -5.16160702e-22
  6.50714515e-16  9.98767142e-07  5.32390739e-21 -4.34335454e-24
 -1.27054942e-21 -6.28657266e-23 -5.05905504e-15  5.33462435e-21
  9.98767142e-07 -4.94193385e-25 -2.03331825e-19 -1.73662837e-18
 -2.99833642e-18  1.31031211e-19 -1.98397004e-19  9.99999391e-10],0.23565129523521636,0.03344802301078509,1.9818023456344202e-21,4.011344017268263e-27,-8.031249268722286e-27,0.02121788532186043,[ 6.23957467e-02 -1.78258866e-04 -4.21989576e-06  4.36776306e-11
 -6.30984665e-11 -2.89890080e-04  2.25051306e-04  3.59716415e-02
  8.45501584e-04  7.06581277e-12 -1.02954939e-11 -4.24600018e-05
 -1.00712217e-18  2.01878445e-16  9.99074786e-07  1.58798651e-24
 -1.23462996e-23 -3.20772806e-23  9.17653492e-25  1.48634016e-25
  1.58798245e-24  9.96319492e-07  5.11857550e-29  1.99039429e-28
  3.29579775e-24  5.36374928e-25 -1.23462970e-23  5.11857889e-29
  9.96319492e-07 -3.86688693e-28 -5.42938795e-13  2.51119958e-12
  5.94175623e-14  9.84967199e-24 -2.58742418e-23  3.48618612e-02]
18.8297278881073,base_link,4.0113253956119665,-4.92307264395655,-8.382087468843352e-25,-6.268346488187163e-23,-5.305560015559329e-24,0.994149459759375,0.10801320132346298,[ 2.18836366e-03 -5.32773298e-04  1.02200070e-04 -6.55905622e-04
  9.49080130e-04  4.44191450e-04 -6.77859589e-05  7.57234840e-04
  1.23530194e-03 -2.83958255e-05  4.10832653e-05  1.92624502e-05
 -7.79535009e-21 -4.98690648e-20  9.99034187e-07  1.10870023e-15
 -6.77726842e-15 -1.15657774e-24 -3.26637080e-20 -5.62482817e-21
  1.10870023e-15  9.98072094e-07  7.77228134e-21 -3.60052426e-24
  6.72332402e-20  1.41083925e-20 -6.77726840e-15  7.75261129e-21
  9.98072094e-07  1.85564751e-23 -9.21798442e-20 -1.84621729e-18
 -2.76481651e-18  1.33344461e-19 -1.92917463e-19  9.99999042e-10],0.20406210904128866,0.03450142498014932,-1.1934945825632704e-21,6.667177940732843e-27,-1.671426303196246e-26,0.01999097202622965,[ 6.22859826e-02 -1.64097175e-04 -3.88120951e-06  4.06976702e-11
 -4.91756052e-11 -2.78864528e-04  2.07043253e-04  3.59587669e-02
  8.44788012e-04  1.00036707e-11 -1.32478050e-11 -4.50914312e-05
 -2.21075599e-19  4.81385765e-17  9.98552677e-07  2.70149281e-24
 -1.65138781e-23  8.33409458e-25  1.57035069e-24  3.87740912e-25
  2.70151146e-24  9.94260393e-07  7.45255591e-29  5.69293693e-28
 -1.58327539e-24 -4.31361765e-25 -1.65139249e-23  7.45259468e-29
  9.94260393e-07 -1.44663538e-27 -5.06528142e-13  2.39638864e-12
  5.66701609e-14  1.08233189e-22 -1.77942846e-22  3.48599628e-02]
18.849183559417725,base_link,4.013541047392853,-4.923190648277751,-2.814029429765881e-23,-1.354326742942839e-22,-4.8294643380801805e-23,0.9940182737211808,0.10921387965072822,[ 2.22487850e-03 -5.86249811e-04  1.48637217e-04 -7.61646052e-04
  1.03911198e-03  4.86318801e-04 -9.44266721e-05  7.92082225e-04
  1.31327757e-03 -4.28812569e-05  5.84991624e-05  2.74077503e-05
  1.20437497e-20  4.69044495e-20  9.99144813e-07  9.76056483e-16
 -5.72688013e-15 -3.34960496e-24  1.34466480e-20  1.85288457e-21
  9.76056460e-16  9.98292543e-07  6.51738579e-21 -8.87650740e-24
  9.10560418e-21  1.34995876e-21 -5.72688008e-15  6.50756242e-21
  9.98292543e-07  1.83909398e-23 -1.51680367e-20 -1.61068133e-18
 -2.58905027e-18  1.56762333e-19 -2.13846439e-19  9.99999153e-10],0.1931292529260268,0.033791818546280744,-1.5340960892570575e-21,-3.7667194662619074e-27,-9.375291191908548e-27,0.017995134792232435,[ 6.23542821e-02 -2.02932395e-04 -4.79989441e-06  5.85533312e-11
 -7.29898975e-11 -3.04604025e-04  1.89324841e-04  3.59656811e-02
  8.45113654e-04  1.29526295e-11 -1.67531209e-11 -5.17821649e-05
  1.40607469e-19 -2.46113893e-17  9.98718314e-07  2.37820091e-24
 -1.39538421e-23 -4.37777476e-23 -1.86115638e-24 -4.10359132e-25
  2.37816443e-24  9.94912240e-07  6.25883654e-29 -1.55647600e-28
  1.39586728e-24  3.19886253e-25 -1.39538217e-23  6.25887176e-29
  9.94912240e-07 -3.83914041e-28 -4.95054789e-13  2.35504671e-12
  5.57016167e-14  1.59400724e-22 -2.30239265e-22  3.48594329e-02]
18.914255142211914,base_link,4.014247639601084,-4.922929079855051,9.035816508872446e-24,1.155102405262875e-23,2.2082279651006072e-23,0.993962631776295,0.10971912610088325,[ 2.14522221e-03 -5.65518163e-04  1.08034425e-04 -6.79133643e-04
  1.05038454e-03  4.63854647e-04 -7.22337245e-05  7.57385336e-04
  1.23643610e-03 -1.62255659e-05  2.50961091e-05  1.10905697e-05
  1.59083375e-20  7.23154379e-20  9.99011611e-07  1.04875757e-15
 -5.61846217e-15 -6.87424977e-24 -3.31401641e-20 -1.94222008e-21
  1.04875757e-15  9.98027117e-07  5.97511699e-21  5.95671496e-24
  6.93508226e-20  3.71900403e-21 -5.61846216e-15  5.96505184e-21
  9.98027117e-07 -2.32429584e-24 -8.87895153e-20 -1.28913193e-18
 -2.24526562e-18  9.00806586e-20 -1.39339097e-19  9.99999019e-10],0.1669228407964529,0.03203984554303142,-6.866644940993579e-22,-2.8876610063655253e-27,-1.014675629968422e-26,0.015594038757205834,[ 6.22374098e-02 -1.92431733e-04 -4.55585319e-06  4.02641280e-11
 -6.89590524e-11 -2.91138957e-04  1.98000111e-04  3.59530449e-02
  8.44644023e-04  6.88023288e-12 -1.15873064e-11 -4.33895303e-05
 -4.78573615e-19  8.87961579e-17  9.98518879e-07  2.54502923e-24
 -1.36344254e-23 -3.05606987e-23  1.79653289e-24  3.06153762e-25
  2.54499539e-24  9.94127485e-07  5.66980265e-29 -2.06690286e-28
 -4.26515003e-25 -6.94702468e-26 -1.36344209e-23  5.66987259e-29
  9.94127485e-07 -7.54002265e-28 -4.57603085e-13  2.22347141e-12
  5.25763842e-14  1.41865276e-22 -2.12095690e-22  3.48615779e-02]
18.971024990081787,base_link,4.017510943500791,-4.923707551200138,-2.2653649215151687e-23,7.603210401914323e-24,-6.357455266972914e-24,0.9940622918014606,0.10881249936669876,[ 2.34206469e-03 -5.90458214e-04  1.03102868e-04 -7.46555800e-04
  1.04509389e-03  5.12440963e-04 -1.08745611e-04  8.49995005e-04
  1.42064870e-03 -4.61289807e-05  6.45783092e-05  3.16873729e-05
 -1.77479872e-20 -1.19643404e-19  9.99377707e-07  6.60839357e-16
 -3.12243830e-15 -8.74137713e-25 -5.83923338e-20 -8.79458427e-21
  6.60839353e-16  9.98756959e-07  3.31348733e-21 -1.16500682e-24
  4.55280209e-20  6.33951221e-21 -3.12243830e-15  3.31831849e-21
  9.98756959e-07 -1.68881840e-24  1.15516807e-20 -1.05652109e-18
 -1.79987957e-18  8.74032147e-20 -1.22364861e-19  9.99999386e-10],0.14397730780514267,0.030845724315572403,-1.2733101223575728e-21,4.3197062245409326e-27,4.83000967550857e-28,0.015308520424685182,[ 6.25094455e-02 -1.91642903e-04 -4.53718133e-06  4.35042259e-11
 -6.55851490e-11 -3.19631249e-04  1.90250576e-04  3.59899998e-02
  8.46025988e-04  1.00839422e-11 -1.47362718e-11 -5.59247684e-05
 -3.19331421e-19  5.95226993e-17  9.99067140e-07  1.60934607e-24
 -7.60419712e-24 -5.42329251e-24 -1.20845918e-24 -2.79496574e-25
  1.60935944e-24  9.96289231e-07  3.17036508e-29  2.64867968e-28
  2.32644547e-24  5.23450231e-25 -7.60419105e-24  3.17034933e-29
  9.96289231e-07  2.57114332e-29 -4.26599511e-13  2.10277629e-12
  4.97476216e-14  2.21119541e-22 -3.08304332e-22  3.48607878e-02]
19.00966191291809,base_link,4.023169435953812,-4.923393405164292,1.626663065183799e-23,-1.466526536617897e-22,-1.0474738298841548e-23,0.9941231775613635,0.10825482823088223,[ 2.26770331e-03 -5.19043253e-04  7.88992850e-05 -6.00804788e-04
  8.66787269e-04  4.12215969e-04 -6.14779315e-05  7.34321569e-04
  1.30982918e-03 -1.47267639e-05  2.12460575e-05  1.01178511e-05
 -4.89690923e-21 -5.23042845e-20  9.99161280e-07  8.28259206e-16
 -3.70151786e-15  1.72755882e-24 -3.10490515e-20 -3.60981619e-21
  8.28259204e-16  9.98325365e-07  3.64705678e-21 -3.95769315e-24
  4.72750264e-20  5.75717706e-21 -3.70151784e-15  3.62354829e-21
  9.98325365e-07  2.18707193e-23  2.99573799e-21 -9.17406217e-19
 -1.66332054e-18  3.61193045e-20 -5.21079693e-20  9.99999169e-10],0.12638048324188964,0.028985579804889187,7.589313294552922e-23,6.600555056745906e-27,-2.1030622233323888e-26,0.01500727867894465,[ 6.23740150e-02 -1.34251080e-04 -3.17674729e-06  2.52487249e-11
 -3.47887037e-11 -2.59216672e-04  2.29037367e-04  3.59451771e-02
  8.44717814e-04  5.07809472e-12 -7.10783139e-12 -3.87153856e-05
  3.35001531e-19 -8.91214186e-17  9.98742972e-07  2.02069884e-24
 -9.03073817e-24  4.94992548e-23  2.08733858e-24  4.20860448e-25
  2.02073961e-24  9.95009406e-07  3.50825137e-29  2.84147413e-28
 -1.40879198e-24 -2.89997891e-25 -9.03081496e-24  3.50828057e-29
  9.95009406e-07 -9.18676926e-28 -4.05568022e-13  2.02500516e-12
  4.78905569e-14  9.44162635e-23 -1.35912617e-22  3.48596595e-02]
19.052711009979248,base_link,4.025903494407605,-4.923772401441114,1.24341751519472e-23,-4.7627535982775605e-23,2.1796962498018824e-23,0.9940891567133381,0.10856679282803001,[ 2.18432015e-03 -4.48922217e-04  1.64429782e-04 -5.31766201e-04
  9.66990682e-04  4.59860123e-04 -5.51119228e-06  7.32570305e-04
  1.27727129e-03  8.20930674e-06 -1.49333804e-05 -7.11951828e-06
  1.46907277e-20  5.71747239e-20  9.99077725e-07  8.62385652e-16
 -3.58528606e-15 -6.97538035e-24  2.17052193e-21 -2.24993127e-22
  8.62385650e-16  9.98158844e-07  3.36104385e-21  4.08014675e-24
  6.16216469e-20 -4.55280209e-21 -3.58528603e-15  3.33837116e-21
  9.98158844e-07  1.22265573e-23 -5.27014863e-20 -1.00250723e-18
 -1.53077691e-18 -5.42800721e-21  9.87093590e-21  9.99999086e-10],0.11202928829162231,0.027994813051212084,-5.2975193364675245e-22,4.889381669642808e-27,-1.530374027420299e-26,0.013661578182622808,[ 6.22331902e-02 -9.99947079e-05 -2.36562368e-06  3.14481977e-11
 -7.38833775e-11 -2.92360496e-04  2.52529979e-04  3.59547138e-02
  8.44848668e-04  2.24896494e-12 -6.51533039e-12 -3.58910694e-05
 -1.12655382e-19  4.04407410e-17  9.98617861e-07  2.10759326e-24
 -8.76207199e-24 -6.60620205e-23  7.56094779e-25  5.33143754e-26
  2.10756811e-24  9.94516803e-07  3.22795760e-29  3.51818684e-28
  1.86115638e-24  1.63174301e-25 -8.76204367e-24  3.22798176e-29
  9.94516803e-07 -1.09559757e-27 -3.84112176e-13  1.94209232e-12
  4.59220961e-14 -2.46893069e-23  2.70614515e-23  3.48597821e-02]
19.122331619262695,base_link,4.026711609667196,-4.92485423515271,-6.623325789914468e-24,1.661353182257407e-24,1.1888175819744858e-23,0.9941456893652025,0.10804789825159139,[ 2.18606677e-03 -5.63927169e-04  1.36718191e-04 -6.98864937e-04
  9.70416813e-04  4.35759137e-04 -7.51739717e-05  7.13522139e-04
  1.23310094e-03 -2.43655388e-05  3.38324055e-05  1.52080014e-05
  1.71524172e-20  6.97743390e-20  9.98955311e-07  9.47922479e-16
 -3.38113631e-15 -1.06537759e-23  1.95876369e-21  1.78671012e-22
  9.47922480e-16  9.97914973e-07  3.08754285e-21  8.81107744e-24
  3.07049443e-21  2.91167576e-22 -3.38113628e-15  3.06847697e-21
  9.97914973e-07 -3.19898186e-25  9.27662636e-20 -8.30410081e-19
 -1.33290028e-18  2.58154042e-20 -3.58439168e-20  9.99998963e-10],0.09518169974346952,0.02729025403608156,-9.03182585571837e-22,-9.637822018458981e-28,-1.720381757886293e-27,0.012823956365675461,[ 6.22859861e-02 -1.79486349e-04 -4.25047193e-06  4.84641681e-11
 -6.44800379e-11 -2.72891595e-04  2.06169672e-04  3.59323025e-02
  8.44112664e-04  9.32201891e-12 -1.25530129e-11 -4.25392894e-05
 -6.75085259e-19  1.34115809e-16  9.98434600e-07  2.30347232e-24
 -8.21621002e-24 -3.35947524e-23 -4.52364397e-26 -8.07793567e-27
  2.30343217e-24  9.93796459e-07  2.92522621e-29 -2.12715130e-28
  0.00000000e+00  1.61558713e-27 -8.21618574e-24  2.92527797e-29
  9.93796459e-07 -3.75990833e-28 -3.56076388e-13  1.81325094e-12
  4.28633897e-14  1.95798683e-22 -2.68936350e-22  3.48635909e-02]
19.17063546180725,base_link,4.027057873951778,-4.923375188667317,-1.6173774901326825e-22,-2.590771226872039e-23,-1.0703440793840098e-23,0.9941025244421378,0.10844432164834172,[ 2.05346856e-03 -5.02536439e-04  1.82517416e-04 -6.35259902e-04
  9.80778828e-04  4.46688798e-04 -4.23105903e-05  7.52776192e-04
  1.27322777e-03 -8.09388640e-06  1.24961570e-05  5.69135952e-06
 -5.39983504e-21 -1.94817578e-20  9.99083854e-07  8.05769284e-16
 -2.66492055e-15 -6.29844327e-24 -5.77041195e-21 -7.11375327e-23
  8.05769262e-16  9.98171055e-07  2.32695124e-21 -7.71583326e-24
  6.45862622e-20  8.35452419e-22 -2.66492051e-15  2.32390620e-21
  9.98171055e-07  1.40565742e-23  6.52573900e-20 -7.25788639e-19
 -1.12944610e-18 -4.26076839e-21  6.57873801e-21  9.99999092e-10],0.08577547382341195,0.025341559771495936,-1.7823684687197776e-21,-1.3147930310708675e-27,-4.190334298026851e-27,0.011488455145793972,[ 6.21197043e-02 -1.63785182e-04 -3.87377831e-06  4.71163940e-11
 -6.76958646e-11 -2.83630250e-04  2.03431584e-04  3.59530449e-02
  8.44809997e-04  6.70654274e-12 -9.63939952e-12 -4.01335421e-05
  5.68359108e-19 -1.23924308e-16  9.98627037e-07  1.96236022e-24
 -6.49012671e-24 -1.18693968e-23 -5.75149020e-25 -8.15871503e-26
  1.96234312e-24  9.94552866e-07  2.24284455e-29 -2.18768379e-28
 -1.77068350e-24 -2.52031593e-25 -6.49014248e-24  2.24290530e-29
  9.94552866e-07 -6.97603600e-28 -3.34383888e-13  1.72219877e-12
  4.07175295e-14  8.20747552e-23 -1.18097157e-22  3.48605256e-02]
19.211503505706787,base_link,4.027560821994552,-4.922186552771384,-1.660995415830435e-22,-6.617952005472432e-24,-1.270242489238248e-23,0.9942061627213945,0.10749002747604092,[ 2.18579931e-03 -5.07071135e-04  1.14174910e-04 -6.23907949e-04
  1.08081563e-03  5.35336390e-04 -6.18808563e-05  8.41626024e-04
  1.35689185e-03 -1.49187721e-05  2.58456739e-05  1.28051231e-05
 -7.18654516e-21 -5.53747789e-20  9.99354960e-07  5.38938750e-16
 -1.72136196e-15 -5.74715911e-24 -3.66341750e-20 -1.53359286e-21
  5.38938732e-16  9.98711579e-07  1.42489134e-21 -6.61039810e-24
  1.20172799e-19  4.24839963e-21 -1.72136195e-15  1.43539444e-21
  9.98711579e-07  2.42958267e-24  7.75095893e-20 -6.70757088e-19
 -9.25639526e-19 -2.36883996e-21  4.10036102e-21  9.99999364e-10],0.07829421762478303,0.02375329275864704,-4.6634451593568294e-21,2.035211849248482e-27,3.0164219336631078e-27,0.011855546308450864,[ 6.22926235e-02 -1.58644281e-04 -3.75407717e-06  3.17183219e-11
 -7.08310238e-11 -3.38431030e-04  1.95384026e-04  3.59909534e-02
  8.46093039e-04  5.02628550e-12 -1.09824898e-11 -5.01954635e-05
 -1.01262789e-18  2.28332978e-16  9.99033062e-07  1.31486299e-24
 -4.19964006e-24 -6.54389403e-23 -1.64143653e-24 -2.60109529e-25
  1.31484912e-24  9.96154466e-07  1.37958176e-29  2.89123084e-28
 -5.22157762e-24 -8.06177980e-25 -4.19957407e-24  1.37954966e-29
  9.96154466e-07  4.15162641e-28 -3.17867613e-13  1.64843833e-12
  3.89883921e-14  7.90415526e-23 -1.64160673e-22  3.48605361e-02]
19.24959897994995,base_link,4.026950600813518,-4.920886192881347,-9.652663250211222e-23,-2.6698492277948284e-23,7.047104463789663e-24,0.9941371194695978,0.10812672053054555,[ 2.02454255e-03 -4.86301460e-04  1.25491007e-04 -5.98993495e-04
  1.01558233e-03  4.87984475e-04 -5.50729383e-05  7.59576913e-04
  1.30836908e-03 -1.44438128e-05  2.44901569e-05  1.17810105e-05
 -8.02034322e-21 -4.48927462e-20  9.99142696e-07  6.52928630e-16
 -2.13215675e-15 -8.83118607e-24 -5.06102186e-20 -3.83811804e-21
  6.52928622e-16  9.98288323e-07  1.62870644e-21  2.32798814e-24
  2.32934060e-21  1.58818678e-22 -2.13215671e-15  1.60524190e-21
  9.98288323e-07  1.52035839e-23  9.14206475e-20 -6.34003308e-19
 -9.49559291e-19 -6.10679360e-22  1.03497071e-21  9.99999151e-10],0.0730361626090973,0.022347611362474575,5.754962417199632e-22,1.4315611445175674e-27,-1.4866771170998237e-26,0.010440514569578747,[ 6.20800345e-02 -1.57483853e-04 -3.72571871e-06  3.77204094e-11
 -6.79827154e-11 -3.08760028e-04  1.86149962e-04  3.59501839e-02
  8.44893704e-04  6.76644843e-12 -1.20072670e-11 -4.57053476e-05
  3.36272080e-19 -7.63278329e-17  9.98715144e-07  1.59239617e-24
 -5.20008225e-24  5.55395185e-23  1.12444865e-24  2.01948392e-25
  1.59243360e-24  9.94899763e-07  1.55765045e-29  2.26072702e-28
  2.58493941e-25  4.36208526e-26 -5.20021634e-24  1.55775153e-29
  9.94899763e-07 -2.41286649e-27 -3.03211341e-13  1.58230373e-12
  3.74113002e-14  1.11869663e-22 -1.95608166e-22  3.48593130e-02]
19.329317808151245,base_link,4.024258686887404,-4.913981443258656,9.998220396777993e-23,-1.0720605934786834e-23,6.805592846529685e-25,0.9943860905553283,0.10581258389289219,[ 2.04136108e-03 -4.01189567e-04  1.40501889e-04 -4.99065818e-04
  9.04959222e-04  4.45748805e-04 -2.16350873e-05  7.33510766e-04
  1.30649143e-03 -7.90367239e-06  1.43315227e-05  7.07397891e-06
 -4.49986253e-21 -2.62580214e-20  9.99194903e-07  4.78219207e-16
 -1.83265779e-15  5.66946018e-24  1.29701920e-20  8.96663784e-22
  4.78219213e-16  9.98392391e-07  1.08818245e-21 -1.98234361e-25
  5.25160427e-20  3.69253425e-21 -1.83265780e-15  1.08334824e-21
  9.98392391e-07  4.68375359e-24  1.47650705e-20 -5.30383685e-19
 -8.86755201e-19 -1.39575828e-21  2.53084159e-21  9.99999203e-10],0.0655796622220103,0.01695737889768429,-1.1696676368394925e-21,-9.894260524141606e-28,-2.3031744599536087e-27,0.011791071477014307,[ 6.20690844e-02 -9.03662294e-05 -2.13779989e-06  3.46896735e-11
 -6.20648915e-11 -2.83027760e-04  2.13016756e-04  3.59480381e-02
  8.44956836e-04  5.96933661e-12 -1.07225519e-11 -4.00049582e-05
  5.39559987e-19 -2.13262567e-16  9.98793324e-07  1.16294684e-24
 -4.45672917e-24 -8.40985678e-24 -6.72084248e-25 -1.15514480e-25
  1.16294105e-24  9.95207843e-07  1.03866780e-29 -1.22904790e-28
  2.36521956e-24  4.08743545e-25 -4.45672818e-24  1.03868830e-29
  9.95207843e-07 -2.88535813e-28 -2.73624642e-13  1.45348317e-12
  3.43661899e-14  7.30379577e-23 -1.31477716e-22  3.48583718e-02]
19.36903166770935,base_link,4.025262046819147,-4.915674304032774,2.153965845472785e-23,2.6444818797155523e-24,1.8910539348239294e-23,0.9942037305649274,0.10751252080935149,[ 2.21535419e-03 -5.51654648e-04  1.89868188e-04 -7.18759290e-04
  9.88026224e-04  4.54941531e-04 -7.24725069e-05  7.70118786e-04
  1.38554571e-03 -3.32491079e-05  4.57025210e-05  2.10637891e-05
 -1.81317990e-20 -7.96210970e-20  9.99287066e-07  4.23355163e-16
 -1.44597711e-15  4.10299947e-24  1.21760986e-20  1.31687154e-21
  4.23355181e-16  9.98576161e-07  8.74568555e-22  7.33678519e-24
 -6.96684599e-20 -8.20563168e-21 -1.44597712e-15  8.59034369e-22
  9.98576161e-07 -2.40701095e-25  7.37193443e-20 -5.35931973e-19
 -7.64767355e-19  8.04470117e-21 -1.10569858e-20  9.99999296e-10],0.05868330700212857,0.01748522013485706,-1.2707568725392648e-21,-7.157826488615334e-28,-2.5735406710070624e-27,0.009137213269787135,[ 6.23381475e-02 -1.80556439e-04 -4.27372886e-06  5.24623404e-11
 -6.68486222e-11 -2.86701692e-04  2.00651586e-04  3.59466076e-02
  8.45065582e-04  1.04541402e-11 -1.37072480e-11 -4.60186520e-05
  4.96361307e-19 -9.82287168e-17  9.98931360e-07  1.03302687e-24
 -3.52831286e-24 -3.12854031e-23  1.22138387e-24  2.43953657e-25
  1.03300637e-24  9.95752572e-07  8.24003022e-30 -7.97212029e-29
 -3.61891518e-25 -7.59325953e-26 -3.52830387e-24  8.24021906e-30
  9.95752572e-07 -2.79041553e-28 -2.60234488e-13  1.39194212e-12
  3.29147596e-14  1.69537304e-22 -2.27814915e-22  3.48578488e-02]
19.40907883644104,base_link,4.026926443867607,-4.918922709194148,2.910886776952775e-23,2.5569148433815985e-23,2.5857020797094652e-23,0.9941620954379792,0.10789683959396751,[ 2.28962228e-03 -5.84976766e-04  1.77219752e-04 -7.42038605e-04
  1.06563617e-03  4.87321188e-04 -5.94529847e-05  8.01959221e-04
  1.25526640e-03 -1.58109747e-05  2.27061904e-05  1.03901946e-05
 -1.49554255e-20 -4.70103286e-20  9.99094491e-07  5.54239908e-16
 -1.65266703e-15 -2.56309566e-24 -3.59989003e-21 -1.58818678e-22
  5.54239918e-16  9.98192253e-07  1.03071762e-21  8.77595817e-24
 -4.26692847e-20 -1.77678396e-21 -1.65266704e-15  1.02213390e-21
  9.98192253e-07 -6.95627326e-24  7.80415957e-20 -4.18170095e-19
 -6.79688636e-19 -5.23999224e-21  7.52508259e-21  9.99999102e-10],0.051183898876192534,0.018959626771724112,-2.216647298619369e-21,-3.1097524239243004e-27,5.462472024435127e-27,0.008101165136005364,[ 6.24252643e-02 -1.96686946e-04 -4.65458913e-06  5.38808530e-11
 -7.89148668e-11 -3.08086958e-04  2.17929482e-04  3.59590054e-02
  8.45156063e-04  8.50230619e-12 -1.24218257e-11 -4.45663329e-05
  8.04681300e-20 -1.47451495e-17  9.98642964e-07  1.35295273e-24
 -4.03437112e-24  3.44067932e-23 -2.97268033e-25 -4.68520269e-26
  1.35296509e-24  9.94615572e-07  9.71977624e-30 -2.79416521e-28
 -1.15029804e-24 -1.82561346e-25 -4.03438551e-24  9.71972239e-30
  9.94615572e-07  4.89291914e-28 -2.46694212e-13  1.33369010e-12
  3.15274974e-14  1.19913487e-22 -1.74316579e-22  3.48571781e-02]
19.47707200050354,base_link,4.025758709647819,-4.920484917186776,-4.375855881260437e-23,3.731105810020924e-24,-7.249757103776585e-24,0.9941636904362045,0.10788214225842287,[ 2.26850342e-03 -5.20143793e-04  1.36950648e-04 -6.25661212e-04
  9.68200966e-04  4.53014836e-04 -5.34613173e-05  7.54371868e-04
  1.37973890e-03 -1.03796017e-05  1.60621801e-05  7.51850607e-06
  4.20869496e-20  1.80100380e-19  9.99122301e-07  5.46148251e-16
 -1.38036553e-15  1.59165781e-24  3.48871695e-20  1.00750599e-21
  5.46148243e-16  9.98247674e-07  8.48416759e-22 -4.93037551e-24
 -3.56812629e-20 -1.04886502e-21 -1.38036554e-15  8.63336853e-22
  9.98247674e-07 -3.19359349e-24  7.28823926e-20 -3.69794246e-19
 -6.27189511e-19 -1.32646620e-20  2.05265327e-20  9.99999130e-10],0.04493890897169615,0.019313372619265315,-1.68943768624471e-22,-1.0391272347755183e-27,1.9910009891718884e-27,0.007247006047259827,[ 6.23645842e-02 -1.41406432e-04 -3.34791711e-06  3.93970538e-11
 -5.92475610e-11 -2.85047667e-04  2.24061310e-04  3.59442234e-02
  8.44843486e-04  5.93701762e-12 -8.94934749e-12 -4.05521365e-05
  2.35898676e-19 -5.95226993e-17  9.98684604e-07  1.33467326e-24
 -3.37332417e-24 -1.63694507e-23 -8.59492355e-25 -1.29246971e-25
  1.33465156e-24  9.94779508e-07  8.26844770e-30 -2.20363960e-28
 -3.74816215e-25 -5.65455497e-26 -3.37328753e-24  8.26840877e-30
  9.94779508e-07  4.12502464e-28 -2.26352655e-13  1.23839133e-12
  2.92732146e-14  9.15823629e-23 -1.38776429e-22  3.48582517e-02]
19.525882482528687,base_link,4.025754747028124,-4.92082072732862,-3.918670894497177e-23,7.871364222963296e-24,2.108158725783359e-24,0.9941056388477254,0.10841576827729363,[ 2.03480460e-03 -4.21175188e-04  1.43322794e-04 -5.20686677e-04
  8.43658129e-04  4.27105582e-04 -3.28663700e-05  7.06928520e-04
  1.29506267e-03 -7.66796728e-06  1.24239861e-05  6.29949468e-06
 -2.09111259e-20 -1.01008679e-19  9.99041882e-07  5.82402756e-16
 -1.32236956e-15  2.49299871e-24  1.09584888e-20  5.39321759e-22
  5.82402762e-16  9.98087423e-07  8.07434001e-22  1.83278041e-24
  6.03510975e-21  3.07711188e-22 -1.32236957e-15  8.09673520e-22
  9.98087423e-07 -4.80995589e-24  9.93463561e-20 -3.72897182e-19
 -5.89464153e-19 -1.91178538e-20  3.09754924e-20  9.99999050e-10],0.04035302104933731,0.018916314538525155,-1.2470153264860984e-23,9.13931886466364e-28,-1.0754128253043845e-27,0.006087986327495046,[ 6.20563863e-02 -1.00130681e-04 -2.36838176e-06  3.82851807e-11
 -6.05048093e-11 -2.71510861e-04  2.07864679e-04  3.59263420e-02
  8.44380140e-04  6.18988252e-12 -9.82986538e-12 -3.83507795e-05
  2.76556257e-19 -9.84455573e-17  9.98564196e-07  1.41310988e-24
 -3.20852486e-24 -2.43508613e-23 -5.36374928e-25 -8.64339117e-26
  1.41310160e-24  9.94305628e-07  7.64218798e-30  1.74302363e-28
 -1.53803895e-24 -2.48800419e-25 -3.20850884e-24  7.64214731e-30
  9.94305628e-07 -1.99559609e-28 -2.12494234e-13  1.17184734e-12
  2.76959328e-14  8.71631948e-23 -1.38708907e-22  3.48553520e-02]
19.570308208465576,base_link,4.026740215504114,-4.922750759243579,1.165801645024588e-22,9.022781263767454e-24,-6.655347784896665e-24,0.9939803579761493,0.10955842257720862,[ 2.13900463e-03 -4.64665784e-04  1.71230510e-04 -5.73409785e-04
  9.23596334e-04  4.37985360e-04 -2.96795270e-05  7.28918822e-04
  1.36946946e-03 -6.38658430e-06  1.02868904e-05  4.88275778e-06
  7.01449159e-21  3.11284608e-20  9.99233486e-07  4.82665796e-16
 -9.58221821e-16 -7.34399093e-24 -3.90693947e-20 -1.10842202e-21
  4.82665783e-16  9.98469316e-07  5.99116714e-22 -2.02631001e-24
  6.04569766e-20  1.73046184e-21 -9.58221810e-16  6.07949252e-22
  9.98469316e-07 -3.49266978e-24  1.11146191e-19 -2.54166132e-19
 -4.78418553e-19 -2.49820125e-20  4.02385269e-20  9.99999242e-10],0.035074095875898055,0.01950433086337671,2.4476794852798635e-22,-1.9547958095847825e-28,7.733701958026432e-27,0.004339791680047944,[ 6.21965545e-02 -1.18833501e-04 -2.81287954e-06  3.88778542e-11
 -6.22479175e-11 -2.77894549e-04  2.25798227e-04  3.59330177e-02
  8.44799871e-04  5.82155702e-12 -9.32749748e-12 -3.86777321e-05
  1.06302635e-19 -3.17671237e-17  9.98851108e-07  1.18127371e-24
 -2.34514607e-24 -3.24228395e-23  2.26182199e-25  3.31195362e-26
  1.18125710e-24  9.95435809e-07  5.82196276e-30 -2.04013188e-29
 -4.08420427e-24 -6.10691937e-25 -2.34508927e-24  5.82160682e-30
  9.95435809e-07  8.08438538e-28 -2.00580085e-13  1.11451126e-12
  2.63473527e-14  9.77622453e-23 -1.56877421e-22  3.48557797e-02]
19.626293182373047,base_link,4.028346844048903,-4.924140588045814,-1.1078344640923621e-22,2.285078410361291e-23,1.0061441975924528e-23,0.9939170109363643,0.11013162747968064,[ 2.00059763e-03 -4.40877526e-04  1.70981387e-04 -5.70937898e-04
  9.62791253e-04  4.40607417e-04 -2.59935650e-05  7.01852783e-04
  1.22620114e-03 -1.66199026e-05  2.80267297e-05  1.28538277e-05
 -2.64168400e-20 -9.93146131e-20  9.99005041e-07  6.63048920e-16
 -1.03819730e-15 -7.27683120e-24 -3.81164826e-21 -4.03664139e-22
  6.63048913e-16  9.98014029e-07  6.99224639e-22  3.37353373e-24
  1.67289007e-20  1.74700545e-21 -1.03819729e-15  6.99396987e-22
  9.98014029e-07 -5.82216761e-24  1.13060545e-19 -2.97438542e-19
 -4.23876657e-19 -3.48968831e-20  5.88478326e-20  9.99999013e-10],0.029006819425230885,0.01943986707905327,-3.872352157064457e-22,-4.6206647707949746e-27,-9.55783291327457e-27,0.0033156009715476255,[ 6.20202578e-02 -1.17785763e-04 -2.78597851e-06  5.23907050e-11
 -8.84000614e-11 -2.79375067e-04  2.11423263e-04  3.59187126e-02
  8.44213966e-04  1.04428455e-11 -1.76160373e-11 -4.25200867e-05
 -2.03287907e-20  6.17995238e-18  9.98509043e-07  1.61364304e-24
 -2.52663150e-24  1.74670118e-23  6.46234854e-27  0.00000000e+00
  1.61364262e-24  9.94088873e-07  6.61337388e-30 -3.63526416e-28
 -6.46234854e-26 -9.69352280e-27 -2.52666550e-24  6.61413761e-30
  9.94088873e-07 -7.51273497e-28 -1.88066739e-13  1.04567743e-12
  2.47101324e-14  1.89751148e-22 -3.20076133e-22  3.48541214e-02]
19.669238090515137,base_link,4.026358665884713,-4.922859736062775,-2.903050910934586e-23,-2.4280131121689423e-24,1.8961100282944462e-24,0.9940624419994787,0.1088111272160755,[ 2.08738295e-03 -5.01189827e-04  1.35542510e-04 -6.32712231e-04
  9.83082300e-04  4.61039834e-04 -6.93918391e-05  7.34470756e-04
  1.32786378e-03 -2.63113373e-05  4.08783614e-05  1.91957699e-05
 -3.47283508e-20 -1.70994776e-19  9.99170119e-07  5.22245721e-16
 -8.01226144e-16 -1.62375871e-24  4.12399166e-20  4.86382200e-21
  5.22245722e-16  9.98342986e-07  5.08982053e-22  2.23963881e-24
 -5.83393942e-20 -7.64976630e-21 -8.01226135e-16  4.99254991e-22
  9.98342986e-07  3.61939904e-24  1.39750975e-19 -2.47469886e-19
 -3.73496157e-19 -2.92214229e-20  4.53989889e-20  9.99999178e-10],0.028877298335602847,0.01830191012405188,4.237152219025838e-22,-1.9220077758533225e-27,-1.2196189780256285e-27,0.004565757887215762,[ 6.21554275e-02 -1.50672160e-04 -3.56641320e-06  4.65829106e-11
 -6.58652248e-11 -2.90732038e-04  1.91009603e-04  3.59239578e-02
  8.44568177e-04  9.69272383e-12 -1.42261824e-11 -4.67159044e-05
  8.38562618e-20 -1.99493200e-17  9.98756209e-07  1.27699453e-24
 -1.95915691e-24  4.43068208e-23 -6.26847808e-25 -1.30862558e-25
  1.27698802e-24  9.95061592e-07  4.85781835e-30 -7.71757197e-28
  1.78360820e-24  3.84509738e-25 -1.95921474e-24  4.85870462e-30
  9.95061592e-07 -4.90530730e-28 -1.79484059e-13  9.95280247e-13
  2.35239085e-14  1.82317054e-22 -2.71434251e-22  3.48542692e-02]
19.72932457923889,base_link,4.026252980162858,-4.919628872583304,1.1411686471218498e-22,1.136373661436072e-23,2.570806268682905e-23,0.9941697893492768,0.10782592427247985,[ 2.10171009e-03 -4.95068523e-04  1.43710666e-04 -5.95963928e-04
  9.01360662e-04  3.93369263e-04 -4.91572882e-05  7.06473191e-04
  1.31649100e-03 -8.05492769e-06  1.21825957e-05  5.31493972e-06
  1.79465106e-20  8.55503277e-20  9.99185395e-07  4.79583062e-16
 -7.10631395e-16  1.24410714e-24 -2.04876094e-20 -9.86412880e-23
  4.79583083e-16  9.98373434e-07  4.35818965e-22  7.62692535e-24
  2.98579114e-20  1.44343017e-22 -7.10631404e-16  4.21666968e-22
  9.98373434e-07 -2.17840056e-24  1.20399744e-19 -2.07577847e-19
 -3.42312290e-19 -3.06938949e-20  4.64228809e-20  9.99999194e-10],0.026288635413272178,0.015372174409083419,9.740419744529728e-21,6.54334858098725e-28,-7.277121768055604e-29,0.00528370519260318,[ 6.21652271e-02 -1.38975680e-04 -3.29104642e-06  3.50824933e-11
 -5.32696464e-11 -2.49331472e-04  2.12962739e-04  3.59156132e-02
  8.44389140e-04  4.74911447e-12 -7.21407470e-12 -3.53666557e-05
  7.35648115e-19 -1.88976439e-16  9.98779084e-07  1.16198054e-24
 -1.72178618e-24  6.86077315e-23  1.49280251e-24  2.01140598e-25
  1.16202936e-24  9.95151666e-07  3.96636491e-30  6.21055788e-29
  1.24723327e-24  1.68021062e-25 -1.72185569e-24  3.96632279e-30
  9.95151666e-07 -2.09426865e-29 -1.67186211e-13  9.28486454e-13
  2.19433633e-14  4.83743803e-23 -7.36995328e-23  3.48549046e-02]
19.771210193634033,base_link,4.02352139166293,-4.919315258156302,-9.53447111351312e-25,8.036970407401628e-24,-7.4416463041047995e-25,0.9941408699872015,0.10809223201086193,[ 2.22895953e-03 -5.22442615e-04  1.53559722e-04 -6.36700030e-04
  9.53577406e-04  4.48981094e-04 -4.85570345e-05  7.59563525e-04
  1.40808385e-03 -1.32484242e-05  1.98427172e-05  9.35006832e-06
 -1.56701095e-20 -1.00691042e-19  9.99327155e-07  3.43235085e-16
 -5.95538315e-16  1.66685653e-25 -1.23349173e-20 -6.88214270e-22
  3.43235085e-16  9.98656117e-07  3.03312218e-22 -2.29879291e-25
  5.43159877e-20  2.80910536e-21 -5.95538291e-16  2.82619727e-22
  9.98656117e-07  1.49556332e-23  8.39795892e-20 -2.21219386e-19
 -3.29366886e-19 -2.25987101e-20  3.38476349e-20  9.99999336e-10],0.027013951200723037,0.015120671002711786,-1.296321783787539e-22,6.0845478816419935e-28,-3.4771286728742702e-28,0.0046627520421001255,[ 6.23299400e-02 -1.47757120e-04 -3.49969932e-06  3.53140316e-11
 -5.67210920e-11 -2.83974945e-04  2.24926509e-04  3.59387398e-02
  8.45146637e-04  5.91021148e-12 -9.36469797e-12 -4.15258823e-05
  1.27478459e-19 -3.08997619e-17  9.98991410e-07  8.38512287e-25
 -1.45488763e-24  4.06276083e-23 -1.68021062e-24 -2.81112161e-25
  8.38516774e-25  9.95989821e-07  2.92117264e-30 -3.20267783e-28
  9.04728795e-25  1.48634016e-25 -1.45490702e-24  2.92129647e-30
  9.95989821e-07  1.89869556e-28 -1.58698101e-13  8.84892853e-13
  2.09164954e-14  7.43550720e-23 -1.18541785e-22  3.48550715e-02]
19.828901767730713,base_link,4.024723304938798,-4.920072127576523,-5.4582558990183654e-24,1.3270835016484228e-24,1.1608363033801061e-26,0.9941814465202758,0.10771838930680307,[ 2.20334716e-03 -5.05704619e-04  1.42625046e-04 -6.08082822e-04
  8.84829393e-04  4.19126593e-04 -4.61991049e-05  7.48633611e-04
  1.35716125e-03 -7.93056785e-06  1.15404135e-05  5.46234749e-06
 -2.90108784e-20 -1.45689667e-19  9.98980298e-07  5.00170300e-16
 -7.82605862e-16  4.31713092e-26 -1.24407964e-20  7.54802309e-23
  5.00170294e-16  9.97964742e-07  3.78159220e-22 -2.71362045e-24
  2.90108784e-20 -3.73058456e-22 -7.82605813e-16  3.53017294e-22
  9.97964742e-07  2.13165529e-23  1.09787094e-19 -1.95283720e-19
 -3.28115387e-19 -2.49089284e-20  3.62406012e-20  9.99998988e-10],0.02245452739034845,0.014857025979435641,-1.206169236233577e-21,-2.701095791701872e-29,2.4089799284029746e-28,0.004674118441096813,[ 6.22889382e-02 -1.38022937e-04 -3.26701372e-06  3.41606163e-11
 -4.00000129e-11 -2.65173892e-04  2.22530216e-04  3.59346867e-02
  8.44622524e-04  4.45302175e-12 -5.07453924e-12 -3.73354471e-05
 -1.93547028e-19  4.98732999e-17  9.98472003e-07  1.21912607e-24
 -1.90754436e-24  5.22189253e-23 -1.73190941e-24 -2.25374405e-25
  1.21917880e-24  9.93943382e-07  3.68026432e-30  2.56186165e-28
  6.07460762e-25  7.67403889e-26 -1.90766744e-24  3.68090546e-30
  9.93943382e-07 -1.33407746e-27 -1.48301767e-13  8.28431074e-13
  1.95698083e-14  5.69988359e-23 -6.44086424e-23  3.48538810e-02]
19.870480060577393,base_link,4.025380056052426,-4.921748032309318,8.521327178516246e-24,1.6238385924406162e-24,7.028366121551223e-24,0.9941947924255934,0.10759514261262604,[ 2.32022199e-03 -5.35817924e-04  1.23240884e-04 -6.41431174e-04
  9.64814831e-04  4.34288972e-04 -5.20809817e-05  7.52263353e-04
  1.33697226e-03 -1.54824801e-05  2.32911980e-05  1.04941986e-05
 -1.62789145e-21 -1.27054942e-20  9.99232486e-07  3.88020604e-16
 -5.02663653e-16 -2.50921234e-24 -2.15993402e-20 -1.81648863e-21
  3.88020588e-16  9.98467322e-07  2.36763150e-22 -7.82647366e-24
 -4.59515374e-20 -2.99770254e-21 -5.02663646e-16  2.52707074e-22
  9.98467322e-07  9.61518457e-25  1.07868178e-19 -1.55188369e-19
 -2.40682456e-19 -2.73604420e-20  4.11622306e-20  9.99999241e-10],0.019452526091085692,0.015470391280120819,-1.087560479581125e-21,-8.664165612821735e-28,-1.382449709837677e-27,0.0045529725526984605,[ 6.24360963e-02 -1.41397119e-04 -3.34787546e-06  3.23551705e-11
 -6.20469195e-11 -2.73728229e-04  2.36923806e-04  3.59342098e-02
  8.44950991e-04  6.00521750e-12 -1.08032716e-11 -4.05725904e-05
 -2.65121312e-19  6.68952740e-17  9.98849611e-07  9.48291153e-25
 -1.22847079e-24  2.13831824e-23  4.20052655e-25  7.91637696e-26
  9.48316052e-25  9.95429889e-07  2.44619491e-30  2.86997051e-28
  1.29246971e-24  2.24566612e-25 -1.22846856e-24  2.44575060e-30
  9.95429889e-07  4.21947989e-28 -1.40762781e-13  7.89240201e-13
  1.86498130e-14  9.00439281e-23 -1.56416018e-22  3.48537002e-02]
19.92402958869934,base_link,4.027227568526517,-4.922797434781221,-1.5661844277790275e-23,2.4102561857054905e-23,-1.804303033953227e-23,0.9940527693038657,0.10889945747943641,[ 2.00362320e-03 -5.10130456e-04  1.38385783e-04 -6.30215904e-04
  1.00596779e-03  4.68245571e-04 -5.54549551e-05  7.28303567e-04
  1.19291150e-03 -1.03953739e-05  1.65934710e-05  7.72555203e-06
 -1.35525272e-20 -4.93396692e-20  9.98771962e-07  6.26275825e-16
 -6.92038438e-16 -5.88491043e-24 -1.84759062e-20 -4.18553390e-22
  6.26275808e-16  9.97549935e-07  3.41968628e-22 -5.11491894e-24
  4.26692847e-20  9.49603343e-22 -6.92038440e-16  3.64514929e-22
  9.97549935e-07 -8.63224745e-24  1.40695822e-19 -1.76961295e-19
 -2.31506800e-19 -3.48101393e-20  5.55680235e-20  9.99998779e-10],0.015004626819251594,0.015347381226867924,-9.93962478428513e-22,2.72741085640872e-27,-6.278478262118409e-27,0.0026611706594641504,[ 6.20410417e-02 -1.71100721e-04 -4.04719005e-06  4.59276871e-11
 -7.76598703e-11 -2.96909811e-04  1.85670331e-04  3.59175205e-02
  8.44003361e-04  6.76832577e-12 -1.14181996e-11 -4.24160893e-05
 -1.65171425e-19  3.42607887e-17  9.98160200e-07  1.51846294e-24
 -1.67788706e-24  6.85958765e-23 -5.04063186e-25 -7.35092146e-26
  1.51853201e-24  9.92720879e-07  3.35405169e-30  2.64953687e-28
  6.07460762e-25  8.88572924e-26 -1.67800193e-24  3.35419728e-30
  9.92720879e-07 -6.08930714e-28 -1.32994391e-13  7.41257750e-13
  1.75022782e-14  8.95840784e-23 -1.51088438e-22  3.48520343e-02]
19.96432328224182,base_link,4.030987856022532,-4.924680185172553,-4.115459883146094e-23,-4.421551923526433e-23,3.792151268790733e-23,0.9941354389138948,0.1081421707544183,[ 2.05999675e-03 -4.82124296e-04  1.58707999e-04 -5.65899010e-04
  8.83273576e-04  4.04878231e-04 -2.52336176e-05  6.93157053e-04
  1.19778715e-03  1.19683458e-05 -1.86829975e-05 -8.61721384e-06
  2.53051093e-20  7.70799982e-20  9.98732834e-07  6.49883611e-16
 -5.23223359e-16  1.86735007e-24  1.31819502e-20 -3.95723205e-21
  6.49883639e-16  9.97472070e-07  2.90096190e-22  1.00013208e-23
 -2.10170050e-20  5.79688173e-21 -5.23223324e-16  2.47831824e-22
  9.97472070e-07  1.47205152e-23  1.35055963e-19 -1.34588237e-19
 -1.67422020e-19 -3.79319336e-20  5.92088298e-20  9.99998739e-10],0.00917545882283466,0.01564724142926268,2.246636332445707e-21,1.2315828199901298e-26,-3.037187731638149e-27,0.003338046534567226,[ 6.20952124e-02 -1.35159120e-04 -3.19795298e-06  3.35179886e-11
 -5.62083996e-11 -2.58315391e-04  2.23635696e-04  3.59084606e-02
  8.43746216e-04 -1.19182044e-12  1.23116724e-12 -3.06173802e-05
 -2.74862191e-19  7.27499658e-17  9.98101655e-07  1.58130965e-24
 -1.27317286e-24 -5.65658581e-23 -1.31185675e-24  4.62461817e-26
  1.58129191e-24  9.92491941e-07  2.56737761e-30  1.09231218e-27
  3.03730381e-25 -6.26040014e-27 -1.27307852e-24  2.56618738e-30
  9.92491941e-07 -2.70286641e-28 -1.26029612e-13  7.06136538e-13
  1.66706447e-14 -1.08116558e-23  9.04600955e-24  3.48527150e-02]
20.02861523628235,base_link,4.031348416192681,-4.92380967258257,3.699677687700136e-24,-9.602182546504765e-25,-1.2304418607740948e-25,0.9941461636016377,0.10804353472626654,[ 2.17259444e-03 -4.94141134e-04  1.53843774e-04 -6.05350110e-04
  9.55724730e-04  4.41908498e-04 -3.90438508e-05  7.44474150e-04
  1.32599053e-03 -9.24286454e-06  1.45924745e-05  6.75402793e-06
  1.90582413e-21  9.63499978e-21  9.99142334e-07  4.17781278e-16
 -2.22745521e-16  1.52418390e-24 -2.24993127e-20 -9.42985898e-22
  4.17781277e-16  9.98287603e-07  1.03749032e-22 -2.20195776e-24
  1.10114283e-20  4.66529865e-22 -2.22745511e-16  9.55931267e-23
  9.98287603e-07  9.44063521e-24  1.17421467e-19 -9.82077565e-20
 -1.02014346e-19 -3.73289201e-20  5.89338649e-20  9.99999150e-10],0.007850204519002174,0.01432586509504843,-1.8879081332937326e-21,1.0967157557495892e-28,-2.5029675335408143e-28,0.0031653972207577883,[ 6.22443767e-02 -1.33547932e-04 -3.16243471e-06  3.87911246e-11
 -6.02089757e-11 -2.79627856e-04  2.22885981e-04  3.59325409e-02
  8.44850250e-04  6.15238707e-12 -9.57373233e-12 -3.98724286e-05
  3.95564386e-19 -1.05601292e-16  9.98714602e-07  1.01843965e-24
 -5.43025756e-25 -5.24103598e-23  4.52364397e-25  7.18936275e-26
  1.01842086e-24  9.94897625e-07  1.04009303e-30  3.10601318e-28
 -1.12444865e-24 -1.80945759e-25 -5.43004490e-25  1.04021989e-30
  9.94897625e-07 -7.27297963e-28 -1.17032875e-13  6.53054000e-13
  1.54247086e-14  8.24313798e-23 -1.28154820e-22  3.48534257e-02]
20.0758855342865,base_link,4.028943953968284,-4.923165808926234,5.160470713696416e-24,4.95966610035068e-24,1.1734670444747083e-23,0.9941779417310972,0.10775073166953052,[ 2.35030363e-03 -5.60957096e-04  1.58817721e-04 -6.92945813e-04
  1.06771712e-03  4.97969977e-04 -5.61613651e-05  8.19449197e-04
  1.43765798e-03 -1.73758487e-05  2.67739091e-05  1.24961652e-05
  6.94831715e-21  4.75397242e-20  9.99457489e-07  2.61062920e-16
 -1.41648288e-16  2.94820982e-25 -7.01449159e-20 -4.49655381e-21
  2.61062913e-16  9.98916154e-07  5.41263242e-23 -6.55280201e-24
  1.00796921e-19  6.23363310e-21 -1.41648286e-16  6.53950892e-23
  9.98916154e-07  1.99110023e-24  9.14564489e-20 -8.59842776e-20
 -8.75100844e-20 -3.59459719e-20  5.53883557e-20  9.99999466e-10],0.009869356401476872,0.013779021605254477,4.496119147237735e-22,-2.0740559301837523e-27,1.17662955719986e-27,0.003334077257539185,[ 6.24872873e-02 -1.64473429e-04 -3.89993645e-06  3.76626288e-11
 -5.98494075e-11 -3.12931592e-04  2.29230151e-04  3.59630585e-02
  8.45968916e-04  6.54982687e-12 -1.03258797e-11 -4.67454285e-05
  2.37169225e-20 -5.20417043e-18  9.99186674e-07  6.38729842e-25
 -3.46551506e-25  3.56276879e-23 -1.26015796e-24 -2.18104263e-25
  6.38757515e-25  9.96762438e-07  6.57159802e-31  3.21764935e-28
  2.95975563e-24  5.10525534e-25 -3.46579727e-25  6.57052695e-31
  9.96762438e-07 -1.83204546e-28 -1.10885192e-13  6.16642154e-13
  1.45699002e-14  8.23301194e-23 -1.30025050e-22  3.48559114e-02]
20.109004259109497,base_link,4.026359445198245,-4.923022264258921,4.976492534196354e-23,-5.951472454228958e-24,4.4645554998353635e-24,0.9940148435194508,0.10924509537275187,[ 2.05852397e-03 -4.90360673e-04  1.00399744e-04 -5.86936836e-04
  8.67295918e-04  4.11132298e-04 -6.00653093e-05  6.79355144e-04
  1.24076227e-03 -1.76806410e-05  2.61255083e-05  1.24039474e-05
  1.72053567e-20  9.98440087e-20  9.98828750e-07  5.09296523e-16
 -4.49133287e-16 -5.10498281e-24 -5.08219768e-21 -5.82335151e-22
  5.09296527e-16  9.97662968e-07  2.07146815e-22  5.63196360e-24
  1.70465381e-20  2.01832069e-21 -4.49133256e-16  1.80759129e-22
  9.97662968e-07  1.02110415e-23  1.16846887e-19 -1.16922774e-19
 -1.67607975e-19 -2.91249610e-20  4.30354453e-20  9.99998836e-10],0.011995147327656228,0.013754664222634867,-2.2498909896792377e-21,5.783068323726015e-29,-4.7275718996466255e-28,0.0014312703455055783,[ 6.21066627e-02 -1.37509778e-04 -3.25612451e-06  3.67936663e-11
 -5.20999743e-11 -2.59471266e-04  1.99330039e-04  3.59001160e-02
  8.43688161e-04  7.48960850e-12 -1.07595635e-11 -3.95429912e-05
 -2.02440874e-19  5.24753851e-17  9.98245178e-07  1.23647733e-24
 -1.09038292e-24  4.99377115e-23  5.10525534e-25  1.03397577e-25
  1.23652320e-24  9.93053612e-07  1.85996172e-30  7.36776529e-29
 -6.97933642e-25 -1.45402842e-25 -1.09045867e-24  1.86010431e-30
  9.93053612e-07 -2.96234391e-28 -1.07728185e-13  5.91672544e-13
  1.39655436e-14  8.64341762e-23 -1.23361724e-22  3.48541941e-02]
20.171285390853882,base_link,4.0294191728693125,-4.923442897035505,-7.822582160243054e-24,-9.840054629224881e-24,-4.7801932592079005e-24,0.9940387313472618,0.10902752212870895,[ 2.20738987e-03 -4.41639859e-04  1.45296035e-04 -5.29623926e-04
  9.48705101e-04  4.46083776e-04 -1.72775217e-05  7.68518425e-04
  1.34004925e-03  5.83107301e-07 -1.04462883e-06 -4.92027177e-07
 -3.49930486e-20 -2.40133841e-19  9.99264921e-07  3.21446332e-16
 -1.93422300e-16 -1.70161355e-25  4.92337901e-21 -2.39882378e-23
  3.21446326e-16  9.98531996e-07  7.12957719e-23 -6.25679072e-24
 -1.71524172e-20  7.65142067e-23 -1.93422291e-16  7.27816671e-23
  9.98531996e-07  9.95530901e-24  1.22543835e-19 -8.87933991e-20
 -1.00483110e-19 -2.88429206e-20  5.16708312e-20  9.99999273e-10],0.007157734296649993,0.0130157687727628,-1.1572545731093254e-21,1.4056028861084836e-27,-1.2322112096596495e-28,0.0015138790236003139,[ 6.22742181e-02 -9.26088542e-05 -2.19366202e-06  2.71406444e-11
 -5.51404347e-11 -2.83443382e-04  2.40175053e-04  3.59520912e-02
  8.45514127e-04  3.50347469e-12 -7.15280713e-12 -3.75186222e-05
  2.19805050e-19 -8.45677695e-17  9.98898189e-07  7.83485331e-25
 -4.71472787e-25 -5.85985381e-23 -1.68990414e-24 -2.17700366e-25
  7.83473090e-25  9.95621587e-07  8.10447096e-31  4.42570693e-28
  2.44923009e-24  3.17462872e-25 -4.71431539e-25  8.10143726e-31
  9.95621587e-07 -3.30304044e-29 -9.99729745e-14  5.49497947e-13
  1.29769835e-14  3.05419472e-23 -6.54200705e-23  3.48543276e-02]
20.22392773628235,base_link,4.0262276696670005,-4.922146772191675,-5.812017490046413e-23,3.5813799704350925e-25,-3.6336172364367187e-25,0.9941265094496254,0.10822422653686992,[ 2.04424243e-03 -4.61189179e-04  9.15095507e-05 -5.75428925e-04
  9.25143295e-04  4.69452120e-04 -7.28807811e-05  7.50862033e-04
  1.30123867e-03 -2.62035892e-05  4.21293639e-05  2.14048696e-05
 -2.35316341e-20 -1.80523897e-19  9.99074766e-07  3.87454363e-16
 -2.69863985e-16 -4.05919114e-24  4.49986253e-20  6.69023679e-21
  3.87454360e-16  9.98152945e-07  1.14290695e-22  6.51268049e-25
 -5.02925812e-20 -7.26595450e-21 -2.69863975e-16  1.11803612e-22
  9.98152945e-07  9.85852754e-25  9.28715482e-20 -9.66732578e-20
 -1.22220516e-19 -2.90873320e-20  4.67661048e-20  9.99999083e-10],0.010136235949338898,0.012143008849216593,-3.631623077678289e-21,3.998609344163083e-28,-1.8352101413861197e-27,0.0023007793635187604,[ 6.20963499e-02 -1.29758380e-04 -3.07082220e-06  3.60389715e-11
 -5.94951708e-11 -2.96313212e-04  1.75844412e-04  3.59301567e-02
  8.44805407e-04  8.15301889e-12 -1.33161819e-11 -4.82699169e-05
  2.20228566e-20 -5.96311195e-18  9.98613430e-07  9.40941603e-25
 -6.55428823e-25 -1.13143188e-22 -1.69959766e-24 -3.84509738e-25
  9.40866266e-25  9.94499288e-07  1.07569148e-30 -2.38251074e-28
  4.13590306e-25  9.37040538e-26 -6.55272211e-25  1.07522474e-30
  9.94499288e-07  1.27229667e-27 -9.51645921e-14  5.15084503e-13
  1.21597412e-14  8.19159983e-23 -1.34195183e-22  3.48522856e-02]
20.273314237594604,base_link,4.025696848208404,-4.918678209366871,2.729328151298511e-23,-2.7788894007522832e-24,-6.776423726116152e-24,0.9942232249328264,0.1073320968031953,[ 2.20372413e-03 -4.93086956e-04  1.46449619e-04 -6.07637577e-04
  1.01643643e-03  4.63032468e-04 -4.93773553e-05  7.49968778e-04
  1.39186426e-03 -1.48938413e-05  2.49124400e-05  1.13647641e-05
 -6.72332402e-21 -3.45165926e-20  9.99292411e-07  2.45412013e-16
 -2.53991868e-16  1.78661648e-24 -2.83226642e-20 -2.24331382e-21
  2.45412010e-16  9.98586821e-07  7.22038902e-23 -7.24756577e-24
 -3.38813179e-21 -2.91167576e-22 -2.53991870e-16  8.54228817e-23
  9.98586821e-07  2.03646396e-24  7.84835815e-20 -1.03531573e-19
 -1.30144256e-19 -2.03194821e-20  3.39877900e-20  9.99999301e-10],0.010470133387720567,0.009489851108881136,-5.005714574037496e-21,1.0752661298154432e-28,2.537197846622229e-27,0.0031019042581630924,[ 6.22871197e-02 -1.28720887e-04 -3.05004537e-06  4.10683397e-11
 -6.48214233e-11 -2.91848681e-04  2.19005626e-04  3.59318256e-02
  8.45139639e-04  7.39537756e-12 -1.18931131e-11 -4.32082869e-05
  1.10537800e-19 -3.04660810e-17  9.98939366e-07  6.01899013e-25
 -6.22969394e-25 -1.00634542e-22 -1.41525433e-24 -2.55262767e-25
  6.01857034e-25  9.95784230e-07  8.53001492e-31  3.22939156e-29
  1.05982516e-24  1.93870456e-25 -6.22874384e-25  8.52663897e-31
  9.95784230e-07  7.37519524e-28 -8.96442344e-14  4.85694818e-13
  1.14682593e-14  8.09622186e-23 -1.30799172e-22  3.48543320e-02]
20.30799174308777,base_link,4.025595900428374,-4.919967710922178,-4.3825930886241083e-23,6.475458558423953e-25,2.3485732254314982e-24,0.994190814087647,0.10763189668375193,[ 2.05164633e-03 -4.61158817e-04  6.22255925e-05 -5.48272505e-04
  8.56449055e-04  4.37355564e-04 -6.30037659e-05  6.97645475e-04
  1.22084793e-03 -2.09829692e-05  3.27839444e-05  1.67696414e-05
  2.41536739e-21  4.93396692e-20  9.98975312e-07  3.37102898e-16
 -3.12584858e-16  6.45262875e-24  2.76873895e-20  5.65129794e-21
  3.37102904e-16  9.97954810e-07  1.00003239e-22 -1.44912491e-24
  1.05879118e-22  1.32348898e-23 -3.12584870e-16  1.02551715e-22
  9.97954810e-07  2.26449784e-25  7.67056473e-20 -9.95151088e-20
 -1.28751849e-19 -1.95811019e-20  3.05952057e-20  9.99998983e-10],0.009533936595247502,0.010151289755767496,-1.688257834160874e-21,-1.2805381882548166e-27,5.690503206851648e-27,0.0026357104076462864,[ 6.20957827e-02 -1.21023972e-04 -2.86532093e-06  2.69646000e-11
 -5.80974935e-11 -2.76236899e-04  1.91242900e-04  3.59075069e-02
  8.44164577e-04  7.05132286e-12 -1.30570726e-11 -4.34930246e-05
  1.42301535e-19 -4.20670443e-17  9.98464539e-07  8.19939209e-25
 -7.60276058e-25  7.98247277e-23 -2.64956290e-25 -6.86624532e-26
  8.19998776e-25  9.93914037e-07  9.82440789e-31  2.32590633e-28
 -5.16987883e-26 -1.29246971e-26 -7.60388535e-25  9.82823013e-31
  9.93914037e-07 -9.76286420e-28 -8.65537093e-14  4.65995298e-13
  1.09969452e-14  6.42215028e-23 -1.20400841e-22  3.48528045e-02]
20.376164436340332,base_link,4.023623267454034,-4.9177796307336035,7.537995199752519e-23,2.600998343722632e-24,1.5378639787962862e-25,0.9942149159797581,0.10740903520357338,[ 2.21785454e-03 -5.56326129e-04  1.66132731e-04 -7.00353845e-04
  9.48477846e-04  4.20981011e-04 -7.36858310e-05  7.08181382e-04
  1.38968781e-03 -3.47246390e-05  4.70155607e-05  2.09047490e-05
  4.60574165e-21  1.97993951e-20  9.99112229e-07  2.40279751e-16
 -2.96305254e-16 -1.57335063e-23 -5.08219768e-21 -7.94093388e-22
  2.40279722e-16  9.98227603e-07  7.47803469e-23 -2.40853268e-24
 -4.23516474e-21 -9.52912066e-22 -2.96305198e-16  5.61412398e-23
  9.98227603e-07  1.44830136e-23  5.98529280e-20 -1.06000701e-19
 -1.38858070e-19 -1.58726585e-20  2.14906403e-20  9.99999120e-10],0.01085417523474226,0.008527909599175819,-9.33422924968464e-23,-2.1198209921085093e-28,8.73060486559316e-28,0.0025340311146395266,[ 6.23248017e-02 -1.67760067e-04 -3.97481154e-06  5.40586877e-11
 -5.58610407e-11 -2.64079639e-04  2.09564343e-04  3.59058380e-02
  8.44312082e-04  1.24663108e-11 -1.48286783e-11 -4.32241372e-05
  4.71797352e-19 -1.00180281e-16  9.98669523e-07  5.87921721e-25
 -7.25010050e-25 -4.14591260e-23 -1.23430857e-24 -2.82727748e-25
  5.87907250e-25  9.94720145e-07  7.74006762e-31  3.50123523e-28
  1.07274986e-24  2.81112161e-25 -7.25025582e-25  7.74609650e-31
  9.94720145e-07 -1.41696589e-27 -7.97073182e-14  4.29965091e-13
  1.01469211e-14  1.12936954e-22 -1.36212541e-22  3.48543900e-02]
20.429001331329346,base_link,4.016335599003752,-4.917413582338583,-3.730421887285897e-24,8.519160709050811e-24,1.760261638738813e-23,0.9941790180727745,0.10774080018198239,[ 2.05604788e-03 -5.27385535e-04  1.12439969e-04 -6.38908256e-04
  9.29424635e-04  4.22433518e-04 -8.16914871e-05  6.95274561e-04
  1.27077521e-03 -1.99979055e-05  2.90918244e-05  1.32283929e-05
 -1.48495464e-20 -6.62803281e-20  9.98913748e-07  3.17851683e-16
 -5.58530881e-16  8.09471423e-25 -4.23516474e-22 -2.31610572e-23
  3.17851661e-16  9.97832200e-07  1.42259122e-22 -9.64666126e-24
  8.36445035e-21  4.36751363e-22 -5.58530875e-16  1.58225517e-22
  9.97832200e-07  3.45223488e-24  5.58372763e-20 -1.36219328e-19
 -2.21172908e-19 -1.08700593e-20  1.58141436e-20  9.99998921e-10],0.01753260347056732,0.009031263330640594,-6.0148797576831245e-22,-2.96213685470314e-27,5.454126892072075e-27,0.0019267918540862095,[ 6.21239289e-02 -1.69699080e-04 -4.01635646e-06  4.04929020e-11
 -6.73890924e-11 -2.67404552e-04  1.79727562e-04  3.58974934e-02
  8.43895031e-04  6.88065796e-12 -1.12436952e-11 -4.06277773e-05
 -3.01543729e-19  6.34258271e-17  9.98372387e-07  7.73115277e-25
 -1.35852419e-24  1.12654086e-23  1.55096365e-25  2.58493941e-26
  7.73147001e-25  9.93552320e-07  1.56162650e-30  4.43337348e-28
  2.11965032e-24  3.52197995e-25 -1.35857950e-24  1.56178178e-30
  9.93552320e-07 -8.30168405e-28 -7.49478062e-14  4.04499351e-13
  9.54215400e-15  3.99093641e-23 -6.73525394e-23  3.48523196e-02]
20.4737765789032,base_link,4.014090449304391,-4.914275615433629,-8.428798290689951e-23,9.825093298570763e-24,-5.589051059089399e-24,0.994271795054011,0.10688123109355888,[ 2.14765839e-03 -4.81293461e-04  6.82325582e-05 -5.78702475e-04
  9.82179326e-04  4.90272313e-04 -6.88125012e-05  7.61853444e-04
  1.26771856e-03 -2.01736791e-05  3.42448382e-05  1.71240269e-05
 -2.41272041e-20 -1.92699996e-19  9.98962502e-07  2.54327957e-16
 -6.28323974e-16 -6.92537872e-24 -4.38339550e-20 -7.10713582e-21
  2.54327955e-16  9.97929297e-07  1.66118357e-22  6.04954424e-24
  9.82558219e-20  1.24540313e-20 -6.28323945e-16  1.37706630e-22
  9.97929297e-07  1.38575334e-23  3.60058537e-20 -1.60967541e-19
 -2.39054876e-19 -3.79258803e-21  6.43787443e-21  9.99998970e-10],0.019084498776506063,0.006977363642850662,-3.729797896807681e-21,-3.54577888478927e-27,4.850378500214926e-27,0.002769735306902036,[ 6.22200930e-02 -1.30382832e-04 -3.08738575e-06  3.42915682e-11
 -7.26344399e-11 -3.08916271e-04  1.91196334e-04  3.59363556e-02
  8.44880541e-04  7.98885501e-12 -1.53826647e-11 -4.77280507e-05
 -3.75235596e-19  1.02782366e-16  9.98445364e-07  6.21284058e-25
 -1.53482699e-24 -1.35096158e-22  9.88739326e-25  2.31028960e-25
  6.21241507e-25  9.93838802e-07  1.48334640e-30  1.38591959e-27
 -1.86115638e-24 -3.97434435e-25 -1.53474518e-24  1.48311146e-30
  9.93838802e-07 -1.88873763e-27 -7.07881765e-14  3.85445148e-13
  9.09228848e-15  4.63703926e-23 -8.98224042e-23  3.48538660e-02]
20.510721921920776,base_link,4.017380430279153,-4.917001934378125,2.550594044609464e-22,-1.8028672058131242e-23,1.38474452219971e-23,0.9941286734577959,0.10820434653489232,[ 2.12247735e-03 -5.02513949e-04  1.69439230e-04 -6.34138277e-04
  9.65902733e-04  4.38234360e-04 -5.22874561e-05  7.40310556e-04
  1.36520308e-03 -1.94612718e-05  2.96400964e-05  1.34688624e-05
 -5.46865647e-20 -2.64168400e-19  9.99181383e-07  1.82954628e-16
 -4.50157200e-16 -1.06130748e-23 -5.71747239e-21 -5.75717706e-22
  1.82954617e-16  9.98365440e-07  1.09302786e-22  3.95151604e-24
  1.32348898e-20  1.48230766e-21 -4.50157170e-16  9.13855265e-23
  9.98365440e-07  6.38213107e-24  1.93600330e-20 -1.44342597e-19
 -2.17976690e-19 -5.47085658e-21  8.33227515e-21  9.99999190e-10],0.013366827262060255,0.008177404635493475,-2.3490120135844646e-21,2.7142660216468544e-27,-1.174813542390404e-26,0.001086043711745398,[ 6.21954741e-02 -1.49014406e-04 -3.52864654e-06  4.63318858e-11
 -6.40524639e-11 -2.76935260e-04  2.03834847e-04  3.59251499e-02
  8.44900242e-04  8.94442788e-12 -1.28271206e-11 -4.18815775e-05
  2.45639555e-19 -5.89805982e-17  9.98773078e-07  4.45802612e-25
 -1.09690424e-24  2.26542472e-23  1.37001789e-24  2.66571877e-25
  4.45821974e-25  9.95128043e-07  9.63644151e-31  2.62564316e-28
 -1.58973774e-24 -3.19886253e-25 -1.09695394e-24  9.64018310e-31
  9.95128043e-07 -1.12163923e-27 -6.72581565e-14  3.70224684e-13
  8.73531397e-15  4.52674114e-23 -6.48722044e-23  3.48527980e-02]
