time,imu.ypr.x,imu.ypr.y,imu.ypr.z,imu.linear_acceleration.x,imu.linear_acceleration.y,imu.linear_acceleration.z,imu.angular_velocity.x,imu.angular_velocity.y,imu.angular_velocity.z,imu.compass.x,imu.compass.y,imu.compass.z,imu.orientation.x,imu.orientation.y,imu.orientation.z,imu.orientation.w
0.09968447685241699,-1.9670855163403866,2.3637231391794895,169.34508748865485,-0.04150390625,0.03466796875,1.00439453125,0.0,-0.06103515625,-0.18310546875,0.0,0.0,0.0,0.022127199918031693,-0.015172646380960941,-0.9953547716140747,0.09246175736188889
0.11563277244567871,-1.9601970571190173,2.337565862535868,169.3485162436182,-0.041015625,0.03466796875,1.00341796875,0.1220703125,-0.18310546875,0.06103515625,0.0,0.0,0.0,0.021893998607993126,-0.015134730376303196,-0.9953627586364746,0.09243767708539963
0.13486695289611816,-1.8343068523187502,2.4018957857902214,169.3559201686785,-0.0419921875,0.0322265625,1.00537109375,-0.18310546875,-1.15966796875,-0.18310546875,0.0,0.0,0.0,0.022350283339619637,-0.013990391045808792,-0.9953739643096924,0.09238725900650024
0.15941119194030762,-1.858602688970132,2.310360365298061,169.3575594140793,-0.041015625,0.03271484375,1.00439453125,-0.1220703125,-1.0986328125,-0.30517578125,0.0,0.0,0.0,0.021574610844254494,-0.014276067726314068,-0.9953874945640564,0.0923827588558197
0.17911243438720703,-1.9270968931840775,2.2803448855470285,169.35780530088942,-0.04052734375,0.03369140625,1.0048828125,-0.06103515625,-0.3662109375,-0.18310546875,0.0,0.0,0.0,0.02136908657848835,-0.014895450323820114,-0.9953837394714355,0.09237261116504669
0.2003769874572754,-1.9573332868660778,2.301297771486512,169.35914401796674,-0.04052734375,0.03369140625,1.00439453125,-0.1220703125,-0.18310546875,-0.06103515625,0.0,0.0,0.0,0.02157527394592762,-0.015141332522034645,-0.9953775405883789,0.09235189855098724
0.2154700756072998,-1.9639263404058442,2.278080677837169,169.3629825842803,-0.0400390625,0.0341796875,1.00439453125,-0.244140625,-0.6103515625,0.06103515625,0.0,0.0,0.0,0.021378418430685997,-0.015218165703117847,-0.9953835010528564,0.09232112765312195
0.2391219139099121,-1.921014182841358,2.277469162463041,169.36841941485963,-0.0400390625,0.03369140625,1.00439453125,0.1220703125,-0.91552734375,-0.18310546875,0.0,0.0,0.0,0.021337827667593956,-0.014846923761069775,-0.9953936338424683,0.0922819972038269
0.2550194263458252,-1.9171564066207702,2.2706116525363487,169.37227164155152,-0.04052734375,0.03369140625,1.00390625,0.18310546875,-0.79345703125,-0.30517578125,0.0,0.0,0.0,0.021274661645293236,-0.014819691888988018,-0.9953982830047607,0.09225040674209595
0.2789745330810547,-1.9746123848057406,2.256353205757124,169.37146567922946,-0.03955078125,0.03466796875,1.00439453125,-0.3662109375,-0.67138671875,-0.1220703125,0.0,0.0,0.0,0.02119717188179493,-0.01533018983900547,-0.995392382144928,0.09224910289049149
0.30826735496520996,-1.9481229902137271,2.27030728223146,169.3743890001942,-0.0400390625,0.0341796875,1.00439453125,-0.30517578125,-0.48828125,-0.1220703125,0.0,0.0,0.0,0.0212966687977314,-0.015089323744177818,-0.9953959584236145,0.0922262892127037
0.3197190761566162,-1.9274633755217312,2.4011752008327854,169.37777677402255,-0.0419921875,0.03369140625,1.00341796875,0.1220703125,-0.3662109375,-0.06103515625,0.0,0.0,0.0,0.02241629920899868,-0.01480442751199007,-0.9953799843788147,0.09217940270900726
0.341264009475708,-1.928884481755917,2.2998461428444728,169.38082303839238,-0.04052734375,0.033203125,1.00537109375,-0.06103515625,-0.48828125,-0.06103515625,0.0,0.0,0.0,0.021536918357014656,-0.01489946898072958,-0.995398998260498,0.09216921031475067
0.35952091217041016,-1.825601776221569,2.292606782654494,169.3863964727551,-0.0400390625,0.0322265625,1.0048828125,-0.244140625,-1.15966796875,-0.18310546875,0.0,0.0,0.0,0.021390272304415703,-0.0140092046931386,-0.9954176545143127,0.09214124083518982
0.37558984756469727,-2.001818735817194,2.2704803848382373,169.38242130265814,-0.0400390625,0.03466796875,1.0048828125,-0.3662109375,-0.42724609375,-0.06103515625,0.0,0.0,0.0,0.02134029194712639,-0.015557102859020233,-0.9953952431678772,0.09214648604393005
0.3990318775177002,-1.8930970652694004,2.3932803559258966,169.39012575604193,-0.0419921875,0.033203125,1.00439453125,-0.1220703125,-0.1220703125,-0.06103515625,0.0,0.0,0.0,0.022318517789244652,-0.014514713548123837,-0.9953956604003906,0.09208012372255325
0.4188578128814697,-1.8601825971025205,2.283267566181559,169.39587677532307,-0.04052734375,0.03271484375,1.00439453125,-0.06103515625,-0.67138671875,-0.1220703125,0.0,0.0,0.0,0.021335771307349205,-0.014318922534584999,-0.9954224824905396,0.0920538604259491
0.4388999938964844,-2.012418549078819,2.259170658789754,169.39415556765223,-0.04052734375,0.03515625,1.00390625,-0.1220703125,-0.732421875,-0.18310546875,0.0,0.0,0.0,0.02124897763133049,-0.015660515055060387,-0.9954050779342651,0.09204449504613876
0.4590127468109131,-1.8850440587945438,2.360967798179624,169.4005896058504,-0.04150390625,0.033203125,1.00634765625,0.1220703125,-0.8544921875,-0.06103515625,0.0,0.0,0.0,0.022030059248209,-0.014472932554781437,-0.9954105019569397,0.09199593961238861
0.47886109352111816,-1.9541715496105967,2.2673286794230996,169.4013819077941,-0.04052734375,0.0341796875,1.0048828125,0.0,-0.732421875,-0.244140625,0.0,0.0,0.0,0.021272093057632446,-0.01514928787946701,-0.9954174160957336,0.09199116379022598
0.5046942234039307,-1.9364525447997025,2.299759057932555,169.40617670059146,-0.0400390625,0.0341796875,1.0029296875,-0.244140625,-0.91552734375,-0.18310546875,0.0,0.0,0.0,0.021538937464356422,-0.014970045536756516,-0.99541836977005,0.09194754809141159
0.5199930667877197,-1.9013139962843373,2.404117304817768,169.41091685187544,-0.0419921875,0.033203125,1.00390625,-0.244140625,-0.3662109375,-0.18310546875,0.0,0.0,0.0,0.022416602820158005,-0.014581384137272835,-0.9954094886779785,0.091896191239357
0.5390899181365967,-1.9201081155592736,2.227830976113385,169.41449587100053,-0.03955078125,0.0341796875,1.00537109375,0.244140625,-0.6103515625,-0.18310546875,0.0,0.0,0.0,0.02089996077120304,-0.014887720346450806,-0.9954385161399841,0.09188991785049438
0.5556530952453613,-1.8905861169757745,2.1960848971814007,169.42031519217338,-0.03857421875,0.03369140625,1.00634765625,-0.06103515625,-0.91552734375,-0.30517578125,0.0,0.0,0.0,0.020599784329533577,-0.01465794537216425,-0.9954518675804138,0.09184981137514114
0.5745735168457031,-1.9987084384238993,2.2729906928016286,169.4174191919653,-0.0400390625,0.03515625,1.00439453125,-0.30517578125,-0.67138671875,-0.1220703125,0.0,0.0,0.0,0.021354852244257927,-0.015534576959908009,-0.9954233169555664,0.09184253960847855
0.6009788513183594,-2.022044420053483,2.356115162217742,169.42020590914666,-0.04150390625,0.03515625,1.00439453125,-0.06103515625,-0.18310546875,-0.1220703125,0.0,0.0,0.0,0.022095197811722755,-0.015670694410800934,-0.9954090118408203,0.09179998934268951
0.6197681427001953,-1.985912932787527,2.3110278028460183,169.42407179621688,-0.04052734375,0.03515625,1.00244140625,0.06103515625,-0.30517578125,0.06103515625,0.0,0.0,0.0,0.021674098446965218,-0.015393968671560287,-0.9954243302345276,0.0917808935046196
0.639171838760376,-1.9219706227685716,2.3812391593059874,169.4301779853349,-0.0419921875,0.03369140625,1.0048828125,-0.06103515625,-1.15966796875,-0.244140625,0.0,0.0,0.0,0.022231964394450188,-0.0147830406203866,-0.9954261183738708,0.0917285606265068
0.6593279838562012,-1.9481686671038017,2.30435940378197,169.4322953439776,-0.04052734375,0.0341796875,1.00537109375,-0.18310546875,-1.0986328125,-0.3662109375,0.0,0.0,0.0,0.02158486470580101,-0.015073023736476898,-0.99543696641922,0.0917176753282547
0.674626350402832,-1.9477257720248087,2.2967738383784364,169.43476787245714,-0.03955078125,0.03369140625,1.00341796875,0.06103515625,-0.3662109375,-0.18310546875,0.0,0.0,0.0,0.021518291905522346,-0.01507575809955597,-0.9954402446746826,0.09169749915599823
0.7005634307861328,-1.906788179460691,2.257606118582998,169.4387840236891,-0.0400390625,0.0341796875,1.00390625,-0.1220703125,-0.48828125,-0.1220703125,0.0,0.0,0.0,0.021144788712263107,-0.014752449467778206,-0.9954550266265869,0.09167662262916565
0.7190923690795898,-1.8606893117615708,2.3457230293955673,169.4431553447579,-0.041015625,0.03271484375,1.00439453125,-0.06103515625,-0.732421875,0.0,0.0,0.0,0.0,0.021872783079743385,-0.014281824231147766,-0.9954501986503601,0.09163323044776917
0.7406628131866455,-1.9377690637622225,2.212285465562436,169.44412523162003,-0.0390625,0.03369140625,1.00537109375,0.0,-0.42724609375,-0.06103515625,0.0,0.0,0.0,0.020775198936462402,-0.015059063211083412,-0.9954622983932495,0.09163186699151993
0.759209156036377,-1.969523466987258,2.3155502418502127,169.4442754957818,-0.041015625,0.0341796875,1.00390625,0.06103515625,-0.79345703125,-0.18310546875,0.0,0.0,0.0,0.021697567775845528,-0.015251772478222847,-0.9954419136047363,0.0916077122092247
0.7809462547302246,-1.9598850028513122,2.3481078326329596,169.44624259026276,-0.041015625,0.0341796875,1.00244140625,-0.244140625,-0.54931640625,-0.1220703125,0.0,0.0,0.0,0.021972406655550003,-0.015142195858061314,-0.9954395294189453,0.0915871262550354
0.7947077751159668,-1.9402268646463694,2.3698163082493755,169.4507641754933,-0.04150390625,0.03369140625,1.00537109375,-0.3662109375,-0.3662109375,-0.06103515625,0.0,0.0,0.0,0.02214466966688633,-0.014954819343984127,-0.9954421520233154,0.09154804795980453
0.8194737434387207,-1.9323708664403854,2.2247501339108866,169.45484862861696,-0.0390625,0.03369140625,1.00390625,0.30517578125,-0.42724609375,-0.1220703125,0.0,0.0,0.0,0.02087775059044361,-0.015004085376858711,-0.9954696893692017,0.09153764694929123
0.8363306522369385,-1.918565346580497,2.3739626599623964,169.45915164779407,-0.04150390625,0.03369140625,1.00341796875,0.06103515625,-0.91552734375,-0.30517578125,0.0,0.0,0.0,0.02216229774057865,-0.014764934778213501,-0.9954509735107422,0.09147863835096359
0.8593149185180664,-1.9143903934503268,2.266188251275119,169.46167881778698,-0.0400390625,0.03369140625,1.00439453125,-0.30517578125,-0.9765625,-0.30517578125,0.0,0.0,0.0,0.02122245915234089,-0.01481581386178732,-0.9954710006713867,0.09147494286298752
0.8791117668151855,-1.939635199509517,2.364300503607767,169.46484802556188,-0.04248046875,0.03466796875,1.00341796875,-0.30517578125,-0.48828125,-0.18310546875,0.0,0.0,0.0,0.022094447165727615,-0.014956836588680744,-0.9954543709754944,0.09142669290304184
0.899057149887085,-2.053923047344048,2.517458317678606,169.46297655372928,-0.0439453125,0.03564453125,1.00537109375,-0.1220703125,-0.18310546875,-0.18310546875,0.0,0.0,0.0,0.023516224697232246,-0.015826096758246422,-0.9954113364219666,0.09139438718557358
0.9188141822814941,-1.9693245377276813,2.320302132521838,169.4701482523578,-0.0390625,0.03466796875,1.00537109375,-0.18310546875,-0.42724609375,-0.1220703125,0.0,0.0,0.0,0.021735239773988724,-0.01525112520903349,-0.9954618811607361,0.09138219803571701
0.939185380935669,-1.9198460070498744,2.253719527501849,169.4768008566094,-0.03955078125,0.0341796875,1.00390625,-0.18310546875,-0.9765625,-0.1220703125,0.0,0.0,0.0,0.02111653983592987,-0.014876018278300762,-0.9954843521118164,0.09134456515312195
0.9590516090393066,-1.9142093934373214,2.311367177870403,169.480120328546,-0.041015625,0.033203125,1.005859375,0.1220703125,-0.91552734375,-0.1220703125,0.0,0.0,0.0,0.021612387150526047,-0.014781394973397255,-0.9954784512519836,0.09130748361349106
0.9904673099517822,-1.924698643011757,2.3030211135914707,169.4805574606529,-0.04052734375,0.03369140625,1.0029296875,-0.1220703125,-0.67138671875,0.0,0.0,0.0,0.0,0.021548187360167503,-0.014879299327731133,-0.9954788684844971,0.09130300581455231
0.9959104061126709,-2.038966427165601,2.31601277372307,169.47794832838994,-0.04052734375,0.03564453125,1.005859375,-0.18310546875,-0.42724609375,-0.18310546875,0.0,0.0,0.0,0.021752431988716125,-0.015861032530665398,-0.9954593777656555,0.09130194783210754
1.0306057929992676,-1.8662036222992984,2.3888567412212556,169.48886297068364,-0.0419921875,0.033203125,1.00341796875,-0.06103515625,-0.54931640625,-0.1220703125,0.0,0.0,0.0,0.022246165201067924,-0.014303861185908318,-0.9954787492752075,0.09122826904058456
1.0361135005950928,-1.8951166668296084,2.4475812136011443,169.48981919716744,-0.04296875,0.033203125,1.00390625,0.0,-0.30517578125,0.0,0.0,0.0,0.0,0.022779177874326706,-0.014508119784295559,-0.9954658150672913,0.0912049412727356
1.058995008468628,-1.9530270660377964,2.303388663146182,169.4907344425162,-0.0400390625,0.0341796875,1.00390625,0.0,-0.91552734375,-0.30517578125,0.0,0.0,0.0,0.02157260850071907,-0.015127013437449932,-0.9954831004142761,0.09120924770832062
1.083071231842041,-1.9890031665001344,2.365003799648867,169.49114425386642,-0.041015625,0.03515625,1.00537109375,-0.30517578125,-0.67138671875,-0.06103515625,0.0,0.0,0.0,0.02213641069829464,-0.015390210784971714,-0.9954686760902405,0.09118855744600296
1.0990817546844482,-1.9981726954608765,2.3255912602603663,169.4939036502911,-0.041015625,0.03515625,1.00439453125,-0.18310546875,-0.244140625,0.0,0.0,0.0,0.0,0.021800976246595383,-0.015502001158893108,-0.9954760670661926,0.09116945415735245
1.1191105842590332,-1.8957823968302732,2.309555683636469,169.50158078291818,-0.04052734375,0.033203125,1.00537109375,0.1220703125,-0.30517578125,-0.06103515625,0.0,0.0,0.0,0.021579226478934288,-0.014626813121140003,-0.9954982399940491,0.09112472832202911
1.138829231262207,-1.9176402828347834,2.3190560498851336,169.5047909718281,-0.041015625,0.0341796875,1.00634765625,-0.06103515625,-1.03759765625,-0.1220703125,0.0,0.0,0.0,0.02167872153222561,-0.01480969600379467,-0.9954964518547058,0.09109125286340714
1.1599817276000977,-1.9522486379158264,2.3143316934136,169.50668976441736,-0.04052734375,0.03466796875,1.0029296875,-0.18310546875,-1.15966796875,-0.30517578125,0.0,0.0,0.0,0.021664943546056747,-0.015114489942789078,-0.9954941868782043,0.09106902778148651
1.1790363788604736,-1.9673072840450005,2.4102962781391026,169.50923059478862,-0.0419921875,0.03466796875,1.0029296875,0.06103515625,-0.30517578125,-0.18310546875,0.0,0.0,0.0,0.022510187700390816,-0.015168963000178337,-0.9954783320426941,0.09102816879749298
1.1997809410095215,-1.8642356740446884,2.2748218238294267,169.5173858406576,-0.0400390625,0.03271484375,1.00537109375,-0.06103515625,-0.244140625,-0.18310546875,0.0,0.0,0.0,0.021250426769256592,-0.014383502304553986,-0.9955203533172607,0.09099891036748886
1.2190864086151123,-1.898015655245456,2.3381069415841798,169.52040478427074,-0.041015625,0.033203125,1.0029296875,-0.1220703125,-0.732421875,-0.1220703125,0.0,0.0,0.0,0.021826617419719696,-0.014626927673816681,-0.9955083131790161,0.09095623344182968
1.2342183589935303,-1.8903581594122252,2.3247039759984993,169.52432531285433,-0.041015625,0.03271484375,1.00341796875,-0.06103515625,-1.03759765625,-0.30517578125,0.0,0.0,0.0,0.021703612059354782,-0.01457186322659254,-0.9955145716667175,0.09092580527067184
1.2589294910430908,-1.8729667902380802,2.2632401708746124,169.527767728196,-0.0400390625,0.03271484375,1.0048828125,0.1220703125,-0.8544921875,-0.244140625,0.0,0.0,0.0,0.02115544117987156,-0.014470534399151802,-0.995529294013977,0.09090890735387802
1.2794413566589355,-1.8692678159156952,2.2566298284185096,169.53040418121566,-0.0400390625,0.03271484375,1.00439453125,-0.1220703125,-0.3662109375,0.0,0.0,0.0,0.0,0.021094748750329018,-0.01444416493177414,-0.9955329298973083,0.09088767319917679
1.3009190559387207,-1.8673920752148805,2.3095307107573158,169.53354606823385,-0.04052734375,0.03271484375,1.00341796875,-0.30517578125,-0.42724609375,0.06103515625,0.0,0.0,0.0,0.021552423015236855,-0.014386208727955818,-0.9955271482467651,0.09085240215063095
1.3202428817749023,-1.9216365838294756,2.35668036037156,169.5348164834195,-0.04150390625,0.03369140625,1.00439453125,0.06103515625,-0.54931640625,0.0,0.0,0.0,0.0,0.02200484834611416,-0.014820048585534096,-0.9955136179924011,0.09082351624965668
1.3395850658416748,-1.911184900295475,2.2379400829718272,169.5370158043322,-0.0390625,0.033203125,1.001953125,0.244140625,-0.91552734375,-0.18310546875,0.0,0.0,0.0,0.02096477709710598,-0.014824464917182922,-0.9955357909202576,0.09082554280757904
1.3609449863433838,-1.8695271496607442,2.3006909518674385,169.54174229523787,-0.0400390625,0.03271484375,1.00439453125,-0.244140625,-1.15966796875,-0.18310546875,0.0,0.0,0.0,0.021476292982697487,-0.014413352124392986,-0.9955348372459412,0.09078224003314972
1.379218339920044,-1.9465627188752024,2.3309074953121636,169.54069044610569,-0.041015625,0.0341796875,1.00537109375,-0.18310546875,-0.79345703125,-0.18310546875,0.0,0.0,0.0,0.021799946203827858,-0.015058291144669056,-0.99551922082901,0.09077198058366776
1.3998539447784424,-2.043177879119148,2.378180942105114,169.5382452383828,-0.04150390625,0.03515625,1.00341796875,0.0,-0.06103515625,0.06103515625,0.0,0.0,0.0,0.022287465631961823,-0.015859423205256462,-0.9954964518547058,0.09076672047376633
1.4211421012878418,-2.004304284344844,2.286050441381516,169.54155104994112,-0.0400390625,0.03466796875,1.00439453125,-0.1220703125,-0.30517578125,-0.06103515625,0.0,0.0,0.0,0.021455897018313408,-0.015595890581607819,-0.9955193400382996,0.09076101332902908
1.4343302249908447,-1.9010926554665466,2.369251750425792,169.55010244678198,-0.0419921875,0.033203125,1.0068359375,-0.1220703125,-0.9765625,-0.1220703125,0.0,0.0,0.0,0.022095821797847748,-0.014634482562541962,-0.9955262541770935,0.09069265425205231
1.459667682647705,-1.8446977044804553,2.298103590832473,169.55566222076635,-0.04052734375,0.03271484375,1.00439453125,0.06103515625,-1.03759765625,-0.244140625,0.0,0.0,0.0,0.021432416513562202,-0.014202308841049671,-0.9955494403839111,0.09066629409790039
1.4797546863555908,-2.032285221496859,2.3343548198523156,169.55146848461598,-0.041015625,0.0361328125,1.0048828125,0.1220703125,-0.54931640625,-0.30517578125,0.0,0.0,0.0,0.021896304562687874,-0.01580231450498104,-0.9955156445503235,0.0906614139676094
1.4992153644561768,-2.027776656314416,2.405393482975503,169.5551021452544,-0.0419921875,0.03564453125,1.001953125,-0.42724609375,-0.3662109375,-0.1220703125,0.0,0.0,0.0,0.022509343922138214,-0.015707209706306458,-0.9955073595046997,0.0906185656785965
1.5193071365356445,-1.8569529848421622,2.332673526099435,169.567136938572,-0.04150390625,0.03271484375,1.00537109375,-0.30517578125,-0.54931640625,-0.18310546875,0.0,0.0,0.0,0.021741002798080444,-0.014283405616879463,-0.995551347732544,0.0905589908361435
1.540191888809204,-1.9566492007320186,2.313214103710657,169.56708229705862,-0.0390625,0.0341796875,1.00244140625,0.1220703125,-0.30517578125,-0.1220703125,0.0,0.0,0.0,0.02165074087679386,-0.015165028162300587,-0.9955416321754456,0.09054361283779144
1.5567059516906738,-1.8680473464883787,2.2752493509827874,169.57531950519765,-0.0400390625,0.03271484375,1.00341796875,0.0,-0.79345703125,-0.244140625,0.0,0.0,0.0,0.02124987728893757,-0.014427020214498043,-0.9955657124519348,0.09049481153488159
1.5790538787841797,-1.9825296412708433,2.3537732611060735,169.57261475028633,-0.04150390625,0.03515625,1.00244140625,-0.244140625,-0.67138671875,-0.1220703125,0.0,0.0,0.0,0.0220227912068367,-0.015358640812337399,-0.9955359101295471,0.09048401564359665
1.594247579574585,-2.008369527561471,2.3867161172466913,169.574650146659,-0.04150390625,0.03515625,1.00390625,-0.30517578125,-0.30517578125,0.0,0.0,0.0,0.0,0.022329093888401985,-0.015557310543954372,-0.9955285787582397,0.09045570343732834
1.6192989349365234,-1.9362922487976189,2.3857110122216416,169.5799367130766,-0.04150390625,0.03466796875,1.00439453125,0.1220703125,-0.42724609375,-0.06103515625,0.0,0.0,0.0,0.022262772545218468,-0.014932951889932156,-0.995542585849762,0.09042404592037201
1.6348628997802734,-1.8807425337213166,2.3519929296102275,169.58567407197938,-0.041015625,0.033203125,1.00439453125,0.0,-1.03759765625,-0.1220703125,0.0,0.0,0.0,0.021925291046500206,-0.014478253200650215,-0.9955598711967468,0.0903903916478157
1.6552848815917969,-1.9016390706001476,2.3708658095040303,169.58780509100043,-0.041015625,0.03369140625,1.0048828125,-0.244140625,-1.15966796875,-0.18310546875,0.0,0.0,0.0,0.02210545539855957,-0.01464521698653698,-0.9955557584762573,0.09036476165056229
1.6743593215942383,-1.9787173284969184,2.3780377215759554,169.58796901554052,-0.0419921875,0.0341796875,1.00390625,-0.06103515625,-0.3662109375,-0.06103515625,0.0,0.0,0.0,0.02222852036356926,-0.015309189446270466,-0.9955444931983948,0.0903473049402237
1.798872709274292,-2.0421744816413914,2.354703234050253,169.60190260144734,-0.04150390625,0.03564453125,1.00390625,-0.3662109375,-0.48828125,0.0,0.0,0.0,0.0,0.022073904052376747,-0.015881719067692757,-0.995550811290741,0.09021786600351334
1.8192474842071533,-1.976040961559331,2.3643937783786204,169.60672471500138,-0.04150390625,0.03466796875,1.005859375,0.0,-0.244140625,-0.1220703125,0.0,0.0,0.0,0.022105375304818153,-0.015300397761166096,-0.995561957359314,0.09018713235855103
1.8390893936157227,-1.8439530004175124,2.416134382332171,169.61638260248776,-0.04248046875,0.0322265625,1.00537109375,0.244140625,-0.67138671875,-0.1220703125,0.0,0.0,0.0,0.022449711337685585,-0.014113678596913815,-0.9955778121948242,0.09012056887149811
1.8590099811553955,-1.8541957228515928,2.2852939979309372,169.61897807437236,-0.03955078125,0.03271484375,1.00537109375,-0.18310546875,-1.220703125,-0.244140625,0.0,0.0,0.0,0.021320749074220657,-0.014306815341114998,-0.9956002831459045,0.09011644870042801
1.8790912628173828,-2.046160110465505,2.3009848634451604,169.6149892438971,-0.0400390625,0.03515625,1.001953125,-0.06103515625,-0.79345703125,-0.244140625,0.0,0.0,0.0,0.02160855196416378,-0.01596144214272499,-0.9955692887306213,0.09011266380548477
1.8999714851379395,-2.089491897777124,2.3203396985622726,169.6185819234005,-0.04052734375,0.0361328125,1.0048828125,0.0,-0.48828125,-0.18310546875,0.0,0.0,0.0,0.02181025967001915,-0.01632324792444706,-0.9955627918243408,0.09006989002227783
1.9194161891937256,-1.938553468299716,2.343727760384277,169.62686011267456,-0.04150390625,0.033203125,1.00439453125,-0.06103515625,-0.244140625,0.06103515625,0.0,0.0,0.0,0.021893702447414398,-0.014994949102401733,-0.995586097240448,0.0900227352976799
1.9393219947814941,-1.9312178451311226,2.3722305666775636,169.62993369780108,-0.04150390625,0.03369140625,1.00390625,-0.30517578125,-0.91552734375,-0.244140625,0.0,0.0,0.0,0.022135159000754356,-0.01490924321115017,-0.9955848455429077,0.08999289572238922
1.9590904712677002,-1.9808278569504523,2.3385041597730987,169.63080796201484,-0.04052734375,0.03466796875,1.001953125,-0.06103515625,-0.9765625,-0.30517578125,0.0,0.0,0.0,0.021881001070141792,-0.015367119573056698,-0.9955845475196838,0.08998130261898041
1.9798576831817627,-1.899366752040649,2.3023541029303365,169.6388812456138,-0.04052734375,0.03369140625,1.0048828125,0.244140625,-0.91552734375,-0.244140625,0.0,0.0,0.0,0.0215019341558218,-0.01468949019908905,-0.9956074357032776,0.08993249386548996
2.0010828971862793,-1.9235912985925685,2.279563682660708,169.63975550982755,-0.0400390625,0.03369140625,1.00439453125,-0.30517578125,-0.79345703125,-0.1220703125,0.0,0.0,0.0,0.021322835236787796,-0.014918145723640919,-0.9956085681915283,0.0899239256978035
2.0192549228668213,-1.8744967526121632,2.2558114863785774,169.64446834035485,-0.0400390625,0.033203125,1.00537109375,-0.1220703125,-0.54931640625,-0.06103515625,0.0,0.0,0.0,0.0210773516446352,-0.014511234126985073,-0.995622456073761,0.08989593386650085
2.0392377376556396,-1.8191950587800971,2.396498655685442,169.65017837850098,-0.0419921875,0.0322265625,1.00390625,0.18310546875,-0.79345703125,-0.1220703125,0.0,0.0,0.0,0.0222555473446846,-0.01392070297151804,-0.9956106543540955,0.0898347720503807
2.0594146251678467,-1.911269850773277,2.2475096048858383,169.6490582274771,-0.0390625,0.033203125,1.0029296875,0.18310546875,-0.8544921875,-0.18310546875,0.0,0.0,0.0,0.021033478900790215,-0.014838138595223427,-0.9956225752830505,0.08985055238008499
2.074305295944214,-1.9002166837054923,2.312755840706031,169.65469996373153,-0.0400390625,0.033203125,1.00390625,-0.3662109375,-0.54931640625,-0.3662109375,0.0,0.0,0.0,0.0215909406542778,-0.01469163317233324,-0.9956180453300476,0.08979317545890808
2.0997121334075928,-1.9905211760431698,2.33423934696666,169.65505513356837,-0.041015625,0.03515625,1.00390625,-0.48828125,-0.3662109375,-0.1220703125,0.0,0.0,0.0,0.021848293021321297,-0.015459336340427399,-0.9956029057502747,0.08976948261260986
2.119297504425049,-1.9795309747817962,2.317339751412756,169.65868879420682,-0.04052734375,0.0341796875,1.0048828125,0.30517578125,-0.3662109375,-0.18310546875,0.0,0.0,0.0,0.021692374721169472,-0.015377880074083805,-0.9956099987030029,0.08974277973175049
2.139028787612915,-1.9848252251622023,2.3473456262102683,169.66168041706328,-0.04150390625,0.03466796875,1.00537109375,0.06103515625,-0.9765625,-0.18310546875,0.0,0.0,0.0,0.021956803277134895,-0.015400771982967854,-0.9956066608428955,0.08971075713634491
2.1598141193389893,-1.896114514778665,2.383802614678858,169.6684423043416,-0.0419921875,0.03369140625,1.00634765625,-0.18310546875,-1.03759765625,-0.18310546875,0.0,0.0,0.0,0.022203216329216957,-0.014602567069232464,-0.9956176280975342,0.08966315537691116
2.1792540550231934,-1.9558513492595966,2.289006419188251,169.6687428326651,-0.0400390625,0.03466796875,1.0048828125,-0.244140625,-0.30517578125,-0.1220703125,0.0,0.0,0.0,0.02142634056508541,-0.015196382999420166,-0.9956255555152893,0.08966457843780518
2.199019193649292,-2.008191729199639,2.34027019056037,169.66952147423046,-0.041015625,0.03515625,1.0048828125,0.0,-0.1220703125,0.06103515625,0.0,0.0,0.0,0.021912559866905212,-0.015610866248607635,-0.9956108331680298,0.08963943272829056
2.219947338104248,-1.8632491385964447,2.33479515361037,169.678100191828,-0.041015625,0.03271484375,1.00390625,-0.06103515625,-0.79345703125,0.0,0.0,0.0,0.0,0.021750517189502716,-0.0143574895337224,-0.9956374168395996,0.08959336578845978
2.2394094467163086,-1.8426857868830635,2.3516866383146344,169.68228026760005,-0.041015625,0.03271484375,1.00537109375,-0.18310546875,-1.220703125,-0.18310546875,0.0,0.0,0.0,0.021880676969885826,-0.014166315086185932,-0.9956404566764832,0.08955835551023483
2.256136417388916,-2.0410564650516245,2.2970521685871144,169.6757096256185,-0.0400390625,0.0361328125,1.0029296875,0.1220703125,-0.48828125,-0.1220703125,0.0,0.0,0.0,0.021561935544013977,-0.01593164913356304,-0.9956181645393372,0.08958664536476135
2.279242515563965,-1.9596282304272021,2.3557967046476898,169.6808595882527,-0.04150390625,0.03369140625,1.00439453125,-0.18310546875,-0.8544921875,-0.18310546875,0.0,0.0,0.0,0.022007955238223076,-0.015178868547081947,-0.9956237077713013,0.0895475521683693
2.299015998840332,-1.889958379902368,2.369907448586113,169.6871433622891,-0.04150390625,0.033203125,1.00390625,-0.54931640625,-0.54931640625,-0.06103515625,0.0,0.0,0.0,0.02207530476152897,-0.014563637785613537,-0.9956353306770325,0.08950412273406982
2.319152593612671,-1.907550385883382,2.3672556276408554,169.68924706055347,-0.04150390625,0.03369140625,1.00537109375,-0.06103515625,-0.244140625,0.06103515625,0.0,0.0,0.0,0.02206573821604252,-0.014718979597091675,-0.9956350922584534,0.089482881128788
2.339423656463623,-1.87112989623817,2.2683493658171936,169.69314026838038,-0.03955078125,0.033203125,1.00537109375,0.244140625,-0.732421875,-0.244140625,0.0,0.0,0.0,0.021177491173148155,-0.014481074176728725,-0.9956588745117188,0.08947163075208664
2.3601584434509277,-1.9673926614096258,2.3022497291020825,169.6933588344338,-0.04052734375,0.03369140625,1.00390625,-0.06103515625,-1.0986328125,-0.30517578125,0.0,0.0,0.0,0.021547144278883934,-0.01529084611684084,-0.9956412315368652,0.08944637328386307
2.3793983459472656,-1.8677357191074968,2.320629768158587,169.7009949859259,-0.04052734375,0.03271484375,1.00244140625,-0.244140625,-0.67138671875,-0.18310546875,0.0,0.0,0.0,0.02162807807326317,-0.01441194862127304,-0.9956570267677307,0.08939583599567413
2.3990585803985596,-1.942763853036206,2.3217787340430296,169.70141845765443,-0.041015625,0.03466796875,1.00634765625,0.1220703125,-0.18310546875,-0.06103515625,0.0,0.0,0.0,0.021696530282497406,-0.015063023194670677,-0.9956474900245667,0.08937778323888779
2.41931414604187,-2.019483526001551,2.345784287654686,169.70227906148986,-0.041015625,0.03515625,1.00537109375,0.18310546875,-0.3662109375,-0.06103515625,0.0,0.0,0.0,0.02196480520069599,-0.015710905194282532,-0.9956340193748474,0.08935173600912094
2.4472625255584717,-1.9932427929840082,2.2727949651932255,169.7076885713125,-0.0400390625,0.03515625,1.00439453125,-0.1220703125,-0.67138671875,0.0,0.0,0.0,0.0,0.021309472620487213,-0.015541281551122665,-0.9956536293029785,0.08932188898324966
2.4640517234802246,-1.9763478931851586,2.2734538650047202,169.71066653379063,-0.0400390625,0.03466796875,1.005859375,-0.1220703125,-1.15966796875,-0.30517578125,0.0,0.0,0.0,0.0213016290217638,-0.015394523739814758,-0.9956580400466919,0.08929900825023651
2.4826242923736572,-1.9172387957776336,2.268833882361441,169.7159121190732,-0.04052734375,0.03369140625,1.005859375,0.0,-0.79345703125,-0.244140625,0.0,0.0,0.0,0.021214742213487625,-0.014885533601045609,-0.9956706762313843,0.08926521986722946
2.4989826679229736,-1.944825502948492,2.3449010588176384,169.7163219304234,-0.041015625,0.0341796875,1.005859375,-0.18310546875,-0.30517578125,0.0,0.0,0.0,0.0,0.02189706452190876,-0.015065611340105534,-0.9956551194190979,0.08924403786659241
2.5147464275360107,-1.9508883630539362,2.308493589220532,169.71954577971164,-0.04052734375,0.0341796875,1.00390625,-0.18310546875,-0.67138671875,-0.18310546875,0.0,0.0,0.0,0.021585045382380486,-0.015147469006478786,-0.9956628084182739,0.08922090381383896
2.5395467281341553,-1.9264019214360288,2.360948801715995,169.7233843460252,-0.04150390625,0.03369140625,1.00390625,0.1220703125,-0.9765625,-0.18310546875,0.0,0.0,0.0,0.022021226584911346,-0.014894293621182442,-0.9956604242324829,0.08918369561433792
2.5591518878936768,-1.8961439699694607,2.253283462612026,169.72551536504622,-0.03955078125,0.033203125,1.00390625,0.1220703125,-0.8544921875,-0.1220703125,0.0,0.0,0.0,0.021061968058347702,-0.014716213569045067,-0.9956833124160767,0.0891880914568901
2.5790634155273438,-1.9440054533612674,2.2572039911956137,169.7280288746608,-0.03955078125,0.0341796875,1.0048828125,-0.42724609375,-0.67138671875,-0.30517578125,0.0,0.0,0.0,0.021132949739694595,-0.015129471197724342,-0.9956784248352051,0.08915680646896362
2.599776029586792,-1.8939384591977813,2.294779636584204,169.73339740334842,-0.04052734375,0.03271484375,1.0048828125,-0.42724609375,-0.48828125,-0.06103515625,0.0,0.0,0.0,0.02141977846622467,-0.014665987342596054,-0.9956831932067871,0.08911345154047012
2.6193344593048096,-1.8025133889493987,2.304425784682966,169.74203076245934,-0.04052734375,0.03173828125,1.00537109375,0.18310546875,-0.6103515625,-0.1220703125,0.0,0.0,0.0,0.021431440487504005,-0.013865654356777668,-0.9956996440887451,0.08905398100614548
2.6393675804138184,-1.959068154915261,2.2971433089238515,169.73948993208808,-0.0400390625,0.03466796875,1.005859375,0.0,-0.79345703125,-0.1220703125,0.0,0.0,0.0,0.021490152925252914,-0.01523118931800127,-0.9956789612770081,0.08904796093702316
2.659351348876953,-1.973658506199466,2.2633620470626146,169.74058276235527,-0.0400390625,0.03466796875,1.00439453125,-0.244140625,-0.9765625,-0.244140625,0.0,0.0,0.0,0.021207837387919426,-0.015384615398943424,-0.9956833124160767,0.0890413373708725
2.679262399673462,-2.0007890847998144,2.228648891266494,169.74254985683623,-0.0390625,0.03466796875,1.00341796875,-0.30517578125,-0.3662109375,-0.1220703125,0.0,0.0,0.0,0.02092704549431801,-0.015647893771529198,-0.9956865906715393,0.08902488648891449
2.699355363845825,-1.947923847510739,2.3351063541044286,169.74779544211881,-0.041015625,0.0341796875,1.00439453125,-0.1220703125,-0.18310546875,0.0,0.0,0.0,0.0,0.02181023359298706,-0.015106210485100746,-0.9956808090209961,0.08897162228822708
2.7189338207244873,-1.919077183881425,2.413306043685551,169.75243997075444,-0.04248046875,0.03369140625,1.005859375,0.1220703125,-0.8544921875,0.0,0.0,0.0,0.0,0.022466666996479034,-0.014795288443565369,-0.9956750273704529,0.08892407268285751
2.7393035888671875,-1.9590875782657133,2.2650967016683863,169.7523306877277,-0.0390625,0.0341796875,1.00439453125,-0.1220703125,-0.9765625,0.06103515625,0.0,0.0,0.0,0.021210022270679474,-0.015258829109370708,-0.9956940412521362,0.08894156664609909
2.7589805126190186,-2.0400584036591565,2.2323339917671277,169.7526038952945,-0.03955078125,0.03564453125,1.00537109375,0.1220703125,-0.8544921875,-0.244140625,0.0,0.0,0.0,0.020988168194890022,-0.0159880630671978,-0.9956883788108826,0.08892972022294998
2.779216766357422,-2.069080304329364,2.3162789376572888,169.75448902750543,-0.04052734375,0.0361328125,1.00537109375,-0.06103515625,-0.54931640625,-0.1220703125,0.0,0.0,0.0,0.021739767864346504,-0.016174931079149246,-0.9956724643707275,0.08889355510473251
2.801272392272949,-1.9735505038332153,2.250322362163414,169.76245302807766,-0.03955078125,0.03466796875,1.0048828125,-0.3662109375,-0.8544921875,-0.244140625,0.0,0.0,0.0,0.02109152264893055,-0.015397912822663784,-0.99570232629776,0.08885345607995987
2.81990909576416,-2.03326727463346,2.243630057437271,169.76387370742503,-0.03955078125,0.0361328125,1.00390625,-0.06103515625,-0.48828125,-0.1220703125,0.0,0.0,0.0,0.021079476922750473,-0.015922289341688156,-0.9956963658332825,0.08883122354745865
2.836970806121826,-1.9739564732020078,2.3221255795868196,169.7695700851928,-0.041015625,0.0341796875,1.00439453125,0.1220703125,-0.30517578125,-0.18310546875,0.0,0.0,0.0,0.021714746952056885,-0.015346688218414783,-0.9956963658332825,0.08877967298030853
2.859044075012207,-1.9156112897644666,2.298279895090424,169.7724934061576,-0.04052734375,0.03369140625,1.00390625,0.0,-1.15966796875,-0.18310546875,0.0,0.0,0.0,0.021461978554725647,-0.01485888659954071,-0.9957101345062256,0.08876916021108627
2.8789494037628174,-1.9180998264998783,2.305468455748451,169.7747473685837,-0.041015625,0.0341796875,1.00390625,-0.244140625,-0.54931640625,-0.18310546875,0.0,0.0,0.0,0.021526070311665535,-0.01487532164901495,-0.9957104325294495,0.08874789625406265
2.899158477783203,-1.8907513221763241,2.3176806205410223,169.7785039726272,-0.04052734375,0.03271484375,1.00439453125,0.1220703125,-0.1220703125,0.06103515625,0.0,0.0,0.0,0.021610518917441368,-0.014628864824771881,-0.9957147836685181,0.08871842175722122
2.920534372329712,-1.959074131330785,2.3494350237660577,169.77910502927415,-0.041015625,0.0341796875,1.00439453125,0.0,-0.1220703125,0.1220703125,0.0,0.0,0.0,0.02193923480808735,-0.01519787684082985,-0.9957011938095093,0.08869514614343643
2.939412832260132,-1.8071696569726434,2.3226724216072436,169.78817552049193,-0.041015625,0.0322265625,1.00439453125,0.06103515625,-1.0986328125,-0.18310546875,0.0,0.0,0.0,0.021588001400232315,-0.013900524005293846,-0.9957320094108582,0.0886494591832161
2.959822654724121,-2.008982750482891,2.295768519909975,169.7824381615891,-0.04052734375,0.03515625,1.00439453125,0.0,-1.03759765625,-0.1220703125,0.0,0.0,0.0,0.021511118859052658,-0.015674030408263206,-0.9957058429718018,0.08866558223962784
2.9797744750976562,-2.0373688032300525,2.2546755405422396,169.78235619931908,-0.03955078125,0.03564453125,1.0029296875,0.1220703125,-0.18310546875,-0.18310546875,0.0,0.0,0.0,0.02117605321109295,-0.015952711924910545,-0.9957084059715271,0.08866804093122482
3.0005905628204346,-1.894814217515424,2.3263957284785466,169.79172721886033,-0.041015625,0.033203125,1.00439453125,0.0,-0.18310546875,-0.06103515625,0.0,0.0,0.0,0.021687693893909454,-0.014659871347248554,-0.9957231879234314,0.08860144764184952
3.0198609828948975,-1.8931331372059546,2.275857878149153,169.79590729463237,-0.0400390625,0.03369140625,1.00634765625,-0.1220703125,-0.8544921875,-0.1220703125,0.0,0.0,0.0,0.021246742457151413,-0.01468540821224451,-0.9957348108291626,0.0885734111070633
3.0389554500579834,-1.990969834094275,2.2945779325602773,169.79538820025547,-0.04052734375,0.0341796875,1.0048828125,-0.06103515625,-0.9765625,-0.244140625,0.0,0.0,0.0,0.021485082805156708,-0.015520870685577393,-0.9957184791564941,0.08855660259723663
3.0603487491607666,-2.0007954881021615,2.3852956513427404,169.79768314381658,-0.0419921875,0.03564453125,1.00390625,0.1220703125,-0.67138671875,-0.1220703125,0.0,0.0,0.0,0.022280577570199966,-0.015536032617092133,-0.9957041144371033,0.08851968497037888
3.0823683738708496,-2.1198569978362967,2.395997703998504,169.79648103052267,-0.04150390625,0.03662109375,1.0029296875,-0.30517578125,-0.42724609375,-0.1220703125,0.0,0.0,0.0,0.022465696558356285,-0.016561996191740036,-0.9956846833229065,0.08850497752428055
3.099170207977295,-1.9608472057506379,2.2423617766857644,169.80579740855057,-0.0390625,0.0341796875,1.001953125,-0.3662109375,-0.42724609375,0.0,0.0,0.0,0.0,0.021006714552640915,-0.015301699750125408,-0.9957388639450073,0.0884803980588913
3.1220486164093018,-1.977653953420512,2.2710374721424165,169.80985454091754,-0.0390625,0.03466796875,1.00439453125,0.18310546875,-0.67138671875,-0.1220703125,0.0,0.0,0.0,0.02126830816268921,-0.01542618591338396,-0.9957351684570312,0.08843730390071869
3.1391968727111816,-1.9160405244651195,2.376355360606017,169.8153323526319,-0.0419921875,0.033203125,1.00439453125,0.30517578125,-0.9765625,-0.18310546875,0.0,0.0,0.0,0.022135140374302864,-0.014809951186180115,-0.9957304000854492,0.08838418871164322
3.1543500423431396,-1.9294650478353679,2.4076333581364437,169.81839227738007,-0.04248046875,0.0341796875,1.0029296875,-0.3662109375,-1.0986328125,-0.18310546875,0.0,0.0,0.0,0.022416867315769196,-0.01490288507193327,-0.9957257509231567,0.08834996819496155
3.1790359020233154,-2.0230108918210394,2.3427081412072415,169.81552359792866,-0.041015625,0.03564453125,1.0029296875,-0.3662109375,-0.42724609375,0.0,0.0,0.0,0.0,0.02192525938153267,-0.01576564647257328,-0.9957218766212463,0.08836757391691208
3.2028627395629883,-1.9201326615516034,2.220461415442353,169.82426624006627,-0.03955078125,0.03369140625,1.00537109375,0.1220703125,-0.54931640625,-0.18310546875,0.0,0.0,0.0,0.020782573148608208,-0.014968295581638813,-0.9957618713378906,0.08833089470863342
3.219661235809326,-1.931083375781838,2.3510260309558473,169.8269026930859,-0.041015625,0.03369140625,1.00439453125,-0.3662109375,-0.42724609375,-0.1220703125,0.0,0.0,0.0,0.021925151348114014,-0.014962567016482353,-0.9957415461540222,0.08828485757112503
3.239100694656372,-1.8671402119892364,2.340793126918699,169.83324110863566,-0.041015625,0.03271484375,1.00732421875,0.0,-1.03759765625,-0.18310546875,0.0,0.0,0.0,0.021786170080304146,-0.014416081830859184,-0.9957563877105713,0.08824364095926285
3.259265422821045,-1.9160804383830818,2.3044861891684385,169.833896806796,-0.04052734375,0.03369140625,1.00537109375,0.244140625,-0.67138671875,-0.18310546875,0.0,0.0,0.0,0.021508298814296722,-0.014869645237922668,-0.9957565069198608,0.08823442459106445
3.2790684700012207,-1.976420037058267,2.3243123073382814,169.83190239155834,-0.041015625,0.03466796875,1.0029296875,0.0,-0.48828125,0.0,0.0,0.0,0.0,0.021727293729782104,-0.01537820789963007,-0.9957438111305237,0.08823719620704651
3.304466485977173,-2.0666457687770774,2.2711757834731094,169.83026314615756,-0.0400390625,0.0361328125,1.00537109375,-0.42724609375,-0.42724609375,0.06103515625,0.0,0.0,0.0,0.0213352981954813,-0.01620316132903099,-0.9957386255264282,0.08824340254068375
3.319387435913086,-2.0386148858667568,2.3451868595457213,169.8351945427383,-0.041015625,0.03564453125,1.00439453125,-0.244140625,-0.6103515625,0.0,0.0,0.0,0.0,0.021956101059913635,-0.015903078019618988,-0.9957343935966492,0.08819318562746048
3.335502862930298,-1.9946858838895851,2.370493991081088,169.84080895823604,-0.0419921875,0.03466796875,1.0068359375,0.3662109375,-0.732421875,-0.30517578125,0.0,0.0,0.0,0.02214142121374607,-0.015502803958952427,-0.9957406520843506,0.08814866840839386
3.3651509284973145,-1.9519536591210465,2.30944661405316,169.84530322270993,-0.04052734375,0.0341796875,1.00390625,0.0,-1.03759765625,-0.244140625,0.0,0.0,0.0,0.021577510982751846,-0.015179671347141266,-0.9957597255706787,0.0881277322769165
3.379154682159424,-1.9448790772447941,2.275985944196091,169.84982480794048,-0.0400390625,0.0341796875,1.00537109375,-0.3662109375,-0.732421875,-0.1220703125,0.0,0.0,0.0,0.021280726417899132,-0.015144962817430496,-0.9957696199417114,0.08809526264667511
3.3990776538848877,-1.968927746425586,2.3868601915494962,169.85254322323013,-0.0419921875,0.03466796875,1.00390625,-0.18310546875,-0.18310546875,-0.1220703125,0.0,0.0,0.0,0.022262249141931534,-0.015268570743501186,-0.9957503080368042,0.08804891258478165
3.4177541732788086,-2.014949561053132,2.358130921796542,169.85384095917243,-0.04150390625,0.03515625,1.0048828125,-0.06103515625,-0.18310546875,0.1220703125,0.0,0.0,0.0,0.022047802805900574,-0.015690984204411507,-0.9957498908042908,0.08803349733352661
3.4390604496002197,-1.883340780370272,2.379877817227039,169.86180495974466,-0.0419921875,0.033203125,1.00634765625,0.0,-1.15966796875,-0.244140625,0.0,0.0,0.0,0.022134633734822273,-0.014532049186527729,-0.995769739151001,0.08798613399267197
3.4600772857666016,-1.9196024681172812,2.25015246120781,169.8626655635801,-0.0400390625,0.03369140625,1.00390625,-0.244140625,-1.0986328125,-0.18310546875,0.0,0.0,0.0,0.021035145968198776,-0.014947687275707722,-0.9957868456840515,0.08799250423908234
3.478978395462036,-2.0061078811725506,2.278959210919162,169.86426382784586,-0.0400390625,0.03515625,1.00341796875,0.06103515625,-0.8544921875,-0.30517578125,0.0,0.0,0.0,0.021351654082536697,-0.01567741297185421,-0.9957720041275024,0.08795788884162903
3.494964838027954,-1.9544142347695437,2.2733151267872045,169.86875809231975,-0.04052734375,0.0341796875,1.00439453125,-0.06103515625,-0.06103515625,0.0,0.0,0.0,0.0,0.021262334659695625,-0.015233402140438557,-0.9957833290100098,0.08792948722839355
3.5191571712493896,-1.8850457663418363,2.4095131542620782,169.87472767765433,-0.0419921875,0.03271484375,1.0048828125,-0.1220703125,-0.8544921875,-0.06103515625,0.0,0.0,0.0,0.02239181101322174,-0.014526458457112312,-0.995774507522583,0.08786880224943161
3.5392136573791504,-1.8729663633512572,2.307514310848281,169.8778968854292,-0.04052734375,0.03271484375,1.00439453125,-0.06103515625,-1.15966796875,-0.244140625,0.0,0.0,0.0,0.021495847031474113,-0.014500904828310013,-0.9957953691482544,0.08785972744226456
3.5588502883911133,-1.8683730611344236,2.331338864446932,169.8792629232632,-0.041015625,0.03271484375,1.005859375,0.06103515625,-0.54931640625,-0.1220703125,0.0,0.0,0.0,0.021699173375964165,-0.01444284338504076,-0.9957931041717529,0.08784496784210205
3.5791022777557373,-1.9818222898049238,2.3084662684638517,169.87658548910858,-0.04052734375,0.03466796875,1.00439453125,-0.18310546875,-0.244140625,0.0,0.0,0.0,0.0,0.02158774621784687,-0.015445869415998459,-0.9957799315452576,0.08785046637058258
3.599349021911621,-1.9545222371357944,2.371842099668519,169.87991862142354,-0.041015625,0.03466796875,1.00341796875,-0.244140625,-0.48828125,0.1220703125,0.0,0.0,0.0,0.022117065265774727,-0.01516031101346016,-0.9957756996154785,0.08781624585390091
3.61954927444458,-1.8779103530932886,2.2788618807234893,169.88583356524478,-0.0400390625,0.03271484375,1.00390625,0.18310546875,-0.67138671875,-0.18310546875,0.0,0.0,0.0,0.02124965377151966,-0.014567471109330654,-0.9958054423332214,0.08779437839984894
3.6400413513183594,-1.887437186324987,2.2458451731624707,169.89047809388038,-0.0400390625,0.033203125,1.005859375,0.244140625,-0.732421875,-0.3662109375,0.0,0.0,0.0,0.020969457924365997,-0.01467659417539835,-0.9958130121231079,0.0877574011683464
3.659090280532837,-1.8993810527492236,2.3693766148215563,169.8930462450083,-0.0419921875,0.033203125,1.00634765625,-0.18310546875,-1.03759765625,-0.18310546875,0.0,0.0,0.0,0.022051699459552765,-0.014685575850307941,-0.9957934021949768,0.08771318197250366
3.6813080310821533,-1.9227925933465002,2.3268691459653934,169.8947537923008,-0.041015625,0.0341796875,1.0029296875,-0.30517578125,-0.732421875,-0.18310546875,0.0,0.0,0.0,0.02170003578066826,-0.014922131784260273,-0.995798647403717,0.0877007469534874
3.6990489959716797,-1.9131131480755343,2.3152817300384667,169.89704873586194,-0.04052734375,0.03369140625,1.00537109375,-0.1220703125,-0.06103515625,-0.06103515625,0.0,0.0,0.0,0.021591639146208763,-0.014847386628389359,-0.9958035349845886,0.08768447488546371
3.719193935394287,-1.8979902554794799,2.2842869719151837,169.89995839644837,-0.0400390625,0.03369140625,1.00390625,0.0,-0.3662109375,-0.06103515625,0.0,0.0,0.0,0.021310361102223396,-0.014740407466888428,-0.9958128333091736,0.08766698092222214
3.740381956100464,-2.032169962054615,2.298231016549176,169.89803228310242,-0.04052734375,0.03564453125,1.0048828125,-0.1220703125,-1.03759765625,-0.18310546875,0.0,0.0,0.0,0.021534431725740433,-0.01589532010257244,-0.9957911968231201,0.08765632659196854
3.754253387451172,-1.9396076653094254,2.3298981214188825,169.90517666097426,-0.041015625,0.0341796875,1.005859375,0.06103515625,-0.91552734375,-0.244140625,0.0,0.0,0.0,0.021737851202487946,-0.015067894011735916,-0.9958040118217468,0.08760654926300049
3.7791755199432373,-1.933534133033403,2.3718062411753764,169.9088513027477,-0.041015625,0.03369140625,1.00390625,0.0,-0.3662109375,-0.18310546875,0.0,0.0,0.0,0.022096889093518257,-0.014983532018959522,-0.9958006739616394,0.0875689759850502
3.7993593215942383,-1.947947753172834,2.346730055411321,169.91169266144243,-0.0419921875,0.03564453125,1.005859375,-0.3662109375,-0.30517578125,-0.18310546875,0.0,0.0,0.0,0.02188962697982788,-0.015128646045923233,-0.9958050847053528,0.0875454843044281
3.8155860900878906,-1.970945000108267,2.4398940491337067,169.90971190658314,-0.04296875,0.03369140625,1.00439453125,-0.06103515625,-0.8544921875,0.244140625,0.0,0.0,0.0,0.02271699719130993,-0.015256352722644806,-0.9957848787307739,0.08754289895296097
3.8393988609313965,-1.8576908587159353,2.273159953426998,169.90434337789551,-0.03564453125,0.03173828125,1.0048828125,0.0,-0.30517578125,0.6103515625,0.0,0.0,0.0,0.021182287484407425,-0.014399581588804722,-0.9958231449127197,0.08763820677995682
3.854811429977417,-1.9780355902403866,2.129514031549048,169.89427567905892,-0.03369140625,0.03759765625,1.0009765625,0.6103515625,1.40380859375,-0.42724609375,0.0,0.0,0.0,0.02002744749188423,-0.015554309822618961,-0.9958218336105347,0.08772701770067215
3.8749237060546875,-2.1244204179755113,2.0296455668260607,169.94848006031214,-0.033203125,0.0439453125,0.99658203125,-0.06103515625,2.197265625,-4.69970703125,0.0,0.0,0.0,0.01926369033753872,-0.0169125497341156,-0.995856761932373,0.08724775910377502
3.9022083282470703,-2.162820808706381,2.3195213565223405,170.07755697524703,-0.083984375,0.03759765625,1.0029296875,-0.79345703125,1.220703125,-4.8828125,0.0,0.0,0.0,0.02179267257452011,-0.017048398032784462,-0.9959049820899963,0.08606777340173721
3.92039155960083,-2.0708975615354106,2.4948617040266767,170.18517343580976,-0.04541015625,0.03125,1.0166015625,0.48828125,-0.18310546875,-5.67626953125,0.0,0.0,0.0,0.023232242092490196,-0.016138460487127304,-0.9959691762924194,0.08511966466903687
3.940659284591675,-2.0105652199362183,2.300501200674559,170.2975163872781,-0.02392578125,0.03076171875,1.00634765625,-0.244140625,0.48828125,-5.06591796875,0.0,0.0,0.0,0.021482747048139572,-0.01578081026673317,-0.9960933327674866,0.0841880664229393
3.959348201751709,-1.8781775842445654,2.2270301364332012,170.36126937299102,-0.0390625,0.0283203125,0.99755859375,-1.15966796875,-0.30517578125,-3.35693359375,0.0,0.0,0.0,0.020738668739795685,-0.014695968478918076,-0.9961692690849304,0.08367009460926056
3.9790449142456055,-1.6505448815677886,2.2267144536275,170.41305586727805,-0.0380859375,0.02392578125,1.01025390625,-0.732421875,-0.244140625,-1.3427734375,0.0,0.0,0.0,0.020563924685120583,-0.01272660680115223,-0.9962343573570251,0.08326096832752228
3.9992616176605225,-1.4428654026124403,2.1872649885287987,170.42458522659703,-0.0380859375,0.02294921875,1.00927734375,0.06103515625,-0.48828125,0.42724609375,0.0,0.0,0.0,0.020068932324647903,-0.010951928794384003,-0.9962703585624695,0.0832027718424797
4.015646696090698,-1.6494601621502258,2.129739854678482,170.4083976782641,-0.03564453125,0.03369140625,0.99609375,0.18310546875,-0.42724609375,0.18310546875,0.0,0.0,0.0,0.019720610231161118,-0.01278730295598507,-0.9962460994720459,0.08331511169672012
4.039688587188721,-1.3587101082401842,2.164878616637259,170.4116351879307,-0.05419921875,-0.09375,0.9521484375,-6.89697265625,5.126953125,0.30517578125,0.0,0.0,0.0,0.019814355298876762,-0.010234377346932888,-0.9962722659111023,0.08333264291286469
4.059167861938477,-1.10678829237949,2.146625789854046,170.48504606113,-0.05224609375,-0.11181640625,1.08447265625,1.46484375,-0.48828125,-2.62451171875,0.0,0.0,0.0,0.019467249512672424,-0.008069929666817188,-0.9963484406471252,0.08273950964212418
4.083259582519531,-0.957360401925713,2.1923786657830227,170.6037137677698,-0.060546875,-0.00439453125,1.00244140625,0.1220703125,0.42724609375,-3.11279296875,0.0,0.0,0.0,0.019750157371163368,-0.006757965311408043,-0.9964359998703003,0.08172907680273056
4.10006308555603,-0.7065178093147337,2.2417165372526098,170.66641490435052,-0.0673828125,-0.10400390625,0.86376953125,-12.75634765625,-0.79345703125,-2.685546875,0.0,0.0,0.0,0.0199977308511734,-0.004552372731268406,-0.9964848756790161,0.0812235102057457
4.118934154510498,-0.4750125494611183,2.2852850333076518,170.79885227235707,-0.015625,-0.03466796875,1.197265625,18.6767578125,-11.90185546875,-13.24462890625,0.0,0.0,0.0,0.020209550857543945,-0.0025316006503999233,-0.9965779185295105,0.08010988682508469
4.1392223834991455,-0.5464409068929663,2.3700385028408126,170.915115752409,-0.041015625,-0.025390625,0.8876953125,-9.94873046875,1.953125,-8.11767578125,0.0,0.0,0.0,0.020993398502469063,-0.003114714752882719,-0.9966422319412231,0.0790814459323883
4.159434795379639,-0.12988922719845647,2.3539928943765718,171.09548738801072,-0.04931640625,-0.224609375,0.99609375,-9.46044921875,1.52587890625,-7.8125,0.0,0.0,0.0,0.020566992461681366,0.0004647267051041126,-0.9967732429504395,0.07758873701095581
4.180343866348267,-0.08918800987243149,2.245658623620765,171.389335786483,-0.01513671875,0.0048828125,1.1904296875,12.02392578125,-8.9111328125,-17.15087890625,0.0,0.0,0.0,0.019598929211497307,0.0006951202522031963,-0.996987521648407,0.07504187524318695
4.199333190917969,0.05383048509206919,2.423500527908618,171.58955595181274,-0.0849609375,-0.181640625,0.8134765625,-3.47900390625,7.01904296875,-9.94873046875,0.0,0.0,0.0,0.021056080237030983,0.002019115025177598,-0.9970839619636536,0.07332266122102737
4.219282627105713,0.08301491291502172,2.2433709371356336,171.85355642361208,-0.05615234375,0.04736328125,1.08349609375,2.50244140625,-3.173828125,-6.53076171875,0.0,0.0,0.0,0.019474953413009644,0.0021129699889570475,-0.9972817301750183,0.07103174924850464
4.239082336425781,0.3734165538062199,2.391872269739816,171.948646317237,-0.0439453125,-0.2509765625,0.84619140625,-5.67626953125,6.40869140625,-2.38037109375,0.0,0.0,0.0,0.02059117890894413,0.004715164192020893,-0.9973053932189941,0.07025565207004547
4.2596259117126465,0.871666927608029,2.3135660718963242,172.02681100209864,-0.02978515625,-0.34326171875,0.9658203125,-19.8974609375,9.521484375,0.1220703125,0.0,0.0,0.0,0.019610140472650528,0.008990214206278324,-0.9973375201225281,0.06966006010770798
4.27985954284668,1.232173063181176,2.249389827898296,172.05559341926107,-0.0390625,-0.3701171875,1.06494140625,0.1220703125,-2.3193359375,-0.54931640625,0.0,0.0,0.0,0.01883537322282791,0.012084261514246464,-0.9973333477973938,0.06946570426225662
4.294410467147827,1.4672909061363464,2.2105841081288684,172.03487062531926,-0.04931640625,-0.337890625,1.0234375,1.708984375,-6.2255859375,-1.64794921875,0.0,0.0,0.0,0.018352510407567024,0.01411050371825695,-0.9973006844520569,0.06968063861131668
4.31479024887085,1.6814031426293772,2.158973918099783,172.0087793026898,-0.029296875,-0.27734375,0.9609375,-3.5400390625,-5.43212890625,-1.40380859375,0.0,0.0,0.0,0.017769474536180496,0.01594681479036808,-0.9972658157348633,0.06993591785430908
4.3397510051727295,1.9075969165471027,2.141873472295598,172.03186534208444,-0.02685546875,-0.2861328125,0.99658203125,-4.69970703125,-2.0751953125,-1.77001953125,0.0,0.0,0.0,0.017486173659563065,0.017901429906487465,-0.99724942445755,0.06976770609617233
4.364907503128052,2.1940317850055773,2.0593993649545173,172.11556248017376,-0.083984375,-0.30322265625,1.04345703125,-5.2490234375,-4.638671875,-3.0517578125,0.0,0.0,0.0,0.016608836129307747,0.020332250744104385,-0.9972662925720215,0.06906997412443161
4.38109564781189,2.360680716791072,2.057908035837927,172.14852497310827,-0.07275390625,-0.3056640625,1.072265625,1.28173828125,-4.638671875,-1.220703125,0.0,0.0,0.0,0.0165016558021307,0.021776901558041573,-0.9972558617591858,0.06880691647529602
4.399393081665039,2.4722815255174377,1.9613067494157328,172.18492988138442,-0.04052734375,-0.26904296875,0.984375,-1.40380859375,-3.7841796875,-0.48828125,0.0,0.0,0.0,0.015601120889186859,0.022685792297124863,-0.9972718954086304,0.06848905980587006
4.423068046569824,2.6957029896840785,1.8633242706773148,172.2645835474851,0.03564453125,-0.26220703125,1.03076171875,1.40380859375,3.41796875,-2.99072265625,0.0,0.0,0.0,0.014631896279752254,0.02456207200884819,-0.9972887635231018,0.06780698150396347
4.434738397598267,2.7916037548295236,1.8262920522145636,172.36112144121407,0.05517578125,-0.23583984375,1.02490234375,2.685546875,-0.732421875,-8.9111328125,0.0,0.0,0.0,0.014274213463068008,0.025363005697727203,-0.9973304271697998,0.06697151064872742
4.459304332733154,2.9596784886042586,1.8918785168327878,172.46980341128733,-0.0166015625,-0.20947265625,0.90185546875,0.3662109375,2.685546875,-6.65283203125,0.0,0.0,0.0,0.014772270806133747,0.026849664747714996,-0.9973449110984802,0.06606060266494751
4.479401111602783,3.138088152366869,2.011613653973815,172.5758079472059,-0.03857421875,-0.22021484375,0.92138671875,-0.1220703125,4.69970703125,-4.94384765625,0.0,0.0,0.0,0.015737850219011307,0.028455959632992744,-0.9973430633544922,0.06518843024969101
4.499298810958862,3.3440772662243448,2.0523644835528154,172.673998746714,-0.087890625,-0.1982421875,1.0322265625,-0.79345703125,1.77001953125,-3.11279296875,0.0,0.0,0.0,0.016001254320144653,0.030257856473326683,-0.9973388314247131,0.06437191367149353
4.519288539886475,3.4845608105165784,2.0245984839162445,172.79871800095844,-0.02978515625,-0.17138671875,1.16015625,3.173828125,0.67138671875,-7.99560546875,0.0,0.0,0.0,0.015714894980192184,0.03144809976220131,-0.9973751902580261,0.06329896301031113
4.549253702163696,3.7251348006798257,2.3180870167966376,173.22371969187333,-0.18701171875,-0.11865234375,0.84423828125,-2.0751953125,7.75146484375,-16.11328125,0.0,0.0,0.0,0.018261240795254707,0.033633578568696976,-0.9974817037582397,0.05971270799636841
4.560797929763794,3.7379307332030214,2.471830092701982,173.53590031807792,-0.20166015625,-0.12939453125,1.04638671875,5.31005859375,-0.91552734375,-23.74267578125,0.0,0.0,0.0,0.019685011357069016,0.03376978263258934,-0.9976065158843994,0.05703919753432274
4.579033374786377,3.692433135594274,2.6592859151334514,173.97381106652412,-0.10693359375,-0.076171875,1.09814453125,6.34765625,7.87353515625,-32.04345703125,0.0,0.0,0.0,0.02146744914352894,0.033382873982191086,-0.9977911710739136,0.05326934531331062
4.599369049072266,3.691856838383054,2.9715015460575507,174.68401413642206,-0.193359375,-0.04052734375,0.86669921875,-3.0517578125,10.498046875,-36.68212890625,0.0,0.0,0.0,0.024393701925873756,0.03336826339364052,-0.9980313777923584,0.0471687912940979
4.6192052364349365,3.676081662721263,3.184374636824753,175.5012872517491,-0.23681640625,-0.08740234375,0.95654296875,8.056640625,-4.57763671875,-43.9453125,0.0,0.0,0.0,0.026491254568099976,0.033127252012491226,-0.9982947707176208,0.04010375589132309
4.639526844024658,3.6447865897179113,3.3093583474561123,176.48401486953054,-0.1533203125,-0.01025390625,0.93359375,0.1220703125,5.43212890625,-52.8564453125,0.0,0.0,0.0,0.027872201055288315,0.032658569514751434,-0.9985790848731995,0.03156747296452522
4.6595306396484375,3.683021561804819,3.467366663054718,177.646444764375,-0.18408203125,-0.001953125,1.01611328125,-3.11279296875,-3.35693359375,-61.03515625,0.0,0.0,0.0,0.029572203755378723,0.03273442015051842,-0.9987953305244446,0.021489202976226807
4.683184623718262,3.645012839734168,3.4387334428369667,179.24793287944624,-0.169921875,-0.06591796875,1.09716796875,8.97216796875,-3.11279296875,-67.19970703125,0.0,0.0,0.0,0.029779650270938873,0.03198518976569176,-0.9990164041519165,0.007510969880968332
4.700040340423584,3.5432018265225462,3.5044392223222545,-179.74097691487276,-0.12451171875,-0.01171875,1.0048828125,3.60107421875,3.35693359375,-68.17626953125,0.0,0.0,0.0,0.030632387846708298,0.030831728130578995,-0.9990541934967041,-0.0013129018479958177
4.720006465911865,3.5450654009489018,3.724701510554353,-178.32334383187995,-0.09912109375,0.01904296875,0.92333984375,-6.16455078125,14.22119140625,-72.8759765625,0.0,0.0,0.0,0.032931722700595856,0.03043668530881405,-0.9989014267921448,-0.013611266389489174
4.739302158355713,3.5328790628091298,4.046557099718279,-176.80969194953508,-0.1455078125,-0.0517578125,1.00244140625,2.685546875,11.90185546875,-75.8056640625,0.0,0.0,0.0,0.036132629960775375,0.029811808839440346,-0.9985449314117432,-0.02671865187585354
4.754176616668701,3.5381412966778014,4.182709236859667,-175.24116632739833,-0.2197265625,-0.0078125,1.013671875,2.685546875,-3.41796875,-79.89501953125,0.0,0.0,0.0,0.03772489354014397,0.029309695586562157,-0.9980431795120239,-0.040343690663576126
4.7794294357299805,3.432976447140292,4.248797720381887,-173.6016887001635,-0.14501953125,-0.00537109375,1.13671875,6.65283203125,5.2490234375,-82.6416015625,0.0,0.0,0.0,0.03866536542773247,0.027818866074085236,-0.997369647026062,-0.054634757339954376
4.799904823303223,3.2695716417671417,4.423050360260898,-171.92730880626988,-0.193359375,-0.02978515625,1.0400390625,11.71875,2.38037109375,-83.3740234375,0.0,0.0,0.0,0.04048403352499008,0.025721430778503418,-0.9964484572410583,-0.06921004503965378
4.816547870635986,3.16213532744378,4.418155675946938,-170.26418506412847,-0.26123046875,0.0234375,0.9326171875,5.126953125,-1.0986328125,-83.984375,0.0,0.0,0.0,0.04073209688067436,0.0242016464471817,-0.995363712310791,-0.08370377868413925
4.834786891937256,3.2067953731055545,4.604494335562287,-168.58201875458104,-0.20458984375,0.02685546875,0.90283203125,-0.3662109375,8.48388671875,-84.41162109375,0.0,0.0,0.0,0.04273726046085358,0.02382517419755459,-0.9939594268798828,-0.0982382744550705
4.859780788421631,3.086252992981996,4.873421508187315,-166.87440316018615,-0.21533203125,-0.04052734375,1.12890625,13.97705078125,4.57763671875,-86.181640625,0.0,0.0,0.0,0.04529691860079765,0.021871265023946762,-0.9923198819160461,-0.11301000416278839
4.879962682723999,3.0248549284288706,5.027737252765882,-165.16375496179978,-0.244140625,0.0458984375,0.95703125,2.50244140625,3.84521484375,-85.8154296875,0.0,0.0,0.0,0.04688335582613945,0.02048676460981369,-0.9904804229736328,-0.12779207527637482
4.89911150932312,3.1217343316163313,5.1269709367828815,-163.47485408573073,-0.2900390625,0.017578125,0.939453125,-1.220703125,-4.82177734375,-82.8857421875,0.0,0.0,0.0,0.04815622791647911,0.020503953099250793,-0.988437831401825,-0.1423071175813675
4.919349193572998,3.1997604917038527,5.007281689975341,-161.89938899139725,-0.2919921875,-0.0576171875,0.9912109375,4.69970703125,-13.0615234375,-76.0498046875,0.0,0.0,0.0,0.047509822994470596,0.02067694440484047,-0.9864152073860168,-0.155885711312294
4.939144134521484,3.226778585626308,5.053420898479246,-160.4948835319892,-0.1240234375,-0.0107421875,0.9326171875,-2.0751953125,5.859375,-66.95556640625,0.0,0.0,0.0,0.04819547384977341,0.02025659568607807,-0.9844103455543518,-0.1679384410381317
4.959165811538696,3.350289536717883,5.125533181962594,-159.31648465486523,-0.19287109375,-0.0341796875,0.884765625,-5.2490234375,-7.9345703125,-53.5888671875,0.0,0.0,0.0,0.04921117424964905,0.02070540562272072,-0.9825851917266846,-0.17797723412513733
4.9795143604278564,3.4339480415497263,5.120138613178754,-158.44967900767725,-0.12841796875,-0.05712890625,1.0283203125,1.8310546875,-5.7373046875,-37.65869140625,0.0,0.0,0.0,0.049455560743808746,0.02105775475502014,-0.9811975359916687,-0.1853702813386917
4.999332904815674,3.300211870383819,4.942226699451908,-157.90971157265272,-0.07763671875,0.0078125,1.14404296875,0.18310546875,-7.9345703125,-23.98681640625,0.0,0.0,0.0,0.04781113192439079,0.019979333505034447,-0.9803951382637024,-0.19010639190673828
5.019422292709351,3.1871566582510638,4.852772138779073,-157.57542845429396,-0.0166015625,0.01171875,1.1103515625,2.44140625,7.8125,-13.12255859375,0.0,0.0,0.0,0.046914245933294296,0.01902557536959648,-0.9798839688301086,-0.1930403858423233
5.042426824569702,2.956955377559539,4.820512728442281,-157.4144272351784,-0.13232421875,0.01611328125,0.98681640625,5.43212890625,-8.85009765625,-6.53076171875,0.0,0.0,0.0,0.04627460986375809,0.017047038301825523,-0.9796580672264099,-0.19452029466629028
5.059097528457642,2.744086128773745,4.738420257921074,-157.2998166609056,-0.03515625,0.04345703125,0.95751953125,1.953125,-1.46484375,-7.4462890625,0.0,0.0,0.0,0.04522695764899254,0.015322758816182613,-0.9795188307762146,-0.19560837745666504
5.075515985488892,2.479684810247497,4.673403687211723,-157.12699921452594,-0.0517578125,0.00732421875,1.01318359375,5.37109375,4.21142578125,-7.14111328125,0.0,0.0,0.0,0.04423974081873894,0.013107974082231522,-0.9792757034301758,-0.19720587134361267
5.0948216915130615,2.312981450392053,4.63433500515925,-157.0441900010287,-0.12939453125,0.046875,0.88916015625,-2.685546875,-9.33837890625,-5.859375,0.0,0.0,0.0,0.04362751916050911,0.01171963382512331,-0.9791631102561951,-0.19798704981803894
5.119137763977051,2.286892048753309,4.657929039873412,-156.92138319975186,-0.005859375,0.05078125,1.03125,-4.21142578125,8.4228515625,-8.23974609375,0.0,0.0,0.0,0.04379623010754585,0.011408676393330097,-0.9789456725120544,-0.19904068112373352
5.1393256187438965,2.094235677599109,4.608356380651106,-156.76964371715087,-0.0859375,0.00537109375,1.21044921875,5.2490234375,-2.13623046875,-7.62939453125,0.0,0.0,0.0,0.043051157146692276,0.009792583994567394,-0.9787144660949707,-0.20042139291763306
5.159282922744751,1.919678667415209,4.608211666018066,-156.65205518039994,-0.11181640625,0.0537109375,0.93017578125,-1.64794921875,-4.5166015625,-5.37109375,0.0,0.0,0.0,0.04275307059288025,0.008258087560534477,-0.9785220623016357,-0.20149098336696625
5.179549217224121,1.8056211250217546,4.508300939499589,-156.5552577394825,-0.07275390625,0.0322265625,0.833984375,-3.90625,-8.72802734375,-6.103515625,0.0,0.0,0.0,0.04170582443475723,0.007425692863762379,-0.9783903956413269,-0.20238035917282104
5.199252367019653,1.863230355576227,4.539963562057653,-156.44343388239105,-0.00244140625,0.0458984375,0.9072265625,-12.39013671875,11.71875,-5.55419921875,0.0,0.0,0.0,0.04208547994494438,0.007820232771337032,-0.9781787991523743,-0.20330744981765747
5.21915864944458,1.8508032532682122,4.5839892539002625,-156.37431236799054,-0.1298828125,-0.017578125,1.03564453125,0.244140625,-3.35693359375,-3.41796875,0.0,0.0,0.0,0.04244373366236687,0.007609960623085499,-0.9780431985855103,-0.2038928121328354
5.23939061164856,1.6468562592508642,4.4808819988502195,-156.31743055258266,-0.0771484375,0.0341796875,1.15234375,1.15966796875,-9.09423828125,-4.33349609375,0.0,0.0,0.0,0.04120394587516785,0.006033336743712425,-0.9779859185218811,-0.20447345077991486
5.259319067001343,1.5340181190676687,4.3538972562354585,-156.2145132621689,0.03564453125,0.0751953125,1.12451171875,-2.3193359375,5.4931640625,-6.591796875,0.0,0.0,0.0,0.0399237759411335,0.005262219347059727,-0.977846086025238,-0.20541560649871826
5.279375791549683,1.4144673970342314,4.316738038942827,-156.1098064621926,-0.072265625,0.03125,1.01953125,1.46484375,-2.197265625,-4.45556640625,0.0,0.0,0.0,0.039396338164806366,0.004272982478141785,-0.9776740670204163,-0.20635689795017242
5.299725532531738,1.2024104071511397,4.214773559918291,-156.0246476636209,-0.07080078125,0.0302734375,0.95166015625,1.89208984375,-5.37109375,-5.67626953125,0.0,0.0,0.0,0.03814653679728508,0.002619762672111392,-0.9775571227073669,-0.20717208087444305
5.31939172744751,1.0362772613696867,4.031868351021343,-155.8837681818002,0.00048828125,0.0390625,0.95458984375,1.5869140625,-1.89208984375,-8.9111328125,0.0,0.0,0.0,0.03628784418106079,0.0014897063374519348,-0.9773574471473694,-0.20845484733581543
5.341272830963135,0.8614040881324089,3.853680668406758,-155.70842356542764,-0.02197265625,0.01220703125,1.02099609375,4.7607421875,1.15966796875,-9.46044921875,0.0,0.0,0.0,0.03445049375295639,0.00027052214136347175,-0.9770882725715637,-0.21002791821956635
5.3544371128082275,0.6627930193215749,3.7252124940816342,-155.55604204504465,-0.091796875,0.05419921875,0.8974609375,-5.31005859375,-7.01904296875,-7.50732421875,0.0,0.0,0.0,0.03298947587609291,-0.0012308908626437187,-0.9768418669700623,-0.21140064299106598
5.379204273223877,0.5810037451664936,3.696858244402796,-155.39038263691518,0.00146484375,0.03076171875,1.1240234375,0.0,3.84521484375,-10.19287109375,0.0,0.0,0.0,0.032594140619039536,-0.0019228371093049645,-0.9765416979789734,-0.21283909678459167
5.399571180343628,0.355268501057658,3.5462310154194467,-155.19905537788478,-0.07080078125,0.0126953125,1.1484375,6.28662109375,-3.90625,-10.3759765625,0.0,0.0,0.0,0.030885210260748863,-0.00361798913218081,-0.9762188196182251,-0.21454590559005737
5.4191694259643555,0.1948950056753107,3.5289226757324,-155.02621061074842,-0.078125,0.064453125,0.88427734375,-2.13623046875,-5.31005859375,-8.85009765625,0.0,0.0,0.0,0.030429968610405922,-0.00499770138412714,-0.9758924841880798,-0.21606236696243286
5.434908866882324,0.10260903143670903,3.4702722682163234,-154.85489580598616,-0.05859375,0.025390625,0.83984375,-5.615234375,-4.33349609375,-8.48388671875,0.0,0.0,0.0,0.029747962951660156,-0.005717483349144459,-0.9755791425704956,-0.21754927933216095
5.454377889633179,0.10770856139481029,3.4456468749374887,-154.67735186870087,-0.0224609375,0.0146484375,0.97265625,-5.92041015625,7.38525390625,-8.72802734375,0.0,0.0,0.0,0.029539240524172783,-0.005673081148415804,-0.9752474427223206,-0.21906089782714844
5.4796459674835205,0.09331803316446778,3.564945093415047,-154.5486984254945,-0.126953125,-0.005859375,1.0400390625,4.39453125,-2.197265625,-5.31005859375,0.0,0.0,0.0,0.030520226806402206,-0.0060579306446015835,-0.9749692678451538,-0.22015149891376495
5.499404430389404,-0.06836666510543024,3.464082622724411,-154.4307547189067,-0.068359375,0.0498046875,1.1220703125,4.5166015625,-7.6904296875,-6.28662109375,0.0,0.0,0.0,0.02934393100440502,-0.007269995752722025,-0.974759042263031,-0.22120323777198792
5.514554977416992,-0.18542198686375258,3.4089779371612177,-154.2758050473958,0.03173828125,0.0693359375,1.08349609375,-0.8544921875,7.99560546875,-8.4228515625,0.0,0.0,0.0,0.028638146817684174,-0.00819810014218092,-0.9744653105735779,-0.22255343198776245
5.537679672241211,-0.3360560326960584,3.414661294880903,-154.1682295679681,-0.1337890625,0.0126953125,1.0068359375,4.82177734375,-7.080078125,-4.150390625,0.0,0.0,0.0,0.028384979814291,-0.009516737423837185,-0.9742428064346313,-0.22350534796714783
5.559309005737305,-0.47005591319695184,3.429280887912492,-154.09424495887853,-0.06201171875,0.0439453125,0.9091796875,-0.48828125,-1.708984375,-3.47900390625,0.0,0.0,0.0,0.02824099361896515,-0.010702703148126602,-0.9740827083587646,-0.22416694462299347
5.579204559326172,-0.64711800198066,3.2849107525391092,-154.00431868826615,-0.05029296875,0.0263671875,0.9609375,1.15966796875,-3.41796875,-4.69970703125,0.0,0.0,0.0,0.026657911017537117,-0.011946656741201878,-0.973926305770874,-0.224976047873497
5.5951902866363525,-0.6757366013247192,3.158572103131149,-153.89875128445442,-0.05126953125,0.00244140625,1.02392578125,6.77490234375,-0.1220703125,-4.08935546875,0.0,0.0,0.0,0.025516849011182785,-0.011965710669755936,-0.9737472534179688,-0.22588051855564117
5.619693994522095,-0.7707341806741358,3.1874012644007146,-153.860447583589,-0.095703125,0.06103515625,0.88916015625,-5.67626953125,-6.28662109375,-1.3427734375,0.0,0.0,0.0,0.02557028830051422,-0.012838241644203663,-0.9736542701721191,-0.22622708976268768
5.638955354690552,-0.8692091800847351,3.1062208375771165,-153.81476727841996,0.0048828125,0.015625,1.20947265625,6.40869140625,1.0986328125,-3.0517578125,0.0,0.0,0.0,0.024680642411112785,-0.013524799607694149,-0.9735727906227112,-0.22663633525371552
5.65433931350708,-1.0108308580082752,2.9788597942277697,-153.74725768866355,-0.06201171875,0.0263671875,1.091796875,5.31005859375,-3.173828125,-2.9296875,0.0,0.0,0.0,0.023309817537665367,-0.014490329660475254,-0.9734525680541992,-0.22723735868930817
5.683475732803345,-1.1314771850732648,2.9934147139056555,-153.7229422152183,-0.064453125,0.06884765625,0.830078125,-4.82177734375,-4.21142578125,-1.953125,0.0,0.0,0.0,0.023190919309854507,-0.015548931434750557,-0.9733850359916687,-0.22746877372264862
5.6941633224487305,-1.1493248962613312,2.9612161349411577,-153.71251934654487,-0.0439453125,0.0244140625,0.8115234375,-8.4228515625,-3.0517578125,-0.8544921875,0.0,0.0,0.0,0.02288052625954151,-0.015638843178749084,-0.9733696579933167,-0.22755979001522064
5.71921181678772,-0.9653343276165856,2.8404908338138894,-153.67671549491564,0.00146484375,0.00146484375,0.9951171875,-5.2490234375,5.37109375,-1.46484375,0.0,0.0,0.0,0.022215930745005608,-0.013843641616404057,-0.9733504056930542,-0.227824404835701
5.740679502487183,-0.8400889353626502,2.859600849337939,-153.69769783604593,-0.0810546875,0.00341796875,1.08349609375,3.7841796875,-5.18798828125,2.01416015625,0.0,0.0,0.0,0.022629613056778908,-0.012813574634492397,-0.9734022617340088,-0.2276218682527542
5.754194021224976,-0.9368897913746559,2.7794793152791044,-153.710074138822,-0.0654296875,0.0341796875,1.142578125,2.0751953125,-8.97216796875,0.42724609375,0.0,0.0,0.0,0.02175811491906643,-0.013474610634148121,-0.973433792591095,-0.22753427922725677
5.78230881690979,-1.0430335991192985,2.671840229714758,-153.67958417436705,0.0458984375,0.072265625,1.07666015625,-2.44140625,5.79833984375,-1.953125,0.0,0.0,0.0,0.020629113540053368,-0.01416841521859169,-0.9733839631080627,-0.22781001031398773
5.806872367858887,-1.1199954236350618,2.6743129716377143,-153.6752948155683,-0.08056640625,0.01318359375,1.00732421875,2.62451171875,-1.8310546875,0.67138671875,0.0,0.0,0.0,0.020496558398008347,-0.01482782606035471,-0.9733651876449585,-0.22786030173301697
5.814474821090698,-1.195285772794876,2.7587738102536226,-153.69216538281822,-0.048828125,0.0283203125,0.93212890625,0.0,-0.48828125,0.6103515625,0.0,0.0,0.0,0.021066641435027122,-0.01563185639679432,-0.9733700156211853,-0.22773391008377075
5.839373350143433,-1.3224780891273824,2.6264901215034007,-153.70783383677423,-0.0224609375,0.0380859375,0.939453125,-0.18310546875,-1.77001953125,0.06103515625,0.0,0.0,0.0,0.01969231106340885,-0.01644725166261196,-0.9734126329421997,-0.2276173084974289
5.85429573059082,-1.3108320829839817,2.4077580090887967,-153.6766608534023,-0.005859375,-0.00244140625,1.02880859375,3.11279296875,1.89208984375,-1.220703125,0.0,0.0,0.0,0.017852801829576492,-0.015919651836156845,-0.9733981490135193,-0.22786833345890045
5.879799127578735,-1.0207160627279876,2.3919380103105774,-153.6723305134685,-0.06103515625,-0.07666015625,0.84912109375,-11.04736328125,-2.685546875,0.54931640625,0.0,0.0,0.0,0.018294738605618477,-0.013424502685666084,-0.9734298586845398,-0.22785870730876923
5.899732828140259,-0.6343154527117059,2.421836309628662,-153.63897186956217,0.0146484375,-0.2158203125,1.2265625,1.220703125,2.8076171875,-0.9765625,0.0,0.0,0.0,0.019314000383019447,-0.010207044892013073,-0.9733975529670715,-0.22807924449443817
5.919384479522705,-0.5096558025399519,2.373199172879236,-153.58822356402897,-0.04150390625,-0.2197265625,1.08447265625,2.0751953125,-4.638671875,-2.86865234375,0.0,0.0,0.0,0.019144926220178604,-0.009059877134859562,-0.9733160138130188,-0.22848930954933167
5.939063310623169,-0.22224789892901514,2.2565687836028023,-153.53127344672941,-0.04150390625,-0.1640625,0.80908203125,-10.68115234375,-6.65283203125,-2.197265625,0.0,0.0,0.0,0.01872408203780651,-0.006395548582077026,-0.9732425212860107,-0.2289271056652069
5.959267616271973,0.31164301561172875,2.118623935247698,-153.6159404716809,-0.0224609375,-0.2138671875,0.78564453125,-19.1650390625,-10.43701171875,9.94873046875,0.0,0.0,0.0,0.018620038405060768,-0.00157172663602978,-0.9734521508216858,-0.2281266301870346
5.9792046546936035,0.7983630962796308,1.9759630547141107,-154.05103718218902,0.06201171875,-0.3271484375,1.10107421875,-16.78466796875,-7.14111328125,26.123046875,0.0,0.0,0.0,0.01836603693664074,0.002916918136179447,-0.9743286371231079,-0.22436125576496124
5.999177932739258,0.965811693806546,1.5749711862791247,-154.7614588181404,0.02099609375,-0.3798828125,1.2177734375,5.9814453125,-26.9775390625,41.56494140625,0.0,0.0,0.0,0.015252449549734592,0.005221304018050432,-0.9757418632507324,-0.21833008527755737
6.021321773529053,1.031376814083614,1.1466130977174247,-155.82491927191137,0.15087890625,-0.2607421875,1.11328125,-0.3662109375,-11.41357421875,59.4482421875,0.0,0.0,0.0,0.0116683105006814,0.006705135572701693,-0.9777591228485107,-0.20929895341396332
6.039367914199829,1.1388973318328375,1.0887531778760715,-157.1957928798463,0.2001953125,-0.23876953125,1.0,-1.28173828125,5.859375,74.27978515625,0.0,0.0,0.0,0.011277751997113228,0.007863806560635567,-0.9801899790763855,-0.19758209586143494
6.059219598770142,1.2375725411634828,0.9212595437893164,-158.86364311289339,0.00048828125,-0.24462890625,0.83935546875,0.732421875,-14.70947265625,88.2568359375,0.0,0.0,0.0,0.009883238933980465,0.009141727350652218,-0.9829641580581665,-0.18330346047878265
6.074385643005371,1.2923166140828406,0.6993995782608169,-160.81073879996725,0.18017578125,-0.27001953125,1.0537109375,7.4462890625,-7.50732421875,100.830078125,0.0,0.0,0.0,0.00789724849164486,0.010102166794240475,-0.9859421253204346,-0.16659484803676605
6.094216346740723,1.3688549668700631,0.5338746928414652,-163.0120814487057,0.16748046875,-0.1513671875,0.8134765625,-3.84521484375,1.8310546875,117.0654296875,0.0,0.0,0.0,0.00637183990329504,0.01112598180770874,-0.9889584183692932,-0.14763791859149933
6.119449853897095,1.6625622792473087,0.2048818895002065,-165.49414487233165,0.0966796875,-0.224609375,0.89111328125,-5.79833984375,-18.73779296875,129.638671875,0.0,0.0,0.0,0.0036050763446837664,0.014166271314024925,-0.9918957948684692,-0.12621049582958221
6.139464616775513,1.8738792608225117,-0.053084220224179184,-168.16084196960136,0.31494140625,-0.38623046875,1.2724609375,2.13623046875,-12.14599609375,133.544921875,0.0,0.0,0.0,0.0012257008347660303,0.016312528401613235,-0.9945337176322937,-0.10312613099813461
6.159089803695679,1.8572434813252994,-0.1768811154511293,-170.9426140940075,0.3291015625,-0.326171875,1.15966796875,6.53076171875,0.1220703125,141.29638671875,0.0,0.0,0.0,-0.00025889702374115586,0.016278041526675224,-0.9967438578605652,-0.07897279411554337
6.180603742599487,1.8008967685502213,-0.5624865153572072,-173.89145264551212,0.1748046875,-0.26416015625,0.88232421875,6.4697265625,-23.0712890625,149.7802734375,0.0,0.0,0.0,-0.004063700325787067,0.015954138711094856,-0.9984400868415833,-0.053351737558841705
6.200977563858032,1.8756572444408306,-0.5361400211292351,-177.0501692498329,0.3154296875,-0.2265625,0.93896484375,4.39453125,7.568359375,159.97314453125,0.0,0.0,0.0,-0.004255227278918028,0.016482273116707802,-0.9995219111442566,-0.025812163949012756
6.214139461517334,2.1231926914722017,-0.8101408503688186,179.5879806774645,0.03271484375,-0.1982421875,0.634765625,-8.97216796875,-35.64453125,168.5791015625,0.0,0.0,0.0,-0.007135109044611454,0.018501292914152145,-0.9997974038124084,0.003463892498984933
6.239312410354614,2.346877971695534,-1.3314316133556228,176.0734385381427,0.39501953125,-0.36328125,1.1103515625,0.30517578125,-12.3291015625,177.24609375,0.0,0.0,0.0,-0.012310956604778767,0.020067576318979263,-0.9991441965103149,0.03401176258921623
6.25954270362854,2.3513912326330315,-1.3559243515541712,172.46403873162782,0.4658203125,-0.36669921875,1.2275390625,12.5732421875,-7.62939453125,181.82373046875,0.0,0.0,0.0,-0.013152625411748886,0.019695114344358444,-0.9975744485855103,0.0654556155204773
6.279505014419556,2.3687650994474283,-1.696165956190125,168.7746710703104,0.32666015625,-0.30322265625,1.02099609375,11.65771484375,-18.12744140625,186.6455078125,0.0,0.0,0.0,-0.016748545691370964,0.01912125200033188,-0.994914174079895,0.09746676683425903
6.29970908164978,2.436546402666754,-1.5514716002745783,164.9200128310787,0.388671875,-0.203125,0.82421875,-4.08935546875,18.4326171875,197.3876953125,0.0,0.0,0.0,-0.016208244487643242,0.019299380481243134,-0.9910763502120972,0.13089120388031006
6.31931734085083,2.753415740293159,-2.103049396392776,160.97075647184232,0.1201171875,-0.30908203125,0.7763671875,4.39453125,-51.45263671875,198.42529296875,0.0,0.0,0.0,-0.022064631804823875,0.020658649504184723,-0.9858656525611877,0.1647888720035553
6.339128255844116,3.063076026694027,-2.2913758545000107,156.8670285543369,0.52685546875,-0.3818359375,1.10986328125,4.57763671875,3.47900390625,207.45849609375,0.0,0.0,0.0,-0.02493952214717865,0.02217160351574421,-0.9792540669441223,0.19986967742443085
6.359747409820557,3.0918174627214405,-2.4558359240999277,152.7773298453867,0.40380859375,-0.42236328125,1.14306640625,14.95361328125,-29.96826171875,203.369140625,0.0,0.0,0.0,-0.027167504653334618,0.021172935143113136,-0.9714736342430115,0.23463279008865356
6.380578994750977,3.1075567798900887,-2.4661053269604536,148.52433497375986,0.392578125,-0.283203125,0.86083984375,7.6904296875,-6.04248046875,214.111328125,0.0,0.0,0.0,-0.028057783842086792,0.02025808021426201,-0.9620944261550903,0.2705119848251343
6.399354457855225,3.2286229501456227,-2.824426015442608,144.19309345500133,0.31982421875,-0.29638671875,0.841796875,9.94873046875,-33.02001953125,214.90478515625,0.0,0.0,0.0,-0.03210016340017319,0.0192257147282362,-0.9511227607727051,0.3065379858016968
6.420281648635864,3.398434046073422,-3.127953645742451,139.79334513886758,0.58642578125,-0.2890625,0.994140625,4.0283203125,-8.1787109375,218.994140625,0.0,0.0,0.0,-0.03580724820494652,0.01845867931842804,-0.938589870929718,0.34267520904541016
6.439140796661377,3.4583217850463286,-3.0371443597364274,135.50748339695463,0.703125,-0.2939453125,1.1123046875,6.28662109375,21.78955078125,213.9892578125,0.0,0.0,0.0,-0.03593709319829941,0.017890704795718193,-0.925121545791626,0.3775427043437958
6.459178924560547,3.5605490129104975,-3.0080667503358023,131.21611652257062,0.4765625,-0.24609375,0.81982421875,5.9814453125,-6.2255859375,213.623046875,0.0,0.0,0.0,-0.03671836480498314,0.01744965836405754,-0.910325288772583,0.41189220547676086
6.479011058807373,3.8170670124740815,-3.2888709815972472,127.01072806945875,0.55908203125,-0.28515625,0.935546875,-1.03759765625,-25.69580078125,207.763671875,0.0,0.0,0.0,-0.04052004590630531,0.01699906587600708,-0.8945376873016357,0.4448275566101074
6.499422550201416,4.130824558603311,-3.392329564502723,122.91859781316403,0.5908203125,-0.27490234375,0.8828125,5.2490234375,-8.36181640625,202.20947265625,0.0,0.0,0.0,-0.04319743067026138,0.01751399226486683,-0.8780322670936584,0.4763261079788208
6.5254082679748535,4.2307468110660125,-3.476168002130514,118.98970907803262,0.626953125,-0.33447265625,1.0673828125,12.451171875,-12.3291015625,193.2373046875,0.0,0.0,0.0,-0.044842980802059174,0.01640218310058117,-0.861168622970581,0.5060719847679138
6.535073280334473,4.201412429241278,-3.4524943530238383,115.19327137128609,0.69775390625,-0.26806640625,1.07275390625,15.625,1.46484375,189.75830078125,0.0,0.0,0.0,-0.04505079239606857,0.014802547171711922,-0.8439379334449768,0.5343408584594727
6.559021949768066,4.410003845172528,-3.4016327090391036,111.38603513546177,0.5400390625,-0.1865234375,0.8447265625,-0.1220703125,-17.578125,187.98828125,0.0,0.0,0.0,-0.04617481678724289,0.015051201917231083,-0.8256980180740356,0.5620179176330566
6.579140663146973,4.60290503591979,-3.5305326793858187,107.658486716684,0.6982421875,-0.26611328125,1.07080078125,6.34765625,-12.87841796875,183.41064453125,0.0,0.0,0.0,-0.048536740243434906,0.014235766604542732,-0.8069577813148499,0.5884391665458679
6.599326133728027,4.786868070364444,-3.659311413874766,104.04931913660087,0.58935546875,-0.232421875,0.89208984375,9.21630859375,-11.90185546875,178.955078125,0.0,0.0,0.0,-0.05082964897155762,0.013273593038320541,-0.7880069017410278,0.6134209632873535
6.619527816772461,5.017694740251848,-3.4828731134613506,100.46251359586039,0.560546875,-0.18212890625,0.80126953125,-2.13623046875,-4.21142578125,178.7109375,0.0,0.0,0.0,-0.05132434144616127,0.0142093226313591,-0.7683921456336975,0.6377596855163574
6.640647649765015,5.249752551737147,-3.6404024620444093,96.99409572400371,0.7236328125,-0.267578125,1.11767578125,2.25830078125,-15.68603515625,166.6259765625,0.0,0.0,0.0,-0.054095424711704254,0.013254787772893906,-0.74872225522995,0.660539984703064
6.6593217849731445,5.230108500797367,-3.4004621853700927,93.88300602876544,0.8515625,-0.22265625,1.14208984375,15.07568359375,19.04296875,151.06201171875,0.0,0.0,0.0,-0.05279304459691048,0.01308575551956892,-0.7304990291595459,0.6807444095611572
6.675710678100586,5.308307763491666,-3.1005639468404653,90.23198304944847,0.3974609375,-0.1181640625,0.71142578125,-2.685546875,-22.03369140625,140.9912109375,0.0,0.0,0.0,-0.051814138889312744,0.01372733898460865,-0.7084017395973206,0.70377117395401
6.699223279953003,5.410814388781572,-3.273427283553614,88.25419932243373,0.65625,-0.17431640625,0.9990234375,-0.67138671875,-2.86865234375,125.1220703125,0.0,0.0,0.0,-0.05373102053999901,0.012371226213872433,-0.6961603164672852,0.7157658338546753
6.719309568405151,5.400851704103461,-3.004457208802862,86.10625509262647,0.77490234375,-0.1083984375,1.12646484375,9.521484375,4.8828125,97.59521484375,0.0,0.0,0.0,-0.05229231342673302,0.013017279095947742,-0.6825863122940063,0.7288155555725098
6.743235349655151,5.333865477592208,-3.2814512617244977,84.14855895196074,0.57666015625,-0.03515625,0.818359375,0.79345703125,-2.685546875,66.650390625,0.0,0.0,0.0,-0.0536893755197525,0.009936671704053879,-0.670082151889801,0.7402760982513428
6.759520769119263,5.39204417516873,-3.326630828650017,83.30633515559563,0.603515625,-0.04248046875,0.8798828125,-0.91552734375,-4.2724609375,50.10986328125,0.0,0.0,0.0,-0.054400522261857986,0.009584740735590458,-0.6646246314048767,0.7451328039169312
6.779507637023926,5.290088233880657,-3.5570357343561723,82.57412521619193,0.6845703125,-0.07861328125,1.080078125,8.72802734375,-7.62939453125,26.91650390625,0.0,0.0,0.0,-0.05511648952960968,0.007139456924051046,-0.6598877310752869,0.7493060231208801
6.7992048263549805,5.105095975305447,-3.6655524992288657,82.27803651567187,0.72314453125,-0.0283203125,1.13818359375,9.09423828125,-2.8076171875,7.38525390625,0.0,0.0,0.0,-0.05454336479306221,0.005221838131546974,-0.657971978187561,0.7510464191436768
6.818058967590332,4.92837891779653,-3.7192834629952403,82.34758150180095,0.65576171875,0.0078125,1.0224609375,7.62939453125,13.18359375,-9.6435546875,0.0,0.0,0.0,-0.05369027704000473,0.0038866878021508455,-0.6584402322769165,0.7507054805755615
6.835437059402466,4.698455113540037,-3.6950917867287014,82.74673092670731,0.50439453125,0.03662109375,0.86767578125,7.62939453125,1.953125,-25.69580078125,0.0,0.0,0.0,-0.05203551799058914,0.0029056898783892393,-0.6610559821128845,0.7485244274139404
6.859342813491821,4.537283566582069,-3.875374629871188,83.48505388541818,0.49951171875,0.0908203125,0.86669921875,0.67138671875,-0.1220703125,-44.73876953125,0.0,0.0,0.0,-0.05201341211795807,0.0011306654196232557,-0.6658807992935181,0.7442419528961182
6.879059553146362,4.28480178193114,-4.13070972604789,84.6277923448855,0.56103515625,0.080078125,1.046875,9.1552734375,0.91552734375,-66.7724609375,0.0,0.0,0.0,-0.05187024176120758,-0.0014816359616816044,-0.6732805371284485,0.737563967704773
6.900308847427368,3.791970336142516,-3.998339379272574,86.84580065519877,0.41796875,0.12353515625,1.11328125,11.65771484375,21.30126953125,-95.03173828125,0.0,0.0,0.0,-0.04798117280006409,-0.0025949631817638874,-0.6874216794967651,0.7246671915054321
6.919345378875732,3.373213145676327,-3.8500397506923183,88.33806038506316,0.11376953125,0.20068359375,1.01806640625,16.54052734375,16.17431640625,-99.79248046875,0.0,0.0,0.0,-0.04449544474482536,-0.0035880107898265123,-0.6967917680740356,0.7158831357955933
6.9400153160095215,2.7960341997233344,-3.5487571181952937,90.40830438287236,-0.07568359375,0.2744140625,0.94677734375,15.80810546875,21.30126953125,-103.69873046875,0.0,0.0,0.0,-0.03914791718125343,-0.004505311604589224,-0.7096027135848999,0.7034992575645447
6.960036754608154,2.4042959569532463,-3.0857296297368437,92.53140038447913,-0.16357421875,0.34716796875,0.84130859375,1.40380859375,20.69091796875,-104.3701171875,0.0,0.0,0.0,-0.03394880145788193,-0.0034558295737951994,-0.722523033618927,0.6905041337013245
6.974621057510376,1.9898556594859167,-2.9021228323460884,94.69400220024524,-0.21240234375,0.306640625,0.962890625,7.32421875,4.8828125,-106.93359375,0.0,0.0,0.0,-0.030382828786969185,-0.004388703964650631,-0.735421895980835,0.676913857460022
6.999336242675781,1.6511186174580696,-2.7058360022046153,96.80080137049235,-0.16357421875,0.3369140625,1.02001953125,2.99072265625,12.14599609375,-104.248046875,0.0,0.0,0.0,-0.027217557653784752,-0.004902487620711327,-0.7477425336837769,0.6634125709533691
7.019123554229736,1.3285482063088196,-2.40968412243474,98.85473487656357,-0.2119140625,0.34228515625,1.041015625,3.47900390625,6.8359375,-101.1962890625,0.0,0.0,0.0,-0.023509474471211433,-0.004870950244367123,-0.7595216631889343,0.6500388979911804
7.039210557937622,1.0945225532906167,-2.318012525046002,100.85729852988712,-0.25390625,0.36376953125,1.03466796875,-0.1220703125,2.50244140625,-98.32763671875,0.0,0.0,0.0,-0.021674321964383125,-0.005523864645510912,-0.7707620859146118,0.636730432510376
7.059005498886108,0.8316892434265626,-2.1772803191792978,102.81519957622795,-0.1591796875,0.3134765625,1.0126953125,3.7841796875,7.568359375,-96.13037109375,0.0,0.0,0.0,-0.0193758737295866,-0.006179247051477432,-0.781527578830719,0.6235391497612
7.079033851623535,0.5169058882613617,-2.0511036733207133,104.72717443058963,-0.20703125,0.31005859375,0.93798828125,4.150390625,-3.0517578125,-93.8720703125,0.0,0.0,0.0,-0.016927646473050117,-0.007357891649007797,-0.7918161153793335,0.6104806661605835
7.099185228347778,0.34375453634473546,-1.9319958463662692,106.58203524311165,-0.18505859375,0.3525390625,0.9150390625,-4.0283203125,3.47900390625,-90.8203125,0.0,0.0,0.0,-0.015308419242501259,-0.007672903593629599,-0.8015946745872498,0.5976227521896362
7.119357347488403,0.14948415947315036,-1.7815194151531895,108.35179189857531,-0.197265625,0.314453125,1.0390625,-0.18310546875,3.47900390625,-85.3271484375,0.0,0.0,0.0,-0.013368437066674232,-0.008041505701839924,-0.8107308745384216,0.5852112770080566
7.1396729946136475,-0.054395206333265035,-1.6356283887507153,109.99155639375529,-0.20849609375,0.33154296875,1.05224609375,1.0986328125,2.3193359375,-80.99365234375,0.0,0.0,0.0,-0.011418935842812061,-0.008576336316764355,-0.8190223574638367,0.5735838413238525
7.155158996582031,-0.24399716891746626,-1.4998714420858361,111.54101212772936,-0.19580078125,0.33984375,1.02587890625,0.18310546875,2.685546875,-76.0498046875,0.0,0.0,0.0,-0.009623774327337742,-0.00912268366664648,-0.8267027735710144,0.5624827146530151
7.179241180419922,-0.3896431089226132,-1.3536914133041058,112.99113642060394,-0.1865234375,0.322265625,0.97802734375,-1.708984375,2.13623046875,-70.73974609375,0.0,0.0,0.0,-0.007973234169185162,-0.009355801157653332,-0.8337579965591431,0.5519932508468628
7.199301719665527,-0.52629168875887,-1.2496128840097458,114.32850112047078,-0.18505859375,0.3173828125,1.01220703125,-0.30517578125,-0.54931640625,-64.02587890625,0.0,0.0,0.0,-0.006672166287899017,-0.009771553799510002,-0.8401424884796143,0.5422366857528687
7.219449281692505,-0.7057263077838056,-1.1476980305783988,115.53915215085553,-0.1572265625,0.3173828125,1.05712890625,1.220703125,-1.03759765625,-57.80029296875,0.0,0.0,0.0,-0.0051875910721719265,-0.010550708509981632,-0.8458187580108643,0.5333408117294312
7.239983558654785,-0.8522194580502986,-1.075563442258542,116.62236551170619,-0.15185546875,0.3095703125,1.00732421875,-1.28173828125,-2.3193359375,-52.001953125,0.0,0.0,0.0,-0.004079890437424183,-0.011258264072239399,-0.850816011428833,0.5253273844718933
7.259320259094238,-0.9921108035971512,-1.0973441684697722,117.56506822095136,-0.11279296875,0.30859375,0.9775390625,-2.3193359375,-3.72314453125,-44.49462890625,0.0,0.0,0.0,-0.003702169982716441,-0.0123667037114501,-0.8550921082496643,0.518315315246582
7.279903888702393,-1.1658953620746053,-1.081526837734198,118.37146767511975,-0.07666015625,0.2744140625,0.99853515625,1.220703125,-6.28662109375,-36.43798828125,0.0,0.0,0.0,-0.0028936476446688175,-0.013571935705840588,-0.8587005138397217,0.512289822101593
7.299689292907715,-1.3625221008489918,-1.0894650116536337,118.95274409424451,-0.0390625,0.26025390625,1.0234375,1.89208984375,-2.197265625,-25.146484375,0.0,0.0,0.0,-0.0021505719050765038,-0.015070111490786076,-0.8612625598907471,0.5079322457313538
7.31954288482666,-1.5961233216433022,-1.0501014575280867,119.34274789585224,0.00732421875,0.294921875,1.03662109375,1.8310546875,3.173828125,-15.93017578125,0.0,0.0,0.0,-0.0008758977637626231,-0.01664852164685726,-0.8629589676856995,0.5049989819526672
7.3394997119903564,-1.7600509566530758,-1.028059690024515,119.54455266506943,-0.05419921875,0.3115234375,0.9951171875,-1.46484375,-1.89208984375,-6.16455078125,0.0,0.0,0.0,-1.878684270195663e-05,-0.017785903066396713,-0.863825261592865,0.5034775733947754
7.3598151206970215,-1.9239131712572055,-1.0332948165799183,119.61592814189606,-0.03173828125,0.30712890625,1.02490234375,0.06103515625,-4.08935546875,-2.0751953125,0.0,0.0,0.0,0.0006498362636193633,-0.019044525921344757,-0.8641116619110107,0.5029392838478088
7.379128932952881,-2.104922148885829,-1.0350345938275674,119.65527003151534,-0.01953125,0.27490234375,1.01611328125,1.5869140625,0.0,-2.01416015625,0.0,0.0,0.0,0.0014241475146263838,-0.020417576655745506,-0.8642528057098389,0.5026411414146423
7.399188280105591,-2.2813879834993362,-0.9985243512277931,119.69605992123866,-0.0517578125,0.27294921875,0.9716796875,-0.8544921875,-0.244140625,-1.8310546875,0.0,0.0,0.0,0.002465913537889719,-0.021589290350675583,-0.8644049167633057,0.5023266077041626
7.419306993484497,-2.4352493070546863,-0.9504774922330442,119.7480923023358,-0.0498046875,0.2509765625,1.013671875,-0.48828125,-0.8544921875,-2.5634765625,0.0,0.0,0.0,0.0034926484804600477,-0.022541005164384842,-0.8646106719970703,0.501924455165863
7.441279649734497,-2.6449446523105404,-0.9161285776187559,119.8058347215791,-0.04736328125,0.22119140625,1.00927734375,-0.244140625,-1.15966796875,-1.03759765625,0.0,0.0,0.0,0.0046582650393247604,-0.02397514507174492,-0.8648263812065125,0.5014768242835999
7.4593799114227295,-2.7611246759885764,-0.8904917827342304,119.82204959066871,-0.025390625,0.193359375,0.990234375,-2.25830078125,-1.0986328125,-0.91552734375,0.0,0.0,0.0,0.005356708541512489,-0.024740589782595634,-0.8648768067359924,0.5013456344604492
7.4806740283966064,-2.8173687224826924,-0.9234191642275098,119.87615834927355,0.03466796875,0.06884765625,0.98779296875,-5.18798828125,-0.54931640625,-3.7841796875,0.0,0.0,0.0,0.00534225907176733,-0.025311574339866638,-0.8650956749916077,0.5009395480155945
7.49947452545166,-2.622612281602126,-0.7985370526600545,119.91383367273534,-0.0390625,0.0205078125,1.044921875,-1.77001953125,3.7841796875,-0.91552734375,0.0,0.0,0.0,0.005426233634352684,-0.02329743467271328,-0.865321695804596,0.5006458163261414
7.514641284942627,-2.5141947679158094,-0.5952836430085804,119.90998144604346,-0.10107421875,-0.01513671875,1.0048828125,-3.84521484375,4.21142578125,1.8310546875,0.0,0.0,0.0,0.006488430313766003,-0.02159092389047146,-0.8653552532196045,0.5006517171859741
7.535227060317993,-2.3847680192293566,-0.46156219943807075,119.92590944718792,-0.041015625,0.02734375,1.03076171875,0.732421875,0.67138671875,-0.244140625,0.0,0.0,0.0,0.006930141244083643,-0.02003045566380024,-0.865465521812439,0.5005200505256653
7.5591864585876465,-2.4363967788352485,-0.32375510212470343,119.95577103423922,-0.03857421875,0.03125,0.947265625,-2.99072265625,-2.74658203125,-1.03759765625,0.0,0.0,0.0,0.008191372267901897,-0.019820768386125565,-0.8656031489372253,0.5002711415290833
7.579474449157715,-2.15203039047823,-0.2753710825809645,119.98762703652817,-0.005859375,-0.06396484375,1.013671875,-3.11279296875,-3.0517578125,-3.5400390625,0.0,0.0,0.0,0.007310563698410988,-0.01746349036693573,-0.8657937049865723,0.5000430345535278
7.59926700592041,-1.8266958871492405,-0.20595860478983552,119.99139730095001,-0.01123046875,-0.16064453125,0.990234375,-5.31005859375,0.54931640625,-1.15966796875,0.0,0.0,0.0,0.006414886098355055,-0.014702708460390568,-0.8658621311187744,0.5000256299972534
7.618948936462402,-1.566932373791137,-0.2015363641271564,120.05045111651394,-0.05517578125,-0.10302734375,1.02685546875,-6.28662109375,2.13623046875,0.79345703125,0.0,0.0,0.0,0.005308241117745638,-0.01272332388907671,-0.8661511540412903,0.4995920956134796
7.63974928855896,-1.3212860076738036,-0.12293714850022808,120.05700809811715,-0.06201171875,-0.1552734375,1.015625,-0.48828125,-4.0283203125,-3.2958984375,0.0,0.0,0.0,0.004830796271562576,-0.010524171404540539,-0.8662098050117493,0.4995463192462921
7.659074783325195,-1.0622867284508009,-0.052815611695887194,120.03759670049597,-0.06884765625,-0.15771484375,0.9580078125,-4.5166015625,-3.23486328125,0.30517578125,0.0,0.0,0.0,0.004233186598867178,-0.00825994461774826,-0.8661500215530396,0.4996979832649231
7.679081439971924,-0.7666274227139599,-0.0677779481557001,120.06226734377806,-0.0146484375,-0.17578125,1.013671875,-2.25830078125,-2.5634765625,-1.77001953125,0.0,0.0,0.0,0.0028294881340116262,-0.006091008894145489,-0.866275429725647,0.49952152371406555
7.699580192565918,-0.5375030173946228,-0.033226679182090206,120.09924598794451,-0.0361328125,-0.1533203125,0.99072265625,-2.9296875,1.64794921875,-0.54931640625,0.0,0.0,0.0,0.0020905386190861464,-0.004208951257169247,-0.866447925567627,0.4992455542087555
7.719515323638916,-0.369596637110758,-0.03317137065806897,120.13513180184376,-0.01318359375,-0.169921875,1.02099609375,-0.48828125,-5.615234375,-4.57763671875,0.0,0.0,0.0,0.0013585101114585996,-0.0029395611491054296,-0.8666093945503235,0.4989766478538513
7.7407824993133545,-0.12429871736280103,0.04674499092140077,120.18269723922373,-0.02783203125,-0.1435546875,0.9794921875,-1.89208984375,2.197265625,-1.5869140625,0.0,0.0,0.0,0.0008944566361606121,-0.0007368505466729403,-0.8668211102485657,0.4986180067062378
7.7617552280426025,0.10669336449845765,0.10364774712897326,120.23907362063301,-0.03466796875,-0.1591796875,1.00244140625,-1.708984375,1.3427734375,-2.50244140625,0.0,0.0,0.0,0.0003204049135092646,0.0012579169124364853,-0.8670655488967896,0.4981924295425415
7.7795164585113525,0.25864859169780474,0.1758542792187399,120.25867626355095,-0.0615234375,-0.15625,0.99853515625,-1.64794921875,-0.30517578125,-2.5634765625,0.0,0.0,0.0,0.000206593336770311,0.002721579512581229,-0.8671469688415527,0.4980449378490448
7.800093650817871,0.6406043493899951,0.26259782842024726,120.29441181328845,-0.0400390625,-0.2109375,0.92431640625,-6.9580078125,0.06103515625,-2.25830078125,0.0,0.0,0.0,-0.0007952066953293979,0.005989170167595148,-0.8672850131988525,0.4977753460407257
7.814243316650391,0.8459626312445967,0.3079571947395813,120.32733332508792,-0.04931640625,-0.21875,1.0322265625,-3.23486328125,0.91552734375,-1.708984375,0.0,0.0,0.0,-0.0013417357113212347,0.007740821689367294,-0.8674135208129883,0.49752599000930786
7.8343095779418945,1.1049372043927108,0.3488721356216468,120.36024117650904,-0.0859375,-0.2470703125,0.98193359375,-2.9296875,-2.13623046875,-0.48828125,0.0,0.0,0.0,-0.0021535800769925117,0.009879378601908684,-0.8675340414047241,0.49727511405944824
7.859292507171631,1.2467261685900635,0.32620951459469166,120.35894344056673,-0.0908203125,-0.20849609375,1.048828125,4.150390625,-4.33349609375,1.708984375,0.0,0.0,0.0,-0.0029405751265585423,0.010854441672563553,-0.8675171136856079,0.49728018045425415
7.879571199417114,1.366205920689156,0.2623956174682179,120.37823189478284,-0.00341796875,-0.12353515625,1.017578125,1.953125,-3.60107421875,-1.220703125,0.0,0.0,0.0,-0.003940251190215349,0.011482729576528072,-0.8675934672355652,0.49712589383125305
7.898818492889404,1.5839164929360199,0.25990996221886215,120.39096336739576,-0.0732421875,-0.1044921875,0.95458984375,-2.62451171875,-5.67626953125,-0.8544921875,0.0,0.0,0.0,-0.00490208575502038,0.013120793737471104,-0.8676255941390991,0.497020959854126
7.920704126358032,1.9096231348530694,0.3099797311466984,120.40735582140378,-0.00732421875,-0.11328125,1.00439453125,-2.0751953125,-0.42724609375,-1.5869140625,0.0,0.0,0.0,-0.0059333979152143,0.015804791823029518,-0.8676512837409973,0.4968867003917694
7.939360857009888,2.0756138071573043,0.3068472889994542,120.43066042685187,-0.00927734375,-0.10791015625,1.013671875,-0.42724609375,-0.30517578125,-1.28173828125,0.0,0.0,0.0,-0.006673402152955532,0.017049385234713554,-0.8677288889884949,0.49670055508613586
7.955750226974487,2.278623250989362,0.3463442452572281,120.45974337233778,-0.0224609375,-0.0771484375,0.974609375,-0.79345703125,-0.42724609375,-1.0986328125,0.0,0.0,0.0,-0.007249489426612854,0.018759621307253838,-0.86781907081604,0.4964732527732849
7.982791900634766,2.3844642892547028,0.2668519690561074,120.53527160417978,0.0654296875,-0.05029296875,1.04833984375,-0.244140625,6.9580078125,-4.21142578125,0.0,0.0,0.0,-0.008297414518892765,0.019222311675548553,-0.8681371808052063,0.4958825409412384
7.999423980712891,2.384968656036226,0.3062741934394078,120.63335312066117,-0.080078125,-0.0439453125,1.041015625,-1.89208984375,-5.7373046875,-2.5634765625,0.0,0.0,0.0,-0.007984316907823086,0.01940353587269783,-0.8685569167137146,0.49514517188072205
8.020146131515503,2.3500796228689778,0.36184101066906144,120.69272112492692,-0.037109375,-0.02880859375,1.04931640625,2.01416015625,-3.47900390625,-4.69970703125,0.0,0.0,0.0,-0.007402318995445967,0.019382983446121216,-0.8688129782676697,0.494705468416214
8.041191101074219,2.0987890658979804,0.52946281752446,120.80082935910988,-0.02197265625,-0.033203125,0.9833984375,5.79833984375,1.64794921875,-5.0048828125,0.0,0.0,0.0,-0.00502924807369709,0.018205948173999786,-0.8693015575408936,0.4939211308956146
8.054207801818848,1.9948438320141415,0.778879661507052,120.860935023806,-0.04296875,-0.01025390625,0.9384765625,0.67138671875,7.2021484375,-3.72314453125,0.0,0.0,0.0,-0.002679196186363697,0.01849352940917015,-0.8695472478866577,0.4934961199760437
8.079688549041748,1.8746209766776927,0.844241637017165,120.90586400816633,-0.12255859375,-0.00048828125,1.02294921875,0.54931640625,-16.41845703125,-0.732421875,0.0,0.0,0.0,-0.0016583906253799796,0.017863266170024872,-0.8697514533996582,0.49316394329071045
8.098974227905273,1.7384718277440667,0.7517602353249577,120.85787509905782,-0.0107421875,-0.017578125,1.0126953125,1.40380859375,-10.43701171875,3.173828125,0.0,0.0,0.0,-0.0017813693266361952,0.016431277617812157,-0.8695763945579529,0.4935218095779419
8.114519596099854,1.6503084929894827,0.5711280386785956,120.75072309135867,0.0244140625,0.0,0.9365234375,-4.0283203125,-3.5400390625,7.8125,0.0,0.0,0.0,-0.0027865665033459663,0.014981940388679504,-0.8691460490226746,0.49432069063186646
8.139360427856445,1.7176199005382524,0.4095110620011225,120.5110790741396,0.0615234375,-0.07080078125,1.083984375,3.7841796875,1.28173828125,15.07568359375,0.0,0.0,0.0,-0.004333773162215948,0.014786438085138798,-0.8681171536445618,0.4961201846599579
8.159796476364136,1.5426484899708028,0.2133765504142264,119.99785865990484,0.0068359375,-0.00146484375,1.01171875,5.55419921875,-3.11279296875,24.71923828125,0.0,0.0,0.0,-0.005118648987263441,0.012589039281010628,-0.8659235835075378,0.4999918043613434
8.174460172653198,1.4086925788126914,0.12928009972249563,119.59650308389655,0.0078125,0.04052734375,0.87158203125,-4.39453125,-2.44140625,27.7099609375,0.0,0.0,0.0,-0.005208901595324278,0.011191689409315586,-0.864186704158783,0.5030200481414795
8.198797702789307,1.3679844379160038,-0.07893635616559852,118.84340642601094,0.01513671875,-0.0166015625,0.95556640625,-4.5166015625,-2.38037109375,31.55517578125,0.0,0.0,0.0,-0.0066658672876656055,0.009927116334438324,-0.8608774542808533,0.5086719393730164
8.220105171203613,1.3816812083577008,-0.10927164084821846,118.34235740887715,-0.021484375,-0.0341796875,1.0390625,0.8544921875,-6.34765625,33.87451171875,0.0,0.0,0.0,-0.006997761782258749,0.009864849038422108,-0.8586453199386597,0.5124276280403137
8.239338636398315,1.40405722824378,-0.2352513251286765,117.66043132214307,0.03271484375,-0.02880859375,1.0703125,5.859375,-3.72314453125,33.8134765625,0.0,0.0,0.0,-0.008097986690700054,0.009421112947165966,-0.8555843234062195,0.5175143480300903
8.264102935791016,1.21174492786902,-0.41357211639079755,116.9605145171352,0.0009765625,0.03515625,0.927734375,-3.23486328125,-6.65283203125,36.19384765625,0.0,0.0,0.0,-0.008604546077549458,0.007127388380467892,-0.8524267673492432,0.5227271318435669
8.280472040176392,1.1370050492676265,-0.6514284383163199,116.10105815349415,0.0830078125,-0.0078125,1.05224609375,-1.28173828125,-1.15966796875,33.38623046875,0.0,0.0,0.0,-0.010073755867779255,0.005410836078226566,-0.8484894633293152,0.5290887355804443
8.299438714981079,1.117411157529564,-0.781950685312619,115.60485857067106,0.095703125,0.00341796875,0.9873046875,0.42724609375,4.08935546875,32.89794921875,0.0,0.0,0.0,-0.010969751514494419,0.00461554154753685,-0.8461912870407104,0.5327463150024414
8.319239139556885,1.017551657429862,-0.8995316448224481,114.80138243746744,0.08984375,0.02978515625,1.00927734375,-1.3427734375,1.3427734375,31.8603515625,0.0,0.0,0.0,-0.011396769434213638,0.0032515458296984434,-0.8424372673034668,0.5386639833450317
8.341419219970703,0.9799839094474994,-0.9655718901336551,114.32207391246179,0.076171875,0.03759765625,0.9697265625,-4.8828125,4.33349609375,31.92138671875,0.0,0.0,0.0,-0.011716676875948906,0.0026158688124269247,-0.8401765823364258,0.5421801805496216
8.360026121139526,0.7922684864667167,-1.1661659015987613,113.57161370759582,0.03173828125,-0.00439453125,1.10595703125,5.67626953125,-5.0048828125,28.9306640625,0.0,0.0,0.0,-0.012300757691264153,0.00020970018522348255,-0.8366038799285889,0.5476701855659485
8.37939977645874,0.6173803721906295,-1.246445063617035,113.16128326301812,0.05517578125,0.0302734375,1.05029296875,3.173828125,3.60107421875,27.2216796875,0.0,0.0,0.0,-0.012045676819980145,-0.0014940118417143822,-0.8346326351165771,0.550673246383667
8.397141218185425,0.4436595532519533,-1.2332454028808681,112.46386630724646,-0.001953125,0.03271484375,0.95849609375,-0.91552734375,-4.150390625,29.052734375,0.0,0.0,0.0,-0.011098095215857029,-0.0027634662110358477,-0.8312631845474243,0.5557613372802734
8.419764757156372,0.3869307767701777,-1.1347553557097536,111.87776777456767,-0.01171875,-0.01513671875,0.93505859375,4.94384765625,-4.638671875,30.029296875,0.0,0.0,0.0,-0.010094605386257172,-0.0027489233762025833,-0.8284140229225159,0.5600185990333557
8.44051194190979,0.19735590148892512,-1.0446243928656769,111.29403931753087,0.02490234375,0.0458984375,1.00927734375,1.52587890625,2.44140625,28.38134765625,0.0,0.0,0.0,-0.008497709408402443,-0.0037222292739897966,-0.8255501985549927,0.5642523765563965
8.45933723449707,0.03441013285276723,-1.0091670666151424,110.87368898544078,0.02294921875,0.0517578125,1.1201171875,1.64794921875,2.01416015625,27.9541015625,0.0,0.0,0.0,-0.007422538008540869,-0.004748795181512833,-0.8234708905220032,0.567290186882019
8.479582071304321,-0.11789389423160669,-0.9836678360093691,110.31362713387807,-0.01171875,0.0458984375,1.04296875,-2.01416015625,-3.47900390625,28.99169921875,0.0,0.0,0.0,-0.006457283161580563,-0.005748662166297436,-0.8206831216812134,0.5713183283805847
8.498995065689087,-0.24390159962993896,-0.9464363681219239,109.71450343045205,0.00927734375,0.0146484375,0.93310546875,0.48828125,-4.08935546875,30.2734375,0.0,0.0,0.0,-0.005528514739125967,-0.006494478322565556,-0.8176806569099426,0.575609028339386
8.52018404006958,-0.3800410102079125,-0.887640712364279,109.10010742404191,-0.00634765625,0.01318359375,0.861328125,-0.30517578125,-4.33349609375,30.82275390625,0.0,0.0,0.0,-0.004386599175632,-0.007194214034825563,-0.8145787119865417,0.5799919962882996
8.539401531219482,-0.425938974295899,-0.8383354443758081,108.49785549397603,-0.00537109375,0.02392578125,0.9609375,-1.77001953125,-2.74658203125,30.21240234375,0.0,0.0,0.0,-0.0037655248306691647,-0.007290837354958057,-0.8115198612213135,0.5842671990394592
8.55928897857666,-0.5225436758126784,-0.825768216468102,107.89742722441855,-0.00927734375,0.03271484375,1.07958984375,-2.0751953125,-5.92041015625,30.94482421875,0.0,0.0,0.0,-0.0031424672342836857,-0.007927478291094303,-0.8084418177604675,0.588514506816864
8.574580907821655,-0.6545416171956705,-0.7814508542035916,107.26225378255322,0.005859375,0.025390625,1.15625,1.64794921875,-3.5400390625,31.67724609375,0.0,0.0,0.0,-0.0021040095016360283,-0.008642932400107384,-0.8051611185073853,0.5929893851280212
8.599114179611206,-0.8736535521611507,-0.8709643252580168,106.61131626408348,0.01171875,0.0234375,1.00927734375,3.7841796875,-2.685546875,33.0810546875,0.0,0.0,0.0,-0.0015386327868327498,-0.01065453514456749,-0.801753580570221,0.597557783126831
8.619693756103516,-1.1052715634969241,-0.9552223392720874,105.7861952614001,0.056640625,0.0517578125,0.990234375,0.6103515625,-1.03759765625,32.2265625,0.0,0.0,0.0,-0.0008288120152428746,-0.012720640748739243,-0.7973979711532593,0.6033192873001099
8.639848709106445,-1.1557290523818644,-1.1222324173099467,105.13669891284525,0.0546875,0.0556640625,0.93798828125,-5.7373046875,0.6103515625,32.8369140625,0.0,0.0,0.0,-0.0016463526990264654,-0.013960402458906174,-0.7939404845237732,0.6078330278396606
8.65904974937439,-1.1230310158343093,-1.2145542700520109,104.66471235062986,0.072265625,0.02685546875,0.96484375,-4.45556640625,4.150390625,31.1279296875,0.0,0.0,0.0,-0.0024009314365684986,-0.014233443886041641,-0.7914228439331055,0.6110987663269043
8.681387424468994,-1.0667185607267873,-1.457938883058718,103.91249678714718,0.0751953125,0.02001953125,1.0029296875,0.54931640625,1.708984375,27.9541015625,0.0,0.0,0.0,-0.004282936919480562,-0.015170528553426266,-0.7873695492744446,0.6162797808647156
8.699044704437256,-1.0796636901946655,-1.5017274392710813,103.50002849335928,0.10791015625,0.06005859375,1.00390625,-4.0283203125,8.9111328125,27.4658203125,0.0,0.0,0.0,-0.004458446986973286,-0.015511048957705498,-0.7851383686065674,0.6191100478172302
8.72060513496399,-1.1652302724041754,-1.5824818330452,102.81687980276378,-0.02587890625,0.02099609375,1.07275390625,1.40380859375,-12.0849609375,26.91650390625,0.0,0.0,0.0,-0.004450907465070486,-0.01656028814613819,-0.7814098596572876,0.6237826347351074
8.740232944488525,-1.2178502632133652,-1.6020542737204004,102.28590089668698,0.0576171875,0.04052734375,0.95947265625,-1.28173828125,5.9814453125,26.18408203125,0.0,0.0,0.0,-0.004219030030071735,-0.017045345157384872,-0.7785003781318665,0.6273984313011169
8.75956416130066,-1.2753125379789767,-1.6095688691895895,101.8914438117404,0.06201171875,0.03564453125,1.044921875,2.25830078125,10.1318359375,27.16064453125,0.0,0.0,0.0,-0.0038952988106757402,-0.017490362748503685,-0.7763262987136841,0.63007652759552
8.779333591461182,-1.3264699078104316,-1.4948513597675825,101.31711369500154,-0.03515625,0.017578125,1.05224609375,6.34765625,0.244140625,29.541015625,0.0,0.0,0.0,-0.0027503592427819967,-0.01722041144967079,-0.7731685638427734,0.6339609026908875
8.820751428604126,-1.3540343101447816,-1.4055917796512114,100.57473360392369,-0.04296875,0.07275390625,0.896484375,-8.97216796875,-5.43212890625,30.09033203125,0.0,0.0,0.0,-0.0018858558032661676,-0.016925331205129623,-0.7690545320510864,0.6389562487602234
8.830320835113525,-1.2029650398560858,-1.4322639885252286,99.83030445609482,-0.01806640625,0.00439453125,1.0,-2.685546875,-12.26806640625,31.1279296875,0.0,0.0,0.0,-0.002802860690280795,-0.01607867330312729,-0.7649053335189819,0.6439359784126282
8.835777044296265,-1.140309260000326,-1.4752723023466237,99.49285212996118,0.00341796875,-0.01171875,1.06884765625,3.96728515625,-10.498046875,34.66796875,0.0,0.0,0.0,-0.003395250765606761,-0.015912115573883057,-0.7630083560943604,0.6461838483810425
8.859180212020874,-1.1554310853793226,-1.8116722457395629,98.6825321472092,0.06494140625,0.017578125,1.0146484375,7.01904296875,-7.6904296875,44.921875,0.0,0.0,0.0,-0.005423589143902063,-0.01794791780412197,-0.758366584777832,0.6515585780143738
8.879158735275269,-1.2987496917856407,-2.078933065650519,97.69888245388982,0.09423828125,0.08056640625,0.919921875,-0.42724609375,-4.150390625,51.33056640625,0.0,0.0,0.0,-0.006202416028827429,-0.020469332113862038,-0.752675473690033,0.6580442786216736
8.903883457183838,-1.3456952894984309,-2.4613423372314274,96.31955307176243,0.0947265625,0.04541015625,1.0810546875,-1.220703125,-6.2255859375,57.55615234375,0.0,0.0,0.0,-0.008168366737663746,-0.023072486743330956,-0.7446164488792419,0.6670437455177307
8.917298078536987,-1.3812200638670191,-2.7212231377441847,95.12840223145805,0.12158203125,0.0419921875,1.12451171875,3.11279296875,-1.0986328125,60.24169921875,0.0,0.0,0.0,-0.009392565116286278,-0.024914152920246124,-0.7375791072845459,0.6747355461120605
8.939464807510376,-1.4186360535837605,-2.889094673391112,94.23255461991918,0.09765625,0.04833984375,1.0341796875,1.28173828125,-1.0986328125,60.302734375,0.0,0.0,0.0,-0.010048642754554749,-0.026222139596939087,-0.7322348952293396,0.6804730296134949
8.96572732925415,-1.453521138047895,-3.1948145809711175,92.40333433754138,0.0556640625,0.01806640625,0.97900390625,5.126953125,-5.9814453125,61.03515625,0.0,0.0,0.0,-0.011343536898493767,-0.028443846851587296,-0.7211971282958984,0.6920529007911682
8.974284887313843,-1.3900343162692148,-3.3206070286888885,91.79765365251217,0.06787109375,0.01806640625,0.990234375,4.21142578125,-6.34765625,59.9365234375,0.0,0.0,0.0,-0.012366754934191704,-0.028869185596704483,-0.7175132036209106,0.6958364844322205
8.998701572418213,-1.3805466499035381,-3.5269310352591066,90.6400731919784,0.1650390625,0.06005859375,0.9970703125,-1.89208984375,5.79833984375,57.2509765625,0.0,0.0,0.0,-0.013412744738161564,-0.030198724940419197,-0.710396409034729,0.703025758266449
9.017638921737671,-1.3467184304917577,-3.7491096184402166,89.47272556093152,0.0849609375,0.029296875,0.98974609375,0.244140625,-5.31005859375,58.59375,0.0,0.0,0.0,-0.01467848289757967,-0.03150218725204468,-0.7031473517417908,0.7101943492889404
9.049328565597534,-0.808115592558204,-4.175043630176797,87.73657343618432,0.14404296875,0.0009765625,0.88720703125,-18.49365234375,-18.24951171875,53.03955078125,0.0,0.0,0.0,-0.02016202174127102,-0.0311440359801054,-0.6923405528068542,0.7206165790557861
9.060368776321411,-0.5006417671045333,-4.393037655274216,87.2517256277618,0.24853515625,-0.03271484375,0.9697265625,-26.79443359375,-9.21630859375,47.54638671875,0.0,0.0,0.0,-0.023283230140805244,-0.030755305662751198,-0.6893116235733032,0.7234373092651367
9.08010458946228,0.08870300641040108,-4.633776210307778,85.96734953547592,0.177734375,-0.23779296875,1.16064453125,-2.99072265625,-0.18310546875,53.8330078125,0.0,0.0,0.0,-0.02812805026769638,-0.029046447947621346,-0.6812552809715271,0.7309285402297974
9.09905481338501,0.2953110728108762,-4.659445341869155,85.08538086833052,0.06787109375,-0.236328125,1.01123046875,0.42724609375,-3.90625,60.60791015625,0.0,0.0,0.0,-0.02938220463693142,-0.02820882759988308,-0.6756554245948792,0.7360916137695312
9.120686531066895,0.8308244240837626,-4.7832698413323165,83.088322347478,0.009765625,-0.24609375,0.896484375,-3.5400390625,-7.14111328125,68.29833984375,0.0,0.0,0.0,-0.03309602290391922,-0.026427464559674263,-0.6628284454345703,0.747572660446167
9.139638900756836,1.0142799968174259,-4.83537948894446,82.3792052776581,0.0380859375,-0.27490234375,0.94873046875,-1.89208984375,-8.9111328125,69.9462890625,0.0,0.0,0.0,-0.034434251487255096,-0.025920001789927483,-0.6582219004631042,0.7515892386436462
9.159263372421265,1.5465947384854835,-5.051695848826995,80.52750001253263,0.10302734375,-0.2734375,1.02587890625,-7.2021484375,-10.7421875,75.0732421875,0.0,0.0,0.0,-0.03876883164048195,-0.024911625310778618,-0.6460742354393005,0.7618823051452637
9.179206848144531,1.8778294580403063,-5.16315471768467,79.32714207722707,0.16552734375,-0.29638671875,1.078125,-3.96728515625,-6.8359375,80.078125,0.0,0.0,0.0,-0.04134688898921013,-0.02422027476131916,-0.638113260269165,0.7684500217437744
9.199567079544067,2.1802100434464102,-5.245626263704813,77.61398036922614,0.14501953125,-0.31982421875,1.10693359375,4.08935546875,-2.9296875,88.56201171875,0.0,0.0,0.0,-0.04348275437951088,-0.023742815479636192,-0.6266074776649475,0.777758777141571
9.219915628433228,2.4372571692272587,-5.24596734627649,75.75253525434422,0.1201171875,-0.27099609375,1.01708984375,2.5634765625,-5.7373046875,93.75,0.0,0.0,0.0,-0.04486030712723732,-0.023071222007274628,-0.6139445900917053,0.7877355217933655
9.239013433456421,2.85358921565127,-5.251466075445173,73.73505446787337,0.08349609375,-0.19921875,0.7666015625,-6.103515625,-6.16455078125,101.98974609375,0.0,0.0,0.0,-0.04737640172243118,-0.021715786308050156,-0.6000637412071228,0.7982527613639832
9.25923752784729,3.400804762045651,-5.066434543282236,71.52896483766177,0.1513671875,-0.2724609375,0.9931640625,-0.3662109375,-4.94384765625,109.19189453125,0.0,0.0,0.0,-0.04987482726573944,-0.018522363156080246,-0.5846906900405884,0.8095099329948425
9.275474786758423,3.8158725831429754,-5.178723707010891,69.2130184448397,0.171875,-0.26318359375,1.072265625,-9.1552734375,-9.09423828125,119.68994140625,0.0,0.0,0.0,-0.05301881954073906,-0.018274346366524696,-0.568280816078186,0.8209214806556702
9.299920320510864,4.675315713292503,-5.519316639502279,66.05381006689868,0.14111328125,-0.30517578125,0.9599609375,-12.0849609375,-24.169921875,125.244140625,0.0,0.0,0.0,-0.060377608984708786,-0.01812785305082798,-0.5455941557884216,0.8356751799583435
9.32241177558899,5.003419217999698,-5.928704091087679,64.10545762501752,0.1767578125,-0.5302734375,1.21337890625,8.056640625,-47.36328125,126.77001953125,0.0,0.0,0.0,-0.06436458230018616,-0.020655861124396324,-0.5313974618911743,0.8444212675094604
9.34099006652832,5.036806036436367,-6.509890010205941,61.47699592672152,0.39599609375,-0.462890625,1.1923828125,23.0712890625,-15.625,132.62939453125,0.0,0.0,0.0,-0.06669899076223373,-0.026332344859838486,-0.511947512626648,0.8560185432434082
9.359340190887451,5.174634985018993,-6.360144089068936,58.6691461400643,0.31689453125,-0.21142578125,0.76806640625,11.77978515625,1.64794921875,145.44677734375,0.0,0.0,0.0,-0.06644248962402344,-0.026230353862047195,-0.4908386468887329,0.8683172464370728
9.379219770431519,5.555821866181881,-5.978632347033649,55.560026954401565,0.1767578125,-0.2353515625,0.6376953125,1.8310546875,24.5361328125,162.59765625,0.0,0.0,0.0,-0.06709777563810349,-0.02352733723819256,-0.4671330153942108,0.8813234567642212
9.40092420578003,6.000643912294485,-6.17667923154687,51.350748708557376,0.11572265625,-0.35498046875,0.88916015625,3.662109375,-46.630859375,168.39599609375,0.0,0.0,0.0,-0.07041579484939575,-0.025844357907772064,-0.4345909655094147,0.8974990248680115
9.423195838928223,6.481381654383955,-6.461640273248502,47.76155260160738,0.61865234375,-0.400390625,1.21533203125,5.18798828125,-17.76123046875,174.98779296875,0.0,0.0,0.0,-0.07438825070858002,-0.028602126985788345,-0.4064582288265228,0.9101868271827698
9.43939733505249,6.502662389403599,-6.250330442027587,45.111808033857606,0.82763671875,-0.4384765625,1.3330078125,25.634765625,6.89697265625,176.513671875,0.0,0.0,0.0,-0.0731780081987381,-0.02854304574429989,-0.3852531611919403,0.9194619655609131
9.454587936401367,6.51179904807896,-6.038744415032109,41.500038151700714,0.4765625,-0.29296875,0.94873046875,15.625,-3.2958984375,186.6455078125,0.0,0.0,0.0,-0.07166948914527893,-0.029083169996738434,-0.35602596402168274,0.9312697052955627
9.48033332824707,6.9209090232293295,-5.890160479827651,37.59594641835103,0.3173828125,-0.26513671875,0.64697265625,0.79345703125,-11.90185546875,197.6318359375,0.0,0.0,0.0,-0.07359028607606888,-0.029125401750206947,-0.32415565848350525,0.9426873326301575
9.499170780181885,7.143768704336737,-5.895145237261291,33.6075906412109,0.5185546875,-0.41552734375,0.9873046875,21.484375,-23.5595703125,200.25634765625,0.0,0.0,0.0,-0.07439865916967392,-0.03114379569888115,-0.29121872782707214,0.953250527381897
9.519493818283081,7.521650200828162,-6.030721077191459,29.446212512016007,0.4951171875,-0.27978515625,0.75830078125,0.9765625,-23.193359375,210.44921875,0.0,0.0,0.0,-0.07669048011302948,-0.03411998599767685,-0.2565866708755493,0.9628694653511047
9.539843559265137,7.991132644939097,-5.620659144425519,24.10299479790276,0.7265625,-0.341796875,1.0400390625,8.72802734375,3.0517578125,216.1865234375,0.0,0.0,0.0,-0.078273706138134,-0.03330180048942566,-0.21137385070323944,0.973696768283844
9.559573888778687,8.165407482932912,-5.405215341209454,20.91953412576632,0.7236328125,-0.466796875,1.16015625,9.09423828125,-19.34814453125,208.3740234375,0.0,0.0,0.0,-0.07847383618354797,-0.033339738845825195,-0.18418416380882263,0.9791867136955261
9.578937292098999,8.24978934748654,-5.391363290685844,16.62042010931624,0.72607421875,-0.388671875,1.01708984375,14.892578125,-8.30078125,212.58544921875,0.0,0.0,0.0,-0.07787670195102692,-0.03603195399045944,-0.14734606444835663,0.9853558540344238
9.600594758987427,8.25027941355949,-4.732937750451669,12.310902860986586,0.666015625,-0.294921875,0.96728515625,21.54541015625,-1.953125,220.27587890625,0.0,0.0,0.0,-0.07587535679340363,-0.03323976323008537,-0.1098104938864708,0.9904946684837341
9.618958234786987,8.560714926431155,-4.546308807796595,7.719016200858497,0.2724609375,-0.28515625,0.568359375,4.82177734375,-36.2548828125,228.02734375,0.0,0.0,0.0,-0.07707130908966064,-0.03444341942667961,-0.07002328336238861,0.9939670562744141
9.639158010482788,8.841467290943589,-4.28132350809631,3.0276762234429087,0.7138671875,-0.482421875,1.076171875,12.87841796875,-4.2724609375,238.28125,0.0,0.0,0.0,-0.07798301428556442,-0.035193875432014465,-0.02919955551624298,0.9959053993225098
9.659581899642944,8.74972845888021,-3.592651328896381,-1.5524744641438066,0.83203125,-0.380859375,1.13037109375,26.7333984375,17.822265625,235.595703125,0.0,0.0,0.0,-0.07581369578838348,-0.03228537365794182,0.011110416613519192,0.9965372085571289
9.679187059402466,8.669914283334025,-3.3229845748502878,-6.08216392758588,0.65869140625,-0.474609375,0.9443359375,22.0947265625,-23.92578125,226.98974609375,0.0,0.0,0.0,-0.07391510903835297,-0.032879143953323364,0.050689440220594406,0.9954326748847961
9.699501991271973,8.69366968126733,-3.4447239456258907,-10.836512613538247,0.60107421875,-0.2724609375,0.75390625,5.126953125,-39.1845703125,240.17333984375,0.0,0.0,0.0,-0.0725911557674408,-0.03698963299393654,0.09184346348047256,0.9924349188804626
9.719313621520996,8.93449532121281,-3.035170221622882,-15.712565025216486,0.76171875,-0.21923828125,0.89990234375,4.0283203125,-5.9814453125,248.779296875,0.0,0.0,0.0,-0.07352204620838165,-0.036798324435949326,0.13418224453926086,0.9875401258468628
9.736384391784668,8.9173464237542,-2.640893496359076,-20.387926842285886,0.88671875,-0.47998046875,1.09130859375,22.39990234375,-17.333984375,227.6611328125,0.0,0.0,0.0,-0.07242647558450699,-0.0363665446639061,0.1746354103088379,0.9812922477722168
9.762465000152588,8.583479946934807,-2.0905234697852073,-26.209570279454553,0.7568359375,-0.22119140625,0.861328125,14.6484375,-7.26318359375,236.6943359375,0.0,0.0,0.0,-0.06874939054250717,-0.03468204662203789,0.22472964227199554,0.971373975276947
9.779126405715942,8.517927206375608,-1.437904230675778,-30.91598042894354,0.76025390625,-0.271484375,0.8232421875,7.9345703125,0.54931640625,237.79296875,0.0,0.0,0.0,-0.0682372897863388,-0.03185274079442024,0.26487666368484497,0.9613373875617981
9.800167560577393,8.467055103663707,-1.3403929282683853,-34.47703615651309,0.62353515625,-0.361328125,0.86865234375,11.474609375,-32.65380859375,235.65673828125,0.0,0.0,0.0,-0.06704392284154892,-0.03301655128598213,0.2946966588497162,0.9526641964912415
9.81990671157837,8.452321531850345,-1.2804443579231835,-39.27536699185211,0.84521484375,-0.326171875,0.91162109375,5.2490234375,-8.9111328125,238.70849609375,0.0,0.0,0.0,-0.06565798819065094,-0.03525996208190918,0.33436083793640137,0.9394937753677368
9.841026306152344,8.00291215993643,-0.6386772755486995,-44.85653654381755,1.17236328125,-0.48388671875,1.18408203125,29.60205078125,-10.498046875,214.53857421875,0.0,0.0,0.0,-0.06238113343715668,-0.03176253288984299,0.38023099303245544,0.9222386479377747
9.855039596557617,7.674398843879034,-0.26578974123803817,-48.05795890592383,0.9208984375,-0.3388671875,0.98193359375,14.22119140625,1.89208984375,216.85791015625,0.0,0.0,0.0,-0.06017972528934479,-0.029364051297307014,0.406142920255661,0.9113529324531555
9.880730628967285,7.380480435967753,0.16086868409717323,-52.20284212827315,0.86962890625,-0.3359375,1.03076171875,14.2822265625,13.00048828125,203.7353515625,0.0,0.0,0.0,-0.05841473117470741,-0.02705884538590908,0.43912991881370544,0.8961141109466553
9.89898943901062,7.1404727111753825,0.7126076166508877,-56.1970240567753,0.6640625,-0.34375,0.72314453125,8.48388671875,-21.6064453125,198.1201171875,0.0,0.0,0.0,-0.0578547827899456,-0.023853834718465805,0.4704073965549469,0.8802276253700256
9.916927099227905,7.137241604811144,0.593582072131601,-60.94631071877904,0.9072265625,-0.47705078125,0.685546875,-12.451171875,3.90625,180.60302734375,0.0,0.0,0.0,-0.05626709759235382,-0.027109846472740173,0.5064223408699036,0.860020637512207
9.93954348564148,7.24284444022918,1.11576561554812,-63.5421650939774,0.97998046875,-0.416015625,0.93017578125,0.18310546875,13.00048828125,172.9736328125,0.0,0.0,0.0,-0.05881299823522568,-0.024994539096951485,0.5259733200073242,0.8480969071388245
9.959495544433594,6.925910429249072,1.4218507248053094,-66.55612266902894,0.9052734375,-0.509765625,1.20751953125,20.263671875,1.40380859375,142.822265625,0.0,0.0,0.0,-0.05728992074728012,-0.02278675138950348,0.5482852458953857,0.8340154886245728
9.979305505752563,6.367368721663517,1.405340023147273,-69.12303070252479,0.71728515625,-0.33154296875,0.84130859375,32.8369140625,-11.53564453125,120.30029296875,0.0,0.0,0.0,-0.05267869681119919,-0.02141965553164482,0.5669334530830383,0.8217984437942505
9.999507427215576,6.022640963403334,1.7262971222702248,-71.17234700071707,0.8310546875,-0.20751953125,0.91015625,12.14599609375,3.173828125,93.994140625,0.0,0.0,0.0,-0.0514715313911438,-0.01833312027156353,0.58170086145401,0.8115655779838562
10.019459962844849,6.186734550665598,1.473183651842775,-72.5319644568998,0.6669921875,-0.169921875,0.80126953125,-17.88330078125,-20.20263671875,54.3212890625,0.0,0.0,0.0,-0.051099300384521484,-0.02156836725771427,0.5911831855773926,0.8046278953552246
10.03423285484314,6.452841282050233,1.1959246089256836,-73.06372200454199,0.92041015625,-0.30078125,1.02490234375,-7.32421875,-10.7421875,7.99560546875,0.0,0.0,0.0,-0.05142403021454811,-0.025128599256277084,0.5947657227516174,0.8018591403961182
10.059462785720825,6.62351789101192,0.9144202832743122,-72.70795111105436,0.69677734375,-0.20703125,0.86572265625,-10.07080078125,1.52587890625,-32.2265625,0.0,0.0,0.0,-0.05124615132808685,-0.02782679907977581,0.5921345949172974,0.8037264943122864
10.079157590866089,6.837523085634052,1.4760219156080325,-71.50850159090841,0.75732421875,-0.208984375,1.00439453125,-10.7421875,40.0390625,-71.71630859375,0.0,0.0,0.0,-0.05590291693806648,-0.024407189339399338,0.5838449597358704,0.8095704913139343
10.100065469741821,6.95795468862701,1.1860221152896346,-69.63332779579477,0.5625,-0.29345703125,1.12158203125,-0.54931640625,9.58251953125,-108.5205078125,0.0,0.0,0.0,-0.055714841932058334,-0.026163486763834953,0.5703852772712708,0.8190677762031555
10.114625692367554,6.804032960586187,1.747714567794975,-67.10277002906173,0.22607421875,-0.27587890625,1.142578125,37.109375,37.4755859375,-132.50732421875,0.0,0.0,0.0,-0.057863082736730576,-0.020105598494410515,0.5524007081985474,0.8313249945640564
10.139106750488281,6.588801320121215,2.198963395029738,-64.37440998396512,-0.3466796875,-0.03564453125,0.8515625,8.544921875,43.51806640625,-133.23974609375,0.0,0.0,0.0,-0.0588301345705986,-0.01439348142594099,0.5326423048973083,0.8441706299781799
10.160658359527588,6.652710973298201,2.804162978609296,-61.58965989708088,-0.48291015625,-0.03369140625,1.0458984375,3.60107421875,42.78564453125,-133.30078125,0.0,0.0,0.0,-0.06233331561088562,-0.008713820949196815,0.512169361114502,0.8565753102302551
10.17951774597168,6.6146292535807945,3.1722719685023133,-58.92126891289698,-0.5791015625,-0.0419921875,1.0888671875,7.6904296875,16.90673828125,-132.2021484375,0.0,0.0,0.0,-0.0638033002614975,-0.0043028066866099834,0.4922085404396057,0.8681252598762512
10.199538469314575,6.606101335515211,3.8040059832337247,-56.21928022818578,-0.2041015625,0.0458984375,0.81396484375,1.64794921875,53.22265625,-134.94873046875,0.0,0.0,0.0,-0.06640498340129852,0.0020946622826159,0.4718051552772522,0.8791961669921875
10.219629764556885,6.9355042837120005,4.632958295154669,-53.299859301436406,-0.375,0.14306640625,0.69873046875,-9.8876953125,31.494140625,-143.1884765625,0.0,0.0,0.0,-0.0721130222082138,0.008950605057179928,0.4495360553264618,0.8903016448020935
10.240153789520264,6.974873067201131,4.717603975764991,-50.28535189615669,-0.455078125,-0.01318359375,1.37255859375,16.41845703125,10.07080078125,-152.89306640625,0.0,0.0,0.0,-0.07247380167245865,0.011365660466253757,0.42599403858184814,0.9017469882965088
10.260308742523193,6.849452864793125,5.063521467601225,-47.258748225856884,-0.55859375,0.0908203125,1.05419921875,17.2119140625,22.76611328125,-147.8271484375,0.0,0.0,0.0,-0.07234904170036316,0.016476906836032867,0.4021299481391907,0.9125709533691406
10.279529094696045,6.730373212369008,4.997416762379727,-44.25490616096615,-0.66845703125,0.14892578125,0.873046875,12.75634765625,17.9443359375,-146.17919921875,0.0,0.0,0.0,-0.07071801275014877,0.01822691038250923,0.37803179025650024,0.9229077696800232
10.299401760101318,6.616677456558152,5.082100435917306,-41.2841153814691,-0.60107421875,0.15283203125,0.99365234375,14.46533203125,9.82666015625,-148.0712890625,0.0,0.0,0.0,-0.06955470889806747,0.021095555275678635,0.3539893925189972,0.9324208498001099
10.319978475570679,6.497167502216324,5.20854473981399,-37.51102326130568,-0.5185546875,0.25537109375,0.9072265625,14.46533203125,7.9345703125,-153.564453125,0.0,0.0,0.0,-0.06818962842226028,0.024753862991929054,0.32312047481536865,0.9435732960700989
10.340189695358276,6.414469706179925,4.968235632924493,-35.196962000694526,-0.546875,0.27587890625,0.94287109375,15.93017578125,-4.39453125,-157.28759765625,0.0,0.0,0.0,-0.0663628801703453,0.02434970624744892,0.30389878153800964,0.9500781893730164
10.359319925308228,6.244453064246791,4.903937939625286,-31.934286502111572,-0.46044921875,0.29931640625,1.04296875,16.845703125,15.68603515625,-165.1611328125,0.0,0.0,0.0,-0.06406811624765396,0.02610110677778721,0.2766664922237396,0.9584726691246033
10.378978967666626,6.101235950182671,4.756837009244367,-28.516483747099286,-0.49462890625,0.29833984375,0.99853515625,14.83154296875,8.97216796875,-173.4619140625,0.0,0.0,0.0,-0.06174087896943092,0.027067990973591805,0.24787230789661407,0.9664443135261536
10.399117946624756,6.049821274318576,4.492665782715784,-24.973466549127743,-0.5546875,0.3046875,0.94970703125,11.8408203125,-5.79833984375,-181.884765625,0.0,0.0,0.0,-0.05994517728686333,0.02681456133723259,0.21776579320430756,0.973789393901825
10.41937780380249,5.919286967769525,4.543147283984525,-21.248805592821586,-0.4013671875,0.2568359375,1.06689453125,16.7236328125,24.84130859375,-187.98828125,0.0,0.0,0.0,-0.05800548940896988,0.02939259260892868,0.18599079549312592,0.9803972840309143
10.4392728805542,5.770756820304781,4.138208846869741,-17.495462964643256,-0.65234375,0.2548828125,0.91845703125,19.4091796875,-22.88818359375,-190.673828125,0.0,0.0,0.0,-0.055204086005687714,0.027988968417048454,0.15358871221542358,0.9861946105957031
10.459115743637085,5.604278643248536,3.6964565439022343,-13.706471017865686,-0.43408203125,0.2177734375,0.9189453125,13.97705078125,-3.47900390625,-190.00244140625,0.0,0.0,0.0,-0.05235643684864044,0.026152856647968292,0.12068726867437363,0.9909639954566956
10.479425191879272,5.6160807832474955,3.4137328160406044,-10.033985876629258,-0.45166015625,0.2099609375,0.90185546875,3.90625,1.708984375,-180.84716796875,0.0,0.0,0.0,-0.05138227716088295,0.02535395883023739,0.08876104652881622,0.9944037199020386
10.499055624008179,5.650423828167965,3.230639990384892,-6.577881555185657,-0.51806640625,0.1640625,0.97216796875,5.55419921875,-0.54931640625,-168.0908203125,0.0,0.0,0.0,-0.05080379918217659,0.025281615555286407,0.05866594240069389,0.996663510799408
10.519891738891602,5.570925975757717,2.9416630108947035,-3.39917810980613,-0.5068359375,0.1806640625,1.017578125,9.765625,-7.01904296875,-155.517578125,0.0,0.0,0.0,-0.04931936040520668,0.024185579270124435,0.03086109273135662,0.9980131983757019
10.539309024810791,5.32163474322283,2.715423880252021,-0.5654670925171243,-0.5068359375,0.19677734375,1.083984375,20.93505859375,-9.765625,-134.82666015625,0.0,0.0,0.0,-0.046526528894901276,0.023439474403858185,0.006027862895280123,0.9986238479614258
10.554262161254883,5.076856131295206,2.384490542794325,1.9429661973903676,-0.4658203125,0.26806640625,1.00439453125,7.38525390625,-6.8359375,-119.873046875,0.0,0.0,0.0,-0.04392104968428612,0.021534452214837074,-0.01601305976510048,0.9986745715141296
10.579571962356567,4.951775730798409,2.245179016274983,4.183453300592375,-0.365234375,0.24365234375,0.9404296875,7.080078125,2.86865234375,-106.14013671875,0.0,0.0,0.0,-0.04244745895266533,0.021136730909347534,-0.0356125608086586,0.9982401132583618
10.594298839569092,4.847015996856046,2.1194292572395246,6.238324250127174,-0.38525390625,0.26318359375,0.9697265625,2.62451171875,-1.0986328125,-102.05078125,0.0,0.0,0.0,-0.04121027886867523,0.020751019939780235,-0.05357390642166138,0.9974973797798157
10.619148969650269,4.757123450302685,2.163558042249919,8.237749431527101,-0.40625,0.26318359375,1.0546875,7.01904296875,5.31005859375,-99.18212890625,0.0,0.0,0.0,-0.04003237187862396,0.021794874221086502,-0.0709698349237442,0.9964365363121033
10.638996124267578,4.5475241545820335,2.0607391492488976,10.145343573309853,-0.47021484375,0.2509765625,0.9775390625,7.8125,-6.34765625,-95.52001953125,0.0,0.0,0.0,-0.03792370483279228,0.021405234932899475,-0.08762466162443161,0.9952012896537781
10.659098863601685,4.415193935168091,1.9454152470946402,12.471626603667096,-0.38818359375,0.29150390625,0.966796875,0.06103515625,1.0986328125,-92.22412109375,0.0,0.0,0.0,-0.036444272845983505,0.02104666642844677,-0.10787442326545715,0.9932734370231628
10.679160833358765,4.365309648564903,1.8938319509354113,13.768593295914245,-0.44091796875,0.26025390625,1.0341796875,2.01416015625,-5.126953125,-82.94677734375,0.0,0.0,0.0,-0.03582609072327614,0.020959455519914627,-0.11913655698299408,0.9920099973678589
10.699118375778198,4.172037493168345,1.697684712785101,15.245735255824455,-0.42138671875,0.21826171875,1.00830078125,9.1552734375,-11.41357421875,-70.25146484375,0.0,0.0,0.0,-0.03411033749580383,0.019501883536577225,-0.13201506435871124,0.9904686808586121
10.719986200332642,3.969034025751811,1.6308538730774649,16.459027861870716,-0.3544921875,0.26904296875,0.9365234375,5.859375,-4.45556640625,-55.419921875,0.0,0.0,0.0,-0.03223352134227753,0.01903272047638893,-0.14255066215991974,0.9890795350074768
10.734354257583618,3.8199096518292763,1.5104390253923152,17.300288601562848,-0.3720703125,0.2978515625,0.98486328125,1.64794921875,-6.89697265625,-35.0341796875,0.0,0.0,0.0,-0.030965572223067284,0.018035756424069405,-0.14986971020698547,0.9880561828613281
10.759176969528198,3.670413886370622,1.611691777360994,17.767295955873298,-0.3134765625,0.28076171875,1.0361328125,3.96728515625,4.82177734375,-17.51708984375,0.0,0.0,0.0,-0.029466822743415833,0.018833424896001816,-0.15388894081115723,0.9874691963195801
10.780553817749023,3.4695901030729686,1.751656760884836,18.03731894697329,-0.3720703125,0.3134765625,0.9765625,-1.15966796875,-4.08935546875,-7.14111328125,0.0,0.0,0.0,-0.027500512078404427,0.019834568724036217,-0.15620894730091095,0.9871419072151184
10.806615114212036,3.410310250936193,1.786707477436343,18.121273924703797,-0.31494140625,0.3134765625,1.02197265625,-2.74658203125,0.244140625,-2.01416015625,0.0,0.0,0.0,-0.026927083730697632,0.020075390115380287,-0.15693262219429016,0.9870380759239197
10.819107294082642,3.346072321792223,1.832824487825446,18.117911764084855,-0.2939453125,0.30029296875,1.04248046875,-0.9765625,-3.72314453125,0.6103515625,0.0,0.0,0.0,-0.026310836896300316,0.020383821800351143,-0.15690232813358307,0.9870531558990479
10.834556579589844,3.1963338711746223,1.9535811651342136,18.054993768997992,-0.26318359375,0.28271484375,0.9912109375,1.77001953125,5.37109375,2.8076171875,0.0,0.0,0.0,-0.02486635185778141,0.021205158904194832,-0.15635505318641663,0.9871601462364197
10.85933804512024,3.0267001467218315,2.09094309953234,18.04343025873316,-0.28369140625,0.27197265625,0.9326171875,0.18310546875,7.32421875,-0.42724609375,0.0,0.0,0.0,-0.023218689486384392,0.022154513746500015,-0.15625208616256714,0.9871956706047058
10.879602670669556,3.0920392304260544,2.385107821140565,17.968303300504896,-0.51318359375,0.05078125,0.95654296875,-6.591796875,-7.080078125,5.79833984375,0.0,0.0,0.0,-0.023394165560603142,0.024761967360973358,-0.15551598370075226,0.9872457981109619
10.899359941482544,3.117169844260059,2.3340039188837065,17.761823266800825,-0.32080078125,0.0830078125,1.06396484375,-4.5166015625,-10.7421875,8.97216796875,0.0,0.0,0.0,-0.02372436784207821,0.02431316114962101,-0.15374478697776794,0.987526535987854
10.920605659484863,2.9446563412984617,1.950751759270536,17.643157267708318,0.05322265625,0.12109375,1.01611328125,-2.5634765625,-10.8642578125,1.8310546875,0.0,0.0,0.0,-0.02277681604027748,0.02075560949742794,-0.15285295248031616,0.9877684116363525
10.934788942337036,2.881678582056359,1.775045463037075,17.64677385287384,0.06396484375,0.09130859375,0.98046875,-4.21142578125,-4.5166015625,-1.15966796875,0.0,0.0,0.0,-0.022469008341431618,0.0191578958183527,-0.15293742716312408,0.9877946972846985
10.954078197479248,2.950767012728096,1.5532723156162287,17.666748741101543,0.0107421875,-0.05029296875,0.9921875,-8.1787109375,-5.43212890625,-1.8310546875,0.0,0.0,0.0,-0.02335897833108902,0.017342686653137207,-0.15315157175064087,0.9877744317054749
10.97989535331726,3.0199576827939714,1.2589829430556512,17.686090129283723,0.0,-0.03515625,1.05029296875,0.244140625,-4.8828125,-0.30517578125,0.0,0.0,0.0,-0.024347905069589615,0.014902769587934017,-0.15337949991226196,0.9877549409866333
10.999577760696411,2.81793648195745,1.196894815952943,17.66251743891072,-0.04833984375,0.001953125,1.02490234375,0.54931640625,-3.7841796875,1.52587890625,0.0,0.0,0.0,-0.022692790254950523,0.014092507772147655,-0.1532163769006729,0.9878316521644592
11.019547700881958,2.698017356595655,1.2304256019707107,17.60543071782775,-0.07421875,0.02392578125,0.94189453125,-5.06591796875,-4.39453125,2.44140625,0.0,0.0,0.0,-0.02162112109363079,0.01421042624861002,-0.15273161232471466,0.9879290461540222
11.04017448425293,2.639198755671267,1.3441895529515604,17.552667506489403,-0.06494140625,0.00146484375,1.0576171875,-3.2958984375,1.28173828125,2.01416015625,0.0,0.0,0.0,-0.020968852564692497,0.015103098005056381,-0.1522596925497055,0.9880027174949646
11.059468984603882,2.4699426126135315,1.429144833230354,17.54767293065883,-0.05419921875,-0.0185546875,1.0908203125,3.23486328125,-2.0751953125,0.1220703125,0.0,0.0,0.0,-0.019396919757127762,0.015609784051775932,-0.15222160518169403,0.9880327582359314
11.079214811325073,2.230521216872724,1.4317568469793551,17.579568206535498,-0.02294921875,0.0048828125,0.947265625,2.38037109375,-0.8544921875,-1.8310546875,0.0,0.0,0.0,-0.017324788495898247,0.01531904935836792,-0.15252842009067535,0.9880285263061523
11.099273204803467,2.070777179451289,1.4530431315276997,17.611449822033826,-0.0234375,0.017578125,0.90869140625,-5.615234375,4.39453125,-1.28173828125,0.0,0.0,0.0,-0.015914754942059517,0.015294358134269714,-0.15282084047794342,0.9880074858665466
11.12019395828247,2.0299964677946702,1.5997762989104953,17.602266632694743,-0.06787109375,0.00244140625,0.97412109375,-5.9814453125,1.3427734375,1.52587890625,0.0,0.0,0.0,-0.015368198044598103,0.016503779217600822,-0.1527220755815506,0.98801189661026
11.134207963943481,2.0568796654810173,1.7782946053695914,17.57054381909462,-0.0849609375,-0.02587890625,1.01953125,-3.11279296875,-1.3427734375,0.91552734375,0.0,0.0,0.0,-0.015366282314062119,0.01807439886033535,-0.15241354703903198,0.9880321025848389
11.15989351272583,1.9796637365837884,1.9286575914094255,17.5552424878065,-0.08642578125,0.00390625,0.99169921875,-0.48828125,-5.43212890625,-0.244140625,0.0,0.0,0.0,-0.01450236514210701,0.01926610805094242,-0.15226811170578003,0.9880450963973999
11.174187660217285,1.8770290452469454,1.951656972778974,17.563261129892094,-0.07568359375,0.0126953125,1.05859375,-1.3427734375,-3.72314453125,-1.03759765625,0.0,0.0,0.0,-0.013585382141172886,0.01932896301150322,-0.15235067903995514,0.9880441427230835
11.199664115905762,1.734540200103078,1.9808171847798741,17.56977200771841,-0.05419921875,0.02392578125,1.0341796875,-2.3193359375,-1.03759765625,0.0,0.0,0.0,0.0,-0.012316782958805561,0.0193916205316782,-0.15242627263069153,0.9880478382110596
11.214993238449097,1.6679079694899015,2.035146216985448,17.539415231952287,-0.078125,0.00732421875,0.97216796875,-4.150390625,-3.84521484375,2.0751953125,0.0,0.0,0.0,-0.01167498342692852,0.019768301397562027,-0.1521676778793335,0.9880880117416382
11.239132642745972,1.5145335103563262,2.147734628377115,17.483523793974072,-0.05029296875,0.00830078125,1.01904296875,0.30517578125,0.67138671875,2.99072265625,0.0,0.0,0.0,-0.010212492197751999,0.02053038775920868,-0.15169647336006165,0.9881611466407776
11.259460210800171,1.3685984078893645,2.169315251390005,17.418737742149208,-0.0859375,0.0361328125,1.03076171875,-3.60107421875,-4.638671875,2.5634765625,0.0,0.0,0.0,-0.008936982601881027,0.020518217235803604,-0.1511610448360443,0.9882558584213257
11.279462814331055,1.2610499290532264,2.1682356546143198,17.366889776159642,-0.07177734375,0.029296875,1.029296875,-1.28173828125,-5.67626953125,2.13623046875,0.0,0.0,0.0,-0.00802010577172041,0.020363403484225273,-0.15073321759700775,0.9883321523666382
11.299200057983398,1.090429775873898,2.1383164378419024,17.339039679818914,-0.0185546875,0.01611328125,1.04638671875,2.0751953125,-0.30517578125,0.48828125,0.0,0.0,0.0,-0.006592816673219204,0.019879307597875595,-0.15052634477615356,0.9883841872215271
11.319140911102295,0.8600772705252809,2.0129513038340803,17.318501300984686,-0.02978515625,0.01416015625,0.96875,2.5634765625,-4.638671875,0.54931640625,0.0,0.0,0.0,-0.00477428687736392,0.018494537100195885,-0.15039995312690735,0.9884406924247742
11.339499473571777,0.590488583406967,1.959208387236658,17.287038034573023,-0.02685546875,0.01953125,0.94775390625,2.99072265625,0.67138671875,1.0986328125,0.0,0.0,0.0,-0.0025243598502129316,0.017676392570137978,-0.15017524361610413,0.9884982109069824
11.360082626342773,0.3063787540306472,1.9699149222040644,17.243620229566545,-0.0439453125,0.03955078125,1.0244140625,-1.46484375,1.5869140625,0.732421875,0.0,0.0,0.0,-6.609273987123743e-05,0.017396338284015656,-0.14984357357025146,0.9885567426681519
11.383272886276245,0.1336336649675044,2.0069134166077887,17.22668648306679,-0.0439453125,0.03564453125,1.06298828125,-2.197265625,0.6103515625,0.8544921875,0.0,0.0,0.0,0.0014699583407491446,0.017489824444055557,-0.14972233772277832,0.9885722994804382
11.40243124961853,0.008096836579163042,2.034320831312934,17.232596304246144,-0.0439453125,0.02734375,1.0341796875,-1.28173828125,-0.42724609375,-1.0986328125,0.0,0.0,0.0,0.0025896744336932898,0.017562098801136017,-0.14979174733161926,0.9885581731796265
11.421297073364258,-0.27420581495596325,2.1016139894500157,17.257784334357858,-0.03515625,0.01513671875,0.99462890625,2.62451171875,0.91552734375,-1.5869140625,0.0,0.0,0.0,0.005116877146065235,0.017772424966096878,-0.15005163848400116,0.9885051846504211
11.43929648399353,-0.4546010627350641,2.1791859419577313,17.27357573171893,-0.04833984375,0.0244140625,0.998046875,2.25830078125,1.3427734375,-0.9765625,0.0,0.0,0.0,0.006777025759220123,0.01820441707968712,-0.15021641552448273,0.9884622693061829
11.462862730026245,-0.6002059682443381,2.3139050200338858,17.271321769292822,-0.0869140625,0.0361328125,0.96337890625,-0.1220703125,-1.953125,1.5869140625,0.0,0.0,0.0,0.008209015242755413,0.019175784662365913,-0.15022259950637817,0.9884321689605713
11.47942566871643,-0.6765572912421786,2.4407525185350125,17.23387867226281,-0.060546875,0.04248046875,0.99853515625,-3.0517578125,2.25830078125,2.197265625,0.0,0.0,0.0,0.009027043357491493,0.020172808319330215,-0.1499153971672058,0.9884518384933472
11.499924421310425,-0.8191312469464066,2.368232558135579,17.21522030299763,-0.0322265625,0.015625,1.1181640625,3.96728515625,-1.46484375,-0.732421875,0.0,0.0,0.0,0.010159005410969257,0.019362350925803185,-0.14977693557739258,0.9884780049324036
11.520665645599365,-0.9603697405853383,2.2171001085970605,17.24207489926683,-0.021484375,0.03564453125,0.94384765625,1.0986328125,-1.89208984375,-2.44140625,0.0,0.0,0.0,0.011184397153556347,0.01787136122584343,-0.1500253826379776,0.9884573221206665
11.534544229507446,-1.121201912518921,2.2545284780316726,17.27453195820273,-0.0390625,0.037109375,0.87646484375,-4.0283203125,3.96728515625,-2.44140625,0.0,0.0,0.0,0.01262568961828947,0.017980068922042847,-0.15033245086669922,0.9883913993835449
11.559231042861938,-1.0976339179009689,2.4468074812342286,17.289959647990496,-0.0693359375,0.01806640625,0.97509765625,-5.7373046875,2.38037109375,-0.1220703125,0.0,0.0,0.0,0.012676657177507877,0.01966782659292221,-0.15047255158424377,0.9883372187614441
11.57973861694336,-0.9495038701112001,2.6248049857691114,17.295504054049253,-0.072265625,0.005859375,1.0009765625,-2.5634765625,-2.62451171875,-0.30517578125,0.0,0.0,0.0,0.011633213609457016,0.021397044882178307,-0.15050235390663147,0.9883096814155579
11.599255561828613,-0.8721618495185904,2.73549118947693,17.30203712999037,-0.095703125,0.009765625,1.044921875,0.79345703125,-6.77490234375,0.18310546875,0.0,0.0,0.0,0.01111246645450592,0.022452661767601967,-0.15054810047149658,0.9882853031158447
11.619083404541016,-0.9253063241508432,2.8312045513070228,17.313537461005378,-0.06982421875,0.02734375,1.0654296875,-0.91552734375,-3.90625,-0.54931640625,0.0,0.0,0.0,0.011698567308485508,0.023207174614071846,-0.15066128969192505,0.988243818283081
11.635181665420532,-1.054717811633369,2.826634727865461,17.31111615894461,-0.05908203125,0.04638671875,0.97119140625,-4.08935546875,-0.8544921875,0.48828125,0.0,0.0,0.0,0.012808134779334068,0.022997871041297913,-0.15066632628440857,0.9882341623306274
11.659172773361206,-1.0301870805075624,2.937441313657401,17.284005430581537,-0.05712890625,0.00732421875,1.01318359375,-0.1220703125,0.3662109375,2.01416015625,0.0,0.0,0.0,0.01273616123944521,0.023988785222172737,-0.1504325270652771,0.9882471561431885
11.679771900177002,-0.9422261968288457,3.0103055582796854,17.236158247898306,-0.07958984375,0.01611328125,1.02880859375,3.47900390625,-5.79833984375,3.35693359375,0.0,0.0,0.0,0.012062624096870422,0.02473772130906582,-0.1500040888786316,0.9883022308349609
11.699301958084106,-1.0325246060292934,3.0309974029268276,17.165499940934524,-0.0869140625,0.0546875,0.9873046875,-2.685546875,-7.38525390625,2.9296875,0.0,0.0,0.0,0.012853114865720272,0.024805907160043716,-0.1494150161743164,0.9883798360824585
11.719359159469604,-1.1371323682626238,2.933580762672463,17.122295579339607,-0.005859375,0.02734375,1.08056640625,1.220703125,1.77001953125,0.732421875,0.0,0.0,0.0,0.013619787059724331,0.02383432909846306,-0.14905990660190582,0.9884471297264099
11.741249084472656,-1.2144490424501104,2.632174759883555,17.121986513279666,-0.025390625,0.0263671875,0.97314453125,1.5869140625,-2.8076171875,0.1220703125,0.0,0.0,0.0,0.013895900920033455,0.021133646368980408,-0.14905524253845215,0.9885053634643555
11.759307146072388,-1.29032465344443,2.4253845929024838,17.12435829646895,-0.01220703125,0.02490234375,0.9423828125,3.41796875,-1.953125,-0.06103515625,0.0,0.0,0.0,0.014282717369496822,0.0192506555467844,-0.14907550811767578,0.9885352253913879
11.77625560760498,-1.4050895473038039,2.228474081112424,17.108317597203175,-0.0205078125,0.0302734375,1.0,2.99072265625,2.01416015625,0.06103515625,0.0,0.0,0.0,0.01501496322453022,0.017404643818736076,-0.14894066751003265,0.9885789752006531
11.794521808624268,-1.5428650283118335,2.262400911380347,17.098186719116754,-0.0556640625,0.048828125,1.01123046875,-1.46484375,0.42724609375,0.1220703125,0.0,0.0,0.0,0.01624593883752823,0.017519695684313774,-0.14887718856334686,0.9885669946670532
11.819956541061401,-1.6615256913190535,2.4163358729126863,17.10065070985984,-0.05517578125,0.03662109375,1.0498046875,-1.52587890625,1.0986328125,-0.79345703125,0.0,0.0,0.0,0.017469244077801704,0.01869320124387741,-0.14893168210983276,0.9885163903236389
11.839678764343262,-1.6047925392473408,2.549679308201318,17.124622966299288,-0.06005859375,0.01904296875,0.99853515625,0.3662109375,-3.72314453125,-1.40380859375,0.0,0.0,0.0,0.017156602814793587,0.019913719967007637,-0.1491415649652481,0.9884664416313171
11.85944390296936,-1.5548457137245648,2.6975174721257744,17.153707619332497,-0.06005859375,0.01416015625,1.00244140625,4.69970703125,-1.46484375,-1.52587890625,0.0,0.0,0.0,0.01692277193069458,0.021249791607260704,-0.1493966430425644,0.9884040951728821
11.879225730895996,-1.515984498668131,2.814456500575328,17.15531954397662,-0.08056640625,0.02392578125,0.9541015625,1.220703125,-3.84521484375,1.15966796875,0.0,0.0,0.0,0.016739701852202415,0.0223089586943388,-0.14941301941871643,0.9883814454078674
11.89964747428894,-1.6213322692093497,2.897592282492254,17.1068542291735,-0.056640625,0.046875,1.00341796875,-0.54931640625,-1.953125,2.50244140625,0.0,0.0,0.0,0.017746571451425552,0.02289622090756893,-0.1490228772163391,0.9884093999862671
11.919239044189453,-1.7183644978794896,2.609771952849325,16.99588073063372,-0.01953125,0.0234375,1.14208984375,4.39453125,-6.53076171875,9.21630859375,0.0,0.0,0.0,0.01819133758544922,0.020304745063185692,-0.14805665612220764,0.9886030554771423
11.939615488052368,-1.8265520262898471,2.245732261597754,16.703442766225038,0.03369140625,0.04638671875,1.0,4.08935546875,-7.32421875,19.6533203125,0.0,0.0,0.0,0.018612947314977646,0.01707148738205433,-0.14551207423210144,0.9890341758728027
11.959996223449707,-1.8456831727116412,1.9518802345874688,16.190376031246604,0.07421875,0.0029296875,0.85205078125,-6.04248046875,-1.46484375,29.84619140625,0.0,0.0,0.0,0.0183413028717041,0.014592958614230156,-0.14105096459388733,0.9897249341011047
11.97927737236023,-1.6550189756392641,1.6765911676373975,15.490904896082062,0.03759765625,-0.021484375,0.939453125,-9.21630859375,-6.16455078125,39.00146484375,0.0,0.0,0.0,0.01628054678440094,0.012549295090138912,-0.13495317101478577,0.9906388521194458
11.994717121124268,-1.3357173436163943,1.372119370406506,14.667547789751827,0.10009765625,-0.146484375,0.97314453125,-7.568359375,-10.68115234375,40.52734375,0.0,0.0,0.0,0.013088217005133629,0.010387171991169453,-0.12776987254619598,0.9916631579399109
12.01903772354126,-1.06683435377756,1.1113479772590025,13.803115633300429,0.08056640625,-0.20947265625,1.05712890625,-7.26318359375,-8.30078125,43.9453125,0.0,0.0,0.0,0.010407178662717342,0.008508855476975441,-0.12024259567260742,0.9926535487174988
12.039150476455688,-0.7553793818114183,0.9275016963604734,12.87624701009865,0.0068359375,-0.23095703125,1.0390625,-6.65283203125,-7.14111328125,48.33984375,0.0,0.0,0.0,0.007457643281668425,0.007303547114133835,-0.1121770367026329,0.993633508682251
12.059204578399658,-0.5076926567621022,0.7939863857646806,11.866332678099626,0.02099609375,-0.17578125,1.10693359375,-1.40380859375,-2.9296875,51.33056640625,0.0,0.0,0.0,0.005122810136526823,0.006433642469346523,-0.10339535027742386,0.9946063756942749
12.079197406768799,-0.33826314429332455,0.6387929618777666,10.817274531967259,0.04345703125,-0.14453125,1.03857421875,-0.48828125,-5.9814453125,51.20849609375,0.0,0.0,0.0,0.0034641502425074577,0.005271411035209894,-0.09427289664745331,0.9955264925956726
12.099339485168457,-0.25607510448459087,0.5662106226413037,9.85099059461263,0.09521484375,-0.15185546875,1.01806640625,3.2958984375,0.48828125,45.8984375,0.0,0.0,0.0,0.0026506385765969753,0.0047309729270637035,-0.08587000519037247,0.9962915778160095
12.119606971740723,-0.09416118133088751,0.4248169823225922,9.038920375885843,0.0234375,-0.10498046875,0.90966796875,-2.44140625,-2.62451171875,37.90283203125,0.0,0.0,0.0,0.001111270859837532,0.0036309421993792057,-0.07880016416311264,0.99688321352005
12.139118432998657,0.1729516489246828,0.39535936360810564,8.450409932656386,0.05615234375,-0.10595703125,1.0185546875,-3.84521484375,7.14111328125,23.74267578125,0.0,0.0,0.0,-0.0012509797234088182,0.003551972098648548,-0.07367119938135147,0.9972755312919617
12.159172058105469,0.3686687986006941,0.5387029428935766,8.120508380650186,-0.00341796875,-0.11474609375,1.0400390625,1.52587890625,10.55908203125,11.65771484375,0.0,0.0,0.0,-0.0028762677684426308,0.004917025100439787,-0.07078927755355835,0.9974749684333801
12.179244041442871,0.47241905192807043,0.7210060279265059,8.032965846058133,-0.099609375,-0.08837890625,0.9638671875,3.72314453125,-2.3193359375,0.244140625,0.0,0.0,0.0,-0.0036717113107442856,0.006565173156559467,-0.07001559436321259,0.9975175857543945
12.200021028518677,0.5721407743056086,0.7804250985284732,8.0583579280713,-0.1767578125,-0.052734375,0.9208984375,-2.685546875,-9.1552734375,-0.9765625,0.0,0.0,0.0,-0.004501867573708296,0.007144336123019457,-0.07022807002067566,0.997495174407959
12.219462394714355,0.7412446254891942,0.9239931135612025,8.112622073479761,-0.021484375,-0.06494140625,1.0986328125,-0.42724609375,7.87353515625,-2.5634765625,0.0,0.0,0.0,-0.005881762597709894,0.008500455878674984,-0.07068104296922684,0.9974454641342163
12.240316152572632,0.7909107729257651,1.0265631315443418,8.14801269866418,-0.0537109375,-0.06689453125,1.09130859375,11.04736328125,1.52587890625,-1.15966796875,0.0,0.0,0.0,-0.0062477984465658665,0.009425812400877476,-0.07097871601581573,0.997413694858551
12.259146690368652,0.5574742770843285,1.0868159654727265,8.152631614090403,-0.07958984375,0.1044921875,0.8642578125,3.96728515625,-3.96728515625,-0.8544921875,0.0,0.0,0.0,-0.00417816499248147,0.009805815294384956,-0.07103506475687027,0.9974169135093689
12.279078722000122,0.49207713677216053,1.1310363177066816,8.127988291564996,-0.03515625,0.14404296875,0.810546875,-9.82666015625,-1.28173828125,1.220703125,0.0,0.0,0.0,-0.00358367757871747,0.010149400681257248,-0.07082423567771912,0.9974308013916016
12.29912281036377,0.46595267705306664,1.1449993588043033,8.0920794257773,-0.072265625,0.0595703125,1.0498046875,-1.5869140625,-4.150390625,2.44140625,0.0,0.0,0.0,-0.0033508576452732086,0.010253740474581718,-0.07051340490579605,0.9974525570869446
12.31902027130127,0.23098424448599036,1.1296169190197884,8.042397483528275,-0.06298828125,0.0654296875,1.1591796875,4.638671875,-4.57763671875,2.86865234375,0.0,0.0,0.0,-0.0013193875784054399,0.009974665008485317,-0.07010218501091003,0.9974890947341919
12.341496229171753,0.006844654963726096,1.1324328779485378,7.981730035772928,-0.03271484375,0.12548828125,1.0703125,1.40380859375,-1.8310546875,2.685546875,0.0,0.0,0.0,0.0006281909882090986,0.00986237358301878,-0.06959342956542969,0.9975265264511108
12.359193563461304,-0.15268803846220202,1.0874856441765053,7.909954139106203,-0.05712890625,0.12255859375,0.99267578125,-2.13623046875,-4.57763671875,3.72314453125,0.0,0.0,0.0,0.0019837673753499985,0.009375452995300293,-0.06898201256990433,0.9975718855857849
12.379273653030396,-0.4032727247309472,1.1467412704860682,7.8243530857857255,-0.00634765625,0.06591796875,1.08642578125,8.97216796875,4.39453125,4.45556640625,0.0,0.0,0.0,0.004193583969026804,0.009743563830852509,-0.0682586058974266,0.9976112842559814
12.4042387008667,-0.7819817946898543,1.1486899021119317,7.699630416446708,-0.09228515625,0.130859375,0.88720703125,1.15966796875,-7.080078125,4.638671875,0.0,0.0,0.0,0.007481297943741083,0.0095430389046669,-0.06720472127199173,0.9976654648780823
12.419450759887695,-0.9623220007491984,1.1084379965074598,7.636843902501366,-0.0126953125,0.12060546875,1.033203125,0.79345703125,-4.39453125,2.38037109375,0.0,0.0,0.0,0.009022844955325127,0.009091762825846672,-0.06667029112577438,0.997692883014679
12.4397554397583,-1.1829154464343365,1.0773475090140907,7.561299448960086,0.00732421875,0.0966796875,1.04345703125,2.99072265625,3.60107421875,3.60107421875,0.0,0.0,0.0,0.010919652879238129,0.008699915371835232,-0.06602732837200165,0.9977201819419861
12.455080270767212,-1.484507571878127,1.0771033297512627,7.464551526914148,-0.037109375,0.09326171875,0.96337890625,6.04248046875,-3.173828125,5.31005859375,0.0,0.0,0.0,0.013538158498704433,0.008535416796803474,-0.06520760804414749,0.9977433681488037
12.47438907623291,-1.674609772447859,1.0380381695150804,7.361670948767184,-0.0712890625,0.1298828125,0.91357421875,-1.89208984375,-7.62939453125,6.16455078125,0.0,0.0,0.0,0.015163940377533436,0.00810070801526308,-0.0643211230635643,0.9977812170982361
12.49552321434021,-1.8366511013079456,1.0101579776533232,7.269364357229047,0.0224609375,0.107421875,1.099609375,0.6103515625,4.45556640625,3.96728515625,0.0,0.0,0.0,0.01655302383005619,0.007780322339385748,-0.06352502852678299,0.9978126287460327
12.515096187591553,-2.0496718949159494,0.9860660861816899,7.2134302305685205,0.01611328125,0.08251953125,1.14794921875,7.01904296875,2.62451171875,2.74658203125,0.0,0.0,0.0,0.018390951678156853,0.007461416535079479,-0.06304869800806046,0.9978131055831909
12.540640354156494,-2.404568951076635,0.9689960560636529,7.114736131495952,-0.04052734375,0.1240234375,0.83837890625,-0.1220703125,-5.55419921875,4.7607421875,0.0,0.0,0.0,0.021465664729475975,0.007135973311960697,-0.0622091069817543,0.9978067874908447
12.55476689338684,-2.4822557361397717,0.8969395880324282,6.991257410359522,0.00390625,0.138671875,0.81591796875,-7.8125,-2.197265625,10.25390625,0.0,0.0,0.0,0.022096242755651474,0.0064901732839643955,-0.06112544238567352,0.9978643655776978
12.57960033416748,-2.5159640003542543,0.67991470274521,6.597094023547257,-0.00341796875,0.0849609375,0.98583984375,-5.37109375,-10.92529296875,27.03857421875,0.0,0.0,0.0,0.02225871942937374,0.004658890422433615,-0.05765387415885925,0.9980776309967041
12.600192785263062,-2.5997386184019877,0.3748692763457434,5.9118570026130195,0.07275390625,0.07275390625,1.0751953125,1.708984375,-4.5166015625,38.6962890625,0.0,0.0,0.0,0.022823402658104897,0.0020963402930647135,-0.051628369837999344,0.9984033703804016
12.619499921798706,-2.7651621715617,0.0004565892247477597,5.046355921556514,0.04296875,0.12255859375,1.052734375,0.79345703125,-10.6201171875,46.56982421875,0.0,0.0,0.0,0.02410503290593624,-0.0010582312243059278,-0.04401080682873726,0.9987396597862244
12.634947538375854,-2.9018267863342504,-0.2670082896746508,4.029730928697952,0.08349609375,0.140625,1.0732421875,-0.42724609375,-3.173828125,54.01611328125,0.0,0.0,0.0,0.025222888216376305,-0.003218133235350251,-0.03508845716714859,0.9990607500076294
12.654402256011963,-2.960617639615135,-0.4653658143929745,2.9318659583039666,0.08935546875,0.12158203125,1.0048828125,-3.96728515625,-0.67138671875,54.26025390625,0.0,0.0,0.0,0.025720860809087753,-0.004719266202300787,-0.025468939915299416,0.9993335604667664
12.679723024368286,-3.0179355199128244,-0.6210989833068783,1.8836679891201977,0.07080078125,0.109375,1.03125,-1.15966796875,2.25830078125,50.4150390625,0.0,0.0,0.0,0.026240402832627296,-0.0058503178879618645,-0.01628871075809002,0.999505877494812
12.699851274490356,-3.2759023733540973,-0.7586062193074261,0.9385230603599353,0.04345703125,0.16943359375,1.05615234375,10.25390625,-0.8544921875,44.7998046875,0.0,0.0,0.0,0.028527967631816864,-0.006851211190223694,-0.007997322827577591,0.999537467956543
12.71960186958313,-3.548861918910371,-0.7408519429727713,0.15539035211450733,0.046875,0.2099609375,0.87939453125,1.64794921875,10.92529296875,34.1796875,0.0,0.0,0.0,0.030955273658037186,-0.0065039899200201035,-0.0011551677016541362,0.9994989633560181
12.739859104156494,-3.7272103244138632,-0.6428601794459504,-0.33602591049460157,-0.0361328125,0.18212890625,0.96044921875,-3.662109375,5.43212890625,20.5078125,0.0,0.0,0.0,0.0325361005961895,-0.005511631723493338,0.0031132150907069445,0.9994505643844604
12.760074138641357,-3.840554752369286,-0.5325818127367757,-0.5747915280338083,-0.076171875,0.16748046875,1.0849609375,-0.3662109375,-0.67138671875,8.36181640625,0.0,0.0,0.0,0.03353140130639076,-0.004476889502257109,0.005168845411390066,0.9994142651557922
12.779383182525635,-4.016106835737893,-0.4743415367360175,-0.6403893585136984,-0.05615234375,0.15234375,1.09228515625,3.47900390625,-5.859375,1.220703125,0.0,0.0,0.0,0.035062238574028015,-0.003940975293517113,0.005729984492063522,0.999360978603363
12.80056357383728,-4.343288264907136,-0.46643591293684505,-0.6065108198176418,0.0126953125,0.2626953125,1.00146484375,10.07080078125,-0.6103515625,-4.0283203125,0.0,0.0,0.0,0.03791394829750061,-0.0038668701890856028,0.005443173926323652,0.9992587566375732
12.821166515350342,-4.586877570145532,-0.3556411732542468,-0.5935906632289164,-0.07421875,0.27197265625,0.849609375,-5.18798828125,0.30517578125,1.15966796875,0.0,0.0,0.0,0.040032703429460526,-0.0028937319293618202,0.005300051998347044,0.9991801381111145
12.834743976593018,-4.635817583095966,-0.31474480194898724,-0.6272007434740797,-0.0712890625,0.21044921875,0.99853515625,-5.31005859375,-3.23486328125,1.708984375,0.0,0.0,0.0,0.04045837000012398,-0.0025230112951248884,0.0055799176916480064,0.999162495136261
12.855862140655518,-4.778590734864035,-0.23633110866734675,-0.6979073420097277,0.01416015625,0.18603515625,1.177734375,-0.91552734375,1.46484375,2.13623046875,0.0,0.0,0.0,0.04170066490769386,-0.0018066453048959374,0.006171021610498428,0.9991095662117004
12.880346059799194,-5.0149016197681355,-0.23222829941028472,-0.7417234324221826,-0.0146484375,0.19140625,1.08056640625,3.5400390625,-3.11279296875,1.0986328125,0.0,0.0,0.0,0.043761398643255234,-0.0017414139583706856,0.006555161438882351,0.9990190267562866
12.899183511734009,-5.208325746873727,-0.20321026740191198,-0.7484305714654294,-0.02685546875,0.18115234375,0.919921875,0.1220703125,0.1220703125,0.0,0.0,0.0,0.0,0.04544609412550926,-0.0014747236855328083,0.00660505797713995,0.9989439249038696
12.91492486000061,-5.369926315088936,-0.07728384392274551,-0.7505447818178128,-0.0234375,0.13671875,0.92138671875,-1.3427734375,1.8310546875,-0.732421875,0.0,0.0,0.0,0.046847689896821976,-0.00036685820668935776,0.00657409243285656,0.9988803863525391
12.939272165298462,-5.523968852100703,0.10530220037285018,-0.7489650871288358,-0.05126953125,0.1318359375,1.02392578125,-0.06103515625,0.54931640625,0.42724609375,0.0,0.0,0.0,0.04818000644445419,0.0012327937874943018,0.006484032142907381,0.9988168478012085
12.955640316009521,-5.588499625605337,0.27755335470121,-0.7839605751976011,-0.0576171875,0.12939453125,1.02978515625,-3.11279296875,-2.0751953125,1.953125,0.0,0.0,0.0,0.04873169586062431,0.002752679865807295,0.00671506579965353,0.9987855553627014
12.979478359222412,-5.563944668652319,0.43049479051357686,-0.8405792148790102,-0.05908203125,0.10302734375,1.01318359375,-3.60107421875,-3.0517578125,3.35693359375,0.0,0.0,0.0,0.048506323248147964,0.004108261317014694,0.007144342642277479,0.9987889528274536
12.99961233139038,-5.47456865515494,0.5509393868742131,-0.8697541011144552,-0.03076171875,0.07666015625,0.98974609375,0.48828125,-1.220703125,1.40380859375,0.0,0.0,0.0,0.04771807789802551,0.005164675880223513,0.0073516168631613255,0.9988204836845398
13.019594430923462,-5.389537068856512,0.7480061926023894,-0.8803841699796693,-0.0234375,0.0888671875,0.9794921875,1.220703125,0.732421875,0.18310546875,0.0,0.0,0.0,0.04696275666356087,0.006881325040012598,0.007367181126028299,0.9988458752632141
13.041488647460938,-5.38919940137942,0.9585496018932357,-0.8762094836537635,-0.02587890625,0.09814453125,1.00146484375,-2.13623046875,-0.42724609375,0.54931640625,0.0,0.0,0.0,0.04694538936018944,0.008714789524674416,0.007244335487484932,0.9988332390785217
13.059307098388672,-5.368752803212163,1.156826044795592,-0.9024071544630234,-0.02880859375,0.09619140625,1.01806640625,-3.47900390625,1.40380859375,2.13623046875,0.0,0.0,0.0,0.04675082117319107,0.010452445596456528,0.007393087726086378,0.9988245368003845
13.080583333969116,-5.173189546235889,1.1324721515362652,-0.9373697188855551,-0.017578125,0.08984375,1.021484375,-4.150390625,3.7841796875,1.52587890625,0.0,0.0,0.0,0.04504479467868805,0.010241263546049595,0.007725294213742018,0.9989025592803955
13.099172830581665,-4.952628223784191,1.1547232003048744,-0.9497164597491168,-0.0224609375,0.0771484375,1.04931640625,0.6103515625,1.52587890625,0.06103515625,0.0,0.0,0.0,0.043119266629219055,0.01042499952018261,0.007844221778213978,0.9989847540855408
13.114867448806763,-4.697496752622119,1.175559225976527,-0.9454073574347791,-0.04296875,-0.02978515625,0.96533203125,-7.75146484375,0.1220703125,-0.06103515625,0.0,0.0,0.0,0.0408937968313694,0.010587630793452263,0.007822377607226372,0.999076783657074
13.139113426208496,-4.375839665830947,1.148958840810501,-0.9243350499065263,-0.00634765625,-0.115234375,1.01220703125,-3.90625,0.54931640625,-1.46484375,0.0,0.0,0.0,0.038093142211437225,0.010326684452593327,0.007677204441279173,0.999191403388977
13.154419422149658,-4.055215218264916,1.1823262358967173,-0.9326564614714231,-0.03125,-0.1513671875,1.041015625,-4.21142578125,-0.48828125,-1.0986328125,0.0,0.0,0.0,0.0352940633893013,0.010598704218864441,0.007768310606479645,0.9992906451225281
13.17917799949646,-3.8549549255737885,1.2253159801413065,-0.9390808947160548,-0.04736328125,-0.12548828125,1.03955078125,-0.1220703125,0.30517578125,0.54931640625,0.0,0.0,0.0,0.03354385495185852,0.010961903259158134,0.007830198854207993,0.9993464946746826
13.20057988166809,-3.482224032046788,1.2407297961073211,-0.9257975641625552,-0.0126953125,-0.240234375,0.94287109375,-5.18798828125,0.0,-0.91552734375,0.0,0.0,0.0,0.030293254181742668,0.011067300103604794,0.0077458592131733894,0.9994498491287231
13.219552516937256,-3.30123767941979,1.2244364865639614,-0.8985448959307928,-0.0576171875,-0.197265625,1.0244140625,-1.03759765625,0.79345703125,0.3662109375,0.0,0.0,0.0,0.02871846593916416,0.010906108655035496,0.007529730908572674,0.9994997978210449
13.239101648330688,-3.069865021285608,1.2495921799988243,-0.9113965371844065,-0.076171875,-0.24169921875,0.97119140625,-1.03759765625,-1.77001953125,0.0,0.0,0.0,0.0,0.02669728547334671,0.0111133037135005,0.007657940499484539,0.9995524883270264
13.258988618850708,-2.8685462627165403,1.3018856023883227,-0.941838797036859,-0.04931640625,-0.27587890625,1.00146484375,1.15966796875,-1.15966796875,0.79345703125,0.0,0.0,0.0,0.02493436448276043,0.011562615633010864,0.00793154165148735,0.9995908737182617
13.279819965362549,-2.6589151639275665,1.2095163652088918,-0.9541259871885946,-0.02783203125,-0.1552734375,1.0244140625,1.28173828125,-3.90625,0.8544921875,0.0,0.0,0.0,0.0231113750487566,0.010744786821305752,0.008078641258180141,0.999642550945282
13.299204587936401,-2.525184115403537,1.151477473066943,-0.9553413339740338,0.0009765625,-0.14599609375,1.04931640625,-0.42724609375,-5.31005859375,-0.67138671875,0.0,0.0,0.0,0.021948974579572678,0.010229268111288548,0.008112980052828789,0.9996739029884338
13.32129693031311,-2.2612429808726184,0.9838370966347385,-0.9824333860385952,-0.013671875,-0.14306640625,0.9541015625,0.48828125,-10.986328125,3.7841796875,0.0,0.0,0.0,0.019656741991639137,0.008752664551138878,0.008401856757700443,0.9997332692146301
13.33914852142334,-2.113700009186353,0.7916876535830011,-1.1468039161273618,-0.02197265625,-0.1318359375,0.89697265625,-1.8310546875,-9.6435546875,16.54052734375,0.0,0.0,0.0,0.018373973667621613,0.007091781590133905,0.009878220967948437,0.9997572898864746
13.361977815628052,-1.9499716236012734,0.5137865728839287,-1.8168971270112109,0.07861328125,-0.07568359375,1.09375,0.1220703125,-8.85009765625,31.982421875,0.0,0.0,0.0,0.016942502930760384,0.00475218566134572,0.0157760139554739,0.9997208118438721
13.37905240058899,-1.8673282556348232,0.2647897321744396,-2.351386109991154,0.05224609375,-0.04736328125,1.09130859375,0.9765625,-8.36181640625,39.306640625,0.0,0.0,0.0,0.016243912279605865,0.0026442711241543293,0.02047785185277462,0.9996548891067505
13.39972734451294,-1.7294948247405544,-0.10356555807530832,-3.199980551861174,0.08642578125,-0.0478515625,0.96435546875,-1.5869140625,-5.55419921875,46.93603515625,0.0,0.0,0.0,0.01511145755648613,-0.00048193076509051025,0.027931910008192062,0.9994955658912659
13.419947385787964,-1.541648827752748,-0.3225417563712477,-4.162553775505782,0.109375,-0.05419921875,0.927734375,-4.82177734375,3.35693359375,49.6826171875,0.0,0.0,0.0,0.013546301983296871,-0.0023240193258970976,0.036351557821035385,0.9992445707321167
13.434272527694702,-1.2062950772415846,-0.4387378149855773,-5.163080439377447,0.052734375,-0.09619140625,0.890625,-8.544921875,-1.953125,49.13330078125,0.0,0.0,0.0,0.010688393376767635,-0.0033504709135740995,0.04507856443524361,0.998920738697052
13.45964503288269,-0.9110477706499127,-0.5428852598214458,-6.094666588861588,0.03955078125,-0.138671875,0.99560546875,-3.7841796875,-4.94384765625,44.37255859375,0.0,0.0,0.0,0.008190820924937725,-0.004308059811592102,0.0531962588429451,0.9985412955284119
13.480615854263306,-0.5861855642298589,-0.46579627639324395,-7.0997400242863655,0.07568359375,-0.0703125,1.083984375,-4.82177734375,10.92529296875,33.38623046875,0.0,0.0,0.0,0.00535723427310586,-0.0037402461748570204,0.061936721205711365,0.9980586767196655
13.500000715255737,-0.4159156716889053,-0.39664720111219687,-7.537425376489953,-0.037109375,-0.0537109375,1.10791015625,-2.5634765625,1.3427734375,26.06201171875,0.0,0.0,0.0,0.0038491825107485056,-0.003215319709852338,0.06574071943759918,0.9978242516517639
13.519509077072144,-0.2758567463835494,-0.19047204464111753,-7.885461080742537,-0.02197265625,-0.048828125,1.11865234375,1.89208984375,4.57763671875,12.3291015625,0.0,0.0,0.0,0.0025158911012113094,-0.001492718351073563,0.06876302510499954,0.9976288080215454
13.5393385887146,-0.23353323906772738,-0.11452789163125979,-7.975672511752773,-0.05029296875,-0.02734375,0.984375,2.86865234375,-2.25830078125,1.5869140625,0.0,0.0,0.0,0.0021025310270488262,-0.0008552930084988475,0.06954654306173325,0.9975761771202087
13.559415817260742,-0.19627551764065987,-0.040668036880686875,-7.9165145358040006,-0.03759765625,-0.02001953125,0.93310546875,2.74658203125,-4.69970703125,-4.33349609375,0.0,0.0,0.0,0.0017332385759800673,-0.00023581262212246656,0.06903018802404404,0.9976130723953247
13.579314708709717,-0.07966197705352643,0.11154184498392128,-7.827409595439306,-0.0068359375,-0.0341796875,0.99462890625,3.173828125,6.8359375,-4.57763671875,0.0,0.0,0.0,0.0006271229358389974,0.0010185647988691926,0.06825320422649384,0.9976673126220703
13.599940538406372,-0.048691021205685824,0.35149941057457457,-7.786720451006248,-0.08447265625,-0.0302734375,1.01611328125,8.36181640625,-2.13623046875,-0.30517578125,0.0,0.0,0.0,0.00021565082715824246,0.0030891778878867626,0.06789804995059967,0.9976874589920044
13.619429588317871,-0.07163269614788638,0.38106804654350024,-7.809169575260787,-0.1025390625,0.02734375,0.93994140625,-4.2724609375,-7.62939453125,2.197265625,0.0,0.0,0.0,0.00039721254142932594,0.0033602870535105467,0.06809265911579132,0.9976733326911926
13.64215087890625,-0.1243669258730086,0.4701942245276446,-7.838721242478494,0.0205078125,0.0283203125,1.0673828125,-2.197265625,11.90185546875,1.46484375,0.0,0.0,0.0,0.0008022946421988308,0.004167790990322828,0.06834734976291656,0.9976525902748108
13.660054922103882,-0.396319458753742,0.5735053180357302,-7.864161135815853,-0.037109375,0.078125,1.14208984375,8.7890625,5.92041015625,2.86865234375,0.0,0.0,0.0,0.0031071545090526342,0.00523010827600956,0.06855535507202148,0.9976288080215454
13.674241781234741,-0.6705411752438667,0.5530934044228529,-7.955237439529741,-0.14013671875,0.1318359375,0.94091796875,3.90625,-12.02392578125,4.150390625,0.0,0.0,0.0,0.005502576939761639,0.005220820661634207,0.06933661550283432,0.9975645542144775
13.699455976486206,-0.7883865377797693,0.5114294105683338,-8.037720511494108,-0.0224609375,0.13671875,0.87109375,-5.7373046875,-4.21142578125,3.23486328125,0.0,0.0,0.0,0.006550145335495472,0.0049341414123773575,0.07005184888839722,0.9975097179412842
13.715755224227905,-0.847795629902246,0.5025978158889487,-8.096029836438507,-0.01953125,0.09228515625,0.97412109375,-7.080078125,1.220703125,3.7841796875,0.0,0.0,0.0,0.007070207968354225,0.004897179082036018,0.07055743783712387,0.9974707365036011
13.739500522613525,-0.9371549948135228,0.5050435038594893,-8.224544968314174,-0.1025390625,0.0478515625,0.986328125,2.8076171875,-15.625,9.09423828125,0.0,0.0,0.0,0.007840950973331928,0.004982284270226955,0.07167204469442368,0.9973849654197693
13.754624366760254,-1.082450193932619,0.24769665016795375,-8.57746596537061,0.01171875,0.10302734375,0.96142578125,-1.5869140625,-13.18359375,23.62060546875,0.0,0.0,0.0,0.00925790797919035,0.00286180735565722,0.07475876063108444,0.9971545338630676
13.774927616119385,-1.1760291216470828,-0.037621535722076486,-9.213081661984704,0.1318359375,0.1259765625,1.06640625,-1.15966796875,-7.38525390625,37.78076171875,0.0,0.0,0.0,0.010255823843181133,0.0004969859146513045,0.0803118422627449,0.9967169165611267
13.794755220413208,-1.3337501424137248,-0.3803490624116506,-10.094495376260047,0.10693359375,0.12353515625,1.13427734375,1.5869140625,-7.14111328125,47.18017578125,0.0,0.0,0.0,0.011885699816048145,-0.002282119123265147,0.08800923079252243,0.9960461854934692
13.820136547088623,-1.3644671039368588,-0.7052192729596379,-11.147569673624382,0.12646484375,0.04443359375,0.96142578125,-7.14111328125,-9.8876953125,55.60302734375,0.0,0.0,0.0,0.012448114342987537,-0.0049681589007377625,0.09719173610210419,0.9951754808425903
13.834577322006226,-1.1477361302273628,-1.0550758629562658,-12.292650034203374,0.1796875,-0.107421875,1.0146484375,-1.220703125,-11.04736328125,56.640625,0.0,0.0,0.0,0.010943465866148472,-0.008081440813839436,0.10714976489543915,0.9941498041152954
13.859718799591064,-1.0136063694105333,-1.2999348363283436,-13.510068074508323,0.19921875,-0.138671875,1.02783203125,1.708984375,-5.31005859375,59.326171875,0.0,0.0,0.0,0.010117562487721443,-0.01022428460419178,0.1177121102809906,0.9929436445236206
13.880117177963257,-0.9038758585779877,-1.5008812428659402,-15.004416134711441,0.12255859375,-0.06103515625,0.95068359375,0.732421875,0.67138671875,62.1337890625,0.0,0.0,0.0,0.009529517963528633,-0.011954999528825283,0.1306515634059906,0.9913104772567749
13.899302244186401,-0.7417864515894466,-1.6357527195379507,-15.942155003977295,0.052734375,-0.07421875,0.90380859375,0.79345703125,-4.150390625,63.8427734375,0.0,0.0,0.0,0.008389466442167759,-0.013238362967967987,0.1387476772069931,0.9902037978172302
13.922191381454468,-0.4857335452196583,-1.7880648708121774,-17.540798345259212,0.15234375,-0.05029296875,1.10400390625,-2.50244140625,4.150390625,63.78173828125,0.0,0.0,0.0,0.006567815318703651,-0.014774358831346035,0.15252070128917694,0.9881680607795715
13.940099477767944,-0.324611570494026,-2.0237220852683673,-18.842523118036922,0.119140625,-0.0322265625,1.0517578125,-3.41796875,-6.7138671875,65.12451171875,0.0,0.0,0.0,0.005684810224920511,-0.016957491636276245,0.1637152135372162,0.9863455891609192
13.96279263496399,-0.12665618650330002,-2.253683882452118,-20.172618789079575,0.12158203125,-0.06591796875,0.947265625,-0.06103515625,-1.708984375,66.83349609375,0.0,0.0,0.0,0.004532095976173878,-0.01916835643351078,0.17511890828609467,0.9843502044677734
13.97961163520813,0.037802038812139276,-2.3590071070010072,-21.216476599932623,0.08740234375,-0.06591796875,0.92529296875,-2.25830078125,0.244140625,70.61767578125,0.0,0.0,0.0,0.0034653255715966225,-0.020293664187192917,0.18404696881771088,0.9827018976211548
14.000240087509155,0.4174873622499487,-2.654663584612645,-22.631864258235808,0.044921875,-0.15234375,0.91015625,-3.7841796875,-19.4091796875,71.2890625,0.0,0.0,0.0,0.0009737549698911607,-0.023428460583090782,0.19608208537101746,0.9803071618080139
14.019187211990356,0.6707137976029682,-2.8821020537849,-24.41106877286889,0.22509765625,-0.07177734375,1.078125,-0.54931640625,5.55419921875,72.93701171875,0.0,0.0,0.0,-0.00040216336492449045,-0.025816598907113075,0.21120485663414001,0.9771007299423218
14.03956651687622,0.7702617770434942,-2.974586870571692,-25.524358871729707,0.1748046875,-0.04638671875,1.01123046875,0.67138671875,5.2490234375,75.5615234375,0.0,0.0,0.0,-0.0008199768490158021,-0.026797829195857048,0.2206551730632782,0.9749833941459656
14.059080839157104,0.9131112348311969,-3.070132679323708,-27.02685534761265,0.19580078125,-0.0419921875,1.00146484375,-2.13623046875,-0.8544921875,74.462890625,0.0,0.0,0.0,-0.0014853166649118066,-0.02790760062634945,0.23337440192699432,0.9719852805137634
14.082410097122192,1.1023700137601382,-3.3473911886322703,-28.53359337097017,0.126953125,-0.06201171875,1.05419921875,1.953125,-8.544921875,74.40185546875,0.0,0.0,0.0,-0.0021217302419245243,-0.030674919486045837,0.24604858458042145,0.9687697291374207
14.099807977676392,1.1250568072534528,-3.591122220295944,-30.019917666445814,0.19775390625,-0.05517578125,1.08447265625,6.591796875,-2.25830078125,73.8525390625,0.0,0.0,0.0,-0.001363652292639017,-0.03280423581600189,0.25855016708374023,0.9654396772384644
14.119219303131104,1.1158355182654067,-3.8152348142292256,-31.50951020743931,0.1484375,-0.00048828125,0.931640625,2.8076171875,-6.9580078125,75.439453125,0.0,0.0,0.0,-0.0003283934202045202,-0.03467841446399689,0.2710450291633606,0.9619417190551758
14.139524936676025,1.1867431271338942,-4.178092455867561,-33.06319382850962,0.13330078125,-0.015625,0.94091796875,-1.77001953125,-1.708984375,78.4912109375,0.0,0.0,0.0,0.0004504170792642981,-0.03788874298334122,0.28397780656814575,0.9580819606781006
14.154601573944092,1.2775339502848175,-4.283559541275844,-34.62740960128009,0.23193359375,-0.02392578125,1.1044921875,2.25830078125,1.03759765625,78.79638671875,0.0,0.0,0.0,0.0004856718296650797,-0.038992296904325485,0.29697906970977783,0.9540874361991882
14.179473161697388,1.3364461461451758,-4.531222627467329,-36.23775988679941,0.1171875,-0.03466796875,0.970703125,6.4697265625,-6.591796875,80.56640625,0.0,0.0,0.0,0.0012177660828456283,-0.041193313896656036,0.310287207365036,0.9497491717338562
14.19940733909607,1.413370297898798,-4.802734599806383,-37.87250419293943,0.11767578125,0.02490234375,0.814453125,-7.2021484375,-6.16455078125,83.43505859375,0.0,0.0,0.0,0.0019400891615077853,-0.043627846986055374,0.32371747493743896,0.9451454877853394
14.219683408737183,1.57145662706433,-5.161693910975934,-39.56479967302598,0.10400390625,-0.01708984375,0.97265625,-2.3193359375,-19.59228515625,85.205078125,0.0,0.0,0.0,0.002347853733226657,-0.04700414463877678,0.33749276399612427,0.9401509165763855
14.239609479904175,1.7075496403807149,-5.402888808023418,-41.331223196174676,0.2216796875,-0.03076171875,1.18212890625,4.82177734375,0.8544921875,88.43994140625,0.0,0.0,0.0,0.0027051621582359076,-0.04934688284993172,0.35182490944862366,0.934760332107544
14.259434938430786,1.6722205936205297,-5.538034772922698,-43.13125125003984,0.17529296875,0.0126953125,1.09765625,5.55419921875,-3.11279296875,90.087890625,0.0,0.0,0.0,0.004200123716145754,-0.05028046667575836,0.36644282937049866,0.9290715456008911
14.27981162071228,1.701625305049375,-5.781956622996309,-44.93308930403505,0.205078125,0.02734375,0.9267578125,-0.42724609375,-2.25830078125,90.02685546875,0.0,0.0,0.0,0.005567082203924656,-0.0522698275744915,0.38092339038848877,0.9231112003326416
14.302432537078857,1.8138728473127763,-5.886007724812283,-46.74134773585008,0.2685546875,-0.02197265625,0.93115234375,5.43212890625,4.5166015625,90.63720703125,0.0,0.0,0.0,0.005853291135281324,-0.05339484289288521,0.3953592777252197,0.9169546961784363
14.319478273391724,1.8679258971871993,-5.944998788013214,-48.55236897918437,0.2353515625,0.00634765625,0.91748046875,3.96728515625,0.54931640625,89.7216796875,0.0,0.0,0.0,0.006478596944361925,-0.05395738407969475,0.40975725650787354,0.9105743169784546
14.33957576751709,1.9826767037814101,-6.254609982429423,-50.379024525528834,0.17724609375,-0.00830078125,0.97412109375,-2.74658203125,-8.30078125,91.24755859375,0.0,0.0,0.0,0.007583058439195156,-0.056712083518505096,0.4240621030330658,0.9038239121437073
14.360750675201416,2.132278550615611,-6.391755485208225,-52.184366466568264,0.322265625,-0.01416015625,1.22021484375,5.79833984375,0.91552734375,91.064453125,0.0,0.0,0.0,0.007831043563783169,-0.058230165392160416,0.43812498450279236,0.8969919681549072
14.379225015640259,2.137237908283275,-6.598200087305975,-54.02437161764551,0.1396484375,-0.00634765625,0.99658203125,6.7138671875,-15.13671875,91.12548828125,0.0,0.0,0.0,0.009544964879751205,-0.0597178190946579,0.45239222049713135,0.8897663354873657
14.399801015853882,2.2458189196228484,-6.8713470361776015,-55.891789732956596,0.17919921875,0.025390625,0.82177734375,-5.92041015625,-5.126953125,94.66552734375,0.0,0.0,0.0,0.010798191651701927,-0.06209704652428627,0.4666680097579956,0.8821837902069092
14.420677661895752,2.4652596641638413,-7.254724700516771,-57.81901981482949,0.16650390625,-0.033203125,0.927734375,1.3427734375,-16.7236328125,97.16796875,0.0,0.0,0.0,0.011784649454057217,-0.06574879586696625,0.48115620017051697,0.8740863800048828
14.439517736434937,2.5848054769988127,-7.421559754957149,-59.770363879567114,0.31201171875,-0.02880859375,1.11767578125,9.6435546875,0.54931640625,96.37451171875,0.0,0.0,0.0,0.012724881060421467,-0.06731433421373367,0.495826780796051,0.8657150864601135
14.459350109100342,2.609202058940452,-7.584505870438851,-61.67541975229956,0.29931640625,0.03662109375,1.07568359375,4.5166015625,-5.31005859375,93.3837890625,0.0,0.0,0.0,0.01438860408961773,-0.06841902434825897,0.51006019115448,0.8572924733161926
14.479286193847656,2.7305296973751503,-7.7832840120800855,-63.56303132189179,0.26904296875,0.03564453125,1.00390625,1.3427734375,-4.08935546875,94.1162109375,0.0,0.0,0.0,0.015528615564107895,-0.07019700109958649,0.5239433646202087,0.8487135171890259
14.50040602684021,2.7631850452403928,-7.855373243674985,-65.4736059874736,0.27734375,-0.021484375,1.04833984375,13.0615234375,2.01416015625,94.970703125,0.0,0.0,0.0,0.016797631978988647,-0.07060889899730682,0.5379645228385925,0.8398371934890747
14.51951265335083,2.771161425530498,-7.98405059254344,-67.37082080303888,0.2080078125,0.0458984375,0.8779296875,1.3427734375,-7.75146484375,94.54345703125,0.0,0.0,0.0,0.018529169261455536,-0.07129036635160446,0.551724374294281,0.8307675123214722
14.539446353912354,2.93055669641744,-8.182421484155412,-69.28229705359114,0.2890625,0.044921875,0.91357421875,-4.0283203125,2.01416015625,94.970703125,0.0,0.0,0.0,0.01955689862370491,-0.07317638397216797,0.5652998685836792,0.8214005827903748
14.559886932373047,3.1302690798710855,-8.046945535741857,-71.1632765094993,0.38525390625,0.00244140625,1.06689453125,2.99072265625,9.033203125,94.23828125,0.0,0.0,0.0,0.018652375787496567,-0.0728965774178505,0.5786531567573547,0.8120952248573303
14.579858303070068,3.2382264095620723,-8.11101185638293,-73.05072415455145,0.14794921875,0.02783203125,0.83251953125,-0.79345703125,-7.6904296875,94.78759765625,0.0,0.0,0.0,0.019427159801125526,-0.07358444482088089,0.5918453931808472,0.8024505972862244
14.594462871551514,3.4777963619173273,-8.142993363397869,-75.00798999329947,0.1884765625,0.03564453125,0.96435546875,-8.1787109375,-2.44140625,99.12109375,0.0,0.0,0.0,0.01919468864798546,-0.07472793012857437,0.6052913665771484,0.7922561168670654
14.619611263275146,3.5377077931089174,-8.390270117014424,-76.9995775326268,0.208984375,-0.02392578125,1.138671875,4.82177734375,-6.9580078125,99.91455078125,0.0,0.0,0.0,0.021424785256385803,-0.07638727128505707,0.6187808513641357,0.7815473079681396
14.639479160308838,3.59958482467759,-8.507185880132118,-79.00124643116908,0.259765625,0.0458984375,1.08056640625,6.2255859375,-7.01904296875,100.40283203125,0.0,0.0,0.0,0.02298837900161743,-0.07712607085704803,0.6322241425514221,0.7705944180488586
14.65976095199585,3.71278411111315,-8.64096111144234,-80.99146793266242,0.275390625,0.0380859375,1.0615234375,3.0517578125,-10.43701171875,99.18212890625,0.0,0.0,0.0,0.02433181367814541,-0.07823580503463745,0.6453503370285034,0.7594801783561707
14.679559469223022,3.843784578073056,-8.734249542673668,-82.98145720772398,0.29150390625,0.0107421875,0.95849609375,3.96728515625,-0.42724609375,98.876953125,0.0,0.0,0.0,0.025370445102453232,-0.07916051149368286,0.6582908630371094,0.7481597661972046
14.699732303619385,3.8689832803553483,-8.821156015899264,-84.97415123769686,0.28173828125,0.00732421875,0.9423828125,11.16943359375,-5.126953125,98.08349609375,0.0,0.0,0.0,0.027093010023236275,-0.07941096276044846,0.6711254715919495,0.7365803718566895
14.71984577178955,4.043717875457669,-8.995792000145443,-86.94371824714007,0.26318359375,0.0751953125,0.8720703125,-3.72314453125,-11.77978515625,98.32763671875,0.0,0.0,0.0,0.02839609980583191,-0.08107508718967438,0.6834444403648376,0.7249305248260498
14.739540338516235,4.206088974388621,-8.980081711280768,-88.876996461523,0.4208984375,0.00048828125,1.20849609375,8.97216796875,8.1787109375,96.19140625,0.0,0.0,0.0,0.028653159737586975,-0.08147277683019638,0.6954731345176697,0.7133431434631348
14.75931715965271,4.179475569174489,-8.920106673952532,-90.81593007253872,0.19775390625,0.0283203125,1.02880859375,9.82666015625,-7.99560546875,96.0693359375,0.0,0.0,0.0,0.029818084090948105,-0.0804469883441925,0.7075042724609375,0.7014819979667664
14.779310941696167,4.330821889011393,-8.928332783034165,-92.80354244176911,0.15966796875,0.07373046875,0.81201171875,-7.080078125,-2.9296875,101.4404296875,0.0,0.0,0.0,0.03035067953169346,-0.08091717958450317,0.719452440738678,0.6891440153121948
14.802321195602417,4.6873987448210785,-9.046070730173199,-95.33348549147685,0.275390625,-0.01220703125,0.90673828125,-0.8544921875,-5.0048828125,101.01318359375,0.0,0.0,0.0,0.03079378232359886,-0.08319936692714691,0.7341498732566833,0.673166811466217
14.819139242172241,4.863784111268427,-8.999699722124337,-96.81970050392577,0.3798828125,0.0146484375,0.9970703125,0.6103515625,8.11767578125,98.6328125,0.0,0.0,0.0,0.03054642677307129,-0.0836697518825531,0.7427254915237427,0.663645327091217
14.839163780212402,5.095177686856942,-8.853696744652497,-98.7348992075757,0.3779296875,0.06396484375,1.0732421875,-2.3193359375,6.4697265625,95.8251953125,0.0,0.0,0.0,0.029659666121006012,-0.083846315741539,0.7536554336547852,0.6512247323989868
14.86019515991211,5.219524695791609,-8.849180282063827,-101.09502326394941,0.2412109375,0.01904296875,1.1611328125,5.615234375,-1.8310546875,94.3603515625,0.0,0.0,0.0,0.030660055577754974,-0.08402501791715622,0.766819953918457,0.635599672794342
14.879143476486206,5.221535332728531,-8.812924784175753,-102.52696559325341,0.2109375,0.02099609375,1.04833984375,8.30078125,-3.2958984375,94.8486328125,0.0,0.0,0.0,0.03145013004541397,-0.08345261216163635,0.7747288942337036,0.6259727478027344
14.899640560150146,5.26333609044901,-8.788468438078876,-104.4410782968253,0.19189453125,0.0458984375,0.890625,2.3193359375,-7.75146484375,96.8017578125,0.0,0.0,0.0,0.03244759514927864,-0.08307239413261414,0.7850650548934937,0.6129592657089233
14.919493675231934,5.410340117521079,-8.873554665890664,-106.39527738063599,0.26318359375,0.03076171875,0.8974609375,-0.48828125,0.3662109375,97.71728515625,0.0,0.0,0.0,0.033684141933918,-0.0839681550860405,0.7952303886413574,0.5995193123817444
14.934375762939453,5.459926864008548,-8.636250842235972,-108.30671265005323,0.3544921875,0.00537109375,1.10693359375,11.29150390625,7.14111328125,96.49658203125,0.0,0.0,0.0,0.033150140196084976,-0.08254129439592361,0.8052689433097839,0.5861995220184326
14.96114993095398,5.519773408403022,-8.697387865496756,-110.24787973292753,0.14599609375,0.06005859375,0.90185546875,-1.3427734375,-14.16015625,96.86279296875,0.0,0.0,0.0,0.03468160703778267,-0.0826958417892456,0.8149924874305725,0.5724909901618958
14.97474980354309,5.852984187062095,-8.674045694008237,-112.20242715638588,0.28271484375,0.06689453125,0.91357421875,-13.85498046875,3.41796875,98.93798828125,0.0,0.0,0.0,0.03429402783513069,-0.08437735587358475,0.8244146108627319,0.5586097836494446
14.995246410369873,6.014586462824597,-8.786577329452427,-114.19742296010907,0.22802734375,-0.03076171875,1.083984375,6.28662109375,-9.21630859375,100.03662109375,0.0,0.0,0.0,0.03581339120864868,-0.0854714885354042,0.8338048458099365,0.5442256927490234
15.014702558517456,6.106066601473162,-8.776536097598862,-116.16296698813115,0.2890625,0.0517578125,1.05615234375,1.8310546875,-1.28173828125,98.6328125,0.0,0.0,0.0,0.03677687421441078,-0.08547179400920868,0.8429567813873291,0.5298735499382019
15.03944730758667,6.26849874521982,-8.672379127850753,-118.08856123969781,0.32958984375,0.04931640625,1.07568359375,-0.91552734375,-0.42724609375,95.703125,0.0,0.0,0.0,0.03669893741607666,-0.08558676391839981,0.8517048954963684,0.5156809687614441
15.05985689163208,6.423847129023529,-8.513211814527361,-120.00296764140401,0.3017578125,0.02099609375,0.939453125,1.52587890625,7.6904296875,96.49658203125,0.0,0.0,0.0,0.03624327853322029,-0.08544143289327621,0.860213577747345,0.501416802406311
15.07473087310791,6.568857167744778,-8.40808751923805,-121.9027301175297,0.2587890625,0.03271484375,0.87841796875,-1.89208984375,3.0517578125,95.27587890625,0.0,0.0,0.0,0.036237940192222595,-0.08548761159181595,0.8683842420578003,0.48712173104286194
15.099540948867798,6.729761910438292,-8.332853839304004,-123.77325938400773,0.23876953125,0.0341796875,0.98095703125,-2.0751953125,-5.859375,95.27587890625,0.0,0.0,0.0,0.036386601626873016,-0.08580946177244186,0.8761599063873291,0.47292351722717285
15.12175464630127,6.783600022797271,-8.268656037521408,-126.11333683516746,0.30810546875,0.02099609375,1.1767578125,4.94384765625,2.13623046875,93.44482421875,0.0,0.0,0.0,0.037419144064188004,-0.0852140486240387,0.8856451511383057,0.45494067668914795
15.134851694107056,6.815586225567264,-8.159197987203724,-127.51703633225345,0.234375,0.0419921875,1.0595703125,2.86865234375,-3.0517578125,94.6044921875,0.0,0.0,0.0,0.03748135641217232,-0.0845811739563942,0.8912140130996704,0.4440481662750244
15.159339189529419,6.913021435398434,-8.21516882613104,-129.4400214515572,0.12939453125,0.03564453125,0.833984375,-2.62451171875,-13.61083984375,96.61865234375,0.0,0.0,0.0,0.0389711894094944,-0.0849100723862648,0.8984241485595703,0.4290754795074463
15.175182819366455,7.17201708608344,-8.09207259558813,-131.40237578123686,0.27001953125,-0.01025390625,0.9228515625,-6.65283203125,0.48828125,98.93798828125,0.0,0.0,0.0,0.03850787505507469,-0.08584124594926834,0.9055442214012146,0.4136885404586792
15.199339866638184,7.426250387369655,-8.221795817173245,-133.43031358732702,0.22314453125,-0.11669921875,1.09521484375,0.18310546875,-11.962890625,98.5107421875,0.0,0.0,0.0,0.04017580300569534,-0.08761177211999893,0.9124292731285095,0.39772215485572815
15.21667194366455,7.532200281774893,-8.129685593573745,-135.39120625652433,0.4091796875,0.01953125,1.13818359375,2.3193359375,4.21142578125,97.7783203125,0.0,0.0,0.0,0.04057419300079346,-0.08746109157800674,0.9190933108329773,0.38206252455711365
15.239211797714233,7.589474833060034,-7.945479660526732,-137.3267316031442,0.30078125,-0.02490234375,1.03955078125,9.033203125,4.0283203125,97.71728515625,0.0,0.0,0.0,0.04036935791373253,-0.08665062487125397,0.9255149960517883,0.3664477467536926
15.259937763214111,7.462540036203579,-7.879799707694243,-139.27894993209557,0.20263671875,-0.03955078125,0.99755859375,14.95361328125,-6.7138671875,96.8017578125,0.0,0.0,0.0,0.04169214889407158,-0.08472220599651337,0.9317679405212402,0.35056039690971375
15.279252290725708,7.453954488416873,-7.8075303298599845,-141.25198667763715,0.2353515625,0.02490234375,0.8935546875,3.41796875,-5.2490234375,100.2197265625,0.0,0.0,0.0,0.04257648438215256,-0.08371593803167343,0.9377259016036987,0.33443835377693176
15.302043914794922,7.602789433073329,-7.7556080855631935,-143.26426969014963,0.32080078125,-0.00341796875,0.89404296875,-0.1220703125,5.79833984375,101.1962890625,0.0,0.0,0.0,0.043198227882385254,-0.08404051512479782,0.9433839917182922,0.3179589807987213
15.322131872177124,7.724134573867775,-7.498699911443273,-145.2127997169492,0.365234375,-0.00537109375,1.01318359375,1.52587890625,4.8828125,98.44970703125,0.0,0.0,0.0,0.042168423533439636,-0.08364075422286987,0.948752224445343,0.30182012915611267
15.33465838432312,7.875990169684668,-7.478380098662485,-147.18322733022785,0.185546875,0.009765625,0.87744140625,-2.9296875,-11.474609375,100.03662109375,0.0,0.0,0.0,0.04305246099829674,-0.08411812782287598,0.953705370426178,0.2855112850666046
15.359415531158447,8.039401591803577,-7.435505293695022,-149.21538619322507,0.22509765625,-0.00146484375,1.0341796875,-5.67626953125,-5.43212890625,101.6845703125,0.0,0.0,0.0,0.04379479959607124,-0.08461117744445801,0.9585289359092712,0.26859885454177856
15.379666566848755,8.070971579921022,-7.471661753840131,-151.2961213615994,0.22802734375,-0.03173828125,1.11279296875,7.62939453125,-9.21630859375,103.271484375,0.0,0.0,0.0,0.04555928334593773,-0.08414388447999954,0.9631993770599365,0.25117969512939453
15.399659395217896,8.104665756870341,-7.3729441759922905,-153.38839954967108,0.30126953125,0.0205078125,1.0771484375,2.8076171875,-0.6103515625,105.5908203125,0.0,0.0,0.0,0.04618386551737785,-0.0833890438079834,0.967668354511261,0.23351962864398956
15.41922640800476,8.285964590651867,-7.167707236717162,-155.49880505979996,0.30712890625,-0.103515625,0.98828125,1.220703125,2.25830078125,107.11669921875,0.0,0.0,0.0,0.045626550912857056,-0.0836915448307991,0.9718109965324402,0.21563272178173065
15.4392991065979,8.333081796867555,-7.243973982763171,-157.63083494884108,0.244140625,-0.06689453125,0.97021484375,8.72802734375,-17.2119140625,104.98046875,0.0,0.0,0.0,0.04774496704339981,-0.0833548828959465,0.975570023059845,0.19757406413555145
15.459757804870605,8.383988904298953,-7.230363977068274,-159.7172528346049,0.3779296875,-0.021484375,0.94873046875,5.43212890625,-3.96728515625,103.8818359375,0.0,0.0,0.0,0.049058303236961365,-0.08288644254207611,0.978977620601654,0.1797943413257599
15.47969388961792,8.486523704119183,-7.0949644413960575,-161.82130626880567,0.341796875,-0.021484375,0.916015625,6.4697265625,4.21142578125,105.95703125,0.0,0.0,0.0,0.049264922738075256,-0.08267010748386383,0.9821264147758484,0.16176041960716248
15.500612497329712,8.431945370008904,-6.931677670229501,-163.88222022820864,0.34716796875,-0.01904296875,1.1298828125,11.3525390625,-1.40380859375,104.06494140625,0.0,0.0,0.0,0.049406975507736206,-0.08110916614532471,0.9850162267684937,0.1439562886953354
15.519409656524658,8.507187587679411,-6.935752304956237,-166.01176392839187,0.21142578125,0.01123046875,0.91943359375,0.54931640625,-16.41845703125,107.48291015625,0.0,0.0,0.0,0.050858333706855774,-0.08082959055900574,0.9874659180641174,0.12566283345222473
15.539412021636963,8.718907230250528,-6.8125992984658525,-168.18618197142212,0.31982421875,-0.00439453125,0.84716796875,-6.65283203125,5.859375,111.328125,0.0,0.0,0.0,0.05112075433135033,-0.08157321810722351,0.9895955324172974,0.10692590475082397
15.559381008148193,8.953673638628558,-6.753300876752271,-170.38499745016765,0.31787109375,-0.03173828125,0.9306640625,-1.3427734375,-5.67626953125,109.2529296875,0.0,0.0,0.0,0.05198288336396217,-0.08256761729717255,0.9913316369056702,0.08798879384994507
15.579314947128296,9.070077991332148,-6.497153841837983,-172.5220816791946,0.4384765625,0.0048828125,1.130859375,3.90625,4.69970703125,108.21533203125,0.0,0.0,0.0,0.05122247338294983,-0.08245746046304703,0.9928566813468933,0.06937339901924133
15.59954285621643,9.084975487685591,-6.365073351215569,-174.6507237944074,0.3212890625,0.01611328125,1.1748046875,7.01904296875,-4.0283203125,107.23876953125,0.0,0.0,0.0,0.05159247666597366,-0.08157257735729218,0.994032084941864,0.050838008522987366
15.614552974700928,9.091258407948358,-6.242361318813474,-176.79160560861288,0.28955078125,0.00390625,1.052734375,6.04248046875,-8.72802734375,107.72705078125,0.0,0.0,0.0,0.052040018141269684,-0.08062387257814407,0.9948649406433105,0.0321788489818573
15.639712572097778,9.117254107929426,-6.154529354955342,-178.97629625615482,0.2734375,0.01123046875,0.85986328125,2.5634765625,-4.150390625,111.14501953125,0.0,0.0,0.0,0.05280163884162903,-0.07983941584825516,0.9953212738037109,0.013158697634935379
15.659165143966675,9.207300760625936,-5.938698792277523,178.863734738633,0.36376953125,-0.009765625,0.93994140625,4.150390625,1.220703125,106.14013671875,0.0,0.0,0.0,0.05242684856057167,-0.07963873445987701,0.9954278469085693,-0.00571285467594862
15.679202795028687,9.373687583902031,-5.795562359822974,176.87508418064877,0.2998046875,0.013671875,0.9853515625,-9.27734375,-3.60107421875,96.8017578125,0.0,0.0,0.0,0.052591580897569656,-0.08020099252462387,0.9951243996620178,-0.023011498153209686
15.696895599365234,9.563141663552551,-5.644768858422018,175.10859235560838,0.24267578125,0.0009765625,0.96142578125,-3.72314453125,5.615234375,84.8388671875,0.0,0.0,0.0,0.05257666856050491,-0.08108647912740707,0.9945794939994812,-0.03837171569466591
15.719589233398438,9.611867379317777,-5.463280913777847,173.62827179641317,0.14990234375,0.07373046875,1.04150390625,-1.3427734375,-1.64794921875,68.42041015625,0.0,0.0,0.0,0.052067965269088745,-0.08091720193624496,0.994035542011261,-0.05133024603128433
15.739464282989502,9.483733884261984,-5.29155117502351,172.57031647511323,0.2216796875,0.09619140625,1.0693359375,1.8310546875,7.01904296875,48.2177734375,0.0,0.0,0.0,0.05125676468014717,-0.07942454516887665,0.9936704039573669,-0.06069222092628479
15.75519585609436,9.300526012607438,-4.933036253036833,171.9446574867617,0.1904296875,0.158203125,1.07568359375,6.89697265625,16.2353515625,28.1982421875,0.0,0.0,0.0,0.04847712814807892,-0.07778537273406982,0.9935705065727234,-0.06646174192428589
15.780309438705444,9.017903883809712,-4.6030685335730475,171.52610349442332,0.0048828125,0.2890625,0.96044921875,5.18798828125,8.48388671875,15.07568359375,0.0,0.0,0.0,0.04572833329439163,-0.07537897676229477,0.9936118125915527,-0.07044481486082077
15.799869298934937,8.795635867839158,-4.552610937966401,171.35909170883818,-0.00244140625,0.29931640625,0.9833984375,10.07080078125,-1.03759765625,12.3291015625,0.0,0.0,0.0,0.045261282473802567,-0.07341943681240082,0.9936672449111938,-0.07201667875051498
15.819684028625488,8.460324806010307,-4.530890082632114,171.19366452714047,0.0908203125,0.3193359375,1.044921875,7.01904296875,2.197265625,8.544921875,0.0,0.0,0.0,0.044963810592889786,-0.0704614669084549,0.9937790632247925,-0.07359791547060013
15.8395254611969,8.270296136695858,-4.504331745818166,171.041665497351,0.017578125,0.34521484375,0.953125,0.1220703125,-4.7607421875,8.4228515625,0.0,0.0,0.0,0.044702716171741486,-0.06877250969409943,0.9938037991523743,-0.0750080943107605
15.85935664176941,8.123686126161534,-4.389133775276731,170.89373726030686,0.06494140625,0.32861328125,1.0341796875,2.0751953125,11.1083984375,9.21630859375,0.0,0.0,0.0,0.04369518533349037,-0.06752563267946243,0.9938262701034546,-0.07642218470573425
15.879399538040161,7.852496026487117,-4.208232800014358,170.74567241947935,-0.00537109375,0.3271484375,1.08154296875,4.5166015625,0.48828125,9.6435546875,0.0,0.0,0.0,0.04202998802065849,-0.06524820625782013,0.9939337968826294,-0.07792208343744278
15.901048183441162,7.671050343638436,-4.171144872821189,170.58697980430327,-0.0205078125,0.34130859375,0.99853515625,1.15966796875,-0.06103515625,7.26318359375,0.0,0.0,0.0,0.04167313501238823,-0.06364349275827408,0.9939368963241577,-0.07938762754201889
15.919572591781616,7.506379605391306,-4.057157553310138,170.49878840174006,0.03466796875,0.3349609375,0.9501953125,-1.8310546875,11.3525390625,5.7373046875,0.0,0.0,0.0,0.04061853140592575,-0.06226759031414986,0.9939959645271301,-0.08028024435043335
15.939395189285278,7.3135770255001855,-4.017197531570979,170.36625541108512,-0.06298828125,0.31201171875,1.01416015625,5.615234375,-10.19287109375,7.32421875,0.0,0.0,0.0,0.04020695760846138,-0.06057821586728096,0.9940161108970642,-0.08152133971452713
15.954927206039429,7.128603976832016,-4.070213459908618,170.25193170475745,0.0048828125,0.31005859375,1.00390625,-0.54931640625,1.8310546875,5.126953125,0.0,0.0,0.0,0.04059383645653725,-0.058893367648124695,0.9940169453620911,-0.08254776149988174
15.97968602180481,6.885035589047954,-4.097278084494794,170.19465373837772,0.02197265625,0.21923828125,1.07861328125,8.48388671875,-7.14111328125,2.197265625,0.0,0.0,0.0,0.040681373327970505,-0.05673956871032715,0.9940912127494812,-0.08311599493026733
15.99478816986084,6.821343648150761,-3.9725588302503607,170.09620339168117,-0.01220703125,0.25634765625,0.916015625,-1.5869140625,0.67138671875,5.06591796875,0.0,0.0,0.0,0.039601895958185196,-0.05624808743596077,0.9940833449363708,-0.0840604230761528
16.019704818725586,6.689873178798594,-3.8516264890138765,169.9689433070655,-0.06103515625,0.248046875,0.9765625,-2.3193359375,3.5400390625,9.521484375,0.0,0.0,0.0,0.038517896085977554,-0.05515778437256813,0.9940837025642395,-0.08527427166700363
16.03983449935913,6.533182235936154,-3.8755675827152407,169.795128653067,-0.09375,0.2802734375,1.01611328125,-2.9296875,-4.08935546875,10.009765625,0.0,0.0,0.0,0.03869042545557022,-0.053721193224191666,0.9940215945243835,-0.08682220429182053
16.055211782455444,6.3406152975714,-3.854227083540359,169.62759777310492,-0.00732421875,0.28125,1.10107421875,2.99072265625,-1.0986328125,7.62939453125,0.0,0.0,0.0,0.038435470312833786,-0.05201142653822899,0.9939877986907959,-0.08835120499134064
16.074596405029297,6.1429743824269725,-3.841826448215378,169.4768691585011,-0.017578125,0.2890625,0.9912109375,2.197265625,-2.9296875,7.568359375,0.0,0.0,0.0,0.03824163228273392,-0.05025668069720268,0.9939619302749634,-0.08973097801208496
16.101227521896362,5.978674608829139,-3.862422883657551,169.32496575136,-0.00390625,0.31982421875,0.9482421875,-2.38037109375,-1.5869140625,7.568359375,0.0,0.0,0.0,0.03835621848702431,-0.0487639345228672,0.9939079284667969,-0.09109342843294144
16.120073080062866,5.805282145898726,-3.813668993362,169.2021316293265,0.0341796875,0.30908203125,1.0712890625,2.99072265625,0.0,6.16455078125,0.0,0.0,0.0,0.03784624859690666,-0.04725964367389679,0.9938944578170776,-0.09223950654268265
16.139811754226685,5.640846622291138,-3.7744227263911068,169.0912776590972,0.00244140625,0.33154296875,0.99951171875,-1.220703125,-1.3427734375,5.55419921875,0.0,0.0,0.0,0.03741788864135742,-0.045829933136701584,0.9938811659812927,-0.09327314049005508
16.161525011062622,5.497648291247236,-3.748700660863662,169.01859078594993,0.00927734375,0.322265625,0.98779296875,-1.40380859375,1.0986328125,3.60107421875,0.0,0.0,0.0,0.037106551229953766,-0.04458602890372276,0.9938845038414001,-0.09396163374185562
16.179280519485474,5.340810072430818,-3.7187758945625435,168.9691948578724,-0.00390625,0.31396484375,0.9892578125,-0.8544921875,0.244140625,2.74658203125,0.0,0.0,0.0,0.03673706576228142,-0.04323519393801689,0.9939113259315491,-0.09445367008447647
16.199498176574707,5.163503057332341,-3.661407428176314,168.94716066760992,0.01708984375,0.3125,1.02490234375,1.77001953125,1.708984375,1.708984375,0.0,0.0,0.0,0.03610141947865486,-0.041739095002412796,0.993972659111023,-0.09472553431987762
16.21929121017456,4.978027562873352,-3.573293505571507,168.92050926946854,-0.01416015625,0.32080078125,1.0126953125,-0.42724609375,4.150390625,2.5634765625,0.0,0.0,0.0,0.03519324213266373,-0.04019702598452568,0.9940378069877625,-0.09505065530538559
16.239583730697632,4.82972836117992,-3.489844175282995,168.8734356057088,-0.04736328125,0.31982421875,1.00048828125,-1.220703125,2.86865234375,3.7841796875,0.0,0.0,0.0,0.03436246141791344,-0.038967594504356384,0.9940690994262695,-0.09553713351488113
16.259466648101807,4.686900567898491,-3.4336645886991706,168.84880594356173,-0.02587890625,0.31494140625,1.025390625,-1.5869140625,-0.30517578125,1.40380859375,0.0,0.0,0.0,0.03376421332359314,-0.03776935487985611,0.9941091537475586,-0.09581498801708221
16.279605865478516,4.5607367286446,-3.4128220530034654,168.86719281280742,-0.00341796875,0.29248046875,1.02734375,-0.54931640625,-1.89208984375,-1.64794921875,0.0,0.0,0.0,0.033472031354904175,-0.03669806569814682,0.9941702485084534,-0.09570027142763138
16.299471616744995,4.396354992776727,-3.380591457527233,168.90456760794572,-0.02734375,0.259765625,0.99658203125,-1.0986328125,1.3427734375,-0.54931640625,0.0,0.0,0.0,0.033043619245290756,-0.03531023859977722,0.994260311126709,-0.09543543308973312
16.314356565475464,4.2340761013995705,-3.3354752832949486,168.92030436379343,-0.05029296875,0.2412109375,0.99658203125,0.1220703125,-1.28173828125,0.06103515625,0.0,0.0,0.0,0.03251238167285919,-0.03394509106874466,0.994332492351532,-0.0953611508011818
16.339640855789185,4.086290444554359,-3.291167632705664,168.92627394912802,-0.04296875,0.234375,0.99609375,-2.01416015625,-0.18310546875,0.1220703125,0.0,0.0,0.0,0.032003261148929596,-0.03270205482840538,0.9943901896476746,-0.09536600857973099
16.359456300735474,3.885613937210683,-3.248365825384956,168.93758474239357,-0.033203125,0.20751953125,1.04638671875,-0.1220703125,-1.0986328125,-0.244140625,0.0,0.0,0.0,0.031461767852306366,-0.031000064685940742,0.9944647550582886,-0.09533736109733582
16.37928819656372,3.7622013835318384,-3.22678434859842,168.9454121391824,-0.02392578125,0.1982421875,1.0166015625,-0.06103515625,-1.0986328125,-0.1220703125,0.0,0.0,0.0,0.031169768422842026,-0.029949471354484558,0.994508683681488,-0.09530995786190033
16.40017557144165,3.5552703438991355,-3.1832922652847175,168.95979651757443,-0.0205078125,0.18505859375,0.98388671875,-0.06103515625,-2.01416015625,-0.54931640625,0.0,0.0,0.0,0.030616650357842445,-0.02819422073662281,0.9945825934410095,-0.09525396674871445
16.41919755935669,3.442593993821905,-3.1321768370836347,168.96165432902868,-0.03076171875,0.16357421875,0.99755859375,-1.0986328125,0.79345703125,0.732421875,0.0,0.0,0.0,0.030078941956162453,-0.027259977534413338,0.9946222305297852,-0.0952824279665947
16.43916964530945,3.2579321456477937,-3.0813779454618992,168.97303342418593,-0.03564453125,0.16943359375,1.02685546875,-0.3662109375,1.15966796875,0.67138671875,0.0,0.0,0.0,0.029481926932930946,-0.025702999904751778,0.994685173034668,-0.09524571895599365
16.455008268356323,3.1262862258113215,-3.0233147207710327,168.98829206679173,-0.0302734375,0.12548828125,1.0048828125,-0.79345703125,-1.8310546875,-0.48828125,0.0,0.0,0.0,0.028865261003375053,-0.024613121524453163,0.994738757610321,-0.09516210108995438
16.47947359085083,2.9469421067928887,-2.9450405394392747,168.99728059573948,-0.0234375,0.1298828125,1.01708984375,0.91552734375,-1.0986328125,-0.732421875,0.0,0.0,0.0,0.028035053983330727,-0.02312440611422062,0.9947995543479919,-0.09514828026294708
16.50020670890808,2.7744187854343596,-2.8697511507748126,169.00804497387142,-0.025390625,0.12255859375,0.98193359375,-0.9765625,0.42724609375,-0.3662109375,0.0,0.0,0.0,0.027236176654696465,-0.021692566573619843,0.9948572516441345,-0.09511437267065048
16.519434213638306,2.630077038034715,-2.7775068847128517,169.02232006923674,-0.033203125,0.08740234375,0.99658203125,-2.0751953125,0.18310546875,-0.18310546875,0.0,0.0,0.0,0.02631300874054432,-0.020520195364952087,0.9949135780334473,-0.09504498541355133
16.539292097091675,2.4954569977015257,-2.654722281550825,169.03514716449803,-0.02685546875,0.0537109375,1.0185546875,-1.40380859375,0.244140625,-0.30517578125,0.0,0.0,0.0,0.025133173912763596,-0.019457176327705383,0.9949706792831421,-0.09499002248048782
16.559565544128418,2.354867798920568,-2.513134807933988,169.04805622202935,-0.02490234375,0.03271484375,1.02392578125,-0.18310546875,0.0,-0.67138671875,0.0,0.0,0.0,0.023785244673490524,-0.01835770159959793,0.9950298070907593,-0.09493669867515564
16.574729204177856,2.227646134118972,-2.3667376004809926,169.06062377010218,-0.03662109375,0.029296875,1.0029296875,-0.6103515625,-0.42724609375,-0.3662109375,0.0,0.0,0.0,0.022406775504350662,-0.017377838492393494,0.9950847029685974,-0.09488121420145035
16.60033869743347,2.1113115774109645,-2.215964589647546,169.06842384613432,-0.037109375,0.02587890625,0.99462890625,-0.8544921875,-0.48828125,-0.06103515625,0.0,0.0,0.0,0.021000096574425697,-0.01649489253759384,0.9951321482658386,-0.09486281126737595
16.61909580230713,1.9825193959870884,-2.0556350769481937,169.07433878995556,-0.03125,0.0224609375,1.0009765625,-0.42724609375,0.30517578125,0.18310546875,0.0,0.0,0.0,0.019500376656651497,-0.015511113218963146,0.9951786398887634,-0.0948614850640297
16.6395161151886,1.852412830034808,-1.8943203094610674,169.0761556202748,-0.0302734375,0.01953125,1.00537109375,-0.244140625,-0.1220703125,0.1220703125,0.0,0.0,0.0,0.01799151673913002,-0.014515836723148823,0.9952190518379211,-0.09489283710718155
16.657203197479248,1.7290342138584016,-1.7344185373584873,169.0785871676193,-0.029296875,0.01953125,1.00439453125,-0.54931640625,-0.30517578125,-0.06103515625,0.0,0.0,0.0,0.01650034263730049,-0.01357776578515768,0.9952560663223267,-0.0949140191078186
16.679214239120483,1.6067153442204052,-1.573346775195425,169.08202958296098,-0.02978515625,0.0166015625,1.005859375,-0.42724609375,-0.18310546875,-0.06103515625,0.0,0.0,0.0,0.014999710023403168,-0.012649856507778168,0.9952912926673889,-0.09492326527833939
16.699280500411987,1.4843974350777607,-1.4019762617027474,169.08351856420006,-0.03369140625,0.017578125,1.0068359375,-0.1220703125,-0.42724609375,0.0,0.0,0.0,0.0,0.013409794308245182,-0.011730123311281204,0.9953228831291199,-0.09494742751121521
16.719281673431396,1.3599513884001284,-1.2497235544186411,169.09044437601844,-0.0234375,0.01318359375,1.0078125,-0.67138671875,-0.48828125,-0.42724609375,0.0,0.0,0.0,0.011983589269220829,-0.010776469483971596,0.9953546524047852,-0.09491891413927078
16.74026131629944,1.2454207486849447,-1.096404377128661,169.10547079219248,-0.0244140625,0.00634765625,1.0078125,-0.42724609375,-0.6103515625,-0.6103515625,0.0,0.0,0.0,0.010555675253272057,-0.009910344146192074,0.9953895807266235,-0.09481610357761383
16.75969362258911,1.150071628036684,-0.9193593638178778,169.11531992497564,-0.0341796875,0.00439453125,1.00244140625,0.0,-0.30517578125,-0.244140625,0.0,0.0,0.0,0.008938102051615715,-0.009229659102857113,0.995417594909668,-0.09475594758987427
16.77936625480652,1.0642729261170996,-0.7323895520345372,169.12045622723147,-0.0380859375,0.00390625,1.0029296875,-0.1220703125,-0.67138671875,-0.244140625,0.0,0.0,0.0,0.007242623716592789,-0.008639522828161716,0.995438814163208,-0.09473422914743423
16.80132031440735,0.9848971633382657,-0.5513165947432976,169.12396694446488,-0.03466796875,0.00341796875,1.00634765625,-0.6103515625,-0.79345703125,-0.30517578125,0.0,0.0,0.0,0.005603800993412733,-0.008100032806396484,0.9954549670219421,-0.09472315013408661
16.81942391395569,0.8941844604759743,-0.3779135130031593,169.12693124656465,-0.03125,0.00439453125,1.00537109375,-0.18310546875,-0.48828125,-0.06103515625,0.0,0.0,0.0,0.004022267647087574,-0.0074555641040205956,0.9954685568809509,-0.09471416473388672
16.839266061782837,0.7907851614780602,-0.203846902397538,169.12698588807802,-0.0302734375,0.00634765625,1.00537109375,0.1220703125,-0.42724609375,0.0,0.0,0.0,0.0,0.002424658741801977,-0.006701261270791292,0.9954777359962463,-0.09472808986902237
16.85933780670166,0.6677111290499542,-0.04252587501535679,169.12986822790776,-0.0283203125,0.009765625,1.00537109375,0.0,-0.91552734375,-0.3662109375,0.0,0.0,0.0,0.0009213386802002788,-0.005765499081462622,0.9954874515533447,-0.09471388906240463
16.87965703010559,0.5395492460204234,0.10763563711922851,169.13236807714398,-0.03173828125,0.01708984375,1.00390625,-0.244140625,-0.91552734375,-0.18310546875,0.0,0.0,0.0,-0.0004891969147138298,-0.004776224493980408,0.9954943656921387,-0.09469923377037048
16.900092840194702,0.38709262023699526,0.24130353974396893,169.13299645454762,-0.03271484375,0.02490234375,1.00439453125,-0.18310546875,-0.48828125,0.0,0.0,0.0,0.0,-0.0017764302901923656,-0.003562222933396697,0.9954982995986938,-0.09469674527645111
16.91930055618286,0.2229016760986323,0.3659921114979896,169.13205388844216,-0.03173828125,0.02783203125,1.00390625,0.0,-0.42724609375,0.1220703125,0.0,0.0,0.0,-0.0029953140765428543,-0.0022388864308595657,0.9954984188079834,-0.09470407664775848
16.939234972000122,0.05032416679399281,0.47146746783847016,169.1343898131383,-0.0302734375,0.03271484375,1.00390625,-0.06103515625,-0.91552734375,-0.18310546875,0.0,0.0,0.0,-0.004054257180541754,-0.0008267212542705238,0.9954991936683655,-0.09467925131320953
16.9632511138916,-0.12376428174067398,0.570023735828022,169.13581049248566,-0.0302734375,0.03515625,1.00390625,-0.06103515625,-0.8544921875,-0.30517578125,0.0,0.0,0.0,-0.005054275039583445,0.0006042792811058462,0.9954967498779297,-0.09465939551591873
16.97995376586914,-0.3053587880080674,0.6704145499399571,169.13846060588364,-0.033203125,0.04052734375,1.00537109375,0.0,-0.54931640625,-0.30517578125,0.0,0.0,0.0,-0.00607635173946619,0.002099047414958477,0.995492160320282,-0.09462549537420273
16.99924325942993,-0.4874892240014689,0.7698920396938144,169.1393075493407,-0.03369140625,0.04248046875,1.00390625,-0.1220703125,-0.54931640625,-0.1220703125,0.0,0.0,0.0,-0.0070908949710428715,0.0035991384647786617,0.9954832196235657,-0.09460414946079254
17.01909065246582,-0.6694712901434077,0.856907102255043,169.13867917193707,-0.03271484375,0.04345703125,1.00390625,-0.244140625,-0.67138671875,-0.06103515625,0.0,0.0,0.0,-0.00799706019461155,0.005108119919896126,0.9954708218574524,-0.09459333121776581
17.039427518844604,-0.849128210481486,0.9494652368537072,169.13777758696665,-0.03173828125,0.041015625,1.0048828125,-0.1220703125,-0.3662109375,-0.06103515625,0.0,0.0,0.0,-0.00894945114850998,0.006592257414013147,0.9954550862312317,-0.09458193182945251
17.05927872657776,-1.0366328580933504,1.0392050646460949,169.1380781152901,-0.0302734375,0.04052734375,1.00634765625,0.244140625,-0.54931640625,-0.18310546875,0.0,0.0,0.0,-0.009883726015686989,0.00814694631844759,0.9954370856285095,-0.09455682337284088
17.07921266555786,-1.2147308944750792,1.1331684039447834,169.13698528502292,-0.0322265625,0.041015625,1.005859375,-0.18310546875,-0.9765625,-0.30517578125,0.0,0.0,0.0,-0.010846978984773159,0.009616256691515446,0.995415449142456,-0.09454149752855301
17.09929609298706,-1.3798795325206983,1.24174301198201,169.1356465679456,-0.0322265625,0.037109375,1.0029296875,-0.42724609375,-0.8544921875,-0.06103515625,0.0,0.0,0.0,-0.011926457285881042,0.010960902087390423,0.9953906536102295,-0.09452509135007858
17.11992335319519,-1.5311097391417126,1.377326856040112,169.13552362454053,-0.0322265625,0.03515625,1.00341796875,-0.06103515625,-0.30517578125,-0.1220703125,0.0,0.0,0.0,-0.0132288858294487,0.012162355706095695,0.9953632950782776,-0.09449324756860733
17.140339136123657,-1.6694856364664685,1.5265366073272717,169.13538702075712,-0.03076171875,0.03173828125,1.00341796875,-0.1220703125,-0.48828125,-0.06103515625,0.0,0.0,0.0,-0.014638986438512802,0.013240803964436054,0.9953331351280212,-0.09445797652006149
17.16005253791809,-1.6662798231464997,1.713673545301866,169.139239247449,-0.0322265625,0.0283203125,1.00537109375,-0.18310546875,-1.03759765625,-0.18310546875,0.0,0.0,0.0,-0.016261281445622444,0.013058598153293133,0.9953160285949707,-0.09439913928508759
17.17939829826355,-1.524907393766812,1.7144573095091251,169.1468070970494,-0.02978515625,0.0263671875,1.00439453125,0.06103515625,-0.732421875,-0.3662109375,0.0,0.0,0.0,-0.016150834038853645,0.011831078678369522,0.9953375458717346,-0.09435328096151352
17.199408054351807,-1.4853754327895419,1.7845113581747725,169.1502904935261,-0.033203125,0.0263671875,1.00244140625,-0.06103515625,-0.48828125,-0.06103515625,0.0,0.0,0.0,-0.016726400703191757,0.011430288664996624,0.9953358173370361,-0.09431986510753632
17.214898586273193,-1.5570833477296844,1.834053068102402,169.14918400288056,-0.0322265625,0.02685546875,1.0009765625,-0.30517578125,-0.42724609375,0.06103515625,0.0,0.0,0.0,-0.017215829342603683,0.012012016028165817,0.9953213334083557,-0.09431242197751999
17.234346628189087,-1.512114556173084,1.7217584615667514,169.1523668710338,-0.02978515625,0.0263671875,1.00537109375,-0.1220703125,-0.6103515625,0.0,0.0,0.0,0.0,-0.016203148290514946,0.011714708991348743,0.995342493057251,-0.09430589526891708
17.259210109710693,-1.5189135826050086,1.7571264617495468,169.15571366372708,-0.0302734375,0.02685546875,1.00537109375,0.1220703125,-0.67138671875,-0.244140625,0.0,0.0,0.0,-0.016515593975782394,0.011745018884539604,0.9953402876853943,-0.09427133947610855
17.279119729995728,-1.6831536987693103,1.7886921809987606,169.15311819184248,-0.03125,0.029296875,1.00439453125,-0.06103515625,-0.732421875,-0.18310546875,0.0,0.0,0.0,-0.016925152391195297,0.01314512174576521,0.9953165054321289,-0.09426571428775787
17.300244569778442,-1.6449591742088931,1.821439416252681,169.1563966826441,-0.03173828125,0.02880859375,1.00439453125,-0.3662109375,-0.79345703125,-0.06103515625,0.0,0.0,0.0,-0.01717779040336609,0.012786799110472202,0.9953193068504333,-0.09423828125
17.319324254989624,-1.656300916769111,1.87221696353326,169.16059041879447,-0.033203125,0.02978515625,1.005859375,-0.1220703125,-0.48828125,-0.18310546875,0.0,0.0,0.0,-0.017627669498324394,0.012843992561101913,0.9953150153160095,-0.09419314563274384
17.339543342590332,-1.8211399551462581,1.7966020736661643,169.1592653620955,-0.03125,0.0322265625,1.00732421875,0.244140625,-0.3662109375,-0.1220703125,0.0,0.0,0.0,-0.01710658147931099,0.014338009990751743,0.9953039884567261,-0.09419064968824387
17.359666347503662,-1.8739292065808175,1.6547044667723263,169.1600849847959,-0.029296875,0.033203125,1.00537109375,0.06103515625,-0.79345703125,-0.1220703125,0.0,0.0,0.0,-0.015917444601655006,0.014913879334926605,0.9953145384788513,-0.09419752657413483
17.376025199890137,-1.837208615498948,1.7464726473047962,169.16621849467057,-0.03076171875,0.03271484375,1.0068359375,-0.1220703125,-1.03759765625,-0.30517578125,0.0,0.0,0.0,-0.01668352074921131,0.01452001091092825,0.9953137040138245,-0.09413543343544006
17.40231442451477,-1.966888081184691,1.7428383463361148,169.163704985056,-0.03076171875,0.03515625,1.0029296875,-0.42724609375,-0.48828125,0.0,0.0,0.0,0.0,-0.016758818179368973,0.01564899832010269,0.9952950477600098,-0.09413893520832062
17.419808864593506,-1.923645726662517,1.7762830079373169,169.16886860806852,-0.03125,0.03369140625,1.0029296875,0.0,-0.54931640625,-0.1220703125,0.0,0.0,0.0,-0.017013078555464745,0.015246551483869553,0.9953011274337769,-0.09409507364034653
17.439480543136597,-1.8475595537426908,1.7795397275109435,169.17526166513167,-0.03125,0.03271484375,1.00439453125,-0.06103515625,-0.79345703125,-0.18310546875,0.0,0.0,0.0,-0.01697807013988495,0.014583948068320751,0.9953159093856812,-0.09405039250850677
17.45932960510254,-1.8766531713991832,1.8622995288584014,169.17706483507254,-0.0322265625,0.03271484375,1.00537109375,-0.18310546875,-0.9765625,-0.244140625,0.0,0.0,0.0,-0.017720505595207214,0.014768636785447598,0.9953033328056335,-0.09401751309633255
17.4790256023407,-1.8768267008927837,1.7836902413704898,169.18108098630452,-0.03173828125,0.03271484375,1.00146484375,-0.06103515625,-0.54931640625,-0.30517578125,0.0,0.0,0.0,-0.01703738607466221,0.014835595153272152,0.9953163862228394,-0.09399490803480148
17.50001573562622,-1.7489810342774834,1.8189954891902858,169.188170722663,-0.03173828125,0.03076171875,1.001953125,-0.06103515625,-0.54931640625,-0.18310546875,0.0,0.0,0.0,-0.017238304018974304,0.013697105459868908,0.995333731174469,-0.09394706040620804
17.52224040031433,-1.6699024914492508,1.874796640605409,169.19396272307915,-0.03271484375,0.029296875,1.00439453125,-0.48828125,-0.67138671875,-0.06103515625,0.0,0.0,0.0,-0.017657479271292686,0.012965144589543343,0.9953405857086182,-0.09390080720186234
17.53935408592224,-1.6408421709649623,1.7469530017025185,169.199782044252,-0.03076171875,0.02880859375,1.0048828125,0.0,-0.48828125,-0.06103515625,0.0,0.0,0.0,-0.01652260310947895,0.012818843126296997,0.9953646063804626,-0.09387236088514328
17.559219121932983,-1.6482594362384788,1.7147501538697894,169.20259608219007,-0.02978515625,0.0283203125,1.0048828125,0.1220703125,-0.6103515625,-0.1220703125,0.0,0.0,0.0,-0.01624865084886551,0.01291017048060894,0.9953700304031372,-0.09385126084089279
17.5797278881073,-1.681656286515491,1.6781648859108507,169.20433095023924,-0.0302734375,0.02978515625,1.00537109375,-0.06103515625,-1.03759765625,-0.3662109375,0.0,0.0,0.0,-0.01595802791416645,0.01323060691356659,0.9953718185424805,-0.09383650124073029
17.599268913269043,-1.8191173653782882,1.7998549512583828,169.20255510105503,-0.0322265625,0.033203125,1.00341796875,-0.42724609375,-0.732421875,-0.1220703125,0.0,0.0,0.0,-0.017127759754657745,0.014324224554002285,0.9953393936157227,-0.09381447732448578
17.619298696517944,-1.7308577676450891,1.8011627190410289,169.20931698833334,-0.03125,0.03076171875,1.00439453125,-0.1220703125,-0.18310546875,-0.06103515625,0.0,0.0,0.0,-0.01706605777144432,0.01355752907693386,0.995355486869812,-0.09376876801252365
17.639528036117554,-1.7658698509391035,1.755816666254491,169.21040981860054,-0.03125,0.03125,1.005859375,0.244140625,-0.48828125,-0.06103515625,0.0,0.0,0.0,-0.016700711101293564,0.013899102807044983,0.9953576922416687,-0.09376063197851181
17.65933847427368,-1.7872697941041056,1.6957428046267016,169.21378393205055,-0.029296875,0.03076171875,1.00634765625,-0.06103515625,-1.03759765625,-0.30517578125,0.0,0.0,0.0,-0.01619601808488369,0.014134860597550869,0.9953649044036865,-0.09373711794614792
17.679412126541138,-1.788122180368182,1.8051820719241698,169.2176634794991,-0.0322265625,0.03125,1.00341796875,-0.30517578125,-0.9765625,-0.244140625,0.0,0.0,0.0,-0.017146801576018333,0.014052877202630043,0.9953548908233643,-0.09368706494569778
17.699668407440186,-1.783789279113455,1.8549728703130932,169.2211058948408,-0.03271484375,0.0322265625,1.0048828125,0.06103515625,-0.244140625,-0.1220703125,0.0,0.0,0.0,-0.017575306817889214,0.01397484727203846,0.9953519105911255,-0.0936504602432251
17.71938419342041,-1.82223001064911,1.7481724039127773,169.2246166120742,-0.03076171875,0.03271484375,1.00439453125,-0.1220703125,-0.48828125,-0.06103515625,0.0,0.0,0.0,-0.016678644344210625,0.014397007413208485,0.9953632354736328,-0.09363015741109848
17.739506483078003,-1.8417131252565713,1.6591219983397378,169.22569578196305,-0.02978515625,0.0322265625,1.005859375,-0.1220703125,-0.8544921875,0.06103515625,0.0,0.0,0.0,-0.01592095009982586,0.01463952288031578,0.9953719973564148,-0.09363149851560593
17.7597336769104,-1.7700916548981118,1.79627507835965,169.2313101974608,-0.03173828125,0.03076171875,1.0068359375,-0.06103515625,-0.732421875,-0.244140625,0.0,0.0,0.0,-0.017053037881851196,0.01390561368316412,0.9953693747520447,-0.09357249736785889
17.77952265739441,-1.8446323907965172,1.9165551365303977,169.23241668810633,-0.033203125,0.03173828125,1.0048828125,-0.06103515625,-0.6103515625,-0.18310546875,0.0,0.0,0.0,-0.018158476799726486,0.014454523101449013,0.9953455924987793,-0.09353335201740265
17.799467086791992,-1.869640061225461,1.8415233740636918,169.2335368391302,-0.0322265625,0.03271484375,1.0029296875,-0.3662109375,-0.48828125,-0.06103515625,0.0,0.0,0.0,-0.017527049407362938,0.014733504503965378,0.9953530430793762,-0.09353132545948029
17.81958532333374,-1.8830933994562704,1.7979770761234526,169.2373890658221,-0.03173828125,0.03271484375,1.00732421875,-0.42724609375,-0.67138671875,-0.06103515625,0.0,0.0,0.0,-0.017159299924969673,0.014886679127812386,0.9953598380088806,-0.09350258857011795
17.839500904083252,-1.7413817017739037,1.7493222235708668,169.24391872666862,-0.03076171875,0.03076171875,1.0068359375,0.18310546875,-0.48828125,-0.1220703125,0.0,0.0,0.0,-0.01662026159465313,0.013696596026420593,0.9953887462615967,-0.09347403794527054
17.8592050075531,-1.7100754229914445,1.7825349789054057,169.24767533071216,-0.03125,0.02978515625,1.00390625,0.1220703125,-0.79345703125,-0.244140625,0.0,0.0,0.0,-0.016882769763469696,0.013397983275353909,0.9953916072845459,-0.09344127029180527
17.879444122314453,-1.8166747189763623,1.8194242970041157,169.24703329293015,-0.0322265625,0.0322265625,1.001953125,-0.54931640625,-0.8544921875,-0.18310546875,0.0,0.0,0.0,-0.017290182411670685,0.014293611980974674,0.9953736066818237,-0.09342551976442337
17.89927387237549,-1.7599067756285651,1.833114984308583,169.25222423669936,-0.03173828125,0.03076171875,1.00390625,-0.42724609375,-0.54931640625,-0.06103515625,0.0,0.0,0.0,-0.017362192273139954,0.013790077529847622,0.9953829646110535,-0.0933869257569313
17.9192316532135,-1.6168248779656702,1.7339818321384295,169.26118544489043,-0.0302734375,0.02880859375,1.00732421875,0.06103515625,-0.3662109375,-0.1220703125,0.0,0.0,0.0,-0.016383495181798935,0.012629679404199123,0.9954190254211426,-0.09334412217140198
17.939759969711304,-1.7400150236096665,1.7692571978806066,169.26214167137422,-0.03125,0.03076171875,1.00634765625,-0.18310546875,-0.48828125,-0.18310546875,0.0,0.0,0.0,-0.016790127381682396,0.013671052642166615,0.9954013824462891,-0.09331308305263519
17.954634428024292,-1.7972432576744992,1.7106454236220232,169.26211435061754,-0.0302734375,0.03173828125,1.00439453125,-0.06103515625,-0.8544921875,-0.06103515625,0.0,0.0,0.0,-0.016327623277902603,0.01421613059937954,0.9954013824462891,-0.09331360459327698
17.97995948791504,-1.760431206090775,1.810998831776082,169.2648191055289,-0.03173828125,0.03076171875,1.00634765625,0.06103515625,-0.67138671875,-0.244140625,0.0,0.0,0.0,-0.017169000580906868,0.013814636506140232,0.9953959584236145,-0.09328076988458633
17.999247312545776,-1.8236039458893403,1.8543607146087309,169.2649283885556,-0.03271484375,0.0322265625,1.00341796875,-0.06103515625,-0.6103515625,-0.1220703125,0.0,0.0,0.0,-0.017597045749425888,0.014327915385365486,0.9953829050064087,-0.09326374530792236
18.019214153289795,-1.7807508054281513,1.9288008119385842,169.27028325686487,-0.0341796875,0.03125,1.00341796875,-0.48828125,-0.54931640625,-0.1220703125,0.0,0.0,0.0,-0.018208101391792297,0.013895608484745026,0.9953827857971191,-0.09321279078722
18.039162158966064,-1.7713125512122516,1.780861369115341,169.27279676647944,-0.03125,0.03125,1.00439453125,-0.06103515625,-0.6103515625,0.0,0.0,0.0,0.0,-0.016915112733840942,0.013934995979070663,0.995404839515686,-0.0932142361998558
18.0592942237854,-1.841454004954934,1.8516448606400047,169.27215472869747,-0.0322265625,0.03173828125,1.00537109375,0.244140625,-0.67138671875,-0.1220703125,0.0,0.0,0.0,-0.017587073147296906,0.014486298896372318,0.9953867793083191,-0.09319866448640823
18.079207181930542,-1.877344728052647,1.8162160290849136,169.2750370685272,-0.03125,0.03271484375,1.00732421875,0.0,-0.91552734375,-0.18310546875,0.0,0.0,0.0,-0.017308156937360764,0.014827470295131207,0.9953890442848206,-0.0931735709309578
18.094908475875854,-1.8779500535678393,1.6957000092226833,169.27746861587173,-0.0302734375,0.03271484375,1.00341796875,-0.3662109375,-0.732421875,-0.1220703125,0.0,0.0,0.0,-0.016261523589491844,0.014931599609553814,0.9954053163528442,-0.09317103773355484
18.119163274765015,-1.811281003966168,1.7727214911719784,169.2828508049377,-0.03173828125,0.0322265625,1.0048828125,-0.1220703125,-0.30517578125,0.06103515625,0.0,0.0,0.0,-0.01687566563487053,0.01429031789302826,0.9954091310501099,-0.09312225878238678
18.139744997024536,-1.7172258840005075,1.8272169025168656,169.28873842800226,-0.0322265625,0.0302734375,1.00439453125,0.18310546875,-0.3662109375,-0.1220703125,0.0,0.0,0.0,-0.017271898686885834,0.013429670594632626,0.9954184889793396,-0.09307708591222763
18.156052350997925,-1.7002622554231344,1.8589452656456904,169.29324635285445,-0.03271484375,0.0302734375,1.005859375,-0.06103515625,-1.03759765625,-0.244140625,0.0,0.0,0.0,-0.01753319799900055,0.013257098384201527,0.9954201579093933,-0.09303600341081619
18.17921805381775,-1.798623382773665,1.7959950406036795,169.2925086924241,-0.03173828125,0.03173828125,1.00439453125,-0.30517578125,-0.8544921875,-0.30517578125,0.0,0.0,0.0,-0.017066344618797302,0.014162792824208736,0.9954156279563904,-0.0930367261171341
18.199419736862183,-1.8333115656906325,1.8081331405324383,169.29487193787693,-0.03173828125,0.0322265625,1.00341796875,0.0,-0.30517578125,-0.1220703125,0.0,0.0,0.0,-0.017199642956256866,0.014454561285674572,0.99541175365448,-0.09300921857357025
18.219241857528687,-1.8462093107211437,1.7756760815965378,169.29789088149008,-0.03125,0.03271484375,1.00341796875,-0.18310546875,-0.244140625,0.0,0.0,0.0,0.0,-0.016927799209952354,0.014593534171581268,0.9954165816307068,-0.09298602491617203
18.239267110824585,-1.7462384998823117,1.722533047707313,169.30375118379794,-0.0302734375,0.0302734375,1.00732421875,-0.06103515625,-0.79345703125,-0.06103515625,0.0,0.0,0.0,-0.016384342685341835,0.01376929972320795,0.9954401254653931,-0.09295748174190521
18.259165287017822,-1.724936527243217,1.860187292857575,169.30746680670643,-0.03271484375,0.0302734375,1.0048828125,0.0,-0.732421875,-0.18310546875,0.0,0.0,0.0,-0.017562346532940865,0.013472601771354675,0.9954286813735962,-0.09290848672389984
18.27923083305359,-1.782419612741456,1.8057848361184234,169.30739850481473,-0.03173828125,0.03125,1.00390625,-0.1220703125,-0.54931640625,-0.06103515625,0.0,0.0,0.0,-0.017136402428150177,0.01401627529412508,0.9954285621643066,-0.09290829300880432
18.300288438796997,-1.824272237210944,1.7845748575897122,169.30894212756715,-0.03173828125,0.0322265625,1.00634765625,-0.244140625,-0.6103515625,-0.244140625,0.0,0.0,0.0,-0.016985904425382614,0.014397352933883667,0.9954271912574768,-0.09289180487394333
18.31928062438965,-1.745162638366329,1.7243382453606062,169.31588159976388,-0.0302734375,0.03076171875,1.00537109375,-0.244140625,-0.67138671875,0.06103515625,0.0,0.0,0.0,-0.016397695988416672,0.01376021932810545,0.9954497814178467,-0.09285206347703934
18.340227365493774,-1.7818378727232413,1.7828942041670661,169.3184497508918,-0.03125,0.03125,1.00439453125,0.18310546875,-0.42724609375,-0.1220703125,0.0,0.0,0.0,-0.016935743391513824,0.014031508937478065,0.9954403638839722,-0.09281584620475769
18.35977292060852,-1.8179150386409544,1.8675019985718355,169.3200480151576,-0.0322265625,0.03125,1.0068359375,0.18310546875,-0.732421875,-0.244140625,0.0,0.0,0.0,-0.017699697986245155,0.014276261441409588,0.995426595211029,-0.09278383105993271
18.381152629852295,-1.7660347359745359,1.771376370792309,169.3253755627102,-0.03125,0.03125,1.0068359375,-0.42724609375,-0.91552734375,-0.3662109375,0.0,0.0,0.0,-0.016822053119540215,0.013904623687267303,0.9954493045806885,-0.09275971353054047
18.39555048942566,-1.8071177902236337,1.8300828072039206,169.3264274118424,-0.0322265625,0.0322265625,1.005859375,-0.48828125,-0.54931640625,-0.06103515625,0.0,0.0,0.0,-0.01736512780189514,0.01421389915049076,0.9954379200935364,-0.09273573756217957
18.419270992279053,-1.7691156848987406,1.7949773424173476,169.33226039339357,-0.03173828125,0.03125,1.0068359375,-0.1220703125,-0.30517578125,-0.06103515625,0.0,0.0,0.0,-0.017028719186782837,0.013913209550082684,0.9954516291618347,-0.09269591420888901
18.434513092041016,-1.7244161522058268,1.8306486456879738,169.33779284662128,-0.0322265625,0.0302734375,1.0048828125,-0.06103515625,-0.48828125,-0.18310546875,0.0,0.0,0.0,-0.01730177365243435,0.013496736995875835,0.9954569339752197,-0.09264936298131943
18.4603910446167,-1.7193713104518318,1.7355961046600799,169.34124892234132,-0.03076171875,0.0302734375,1.005859375,-0.06103515625,-0.732421875,-0.18310546875,0.0,0.0,0.0,-0.01647159270942211,0.013530650176107883,0.9954721331596375,-0.09263375401496887
18.47910737991333,-1.8517389891845037,1.8652177271812893,169.3392954882387,-0.03369140625,0.03271484375,1.0048828125,0.06103515625,-0.79345703125,-0.18310546875,0.0,0.0,0.0,-0.01770479418337345,0.014574914239346981,0.9954382181167603,-0.09261170774698257
18.499361276626587,-1.749318061424341,1.9477014394758905,169.34515579054656,-0.03369140625,0.0302734375,1.00244140625,-0.18310546875,-0.48828125,-0.18310546875,0.0,0.0,0.0,-0.018337810412049294,0.013619097881019115,0.995444655418396,-0.09256461262702942
18.519230365753174,-1.7260194323917815,1.8061720224669984,169.34907631913015,-0.03173828125,0.0302734375,1.00439453125,-0.42724609375,-0.67138671875,-0.1220703125,0.0,0.0,0.0,-0.01708911545574665,0.013532238081097603,0.9954690337181091,-0.09255462139844894
